20879
0 0 5 0
0 1 5 1
0 2 2 3
0 4 0 9
0 10 0 15
0 16 0 21
0 22 0 27
0 28 0 33
0 34 0 39
0 40 0 45
0 46 0 51
0 52 0 57
0 58 0 63
0 64 0 69
0 70 0 75
0 76 0 81
0 82 0 87
0 88 0 93
0 94 0 99
0 100 0 105
0 106 0 111
0 112 0 117
0 118 0 123
0 124 0 129
0 130 0 135
0 136 0 141
0 142 1 144
0 145 2 146
0 147 0 152
0 153 0 158
0 159 0 164
0 165 0 170
0 171 0 176
0 177 0 182
0 183 0 188
0 189 2 190
0 191 2 192
0 193 5 193
0 194 1 196
0 197 0 202
0 203 0 208
0 209 0 214
0 215 0 220
0 221 0 226
0 227 0 232
0 233 2 234
0 235 2 236
0 237 1 239
0 240 0 245
0 246 1 248
0 249 1 251
0 252 0 257
0 258 0 263
0 264 1 266
0 267 0 272
0 273 0 278
0 279 0 284
0 285 1 287
0 288 5 288
0 289 5 289
0 290 5 290
0 291 1 293
0 294 0 299
0 300 0 305
0 306 0 311
0 312 0 315
0 318 2 319
0 320 0 325
0 326 1 328
0 329 2 330
0 331 1 333
0 334 5 334
0 335 5 335
1 5 2 7
1 8 2 10
1 11 2 13
1 14 1 19
1 20 1 25
1 26 2 28
1 29 1 34
1 35 1 40
1 41 2 43
1 44 2 46
1 47 1 52
1 53 1 58
1 59 1 64
1 65 1 70
1 71 1 76
1 77 1 82
1 83 1 88
1 89 1 94
1 95 1 100
1 101 1 106
1 107 1 111
1 113 1 118
1 119 1 124
1 125 2 127
1 128 1 133
1 134 1 139
1 140 3 141
1 147 1 152
1 153 1 158
1 159 1 164
1 165 6 165
1 166 3 167
1 168 1 173
1 174 1 179
1 180 3 181
1 182 1 187
1 188 6 188
1 197 1 202
1 203 1 208
1 209 1 214
1 215 2 217
1 218 1 223
1 224 1 229
1 230 2 232
1 240 1 245
1 252 1 257
1 258 2 260
1 261 6 261
1 262 6 262
1 263 6 263
1 267 1 272
1 273 1 278
1 279 1 284
1 294 1 299
1 300 1 305
1 306 1 310
1 312 2 314
1 315 6 315
0 316 2 317
1 320 1 325
2 4 7 4
2 14 2 19
2 20 2 25
2 29 2 34
2 35 2 40
2 47 7 47
2 48 3 50
2 51 2 56
2 57 2 62
2 63 3 65
2 66 2 71
2 72 2 77
2 78 2 83
2 84 3 86
2 88 2 93
2 94 7 94
2 95 3 97
2 98 2 103
2 104 2 109
2 110 7 110
2 111 7 111
1 112 6 112
2 113 4 114
2 115 2 120
2 121 4 122
2 123 4 124
2 128 2 133
2 134 2 139
2 142 4 143
2 147 2 152
2 153 2 158
2 159 2 164
2 168 2 173
2 174 2 179
2 182 4 183
2 184 4 185
2 186 4 187
2 194 2 199
2 200 2 205
2 206 2 211
2 212 3 214
2 218 2 223
2 224 2 229
2 237 2 242
2 243 2 248
2 249 3 251
2 252 2 257
2 264 2 269
2 270 2 275
2 276 2 281
2 282 7 282
2 283 4 284
2 285 3 287
2 291 2 296
2 297 2 302
2 303 2 308
2 309 4 310
1 311 6 311
2 320 3 322
2 323 2 328
2 331 3 333
3 2 5 3
3 5 3 10
3 11 4 13
3 14 3 19
3 20 3 25
3 26 3 31
3 32 3 37
3 38 3 43
3 44 4 46
3 51 3 54
4 57 5 59
3 55 3 60
3 61 8 61
3 66 3 71
3 72 3 77
3 78 4 80
3 81 5 82
3 83 6 83
3 88 4 90
3 91 4 93
3 98 3 103
3 104 3 107
3 115 3 120
3 125 3 130
3 131 3 136
3 137 8 137
3 138 5 139
3 144 3 149
3 150 3 155
3 156 3 161
3 162 4 164
3 168 3 173
3 174 3 179
3 189 4 191
3 192 8 192
3 195 3 199
3 200 3 205
3 206 3 211
3 215 3 220
3 221 3 226
3 227 3 232
3 233 8 233
3 234 8 234
3 235 4 237
3 238 3 243
3 244 4 246
3 247 8 247
3 252 3 257
3 258 4 260
3 264 3 269
3 270 4 272
3 273 3 278
3 279 4 281
3 291 3 296
3 297 5 298
3 299 4 301
3 302 5 303
3 304 4 306
3 307 5 308
3 312 4 314
3 317 8 317
3 318 8 318
3 319 8 319
3 323 4 325
3 326 5 327
3 328 4 330
4 5 4 10
4 14 4 19
4 20 4 25
4 26 4 31
4 32 5 34
4 35 4 40
4 41 5 43
4 48 4 53
4 54 5 56
4 60 9 60
4 62 4 67
4 68 4 73
4 74 5 76
4 77 8 77
4 85 6 86
4 95 4 100
4 101 4 106
4 107 9 107
3 108 5 109
4 115 8 115
4 117 9 117
4 118 6 119
4 120 8 120
4 125 5 127
4 128 4 133
4 134 5 136
4 140 6 141
4 144 4 149
4 150 8 150
4 151 5 153
4 154 5 156
4 157 5 159
4 160 9 160
4 161 8 161
4 166 4 171
4 172 4 177
4 178 5 180
4 195 4 199
4 200 4 205
4 206 4 211
4 212 4 217
4 219 5 221
4 222 4 227
4 228 5 230
4 231 6 232
4 238 4 243
4 248 4 253
4 254 5 256
4 257 9 257
4 264 4 269
4 273 4 278
4 285 5 287
4 291 4 296
4 320 5 322
4 331 5 333
5 5 5 10
5 11 5 16
5 17 5 22
5 23 5 28
5 29 6 30
5 35 5 40
5 44 10 44
5 45 10 45
5 46 10 46
5 48 5 53
5 62 5 67
5 68 5 73
5 78 6 80
5 87 5 92
5 93 10 93
5 95 5 100
5 101 5 106
5 121 6 123
5 124 10 124
5 128 5 133
5 143 10 143
5 144 5 149
5 162 8 162
5 163 7 164
5 167 5 172
5 173 6 175
5 176 7 177
5 182 10 182
5 183 7 184
5 185 10 185
5 186 7 187
5 189 6 191
3 194 8 194
5 195 10 195
5 196 7 197
5 198 5 203
5 204 5 209
5 210 5 215
5 216 6 218
5 222 5 227
5 235 5 240
5 241 5 246
5 248 5 253
5 258 6 260
5 264 5 269
5 270 5 275
5 276 5 281
5 283 7 284
5 291 5 296
5 299 6 301
5 304 6 306
5 309 10 309
5 310 10 310
5 312 6 314
5 323 7 324
5 325 10 325
5 328 6 330
6 0 7 2
6 3 11 3
6 5 8 6
6 7 7 9
6 11 7 13
6 14 8 15
6 16 6 21
6 22 6 27
6 28 9 28
6 32 7 34
6 35 8 36
6 37 11 37
6 38 6 43
6 49 8 50
6 51 7 53
6 54 6 59
6 62 6 67
6 68 7 70
6 71 6 76
6 81 11 81
6 87 6 92
6 95 6 100
6 101 6 106
6 108 8 109
6 113 11 113
6 125 6 130
6 133 6 136
6 138 11 138
6 139 11 139
6 144 6 149
6 151 11 151
6 152 11 152
6 153 7 155
6 156 11 156
6 157 7 159
6 166 6 171
6 172 11 172
6 178 7 180
6 181 11 181
6 193 11 193
6 198 6 203
6 204 6 209
6 210 6 215
6 219 7 221
6 222 6 227
6 228 7 230
6 235 6 240
6 241 6 246
6 248 6 253
6 254 7 256
6 264 11 264
6 265 6 270
6 271 6 276
6 277 8 278
6 280 8 281
6 285 6 290
6 291 7 293
6 294 7 296
6 297 8 298
6 302 8 303
6 307 8 308
6 320 11 320
6 321 8 322
6 326 8 327
6 331 11 331
6 333 8 334
6 335 11 335
7 10 12 10
7 16 9 17
7 19 12 19
7 20 8 22
7 23 8 25
7 26 9 27
7 29 9 30
5 31 10 31
7 38 7 43
7 54 8 56
7 57 8 59
7 62 9 63
7 65 8 67
7 71 7 76
7 78 8 80
7 82 8 84
7 85 7 89
7 90 8 92
7 95 8 97
7 98 7 103
7 104 8 106
7 112 12 112
7 116 12 116
7 118 9 119
7 121 8 123
7 125 12 125
7 126 8 128
7 129 8 130
6 131 8 132
7 134 8 136
7 140 9 141
7 142 12 142
7 144 7 149
7 165 8 167
7 168 12 168
7 169 9 170
7 171 12 171
7 173 12 173
7 174 9 175
7 188 9 189
7 190 9 191
7 198 7 203
7 204 7 209
7 210 7 215
7 216 8 218
7 222 7 227
7 231 12 231
7 232 12 232
7 235 7 240
7 241 7 246
7 248 7 253
7 258 7 263
7 265 7 270
7 271 9 272
7 275 12 275
7 276 12 276
7 285 7 290
7 299 8 301
7 304 8 306
7 311 7 316
7 328 8 330
8 0 13 0
8 2 13 2
8 4 11 4
8 7 9 9
8 11 9 13
8 18 13 18
8 32 9 34
8 38 8 43
8 47 12 47
8 48 13 48
8 51 9 53
8 69 8 73
8 74 9 76
8 85 9 87
8 88 13 88
8 89 13 89
8 94 13 94
8 98 9 100
8 101 9 103
8 110 10 111
8 133 13 133
8 144 9 145
8 147 10 148
8 149 13 149
8 153 10 154
8 155 13 155
8 157 9 159
8 164 13 164
8 176 9 178
8 179 10 180
8 184 13 184
8 186 10 187
8 196 8 201
8 202 8 207
8 208 10 209
8 210 8 215
8 219 8 224
8 225 8 230
8 235 9 237
8 238 8 243
8 244 9 246
8 248 8 253
8 254 9 256
8 258 8 263
8 265 8 270
8 273 13 273
8 274 13 274
8 282 8 287
8 288 8 293
8 294 10 295
8 296 13 296
8 311 8 316
8 323 10 324
8 332 13 332
9 5 11 6
9 14 11 15
9 20 11 21
9 22 10 24
9 25 14 25
9 35 11 36
9 38 10 40
9 41 10 43
9 49 11 50
9 54 9 59
9 61 14 61
9 64 14 64
9 65 11 66
8 68 13 68
9 69 14 69
9 70 10 72
9 73 14 73
9 78 10 80
9 82 11 83
9 90 14 90
9 92 14 92
9 95 14 95
9 96 11 97
9 104 11 105
9 106 14 106
9 108 11 109
9 114 11 115
9 120 10 122
9 123 14 123
9 126 9 131
9 132 14 132
9 134 10 136
9 137 14 137
9 161 10 163
9 165 10 167
9 192 14 192
9 194 14 194
9 196 9 201
9 202 9 207
9 210 9 215
9 216 9 221
9 222 10 224
9 225 14 225
9 226 11 227
9 228 10 230
9 233 11 234
9 238 14 238
9 239 10 241
9 242 11 243
9 247 9 251
9 252 11 253
9 258 9 263
9 265 9 270
9 277 9 282
9 283 9 288
9 289 10 291
9 292 11 293
9 297 10 299
9 300 9 305
9 306 11 307
9 308 14 308
9 311 9 316
9 317 10 319
9 321 11 322
9 326 10 328
9 329 11 330
9 333 14 333
9 334 14 334
10 7 11 9
10 11 11 13
10 16 12 17
10 26 15 26
10 27 11 29
10 30 15 30
10 32 11 34
10 51 10 56
10 57 11 59
10 60 15 60
10 62 12 63
10 74 11 76
9 77 13 77
10 84 11 86
10 87 15 87
10 98 10 103
10 107 15 107
10 117 12 118
10 119 15 119
11 120 12 122
10 126 10 131
10 140 12 141
10 144 15 144
8 146 12 146
9 150 14 150
10 157 12 158
10 159 12 160
10 169 12 170
10 174 12 175
10 176 11 178
10 188 15 188
10 190 12 191
10 196 11 198
10 199 10 204
10 205 11 207
10 210 10 215
10 216 11 218
10 219 11 221
10 235 11 237
10 244 10 249
10 250 12 251
10 255 10 260
10 261 11 263
10 265 10 270
10 271 12 272
10 277 12 278
10 279 11 281
10 282 10 287
10 288 15 288
10 300 11 302
10 303 12 304
10 311 10 316
11 1 16 1
11 22 16 22
11 24 16 24
11 31 16 31
11 38 11 43
11 44 12 46
11 51 11 56
11 67 16 67
11 70 12 72
11 78 12 80
11 93 16 93
11 98 13 99
11 100 12 101
11 102 13 103
11 111 16 111
11 124 16 124
11 126 12 128
11 129 12 131
11 134 12 136
11 143 16 143
11 147 12 148
11 153 13 154
11 161 16 161
11 162 16 162
11 163 16 163
11 165 12 167
11 179 12 180
11 182 13 183
11 185 12 187
11 199 11 204
11 208 12 210
11 211 13 212
11 213 12 215
11 222 13 223
11 224 16 224
11 228 12 230
11 239 12 241
11 244 16 244
11 245 12 247
11 248 13 249
11 254 11 259
11 260 16 260
11 265 11 270
11 282 11 287
11 289 12 291
11 294 13 295
11 297 12 299
11 305 16 305
11 309 11 314
11 315 12 317
11 318 13 319
11 323 11 328
12 3 13 5
12 6 13 8
12 9 17 9
12 11 13 13
12 14 14 15
12 20 14 21
12 27 13 29
12 32 12 37
12 38 12 43
12 49 12 54
12 55 13 57
12 59 16 59
12 65 14 66
12 74 14 75
12 81 13 83
12 84 13 86
12 96 17 96
12 97 17 97
12 104 14 105
12 108 13 110
12 113 13 115
12 138 13 139
12 151 14 152
12 156 17 156
12 172 17 172
12 176 13 178
12 189 17 189
12 193 17 193
12 195 12 200
12 201 12 206
12 207 17 207
12 216 13 218
12 219 13 221
12 226 14 227
12 233 13 235
12 236 14 237
12 242 14 243
12 252 12 257
12 258 14 259
12 261 17 261
12 262 14 263
12 264 14 265
12 266 13 268
12 269 14 270
12 279 12 284
12 285 13 287
12 292 14 293
12 300 13 302
12 307 16 307
12 309 14 310
12 311 13 313
12 314 17 314
12 320 12 325
12 326 12 331
12 335 17 335
13 10 17 10
13 16 15 17
13 32 13 37
13 38 14 40
13 41 15 42
14 43 15 44
13 43 13 47
13 49 14 51
13 52 14 54
13 62 15 63
13 70 14 72
13 78 14 80
13 100 18 100
13 101 18 101
13 112 18 112
13 116 14 118
13 120 14 122
13 125 13 130
13 131 18 131
13 134 15 135
13 136 18 136
13 142 18 142
13 145 13 148
13 157 14 159
13 160 18 160
13 165 13 170
13 171 18 171
13 173 14 175
13 179 14 181
13 185 18 185
13 186 15 187
13 190 15 191
13 195 13 200
13 201 13 206
13 209 15 210
13 213 14 215
13 228 14 230
13 231 15 232
13 239 14 241
13 245 14 247
13 250 13 255
13 256 15 257
13 271 15 272
13 275 13 280
13 281 14 283
13 284 18 284
13 289 14 291
13 297 18 297
13 299 18 299
13 303 15 304
13 315 14 317
13 320 13 325
13 326 13 331
14 0 19 0
14 2 19 2
14 3 14 8
14 11 15 13
14 18 16 19
14 23 19 23
14 27 15 29
14 32 14 37
14 45 19 45
14 46 15 48
14 55 15 57
14 58 19 58
14 68 19 68
14 76 16 77
14 81 14 86
14 88 16 89
14 91 19 91
14 94 19 94
14 98 16 99
14 102 16 103
14 108 15 110
14 113 15 115
14 125 14 130
14 133 19 133
15 140 19 140
14 138 14 141
14 145 19 145
14 146 15 148
14 149 19 149
14 153 16 154
14 155 19 155
14 164 14 169
14 170 19 170
14 176 15 178
14 182 15 184
14 195 14 200
14 201 14 206
14 211 16 212
14 216 14 221
14 222 16 223
14 233 15 235
14 248 14 253
14 254 16 255
14 266 16 267
14 268 19 268
14 273 14 278
14 279 16 280
14 285 15 287
14 294 15 296
14 300 15 302
14 311 15 313
14 318 14 323
14 324 14 329
14 330 15 332
15 3 15 8
15 14 17 15
15 20 16 21
15 25 20 25
15 32 15 37
15 38 17 39
15 40 20 40
15 49 15 54
15 61 20 61
15 64 16 66
15 69 15 74
15 75 20 75
15 78 15 83
15 84 16 86
15 92 20 92
15 95 20 95
15 105 17 106
15 116 16 118
15 122 17 123
15 125 15 130
15 132 19 132
15 137 16 139
15 150 16 152
15 157 16 159
15 164 15 169
15 173 16 175
15 179 20 179
15 192 20 192
15 194 15 199
15 200 17 201
15 202 20 202
15 203 20 203
15 204 20 204
15 205 17 206
15 213 15 218
15 219 16 221
15 225 15 230
15 236 15 241
15 242 17 243
15 245 15 250
15 251 16 253
15 258 17 259
15 262 17 263
15 264 17 265
15 269 17 270
15 273 15 278
15 281 16 283
15 289 16 291
15 292 17 293
15 298 20 298
15 308 16 310
15 315 15 320
15 321 15 326
15 327 17 328
15 329 20 329
15 333 17 334
16 3 16 8
16 11 17 13
16 16 18 17
16 26 18 27
16 28 21 28
16 29 18 30
16 32 16 37
16 41 18 42
16 43 18 44
16 46 16 51
16 52 17 54
16 55 17 57
16 60 21 60
16 63 21 63
16 69 16 74
16 78 18 79
16 80 17 82
16 87 21 87
16 107 17 109
16 110 21 110
16 113 17 115
16 119 17 121
16 125 16 130
16 134 21 134
16 135 21 135
16 141 21 141
16 144 19 144
16 147 18 148
16 164 16 169
16 176 17 178
16 180 21 180
16 181 17 183
16 184 21 184
16 186 17 188
16 190 18 191
16 194 16 199
16 208 18 209
16 210 21 210
16 213 16 218
16 225 16 230
16 231 16 236
16 237 17 238
16 239 17 241
16 245 21 245
16 246 17 248
16 249 18 250
16 256 18 257
16 271 16 275
16 276 17 278
16 285 17 287
16 288 21 288
16 294 17 296
16 300 18 301
16 302 17 304
16 311 17 313
16 315 17 317
16 319 16 324
16 325 18 326
16 330 17 332
17 1 22 1
17 3 19 4
17 5 19 6
17 7 19 8
17 18 19 19
17 20 18 22
17 24 21 24
17 31 17 36
17 46 18 48
17 49 19 50
17 51 22 51
17 64 18 66
17 67 21 67
17 69 18 71
17 72 19 73
17 74 22 74
17 76 19 77
17 83 18 85
17 86 22 86
17 88 19 89
17 90 22 90
17 93 20 93
17 98 19 99
17 103 22 103
17 111 22 111
17 116 18 118
17 124 17 129
17 130 22 130
17 137 18 139
17 143 22 143
17 150 18 152
17 153 19 154
17 157 18 159
17 161 18 163
17 164 17 169
17 173 18 175
17 194 22 194
17 195 22 195
17 196 18 198
17 199 22 199
17 211 18 213
17 214 18 216
17 217 17 222
17 223 19 224
17 225 17 230
17 231 17 236
17 244 22 244
17 251 18 253
17 254 19 255
17 260 22 260
17 266 19 267
17 271 18 273
17 274 19 275
17 279 18 281
17 282 19 283
17 289 18 291
17 305 22 305
17 306 18 308
17 309 22 309
17 310 22 310
17 318 19 319
17 320 18 322
17 323 19 324
18 9 19 11
18 12 19 14
18 15 23 15
18 31 18 36
18 37 19 39
18 52 20 53
18 54 19 56
18 57 23 57
17 59 22 59
18 62 23 62
18 80 19 82
18 96 20 97
18 102 23 102
18 104 18 107
18 113 19 115
18 119 19 121
18 125 23 125
18 126 19 128
18 129 23 129
18 156 23 156
18 164 19 166
18 167 19 169
18 176 19 178
18 181 20 182
18 183 23 183
19 186 23 186
18 186 18 189
18 193 23 193
18 200 20 201
18 205 19 207
18 217 18 222
18 225 18 230
18 231 18 236
18 237 18 242
18 246 19 248
18 258 20 259
18 261 19 263
18 264 20 265
18 269 20 270
18 276 19 278
18 285 19 287
18 292 19 294
18 295 20 296
18 302 19 304
18 311 18 316
18 317 23 317
18 327 20 328
18 330 18 335
19 16 24 16
19 17 24 17
19 20 20 22
19 26 21 27
19 29 19 34
19 35 21 36
19 41 20 43
19 44 24 44
19 46 20 48
19 64 23 64
19 65 21 66
19 69 20 71
19 78 21 79
19 83 20 85
19 100 24 100
19 101 24 101
19 104 21 105
19 106 21 107
18 108 20 109
19 116 20 118
19 122 20 124
19 131 24 131
19 136 20 138
19 139 24 139
19 142 24 142
19 146 20 148
19 150 20 152
19 157 19 162
19 163 24 163
19 171 24 171
19 172 20 174
19 175 24 175
19 185 23 185
19 187 24 187
19 188 21 189
19 190 21 191
19 196 20 198
19 208 21 209
19 211 19 216
19 217 20 219
19 222 24 222
19 225 19 230
19 231 19 236
19 237 19 240
19 241 20 243
19 249 24 249
19 250 24 250
19 251 20 253
19 256 21 257
19 271 20 273
19 279 20 281
19 284 22 284
19 289 20 291
19 297 23 297
19 299 20 301
19 306 20 308
19 311 19 316
19 320 20 322
19 325 21 326
19 330 20 332
19 333 20 335
20 0 25 0
20 2 20 7
20 8 20 13
20 14 25 14
20 18 22 19
20 23 25 23
20 29 20 34
20 37 21 39
20 49 22 50
20 54 21 56
20 58 25 58
20 68 25 68
20 72 22 73
20 76 25 76
20 77 25 77
20 80 21 82
20 88 22 89
20 91 24 91
20 94 25 94
20 98 22 99
20 112 22 113
20 114 22 115
20 119 25 119
20 120 25 120
20 121 25 121
20 126 21 128
20 132 22 133
20 140 25 140
20 144 22 145
20 149 25 149
20 153 21 155
20 157 21 159
20 160 21 162
20 164 21 166
20 167 21 169
20 170 25 170
20 176 21 178
20 205 22 206
20 207 25 207
20 211 20 216
20 220 25 220
20 224 22 225
20 226 21 228
20 229 20 234
20 235 20 240
20 246 21 248
20 254 25 254
20 255 25 255
20 261 21 263
20 266 21 268
20 274 21 276
20 277 21 278
20 282 22 283
20 285 21 287
20 292 21 294
20 302 21 304
20 311 21 313
20 314 21 316
20 318 22 319
20 323 22 324
21 2 21 7
21 8 21 13
21 20 22 22
21 25 26 25
21 29 22 31
21 32 23 33
21 34 26 34
21 40 22 42
21 43 26 43
21 45 22 47
21 48 26 48
21 52 23 53
21 61 26 61
21 69 22 71
21 75 24 75
21 83 22 85
21 92 23 93
21 95 22 97
22 104 26 104
21 108 23 109
21 116 23 117
21 122 26 122
21 124 26 124
21 136 22 138
21 146 23 147
21 150 22 152
21 172 23 173
21 179 26 179
21 181 23 182
21 192 26 192
21 196 23 197
21 198 26 198
21 200 22 202
21 203 23 204
21 211 21 216
21 217 23 218
21 223 26 223
21 229 21 234
21 235 21 240
21 241 22 243
21 251 22 253
21 258 23 259
21 264 22 265
21 269 23 270
21 271 22 273
21 279 26 279
21 281 26 281
21 289 22 291
21 295 23 296
21 298 22 300
21 306 22 308
21 320 22 322
21 327 21 332
21 333 23 334
21 335 26 335
22 2 22 7
22 8 22 13
22 26 23 28
22 35 23 37
22 38 24 39
22 54 23 56
22 60 27 60
22 63 27 63
22 65 27 65
22 66 24 67
22 78 23 80
22 82 26 82
22 87 27 87
22 106 27 106
22 128 27 128
22 134 24 135
22 141 27 141
22 153 23 155
22 157 22 162
22 164 22 169
22 174 27 174
22 176 23 178
22 180 27 180
22 184 27 184
22 188 23 190
22 208 22 213
22 214 23 216
22 219 27 219
22 226 22 231
22 232 22 237
22 238 23 240
22 245 23 247
22 248 27 248
22 256 24 257
22 261 23 263
22 266 26 266
22 267 24 268
22 274 23 276
22 280 27 280
22 285 23 287
22 292 23 294
22 301 23 303
22 304 27 304
22 311 22 316
22 325 22 330
22 331 24 332
23 1 23 6
23 7 23 12
23 13 28 13
23 18 24 20
23 21 25 22
22 24 27 24
23 30 28 30
23 41 28 41
23 42 28 42
23 45 25 46
23 47 27 47
23 49 28 49
23 50 25 51
23 59 28 59
23 69 23 74
23 83 24 85
23 86 27 86
23 88 25 89
23 90 28 90
23 95 24 97
23 98 25 99
23 103 28 103
23 105 28 105
23 107 28 107
23 111 24 113
23 114 25 115
23 123 28 123
23 130 28 130
23 132 28 132
23 136 24 138
23 143 24 145
23 148 28 148
23 150 24 152
23 157 23 161
23 164 23 169
23 194 25 195
23 199 28 199
23 200 25 201
23 205 25 206
23 208 23 213
23 224 28 224
23 225 28 225
23 226 23 231
23 232 23 237
23 241 25 242
23 243 25 244
23 251 24 253
23 260 28 260
23 271 24 273
25 277 30 277
22 277 24 278
23 282 25 283
23 288 24 289
23 290 25 291
23 298 26 298
23 305 23 310
23 311 23 316
23 318 25 319
23 320 23 324
23 326 24 328
23 329 25 330
24 1 24 6
24 7 24 12
24 15 29 15
24 26 25 28
24 29 29 29
24 32 26 33
24 35 29 35
24 36 29 36
24 37 29 37
24 40 29 40
24 52 24 57
24 62 27 62
24 69 24 74
24 78 25 80
24 81 29 81
24 92 26 93
24 102 29 102
24 108 26 109
24 116 26 117
24 125 25 127
24 129 29 129
24 133 29 133
24 146 26 147
24 153 24 158
24 159 25 161
23 162 28 162
24 164 24 169
24 172 26 173
24 176 29 176
24 178 27 178
24 181 26 182
24 183 29 183
24 185 26 186
24 188 25 190
24 191 29 191
24 193 29 193
24 196 26 197
24 202 29 202
24 203 26 204
24 208 24 213
24 214 25 216
24 217 26 218
24 221 29 221
24 226 24 231
24 232 24 237
24 238 25 240
24 245 25 247
24 258 26 259
24 261 25 263
26 264 29 264
23 264 25 265
24 269 26 270
24 274 25 276
24 285 25 287
24 292 25 294
24 295 25 297
24 299 24 303
24 305 25 307
24 308 24 313
24 314 25 316
24 317 29 317
24 320 29 320
24 323 26 324
23 325 28 325
24 333 26 334
25 1 25 6
25 7 25 12
25 16 26 17
25 18 26 20
25 38 27 39
25 44 30 44
25 52 25 57
24 64 29 64
25 66 27 67
25 69 25 74
25 83 26 85
25 95 26 97
25 100 27 101
25 110 26 112
25 113 30 113
25 131 30 131
25 134 25 139
25 142 27 143
25 144 27 145
25 150 25 155
25 156 26 158
25 163 25 168
25 169 30 169
25 171 30 171
25 175 30 175
25 187 30 187
25 208 25 213
25 226 26 228
25 229 27 230
25 231 25 236
25 237 30 237
25 249 26 251
25 252 27 253
25 256 27 257
25 267 26 268
25 271 26 273
23 284 28 284
25 288 27 289
25 300 26 302
25 308 25 313
25 326 27 327
25 328 30 328
25 331 27 332
26 0 26 5
26 6 26 11
26 12 30 12
26 14 31 14
26 21 28 22
26 23 31 23
26 26 27 28
26 45 27 46
26 50 26 55
26 56 27 58
26 68 26 73
26 74 31 74
26 76 27 78
26 79 28 80
26 88 28 89
25 91 30 91
26 94 31 94
26 98 28 99
26 115 31 115
26 118 27 120
26 121 31 121
26 125 27 127
26 134 27 136
26 137 27 139
26 140 31 140
26 149 27 151
26 152 27 154
26 155 31 155
26 159 28 160
26 161 29 161
26 163 26 168
26 170 31 170
26 188 27 190
26 194 28 195
26 201 31 201
26 205 26 210
26 211 26 216
26 222 31 222
26 231 26 236
26 238 26 243
26 244 27 246
26 254 28 255
26 261 27 263
26 265 31 265
26 274 27 276
26 282 28 283
26 285 27 287
26 290 27 292
26 293 31 293
26 294 27 296
26 303 31 303
26 305 26 310
26 311 26 316
26 318 28 319
26 330 31 330
27 0 27 5
27 6 27 11
27 16 29 17
27 18 32 18
27 20 32 20
27 25 32 25
27 31 28 33
27 43 31 43
27 48 32 48
27 50 27 55
27 61 32 61
27 68 29 69
27 70 28 72
27 73 32 73
25 75 30 75
27 83 28 85
27 92 29 93
27 95 28 97
27 104 32 104
27 108 27 112
27 114 32 114
27 116 32 116
27 122 32 122
27 124 32 124
27 146 29 147
27 156 28 158
27 163 27 168
27 172 29 173
27 179 32 179
27 181 29 182
27 185 29 186
27 192 32 192
27 196 29 197
27 198 32 198
27 200 32 200
27 203 28 205
27 206 27 211
27 212 28 214
27 215 32 215
27 216 29 217
27 218 32 218
27 223 32 223
27 226 28 228
27 231 32 231
27 232 28 234
27 235 29 236
27 238 27 243
27 249 28 251
27 258 29 259
27 270 29 271
27 272 32 272
27 273 32 273
27 278 32 278
27 281 30 281
27 297 32 297
27 298 29 299
27 300 28 302
27 305 29 306
27 307 28 309
27 310 32 310
27 311 27 316
27 321 32 321
27 322 28 324
27 329 32 329
27 333 28 335
28 0 29 2
28 3 28 8
28 9 29 11
28 26 29 28
28 38 29 39
28 50 28 55
28 56 29 58
28 60 33 60
28 62 30 63
28 65 29 67
28 77 30 78
27 82 32 82
28 86 30 87
28 100 29 101
28 106 33 106
28 108 30 109
28 110 33 110
28 111 30 112
28 117 29 119
28 120 33 120
28 125 30 126
28 127 30 128
28 134 28 139
28 141 29 143
28 144 30 145
28 149 28 154
28 163 28 168
28 177 30 178
28 180 33 180
28 184 32 184
28 188 33 188
28 189 30 190
28 206 28 211
28 219 30 220
28 229 30 230
28 238 28 243
28 244 29 246
28 248 33 248
28 252 30 253
28 256 30 257
28 261 29 262
27 266 28 268
28 274 29 276
28 279 30 280
28 285 28 288
28 291 30 292
28 294 29 296
28 304 33 304
28 311 28 316
28 326 30 327
28 331 30 332
29 3 29 8
29 13 34 13
29 22 34 22
29 30 29 34
29 41 31 42
28 45 29 47
29 50 29 55
29 59 34 59
29 70 30 72
29 79 31 80
29 83 30 85
29 88 30 90
29 95 34 95
29 96 34 96
29 97 30 99
29 103 32 103
29 105 34 105
29 107 33 107
29 123 34 123
29 130 34 130
29 132 34 132
29 134 29 139
29 148 29 153
29 154 33 154
29 156 30 158
29 159 34 159
29 162 29 167
29 168 34 168
29 174 34 174
29 194 31 195
29 199 34 199
29 203 29 208
29 209 30 211
29 212 30 214
29 224 30 226
29 227 30 228
29 232 30 234
29 238 29 243
29 247 34 247
29 249 31 250
29 251 34 251
29 254 31 255
29 260 34 260
29 266 30 268
27 269 32 269
30 271 34 271
29 282 29 287
29 288 34 288
28 289 30 290
29 300 30 302
29 307 31 308
29 311 29 316
29 318 31 319
29 322 30 324
29 333 30 335
30 0 30 5
30 6 30 11
30 15 31 17
30 21 35 21
30 26 30 31
30 32 30 37
30 38 31 40
30 45 31 47
30 49 30 54
30 55 31 57
30 58 35 58
30 64 30 69
30 76 35 76
30 81 35 81
30 92 32 93
30 100 31 102
30 117 32 118
30 119 34 119
30 129 35 129
30 133 30 138
30 139 35 139
30 141 31 143
30 146 30 151
30 152 32 153
30 160 31 162
30 163 32 164
30 165 31 167
30 172 32 173
30 176 34 176
30 181 31 183
30 185 32 186
30 191 35 191
30 193 35 193
30 197 35 197
30 202 30 206
30 207 32 208
30 216 35 216
30 221 35 221
30 235 32 236
30 238 30 243
30 244 32 245
30 258 32 259
30 261 31 262
30 264 35 264
30 274 31 276
30 283 32 284
30 285 32 286
30 287 35 287
30 294 32 295
30 296 35 296
30 298 32 299
30 305 32 306
30 309 35 309
30 311 30 316
30 317 35 317
30 320 35 320
30 325 35 325
31 0 31 5
31 6 31 10
31 19 36 19
31 24 36 24
31 26 31 31
31 32 31 37
31 44 36 44
31 49 32 51
31 52 32 54
31 62 32 64
31 65 36 65
31 66 36 66
31 67 36 67
31 68 33 69
31 70 32 72
31 75 35 75
31 77 36 77
31 78 36 78
31 83 31 88
31 89 32 91
31 97 32 99
31 108 33 109
31 111 32 113
31 125 32 127
31 128 36 128
31 131 36 131
31 133 32 135
31 136 32 138
31 144 31 149
31 150 33 151
31 156 33 157
31 158 36 158
31 169 36 169
31 171 36 171
31 175 36 175
31 187 36 187
31 189 33 190
31 202 33 203
31 204 32 206
31 209 31 214
31 217 36 217
31 219 33 220
31 224 32 226
31 227 32 229
31 230 36 230
31 232 32 234
31 237 31 242
31 243 36 243
31 252 33 253
31 256 36 256
31 257 36 257
31 266 32 268
31 270 36 270
31 277 36 277
31 279 33 280
31 281 33 282
31 289 32 291
31 292 36 292
31 301 33 302
31 311 31 316
31 322 32 324
31 326 32 328
31 331 33 332
31 333 32 335
32 0 32 3
32 7 32 10
34 12 38 12
32 14 33 16
32 17 37 17
32 23 37 23
32 26 34 27
32 29 32 34
32 35 33 37
32 38 37 38
32 39 37 39
32 41 37 41
32 42 34 43
32 45 33 47
32 55 33 57
32 74 36 74
32 79 34 80
32 83 32 88
32 94 37 94
32 100 34 101
32 115 37 115
32 121 37 121
32 140 33 142
32 143 32 148
32 149 35 149
32 155 37 155
32 160 34 161
32 162 37 162
32 165 37 165
32 166 34 167
32 170 37 170
32 182 37 182
32 194 33 196
32 201 37 201
32 209 32 214
32 222 37 222
32 237 32 242
32 249 34 250
32 254 34 255
32 261 34 262
28 263 33 263
32 265 36 265
32 275 37 275
32 276 37 276
32 293 37 293
32 300 37 300
32 303 37 303
32 307 34 308
32 311 32 316
32 318 34 319
32 330 37 330
33 0 34 2
33 3 38 3
32 4 33 6
33 7 34 9
31 11 33 12
33 20 38 20
33 28 33 33
33 34 38 34
33 48 33 53
33 54 38 54
33 61 34 63
33 64 38 64
33 70 34 72
33 73 38 73
33 82 34 84
33 85 38 85
33 86 33 91
33 92 35 93
33 97 34 99
33 102 35 103
33 104 37 104
33 111 34 113
33 114 38 114
33 116 34 118
33 122 38 122
33 124 34 126
33 127 36 127
33 133 33 138
33 143 33 148
33 152 35 153
33 163 35 164
33 172 35 173
33 177 34 179
33 181 38 181
33 183 34 185
33 186 38 186
33 192 37 192
33 198 38 198
33 204 33 209
33 210 33 215
33 218 38 218
33 223 38 223
33 224 33 229
33 231 34 233
33 234 33 239
33 240 34 242
33 245 38 245
33 246 38 246
33 258 35 259
33 266 34 268
33 269 38 269
33 272 35 273
33 278 38 278
33 283 35 284
33 286 38 286
33 289 34 291
33 294 35 295
33 297 34 299
33 306 38 306
33 310 33 315
33 316 38 316
33 321 34 323
33 324 38 324
33 326 34 328
33 329 38 329
33 333 35 334
33 335 38 335
34 5 36 6
34 11 39 11
34 14 36 15
34 25 39 25
34 28 35 30
34 32 36 33
34 35 36 36
34 37 39 37
34 40 39 40
34 45 34 50
34 51 35 53
34 55 35 57
34 68 39 68
34 69 39 69
34 86 34 91
34 106 35 108
34 109 36 110
34 120 39 120
34 133 34 138
34 140 34 145
34 146 35 148
34 150 35 151
34 156 36 157
34 180 39 180
34 188 35 190
34 194 35 196
34 202 35 204
34 205 34 209
34 211 36 212
34 213 36 214
34 215 39 215
34 219 36 220
34 224 34 229
34 234 34 239
34 248 39 248
34 252 36 253
34 279 35 281
34 282 39 282
34 285 39 285
34 301 39 301
34 302 38 302
34 304 36 305
34 310 39 310
34 311 35 313
34 314 36 315
34 331 36 332
35 0 37 1
35 2 40 2
35 7 36 9
35 22 40 22
35 26 37 27
35 45 35 50
35 59 37 60
35 61 36 63
35 70 36 72
35 79 37 80
35 82 36 84
35 86 35 91
35 95 35 100
35 101 40 101
35 105 40 105
35 111 36 113
35 116 40 116
35 118 38 118
35 123 36 124
35 125 37 126
35 130 40 130
35 132 36 134
35 135 36 137
35 138 40 138
35 140 35 145
34 154 39 154
35 159 36 161
35 166 36 168
35 174 40 174
35 178 36 179
35 184 37 185
35 199 37 200
35 205 36 207
35 208 37 209
34 210 39 210
35 224 35 229
35 231 35 236
35 237 35 242
35 247 40 247
35 249 36 251
35 254 37 255
35 260 36 262
35 263 40 263
35 266 36 268
35 271 40 271
35 274 40 274
35 288 36 290
35 291 40 291
35 297 40 297
35 299 40 299
35 307 37 308
35 318 37 319
35 321 36 323
35 326 36 328
36 21 41 21
36 28 37 30
34 31 39 31
37 32 41 32
36 42 38 43
36 45 37 47
36 48 36 53
36 55 38 56
36 57 38 58
36 75 38 76
36 86 36 91
36 92 38 93
36 95 36 100
36 102 41 102
36 103 41 103
36 106 38 107
36 108 41 108
35 119 40 119
36 129 41 129
36 139 36 144
36 145 37 147
36 148 41 148
36 152 41 152
36 153 41 153
36 163 38 164
36 172 38 173
38 176 41 176
36 188 37 190
36 191 41 191
36 193 37 195
36 196 41 196
36 202 37 204
36 216 39 216
36 221 41 221
36 224 36 229
36 231 36 236
36 237 36 242
36 244 41 244
36 258 38 259
36 264 41 264
36 272 40 272
36 273 40 273
36 279 37 281
36 283 38 284
36 287 41 287
36 294 37 296
36 298 41 298
36 309 41 309
36 311 37 313
36 317 40 317
36 320 40 320
36 333 38 334
37 4 39 5
37 6 42 6
37 7 42 7
37 8 38 10
37 13 38 15
37 18 39 19
37 33 42 33
37 35 39 36
37 44 42 44
37 48 37 53
37 61 38 63
37 65 39 66
37 67 40 67
37 70 38 72
37 77 42 77
37 78 42 78
37 82 38 84
37 86 39 87
37 88 38 90
37 91 42 91
37 95 37 100
37 109 39 110
37 111 39 112
37 113 42 113
37 123 39 124
37 128 42 128
37 131 37 136
37 137 40 137
37 139 37 144
36 149 37 151
37 156 37 161
37 166 39 167
37 168 39 169
37 171 41 171
37 175 42 175
35 176 37 177
37 178 39 179
37 183 42 183
37 187 42 187
37 197 42 197
37 205 39 206
37 211 38 212
37 213 39 214
37 217 42 217
37 219 39 220
37 224 37 229
37 230 38 232
37 233 37 238
37 239 38 241
37 242 39 243
37 249 39 250
37 251 42 251
37 252 39 253
37 256 39 257
37 260 38 262
37 265 38 266
37 267 39 268
37 270 42 270
37 288 38 290
37 292 42 292
37 304 38 305
37 314 38 315
37 321 38 323
37 325 39 326
37 328 42 328
37 331 39 332
38 0 40 1
38 16 43 16
38 23 40 24
38 26 40 27
38 29 40 30
38 39 43 39
38 41 43 41
38 45 38 50
38 51 39 53
38 59 40 60
37 74 42 74
38 79 39 81
38 94 38 99
38 100 42 100
38 115 43 115
38 121 43 121
38 125 40 126
38 131 39 133
38 134 39 136
38 139 42 139
38 140 38 145
38 146 43 146
38 147 43 147
38 151 43 151
38 155 38 160
38 161 40 162
38 165 43 165
38 170 43 170
38 177 43 177
38 182 43 182
38 184 40 185
38 188 39 190
38 194 39 195
38 199 38 204
38 208 40 209
38 222 43 222
38 224 38 229
38 233 38 238
38 254 40 255
38 275 39 277
38 279 39 281
38 294 39 296
38 300 42 300
38 307 40 308
38 311 39 313
38 318 40 319
38 330 43 330
39 3 44 3
39 8 44 8
39 9 44 9
39 10 43 10
39 12 44 12
39 13 41 14
39 15 44 15
39 17 44 17
39 20 44 20
39 34 44 34
39 38 44 38
39 45 39 50
39 54 44 54
39 55 40 57
39 61 40 63
39 70 40 72
39 73 43 73
39 75 41 76
39 82 40 84
39 88 41 89
39 90 44 90
39 92 39 97
39 98 41 99
38 104 43 104
39 106 44 106
39 114 44 114
39 117 41 118
39 122 44 122
37 127 42 127
39 140 39 145
39 149 44 149
39 155 39 160
39 163 41 164
39 172 41 173
39 181 44 181
39 186 43 186
38 192 40 193
39 198 39 202
39 203 40 204
39 211 41 212
39 218 44 218
39 223 39 228
39 229 39 234
39 235 39 240
39 241 44 241
39 246 44 246
39 258 40 260
39 261 44 261
39 262 44 262
39 265 41 266
39 269 42 269
39 283 41 284
39 286 44 286
39 288 40 290
39 302 41 303
39 304 40 306
39 314 40 316
39 321 40 323
39 324 44 324
39 327 44 327
39 329 44 329
39 333 40 335
40 4 42 5
40 11 45 11
40 18 42 19
40 25 45 25
38 28 43 28
40 31 45 31
40 35 41 37
40 42 45 42
40 43 45 43
40 45 40 50
40 51 41 53
40 58 45 58
40 64 42 65
40 68 42 69
40 79 42 80
40 81 45 81
40 85 42 86
40 87 45 87
40 92 41 94
40 95 41 97
40 109 41 111
40 112 45 112
40 123 42 124
40 131 40 136
40 140 40 145
40 150 45 150
40 154 40 159
40 160 45 160
40 166 41 168
40 169 44 169
40 178 45 178
40 179 45 179
40 188 41 190
40 194 44 194
40 195 44 195
40 198 40 202
40 205 42 206
40 207 45 207
40 213 44 213
40 214 41 216
40 219 42 220
40 223 40 228
40 229 40 234
40 235 40 240
40 242 41 243
40 248 41 250
40 252 42 253
40 256 42 257
40 267 42 268
40 275 40 280
40 281 42 282
40 285 45 285
40 293 41 295
40 296 45 296
40 301 45 301
40 310 41 312
40 313 45 313
40 325 42 326
40 331 42 332
41 0 43 1
41 22 42 24
41 26 43 27
41 40 46 40
41 45 41 50
41 55 42 57
41 59 43 60
41 61 42 63
41 66 43 67
41 70 46 70
41 71 43 72
41 82 43 83
41 84 46 84
41 101 46 101
41 105 46 105
41 107 46 107
41 116 46 116
41 119 46 119
41 120 46 120
41 125 43 126
41 130 41 135
41 136 42 138
41 140 41 145
41 154 41 159
41 161 43 162
41 174 46 174
41 180 46 180
41 184 43 185
41 192 43 193
41 198 42 200
41 202 42 204
41 208 42 210
41 223 41 228
41 229 41 234
41 235 42 237
41 239 43 240
41 245 46 245
41 247 46 247
41 254 43 255
41 258 42 260
41 263 46 263
41 271 41 276
41 277 43 278
41 279 46 279
41 280 46 280
41 288 42 290
41 291 46 291
41 297 45 297
41 304 42 306
41 307 43 308
41 314 46 314
41 315 46 315
41 316 41 321
41 322 43 323
41 333 42 335
42 13 44 14
42 21 47 21
42 29 47 29
42 32 45 32
42 35 44 36
42 37 47 37
42 45 42 50
42 51 43 53
42 75 44 76
42 88 44 89
42 92 42 97
42 98 44 99
42 102 44 103
42 108 43 110
42 111 47 111
42 117 44 118
42 129 42 134
42 135 47 135
42 140 42 145
42 148 46 148
42 152 42 157
42 158 44 159
42 163 44 164
42 166 43 168
42 172 44 173
42 176 47 176
42 188 43 190
42 191 45 191
42 201 47 201
42 211 47 211
42 214 46 214
42 215 44 216
42 221 47 221
42 223 42 228
42 229 42 234
42 244 47 244
42 248 43 250
42 264 43 266
42 272 44 273
42 274 43 276
42 283 44 284
42 287 46 287
42 293 44 294
42 295 47 295
42 298 46 298
42 309 43 311
42 312 47 312
42 316 42 321
43 4 44 6
43 7 48 7
43 18 45 19
43 22 44 24
43 33 48 33
43 44 43 49
43 50 48 50
43 55 44 57
43 61 45 62
43 63 44 65
43 68 45 69
43 74 47 74
43 77 48 77
43 78 44 80
43 85 45 86
43 91 43 96
43 97 48 97
43 113 48 113
43 123 45 124
43 127 44 129
43 130 44 132
43 133 44 134
43 136 48 136
43 137 48 137
43 138 43 143
43 144 45 145
43 152 43 157
42 171 46 171
43 175 48 175
43 183 48 183
43 187 48 187
43 196 44 198
43 199 45 200
43 203 44 205
43 206 47 206
43 208 45 209
43 217 48 217
43 219 45 220
43 223 44 225
43 226 43 231
43 232 43 237
43 238 48 238
45 242 48 242
42 242 44 243
43 251 44 253
43 256 44 258
43 259 44 260
43 267 48 267
43 268 48 268
43 270 45 271
43 288 44 290
43 292 48 292
43 299 45 300
43 302 48 302
43 303 43 306
43 316 43 321
43 325 45 326
43 328 48 328
43 331 48 331
43 332 44 334
43 335 48 335
44 0 45 2
44 16 49 16
44 26 45 28
44 30 49 30
44 39 49 39
44 41 49 41
44 44 44 49
44 51 45 53
44 59 49 59
44 66 46 67
44 71 46 72
44 82 46 83
44 91 44 96
43 100 48 100
44 104 49 104
44 108 45 110
44 115 49 115
44 121 49 121
44 125 49 125
44 126 49 126
44 138 44 143
44 146 46 147
44 151 44 156
44 157 48 157
44 161 46 162
44 165 45 167
44 168 49 168
44 177 49 177
44 182 49 182
44 184 45 186
44 188 45 190
44 192 49 192
44 222 48 222
44 226 44 231
44 232 44 237
44 239 46 240
44 248 46 249
44 250 49 250
44 254 46 255
44 264 46 265
44 266 49 266
44 274 45 276
44 277 46 278
44 281 46 282
44 303 46 304
44 305 44 310
44 311 49 311
44 316 44 321
44 322 45 323
44 330 48 330
45 3 46 4
45 5 47 6
45 8 46 9
45 12 47 13
45 14 47 15
45 17 50 17
45 20 50 20
45 22 46 24
45 34 46 36
45 38 50 38
45 44 45 49
45 54 46 56
45 63 46 65
44 73 48 73
45 75 47 76
45 78 46 80
45 88 45 93
45 94 47 95
45 96 49 96
45 98 47 99
45 102 46 103
45 106 50 106
45 114 50 114
45 117 47 118
45 122 50 122
45 127 45 132
45 138 50 138
45 139 47 140
45 141 47 142
45 143 50 143
45 149 50 149
45 151 45 156
45 158 47 159
45 163 47 164
45 170 50 170
45 172 47 173
45 193 46 195
45 196 50 196
45 198 50 198
45 202 46 204
45 205 50 205
45 212 47 213
45 215 50 215
45 218 50 218
45 223 45 228
45 231 45 234
45 235 46 237
45 243 50 243
45 246 49 246
45 251 50 251
45 252 47 253
45 256 46 258
45 259 46 261
45 262 50 262
43 269 48 269
45 273 50 273
45 283 47 284
45 286 50 286
45 288 46 290
45 293 47 294
45 305 45 310
45 316 45 321
45 324 48 324
45 329 48 329
45 332 46 334
46 0 48 1
46 2 51 2
46 11 51 11
46 18 48 19
46 25 47 27
46 28 50 28
46 31 48 32
46 42 46 47
46 48 48 49
46 51 47 53
46 60 48 61
46 68 48 69
46 81 51 81
46 85 46 90
46 91 47 93
46 108 47 110
46 112 51 112
46 123 48 124
46 127 46 132
45 133 47 134
46 144 48 145
46 150 47 152
46 153 48 154
46 155 48 156
46 160 51 160
46 165 47 167
45 169 50 169
46 178 51 178
46 179 51 179
46 184 47 186
46 188 51 188
46 189 47 191
46 197 51 197
46 199 51 199
46 200 51 200
46 207 47 209
46 219 51 219
46 223 46 228
46 231 46 234
46 241 51 241
46 270 47 272
46 274 51 274
46 285 51 285
46 296 48 297
46 299 47 301
46 305 46 310
46 313 51 313
46 316 46 321
46 325 48 326
46 327 51 327
47 3 49 4
47 8 49 9
44 10 49 10
47 22 48 24
47 34 48 36
47 40 52 40
47 42 52 42
47 43 49 44
47 45 48 47
47 54 49 55
47 56 49 57
47 62 47 67
47 70 49 71
47 78 48 80
47 82 47 87
47 88 48 90
47 101 52 101
47 105 51 105
47 107 52 107
47 116 52 116
47 119 49 120
47 127 47 132
47 146 52 146
47 147 49 148
47 161 49 162
47 174 52 174
47 180 49 181
47 193 48 195
47 202 48 204
47 210 52 210
47 216 52 216
47 220 52 220
47 223 47 228
48 229 53 229
45 229 47 230
47 232 47 237
47 239 49 240
47 245 52 245
47 247 48 249
47 254 47 259
47 260 49 261
47 263 48 265
47 275 48 277
47 278 48 280
47 288 48 290
47 291 52 291
47 303 47 308
47 309 48 310
47 314 47 319
47 320 49 321
46 322 48 323
47 332 48 334
48 5 50 6
48 12 49 14
48 15 52 15
48 21 53 21
48 25 49 27
48 29 53 29
48 37 53 37
48 51 50 52
48 53 53 53
48 58 53 58
48 62 48 67
48 74 50 75
48 82 48 87
48 91 49 93
48 94 53 94
48 98 50 99
47 102 49 103
48 108 49 110
48 111 53 111
48 117 50 118
48 127 48 132
48 133 49 135
48 139 49 141
48 142 53 142
48 150 49 152
48 158 53 158
48 159 53 159
48 163 49 165
48 166 50 167
47 171 52 171
48 172 52 172
48 173 52 173
48 176 53 176
48 184 49 186
48 189 49 191
48 201 53 201
48 208 49 209
48 211 49 213
47 214 52 214
48 223 48 228
48 230 48 235
48 236 50 237
48 244 53 244
48 252 48 257
48 258 50 259
48 270 49 271
48 282 49 284
47 287 52 287
48 293 50 294
47 298 52 298
48 299 49 301
48 303 48 308
48 312 53 312
48 314 48 319
49 0 51 1
49 7 54 7
49 18 51 19
49 22 50 24
49 31 50 33
49 34 51 35
49 36 54 36
49 45 49 50
50 55 54 55
49 60 49 65
49 66 54 66
49 67 50 69
49 72 51 73
49 76 50 78
49 79 51 80
49 82 49 87
49 88 50 90
49 95 54 95
49 100 54 100
49 113 54 113
49 123 51 124
49 127 49 132
49 136 51 137
49 144 51 145
49 153 54 153
49 154 54 154
49 155 50 157
49 175 54 175
49 183 54 183
49 187 53 187
49 193 50 195
49 202 50 204
48 206 50 207
49 217 53 217
49 221 50 223
49 224 54 224
49 225 54 225
49 226 50 228
49 230 51 231
49 232 50 234
49 235 52 235
49 238 54 238
49 242 54 242
49 247 50 249
49 252 49 257
49 263 50 265
49 267 50 269
49 275 49 278
49 279 50 281
49 288 50 290
49 292 54 292
49 296 54 296
49 297 54 297
49 302 49 307
49 308 50 310
49 314 49 319
49 322 54 322
49 323 50 325
49 326 54 326
49 328 53 328
49 331 50 333
49 334 51 335
50 3 52 4
50 8 51 10
50 12 51 14
50 16 55 16
50 25 51 27
50 30 55 30
50 39 55 39
50 41 55 41
50 43 51 45
50 46 55 46
50 47 51 49
50 50 53 50
50 54 55 54
50 56 52 57
50 59 50 64
50 65 55 65
50 70 51 71
50 82 51 84
50 86 55 86
50 87 55 87
50 91 51 93
50 96 52 97
50 102 51 104
50 108 51 110
50 115 55 115
50 119 51 121
50 125 50 130
50 131 51 133
50 134 52 135
50 139 52 140
50 141 53 141
50 147 52 148
50 150 52 151
50 152 55 152
50 161 51 163
50 177 55 177
50 180 51 182
50 184 51 186
50 189 52 190
50 191 52 192
50 208 51 209
50 211 51 213
50 239 52 240
50 250 55 250
50 252 50 257
50 260 52 261
50 270 55 270
50 271 55 271
48 272 53 272
50 275 52 276
50 277 52 278
50 282 52 283
50 295 55 295
50 299 50 304
50 305 52 306
50 311 55 311
50 314 50 319
50 320 52 321
52 330 55 330
51 5 53 6
51 17 56 17
51 20 56 20
51 22 53 23
51 24 56 24
51 31 52 33
51 38 56 38
51 59 51 64
51 67 56 67
51 68 56 68
51 74 52 76
51 77 53 78
51 88 52 90
51 98 53 99
51 114 54 114
51 117 53 118
51 122 56 122
51 125 51 130
51 138 56 138
51 143 56 143
51 155 52 157
51 166 52 168
51 169 56 169
51 193 56 193
51 195 53 196
51 198 56 198
51 202 51 207
51 215 56 215
51 218 56 218
51 221 52 223
51 226 52 228
51 232 52 234
51 236 53 237
51 243 56 243
50 246 55 246
51 247 52 249
51 251 51 256
51 257 52 259
51 262 52 264
51 265 52 267
51 268 53 269
51 279 56 279
51 281 56 281
51 286 56 286
51 288 52 290
51 294 56 294
51 299 51 304
51 307 56 307
51 308 52 310
51 314 51 319
51 323 52 325
49 329 51 330
51 331 52 333
52 0 53 2
52 8 52 13
52 14 57 14
52 18 54 19
52 25 53 27
51 28 56 28
52 34 54 35
52 43 53 45
52 47 53 49
52 59 52 64
52 69 53 71
52 72 54 73
52 79 52 83
52 84 54 85
52 91 53 93
52 102 53 104
52 105 54 106
52 108 53 110
52 112 57 112
52 119 53 121
52 123 52 127
52 128 52 133
52 136 54 137
52 144 54 145
52 149 57 149
52 160 54 161
52 162 54 163
52 164 57 164
52 170 57 170
52 179 53 180
52 181 54 182
52 184 53 186
52 188 57 188
52 199 53 200
52 202 53 204
52 205 54 206
52 207 53 209
52 211 53 213
52 219 57 219
52 230 54 231
52 251 52 256
52 273 54 274
52 284 54 285
52 299 53 301
52 304 57 304
52 313 52 318
52 319 57 319
52 329 57 329
52 334 54 335
53 3 55 4
53 8 53 13
53 31 54 33
53 40 58 40
53 42 58 42
53 56 55 57
53 59 53 64
53 74 54 76
53 79 54 81
53 82 55 83
53 88 54 90
53 96 55 97
53 101 57 101
53 116 58 116
53 123 53 128
53 129 53 134
53 135 56 135
53 139 55 140
53 146 54 148
53 150 55 151
53 156 58 156
53 168 58 168
53 171 54 173
53 174 58 174
53 189 54 191
53 192 58 192
53 210 57 210
53 214 58 214
53 216 58 216
53 220 54 221
53 222 55 223
53 226 58 226
53 227 55 228
53 232 55 233
53 234 55 235
53 239 54 241
53 245 58 245
53 247 54 249
53 251 53 256
53 257 53 262
53 263 54 264
53 265 54 267
53 276 54 278
53 282 55 283
53 287 55 288
53 289 54 291
53 298 58 298
53 302 55 303
53 305 55 306
53 308 54 310
53 313 53 318
53 320 55 321
53 323 54 325
53 331 54 333
54 0 55 2
54 5 56 6
54 8 54 11
53 15 58 15
54 21 55 23
54 25 56 26
54 27 59 27
54 29 59 29
54 37 59 37
54 43 55 45
54 47 56 48
54 49 59 49
54 50 56 51
54 52 59 52
54 53 59 53
54 58 54 63
54 64 59 64
54 69 55 71
54 78 59 78
54 91 55 93
54 94 59 94
54 98 56 99
54 103 56 104
54 108 56 109
54 110 56 111
54 117 56 118
54 119 55 121
54 123 54 128
54 129 54 134
54 141 56 142
54 157 55 159
54 166 59 166
54 176 59 176
52 178 57 178
54 179 56 180
54 184 59 184
54 185 56 186
54 194 56 195
54 196 59 196
54 201 55 203
54 204 59 204
54 207 55 209
54 211 56 212
54 213 59 213
54 229 59 229
54 236 56 237
54 244 59 244
54 251 54 256
54 257 54 262
54 268 56 269
54 272 59 272
54 299 55 301
54 312 56 313
54 314 55 316
54 317 56 318
56 327 58 328
55 7 55 11
57 13 60 13
55 18 57 19
55 31 56 33
55 34 56 36
55 55 60 55
55 58 55 63
55 66 60 66
55 72 55 77
55 79 56 81
55 85 60 85
55 88 56 90
55 95 59 95
55 105 56 107
55 113 57 114
55 123 55 128
55 129 55 134
55 136 57 137
55 144 56 146
55 147 57 148
55 153 56 155
55 160 60 160
55 163 60 163
55 165 60 165
55 171 56 173
55 175 60 175
55 181 56 183
54 187 59 187
55 189 56 191
54 199 56 200
55 205 57 206
54 217 59 217
55 220 56 221
55 224 60 224
55 225 60 225
55 230 57 231
55 238 56 240
55 241 57 242
55 247 56 249
55 251 55 256
55 257 55 262
55 263 56 265
55 266 57 267
55 273 55 278
55 284 57 285
55 289 57 290
55 291 60 291
55 292 60 292
55 296 57 297
55 308 56 310
55 322 56 324
55 325 57 326
54 327 55 328
55 331 56 333
55 334 57 335
56 0 57 2
56 3 58 4
56 7 57 9
56 11 61 11
54 12 56 13
56 22 57 23
56 30 60 30
56 39 61 39
56 41 61 41
56 43 57 45
56 46 61 46
56 54 61 54
56 56 57 58
56 59 57 61
56 63 61 63
56 65 61 65
56 69 56 74
56 75 57 77
56 82 57 84
56 86 58 87
56 91 57 93
56 96 58 97
56 102 61 102
56 115 61 115
56 119 57 121
56 123 56 128
56 129 56 134
56 139 57 140
56 150 57 152
56 157 58 158
56 159 61 159
56 161 58 162
56 177 61 177
56 201 57 203
56 207 57 209
56 223 61 223
56 227 58 228
56 232 58 233
56 234 58 235
56 246 61 246
56 250 56 255
56 256 56 261
56 262 61 262
56 270 58 271
56 273 56 278
56 282 58 283
56 287 58 288
56 295 61 295
56 299 57 301
56 303 61 303
56 305 58 306
56 311 61 311
56 314 61 314
56 316 61 316
56 320 58 321
56 330 61 330
57 5 62 5
57 6 62 6
57 16 62 16
57 20 62 20
57 24 58 26
57 28 62 28
57 31 57 36
57 38 61 38
57 47 59 48
57 50 59 51
57 67 57 72
57 73 59 74
57 79 58 81
57 88 58 90
57 98 59 99
57 103 59 104
57 105 59 106
57 107 58 109
57 110 59 111
57 117 59 118
57 122 57 127
57 128 57 132
57 133 58 135
57 138 62 138
57 141 59 142
57 143 58 145
57 146 62 146
57 153 58 155
57 167 62 167
57 169 62 169
57 171 58 173
57 179 59 180
57 181 58 183
57 185 59 186
57 189 58 191
57 193 59 194
57 195 62 195
57 197 62 197
57 198 58 200
57 211 59 212
57 215 62 215
57 218 62 218
57 220 58 222
57 236 58 238
57 239 59 240
57 243 62 243
57 247 59 248
57 249 57 254
57 255 58 257
57 258 62 258
57 260 61 260
57 263 61 263
57 264 59 265
57 273 57 278
57 279 58 281
57 286 62 286
57 294 60 294
57 302 62 302
57 307 58 309
57 312 59 313
57 317 59 318
57 323 62 323
57 331 62 331
57 332 59 333
58 0 59 2
58 7 59 9
58 12 63 12
58 14 63 14
58 17 59 19
56 21 61 21
58 22 60 23
58 31 58 36
58 43 59 45
58 56 63 56
58 57 63 57
58 58 63 58
58 59 59 61
58 67 58 72
58 75 59 77
58 82 60 83
58 91 59 93
58 100 60 101
58 112 59 114
58 119 63 119
58 120 63 120
58 121 58 126
58 127 59 129
58 130 59 132
58 136 60 137
58 147 58 152
58 164 62 164
58 170 62 170
58 178 63 178
58 188 63 188
58 201 59 203
58 205 59 207
58 208 63 208
58 209 60 210
58 219 63 219
58 230 60 231
58 241 60 242
58 249 58 254
58 261 63 261
58 266 60 267
58 269 63 269
58 273 58 278
58 284 60 285
58 289 60 290
58 296 60 297
58 299 59 301
58 304 62 304
58 315 63 315
58 319 63 319
58 324 59 326
59 328 64 328
58 329 63 329
58 334 60 335
59 3 61 4
59 10 64 10
59 15 64 15
59 24 61 25
59 31 59 36
59 40 64 40
59 42 64 42
59 67 59 72
59 79 60 81
59 84 64 84
59 86 61 87
59 88 60 90
59 96 61 97
59 107 60 109
59 116 64 116
59 124 61 125
59 126 64 126
59 133 60 135
61 139 64 139
58 139 60 140
59 143 60 145
59 147 59 152
59 153 60 155
59 156 61 157
59 158 64 158
59 161 63 161
59 162 64 162
59 171 60 173
59 174 63 174
59 181 60 183
59 189 60 191
59 192 64 192
59 198 60 200
59 214 63 214
59 216 64 216
59 220 60 222
59 226 60 228
59 232 59 237
59 238 64 238
59 245 63 245
59 249 60 251
59 252 59 257
59 268 64 268
59 270 64 270
59 271 64 271
59 273 59 278
59 279 60 281
59 282 64 282
59 283 63 283
59 287 61 288
59 298 64 298
59 305 59 310
59 320 64 320
59 321 64 321
60 0 61 2
60 7 61 9
60 17 62 18
60 26 65 26
60 27 65 27
60 29 64 29
60 31 60 36
60 37 63 37
60 43 62 44
60 45 65 45
60 47 62 48
60 49 62 50
60 51 61 53
60 59 61 61
60 64 65 64
60 67 60 72
60 73 60 78
60 91 61 93
60 94 62 95
60 98 62 99
60 103 61 105
60 106 65 106
60 110 61 112
60 113 62 114
60 117 64 117
60 118 65 118
60 121 65 121
60 127 60 132
60 141 61 142
60 147 60 152
60 166 65 166
60 176 64 176
60 179 64 179
60 184 61 186
60 187 65 187
60 193 62 194
60 196 65 196
60 201 60 206
60 207 65 207
60 211 61 213
60 217 65 217
60 229 65 229
60 232 60 237
60 239 62 240
60 244 63 244
60 247 65 247
60 248 65 248
60 252 60 257
60 264 62 265
60 272 60 277
60 278 65 278
60 299 61 301
60 305 61 307
60 308 61 310
60 312 65 312
60 313 65 313
60 317 61 318
60 324 65 324
60 325 61 327
60 332 62 333
61 13 64 13
61 22 63 23
61 30 63 31
61 32 62 34
61 35 63 36
61 55 66 55
61 66 61 71
61 72 61 77
61 78 61 83
61 85 66 85
61 88 62 90
61 100 66 100
61 101 66 101
61 107 62 109
61 122 66 122
61 127 61 132
61 133 62 135
61 136 63 137
61 144 63 145
61 147 62 149
61 150 61 155
61 163 66 163
61 165 66 165
61 171 62 173
61 175 66 175
61 180 62 182
61 183 66 183
61 189 62 191
61 198 61 203
61 204 62 206
61 209 63 210
61 220 63 221
61 222 66 222
61 224 62 226
61 227 66 227
61 228 66 228
61 230 62 232
61 233 62 235
61 236 63 237
61 241 63 242
61 249 61 254
61 255 62 257
61 266 63 267
61 272 61 277
61 279 62 281
61 284 63 285
61 289 62 291
61 292 66 292
61 293 63 294
61 296 63 297
61 322 66 322
61 334 62 335
62 0 63 2
62 3 64 4
62 7 63 9
62 11 67 11
62 21 67 21
62 24 64 25
64 39 67 39
62 41 67 41
62 46 67 46
62 51 63 53
62 60 67 60
62 61 67 61
62 62 67 62
62 63 67 63
62 65 63 67
62 68 62 73
62 76 62 79
62 80 63 82
62 83 67 83
62 86 64 87
62 91 63 93
62 96 64 97
62 102 63 104
62 105 67 105
62 111 67 111
62 112 67 112
62 115 67 115
62 123 63 125
62 127 62 132
62 140 63 142
62 150 62 155
62 156 64 157
62 159 67 159
62 168 67 168
62 177 67 177
62 184 63 186
62 198 62 203
62 211 63 213
62 223 67 223
62 246 67 246
62 249 62 254
62 259 64 260
62 262 64 263
62 272 62 277
62 287 64 288
62 295 67 295
62 299 63 301
62 303 67 303
62 306 63 308
62 309 63 311
62 314 67 314
62 316 63 318
62 325 63 327
62 330 66 330
63 5 65 6
63 16 64 18
63 19 65 20
63 28 68 28
63 32 64 34
62 38 63 39
63 43 65 44
63 47 64 49
63 50 68 50
63 68 63 73
65 74 69 74
62 74 64 75
63 76 64 78
63 88 64 90
63 94 65 95
63 99 68 99
63 107 64 109
63 113 65 114
63 127 63 132
63 133 64 135
63 138 66 138
63 146 63 151
63 152 64 154
63 155 68 155
63 167 68 167
63 169 64 171
63 172 65 173
63 180 64 182
63 189 64 191
63 193 64 195
63 197 64 199
63 200 63 205
63 206 68 206
63 215 68 215
63 218 68 218
63 224 65 225
63 226 68 226
63 230 63 235
63 239 65 240
63 243 67 243
63 249 63 254
63 255 64 257
63 258 68 258
63 264 65 265
63 272 63 277
63 279 64 281
63 286 68 286
63 289 65 290
63 291 68 291
63 302 68 302
63 304 65 305
63 323 66 323
63 331 63 335
64 0 66 1
64 2 69 2
64 7 65 9
64 14 69 14
64 22 66 23
64 30 66 31
64 35 69 35
64 36 69 36
64 37 66 38
64 51 65 53
65 56 66 57
65 58 69 58
64 56 64 59
64 65 65 67
64 68 64 73
64 79 65 81
64 82 69 82
64 91 65 93
64 98 69 98
64 102 65 104
64 119 66 120
64 123 65 125
64 127 64 132
64 136 66 137
64 140 69 140
64 142 64 147
64 148 65 150
64 151 69 151
64 160 66 161
63 164 68 164
64 178 69 178
64 184 65 186
64 188 69 188
64 200 64 205
64 208 65 210
64 211 65 213
64 219 65 221
64 230 64 235
64 236 66 237
64 241 66 242
64 249 65 251
64 252 65 254
64 261 69 261
64 266 66 267
64 269 69 269
64 272 64 277
64 283 65 285
64 293 66 294
64 296 66 297
64 299 65 301
64 306 64 311
64 315 69 315
64 316 65 318
64 319 69 319
64 325 65 327
64 329 69 329
64 331 69 331
64 332 66 333
64 334 66 335
65 3 67 4
65 10 70 10
65 12 67 13
65 15 66 17
65 18 70 18
65 24 67 25
65 32 66 34
65 40 68 40
65 42 70 42
65 47 66 49
65 54 70 54
65 59 70 59
65 68 65 73
65 75 66 76
65 77 67 78
65 84 70 84
65 86 67 87
65 88 66 90
65 96 67 97
65 107 66 108
65 109 67 110
65 116 70 116
65 126 65 131
65 132 66 134
65 135 70 135
65 139 70 139
65 141 65 145
65 146 67 147
65 152 66 154
65 156 66 158
65 162 69 162
65 169 66 171
64 174 69 174
65 180 66 182
65 189 66 191
65 192 67 193
65 194 67 195
65 197 65 201
65 203 66 205
64 214 69 214
65 216 70 216
65 230 65 235
65 238 70 238
64 245 69 245
65 255 66 257
65 259 67 260
65 262 67 263
65 268 69 268
65 270 65 275
65 276 67 277
65 279 66 281
65 282 70 282
65 288 70 288
65 298 70 298
65 306 65 311
65 320 67 321
66 5 67 7
66 8 68 9
66 19 71 19
66 20 71 20
66 26 68 27
65 29 70 29
66 43 70 43
66 44 71 44
66 51 67 53
66 64 71 64
66 65 71 65
66 66 68 67
66 68 71 68
66 69 68 70
66 71 67 73
66 79 67 81
66 91 68 92
66 93 71 93
66 94 68 95
66 102 71 102
66 103 68 104
66 106 71 106
66 113 68 114
65 117 70 117
66 118 71 118
66 121 70 121
66 123 66 128
66 129 67 131
66 141 68 142
66 143 68 144
66 148 68 149
66 166 71 166
66 172 71 172
66 173 71 173
65 176 70 176
65 179 70 179
66 184 67 186
66 187 71 187
66 196 66 201
65 202 70 202
66 207 68 208
66 209 71 209
66 210 71 210
66 213 69 213
66 217 71 217
66 219 67 221
66 224 67 225
66 229 66 234
66 235 71 235
66 239 68 240
64 244 69 244
66 247 66 252
66 253 68 254
66 264 68 265
66 270 66 275
66 278 71 278
66 283 68 284
66 289 68 290
66 299 71 299
66 301 71 301
66 304 66 309
66 310 67 312
66 313 71 313
66 316 67 318
66 324 66 328
67 0 69 1
67 15 68 17
67 22 68 23
67 30 68 32
67 33 69 34
67 37 69 38
67 47 68 49
67 55 69 56
67 57 72 57
67 76 71 76
67 85 72 85
67 88 68 90
67 100 69 101
67 107 72 107
67 108 72 108
67 119 69 120
67 122 67 127
67 128 72 128
67 132 68 134
67 136 68 138
67 152 68 154
67 156 68 158
67 160 69 161
67 163 72 163
67 165 71 165
67 169 69 170
67 171 72 171
67 175 72 175
67 180 69 181
67 182 69 183
67 189 68 191
67 196 67 201
67 203 68 205
67 211 72 211
67 212 72 212
67 222 72 222
67 227 67 232
67 233 69 234
67 236 69 237
67 241 69 242
67 247 67 252
67 255 68 257
67 266 69 267
67 270 67 275
67 279 68 281
67 285 72 285
67 292 69 293
67 294 72 294
67 296 69 297
67 304 67 309
67 322 68 324
67 325 72 325
67 327 69 328
67 332 68 334
68 3 69 5
68 6 70 7
68 11 69 13
68 21 72 21
68 24 73 24
68 25 73 25
68 39 73 39
68 41 73 41
68 45 73 45
68 46 73 46
68 51 69 53
68 60 73 60
68 61 70 62
68 63 73 63
68 71 69 73
68 75 73 75
68 79 69 81
68 83 71 83
68 86 73 86
68 87 73 87
68 96 73 96
68 97 73 97
68 105 71 105
68 109 69 111
68 112 73 112
68 115 72 115
68 122 70 123
68 124 69 126
68 127 73 127
68 129 69 131
68 145 69 147
68 159 73 159
68 168 73 168
68 184 69 186
68 192 68 197
68 198 69 200
68 201 73 201
68 219 69 221
68 223 73 223
68 227 69 229
68 230 69 232
68 246 68 251
68 252 73 252
68 259 70 260
68 262 72 262
68 270 68 275
68 276 70 277
68 295 73 295
68 300 73 300
68 303 68 308
68 309 69 311
68 312 73 312
68 314 73 314
68 316 70 317
68 320 70 321
68 326 73 326
67 330 71 330
69 8 71 9
69 15 72 15
69 17 74 17
69 26 71 27
69 28 74 28
69 30 70 32
69 47 71 48
69 49 71 50
69 66 71 67
69 69 73 69
69 77 71 78
69 88 70 90
69 92 74 92
69 94 71 95
69 103 71 104
69 113 71 114
69 132 70 134
69 136 70 138
69 141 70 143
69 144 74 144
69 148 70 150
69 152 69 157
69 158 73 158
69 164 74 164
69 167 74 167
69 189 69 194
69 195 70 197
69 203 74 203
69 204 71 205
69 206 70 208
69 215 74 215
69 218 74 218
68 224 70 225
69 239 71 240
68 243 73 243
69 246 69 251
69 253 69 258
69 263 70 265
69 270 69 275
69 279 71 280
69 281 74 281
69 283 71 284
69 286 74 286
69 287 74 287
69 289 70 291
69 302 69 307
69 318 74 318
69 322 70 324
69 334 71 335
70 0 70 5
70 11 71 13
70 14 75 14
69 22 71 23
70 33 70 38
70 51 71 53
70 55 72 56
70 58 75 58
70 70 71 72
70 73 72 74
70 79 71 81
70 82 75 82
70 91 75 91
70 98 71 100
70 101 73 101
70 109 71 111
70 119 72 120
70 124 71 126
70 129 71 131
70 140 75 140
70 145 75 145
70 146 75 146
70 147 75 147
70 151 70 156
70 157 75 157
70 160 71 162
70 169 75 169
70 174 75 174
70 177 72 178
70 180 70 185
70 186 75 186
70 188 70 193
70 194 75 194
70 198 71 200
70 213 72 214
70 219 71 221
70 226 70 231
70 232 71 234
70 236 72 237
70 241 71 242
70 244 72 245
70 246 70 251
70 253 70 258
70 261 75 261
70 266 70 271
70 272 71 274
70 275 75 275
70 292 72 293
70 296 72 297
70 302 70 307
70 308 71 310
70 311 75 311
70 315 73 315
70 319 75 319
70 327 71 329
70 331 74 331
70 333 75 333
71 0 73 1
71 2 76 2
71 3 76 3
71 4 72 6
71 7 76 7
71 10 76 10
71 18 76 18
71 29 71 34
71 35 72 36
71 37 73 38
69 40 74 40
71 42 73 43
71 54 76 54
71 61 73 62
71 88 72 90
71 121 73 122
71 123 76 123
71 132 71 137
71 138 76 138
71 141 72 143
71 148 71 153
71 154 72 156
71 170 76 170
71 176 76 176
71 179 72 181
71 182 72 184
71 185 76 185
71 188 71 193
71 195 72 197
71 206 72 208
71 216 75 216
71 224 71 229
71 230 73 231
71 238 76 238
71 246 71 251
71 253 71 258
71 259 73 260
71 263 71 268
71 269 72 270
71 276 73 277
71 282 76 282
71 288 73 289
71 290 73 291
71 298 76 298
71 302 71 307
71 316 73 317
71 320 76 320
71 322 73 323
72 8 74 9
72 11 74 12
72 13 77 13
72 19 77 19
72 20 77 20
72 22 77 22
72 23 77 23
72 26 74 27
72 29 72 34
72 44 77 44
72 47 72 52
72 53 77 53
72 59 77 59
72 64 73 66
72 67 77 67
72 68 77 68
72 70 73 72
72 77 73 79
72 80 74 81
72 83 74 84
72 93 73 95
72 98 73 100
72 102 73 103
72 106 75 106
72 109 73 111
72 113 74 114
72 117 74 118
72 125 77 125
72 129 72 134
72 135 73 137
72 148 72 153
72 160 73 162
72 165 74 166
72 172 74 173
72 187 72 192
72 193 77 193
72 198 74 199
72 200 77 200
72 202 77 202
72 204 77 204
72 205 77 205
72 209 77 209
72 210 77 210
72 217 77 217
72 219 73 221
72 224 72 229
72 232 73 234
72 239 76 239
72 240 73 242
72 246 72 251
72 253 72 258
72 263 72 268
72 272 73 274
72 278 73 280
72 283 77 283
72 299 77 299
72 301 72 306
72 307 73 309
72 310 77 310
72 313 77 313
72 324 77 324
72 327 74 328
72 329 74 330
72 334 76 334
73 4 75 5
73 15 75 16
73 29 74 31
73 32 74 34
73 35 75 36
73 47 75 48
73 50 75 51
73 55 74 57
73 73 75 74
72 76 77 76
73 85 76 85
73 88 74 90
73 107 78 107
73 108 78 108
73 119 78 119
73 124 78 124
73 126 78 126
73 128 73 133
73 134 78 134
73 141 78 141
73 142 78 142
73 143 78 143
73 148 73 153
73 154 74 156
73 163 78 163
73 171 78 171
73 175 78 175
73 177 73 182
73 183 75 184
73 187 73 192
73 195 74 197
73 206 74 208
73 211 74 213
73 214 78 214
73 222 78 222
73 224 73 229
73 235 74 237
73 244 73 248
73 250 75 251
73 253 73 258
73 262 74 264
73 265 78 265
73 267 78 267
73 268 74 270
71 271 76 271
73 284 78 284
73 285 78 285
73 292 74 294
73 296 78 296
73 301 73 306
73 325 78 325
73 332 78 332
74 0 76 1
74 6 79 6
73 21 78 21
74 24 76 25
74 37 75 39
74 41 76 42
74 43 79 43
74 45 76 46
74 49 79 49
74 52 79 52
74 60 74 65
74 66 77 66
74 70 76 71
74 72 79 72
74 75 79 75
74 77 75 79
74 86 76 87
74 93 75 95
74 96 79 96
74 97 75 99
74 100 75 102
74 103 79 103
72 104 74 105
74 109 75 111
74 112 79 112
73 115 78 115
74 120 75 122
74 127 74 131
74 132 76 133
74 135 75 137
74 148 75 150
74 151 79 151
74 152 79 152
74 158 75 160
74 161 76 162
74 168 79 168
74 177 74 182
74 187 74 192
74 201 79 201
74 219 75 221
74 223 74 228
74 229 74 234
74 240 74 245
74 246 75 248
73 249 78 249
74 252 75 254
74 255 79 255
74 256 75 258
74 259 76 260
74 272 75 274
74 276 75 278
74 279 76 280
74 288 75 290
74 295 79 295
74 300 74 305
74 306 79 306
74 307 79 307
74 308 79 308
74 312 79 312
76 314 79 314
74 314 75 316
74 317 79 317
74 321 75 323
75 8 77 9
75 11 76 12
75 17 80 17
75 26 76 28
75 29 75 34
75 40 80 40
75 55 76 57
75 60 75 65
74 69 77 69
75 80 80 80
75 83 80 83
75 88 80 88
75 92 80 92
75 104 80 104
75 105 80 105
75 113 77 114
75 117 77 118
75 127 77 128
75 129 76 131
75 144 80 144
75 153 76 155
75 156 80 156
75 164 76 166
75 167 80 167
75 172 77 173
75 177 75 182
75 187 75 192
75 195 76 197
75 198 80 198
75 199 80 199
75 203 80 203
75 207 77 208
75 211 76 213
75 218 80 218
75 223 77 224
75 225 75 230
75 231 75 234
75 235 76 237
75 240 75 245
75 262 80 262
75 263 80 263
75 264 80 264
75 266 80 266
75 268 76 270
75 281 80 281
75 286 77 287
75 291 76 293
75 294 80 294
75 297 80 297
75 300 75 305
75 309 80 309
75 318 80 318
75 326 76 328
75 329 76 331
76 4 81 4
76 5 79 5
76 14 77 16
76 29 77 31
76 32 76 37
76 38 78 39
76 47 78 48
76 50 78 51
76 58 81 58
76 60 76 65
76 73 78 74
76 77 78 78
76 79 81 79
76 82 81 82
76 91 80 91
76 93 77 95
76 97 76 102
76 109 78 110
76 116 81 116
76 120 78 121
76 122 81 122
76 135 77 137
76 139 78 140
76 145 76 150
76 157 81 157
76 158 78 159
76 160 81 160
76 169 81 169
76 174 81 174
76 177 77 179
76 180 77 182
76 183 78 184
76 186 77 188
76 190 78 191
76 192 81 192
76 194 81 194
76 206 81 206
76 215 78 216
76 219 78 220
76 221 81 221
76 225 76 230
76 231 77 233
76 234 81 234
76 240 76 245
76 246 77 248
76 250 78 251
76 252 81 252
76 254 81 254
76 256 77 258
76 261 81 261
76 272 76 277
76 288 77 290
76 300 76 305
76 311 80 311
76 315 79 315
76 319 81 319
76 321 77 323
77 0 82 0
77 2 78 3
77 7 82 7
77 10 78 12
77 18 82 18
77 24 78 26
77 27 79 28
77 32 77 37
77 41 79 42
77 45 79 46
77 54 78 56
77 57 82 57
77 60 77 65
77 70 79 71
77 81 82 81
77 84 78 86
77 87 80 87
77 97 78 99
77 100 79 101
77 102 82 102
77 123 82 123
77 129 79 130
77 131 78 133
77 138 82 138
77 145 78 147
77 148 81 148
77 149 79 150
77 153 82 153
77 154 82 154
77 161 79 162
77 164 78 165
77 170 82 170
77 176 82 176
77 185 82 185
77 195 79 196
77 197 82 197
77 211 78 213
77 225 81 225
77 226 81 226
77 229 82 229
77 230 82 230
77 235 78 237
77 238 77 243
77 244 79 245
77 253 82 253
77 259 79 260
77 268 77 273
77 274 77 279
77 280 81 280
77 282 82 282
77 291 78 293
77 298 82 298
77 300 78 302
77 303 79 304
77 305 81 305
77 320 81 320
77 326 77 331
77 333 82 333
77 334 79 335
78 13 79 15
78 16 83 16
78 19 80 20
78 22 80 23
78 29 78 34
78 35 79 37
78 44 83 44
78 53 83 53
78 59 78 64
78 65 80 66
78 67 83 67
78 68 80 69
78 76 83 76
78 93 82 93
78 94 82 94
76 106 81 106
76 111 81 111
78 113 80 114
78 117 80 118
78 128 83 128
78 135 79 137
78 155 83 155
78 172 83 172
78 177 79 179
78 180 79 182
78 186 79 188
78 193 83 193
78 200 82 200
78 202 83 202
78 204 80 205
78 207 83 207
78 208 80 209
78 210 83 210
78 217 83 217
78 223 80 224
78 231 80 232
78 238 78 243
78 246 79 248
78 256 83 256
78 257 80 258
78 268 78 273
78 274 78 279
78 283 83 283
78 286 80 287
78 288 79 290
78 299 83 299
78 310 83 310
78 313 83 313
78 316 83 316
78 322 80 323
78 324 83 324
78 326 80 327
78 328 79 330
78 331 83 331
77 1 82 1
79 2 84 2
79 3 84 3
79 8 84 8
79 9 80 11
79 21 84 21
79 24 80 26
79 29 80 31
79 33 81 34
79 38 80 39
79 47 81 48
79 50 81 51
79 54 81 55
79 56 84 56
79 59 80 61
79 62 84 62
79 63 84 63
79 64 84 64
79 73 81 74
79 77 84 77
79 78 84 78
79 84 80 86
79 97 80 99
79 107 80 109
79 115 84 115
79 119 80 121
79 124 81 125
79 126 81 127
79 131 81 132
79 133 81 134
79 139 80 141
79 142 84 142
79 143 84 143
79 145 80 147
79 158 81 159
79 163 80 165
77 166 82 166
79 171 84 171
79 175 83 175
79 183 81 184
79 189 80 191
79 211 79 216
79 219 81 220
79 222 84 222
79 227 81 228
79 235 79 240
79 241 80 243
79 249 80 251
79 265 84 265
79 267 79 272
79 273 79 277
79 278 81 279
79 284 81 285
79 291 80 293
79 296 84 296
79 300 80 302
79 321 84 321
79 325 84 325
79 332 82 332
80 5 82 6
80 12 81 14
80 15 85 15
80 27 82 28
80 35 81 37
80 41 81 43
80 45 82 46
80 49 85 49
80 52 85 52
80 70 81 72
80 75 83 75
80 89 85 89
80 100 82 101
80 103 83 103
80 112 85 112
80 129 82 130
80 135 81 137
80 149 81 151
80 152 85 152
80 161 82 162
80 168 85 168
80 173 85 173
80 177 80 182
80 186 81 188
80 195 82 196
80 201 85 201
80 211 80 216
80 233 85 233
80 235 80 240
80 244 85 244
80 246 81 248
80 255 85 255
80 259 82 260
80 267 85 267
80 268 81 270
80 271 80 276
80 277 85 277
80 288 81 290
80 295 85 295
80 303 82 304
80 306 81 308
80 312 85 312
80 314 85 314
80 317 85 317
80 328 81 330
80 334 82 335
81 10 83 11
81 17 86 17
81 19 83 20
81 22 82 24
81 25 83 26
81 29 83 30
81 31 83 32
81 40 86 40
81 59 86 59
81 60 83 61
81 68 83 69
81 80 86 80
81 83 82 85
81 86 82 88
81 90 82 92
81 98 83 99
81 104 83 105
81 107 82 109
81 113 85 113
81 114 86 114
81 117 82 119
81 120 83 121
81 139 82 141
81 144 83 145
81 146 83 147
81 156 86 156
81 163 82 165
81 167 86 167
81 177 82 179
81 180 82 182
81 189 82 191
81 198 83 199
81 203 83 204
81 205 86 205
81 208 83 209
81 211 81 216
81 218 86 218
81 223 86 223
81 231 83 232
81 235 81 240
81 241 82 243
81 249 82 251
81 258 86 258
81 262 82 264
81 271 81 276
81 281 86 281
81 286 83 287
81 291 82 293
81 294 86 294
81 297 86 297
81 300 86 300
81 302 85 302
81 309 86 309
81 318 86 318
81 322 83 323
81 327 85 327
82 4 87 4
82 9 87 9
82 12 84 13
82 14 87 14
82 33 82 37
81 38 83 39
82 41 83 43
82 47 84 48
82 50 84 51
82 55 87 55
82 58 87 58
82 65 84 66
82 70 84 71
82 72 87 72
82 73 84 74
82 79 86 79
82 82 86 82
82 96 87 96
82 97 87 97
82 106 87 106
82 111 87 111
82 116 87 116
82 122 87 122
82 124 83 126
82 127 87 127
82 131 82 136
82 137 87 137
82 149 84 150
82 151 87 151
82 157 83 159
82 160 87 160
82 169 86 169
82 183 84 184
82 186 83 188
82 192 87 192
82 194 87 194
82 206 87 206
82 211 82 216
82 219 83 221
82 224 82 228
82 234 82 239
82 240 87 240
82 245 84 246
82 247 84 248
82 252 87 252
82 254 87 254
82 257 87 257
82 261 87 261
82 268 82 273
82 274 87 274
82 275 84 276
82 278 83 280
82 284 83 285
82 288 84 289
82 306 84 307
82 308 86 308
81 311 85 311
80 315 85 315
82 319 84 320
82 326 87 326
82 328 83 330
83 0 85 1
83 5 88 5
83 7 88 7
83 18 88 18
83 22 84 23
83 27 88 27
83 28 88 28
83 33 84 35
83 36 85 37
83 45 85 46
83 57 88 57
83 81 86 81
83 83 83 88
83 90 84 92
83 93 84 95
83 100 84 102
83 107 84 109
83 117 84 119
83 123 88 123
83 129 84 131
83 132 84 134
83 135 85 136
83 138 84 140
83 141 88 141
82 148 87 148
83 153 84 154
83 161 83 166
83 170 88 170
83 176 83 180
83 181 85 182
83 185 88 185
83 189 84 191
83 195 84 197
83 211 84 213
83 214 84 216
83 224 83 229
83 230 88 230
83 234 83 239
83 241 85 242
83 243 88 243
83 249 84 251
83 253 88 253
83 259 85 260
83 262 84 264
83 266 88 266
83 268 84 270
83 271 84 273
83 282 87 282
83 290 84 292
83 293 88 293
83 298 88 298
83 301 88 301
83 303 85 304
82 305 87 305
83 332 84 334
84 6 89 6
84 10 86 11
84 16 89 16
84 19 86 20
84 25 86 26
84 29 85 31
84 32 89 32
84 38 86 39
84 41 85 43
84 44 87 44
84 53 89 53
84 54 89 54
84 60 89 60
84 61 89 61
84 67 85 69
84 75 86 76
84 83 85 84
84 86 86 87
84 88 89 88
84 98 86 99
86 104 89 104
84 103 85 105
84 110 89 110
84 120 86 121
84 124 85 126
84 128 89 128
84 144 85 146
84 157 85 159
84 161 84 166
84 174 84 179
84 180 89 180
84 187 89 187
84 193 89 193
84 198 86 199
83 200 88 200
84 202 86 203
84 204 88 204
84 207 85 208
84 209 86 210
84 217 89 217
84 219 86 220
84 221 89 221
84 224 84 229
84 231 86 232
84 234 84 239
84 256 89 256
84 278 85 280
84 283 89 283
84 284 85 286
84 287 89 287
84 299 89 299
84 310 89 310
84 313 88 313
84 316 89 316
84 322 85 324
84 328 85 329
84 330 86 331
84 335 89 335
85 2 87 3
85 8 90 8
85 12 87 13
85 21 86 23
83 24 88 24
85 33 86 35
85 47 90 47
85 50 87 51
85 62 86 64
85 65 86 66
85 70 90 70
85 71 90 71
85 73 90 73
85 74 90 74
85 77 87 78
85 90 85 95
85 100 86 102
85 108 87 109
85 115 90 115
85 117 86 119
85 129 85 134
85 138 86 140
85 142 87 143
85 147 90 147
85 149 87 150
85 153 86 155
85 161 85 166
85 171 90 171
85 174 85 179
85 183 87 184
85 186 90 186
85 188 86 190
85 191 90 191
85 195 86 197
85 211 86 213
85 215 87 216
85 222 90 222
85 224 85 229
85 234 85 239
85 245 85 250
85 263 86 265
85 268 85 273
85 275 87 276
85 288 86 290
85 291 87 292
85 296 90 296
85 306 87 307
85 319 86 321
85 325 90 325
85 332 86 334
86 0 88 1
86 15 91 15
86 29 87 31
86 36 88 37
86 41 87 43
86 48 88 49
86 52 91 52
86 56 91 56
86 68 88 69
86 84 91 84
84 85 89 85
86 89 86 94
86 103 91 103
86 105 91 105
86 112 88 113
86 124 87 126
86 129 86 134
86 135 91 135
86 144 88 145
86 157 87 159
86 161 86 166
86 168 91 168
86 172 86 177
86 178 88 179
86 181 91 181
86 182 91 182
86 201 91 201
86 207 88 208
86 224 86 229
86 233 87 235
86 236 91 236
86 238 88 239
86 241 88 242
86 244 86 249
86 250 87 251
86 255 91 255
86 259 88 260
86 267 86 270
86 273 91 273
86 277 87 279
86 280 91 280
86 284 87 286
86 295 91 295
86 303 88 304
86 311 88 312
86 314 88 315
86 317 89 317
86 322 87 324
86 328 88 329
87 10 89 11
87 17 92 17
87 19 88 21
87 22 89 23
87 25 89 26
87 33 88 35
87 38 88 40
87 62 89 63
87 64 88 66
87 67 92 67
87 79 89 80
87 81 88 83
87 86 89 87
87 89 87 94
87 95 92 95
87 98 88 100
87 101 89 102
87 114 92 114
87 117 89 118
87 119 88 121
87 129 87 134
87 138 92 138
87 139 89 140
87 152 89 153
87 154 88 156
87 161 88 163
87 164 88 166
87 167 92 167
87 172 87 177
87 188 89 189
87 190 92 190
87 195 88 197
87 198 89 199
87 202 89 203
87 205 92 205
87 209 87 214
87 218 88 220
87 223 87 228
87 229 92 229
87 231 88 232
87 237 92 237
87 244 89 245
87 246 88 248
87 249 92 249
87 258 92 258
87 262 88 264
87 265 92 265
87 267 87 270
87 288 88 290
87 294 92 294
87 297 92 297
87 300 92 300
86 302 91 302
87 308 89 309
87 318 88 319
87 320 89 321
86 327 91 327
87 330 88 332
87 333 92 333
88 2 89 4
88 9 93 9
88 12 89 14
88 29 90 30
88 31 92 31
88 41 89 43
88 44 89 46
88 50 93 50
88 51 93 51
88 55 93 55
88 58 90 59
88 72 93 72
88 75 89 77
88 78 93 78
88 89 88 94
88 96 93 96
88 97 93 97
88 106 89 108
88 109 93 109
88 111 93 111
88 116 93 116
88 122 93 122
88 124 89 126
88 127 93 127
88 129 88 134
88 142 90 143
88 146 93 146
88 148 90 149
88 150 90 151
88 157 89 159
88 160 93 160
87 169 92 169
88 172 88 177
88 183 90 184
88 192 93 192
88 194 93 194
88 206 92 206
88 209 88 214
88 215 93 215
88 216 93 216
88 223 88 228
88 233 89 235
88 240 93 240
90 252 93 252
88 254 92 254
88 257 93 257
88 261 93 261
88 267 90 268
88 269 90 270
86 271 88 272
88 274 88 279
88 281 93 281
88 284 89 286
88 291 89 292
88 305 89 307
88 322 89 324
89 0 91 1
89 7 94 7
89 18 91 19
89 20 91 21
89 24 94 24
89 27 91 28
89 33 89 38
89 39 91 40
89 48 91 49
89 64 90 66
89 68 91 69
89 81 90 83
89 89 90 91
89 92 90 94
89 98 90 100
89 119 90 121
89 123 94 123
89 129 89 134
89 136 91 137
89 144 90 145
89 154 90 156
89 161 89 166
89 170 94 170
89 172 89 177
89 178 91 179
89 185 94 185
89 195 90 197
89 207 91 208
89 209 91 210
89 211 91 212
89 213 91 214
89 218 90 220
89 223 89 228
89 230 90 232
89 239 94 239
89 241 90 243
89 247 91 248
90 250 94 250
88 250 89 252
89 253 92 253
89 259 94 259
89 260 94 260
89 262 94 262
89 263 91 264
89 266 94 266
89 272 94 272
89 274 94 274
89 275 90 277
89 278 91 279
88 282 93 282
89 288 91 289
89 293 94 293
89 298 94 298
89 301 94 301
89 303 91 304
89 311 94 311
89 312 90 314
89 318 91 319
89 328 91 329
89 330 94 330
89 331 94 331
89 334 94 334
90 2 91 4
90 6 93 6
90 10 91 12
90 13 95 13
90 14 95 14
90 16 95 16
90 22 92 23
90 25 92 26
90 32 90 36
90 37 91 38
90 41 90 46
90 53 95 53
90 54 95 54
90 57 95 57
90 60 92 61
90 62 92 63
90 75 91 77
90 79 92 80
90 85 95 85
90 86 91 88
90 101 92 102
90 104 95 104
90 106 91 108
90 110 95 110
90 117 92 118
90 124 91 126
90 128 90 133
90 134 95 134
90 139 91 141
90 152 92 153
90 157 91 159
90 161 90 166
90 172 90 177
90 180 95 180
90 187 91 189
90 193 95 193
90 198 91 200
90 202 95 202
90 203 95 203
89 204 94 204
90 217 95 217
90 221 95 221
90 223 90 228
90 233 91 235
90 238 95 238
90 244 91 246
90 251 95 251
90 256 94 256
90 283 95 283
90 284 92 285
90 286 92 287
90 290 91 292
90 299 94 299
90 305 90 310
90 315 95 315
90 316 91 317
90 320 92 321
90 322 91 324
90 326 95 326
90 332 95 332
91 5 96 5
91 8 96 8
91 30 96 30
91 32 92 34
91 35 93 36
91 41 91 46
91 47 96 47
91 58 93 59
91 64 93 65
91 66 96 66
91 70 93 71
91 73 93 74
91 81 93 82
91 89 91 94
91 98 93 99
91 100 96 100
91 112 93 113
91 119 92 121
91 128 91 133
91 142 93 143
91 147 92 149
91 151 96 151
91 154 92 156
91 161 91 166
91 171 96 171
91 172 91 177
91 183 93 184
91 186 96 186
91 191 96 191
91 195 92 197
91 218 92 220
91 222 91 227
91 228 96 228
91 230 93 231
91 241 92 243
91 267 92 268
93 270 96 270
91 269 92 271
91 275 92 277
91 296 96 296
91 305 91 310
91 312 92 314
91 325 95 325
92 0 95 0
92 1 93 3
92 4 97 4
92 10 93 12
92 15 97 15
92 18 97 18
92 19 93 21
92 27 97 27
92 28 97 28
92 29 97 29
92 39 93 41
92 42 93 44
92 45 93 46
92 48 94 49
92 56 96 56
92 68 94 69
92 75 93 77
92 83 94 84
92 86 92 91
92 92 93 94
92 103 97 103
92 105 94 106
92 107 94 108
92 115 97 115
92 124 93 126
92 128 94 129
92 130 93 132
92 133 97 133
92 135 94 136
92 139 93 141
91 144 93 145
92 150 97 150
92 157 93 159
92 161 92 166
92 168 97 168
92 172 92 177
92 178 94 179
92 181 94 182
92 188 93 189
92 198 93 200
92 201 97 201
92 207 92 212
92 213 97 213
92 214 97 214
92 222 92 227
92 232 93 234
92 235 97 235
92 236 97 236
92 244 93 246
92 247 94 248
92 264 97 264
92 273 97 273
92 278 93 280
92 288 93 290
92 291 94 292
92 295 97 295
92 302 92 307
92 308 93 310
93 318 97 318
92 316 92 319
92 322 97 322
92 323 97 323
92 324 97 324
92 327 94 328
92 329 97 329
93 17 98 17
93 22 95 23
93 25 95 26
93 32 94 34
92 37 94 38
93 60 94 62
93 63 96 63
93 67 98 67
93 79 95 80
93 86 93 91
93 95 98 95
93 101 95 102
93 114 98 114
93 117 94 119
93 120 95 121
93 138 98 138
93 147 94 149
93 152 94 154
93 155 95 156
93 161 93 165
93 166 95 167
93 169 98 169
93 172 93 177
93 190 98 190
93 195 94 196
93 205 93 210
93 211 95 212
93 218 94 220
93 222 93 227
93 229 98 229
93 237 97 237
93 241 94 243
93 249 98 249
93 253 94 255
93 258 98 258
93 265 98 265
93 267 94 269
93 271 98 271
93 275 94 277
93 284 94 286
93 294 97 294
93 297 98 297
93 300 96 300
93 302 93 307
93 312 94 314
93 316 95 317
93 319 94 321
93 333 98 333
94 1 95 3
94 9 95 11
94 12 99 12
94 19 95 21
93 31 98 31
94 35 96 36
94 39 94 44
94 50 95 52
94 55 99 55
94 58 96 59
94 64 96 65
94 70 94 75
94 76 95 78
94 81 96 82
94 86 94 91
94 92 95 94
94 96 99 96
94 99 99 99
94 109 99 109
94 111 96 112
94 113 98 113
94 116 99 116
94 122 99 122
94 124 96 125
94 126 96 127
94 130 95 132
94 140 96 141
94 142 96 143
94 144 99 144
94 146 99 146
94 157 94 162
94 163 95 165
94 172 94 177
94 183 96 184
92 187 97 187
94 188 96 189
94 192 99 192
94 194 99 194
94 198 95 200
94 205 94 210
94 215 96 216
94 222 94 227
94 230 95 232
94 233 99 233
94 234 99 234
94 240 99 240
94 244 95 246
94 252 99 252
94 257 99 257
94 261 99 261
94 263 99 263
94 278 95 280
94 281 95 282
94 287 99 287
94 288 95 290
94 302 95 304
94 305 94 310
95 7 100 7
95 24 100 24
95 32 96 34
95 37 97 38
95 39 96 41
95 42 96 44
94 45 96 46
95 48 97 49
95 60 96 62
95 68 95 73
95 74 97 75
95 83 97 84
95 86 95 91
95 98 100 98
95 105 96 107
95 117 96 119
95 123 100 123
95 128 97 129
95 135 97 136
95 147 96 149
95 152 96 154
95 157 95 162
95 172 95 177
95 178 97 179
95 181 97 182
95 185 100 185
95 195 100 195
93 197 98 197
95 204 95 209
95 210 100 210
95 218 96 220
95 222 95 227
95 241 96 243
95 247 97 248
95 250 100 250
95 253 96 255
95 259 97 260
95 262 99 262
95 266 97 267
95 269 100 269
95 274 96 276
95 277 100 277
95 284 96 286
95 291 96 293
97 298 100 298
95 301 99 301
95 305 95 310
95 311 96 312
95 313 97 314
95 319 96 321
95 327 97 328
95 330 97 331
95 334 100 334
98 1 101 1
96 0 97 2
96 3 99 3
94 6 99 6
96 9 98 10
96 11 101 11
96 13 97 14
96 16 101 16
96 19 97 21
96 22 98 23
96 25 98 26
96 50 97 52
96 53 98 54
96 57 100 57
96 68 96 73
96 76 97 78
96 79 98 80
96 85 96 90
96 91 97 93
96 94 101 94
96 101 98 102
96 104 101 104
96 108 101 108
96 110 100 110
96 120 98 121
96 130 98 131
96 132 101 132
96 134 101 134
96 145 101 145
96 155 96 160
96 161 96 166
96 167 101 167
96 172 96 177
96 180 101 180
96 193 101 193
96 196 101 196
96 198 97 200
96 202 96 207
96 208 98 209
96 211 98 212
96 217 101 217
96 221 96 226
96 227 101 227
96 230 97 232
96 238 101 238
96 239 101 239
96 244 97 246
96 251 101 251
95 256 100 256
96 272 101 272
96 278 97 279
96 283 101 283
96 288 101 288
96 289 98 290
95 298 96 299
96 302 97 304
96 305 96 310
96 315 97 317
96 325 98 326
96 332 101 332
96 335 101 335
97 8 102 8
97 30 102 30
97 32 99 33
97 34 98 36
97 39 97 44
97 45 98 47
97 58 98 60
97 61 99 62
97 65 98 66
97 68 98 70
97 72 99 73
97 81 99 82
97 85 99 86
97 88 98 90
97 105 98 107
97 111 102 111
97 112 102 112
97 117 98 119
97 124 98 126
97 127 102 127
97 139 98 141
97 142 99 143
97 147 98 149
97 151 97 156
97 157 97 162
97 163 98 165
97 166 102 166
97 170 97 175
97 176 99 177
97 183 99 184
97 186 102 186
97 188 99 189
97 191 102 191
97 202 98 204
97 205 99 206
97 207 102 207
97 215 99 216
97 218 97 223
97 224 98 226
97 228 101 228
97 241 98 243
97 253 98 255
97 268 102 268
97 270 102 270
97 274 99 275
96 280 97 282
97 284 98 286
97 291 98 293
97 296 100 296
97 299 99 300
97 305 98 307
97 309 102 309
97 310 98 312
97 319 98 321
98 0 103 0
98 4 100 5
98 13 99 15
98 18 99 20
98 21 103 21
98 27 99 29
98 37 98 42
98 43 100 44
98 48 100 49
98 50 99 52
97 56 102 56
98 71 103 71
98 74 99 76
98 77 100 78
98 83 100 84
98 91 99 93
98 100 103 100
98 103 102 103
98 115 103 115
98 128 100 129
98 133 103 133
98 135 99 137
98 151 98 156
98 157 103 157
98 159 103 159
98 161 100 162
98 168 103 168
98 170 98 175
98 178 100 179
98 181 100 182
98 187 102 187
98 198 99 199
98 200 100 201
98 213 100 214
98 218 98 223
98 230 99 232
98 235 100 236
98 245 99 246
98 247 103 247
98 248 103 248
98 259 103 259
98 260 103 260
98 264 103 264
98 266 100 267
98 273 102 273
98 278 99 280
98 281 103 281
98 294 100 295
98 302 99 304
98 313 99 315
98 316 99 318
98 322 99 324
98 327 100 328
98 329 99 331
99 9 101 10
99 17 102 17
99 23 104 23
99 25 101 26
99 31 104 31
99 34 99 39
99 40 100 42
99 45 100 47
99 54 104 54
99 58 100 60
97 63 99 64
99 65 99 70
99 80 104 80
99 87 100 89
99 90 104 90
99 95 104 95
99 101 101 102
99 105 100 107
99 113 101 114
99 117 100 119
99 120 101 121
99 124 100 126
99 131 104 131
99 138 100 140
99 141 104 141
99 147 100 149
99 150 99 155
99 163 101 164
99 165 103 165
99 169 104 169
99 170 104 170
99 172 103 172
99 173 100 175
99 190 104 190
99 197 104 197
99 202 100 204
99 208 101 209
99 212 104 212
99 218 99 223
99 224 100 226
99 229 103 229
98 237 103 237
99 241 100 243
99 249 104 249
99 253 100 255
99 258 104 258
99 265 104 265
99 271 104 271
99 276 104 276
99 282 104 282
99 284 100 286
99 289 104 289
99 290 100 292
99 293 104 293
99 297 104 297
99 305 100 306
99 307 101 308
99 310 100 312
99 319 100 321
99 325 101 326
99 333 104 333
100 2 102 3
100 6 105 6
100 12 101 13
100 15 105 15
100 18 102 19
100 20 105 20
100 27 102 28
100 29 105 29
100 32 100 37
100 38 102 39
100 50 102 51
100 52 102 53
100 55 104 55
100 61 100 66
100 67 101 69
100 70 105 70
100 72 101 74
100 75 102 76
100 81 102 82
100 86 105 86
100 91 101 93
100 96 105 96
100 99 105 99
100 116 105 116
100 122 105 122
100 130 105 130
100 135 101 137
100 142 101 144
100 146 105 146
100 150 100 154
100 155 102 156
100 158 105 158
100 160 105 160
100 176 102 177
100 183 102 184
100 188 102 189
100 192 105 192
100 194 105 194
100 198 105 198
100 199 105 199
100 205 102 206
100 215 102 216
100 218 100 223
100 230 101 232
100 233 102 234
100 240 105 240
98 244 103 244
100 245 102 246
100 252 105 252
100 257 105 257
100 261 105 261
100 262 102 263
100 274 102 275
100 278 101 280
100 287 105 287
100 299 105 299
100 300 101 302
100 303 101 304
100 313 100 318
100 322 101 324
100 329 102 330
100 331 105 331
101 4 103 5
101 7 106 7
101 22 106 22
101 24 105 24
101 32 101 37
101 40 102 42
101 43 102 45
101 46 102 48
101 49 106 49
101 57 101 62
101 64 102 66
101 77 102 79
101 83 102 85
101 87 102 89
101 98 105 98
101 105 102 107
101 109 103 110
101 117 103 118
101 119 106 119
101 123 102 125
101 126 106 126
101 128 103 129
101 139 103 140
101 147 103 148
101 149 102 151
101 152 102 154
101 161 103 162
101 173 102 175
101 178 103 179
101 181 106 181
101 185 106 185
101 195 106 195
101 200 102 202
101 210 103 211
101 213 103 214
101 218 101 223
101 224 102 226
101 235 106 235
101 241 102 243
101 250 106 250
101 253 102 255
101 256 106 256
101 266 103 267
101 269 106 269
101 277 106 277
101 284 102 286
101 290 102 292
103 294 106 294
101 294 102 296
101 298 105 298
101 305 103 306
101 310 101 315
101 316 101 321
101 328 106 328
101 334 106 334
102 1 107 1
102 9 103 11
102 12 104 13
100 14 105 14
102 32 102 37
102 57 102 62
102 67 104 68
102 69 107 69
102 72 103 74
102 91 103 93
102 94 107 94
102 97 107 97
102 101 104 102
102 104 106 104
102 108 106 108
102 113 104 114
102 120 104 121
102 132 107 132
102 134 103 136
102 137 106 137
102 142 103 144
102 145 105 145
102 163 104 164
102 167 107 167
102 180 107 180
102 182 107 182
102 193 105 193
102 196 107 196
102 203 107 203
102 208 103 209
102 217 102 222
102 223 107 223
102 227 104 228
102 232 107 232
102 251 107 251
102 278 103 280
102 283 107 283
102 288 105 288
102 300 103 301
102 307 104 308
102 310 103 312
102 313 102 317
102 320 103 321
102 322 102 327
102 332 107 332
103 2 108 2
103 3 108 3
103 8 107 8
103 16 104 18
103 19 106 19
103 25 104 27
103 28 108 28
103 30 108 30
103 32 103 37
103 38 105 39
103 40 103 45
103 46 105 47
103 48 108 48
103 50 104 52
103 53 108 53
103 56 103 61
103 62 104 64
103 65 105 66
103 75 108 75
103 76 108 76
103 77 104 79
103 81 104 83
103 84 105 85
103 87 108 87
103 88 105 89
103 106 108 106
103 111 105 112
103 123 104 125
103 127 108 127
103 138 108 138
103 149 104 151
103 152 104 154
103 155 108 155
103 156 108 156
103 173 104 175
103 176 105 177
103 184 108 184
103 186 108 186
103 187 104 189
103 191 108 191
103 200 104 202
103 204 104 206
103 215 103 220
103 221 105 222
103 224 108 224
103 225 105 226
103 233 105 234
103 241 104 243
103 245 104 246
103 253 104 255
103 262 108 262
103 263 108 263
103 268 108 268
103 270 108 270
103 272 108 272
103 273 104 275
103 284 104 286
103 290 104 292
103 295 105 296
104 303 108 303
102 302 103 304
103 309 108 309
103 313 104 315
103 317 108 317
102 318 104 319
103 322 105 323
103 324 105 325
103 326 108 326
103 327 108 327
103 329 105 330
104 0 109 0
104 4 106 5
104 9 105 11
104 21 109 21
104 32 104 37
104 40 104 45
104 56 104 61
104 71 105 72
104 73 106 74
104 91 105 93
103 103 108 103
104 107 109 107
104 109 106 110
104 115 109 115
104 117 106 118
104 128 106 129
104 133 105 135
104 136 109 136
104 139 106 140
104 142 105 144
104 147 108 147
104 148 109 148
104 157 109 157
104 159 109 159
104 161 106 162
104 165 106 166
104 171 106 172
104 178 106 179
104 207 105 209
104 210 106 211
104 213 104 218
104 219 106 220
104 229 106 230
104 236 105 238
104 244 108 244
104 247 106 248
104 259 109 259
104 260 109 260
104 264 108 264
104 266 109 266
104 278 105 279
104 280 106 281
104 300 105 302
104 304 106 305
104 311 105 312
104 316 109 316
104 320 109 320
104 321 109 321
104 335 109 335
105 12 110 12
105 16 106 18
105 23 110 23
105 26 107 27
105 31 105 36
105 37 110 37
105 40 105 45
105 50 106 52
105 54 105 59
105 60 107 61
105 62 106 64
105 67 107 68
105 77 107 78
105 80 110 80
105 82 107 83
105 90 110 90
105 100 106 102
105 105 110 105
105 113 110 113
105 114 110 114
105 120 107 121
105 123 106 125
105 131 110 131
105 149 105 154
105 163 107 164
105 168 106 170
105 173 106 175
105 187 106 189
105 197 110 197
105 200 110 200
105 201 107 202
105 204 106 206
105 212 105 217
105 227 110 227
105 241 107 242
105 243 108 243
105 249 110 249
105 253 106 255
105 258 110 258
105 265 109 265
105 267 110 267
105 271 109 271
105 273 106 275
105 276 110 276
105 282 110 282
105 284 110 284
105 285 110 285
105 286 110 286
105 289 106 291
105 292 107 293
105 297 110 297
105 306 106 308
105 313 106 315
105 318 107 319
105 333 110 333
106 6 111 6
106 9 107 11
106 14 111 14
106 15 111 15
106 24 108 25
106 29 111 29
106 31 106 36
106 38 106 43
106 44 107 46
106 47 111 47
106 54 106 59
106 65 108 66
106 70 107 72
106 84 107 86
106 88 108 89
106 91 107 93
106 96 111 96
106 98 108 99
106 111 111 111
106 112 111 112
106 116 111 116
106 122 111 122
106 130 111 130
106 133 108 134
106 135 111 135
106 141 107 143
106 144 107 146
106 149 106 154
106 158 111 158
106 160 111 160
106 176 108 177
106 192 107 194
106 198 108 199
106 207 107 209
106 212 106 216
106 218 111 218
106 221 107 222
106 225 108 226
106 228 111 228
106 231 111 231
106 233 108 234
106 236 107 238
106 240 111 240
105 245 107 246
106 252 111 252
106 257 111 257
106 261 111 261
106 279 111 279
106 287 108 288
106 295 108 296
106 299 107 301
106 302 111 302
106 311 107 312
106 322 111 322
106 325 111 325
106 329 107 331
107 4 109 5
107 7 111 7
107 16 108 18
107 19 109 20
107 22 112 22
107 31 107 36
107 38 107 43
107 49 108 51
107 52 112 52
107 54 107 59
107 62 108 64
107 73 109 74
107 79 112 79
107 95 112 95
107 100 108 102
107 109 109 110
107 117 108 119
107 123 109 124
107 125 109 126
107 128 109 129
107 139 109 140
107 149 107 154
107 165 112 165
107 166 112 166
107 168 107 171
108 174 112 174
107 172 107 175
107 178 109 179
107 181 112 181
107 185 112 185
107 187 108 189
107 195 112 195
107 204 108 206
107 210 107 215
107 216 112 216
106 217 111 217
107 219 109 220
107 230 112 230
107 235 110 235
107 247 109 248
107 250 112 250
107 253 108 255
107 269 112 269
107 273 109 274
107 275 112 275
107 277 112 277
107 280 109 281
107 289 108 291
107 294 112 294
106 298 111 298
107 304 112 304
107 305 109 306
107 307 109 308
107 313 108 315
107 328 112 328
107 334 110 334
108 1 113 1
108 9 109 11
108 27 113 27
108 31 110 32
108 34 109 36
108 38 108 43
108 44 109 46
108 54 109 56
108 57 109 59
108 61 111 61
108 67 108 72
108 77 113 77
108 81 108 86
108 91 110 92
108 93 113 93
108 94 113 94
107 104 112 104
107 108 112 108
108 120 110 121
108 132 113 132
107 137 112 137
108 141 108 146
108 149 109 150
108 151 110 152
108 153 110 154
108 161 109 163
108 167 108 172
108 173 113 173
108 175 113 175
108 180 113 180
108 182 111 182
108 192 109 194
108 196 113 196
108 201 109 203
108 207 108 212
108 213 109 215
108 223 113 223
108 236 109 238
108 241 110 242
108 251 113 251
108 278 113 278
108 283 113 283
108 292 110 293
108 299 109 301
104 310 109 310
108 311 110 312
108 318 110 319
108 323 113 323
108 324 113 324
108 329 109 331
108 332 113 332
109 2 111 3
108 8 113 8
109 16 110 18
109 24 110 26
109 28 114 28
109 30 114 30
109 38 109 43
109 48 110 50
109 51 114 51
109 62 109 67
109 68 110 70
109 71 114 71
109 72 114 72
109 75 111 76
109 78 114 78
109 81 109 86
109 87 110 89
109 97 109 102
109 103 114 103
109 106 114 106
109 117 114 117
109 118 111 119
109 127 114 127
109 133 111 134
109 138 114 138
109 141 111 142
109 143 113 143
109 145 114 145
109 146 111 147
109 155 111 156
109 167 109 172
109 176 111 177
109 184 114 184
109 186 109 191
109 198 111 199
109 204 109 209
109 210 110 212
108 221 110 222
109 224 110 226
109 232 111 233
109 234 114 234
109 239 114 239
109 243 110 245
109 253 114 253
109 255 112 255
109 256 114 256
109 262 110 264
109 268 114 268
109 270 114 270
109 272 114 272
109 287 110 289
109 291 114 291
109 295 111 296
109 303 114 303
109 313 110 315
109 326 111 327
110 0 115 0
110 4 112 5
110 10 115 10
110 11 115 11
110 13 115 13
110 19 111 21
110 33 111 35
110 36 115 36
110 38 110 43
110 44 111 46
110 53 110 58
110 59 115 59
110 62 110 67
110 73 112 74
110 81 110 86
110 97 110 102
110 107 114 107
110 109 112 110
110 115 114 115
110 123 111 125
110 126 115 126
110 128 112 129
110 136 115 136
110 139 112 140
110 148 111 150
110 157 115 157
110 159 115 159
110 161 111 163
110 164 115 164
110 167 110 172
110 178 112 179
110 186 110 191
110 192 111 194
110 201 110 206
110 207 111 209
110 213 111 215
110 219 111 220
110 236 115 236
110 237 115 237
110 246 112 247
110 259 112 260
112 266 115 266
110 273 112 274
110 280 112 281
110 290 115 290
110 299 111 301
110 305 111 307
110 310 115 310
110 316 115 316
110 320 111 321
110 329 112 330
110 331 115 331
111 12 116 12
111 16 112 18
111 23 112 25
111 26 116 26
111 31 113 32
111 37 111 42
111 43 116 43
111 48 112 50
111 53 111 58
111 62 111 67
111 68 112 70
111 80 111 85
111 86 111 91
111 92 116 92
111 97 112 99
111 100 112 102
111 105 116 105
111 113 113 114
111 120 113 121
111 131 116 131
111 151 116 151
111 152 112 154
111 167 111 172
111 187 111 191
111 197 116 197
111 200 111 205
111 206 116 206
111 210 112 212
111 221 116 221
111 222 116 222
111 224 112 226
111 227 116 227
111 241 112 243
111 244 113 245
111 249 116 249
111 258 116 258
111 262 112 264
110 265 111 266
111 267 116 267
110 271 114 271
111 276 116 276
111 284 111 289
111 292 114 292
111 297 116 297
111 308 116 308
111 311 112 313
111 314 113 315
111 317 112 319
113 333 116 333
111 333 112 335
112 2 114 3
114 6 115 8
112 14 114 15
112 19 113 21
112 29 117 29
112 33 113 35
112 37 112 42
112 44 113 46
112 47 117 47
112 53 112 58
112 60 113 62
112 63 113 65
112 66 114 67
112 75 114 76
112 80 113 82
112 83 112 88
112 89 113 91
112 96 117 96
112 111 114 112
112 118 114 119
112 122 114 123
112 124 114 125
112 130 117 130
112 133 113 135
112 141 114 142
112 146 113 148
112 149 114 150
112 155 114 156
112 158 117 158
112 160 113 162
112 163 117 163
112 167 112 172
112 176 114 177
112 182 114 183
112 187 112 191
112 192 113 194
112 198 112 203
112 204 114 205
112 209 117 209
112 213 113 215
112 217 117 217
112 218 113 220
112 228 114 229
112 231 113 233
112 240 116 240
112 252 117 252
112 257 117 257
112 265 117 265
112 279 117 279
112 286 112 289
112 295 114 296
112 298 114 299
112 300 113 302
112 305 113 307
112 322 117 322
112 325 116 325
112 327 117 327
113 4 115 5
112 6 113 7
113 16 114 18
113 22 114 24
113 25 118 25
113 37 113 42
113 48 114 50
113 52 113 57
113 58 118 58
113 68 118 68
113 70 118 70
113 73 115 74
113 83 113 88
113 95 118 95
113 97 113 102
113 104 118 104
113 108 114 110
113 128 115 129
113 137 118 137
113 139 115 140
113 152 114 154
113 165 113 170
113 171 118 171
113 172 118 172
113 174 118 174
113 178 115 179
113 181 118 181
113 185 118 185
111 186 116 186
113 187 114 189
113 190 115 191
113 195 118 195
113 198 113 203
113 210 114 212
113 216 118 216
113 224 114 226
113 230 117 230
111 235 116 235
113 238 118 238
113 241 114 243
113 246 114 248
113 250 118 250
113 254 115 255
113 259 113 264
113 269 118 269
113 273 114 275
113 277 118 277
113 280 114 282
115 284 118 284
112 284 114 285
113 286 118 286
113 287 115 288
113 289 118 289
113 294 118 294
113 304 118 304
113 309 118 309
113 311 115 312
113 313 118 313
113 317 114 319
112 320 114 321
113 328 117 328
113 329 118 329
113 330 118 330
113 334 115 335
114 1 119 1
116 6 117 8
114 9 119 9
114 19 115 21
114 27 119 27
114 31 116 32
114 33 115 35
114 37 114 42
114 44 115 46
114 52 114 57
114 60 114 65
114 69 119 69
114 77 117 77
114 80 116 81
114 82 115 83
114 84 116 85
114 86 115 88
114 89 115 91
114 93 116 94
114 97 115 99
114 100 115 102
114 113 119 113
114 114 119 114
114 120 116 121
114 132 115 133
114 134 115 135
114 143 116 144
114 146 115 148
114 160 115 162
114 165 114 170
114 173 118 173
114 175 119 175
114 180 119 180
114 193 117 193
114 196 118 196
114 198 114 203
114 213 115 215
114 218 115 220
114 223 119 223
114 231 115 233
114 245 119 245
114 251 119 251
114 259 114 264
114 278 119 278
114 283 119 283
114 301 119 301
114 302 119 302
114 305 115 307
114 314 116 315
114 323 116 324
114 332 119 332
115 2 120 2
115 3 120 3
115 14 115 18
115 22 116 24
115 28 120 28
115 30 120 30
115 39 115 42
115 48 115 53
115 54 116 56
115 57 120 57
115 60 115 65
115 66 117 67
115 71 117 72
115 75 117 76
115 78 117 79
115 103 120 103
115 106 115 110
115 111 116 112
115 115 116 117
115 118 117 119
115 122 116 124
115 125 120 125
115 127 120 127
115 138 120 138
115 142 118 142
115 145 120 145
115 149 117 150
115 152 116 153
115 155 117 156
115 165 115 170
115 176 120 176
115 177 120 177
115 182 116 184
115 187 116 189
115 198 115 203
115 204 117 205
115 208 120 208
115 210 116 212
115 224 119 224
115 225 117 226
115 228 120 228
115 234 120 234
115 239 120 239
115 241 116 243
115 246 116 248
115 256 120 256
115 259 115 264
115 268 120 268
115 270 120 270
115 271 116 273
115 275 120 275
115 280 116 282
115 291 117 292
115 295 120 295
115 296 120 296
115 298 116 300
115 303 118 303
115 317 116 318
115 319 116 321
116 0 121 0
116 4 118 5
116 10 118 11
116 13 118 14
116 15 116 20
116 21 121 21
116 33 116 36
116 39 118 40
116 41 118 42
116 44 117 46
116 48 116 53
116 59 116 63
116 64 118 65
116 73 121 73
116 74 121 74
116 82 118 83
116 86 118 87
116 88 117 90
116 91 121 91
116 97 116 102
116 106 117 108
116 109 118 110
116 126 121 126
116 128 118 129
116 132 118 133
118 136 121 136
116 139 121 139
116 140 118 141
116 146 117 148
116 159 117 161
116 162 121 162
116 164 116 169
116 170 121 170
116 178 118 179
116 190 117 192
116 194 121 194
116 198 116 203
116 213 118 214
116 215 121 215
116 218 117 220
116 229 121 229
116 231 117 233
116 236 118 237
116 244 121 244
116 253 117 255
116 259 116 264
116 266 121 266
116 287 118 288
116 290 121 290
116 293 121 293
116 305 117 307
116 310 118 311
116 316 121 316
116 334 118 335
117 15 117 20
117 22 118 24
117 26 122 26
117 31 117 36
118 37 122 37
115 37 117 38
117 43 122 43
117 48 117 53
117 54 118 56
117 59 118 61
117 63 122 63
117 80 119 81
117 84 121 84
117 92 118 94
117 97 117 102
117 105 122 105
117 115 118 117
117 120 118 122
117 123 119 124
117 131 122 131
116 134 117 136
117 143 119 144
117 151 118 153
115 154 120 154
117 157 122 157
117 164 118 166
117 169 122 169
117 182 118 184
117 186 118 188
117 189 122 189
117 197 117 201
117 203 122 203
117 206 122 206
117 210 118 212
117 221 119 222
117 235 122 235
117 240 118 242
117 247 118 249
117 258 118 260
117 261 119 262
117 263 119 264
117 267 122 267
117 271 118 273
115 274 120 274
117 276 122 276
117 280 118 281
117 285 122 285
117 297 118 299
117 300 122 300
117 308 122 308
117 314 122 314
117 315 122 315
117 317 118 319
117 320 119 321
118 323 119 324
117 323 117 326
117 333 122 333
118 6 119 8
118 15 118 20
118 29 123 29
118 31 118 36
118 44 118 49
118 50 119 52
118 53 123 53
118 66 120 67
118 71 120 72
118 75 123 75
118 76 119 78
118 85 123 85
118 88 120 89
118 90 123 90
118 96 118 101
118 102 122 102
118 106 119 108
117 111 119 112
118 118 120 119
118 130 123 130
118 134 123 134
118 146 120 147
118 148 119 150
118 155 123 155
118 156 123 156
118 158 119 160
118 161 123 161
118 163 123 163
118 168 123 168
118 190 119 192
118 197 120 198
118 199 120 200
118 201 123 201
117 202 122 202
118 204 120 205
118 209 123 209
118 217 119 219
118 220 123 220
118 225 123 225
120 231 123 231
118 230 119 232
118 246 123 246
118 252 123 252
118 253 120 254
118 257 123 257
118 279 123 279
118 291 120 292
118 305 119 307
118 322 123 322
118 325 123 325
118 326 119 328
118 331 123 331
119 4 121 5
119 10 119 15
119 16 120 18
119 19 121 20
119 22 120 24
119 25 124 25
119 31 119 36
119 38 120 40
119 41 121 42
119 44 119 49
119 54 120 56
119 58 120 60
119 61 121 62
119 65 123 65
119 68 124 68
119 70 124 70
119 79 124 79
119 82 121 83
119 86 121 87
119 92 119 97
119 98 120 100
119 101 124 101
119 104 124 104
119 109 121 110
119 115 120 117
119 120 121 121
119 122 123 122
119 128 124 128
119 129 124 129
119 132 121 133
119 135 124 135
119 137 124 137
119 140 124 140
119 141 121 142
119 151 120 153
119 164 121 165
119 166 121 167
119 171 121 172
119 174 124 174
119 178 121 179
119 181 119 186
119 187 121 188
121 195 124 195
119 207 124 207
119 210 120 212
119 213 121 214
119 216 124 216
119 226 124 226
119 236 120 238
119 240 120 242
117 243 121 243
119 247 121 248
119 250 124 250
119 255 124 255
119 258 120 260
119 265 124 265
119 269 124 269
119 271 120 273
119 277 124 277
119 280 120 281
119 284 124 284
119 286 120 288
119 289 123 289
119 297 121 298
119 299 124 299
119 303 121 304
119 309 121 310
119 311 120 313
119 317 120 319
119 329 124 329
119 335 124 335
120 1 125 1
120 8 120 13
120 14 125 14
120 15 125 15
120 27 125 27
120 31 120 36
120 44 121 46
120 47 121 49
120 50 121 52
120 69 125 69
120 76 125 76
120 77 125 77
120 78 125 78
120 80 122 81
120 92 120 97
120 106 125 106
120 107 125 107
120 108 125 108
120 111 121 113
120 114 125 114
120 123 122 124
120 143 122 144
120 148 121 150
120 158 121 160
119 173 123 173
120 175 125 175
120 180 120 184
122 185 123 186
120 190 122 191
120 192 125 192
118 193 123 193
119 195 120 196
120 217 121 219
120 221 121 223
120 232 122 233
120 245 125 245
120 251 125 251
120 261 121 263
120 264 124 264
120 278 124 278
120 283 125 283
120 294 125 294
120 301 122 302
120 305 125 305
120 306 125 306
120 307 125 307
120 320 122 321
120 323 122 324
120 326 121 328
120 332 123 332
121 2 123 3
121 6 121 11
121 12 123 13
121 16 122 18
121 22 122 24
121 28 126 28
121 30 121 35
121 36 126 36
121 38 122 40
121 54 122 56
121 57 126 57
121 58 122 60
121 64 126 64
121 66 126 66
121 67 126 67
121 71 123 72
121 88 123 89
121 92 121 97
121 98 122 100
121 115 122 117
121 118 123 119
121 125 126 125
121 127 126 127
121 138 126 138
121 145 122 147
121 151 122 153
121 154 126 154
121 176 123 177
121 180 122 182
121 183 123 184
120 185 121 186
121 196 122 198
121 199 123 200
121 204 123 205
121 208 126 208
121 211 123 212
120 224 125 224
121 227 123 228
121 234 126 234
121 236 121 241
121 242 126 242
121 249 126 249
121 253 123 254
121 256 126 256
121 258 122 260
121 268 126 268
121 270 121 275
121 280 123 281
117 282 122 282
121 286 122 288
121 291 123 292
121 295 123 296
121 311 126 311
121 312 126 312
121 317 122 319
121 330 126 330
121 334 126 334
122 0 127 0
122 4 123 6
122 7 127 7
122 8 123 10
122 11 127 11
122 19 123 21
122 30 122 35
122 41 124 42
122 44 122 49
122 50 124 51
122 52 127 52
122 61 124 62
122 73 124 74
122 82 123 84
122 86 123 87
122 91 122 95
122 96 124 97
122 109 123 110
124 112 127 112
122 111 123 113
122 120 123 121
122 126 127 126
122 132 124 133
122 136 126 136
122 141 124 142
122 148 123 150
122 158 127 158
122 160 127 160
122 162 127 162
122 164 123 166
122 167 127 167
122 170 123 172
122 178 124 179
122 187 123 188
122 194 127 194
122 213 123 215
122 217 123 219
122 221 123 223
122 229 127 229
122 236 122 241
122 243 124 244
122 247 123 248
122 261 123 263
122 266 127 266
122 270 122 275
122 290 127 290
122 293 126 293
122 297 124 298
122 303 124 304
122 309 124 310
122 316 127 316
122 326 123 328
123 16 124 18
123 22 124 24
123 26 128 26
123 30 124 32
123 33 125 34
123 35 128 35
123 37 124 39
123 40 128 40
123 43 123 48
123 49 128 49
123 54 124 56
123 58 124 60
123 63 128 63
123 80 124 81
123 91 124 93
123 94 125 95
123 98 124 100
123 102 125 103
123 105 128 105
123 115 124 117
123 124 128 124
123 131 128 131
123 139 128 139
123 143 128 143
123 144 125 145
123 146 125 147
123 151 125 152
123 153 128 153
123 159 128 159
123 180 124 182
123 189 125 190
123 191 128 191
123 196 124 198
123 202 125 203
123 206 128 206
121 210 126 210
124 211 128 211
123 232 125 233
123 235 123 240
123 241 128 241
123 258 124 260
123 267 127 267
123 270 123 275
123 276 128 276
123 282 128 282
123 285 124 287
123 300 124 302
123 308 128 308
123 314 125 315
123 317 124 319
123 320 125 321
123 323 125 324
123 333 128 333
124 2 126 3
124 4 126 5
124 6 129 6
124 8 125 10
124 12 129 12
124 13 129 13
124 19 125 21
124 29 129 29
124 43 124 48
124 71 126 72
124 82 126 83
124 84 127 84
124 85 125 87
124 88 126 89
124 90 129 90
124 109 126 110
124 111 129 111
124 113 129 113
124 118 124 123
124 130 129 130
124 134 129 134
124 148 125 150
124 155 125 157
124 161 129 161
124 163 125 165
124 166 129 166
124 168 125 170
124 171 129 171
126 172 128 173
124 176 126 177
124 183 125 185
124 193 129 193
124 199 125 201
124 204 126 205
124 212 125 214
124 215 129 215
124 217 124 222
124 223 129 223
124 225 129 225
124 227 126 228
124 230 125 231
124 235 124 240
124 246 129 246
124 252 125 254
124 261 127 261
124 262 126 263
124 270 124 275
124 279 129 279
124 281 128 281
124 288 126 289
124 291 126 292
124 295 126 296
124 313 129 313
124 322 129 322
124 325 126 326
124 328 129 328
124 331 126 332
125 16 126 18
125 22 126 24
125 25 130 25
125 30 126 32
125 37 126 38
125 41 125 46
125 47 127 48
125 50 127 51
125 53 126 55
125 56 130 56
125 58 126 59
125 60 126 62
124 65 129 65
125 68 130 68
125 70 130 70
125 73 126 75
127 79 130 79
125 91 127 92
125 93 130 93
125 96 126 98
125 99 126 101
125 115 125 120
125 121 126 123
125 128 127 129
125 132 127 133
125 135 130 135
125 137 130 137
125 140 126 142
124 172 125 173
125 178 126 180
125 181 127 182
127 187 130 187
124 186 125 188
125 195 126 196
125 197 127 198
125 207 129 207
125 209 130 209
125 216 125 221
125 226 128 226
125 235 125 240
125 243 127 244
124 247 126 248
125 250 130 250
125 257 130 257
125 258 130 258
125 259 127 260
125 264 127 265
125 269 125 274
125 275 129 275
125 277 127 278
125 284 126 286
125 287 130 287
125 297 125 302
125 303 129 303
125 304 130 304
125 309 127 310
125 317 126 319
125 329 130 329
126 1 130 1
126 8 127 10
126 14 128 15
126 19 127 21
126 27 131 27
126 33 128 34
126 41 126 46
126 76 127 78
125 79 126 81
126 85 127 87
126 94 131 94
126 95 131 95
126 102 128 103
126 106 127 108
126 114 126 119
126 120 130 120
126 144 127 146
126 147 126 152
126 155 128 156
126 157 131 157
126 163 131 163
126 164 128 165
126 168 128 169
126 170 131 170
126 174 128 175
126 183 127 185
126 186 130 186
126 189 131 189
126 190 131 190
126 192 131 192
126 199 127 201
126 202 128 203
126 212 127 214
126 216 126 221
126 222 131 222
126 224 131 224
126 230 127 232
126 233 131 233
126 235 127 237
126 238 128 239
126 240 131 240
126 245 131 245
126 251 127 253
126 254 131 254
126 269 126 274
126 283 131 283
126 294 131 294
126 297 126 302
126 305 127 307
126 315 131 315
126 320 128 321
126 323 131 323
126 324 131 324
126 335 131 335
127 2 129 3
127 4 129 5
127 16 128 18
127 22 132 22
127 23 129 24
127 28 132 28
127 30 128 32
127 36 128 38
125 39 130 39
127 41 127 46
127 53 128 55
127 57 127 62
127 64 132 64
127 66 129 67
127 71 128 73
127 74 132 74
127 75 132 75
127 80 128 82
127 83 130 83
127 88 129 89
127 96 127 101
127 110 132 110
127 114 128 116
127 117 128 119
127 121 128 123
127 125 132 125
127 127 132 127
127 140 128 142
127 147 127 152
127 154 132 154
127 176 128 178
127 179 132 179
127 180 132 180
126 188 131 188
127 195 129 196
127 204 129 205
127 208 132 208
127 210 131 210
127 216 127 221
127 227 128 228
127 234 132 234
127 242 132 242
127 249 132 249
127 255 129 256
127 262 129 263
127 268 127 272
127 273 129 274
127 284 128 286
127 288 129 289
127 291 129 292
127 295 127 300
127 301 129 302
127 311 132 311
127 317 128 319
127 325 128 327
127 330 128 332
127 334 132 334
128 0 133 0
128 7 129 9
128 10 130 11
128 19 129 21
128 41 128 46
128 47 130 48
128 50 130 51
128 52 133 52
128 57 129 59
128 60 130 61
128 62 133 62
128 69 133 69
128 76 130 77
128 78 133 78
128 84 130 85
128 86 133 86
128 87 133 87
128 91 130 92
128 96 128 101
128 104 133 104
128 106 129 108
128 112 133 112
128 126 133 126
128 128 132 128
128 129 133 129
128 132 130 133
127 136 132 136
128 144 128 149
128 150 129 152
128 158 133 158
128 160 133 160
128 162 133 162
128 167 132 167
128 181 130 182
128 183 133 183
128 194 133 194
128 197 129 199
128 200 130 201
128 212 129 214
128 216 128 221
128 229 129 231
128 232 133 232
128 235 129 237
128 243 130 244
128 251 129 253
128 260 130 261
128 264 129 265
128 268 129 270
128 271 130 272
128 277 130 278
128 290 133 290
127 293 132 293
128 295 128 300
128 305 129 307
128 309 130 310
128 316 133 316
129 14 130 16
129 18 133 18
129 26 134 26
129 30 129 35
129 36 130 38
129 40 129 45
129 46 134 46
129 49 134 49
129 53 130 55
129 63 134 63
129 71 131 72
129 73 134 73
129 80 130 82
129 96 129 101
129 102 131 103
129 105 134 105
129 109 134 109
129 114 129 119
129 121 130 123
129 124 134 124
129 138 129 143
129 144 129 149
129 153 134 153
129 156 134 156
129 159 133 159
129 164 131 165
129 168 131 169
129 173 129 178
129 184 134 184
129 191 134 191
129 202 131 203
129 211 134 211
129 216 129 221
129 238 131 239
129 241 134 241
128 266 129 267
129 276 134 276
129 280 130 282
129 284 130 286
129 295 129 300
129 308 134 308
129 314 134 314
129 317 130 319
129 320 131 321
129 325 130 327
129 330 131 331
129 332 131 333
130 2 130 7
130 8 132 9
130 12 132 13
130 19 131 21
130 23 135 23
130 29 131 31
130 32 131 34
130 35 135 35
130 40 131 42
130 44 132 45
130 57 131 59
130 65 131 67
130 88 131 90
130 96 130 100
130 106 132 107
130 108 135 108
130 111 135 111
130 113 130 118
130 119 135 119
130 130 132 131
130 134 135 134
130 138 135 138
130 139 135 139
130 140 131 142
130 143 130 148
130 149 131 150
130 151 132 152
130 161 135 161
130 166 134 166
130 171 130 176
130 177 132 178
130 193 135 193
130 195 131 197
130 198 132 199
130 204 131 206
130 212 130 217
130 218 131 220
130 221 135 221
130 223 135 223
130 225 135 225
131 227 135 227
129 226 130 228
130 229 131 231
130 235 131 237
130 246 131 248
130 251 131 253
130 255 131 256
130 262 131 264
130 265 131 267
130 268 131 270
130 273 135 273
130 274 135 274
130 279 134 279
130 288 132 289
130 291 132 292
130 295 130 300
130 301 131 303
130 305 131 307
130 313 134 313
130 322 135 322
130 328 135 328
131 2 136 2
131 4 133 5
131 6 133 7
131 10 132 11
131 14 132 16
131 36 132 38
131 39 136 39
131 47 133 48
131 50 133 51
131 53 132 55
131 56 136 56
131 60 133 61
131 68 134 68
131 70 136 70
131 76 133 77
131 79 132 81
131 82 132 84
131 85 136 85
131 91 132 93
131 96 132 98
131 99 133 100
130 101 135 101
131 113 131 118
131 121 132 123
131 132 133 133
131 135 136 135
131 137 136 137
131 143 131 148
131 171 131 176
131 181 133 182
131 185 132 187
131 200 133 201
130 207 135 207
131 209 136 209
131 212 131 217
131 226 136 226
131 243 136 243
131 250 136 250
131 259 132 261
131 271 133 272
130 275 135 275
131 277 133 278
131 280 132 282
131 284 132 286
131 287 136 287
131 295 131 300
131 304 136 304
131 309 132 310
131 312 136 312
131 317 132 319
131 325 132 327
131 329 136 329
131 1 136 1
132 3 137 3
132 20 134 21
132 24 134 25
132 27 137 27
132 29 133 31
132 32 134 33
132 34 137 34
132 40 133 42
132 57 133 59
132 65 133 67
132 71 134 72
132 88 133 90
132 94 137 94
132 95 137 95
132 102 134 103
132 113 132 118
131 120 136 120
132 140 132 145
132 146 132 150
132 155 137 155
132 157 137 157
132 163 133 165
132 168 132 173
132 174 133 176
132 188 133 190
132 192 137 192
132 195 133 197
132 202 134 203
132 204 134 205
132 212 134 213
132 214 132 219
132 220 136 220
132 222 137 222
132 224 137 224
132 228 133 230
132 231 137 231
132 233 135 233
132 235 132 240
132 244 133 246
132 247 136 247
132 251 137 251
132 252 137 252
132 253 134 254
132 255 133 257
132 262 132 267
132 268 133 270
132 283 137 283
132 294 132 299
132 300 133 302
132 303 137 303
132 305 133 307
132 315 137 315
132 320 134 321
132 323 134 324
132 330 133 332
132 333 136 333
132 335 137 335
133 8 138 8
133 9 138 9
134 12 138 12
134 13 135 14
133 10 133 15
133 16 138 16
133 22 138 22
133 36 134 38
133 43 134 45
133 53 135 54
133 55 138 55
133 64 138 64
133 74 135 75
133 79 133 84
133 91 134 93
133 96 134 98
133 110 138 110
133 113 133 118
133 121 134 123
133 125 138 125
133 127 135 128
133 130 138 130
133 131 138 131
133 136 138 136
133 140 134 142
133 143 133 148
133 149 134 151
133 152 138 152
133 154 138 154
133 168 133 173
133 177 134 179
133 180 138 180
133 185 134 187
133 198 135 199
133 208 138 208
132 210 137 210
133 214 133 219
133 234 134 236
133 237 134 239
133 240 138 240
133 248 135 249
133 258 134 260
133 261 135 262
133 263 134 265
133 266 135 267
133 280 135 281
133 282 138 282
133 284 135 285
133 286 138 286
133 288 135 289
133 291 133 296
133 297 134 299
133 309 134 311
133 317 134 319
133 325 134 327
133 334 136 334
134 4 135 6
134 10 136 11
134 15 139 15
134 17 136 18
134 19 139 19
134 28 135 30
134 31 139 31
134 40 135 42
134 47 136 48
134 50 135 52
134 57 134 62
134 65 135 67
134 76 134 81
134 82 135 84
134 86 135 88
134 90 138 90
134 99 136 100
134 104 139 104
134 107 139 107
134 112 134 117
134 118 139 118
134 129 139 129
134 132 136 133
134 143 135 145
134 147 136 148
134 158 139 158
134 159 136 160
134 162 135 164
133 167 138 167
134 168 135 170
134 171 135 173
134 175 136 176
134 181 135 183
134 188 135 190
134 194 135 196
134 197 139 197
134 200 139 200
134 201 139 201
134 206 139 206
134 214 134 219
134 228 135 230
134 244 135 246
134 256 139 256
134 268 135 270
134 271 136 272
134 277 138 277
134 290 134 295
134 296 139 296
134 300 135 302
134 305 135 307
134 316 138 316
134 330 136 331
134 332 137 332
135 7 140 7
135 20 137 21
135 24 140 24
135 25 137 26
135 32 137 33
135 36 136 38
135 43 136 45
135 46 140 46
135 49 140 49
135 57 135 61
135 62 137 63
135 68 137 69
135 71 136 73
135 76 136 78
135 79 136 81
135 91 137 92
135 93 140 93
135 96 136 98
135 102 137 103
135 105 137 106
135 109 140 109
135 112 135 116
135 121 140 121
135 122 136 124
135 140 136 142
135 149 136 151
135 153 140 153
135 156 140 156
135 165 137 166
135 177 136 179
135 184 136 186
135 187 140 187
135 191 140 191
135 202 136 203
135 204 137 205
135 211 135 216
135 218 140 218
135 219 140 219
135 234 136 236
135 237 136 239
135 241 137 242
135 253 136 255
135 258 136 260
135 263 136 265
135 276 140 276
135 278 137 279
135 290 136 292
135 293 140 293
135 294 137 295
135 297 136 299
135 308 136 310
135 311 140 311
135 313 137 314
135 317 137 318
135 319 136 321
135 323 136 325
135 326 137 327
136 4 137 6
136 13 138 14
136 23 141 23
136 28 137 30
136 35 139 35
136 40 137 42
136 50 137 52
136 53 138 54
136 57 137 59
136 60 138 61
136 65 137 67
136 74 138 75
136 82 137 84
136 86 137 88
136 89 141 89
136 101 141 101
136 111 136 116
135 117 140 117
136 119 140 119
136 127 141 127
136 134 141 134
136 138 138 139
136 143 137 144
136 145 138 146
136 161 137 163
136 164 141 164
136 168 136 171
136 172 137 174
136 181 138 182
136 183 141 183
136 188 137 190
136 193 138 194
136 195 138 196
136 198 141 198
136 199 141 199
136 211 136 215
136 216 138 217
136 221 141 221
136 223 141 223
136 225 141 225
136 227 141 227
136 228 141 228
136 229 138 230
136 232 138 233
136 244 141 244
136 261 138 262
136 266 137 268
136 269 138 270
136 273 137 275
136 281 141 281
136 284 138 285
136 288 138 289
136 300 137 302
136 305 137 307
136 322 141 322
137 2 142 2
137 10 139 11
137 17 142 17
137 18 142 18
137 36 138 38
137 39 142 39
137 43 138 45
137 47 139 48
137 56 142 56
137 70 138 72
137 76 137 81
137 85 142 85
137 96 138 98
137 99 139 100
137 111 137 116
137 120 140 120
137 122 138 124
137 132 139 133
137 135 142 135
137 137 142 137
137 140 138 142
137 147 138 149
137 150 139 151
137 159 139 160
137 168 138 170
137 175 138 177
137 178 138 179
137 184 138 186
137 202 139 203
137 209 142 209
137 211 138 213
137 214 139 215
137 226 141 226
137 234 137 239
137 243 142 243
137 245 138 247
137 250 142 250
137 253 142 253
137 254 142 254
137 257 142 257
137 258 138 260
137 263 138 265
137 271 139 272
137 280 142 280
137 287 142 287
137 290 138 292
137 297 138 299
137 308 139 309
137 310 142 310
137 312 142 312
137 319 138 321
137 323 138 325
137 328 138 330
138 0 143 0
138 4 139 5
138 6 143 6
138 20 140 21
138 25 138 30
138 32 139 34
138 40 139 42
138 50 139 52
138 57 139 59
138 62 140 63
138 65 139 67
138 68 143 68
138 76 143 76
138 78 143 78
138 79 138 84
138 86 139 88
138 91 143 91
138 92 143 92
138 94 140 95
138 102 140 103
138 105 140 106
138 108 143 108
138 112 143 112
138 113 139 115
138 116 143 116
138 128 143 128
138 144 142 144
138 155 143 155
138 157 143 157
138 161 139 163
138 165 140 166
138 171 140 172
138 188 139 190
138 204 140 205
138 207 143 207
137 220 142 220
138 222 143 222
138 224 143 224
138 231 143 231
138 234 138 239
138 241 140 242
138 249 143 249
138 251 140 252
138 266 139 268
138 273 139 275
138 283 143 283
138 294 140 295
138 300 138 305
138 306 140 307
138 313 139 315
138 317 140 318
138 326 140 327
138 331 139 332
138 335 143 335
139 8 144 8
139 9 144 9
139 12 141 13
139 14 144 14
139 22 144 22
139 25 140 27
139 28 140 30
139 36 140 38
139 43 140 45
139 53 140 55
139 60 141 61
139 64 144 64
139 69 139 74
139 75 144 75
139 77 144 77
139 79 139 84
139 96 144 96
139 97 141 98
139 110 141 111
139 122 140 124
139 125 141 126
139 130 141 131
139 136 144 136
139 138 144 138
139 139 144 139
139 140 144 140
139 142 144 142
139 145 140 147
139 148 141 149
139 152 144 152
139 154 144 154
139 167 140 169
139 170 144 170
139 173 140 175
139 176 144 176
139 177 139 182
139 184 140 186
139 192 141 193
139 194 140 196
139 208 144 208
139 211 140 213
139 216 141 217
139 229 141 230
139 232 139 236
139 237 140 239
139 240 144 240
139 245 140 247
139 258 139 263
139 264 141 265
139 269 144 269
139 270 143 270
139 277 140 279
139 282 144 282
139 284 140 286
139 288 140 290
139 291 144 291
139 292 144 292
139 297 141 298
139 299 139 304
139 305 144 305
139 319 140 321
139 323 140 325
139 328 141 329
139 330 144 330
137 333 139 334
140 1 145 1
138 3 143 3
140 4 142 5
140 10 142 11
140 15 142 16
140 19 145 19
140 31 141 33
140 34 145 34
140 40 142 41
140 47 145 47
140 48 145 48
140 50 145 50
140 52 145 52
140 57 141 59
140 65 141 67
140 69 140 74
140 79 140 84
140 86 141 88
139 90 144 90
140 99 142 100
140 104 145 104
140 107 144 107
140 113 141 115
140 118 145 118
140 129 143 129
140 132 142 133
140 141 145 141
140 150 142 151
140 158 140 163
140 178 141 180
140 181 142 182
140 188 141 190
140 197 145 197
140 200 141 202
140 206 145 206
140 214 142 215
140 232 141 234
140 235 145 235
140 236 145 236
140 248 145 248
140 256 145 256
140 258 140 263
140 266 141 268
140 271 141 273
140 274 142 275
140 296 145 296
140 299 140 304
140 308 142 309
140 313 141 315
139 316 143 316
140 331 145 331
140 332 142 333
141 7 146 7
141 20 143 21
141 24 141 29
141 30 146 30
141 36 142 38
141 42 142 44
141 45 143 46
141 49 146 49
141 53 142 55
141 62 143 63
141 69 141 74
141 81 143 82
141 83 143 84
141 93 142 95
141 102 143 103
141 105 146 105
141 109 146 109
141 117 146 117
141 121 142 123
141 124 146 124
141 145 142 147
141 153 144 153
141 156 146 156
141 158 142 160
141 161 142 163
141 167 146 167
141 169 146 169
141 171 142 173
141 174 143 175
141 184 142 186
141 187 146 187
141 191 146 191
141 194 142 196
141 203 142 205
141 210 142 212
141 213 146 213
141 218 143 219
141 237 143 238
141 241 143 242
141 245 142 247
141 251 143 252
141 258 141 263
141 276 142 278
141 279 146 279
141 284 142 286
141 288 143 289
141 293 142 295
141 299 142 301
141 302 143 303
141 304 146 304
141 306 143 307
141 311 146 311
141 317 142 319
141 320 143 321
141 323 143 324
141 325 142 327
141 334 146 334
142 12 144 13
142 23 142 28
142 29 147 29
142 31 143 33
140 35 145 35
142 51 147 51
142 57 143 59
142 60 144 61
142 65 143 67
142 69 142 74
142 79 144 80
142 86 143 88
142 89 147 89
142 97 144 98
142 101 147 101
142 106 147 106
142 111 147 111
142 113 143 115
141 119 143 120
142 125 144 126
142 130 144 131
142 134 147 134
142 148 144 149
142 164 145 164
142 168 147 168
142 177 144 178
142 179 144 180
142 183 147 183
142 188 143 190
142 192 147 192
142 198 143 200
142 201 144 202
142 216 147 216
142 221 147 221
142 223 146 223
142 225 147 225
142 227 143 229
142 230 147 230
142 232 143 234
142 239 147 239
142 244 147 244
142 258 142 263
142 264 147 264
142 265 147 265
142 266 143 268
142 271 143 273
142 281 147 281
142 297 144 298
142 313 143 315
142 322 147 322
142 328 144 329
143 2 147 2
143 4 145 5
143 10 148 10
143 11 148 11
143 15 144 17
143 18 148 18
143 23 143 28
143 36 143 41
143 42 144 44
143 53 144 55
143 69 143 74
143 85 148 85
143 93 144 95
143 99 145 100
143 121 144 123
143 135 148 135
143 137 148 137
143 143 143 147
143 150 145 151
143 158 143 163
143 166 148 166
143 171 144 173
143 181 145 182
143 184 144 186
143 193 144 195
143 196 148 196
143 203 144 205
143 209 144 211
143 212 148 212
143 214 145 215
143 220 148 220
142 226 147 226
143 245 144 247
143 250 148 250
143 253 145 254
143 255 148 255
143 257 143 262
143 263 148 263
143 274 144 276
143 277 145 278
143 284 145 285
143 286 148 286
143 287 148 287
143 290 148 290
143 293 144 295
143 299 144 301
143 308 144 310
143 312 148 312
143 317 144 319
143 325 144 327
143 332 145 333
144 0 149 0
144 3 149 3
144 6 149 6
144 20 146 21
144 23 144 28
144 31 145 33
144 36 144 41
144 45 146 46
144 56 145 58
144 59 149 59
144 62 146 63
144 65 145 67
144 68 145 70
144 71 145 73
144 74 149 74
144 76 149 76
144 78 149 78
144 81 145 83
144 84 149 84
144 86 146 87
144 88 147 88
144 91 146 92
144 102 146 103
144 112 145 114
144 115 146 116
144 119 146 120
144 127 146 128
144 132 149 132
144 145 145 147
144 155 149 155
144 157 144 162
144 163 149 163
144 174 146 175
144 188 145 190
144 198 145 200
144 207 149 207
144 217 145 219
144 222 149 222
144 224 147 224
144 227 145 229
144 231 145 233
144 234 149 234
144 237 146 238
144 241 145 243
144 249 148 249
144 251 145 252
144 257 144 262
144 266 145 268
145 271 146 272
144 270 144 273
144 283 148 283
144 288 146 289
144 302 146 303
144 306 146 307
144 313 149 313
144 314 149 314
144 315 145 316
144 320 146 321
144 323 146 324
144 335 149 335
145 8 150 8
145 9 150 9
145 12 145 17
145 22 145 27
145 28 150 28
145 36 145 41
145 42 146 44
145 53 146 55
145 60 147 61
145 93 145 98
147 108 151 108
145 121 146 123
145 125 147 126
145 130 147 131
145 133 150 133
145 136 150 136
145 138 146 140
145 142 147 143
145 148 147 149
145 152 150 152
145 154 150 154
145 157 146 159
145 160 146 162
145 170 146 172
145 173 150 173
145 176 145 180
145 184 146 186
145 193 146 195
145 201 146 203
145 204 147 205
145 208 150 208
145 209 146 211
145 240 150 240
145 245 147 246
145 257 145 262
145 269 147 270
145 273 147 274
145 275 147 276
145 282 150 282
145 291 147 292
145 293 146 295
145 297 146 299
145 300 147 301
145 305 150 305
145 308 146 310
145 318 150 318
145 319 150 319
145 325 145 330
146 4 148 5
146 12 146 17
146 19 151 19
146 22 146 27
146 31 146 36
146 38 147 39
146 40 148 41
146 52 151 52
146 56 147 58
146 64 146 69
146 70 147 72
146 80 147 82
146 83 151 83
146 90 151 90
146 93 147 95
146 96 148 97
146 98 147 100
146 104 151 104
145 107 146 108
146 112 147 114
146 118 150 118
144 129 149 129
146 141 151 141
146 144 147 146
146 147 151 147
146 150 148 151
146 164 148 165
146 176 146 181
146 182 151 182
146 188 147 190
146 197 147 199
146 200 151 200
146 214 148 215
146 217 147 219
146 227 147 229
146 231 147 233
146 235 148 236
146 241 147 243
146 248 151 248
147 253 151 253
146 251 146 254
146 256 146 261
146 262 151 262
146 266 147 268
146 277 148 278
146 280 151 280
146 284 148 285
146 296 151 296
146 315 147 317
146 325 147 327
146 328 146 333
147 7 152 7
147 12 147 17
147 20 147 25
147 26 148 27
147 30 147 35
147 36 152 36
147 42 147 47
147 53 148 55
147 62 149 63
147 64 148 66
147 67 148 69
147 86 149 87
147 91 149 92
147 102 149 103
147 105 151 105
147 107 152 107
147 109 149 110
147 115 148 117
147 119 148 121
147 122 148 124
147 127 149 128
147 138 149 139
147 140 152 140
145 153 150 153
147 156 148 158
147 159 148 161
147 162 152 162
147 167 152 167
147 169 148 171
147 174 147 179
147 180 149 181
147 184 149 185
147 186 152 186
147 187 152 187
147 191 152 191
147 193 148 195
147 201 148 203
147 206 152 206
147 209 148 211
147 213 152 213
147 237 149 238
147 247 152 247
147 251 149 252
147 256 147 261
147 271 148 272
147 279 151 279
147 288 149 289
147 293 148 295
147 297 148 299
147 302 148 304
147 306 147 311
147 320 149 321
147 323 149 324
147 328 148 330
147 331 148 333
148 1 150 2
148 12 148 17
148 20 148 25
148 29 148 34
148 35 152 35
146 37 151 37
148 38 150 39
148 42 148 47
148 48 153 48
148 49 153 49
148 50 150 51
148 56 149 58
148 60 150 61
148 70 150 71
148 72 150 73
148 79 149 81
148 82 153 82
148 88 150 89
148 93 149 95
148 98 150 99
148 100 150 101
148 112 153 112
148 113 153 113
148 114 153 114
148 125 150 126
148 130 150 131
148 134 153 134
148 142 153 142
148 143 153 143
148 144 150 145
148 148 153 148
148 174 148 179
148 188 149 190
148 192 153 192
148 197 149 199
148 204 150 205
148 216 149 218
148 219 153 219
148 221 153 221
147 223 152 223
148 225 148 230
148 231 149 233
148 239 153 239
148 242 153 242
148 245 153 245
148 246 153 246
148 256 148 261
148 264 149 266
148 267 150 268
148 269 150 270
148 273 148 276
148 281 153 281
148 291 150 292
148 300 150 301
148 306 148 311
148 315 153 315
148 316 153 316
148 317 153 317
148 322 153 322
148 325 149 327
148 334 153 334
149 4 151 5
149 10 150 12
149 13 149 18
149 20 151 21
149 22 154 22
149 23 149 27
149 29 149 34
149 40 149 44
149 45 150 47
149 53 150 55
149 64 150 66
149 68 151 69
149 75 154 75
149 85 154 85
149 96 151 97
149 115 150 117
149 119 149 124
149 135 154 135
149 137 154 137
149 149 150 151
149 156 149 161
149 164 151 165
149 166 154 166
149 168 150 170
149 171 154 171
149 174 149 179
149 193 150 195
149 196 154 196
149 201 151 202
149 203 154 203
149 210 151 211
149 214 151 215
149 220 154 220
149 225 149 230
149 235 150 236
149 241 154 241
149 243 154 243
149 249 151 250
149 254 149 259
149 260 151 261
149 263 153 263
149 271 150 273
149 274 154 274
149 275 154 275
149 277 151 278
149 284 150 286
149 287 153 287
149 293 154 293
149 297 151 298
149 299 154 299
149 302 151 303
149 304 154 304
149 306 149 311
149 312 154 312
149 328 149 333
150 0 155 0
150 3 155 3
150 6 155 6
150 13 150 18
150 23 155 23
150 24 155 24
150 25 151 27
150 29 150 34
150 40 151 42
150 44 155 44
150 56 152 57
150 58 155 58
150 59 155 59
150 62 152 63
150 74 155 74
150 76 155 76
150 77 155 77
150 78 155 78
150 79 155 79
150 80 152 81
150 84 155 84
150 86 152 87
150 91 151 93
150 94 152 95
150 102 152 103
150 109 151 111
150 119 150 124
150 127 152 128
150 129 155 129
150 132 155 132
150 138 152 139
150 146 155 146
150 155 150 160
150 161 155 161
150 163 153 163
150 172 155 172
150 174 150 179
150 180 155 180
150 181 155 181
150 183 151 185
150 188 151 190
150 197 152 198
150 199 155 199
150 207 155 207
150 209 155 209
150 216 155 216
150 218 155 218
150 222 155 222
150 225 150 229
150 230 151 232
150 233 155 233
150 234 155 234
150 244 155 244
150 251 152 252
150 254 150 259
150 264 151 266
149 283 154 283
150 288 151 290
150 295 155 295
150 306 150 311
150 313 152 314
150 320 152 321
150 323 150 328
150 329 151 331
150 332 152 333
150 335 153 335
151 1 155 1
151 2 156 2
151 8 151 13
151 14 152 15
151 16 152 18
151 28 151 33
151 34 156 34
151 38 156 38
151 39 155 39
151 47 156 47
151 50 156 50
151 51 156 51
151 53 152 55
151 60 153 61
151 64 152 66
151 70 152 72
151 73 156 73
151 88 152 89
151 98 152 100
151 101 156 101
151 115 153 116
153 117 156 117
151 119 156 119
151 120 152 122
151 123 153 124
151 125 153 126
151 130 153 131
151 133 156 133
151 136 156 136
151 144 153 145
151 149 152 151
151 152 156 152
151 153 156 153
151 154 156 154
151 155 153 156
151 157 152 159
151 160 156 160
151 168 153 169
151 170 156 170
151 173 151 178
151 179 156 179
151 193 152 195
151 204 153 205
151 225 151 229
152 237 157 237
151 235 151 238
151 254 152 256
151 257 152 259
151 267 152 269
151 270 156 270
151 271 156 271
151 282 154 282
151 284 153 285
151 286 156 286
151 291 156 291
151 292 156 292
151 300 153 301
151 305 151 310
151 311 156 311
151 318 153 319
151 323 151 328
152 4 154 5
152 8 152 13
152 19 154 20
152 21 157 21
152 25 152 30
152 31 153 33
152 37 156 37
152 40 153 42
152 52 157 52
152 67 154 68
152 83 157 83
152 90 153 91
152 93 157 93
152 96 154 97
152 104 157 104
152 105 154 106
152 108 153 110
152 111 157 111
151 117 152 118
152 141 157 141
152 147 157 147
152 164 157 164
152 173 152 178
152 182 153 184
152 185 157 185
152 188 153 190
152 200 153 202
152 210 153 212
152 214 154 215
152 217 157 217
148 224 152 224
152 225 157 225
152 226 157 226
152 227 152 232
152 235 154 236
152 238 157 238
152 240 157 240
152 248 154 249
152 253 157 253
152 260 153 262
152 264 153 266
152 272 157 272
152 276 157 276
152 277 157 277
152 278 153 280
152 294 157 294
152 296 153 298
152 302 154 303
152 305 152 310
152 323 152 328
152 329 153 331
153 7 153 12
153 13 154 15
153 16 158 16
153 18 158 18
153 25 153 30
155 36 158 36
153 43 158 43
153 45 155 46
153 53 158 53
153 54 155 55
153 57 157 57
153 62 154 64
153 65 155 66
153 69 154 71
153 72 158 72
153 80 155 81
153 86 155 87
153 94 155 95
153 98 154 100
153 102 155 103
153 118 158 118
153 120 154 122
153 127 155 128
153 138 154 140
153 149 154 151
153 157 154 159
153 162 158 162
153 173 153 178
153 186 158 186
153 187 158 187
153 191 158 191
153 193 154 195
153 197 155 198
153 213 158 213
153 223 155 224
153 227 153 232
153 247 158 247
153 250 158 250
153 251 155 252
153 254 153 259
153 267 154 269
153 305 153 310
153 313 155 314
153 320 155 321
153 323 154 325
153 326 158 326
153 327 155 328
153 332 158 332
153 333 158 333
154 7 154 12
154 25 154 30
154 31 155 33
153 35 154 36
154 40 155 42
154 48 156 49
154 60 156 61
154 82 159 82
153 88 155 89
154 90 159 90
154 91 159 91
152 92 157 92
154 107 155 109
154 112 155 114
154 115 156 116
154 123 155 125
154 130 156 131
154 134 159 134
154 142 156 143
154 144 156 145
154 148 159 148
154 155 156 156
154 165 159 165
154 167 155 169
154 173 154 178
154 182 155 184
154 188 155 190
154 192 159 192
154 200 155 202
154 204 155 206
154 210 155 212
154 219 159 219
154 221 159 221
154 227 154 232
154 242 159 242
154 245 156 246
154 254 154 259
154 260 156 261
154 262 155 264
154 266 159 266
154 273 159 273
154 279 156 280
154 281 159 281
154 284 159 284
154 285 159 285
156 288 159 288
154 287 155 289
154 290 159 290
154 296 155 298
154 300 156 301
154 305 154 310
154 315 155 317
154 318 156 319
154 322 159 322
154 329 155 331
154 334 156 335
155 4 160 4
155 5 160 5
155 7 156 9
155 10 156 12
155 13 156 15
155 17 160 17
155 19 157 20
155 22 160 22
155 25 156 27
155 28 160 28
155 29 160 29
155 30 159 30
155 62 156 64
155 67 160 67
155 68 157 69
155 70 157 71
155 75 160 75
155 85 160 85
155 96 156 98
155 99 157 100
155 105 157 106
155 120 156 122
155 126 160 126
155 135 160 135
155 137 156 139
155 140 160 140
155 149 156 151
155 157 156 159
155 166 160 166
155 171 160 171
155 173 155 178
155 194 156 196
155 203 160 203
155 208 160 208
155 215 160 215
155 220 159 220
155 227 156 229
155 231 160 231
155 235 157 236
155 239 160 239
155 248 157 249
155 254 155 259
155 265 160 265
155 267 156 269
155 274 157 275
155 282 157 283
155 293 158 293
155 299 160 299
155 302 155 307
155 308 157 309
155 310 160 310
155 312 160 312
155 323 156 325
156 0 158 1
156 3 160 3
156 6 161 6
156 23 161 23
156 24 161 24
156 31 157 33
156 35 161 35
156 40 157 42
156 44 158 45
156 46 161 46
156 54 157 56
156 58 158 59
156 65 158 66
156 74 161 74
156 76 156 81
156 84 161 84
156 86 157 88
156 94 158 95
156 102 158 103
156 107 157 109
156 110 161 110
156 112 157 114
156 123 158 124
156 127 157 129
156 132 161 132
156 146 161 146
156 161 160 161
154 163 159 163
156 167 157 169
156 172 156 177
156 178 160 178
156 180 157 182
156 184 161 184
156 188 157 190
156 197 156 202
156 204 157 206
156 207 161 207
156 209 161 209
156 210 161 210
156 211 161 211
156 216 160 216
156 218 161 218
156 222 157 224
156 232 158 233
156 234 161 234
156 241 161 241
156 251 158 252
156 254 156 259
156 262 157 264
156 278 161 278
156 287 161 287
156 289 161 289
157 295 161 295
157 296 161 296
156 295 156 298
156 302 156 307
156 313 157 315
156 316 157 317
156 320 158 321
156 327 157 329
156 330 158 331
157 7 157 12
157 13 158 15
157 26 162 26
157 27 162 27
156 39 161 39
157 47 158 49
157 50 159 51
157 60 158 62
157 63 159 64
157 73 162 73
157 76 159 77
157 78 158 80
157 96 158 98
157 101 162 101
157 115 158 117
157 119 158 121
157 125 162 125
157 130 159 131
157 133 162 133
157 136 158 138
157 139 162 139
157 142 158 144
157 145 162 145
157 149 157 154
157 155 159 156
157 157 159 158
157 159 159 160
157 170 162 170
157 172 157 177
157 179 160 179
157 193 157 198
157 199 158 201
157 202 162 202
157 212 162 212
157 214 162 214
157 227 158 229
157 243 158 245
157 246 162 246
157 254 157 259
157 260 159 261
157 267 158 268
159 270 162 270
157 269 158 271
157 279 159 280
157 291 159 292
157 300 158 302
157 303 158 305
157 306 158 307
157 311 162 311
157 318 158 319
157 323 158 325
158 7 158 12
158 19 159 21
158 25 163 25
158 31 159 33
157 37 162 37
158 40 159 42
158 52 163 52
159 54 163 54
158 54 158 57
158 68 159 70
158 71 162 71
158 83 163 83
158 86 163 86
158 87 159 89
158 92 160 93
158 99 160 100
158 104 158 109
158 111 159 113
158 114 163 114
158 122 163 122
158 127 159 129
158 141 162 141
158 149 158 154
158 164 162 164
158 167 160 168
158 169 163 169
158 172 158 177
158 180 163 180
158 181 159 183
158 185 163 185
158 188 159 190
158 193 158 198
158 204 160 205
158 206 163 206
158 217 163 217
158 222 159 224
158 225 160 226
158 230 163 230
158 235 159 237
158 238 161 238
158 240 163 240
158 248 160 249
158 253 159 255
158 256 159 258
158 259 163 259
158 262 159 264
158 272 163 272
158 274 159 276
158 277 163 277
158 282 160 283
158 286 163 286
158 294 163 294
158 309 163 309
158 313 159 315
158 327 159 329
158 334 160 335
159 0 160 2
159 7 159 12
159 13 160 15
159 16 164 16
159 18 164 18
159 34 164 34
159 36 164 36
159 38 164 38
159 43 160 45
159 47 160 49
159 53 164 53
159 55 164 55
159 56 160 58
159 59 164 59
159 60 161 61
159 65 161 66
159 72 163 72
159 78 160 80
159 94 161 95
159 96 160 98
159 102 159 107
159 108 164 108
159 115 159 120
159 121 163 121
159 123 161 124
159 136 160 138
159 142 160 144
159 147 164 147
159 149 159 154
159 162 164 162
159 172 160 174
159 175 160 177
159 186 160 187
159 191 164 191
159 193 159 198
159 200 161 201
159 213 164 213
159 227 160 229
159 233 164 233
159 243 164 243
159 244 164 244
159 245 164 245
159 247 164 247
159 250 160 252
159 267 160 269
159 298 164 298
159 300 159 305
159 306 160 308
159 318 159 321
159 323 160 325
159 330 160 332
160 7 160 12
160 19 162 20
160 21 165 21
161 31 162 32
160 30 160 33
160 40 161 42
160 50 162 51
160 63 165 63
160 68 161 70
160 76 165 76
160 81 162 82
160 87 165 87
160 88 162 89
160 90 162 91
160 102 161 104
160 105 161 107
160 109 165 109
160 111 161 113
160 115 161 117
160 118 161 120
160 127 162 128
160 129 162 130
160 131 165 131
160 134 164 134
160 148 160 153
160 154 161 156
160 157 161 159
160 163 164 163
160 165 165 165
160 181 161 183
160 188 165 188
160 189 165 189
160 190 165 190
160 192 160 197
160 198 165 198
160 219 160 224
160 232 165 232
160 235 161 237
160 242 165 242
160 253 160 258
160 260 161 262
160 263 162 264
160 266 164 266
160 271 165 271
160 273 161 275
160 276 165 276
160 279 161 281
160 284 162 285
160 288 165 288
160 290 161 292
160 297 165 297
160 300 160 305
160 313 161 315
158 316 160 317
160 318 160 322
160 326 161 328
160 329 165 329
160 333 165 333
161 0 161 5
161 7 161 12
161 13 162 15
161 17 164 17
161 22 166 22
161 28 162 30
161 33 166 33
161 43 162 45
161 48 162 49
161 56 162 58
161 62 166 62
161 67 164 67
161 75 166 75
161 77 163 78
161 79 163 80
161 85 166 85
161 92 163 93
161 96 162 98
161 99 163 100
161 126 166 126
161 135 162 137
161 138 166 138
161 140 164 140
161 142 162 144
161 148 161 153
161 160 163 161
161 166 162 168
161 171 161 176
161 177 162 179
161 192 161 197
159 199 164 199
162 201 166 201
161 203 166 203
161 205 166 205
161 208 166 208
161 215 162 216
161 219 162 221
161 222 161 227
161 228 166 228
161 231 166 231
161 239 166 239
161 248 161 253
161 254 162 256
161 257 163 258
161 265 166 265
161 267 162 269
161 282 163 283
159 293 164 293
161 299 161 304
161 305 162 307
161 308 166 308
161 310 166 310
161 312 166 312
161 316 161 321
161 322 162 324
161 325 166 325
161 330 162 332
161 334 166 334
162 0 162 5
162 6 162 11
162 12 167 12
162 23 164 24
162 35 167 35
162 39 163 41
162 42 167 42
162 46 167 46
162 61 167 61
162 64 167 64
162 65 167 65
162 68 163 70
162 74 167 74
162 94 164 95
162 102 162 107
162 110 166 110
162 112 166 112
162 113 167 113
162 115 162 120
162 123 164 124
162 146 167 146
162 148 163 150
162 151 163 153
162 154 163 156
162 157 164 158
162 159 166 159
162 171 162 176
162 181 167 181
162 182 163 184
161 186 163 187
162 192 162 197
162 200 167 200
162 207 167 207
162 209 163 211
162 218 167 218
162 222 162 227
162 229 167 229
162 234 163 236
162 237 164 238
162 241 167 241
162 248 162 253
162 260 163 262
162 273 167 273
162 274 167 274
162 275 167 275
162 278 164 279
162 280 164 281
162 287 167 287
162 289 163 290
162 291 164 292
162 295 164 296
162 299 162 304
162 313 162 318
162 319 163 321
162 326 163 328
163 0 165 1
163 2 165 3
163 4 163 9
163 10 165 11
163 13 164 15
163 19 165 20
163 26 163 30
163 31 165 32
163 37 168 37
163 43 164 45
161 47 166 47
163 48 164 50
163 56 167 56
163 58 168 58
163 73 168 73
163 81 165 82
163 84 168 84
163 88 164 90
163 91 168 91
163 96 164 98
163 101 163 106
163 107 167 107
163 115 163 120
163 127 164 128
163 129 165 130
163 133 168 133
163 135 164 137
163 139 167 139
165 142 168 142
163 141 164 143
163 145 168 145
163 166 164 168
163 170 164 172
163 173 168 173
163 174 165 175
163 176 164 177
163 178 165 179
163 192 164 194
163 195 164 197
163 202 168 202
163 212 167 212
163 214 164 216
163 219 164 221
163 222 163 227
163 248 163 253
163 254 164 256
163 263 164 264
163 267 164 269
163 270 168 270
163 284 165 285
163 299 163 302
163 305 164 306
163 311 168 311
163 313 163 318
163 330 164 332
163 335 168 335
164 4 164 9
164 25 164 30
164 39 165 41
164 51 166 52
164 54 169 54
164 68 166 69
164 70 169 70
163 71 168 71
164 77 165 78
164 79 166 80
164 83 169 83
164 86 169 86
164 92 166 93
164 99 164 104
164 105 166 106
164 114 164 119
164 120 165 122
164 148 164 153
164 154 166 155
164 160 169 160
164 161 169 161
163 164 168 164
164 169 169 169
164 180 169 180
164 182 164 187
164 204 169 204
164 209 165 211
164 217 169 217
164 222 166 223
164 224 165 226
164 227 169 227
164 230 168 230
164 234 166 235
164 240 169 240
164 248 164 253
164 257 164 262
164 272 169 272
164 277 169 277
164 282 169 282
164 289 169 289
164 290 169 290
164 294 167 294
164 299 165 300
164 301 166 302
163 303 165 304
164 309 168 309
164 313 164 318
164 319 164 324
164 326 165 328
165 4 165 9
165 13 166 15
165 16 166 18
165 23 166 25
165 26 167 27
165 28 166 30
165 34 170 34
165 36 170 36
165 38 169 38
165 43 166 45
165 48 166 50
165 53 170 53
165 55 170 55
165 59 167 60
165 66 167 67
164 72 169 72
165 88 166 90
165 94 166 96
165 97 167 98
165 99 166 101
165 102 167 103
165 104 170 104
165 108 170 108
165 114 165 119
165 123 166 125
165 127 167 128
165 132 170 132
165 134 166 136
165 137 170 137
165 140 167 141
165 143 167 144
165 147 165 152
165 153 170 153
165 156 166 158
165 162 170 162
165 166 166 168
165 170 167 171
165 172 170 172
165 176 167 177
165 182 165 187
165 191 165 196
165 197 170 197
165 199 170 199
165 206 170 206
165 213 166 215
165 216 170 216
165 219 166 221
165 233 170 233
165 236 167 237
165 238 170 238
165 243 166 245
165 246 166 248
165 249 170 249
165 250 166 252
165 253 165 258
165 259 166 261
165 262 166 264
165 266 166 268
165 269 170 269
165 278 166 280
165 281 170 281
165 291 167 292
165 293 170 293
165 295 167 296
165 298 170 298
165 305 167 306
163 307 167 307
165 313 167 314
165 315 166 317
165 318 166 320
165 321 167 322
165 323 170 323
165 324 170 324
165 330 166 332
166 1 167 3
166 4 166 9
166 10 168 11
166 19 167 20
166 31 168 32
166 39 168 40
166 41 171 41
166 57 171 57
166 63 171 63
166 76 167 78
166 81 168 82
166 87 171 87
166 109 171 109
166 114 166 119
166 120 167 122
166 129 167 131
166 147 167 149
166 150 168 151
166 152 171 152
165 163 170 163
166 165 171 165
166 174 168 175
166 178 171 178
166 179 171 179
166 182 171 182
166 184 168 185
166 187 166 192
166 194 168 195
166 196 170 196
166 198 170 198
166 209 167 210
166 224 167 226
166 232 170 232
166 242 171 242
166 253 166 258
166 271 170 271
166 276 171 276
166 283 167 285
166 286 171 286
166 288 171 288
166 297 171 297
166 299 167 300
166 304 169 304
166 326 171 326
166 327 167 329
166 333 170 333
167 4 167 9
167 13 167 18
167 22 168 24
167 25 172 25
167 28 168 30
167 33 172 33
167 43 168 45
167 47 167 52
167 62 171 62
167 69 170 69
167 75 172 75
167 79 169 80
167 85 172 85
167 88 168 90
167 92 168 94
167 95 169 96
167 99 168 101
167 105 169 106
167 111 169 112
167 114 167 119
167 123 168 125
167 126 172 126
167 134 168 136
167 154 168 156
167 157 169 158
167 166 168 168
167 186 167 191
167 192 171 192
167 201 172 201
167 203 172 203
167 205 170 205
167 208 172 208
167 213 172 213
167 214 172 214
167 215 172 215
167 219 168 221
167 222 168 223
167 228 172 228
167 231 172 231
167 234 169 235
167 239 172 239
167 243 167 248
167 250 167 255
167 256 169 257
167 258 167 263
167 264 172 264
167 265 168 267
167 268 172 268
167 278 169 279
167 280 172 280
167 302 172 302
167 308 172 308
167 312 172 312
167 315 168 317
167 318 169 319
167 330 169 331
167 332 172 332
167 334 170 334
168 0 168 5
168 6 169 8
168 9 173 9
168 12 168 17
168 18 169 20
166 21 171 21
168 26 170 27
168 35 173 35
168 42 173 42
168 46 169 48
168 49 170 50
168 51 173 51
168 59 170 60
168 61 173 61
168 64 169 66
168 67 170 68
168 74 173 74
168 76 169 78
168 97 170 98
168 102 173 102
167 110 172 110
168 113 168 118
168 119 170 120
168 121 173 121
168 122 173 122
168 127 169 129
168 130 170 131
168 138 169 140
168 141 173 141
168 143 170 144
168 146 169 148
168 149 173 149
167 159 172 159
168 170 169 171
168 176 170 177
168 181 171 181
168 183 173 183
168 186 168 191
166 193 171 193
169 195 173 195
168 200 172 200
168 207 172 207
168 209 170 210
166 211 171 211
168 218 171 218
168 224 169 226
168 236 170 237
168 241 173 241
168 243 168 248
168 250 168 255
168 258 168 263
168 273 169 275
168 283 169 285
168 287 173 287
168 291 170 292
168 294 170 295
168 299 169 301
168 305 169 307
168 313 170 314
168 320 169 322
168 325 173 325
168 327 169 329
169 0 169 5
169 10 170 12
169 14 174 14
169 22 171 23
169 24 174 24
169 28 170 30
169 31 171 32
169 37 174 37
169 39 171 40
169 43 170 45
168 56 173 56
169 58 174 58
169 71 174 71
169 73 174 73
169 81 171 82
169 84 174 84
169 88 169 93
169 94 174 94
169 99 170 101
169 103 174 103
168 107 173 107
169 113 169 118
169 123 170 125
169 133 171 134
169 135 171 136
169 142 174 142
169 145 174 145
169 150 171 151
169 154 170 155
169 164 174 164
169 166 170 168
169 173 170 175
169 184 170 186
169 187 173 187
169 188 170 190
169 191 174 191
169 202 173 202
168 212 173 212
169 219 170 221
169 229 171 230
169 243 169 248
169 250 169 255
169 258 169 263
169 265 170 267
169 309 170 311
169 315 170 317
169 335 174 335
170 0 170 5
170 6 171 8
170 13 175 13
170 15 170 20
170 46 171 48
170 54 175 54
170 64 171 66
170 72 174 72
170 76 171 78
170 79 175 79
170 80 175 80
170 83 175 83
170 86 175 86
170 88 170 93
170 95 172 96
170 105 171 106
170 111 170 116
170 117 172 118
170 127 171 129
170 138 171 140
170 146 171 148
170 157 172 158
170 160 175 160
170 161 175 161
170 169 171 171
170 180 175 180
170 217 175 217
170 224 170 227
170 234 172 235
170 240 175 240
170 243 170 248
170 250 170 255
170 256 170 261
170 262 172 263
170 272 171 274
170 275 175 275
170 277 171 279
170 282 171 284
170 285 175 285
170 289 172 290
171 295 175 295
168 296 173 296
170 299 171 301
170 303 172 304
170 305 171 307
170 318 171 320
170 322 175 322
170 327 171 329
170 330 172 331
171 0 171 5
171 10 172 12
171 15 171 20
171 26 172 28
171 29 176 29
171 36 176 36
170 38 175 38
171 43 172 45
171 49 173 50
171 53 176 53
171 55 176 55
171 59 176 59
171 60 176 60
171 67 172 68
171 70 176 70
171 88 171 93
171 97 172 99
171 100 173 101
171 104 175 104
171 108 174 108
171 111 171 116
171 119 176 119
171 120 176 120
171 123 172 125
171 130 176 130
171 131 173 132
171 137 176 137
171 143 173 144
171 153 172 155
169 156 174 156
171 162 176 162
171 163 176 163
171 166 172 168
171 172 176 172
171 174 172 176
171 177 176 177
171 184 172 186
171 188 172 190
171 194 176 194
171 197 176 197
171 198 173 199
171 204 173 205
171 206 176 206
171 209 176 209
171 216 176 216
171 219 172 221
172 222 176 222
169 222 171 223
171 224 172 226
171 227 176 227
171 232 173 233
171 236 172 238
171 243 171 248
171 249 171 254
171 255 171 260
171 261 176 261
171 265 172 267
171 269 172 271
171 281 176 281
171 291 173 292
171 298 176 298
171 309 172 311
171 313 172 315
171 316 173 317
171 323 173 324
172 0 172 5
172 6 173 8
172 15 174 16
172 18 177 18
172 19 177 19
172 21 173 23
172 30 173 32
172 39 173 41
172 46 174 47
172 48 177 48
172 52 177 52
172 63 173 65
172 76 177 76
172 77 174 78
172 81 174 82
172 87 172 92
172 93 177 93
172 109 176 109
172 111 172 116
172 127 173 129
172 133 173 135
172 136 177 136
172 138 173 140
172 146 173 148
172 150 174 151
172 165 177 165
172 169 173 171
172 179 177 179
172 181 174 182
172 192 174 193
171 196 176 196
172 211 177 211
172 229 174 230
172 242 172 247
172 248 174 249
172 250 172 255
172 256 173 258
172 259 174 260
172 272 173 274
172 276 173 278
172 283 174 284
172 286 177 286
172 288 177 288
172 293 174 294
172 297 177 297
172 299 173 301
172 305 173 307
172 318 173 320
172 326 173 328
172 329 177 329
174 333 177 333
173 0 173 5
173 10 174 12
173 20 178 20
173 25 174 27
173 28 178 28
173 33 175 34
173 43 174 45
172 62 177 62
173 66 174 68
171 69 176 69
173 75 178 75
173 85 178 85
173 87 173 92
173 95 174 97
173 98 175 99
172 105 174 106
173 110 173 115
173 116 174 118
173 123 174 124
173 126 178 126
173 152 174 154
173 155 178 155
173 157 174 159
173 167 175 168
173 173 174 175
173 176 176 176
173 178 178 178
173 184 174 186
173 188 178 188
173 189 175 190
173 200 175 201
173 203 176 203
173 207 175 208
173 210 178 210
173 213 178 213
173 214 178 214
173 215 176 215
173 219 174 221
173 223 178 223
173 224 174 226
173 228 178 228
173 234 173 239
173 242 173 247
173 250 173 255
173 262 173 267
173 268 174 270
173 271 178 271
173 280 177 280
173 289 178 289
173 302 174 304
173 308 173 313
173 314 175 315
173 330 174 332
171 333 173 334
174 0 174 5
174 6 175 8
174 9 179 9
174 21 175 23
174 30 175 32
174 35 179 35
174 39 175 41
174 42 179 42
174 49 175 51
174 56 176 57
174 61 178 61
174 63 175 65
174 74 179 74
174 87 174 92
174 100 175 102
174 110 174 115
174 121 176 122
174 127 175 129
174 131 175 133
174 134 176 135
174 138 176 139
174 140 176 141
174 143 176 144
174 146 175 148
174 149 178 149
174 166 179 166
174 169 175 171
174 183 179 183
174 195 179 195
174 198 176 199
174 204 179 204
174 205 177 205
174 212 179 212
172 218 177 218
174 231 174 236
174 237 175 239
174 241 174 246
174 250 174 255
174 256 175 258
174 262 174 267
174 272 175 274
174 276 175 278
174 282 179 282
174 287 179 287
174 290 176 291
174 292 179 292
174 299 175 301
174 305 174 309
174 311 179 311
174 312 176 313
174 316 174 321
174 323 175 325
174 326 175 328
175 0 175 5
175 10 177 11
175 12 180 12
175 14 177 15
175 16 177 17
175 24 176 26
175 27 180 27
175 37 180 37
175 43 176 45
175 46 177 47
175 58 180 58
175 66 177 67
175 71 180 71
175 72 177 73
175 77 177 78
175 81 177 82
175 84 180 84
175 87 175 92
175 94 176 96
175 97 180 97
177 106 180 106
175 106 176 108
175 110 175 115
175 116 176 118
175 123 176 124
175 142 180 142
175 145 180 145
175 150 176 152
175 153 177 154
175 156 176 158
175 164 180 164
175 173 176 175
175 181 177 182
175 184 176 186
174 187 178 187
175 191 176 193
174 202 179 202
175 219 176 221
175 224 176 226
175 229 175 234
175 236 180 236
175 241 176 243
175 244 175 249
175 250 176 252
175 253 176 255
175 259 177 260
175 262 175 267
175 268 176 270
175 279 180 279
175 283 177 284
175 293 177 294
175 302 177 303
175 304 175 309
174 310 179 310
175 316 175 321
175 330 176 332
175 334 177 335
176 0 178 1
176 2 176 7
176 8 181 8
176 21 177 23
176 30 177 32
176 33 178 34
176 38 181 38
176 39 177 41
176 49 177 51
176 54 180 54
176 63 177 65
176 79 178 80
176 83 181 83
176 86 176 91
176 92 181 92
176 98 176 103
176 104 178 105
176 110 178 111
176 112 177 114
176 115 181 115
176 127 177 129
176 131 177 133
176 146 177 148
176 159 177 161
176 167 177 169
176 170 178 171
176 180 180 180
176 189 178 190
176 200 181 200
176 201 181 201
176 207 178 208
176 217 181 217
176 229 176 234
176 237 177 239
176 240 180 240
176 244 176 249
176 256 177 258
176 262 176 267
176 272 176 277
176 278 180 278
176 285 181 285
176 295 181 295
176 296 181 296
176 299 177 301
176 304 181 304
176 305 177 307
176 308 178 309
176 314 176 319
176 320 176 325
176 326 177 328
177 2 177 7
177 13 182 13
177 24 178 26
177 36 180 36
177 43 178 45
177 53 180 53
177 55 178 57
177 59 182 59
177 68 178 70
177 86 177 91
177 94 178 96
177 99 182 99
177 100 181 100
177 101 178 103
177 107 182 107
177 108 179 109
177 116 178 118
177 119 179 120
177 121 178 123
177 124 182 124
173 125 178 125
177 130 182 130
177 134 179 135
177 137 177 141
177 143 179 144
177 150 178 152
177 156 178 158
177 162 179 163
177 172 178 174
177 175 178 177
177 184 178 186
177 191 178 193
177 194 182 194
177 196 178 198
177 199 182 199
177 215 179 216
177 219 178 221
177 222 181 222
177 224 179 225
177 226 179 227
177 229 177 234
177 242 177 247
177 248 177 253
177 254 182 254
177 255 182 255
177 261 177 266
177 267 179 268
177 269 179 270
177 272 177 276
177 290 182 290
177 291 182 291
177 298 182 298
177 312 177 317
177 318 178 320
177 321 182 321
177 323 178 325
177 330 178 332
178 2 178 7
178 10 183 10
178 11 183 11
178 14 178 19
178 21 183 21
178 22 180 23
178 29 180 30
178 31 180 32
178 39 179 41
178 46 178 50
178 51 180 52
178 62 178 67
178 72 179 73
178 76 180 77
178 81 180 82
178 86 178 91
178 93 183 93
178 112 179 114
178 127 180 128
178 131 183 131
178 132 180 133
178 136 178 141
178 146 180 147
178 148 182 148
178 153 180 154
178 159 183 159
178 160 180 161
178 165 183 165
178 167 179 169
178 179 183 179
178 181 180 182
178 205 179 206
178 209 183 209
178 211 183 211
178 218 183 218
178 229 180 230
178 231 179 233
178 234 183 234
178 235 183 235
178 237 179 239
178 241 178 246
178 247 178 252
178 253 183 253
178 256 178 261
178 262 183 262
178 263 179 265
178 266 182 266
178 272 179 274
178 275 180 276
177 277 182 277
178 280 180 281
178 283 180 284
178 286 181 286
178 288 183 288
178 293 180 294
178 297 183 297
178 299 179 301
178 302 180 303
178 305 179 307
178 312 178 317
178 322 183 322
178 326 179 328
178 333 179 335
179 0 179 5
179 6 181 7
179 14 179 19
179 20 184 20
179 24 180 26
179 28 182 28
179 33 184 33
179 34 184 34
179 43 179 48
179 49 181 50
179 55 181 56
179 57 184 57
179 60 179 65
179 66 180 68
179 69 181 70
179 75 184 75
179 78 180 80
179 85 180 87
179 88 180 90
179 91 184 91
179 94 180 96
179 101 181 102
179 103 184 103
179 104 184 104
179 105 184 105
179 110 181 111
179 116 180 118
179 121 180 123
179 125 184 125
179 126 184 126
179 129 184 129
179 136 179 141
179 150 180 152
179 155 180 157
179 158 184 158
179 170 179 175
179 176 184 176
179 184 180 186
179 187 180 189
179 190 181 191
179 192 184 192
179 196 180 198
177 203 182 203
179 207 181 208
179 213 181 214
179 219 180 221
179 228 184 228
179 241 184 241
179 242 179 247
179 248 180 250
179 251 181 252
179 256 179 261
179 271 184 271
179 289 183 289
179 308 181 309
179 312 179 317
179 318 180 320
179 323 180 325
179 329 180 331
179 332 182 332
180 0 180 5
180 9 185 9
180 14 180 19
180 39 180 44
180 45 182 46
180 47 182 48
180 60 180 65
180 72 181 74
180 108 182 109
180 112 181 114
180 134 180 139
180 140 182 141
180 143 182 144
179 149 184 149
180 162 182 163
180 166 180 171
180 172 181 174
180 175 185 175
180 183 183 183
180 193 185 193
180 195 184 195
180 202 185 202
180 204 183 204
180 212 185 212
180 215 182 216
180 223 181 225
180 226 182 227
180 231 181 233
180 237 185 237
180 238 185 238
180 242 180 247
180 256 180 261
180 263 182 264
180 265 185 265
180 268 185 268
180 269 182 270
180 272 181 274
180 282 185 282
180 287 185 287
180 299 181 301
180 305 181 307
180 310 180 315
180 316 182 317
180 326 182 327
180 333 182 334
180 335 185 335
181 0 182 2
181 3 182 5
181 12 186 12
181 14 181 19
181 22 182 24
181 25 182 27
181 29 181 32
181 35 182 37
181 39 181 44
181 51 186 51
181 52 182 54
181 58 185 58
181 60 181 64
181 65 182 67
181 68 186 68
181 71 186 71
181 76 181 81
181 82 186 82
181 84 181 88
181 89 183 90
181 94 185 94
181 95 182 97
181 106 186 106
181 116 181 121
181 122 183 123
181 127 183 128
181 132 181 137
181 138 186 138
181 139 186 139
181 142 186 142
181 145 183 146
181 147 186 147
181 150 181 155
181 156 183 157
181 160 183 161
181 166 183 167
181 168 183 169
181 170 183 171
181 184 183 185
181 186 183 187
181 188 183 189
181 196 182 198
183 205 186 205
180 205 182 206
181 219 182 221
181 229 182 230
181 236 186 236
181 239 183 240
181 242 181 247
181 248 186 248
181 249 186 249
181 250 186 250
181 256 182 258
181 259 185 259
181 260 183 261
181 267 186 267
181 275 183 276
181 278 182 280
181 281 186 281
181 283 183 284
181 292 182 294
181 302 183 303
181 310 181 315
181 318 182 320
181 323 182 325
181 329 183 330
182 6 183 8
182 14 183 16
182 17 183 19
182 31 184 32
182 38 182 43
182 44 187 44
183 45 187 45
182 49 187 49
182 50 187 50
182 55 184 56
182 60 183 62
182 63 184 64
182 69 184 70
182 72 183 74
182 76 182 81
182 83 182 88
182 92 187 92
182 100 183 102
182 110 182 115
182 116 183 118
182 119 187 119
182 120 184 121
182 132 182 137
182 150 182 155
182 172 183 174
182 177 184 178
181 180 186 180
182 190 184 191
182 200 187 200
182 207 184 208
182 210 187 210
182 213 183 214
182 217 187 217
182 223 183 225
182 231 187 231
182 232 184 233
182 242 182 247
182 251 184 252
182 272 183 274
182 285 187 285
182 295 183 296
182 299 183 301
182 304 182 309
182 310 182 315
183 0 183 5
183 13 188 13
183 22 183 27
183 28 184 30
183 35 183 40
183 41 184 43
183 46 188 46
183 47 188 47
183 48 188 48
183 52 184 54
183 59 187 59
183 65 188 65
183 66 185 67
183 76 183 81
183 83 183 88
183 95 184 97
183 99 188 99
183 107 183 112
183 113 184 114
183 124 188 124
183 130 188 130
183 132 183 137
183 140 185 141
183 143 185 144
183 150 184 151
183 153 185 154
183 155 188 155
183 162 188 162
183 163 188 163
183 164 188 164
183 194 188 194
183 196 184 198
183 199 188 199
183 203 188 203
183 206 188 206
183 216 187 216
183 219 184 221
182 222 187 222
183 226 185 227
183 242 184 244
183 245 185 246
183 247 188 247
183 254 184 256
183 257 185 258
183 263 185 264
183 269 185 270
183 278 184 279
183 280 186 280
183 290 184 292
183 293 188 293
183 298 187 298
183 304 185 305
183 306 183 311
183 312 183 317
183 318 184 320
183 321 188 321
183 323 188 323
183 325 188 325
183 326 188 326
183 327 188 327
183 328 188 328
183 331 184 332
183 333 185 334
184 0 185 2
184 3 186 4
184 5 186 6
184 8 189 8
184 10 186 11
184 14 184 19
184 21 184 26
184 27 189 27
184 35 184 40
184 60 185 62
184 72 185 74
184 76 184 81
184 83 184 88
184 89 186 90
184 98 189 98
184 100 185 102
184 107 184 112
184 116 185 118
184 122 189 122
184 127 186 128
184 131 184 136
184 137 189 137
184 145 186 146
183 148 188 148
184 156 186 157
184 159 185 161
184 165 186 166
184 167 185 169
184 170 185 172
184 173 189 173
184 179 189 179
184 182 185 184
184 185 185 187
184 189 189 189
184 209 189 209
184 211 189 211
184 213 185 215
184 218 189 218
184 223 189 223
184 225 189 225
183 229 185 230
184 234 186 235
184 239 186 240
184 253 188 253
184 260 185 262
183 266 188 266
184 272 185 274
184 275 186 276
184 283 186 284
182 286 187 286
184 288 186 289
184 294 185 296
184 297 189 297
184 299 185 301
184 302 186 303
184 306 184 311
184 312 185 314
184 315 186 316
184 322 188 322
184 324 189 324
184 329 186 330
185 7 190 7
185 14 185 19
185 20 185 25
185 26 190 26
185 28 185 33
185 34 186 36
185 37 185 42
185 43 190 43
185 52 185 57
185 63 187 64
185 69 187 70
185 75 185 80
185 81 190 81
185 83 185 88
185 95 186 97
185 103 186 105
185 107 185 112
185 113 187 114
183 115 187 115
185 120 187 121
185 123 190 123
185 125 187 126
185 129 190 129
185 131 185 136
185 149 186 151
183 152 188 152
185 158 190 158
185 174 190 174
185 176 187 177
185 188 190 188
185 190 186 192
185 196 187 197
185 201 190 201
185 207 187 208
185 219 190 219
185 220 187 221
185 233 190 233
185 241 190 241
185 242 186 244
185 251 187 252
185 254 186 256
185 271 190 271
183 277 188 277
185 278 187 279
185 290 186 292
185 306 186 308
185 309 186 311
185 318 190 318
185 320 190 320
185 331 187 332
186 0 187 2
186 9 191 9
186 14 186 19
186 20 186 25
186 28 186 33
186 37 187 39
186 40 187 42
186 52 187 54
186 55 187 57
186 60 188 61
186 62 191 62
186 66 191 66
186 67 191 67
186 72 186 77
186 78 187 80
186 83 187 85
186 86 187 88
186 93 188 94
186 100 187 102
186 107 186 112
186 116 187 118
186 131 187 133
186 134 187 136
186 140 188 141
186 143 188 144
186 153 188 154
186 159 188 160
186 161 191 161
186 167 187 169
186 170 187 172
186 175 190 175
186 181 186 186
186 187 190 187
185 195 190 195
186 202 191 202
184 204 189 204
186 213 187 215
186 224 191 224
186 226 187 228
186 229 188 230
186 232 191 232
186 237 188 238
186 245 188 246
186 257 186 262
186 263 187 265
186 268 187 270
186 272 187 274
186 282 191 282
186 287 191 287
186 294 188 295
186 296 190 296
186 299 187 301
186 304 188 305
186 312 187 314
187 316 192 316
184 317 189 317
186 333 187 335
187 3 188 5
187 6 192 6
187 10 188 12
187 14 187 19
187 20 187 25
187 28 188 30
187 31 187 36
187 51 192 51
186 58 191 58
187 68 192 68
187 71 187 76
187 77 192 77
187 82 190 82
187 89 188 91
187 95 188 97
187 103 187 108
187 109 192 109
187 110 189 111
187 112 192 112
187 127 189 128
187 138 189 139
187 142 192 142
187 145 188 147
187 149 188 151
187 156 189 157
187 165 189 166
187 180 188 182
187 183 188 185
187 186 192 186
187 190 188 192
187 193 192 193
187 198 192 198
187 205 192 205
187 212 192 212
187 234 188 236
187 239 189 240
187 242 188 244
187 248 188 250
187 254 187 259
187 260 192 260
187 267 191 267
187 275 189 276
187 280 189 281
187 283 189 284
187 288 188 290
187 291 189 292
187 302 189 303
187 306 187 311
187 319 192 319
187 329 189 330
188 0 189 2
188 14 188 19
188 20 188 25
188 31 188 36
188 37 188 42
188 44 190 45
188 49 190 50
188 52 193 52
188 53 193 53
188 54 190 55
188 56 190 57
188 63 193 63
188 69 188 74
188 75 190 76
188 78 189 80
188 83 188 88
188 92 193 92
188 100 188 105
188 106 190 107
188 108 193 108
188 113 189 115
188 116 188 121
188 125 190 126
188 131 188 136
188 167 188 172
188 176 190 177
188 196 190 197
188 200 193 200
188 207 189 208
188 210 193 210
188 213 189 215
188 216 190 217
188 220 189 222
188 226 190 227
188 228 193 228
188 231 193 231
188 251 190 252
188 254 188 259
188 261 189 263
188 264 190 265
188 268 189 270
188 273 189 274
188 279 193 279
188 285 193 285
188 299 189 301
188 306 188 311
188 312 189 314
188 331 189 333
188 334 189 335
189 3 190 5
189 10 189 15
189 16 189 21
189 22 190 24
189 25 194 25
189 28 190 30
189 31 191 32
189 33 189 38
189 39 190 41
189 42 194 42
189 46 190 48
188 59 193 59
189 60 194 60
189 64 194 64
189 65 194 65
189 69 189 74
189 83 189 88
189 89 190 91
189 93 190 95
189 96 191 97
189 99 189 103
189 104 191 105
189 117 194 117
189 119 194 119
189 120 194 120
189 121 194 121
189 124 194 124
189 130 189 135
189 140 191 141
189 143 189 148
189 149 189 154
189 155 194 155
189 159 191 160
189 162 190 164
189 167 189 172
189 181 191 182
189 183 190 185
189 190 191 191
189 192 194 192
189 194 194 194
189 199 194 199
189 203 194 203
189 206 194 206
189 229 191 230
189 234 194 234
189 236 190 238
189 242 194 242
189 243 189 248
189 249 191 250
189 254 190 256
189 257 194 257
189 258 191 259
189 266 194 266
189 277 194 277
189 278 194 278
189 286 194 286
189 288 190 290
189 293 190 295
188 298 193 298
189 304 190 306
189 307 190 309
189 310 191 311
189 321 190 323
189 325 190 327
189 328 194 328
190 0 191 2
190 8 195 8
190 10 190 15
190 16 190 21
190 27 195 27
190 33 190 38
190 69 190 74
190 78 191 80
190 83 190 88
190 98 190 103
190 110 192 111
190 113 191 115
190 118 195 118
190 127 192 128
190 130 190 135
190 137 191 139
190 143 190 148
190 149 190 154
190 156 195 156
190 157 195 157
190 165 190 170
190 171 191 173
190 179 195 179
190 180 195 180
190 189 195 189
190 204 195 204
190 209 195 209
190 211 194 211
190 213 191 215
190 218 193 218
190 220 191 222
190 223 195 223
190 225 195 225
190 235 195 235
190 239 192 240
190 243 190 248
189 253 194 253
190 261 191 263
190 268 191 270
188 272 193 272
190 274 191 276
190 280 192 281
190 283 192 284
190 291 195 291
190 292 195 292
190 299 191 301
190 302 192 303
190 312 192 313
190 315 195 315
190 324 195 324
190 329 191 331
190 332 192 333
191 3 192 5
191 10 196 10
191 11 196 11
191 12 193 13
191 14 196 14
191 17 193 18
191 20 196 20
191 21 193 22
191 23 193 24
191 26 196 26
191 28 192 30
191 33 191 38
191 39 192 41
191 43 192 45
191 46 192 48
191 49 196 49
191 50 196 50
191 54 193 55
191 57 196 57
191 69 191 74
191 75 196 75
191 76 196 76
191 81 192 83
191 84 191 89
191 90 193 91
191 93 192 95
191 98 191 103
191 106 193 107
191 116 196 116
191 123 196 123
191 125 193 126
191 129 192 131
191 132 193 133
191 134 193 135
191 143 191 148
191 149 192 151
191 152 192 154
191 158 196 158
191 162 192 164
191 165 191 170
191 174 192 176
191 177 196 177
191 178 196 178
191 183 192 185
191 187 193 188
191 195 192 197
191 201 196 201
190 207 192 208
191 216 196 216
191 217 196 217
191 226 193 227
191 233 196 233
191 236 192 238
191 243 191 248
191 251 195 251
191 252 196 252
191 254 192 256
191 264 193 265
191 271 196 271
191 273 196 273
191 288 192 290
191 293 192 295
191 304 191 309
191 317 192 318
191 320 192 322
191 323 196 323
191 325 192 327
193 334 196 334
190 334 192 335
192 0 193 2
192 9 196 9
192 19 197 19
192 31 192 36
192 37 194 38
192 56 197 56
192 58 197 58
192 61 197 61
192 62 197 62
192 66 194 67
192 69 192 74
192 78 193 80
192 84 192 89
192 96 192 101
192 102 193 104
192 113 193 115
192 136 192 141
192 143 192 148
192 159 193 161
192 165 193 167
192 168 192 173
192 182 197 182
192 190 194 191
192 202 197 202
192 213 193 215
192 219 193 221
192 222 197 222
192 224 197 224
192 229 193 230
192 241 197 241
192 243 192 248
192 249 194 250
192 258 194 259
192 261 193 263
192 269 193 270
192 274 193 276
192 282 197 282
192 287 197 287
191 296 196 296
192 300 194 301
192 304 192 309
192 310 197 310
192 311 195 311
192 329 193 331
193 3 194 5
193 6 195 7
193 28 194 30
193 31 193 36
193 39 194 41
193 43 193 48
193 51 198 51
193 68 193 73
193 74 198 74
193 77 198 77
193 81 193 86
193 87 194 89
193 93 193 98
193 99 194 101
193 109 195 110
193 111 195 112
193 122 198 122
193 127 194 129
193 130 195 131
193 136 193 141
193 142 194 144
193 145 195 146
193 148 198 148
193 149 194 151
193 152 194 154
193 162 194 164
193 168 193 173
193 174 194 176
193 181 198 181
193 183 194 185
193 186 198 186
193 193 198 193
193 195 194 197
193 198 198 198
193 205 198 205
193 208 198 208
193 212 198 212
193 236 194 238
193 239 195 240
193 243 193 248
193 254 194 256
193 260 198 260
192 267 194 268
193 280 195 281
193 283 195 284
193 288 194 290
193 293 194 295
193 299 198 299
193 302 193 307
193 308 195 309
193 312 194 314
193 316 193 321
193 322 198 322
193 325 194 327
193 332 195 333
193 335 198 335
194 1 196 2
194 12 196 13
194 17 196 18
194 21 195 23
194 24 199 24
194 31 194 36
194 43 194 48
194 52 195 54
194 55 199 55
194 59 199 59
194 63 198 63
194 68 196 69
194 70 199 70
194 71 196 72
194 73 198 73
194 78 195 80
194 81 194 86
194 90 194 95
194 96 195 98
194 102 195 103
194 106 195 108
194 113 195 115
194 125 196 126
194 132 194 137
194 138 195 140
194 141 199 141
194 147 199 147
194 159 195 161
194 165 194 170
194 171 196 172
194 173 199 173
194 187 199 187
194 200 199 200
194 207 199 207
194 210 199 210
194 213 195 215
194 218 196 219
194 220 196 221
194 226 195 228
194 229 195 231
194 232 199 232
194 243 194 248
194 261 195 263
194 264 199 264
194 265 199 265
194 269 196 270
194 272 199 272
194 274 195 276
194 279 199 279
194 285 199 285
194 297 196 298
194 302 194 307
194 316 194 321
194 329 196 330
194 331 199 331
195 3 196 5
195 15 200 15
195 25 200 25
195 28 195 33
195 34 195 39
195 40 195 45
195 46 196 48
195 60 200 60
195 64 196 66
195 67 200 67
195 81 195 86
195 87 195 92
195 93 196 95
195 99 196 101
194 104 196 105
195 119 196 121
195 124 199 124
195 127 196 129
195 132 195 137
195 142 196 144
195 149 196 151
195 152 200 152
195 153 196 155
195 162 197 163
195 164 197 165
195 166 196 168
195 169 197 170
195 174 196 176
195 183 196 185
195 190 196 192
195 194 196 196
195 197 199 197
195 199 200 199
195 203 200 203
195 206 200 206
195 234 200 234
195 236 196 238
195 242 195 247
195 248 196 250
195 253 195 258
195 259 200 259
195 266 198 266
195 268 200 268
195 277 200 277
195 278 200 278
195 286 200 286
195 288 196 290
195 293 197 294
195 295 200 295
195 300 195 305
195 306 197 307
195 313 200 313
195 314 200 314
195 316 195 321
195 325 196 327
195 328 200 328
196 0 201 0
196 6 201 6
196 7 201 7
196 8 201 8
196 21 197 23
196 27 196 32
196 33 197 35
196 36 197 38
196 39 196 43
196 44 198 45
196 52 197 54
196 78 196 83
196 84 196 89
196 90 197 92
196 96 197 98
196 102 198 103
196 106 196 111
196 112 197 114
196 115 201 115
196 117 198 118
196 130 196 135
196 136 197 138
196 139 198 140
196 145 198 146
196 156 198 157
196 159 197 161
196 179 198 180
196 188 201 188
196 189 201 189
196 204 201 204
196 209 201 209
195 211 199 211
196 213 197 215
196 223 201 223
196 225 196 230
196 239 198 240
196 242 196 247
196 253 197 255
196 256 197 258
196 261 197 263
196 274 197 276
196 280 198 281
196 283 198 284
196 291 198 292
196 300 196 305
196 308 201 308
196 309 201 309
196 311 198 312
196 315 198 316
196 317 197 319
196 320 198 321
196 324 201 324
196 332 198 333
197 1 198 3
197 4 199 5
197 10 201 10
197 11 198 13
197 14 202 14
197 16 198 18
197 20 201 20
197 26 197 31
197 32 202 32
197 39 198 41
197 43 202 43
197 46 198 48
197 49 199 50
197 57 202 57
197 64 198 66
197 68 199 69
197 71 199 72
197 75 199 76
197 78 197 83
197 84 197 89
197 93 198 95
197 99 198 101
197 104 199 105
197 106 198 108
197 109 198 111
197 116 201 116
197 119 198 121
197 123 202 123
197 125 197 130
197 131 198 133
197 134 199 135
197 142 198 144
197 149 198 151
197 153 198 155
197 166 198 168
197 171 199 172
197 174 198 176
197 177 199 178
197 183 198 185
197 190 198 192
197 194 198 196
197 201 202 201
197 216 197 221
197 225 197 230
197 231 202 231
197 233 202 233
197 236 199 237
197 238 202 238
197 242 197 247
197 248 198 250
196 251 201 251
197 269 198 271
197 288 198 290
197 296 198 298
197 300 198 302
197 303 198 305
197 323 202 323
197 325 199 326
197 327 202 327
197 329 199 330
197 334 202 334
197 9 202 9
198 21 199 23
198 26 198 31
198 33 198 38
198 42 203 42
198 53 203 53
198 54 203 54
198 56 203 56
198 58 203 58
198 78 198 83
198 84 198 88
198 90 199 92
198 96 199 98
198 112 199 114
198 125 198 130
198 136 203 136
198 137 200 138
198 158 199 160
198 161 199 163
198 164 200 165
198 169 200 170
198 182 203 182
198 202 203 202
198 213 198 218
198 219 199 221
198 222 203 222
198 224 198 229
198 230 203 230
198 241 198 246
198 247 203 247
198 252 198 257
198 258 203 258
198 261 199 263
198 273 199 275
198 276 203 276
198 282 203 282
198 287 203 287
198 293 200 294
198 306 200 307
198 310 203 310
198 317 199 318
199 1 200 3
199 11 200 13
199 16 200 18
199 26 200 28
199 29 200 31
199 33 199 38
199 39 200 41
199 44 200 46
199 47 201 48
199 51 201 52
199 61 204 61
199 62 199 66
199 73 201 74
199 77 199 82
199 83 199 88
198 89 203 89
199 93 200 94
199 100 200 102
199 103 204 103
199 106 199 111
199 117 199 122
199 125 199 130
199 131 201 132
199 133 204 133
199 139 201 140
199 142 200 144
199 145 201 146
199 148 200 150
199 151 204 151
199 153 200 155
199 156 201 157
199 166 200 168
199 174 204 174
199 176 202 176
199 179 200 181
199 183 200 185
199 186 204 186
199 190 199 195
199 196 204 196
199 205 204 205
199 208 204 208
199 212 199 215
199 217 201 218
199 224 199 229
199 235 204 235
199 239 199 244
199 245 201 246
199 248 200 250
199 252 199 257
199 260 204 260
199 266 201 267
199 269 200 271
199 280 201 281
199 283 201 284
199 288 200 290
199 291 204 291
199 292 204 292
199 296 199 301
199 302 200 304
199 305 204 305
199 311 201 312
199 315 204 315
199 316 204 316
199 320 200 322
199 332 201 333
200 4 202 5
200 21 201 23
200 24 205 24
200 33 200 38
200 49 201 50
200 55 204 55
200 59 205 59
200 62 205 62
200 63 205 63
200 64 201 66
200 68 201 70
200 71 202 72
200 75 201 77
200 78 202 79
200 81 205 81
200 82 201 84
200 85 201 87
200 88 205 88
200 90 201 92
200 96 202 97
200 104 200 109
200 110 201 112
200 113 202 114
200 117 201 119
200 120 202 121
200 125 202 126
200 127 205 127
200 128 202 129
200 130 205 130
200 134 205 134
200 135 205 135
200 141 205 141
200 147 204 147
200 158 201 160
200 161 201 163
200 171 201 173
200 175 205 175
200 177 202 178
200 187 205 187
200 190 200 195
200 197 202 198
200 200 205 200
200 207 203 207
200 210 205 210
200 213 201 214
200 215 204 215
199 216 204 216
200 219 201 221
200 224 200 229
200 232 205 232
200 236 202 237
200 239 200 244
200 252 200 257
200 264 202 265
200 272 202 273
200 274 202 275
200 285 205 285
200 296 200 301
200 317 202 318
198 319 203 319
200 325 202 326
200 329 202 330
200 331 205 331
201 1 202 3
201 12 203 13
201 15 201 19
201 25 201 30
201 31 206 31
201 33 201 38
201 39 202 41
201 44 202 46
201 60 205 60
201 67 206 67
201 80 206 80
201 93 203 94
199 95 204 95
201 98 203 99
201 100 202 102
201 104 201 109
201 122 206 122
200 124 205 124
201 137 203 138
201 142 202 144
201 148 202 150
201 152 202 153
201 154 203 155
201 164 201 169
201 170 206 170
201 179 202 181
201 183 202 185
201 190 203 191
201 192 202 194
201 195 206 195
201 199 205 199
200 211 202 212
201 224 201 229
201 239 204 239
201 240 206 240
201 242 203 243
201 248 202 250
201 252 201 257
201 259 206 259
201 261 206 261
201 268 202 270
201 271 206 271
201 277 203 278
201 279 206 279
201 286 205 286
201 288 202 290
201 293 201 298
201 299 201 304
201 306 203 307
201 313 203 314
201 320 202 322
201 328 206 328
201 335 206 335
202 6 203 8
202 10 204 11
202 15 202 20
202 21 203 23
202 25 203 27
202 28 203 30
202 33 202 38
202 47 204 48
202 51 204 52
202 64 203 66
202 68 203 70
202 74 204 75
202 76 204 77
202 82 207 82
202 83 207 83
202 84 206 84
202 85 203 87
202 90 203 92
202 104 203 106
202 107 204 108
202 109 203 111
202 112 205 112
202 115 203 117
202 118 207 118
202 119 207 119
202 131 204 132
202 139 204 140
202 145 204 146
202 156 202 161
202 162 202 166
202 167 203 169
202 171 203 173
202 188 204 189
202 204 207 204
202 209 207 209
202 213 204 214
202 217 203 219
202 220 204 221
202 223 202 228
202 229 207 229
202 244 207 244
202 245 204 246
202 251 204 252
202 253 203 255
202 256 203 257
202 266 207 266
202 280 204 281
202 283 204 284
202 293 202 298
202 299 203 301
202 302 207 302
202 303 204 304
202 308 207 308
202 309 207 309
202 311 204 312
202 324 207 324
202 332 203 333
203 0 203 5
203 9 207 9
203 14 203 19
203 20 208 20
203 32 203 37
203 38 204 40
203 41 208 41
203 43 205 44
203 46 208 46
202 49 204 50
203 57 208 57
203 71 205 72
203 78 205 79
203 96 205 97
203 100 204 102
203 113 205 114
203 120 208 120
203 123 207 123
203 125 205 126
203 128 205 129
203 142 204 144
203 148 204 150
203 152 208 152
203 153 208 153
203 156 203 161
203 162 208 162
203 163 208 163
203 164 205 165
203 166 208 166
205 177 207 178
203 176 204 178
203 179 208 179
203 180 208 180
203 181 208 181
203 183 204 185
203 192 205 193
203 194 207 194
203 197 205 198
203 201 206 201
203 203 208 203
203 211 205 212
203 223 203 228
203 231 208 231
203 233 205 234
203 236 204 238
203 248 205 249
203 250 208 250
203 262 204 264
203 265 207 265
203 267 204 269
203 270 208 270
203 272 204 274
203 275 208 275
203 288 204 290
203 293 203 298
203 317 208 317
203 318 208 318
203 320 205 321
203 322 208 322
203 323 208 323
203 325 204 326
203 329 205 330
204 0 205 2
204 3 205 5
204 6 205 8
204 12 209 12
204 13 205 15
204 16 205 18
204 19 209 19
204 21 205 23
204 25 204 30
204 32 204 37
204 42 209 42
204 45 209 45
204 53 209 53
204 56 209 56
204 58 209 58
204 64 206 65
204 66 209 66
204 69 205 70
202 73 207 73
205 75 209 75
204 85 206 86
204 87 209 87
204 89 204 94
204 98 209 98
204 99 209 99
204 104 205 106
204 109 205 111
204 115 205 117
204 121 209 121
204 136 205 138
204 154 204 159
204 160 206 161
204 167 205 169
204 171 205 173
204 182 209 182
204 190 209 190
204 191 209 191
204 202 209 202
204 206 206 207
204 217 206 218
204 222 204 227
204 228 209 228
204 230 209 230
204 241 205 243
204 247 209 247
204 253 204 258
204 276 208 276
204 277 208 277
204 282 209 282
204 287 209 287
204 293 204 298
204 299 205 301
204 306 206 307
204 313 206 314
204 319 208 319
204 332 205 334
205 10 207 11
205 25 205 30
205 32 205 37
205 38 207 39
205 40 210 40
205 49 205 52
205 54 207 55
205 61 210 61
205 76 207 77
205 89 205 93
205 94 207 95
205 100 206 102
205 103 210 103
205 107 206 108
205 132 210 132
205 133 210 133
205 139 207 140
205 142 206 144
205 145 207 146
205 148 206 150
205 151 210 151
205 154 205 159
205 176 208 176
205 183 207 184
205 185 207 186
205 188 207 189
205 196 210 196
205 205 210 205
205 208 210 208
205 213 207 214
205 215 207 216
205 219 205 224
205 225 206 227
205 235 210 235
205 237 210 237
205 238 207 239
205 245 207 246
205 251 206 253
205 255 210 255
205 256 206 258
205 260 210 260
205 262 206 264
205 267 206 269
205 272 206 274
205 280 207 281
205 283 207 284
205 288 205 293
205 294 206 296
205 297 207 298
205 303 206 305
205 310 206 312
205 315 207 316
205 325 207 326
203 327 208 327
206 0 206 5
206 6 207 8
206 13 206 18
206 21 206 26
206 27 207 29
206 30 211 30
206 32 206 37
206 43 208 44
205 47 207 48
206 49 207 51
206 52 210 52
206 59 211 59
206 62 208 63
204 68 209 68
206 69 208 70
206 71 207 72
206 74 211 74
206 78 208 79
206 81 210 81
206 88 208 89
206 90 207 92
206 93 211 93
206 96 208 97
206 104 208 105
206 106 211 106
206 110 211 110
206 111 207 113
206 114 207 116
206 117 211 117
206 124 206 128
206 129 207 131
206 134 207 136
206 137 208 138
206 141 211 141
205 147 210 147
206 154 206 159
206 164 208 165
206 167 207 169
206 171 207 173
206 174 211 174
206 175 211 175
208 178 211 178
206 187 211 187
206 192 208 193
206 197 208 198
206 199 208 200
206 210 208 211
206 212 211 212
206 220 207 222
206 223 208 224
206 232 207 234
206 241 207 243
206 248 208 249
206 278 211 278
206 285 208 286
206 288 206 293
206 299 207 301
206 320 208 321
206 329 206 334
207 0 209 1
207 2 208 4
207 13 208 15
207 16 209 17
207 18 212 18
207 21 207 26
207 31 207 36
207 37 212 37
206 60 211 60
207 64 209 65
207 67 212 67
207 80 212 80
207 84 208 86
207 100 208 102
207 107 208 109
207 124 208 126
207 127 209 128
207 142 208 144
207 148 208 150
207 154 207 159
207 160 209 161
207 206 209 207
207 217 208 219
207 225 208 227
207 236 212 236
207 240 212 240
207 251 208 253
207 256 209 257
207 258 209 259
207 262 209 263
207 264 212 264
207 267 209 268
207 269 212 269
207 271 208 273
207 274 212 274
207 279 212 279
207 288 207 293
207 294 208 296
207 303 208 305
207 306 209 307
207 310 208 312
207 313 209 314
207 328 207 333
207 334 209 335
208 5 209 7
208 8 209 10
208 11 213 11
208 21 208 26
208 28 209 29
208 31 208 36
208 38 210 39
208 47 209 49
208 54 210 55
208 71 209 73
208 76 209 77
208 82 210 83
208 90 213 90
208 92 211 92
208 94 210 95
208 111 208 116
208 118 210 119
208 122 210 123
208 129 209 131
208 134 209 136
208 139 210 140
208 145 210 146
208 154 208 159
208 167 210 168
208 170 213 170
208 171 209 173
208 183 209 185
208 186 211 186
208 188 210 189
208 194 210 195
208 204 213 204
208 209 213 209
208 213 210 214
208 220 209 222
208 229 213 229
208 232 210 233
208 238 210 239
208 241 208 246
208 254 213 254
208 265 210 266
208 280 210 281
208 283 210 284
208 288 208 293
208 297 208 302
208 308 210 309
208 315 210 316
208 324 209 326
208 328 208 333
209 3 214 3
209 13 210 15
209 20 209 25
209 26 214 26
209 31 209 36
209 41 214 41
209 43 211 44
209 46 214 46
209 57 214 57
209 62 214 62
209 63 214 63
209 69 211 70
209 78 211 79
209 84 211 85
209 86 214 86
209 88 214 88
209 91 214 91
209 96 211 97
209 100 210 102
209 104 211 105
209 107 210 109
209 111 209 116
209 120 214 120
209 124 210 126
209 137 211 138
209 142 210 144
209 148 210 150
209 152 210 154
209 155 211 156
209 157 210 159
209 162 210 164
209 165 211 166
209 176 211 177
209 179 210 181
209 192 211 193
209 197 210 199
209 200 214 200
207 201 212 201
209 203 214 203
209 210 211 211
209 215 210 217
209 218 211 219
209 223 210 224
209 225 210 227
209 234 214 234
209 241 209 246
209 248 209 253
207 261 212 261
210 263 214 263
209 270 210 272
209 273 214 273
209 275 210 277
209 285 211 286
209 288 209 293
209 294 209 298
209 299 211 300
209 301 210 303
209 304 211 305
209 310 210 312
209 317 209 322
209 323 214 323
209 327 209 332
209 333 214 333
210 0 211 2
210 4 210 9
210 10 213 10
210 12 214 12
210 16 215 16
210 17 215 17
210 19 210 24
210 25 215 25
208 27 213 27
210 28 212 29
210 31 210 36
210 42 215 42
210 45 215 45
210 47 211 49
210 50 215 50
210 51 215 51
210 53 215 53
210 56 215 56
210 58 215 58
210 64 211 66
210 68 215 68
210 71 215 71
210 72 215 72
210 75 211 77
210 87 215 87
210 89 215 89
210 98 212 99
210 111 212 112
210 113 211 115
210 121 214 121
210 127 211 129
210 130 215 130
210 131 215 131
210 134 211 136
210 160 212 161
210 171 211 173
210 182 214 182
210 183 211 185
210 190 212 191
210 202 214 202
210 206 211 207
210 220 211 222
210 241 210 246
210 247 210 252
210 253 215 253
210 256 211 258
210 259 215 259
210 267 212 268
210 287 210 292
210 293 211 295
210 296 212 297
210 298 214 298
210 306 212 307
210 313 212 314
210 317 211 319
210 321 215 321
210 322 215 322
210 324 211 326
210 327 211 329
210 330 211 332
210 334 212 335
211 4 211 9
211 13 212 15
211 19 211 24
211 31 211 35
211 38 212 40
211 54 216 54
211 55 216 55
211 61 216 61
211 73 216 73
211 81 213 82
211 83 216 83
211 94 213 95
211 100 216 100
211 101 216 101
211 102 216 102
211 103 216 103
211 107 212 109
211 118 213 119
211 122 216 122
211 123 212 125
211 126 216 126
211 132 213 133
211 139 216 139
211 140 216 140
211 142 211 147
211 148 211 153
211 157 213 158
211 162 213 163
211 164 216 164
211 167 212 169
211 179 212 181
211 188 213 189
211 194 213 195
211 196 216 196
211 197 212 199
211 208 216 208
211 213 212 215
211 216 213 217
211 223 211 228
211 230 216 230
211 232 213 233
211 235 216 235
211 237 212 239
211 241 211 246
211 247 211 252
211 255 216 255
211 260 216 260
211 262 216 262
211 265 213 266
211 270 213 271
211 272 216 272
211 275 216 275
211 276 216 276
211 277 216 277
211 280 212 282
211 283 213 284
211 287 211 292
211 301 213 302
211 303 216 303
211 308 212 310
211 311 213 312
211 315 213 316
212 0 213 2
212 4 212 9
212 19 212 24
212 30 212 35
211 36 216 36
212 43 214 44
212 47 214 48
211 52 215 52
212 59 214 60
212 64 213 66
212 69 214 70
212 74 212 79
212 84 214 85
212 92 214 93
212 96 216 96
212 104 213 106
212 110 217 110
212 113 213 115
212 117 217 117
212 127 213 129
212 134 213 136
212 137 214 138
212 141 212 146
212 147 212 152
212 153 213 155
212 156 215 156
212 165 214 166
212 171 212 176
212 177 217 177
212 178 217 178
212 183 214 184
212 185 213 187
212 192 217 192
212 193 217 193
212 205 213 207
212 210 213 212
212 218 212 223
212 224 214 225
212 226 213 228
212 241 212 246
212 247 212 252
212 256 213 258
212 278 217 278
212 285 213 287
212 288 212 293
212 294 214 295
212 299 214 300
212 304 214 305
212 317 217 317
212 318 213 320
212 324 212 329
212 330 213 332
213 4 213 9
213 13 214 15
213 18 214 20
213 21 215 22
213 23 215 24
213 28 213 33
213 34 215 35
213 38 214 40
213 67 218 67
213 74 213 79
213 80 218 80
213 98 215 99
213 107 214 109
213 111 215 112
213 116 218 116
213 123 214 125
213 141 213 146
213 147 213 152
213 159 215 160
213 167 214 169
213 171 215 172
213 173 214 175
213 176 218 176
213 179 214 181
213 190 215 191
213 197 214 199
213 201 218 201
213 213 214 215
213 218 213 223
213 236 213 241
213 242 214 244
213 245 213 250
213 251 215 252
213 261 218 261
213 264 218 264
213 267 214 269
213 274 216 274
213 279 218 279
213 280 214 282
213 288 214 290
213 291 214 293
213 296 215 297
213 306 214 308
213 309 215 310
213 313 215 314
213 324 213 329
213 334 215 335
214 1 216 2
214 4 214 8
214 11 217 11
214 27 214 31
214 32 216 33
214 49 219 49
214 64 215 66
214 74 214 79
214 81 216 82
214 90 219 90
214 94 216 95
214 97 219 97
214 104 215 106
214 113 215 115
214 118 216 119
214 127 215 129
214 132 215 134
214 135 216 136
214 141 214 146
214 147 214 152
214 153 215 155
214 157 216 158
214 162 219 162
214 163 219 163
214 170 219 170
214 185 215 187
214 188 216 189
214 194 216 195
214 204 215 206
214 207 219 207
214 209 215 211
214 216 214 221
214 222 216 223
214 226 215 228
214 229 219 229
214 231 216 232
214 236 214 241
214 245 214 250
214 256 215 258
214 265 216 266
214 270 216 271
214 283 215 285
214 286 216 287
214 301 216 302
214 311 216 312
214 315 216 316
214 318 215 320
214 324 214 329
214 330 215 332
215 3 215 8
217 9 220 9
215 12 217 13
215 18 216 20
215 26 215 31
215 37 216 39
215 40 217 41
215 43 217 44
215 46 216 48
215 57 220 57
215 59 217 60
215 62 217 63
215 69 217 70
215 74 215 79
215 84 217 85
215 86 220 86
215 88 220 88
215 91 216 93
215 107 216 109
215 120 217 121
215 123 216 125
215 137 217 138
215 141 216 143
215 144 215 149
215 150 216 152
215 161 220 161
215 165 216 167
215 168 217 169
215 173 217 174
215 175 220 175
215 179 216 181
215 183 217 184
215 197 217 198
215 200 220 200
215 203 220 203
215 212 216 214
215 215 216 217
215 218 220 218
215 219 217 220
215 221 220 221
215 224 220 224
215 225 220 225
215 233 217 234
215 236 215 241
215 242 215 247
215 248 216 250
215 263 220 263
215 267 217 268
215 269 220 269
215 273 220 273
215 280 220 280
215 288 215 293
215 294 217 295
215 298 217 299
215 300 220 300
215 304 216 305
215 307 217 308
215 323 215 327
215 328 217 329
215 333 220 333
216 3 216 8
214 9 216 10
216 14 221 14
216 16 221 16
216 21 216 26
216 27 217 29
216 30 217 31
216 34 218 35
216 45 220 45
216 50 221 50
216 51 217 53
216 56 221 56
216 58 221 58
216 64 217 66
216 68 221 68
216 71 220 71
216 74 216 79
216 87 221 87
216 89 219 89
216 98 218 99
216 104 217 106
216 111 217 113
216 114 218 115
216 127 216 132
216 133 218 134
216 144 216 149
216 153 218 154
216 155 221 155
216 159 218 160
216 171 221 171
216 172 221 172
215 182 219 182
216 185 221 185
216 186 218 187
216 190 218 191
215 202 220 202
216 204 218 205
216 209 217 211
216 226 217 228
216 236 216 239
216 242 216 247
216 251 218 252
216 253 218 254
216 256 217 258
216 259 221 259
216 281 216 285
216 288 216 293
216 309 220 309
216 310 221 310
216 314 221 314
216 318 217 320
216 321 216 325
216 326 218 327
216 330 217 332
216 334 218 335
217 0 217 5
217 6 218 8
217 17 217 22
217 23 218 25
217 26 222 26
217 33 222 33
217 36 218 38
217 42 222 42
217 46 218 48
217 54 219 55
217 61 222 61
217 72 217 77
217 78 219 79
217 81 218 83
217 91 218 93
219 94 222 94
217 94 218 96
217 100 218 101
217 102 219 103
217 107 218 109
217 118 219 119
217 122 217 127
217 128 218 130
217 131 219 132
217 135 218 136
217 139 217 144
217 145 217 150
217 151 218 152
217 157 219 158
217 164 219 165
217 166 218 167
217 179 218 181
217 188 218 189
217 194 219 195
217 196 222 196
217 199 222 199
217 208 221 208
217 212 217 217
217 222 219 223
217 230 218 232
217 235 218 237
217 238 219 239
216 240 218 241
217 242 217 247
217 250 222 250
217 255 222 255
217 260 222 260
217 262 221 262
217 265 219 266
217 270 218 272
217 274 219 275
217 276 219 277
217 281 217 286
217 287 217 292
217 293 222 293
217 296 219 297
217 302 222 302
217 304 219 305
215 306 219 306
217 311 218 313
217 315 222 315
217 316 222 316
217 321 218 323
217 325 222 325
218 0 218 5
218 10 219 12
218 13 223 13
218 15 223 15
218 17 218 22
218 27 219 28
218 32 223 32
218 39 219 41
218 43 220 44
218 51 219 53
218 59 220 60
218 62 219 64
218 65 220 66
218 69 220 70
218 72 218 77
218 84 220 85
218 104 220 105
218 106 223 106
218 110 219 112
218 113 222 113
218 117 222 117
218 120 218 125
218 126 220 127
218 137 220 138
218 139 220 140
218 141 219 143
218 144 218 149
218 150 223 150
216 156 221 156
218 168 220 169
218 173 220 174
218 177 220 178
218 184 223 184
218 192 220 193
218 197 220 198
218 209 218 214
218 215 219 217
218 219 220 220
218 226 219 228
218 234 223 234
218 242 218 246
218 247 220 248
218 249 223 249
218 256 222 256
218 257 220 258
218 267 220 268
218 278 223 278
218 281 219 283
218 284 219 286
218 287 218 292
218 294 220 295
218 298 220 299
218 301 223 301
218 303 223 303
218 307 220 308
218 317 219 319
218 320 223 320
218 328 223 328
218 329 219 331
218 332 222 332
219 0 219 5
219 6 220 8
219 17 219 22
219 23 220 25
218 29 219 31
219 34 220 36
219 37 221 38
219 46 220 48
219 67 224 67
219 72 219 77
219 80 220 82
219 83 224 83
219 91 220 93
219 95 221 96
219 98 220 100
219 101 224 101
219 107 220 109
219 114 220 116
219 120 221 121
219 122 220 124
219 125 224 125
219 128 220 130
219 133 222 133
219 134 220 136
219 144 221 145
219 147 221 148
219 149 224 149
221 153 224 153
219 154 224 154
219 159 221 160
219 176 224 176
219 179 220 181
219 186 221 187
219 190 221 191
219 201 224 201
219 204 220 206
219 209 219 214
219 230 224 230
219 231 221 232
219 233 224 233
219 235 220 237
219 240 219 245
219 246 223 246
219 251 220 253
219 254 224 254
219 261 224 261
219 264 224 264
219 271 221 272
219 279 224 279
219 287 219 292
219 311 220 313
219 321 220 323
219 326 221 327
219 334 220 335
220 0 220 5
220 10 222 11
220 12 225 12
220 17 220 22
220 27 221 29
220 30 225 30
220 39 222 40
220 49 225 49
220 51 222 52
220 53 221 55
220 62 225 62
220 63 225 63
220 72 220 77
220 78 222 79
220 89 222 90
220 102 222 103
220 110 221 112
220 118 222 119
220 131 222 132
220 141 222 142
220 143 224 143
219 151 220 153
220 157 222 158
220 162 221 164
221 166 225 166
219 166 220 167
220 170 225 170
220 182 222 183
219 188 221 189
220 194 222 195
220 209 220 214
220 215 221 217
220 222 222 223
220 226 224 226
220 227 221 229
220 238 220 243
220 244 222 245
220 265 222 266
220 274 222 275
220 276 222 277
220 281 220 286
220 287 220 292
220 296 225 296
220 297 225 297
220 304 225 304
220 305 222 306
220 317 221 319
220 329 222 330
220 331 225 331
221 0 221 5
221 6 223 7
221 8 223 9
221 17 221 22
221 23 222 25
221 34 222 36
221 43 221 47
221 57 226 57
221 59 223 60
221 64 222 66
221 69 221 74
221 75 222 77
221 80 222 82
221 84 222 86
221 88 226 88
221 91 224 91
221 93 226 93
221 97 222 99
221 100 226 100
221 104 223 105
221 107 226 107
221 108 223 109
221 114 223 115
221 116 224 116
221 122 222 124
221 126 222 128
221 129 222 130
221 134 221 139
221 140 226 140
221 146 226 146
221 151 223 152
221 161 226 161
221 165 226 165
221 167 222 169
221 173 222 175
221 177 222 179
221 180 223 181
221 192 223 193
221 197 223 198
221 200 226 200
221 202 221 207
221 209 221 214
221 218 222 220
221 221 226 221
221 224 223 225
221 235 221 240
221 241 222 243
221 247 226 247
221 248 226 248
221 251 222 253
221 257 223 258
221 263 226 263
221 267 223 268
221 269 223 270
221 280 221 285
221 286 221 291
221 292 226 292
221 294 223 295
221 298 222 300
221 307 222 309
221 311 222 313
221 321 222 323
221 333 222 335
222 0 222 5
222 14 227 14
222 16 222 20
222 21 224 22
222 27 223 29
222 31 227 31
222 37 224 38
222 41 227 41
222 43 223 45
222 46 224 47
221 48 226 48
222 50 227 50
222 53 223 55
222 56 227 56
222 58 227 58
222 68 222 72
222 73 224 74
222 87 227 87
222 95 227 95
222 96 227 96
222 111 227 111
222 120 224 121
222 134 222 139
222 144 224 145
222 147 224 148
222 155 224 156
222 159 224 160
222 162 223 164
222 171 224 172
222 185 222 190
222 202 223 204
222 205 226 205
222 206 222 211
222 212 224 213
222 214 227 214
222 216 224 217
222 227 223 229
222 231 227 231
222 235 223 237
222 238 223 240
222 259 227 259
222 271 223 273
222 280 222 285
222 286 222 291
222 310 227 310
222 314 227 314
222 317 223 319
222 324 227 324
222 326 223 327
223 0 223 5
223 11 226 11
223 16 224 18
223 19 224 20
223 23 224 25
223 26 228 26
223 33 224 35
223 36 228 36
223 39 228 39
223 40 228 40
223 42 227 42
223 51 225 52
223 61 228 61
223 64 224 66
223 68 224 70
223 71 225 72
223 75 227 75
223 76 223 81
223 82 226 82
223 84 225 85
223 86 228 86
223 89 225 90
223 94 228 94
223 97 224 99
223 102 225 103
223 110 228 110
223 112 225 113
223 118 225 119
223 122 224 124
223 126 228 126
223 127 223 132
223 135 225 136
223 137 224 139
223 141 225 142
223 157 225 158
223 167 224 169
223 173 228 173
223 174 225 175
223 177 224 179
223 182 225 183
223 185 223 189
223 190 225 191
223 194 224 196
223 199 228 199
223 206 223 211
223 215 228 215
223 218 224 220
223 222 225 223
223 241 225 242
223 243 224 245
223 250 224 252
223 253 228 253
223 255 228 255
223 260 228 260
222 262 226 262
223 265 225 266
223 274 224 276
223 277 228 277
223 280 223 285
223 286 223 291
223 293 228 293
223 298 224 300
223 302 228 302
223 305 225 306
223 307 224 309
223 311 224 313
223 315 225 316
223 321 228 321
223 322 228 322
223 323 228 323
223 325 228 325
223 329 225 330
223 333 224 335
224 0 224 5
224 6 226 7
224 8 225 10
224 13 229 13
224 27 225 29
224 32 229 32
224 43 225 45
224 53 226 54
224 55 229 55
224 59 226 60
224 76 225 78
224 79 226 80
224 104 225 106
224 108 226 109
224 114 229 114
223 117 228 117
224 127 224 132
224 134 229 134
224 150 229 150
224 152 228 152
224 162 225 164
224 180 229 180
224 181 229 181
224 184 224 189
224 192 226 193
224 197 226 198
224 202 225 204
224 206 224 211
224 224 229 224
224 225 229 225
224 227 226 228
224 229 229 229
224 234 224 239
224 240 229 240
224 249 229 249
223 256 228 256
224 257 228 257
224 267 224 272
224 273 229 273
224 278 229 278
224 280 224 285
224 286 224 291
224 294 226 295
224 303 229 303
224 317 225 319
224 320 229 320
224 326 225 328
223 332 228 332
225 0 226 2
225 3 230 3
225 4 227 5
225 15 226 17
225 18 228 18
225 19 226 21
225 22 226 24
225 25 230 25
225 33 226 35
225 37 227 38
225 46 230 46
225 47 230 47
225 64 227 65
225 66 226 68
225 69 230 69
225 70 230 70
225 73 227 74
225 81 230 81
225 83 230 83
225 91 227 92
225 97 227 98
225 101 230 101
225 115 227 116
225 120 227 121
225 123 226 124
225 125 230 125
225 127 225 132
223 133 228 133
225 137 227 138
225 139 230 139
225 143 226 145
225 147 226 149
225 153 226 155
225 156 230 156
225 159 227 160
225 167 226 169
225 171 227 172
225 176 226 178
225 179 230 179
225 184 226 186
225 187 226 189
225 194 226 196
225 201 230 201
225 206 225 211
225 212 230 212
225 213 230 213
225 216 226 218
225 219 227 220
225 230 230 230
225 232 225 237
225 238 227 239
225 243 226 245
224 246 229 246
225 250 227 251
225 252 230 252
225 254 230 254
225 261 230 261
225 264 230 264
225 267 226 269
225 270 227 271
225 272 230 272
225 274 226 276
225 279 225 284
225 285 225 290
225 291 230 291
225 298 226 300
225 301 230 301
225 307 227 308
225 311 226 313
225 333 226 335
226 8 227 10
226 27 227 29
226 30 231 30
226 43 227 45
226 51 228 52
226 62 227 63
226 71 228 72
226 76 227 78
226 84 228 85
226 89 231 89
226 90 231 90
226 102 228 103
226 104 227 106
226 112 228 113
226 118 228 119
226 127 226 132
226 135 228 136
226 141 228 142
226 151 231 151
226 157 228 158
226 162 227 164
226 166 231 166
226 170 231 170
226 174 228 175
226 182 231 182
226 183 231 183
226 190 228 191
226 202 227 204
226 208 231 208
226 209 231 209
226 210 228 211
226 222 228 223
225 226 230 226
226 232 226 237
226 241 231 241
226 242 231 242
226 265 231 265
226 266 230 266
226 279 226 284
226 285 226 290
226 296 228 297
226 304 227 306
226 309 231 309
226 315 228 316
226 317 227 319
226 326 226 331
227 0 228 1
227 6 232 6
227 11 229 12
227 15 228 17
227 20 232 20
227 21 232 21
227 23 232 23
227 24 232 24
227 33 229 34
227 35 232 35
227 48 229 49
227 54 232 54
227 57 232 57
227 59 229 60
227 67 232 67
227 68 232 68
227 79 229 80
227 88 232 88
227 93 232 93
227 99 229 100
227 107 228 109
225 122 229 122
227 123 229 124
227 127 229 128
227 129 229 130
227 131 229 132
227 143 227 148
227 149 232 149
227 153 228 155
227 161 231 161
227 165 232 165
227 167 232 167
227 168 229 169
227 176 228 178
227 184 227 189
227 192 227 197
227 198 232 198
227 200 232 200
227 205 229 206
227 216 229 217
227 218 232 218
227 221 232 221
227 227 229 228
227 232 227 237
227 243 228 245
227 247 229 248
227 258 232 258
227 262 229 263
227 267 229 268
227 269 232 269
227 274 228 276
227 279 227 284
227 285 229 286
227 287 228 289
227 290 232 290
227 292 232 292
227 294 229 295
227 298 228 300
227 311 229 312
227 313 232 313
227 326 227 331
227 333 228 335
228 4 230 5
228 7 233 7
228 8 229 10
228 22 233 22
228 28 230 29
228 31 233 31
228 37 230 38
228 41 229 43
228 44 230 45
228 50 233 50
228 56 233 56
228 58 233 58
229 64 230 66
228 62 228 66
228 73 233 73
228 74 233 74
228 75 229 77
228 78 233 78
228 87 231 87
228 91 230 92
228 95 229 97
228 104 229 106
228 111 233 111
228 115 230 116
228 120 230 121
228 137 230 138
228 143 228 148
228 159 230 160
228 162 229 164
228 171 230 172
228 184 228 189
228 192 228 197
228 202 229 204
228 207 233 207
228 214 233 214
228 219 230 220
228 231 228 236
228 237 229 239
228 250 229 251
228 259 233 259
228 270 230 271
228 279 228 284
228 304 230 305
228 307 229 308
228 310 233 310
228 314 232 314
228 317 229 319
228 324 233 324
228 326 229 328
228 329 230 330
228 331 233 331
229 0 234 0
229 1 234 1
227 2 232 2
229 14 230 16
229 17 234 17
229 18 231 19
229 26 234 26
229 36 234 36
229 39 231 40
229 51 230 53
229 61 230 63
229 71 231 72
227 82 232 82
229 84 230 86
229 94 233 94
229 102 231 103
229 107 230 109
229 110 234 110
229 112 231 113
229 117 230 119
229 126 234 126
229 133 233 133
229 135 231 136
229 140 229 145
229 146 230 148
229 154 231 155
229 157 234 157
229 158 234 158
229 173 229 178
229 184 229 189
229 190 229 194
231 196 234 196
231 197 234 197
229 199 234 199
229 210 231 211
229 215 234 215
229 222 231 223
229 231 230 233
229 234 234 234
229 235 231 236
229 243 230 245
229 253 233 253
229 255 231 256
229 275 231 276
229 277 234 277
229 279 229 284
229 287 230 289
229 293 234 293
229 296 230 298
229 299 234 299
229 300 234 300
229 302 234 302
229 315 231 316
229 321 230 323
229 325 233 325
229 332 230 334
230 8 231 10
230 11 231 13
228 27 233 27
231 29 236 29
230 32 231 34
230 41 231 43
230 48 235 48
230 55 235 55
230 59 232 60
231 66 235 66
230 75 235 75
230 79 232 80
230 95 230 100
230 104 231 106
230 122 232 123
230 127 231 129
230 130 231 132
230 140 230 145
229 152 234 152
230 162 231 164
230 168 232 169
230 173 230 178
230 180 232 181
230 184 232 185
230 186 231 188
230 189 231 191
230 192 231 194
229 195 230 197
230 202 231 204
230 205 235 205
230 206 235 206
230 216 232 217
230 224 231 225
230 227 232 228
230 229 234 229
230 237 231 239
230 240 235 240
230 246 232 247
230 248 230 251
229 257 234 257
230 260 235 260
230 262 235 262
230 268 235 268
230 273 235 273
230 274 235 274
230 278 230 283
230 284 231 286
230 294 232 295
230 303 235 303
228 306 233 306
230 308 235 308
230 311 232 312
230 317 232 318
230 319 232 320
230 326 231 328
231 3 232 5
231 14 232 16
231 25 236 25
231 37 233 38
231 44 232 46
231 47 235 47
231 52 236 52
231 61 232 63
231 64 233 65
231 69 233 70
231 81 236 81
231 83 233 84
231 85 236 85
231 91 233 92
231 95 231 100
231 101 236 101
231 107 233 108
231 109 236 109
231 114 231 119
231 120 233 121
231 124 236 124
231 125 236 125
231 134 236 134
231 137 231 142
231 143 231 148
229 153 234 153
231 156 236 156
231 159 233 160
231 171 231 176
231 177 232 179
231 201 236 201
231 212 233 213
231 219 236 219
231 226 236 226
231 230 232 232
231 233 236 233
231 243 232 245
231 249 232 251
231 252 236 252
231 254 236 254
231 261 236 261
231 263 236 263
231 264 236 264
231 266 233 267
231 270 233 271
231 278 232 280
231 281 233 282
231 283 236 283
231 287 232 289
231 291 236 291
231 296 232 298
231 301 236 301
231 304 233 305
231 321 232 323
231 329 236 329
231 332 232 334
231 335 236 335
232 8 232 13
232 18 234 19
232 28 237 28
232 30 237 30
232 32 233 34
232 39 237 39
232 40 233 42
232 43 237 43
232 51 237 51
232 53 237 53
232 71 234 72
232 86 234 87
232 89 234 90
232 95 232 100
232 102 233 104
232 105 234 106
232 112 233 114
232 115 233 117
232 119 237 119
232 127 232 132
232 135 232 140
232 141 232 146
232 147 234 148
232 150 234 151
232 154 234 155
233 162 234 163
232 161 232 164
232 166 235 166
232 170 233 172
232 173 233 175
232 176 237 176
232 182 234 183
232 186 232 191
232 192 233 194
232 195 237 195
232 202 233 204
232 208 233 210
232 220 237 220
232 222 234 223
232 235 237 235
232 236 233 238
232 239 236 239
232 241 234 242
232 255 234 256
232 265 236 265
232 272 237 272
232 275 234 276
232 284 237 284
232 285 234 286
232 309 237 309
232 315 234 316
232 326 233 328
232 330 237 330
233 2 234 4
233 6 238 6
233 8 233 13
233 14 238 14
233 15 238 15
233 16 238 16
233 20 235 21
233 23 235 24
233 35 238 35
233 44 238 44
233 45 238 45
233 46 238 46
233 49 238 49
233 54 237 54
233 57 238 57
233 59 234 61
233 62 235 63
233 67 235 68
233 79 235 80
233 82 238 82
233 88 238 88
233 93 236 93
233 95 233 100
233 122 235 123
233 127 233 132
233 135 233 140
233 141 233 146
233 149 238 149
233 161 237 161
233 164 235 165
233 167 234 169
233 177 234 179
233 180 235 181
233 184 233 189
233 190 235 191
233 198 238 198
233 200 238 200
233 211 238 211
233 216 234 218
232 224 234 225
233 227 238 227
233 230 234 232
233 243 234 245
233 246 234 248
233 249 235 250
233 251 238 251
233 258 238 258
233 269 238 269
233 278 234 280
233 287 234 289
233 290 236 290
233 294 235 295
233 296 234 298
233 307 238 307
233 311 234 313
233 317 233 322
233 323 238 323
233 332 234 334
234 7 234 12
234 13 239 13
234 22 239 22
234 27 239 27
234 31 235 33
234 34 239 34
234 37 236 38
234 40 235 42
234 50 239 50
234 56 238 56
234 58 239 58
234 64 236 65
234 69 236 70
234 73 236 74
234 76 235 78
234 83 239 83
234 91 239 91
234 92 239 92
234 95 235 97
234 98 235 100
234 102 235 104
234 107 236 108
234 111 234 116
234 117 236 118
234 120 236 121
234 127 236 128
234 129 239 129
234 131 239 131
234 132 236 133
234 135 234 140
234 141 235 143
234 144 235 146
234 159 236 160
234 170 234 174
234 184 234 189
234 192 239 192
234 193 239 193
234 202 235 204
234 207 239 207
234 208 239 208
234 209 236 210
234 212 235 214
234 221 239 221
234 236 235 238
234 266 236 267
234 270 236 271
234 281 239 281
234 282 239 282
234 292 239 292
234 304 235 306
234 310 239 310
233 314 238 314
234 317 234 322
234 324 238 324
234 325 235 327
234 328 239 328
234 331 239 331
235 0 235 5
235 7 235 12
235 17 236 19
235 26 240 26
235 36 240 36
235 59 236 61
235 71 237 72
235 84 240 84
235 86 240 86
235 87 240 87
235 89 237 90
234 94 239 94
235 105 237 106
235 110 236 112
235 113 240 113
235 114 240 114
235 115 240 115
235 126 240 126
235 135 235 140
235 147 236 148
235 150 236 152
235 153 237 154
235 155 240 155
235 157 237 158
235 163 240 163
235 167 236 169
235 170 237 171
235 172 237 173
235 174 238 174
234 175 239 175
235 177 236 179
235 182 235 187
235 188 237 189
235 196 237 197
235 199 240 199
235 215 236 217
235 218 240 218
235 222 236 224
235 228 236 230
235 231 237 232
235 234 240 234
235 241 235 246
235 247 237 248
234 253 239 253
235 255 236 257
235 275 235 280
235 285 236 287
235 288 237 289
235 293 240 293
235 296 236 298
235 299 239 299
235 300 240 300
235 311 236 313
235 315 237 316
235 318 235 322
235 332 236 334
236 0 236 5
236 7 236 12
236 20 241 20
236 24 241 24
236 31 237 33
236 40 241 40
236 41 238 42
236 48 241 48
236 55 241 55
236 62 238 63
236 66 237 68
236 75 236 80
236 95 236 100
236 102 237 104
236 122 238 123
236 130 241 130
236 135 236 140
236 141 236 146
236 164 238 165
236 180 238 181
236 182 236 187
236 190 238 191
236 202 237 204
236 205 238 206
236 212 237 214
236 236 237 238
236 240 236 245
236 246 240 246
236 249 240 249
236 259 238 260
236 262 241 262
236 268 241 268
236 273 236 278
236 279 238 280
236 294 238 295
236 302 237 304
236 305 238 306
236 308 241 308
236 318 236 322
236 325 237 327
237 0 237 5
237 7 237 12
237 17 238 19
237 21 242 21
237 23 242 23
237 29 242 29
237 37 241 37
236 47 241 47
237 52 242 52
237 59 238 61
237 64 239 65
237 69 242 69
237 70 242 70
237 73 238 75
237 76 237 81
237 85 242 85
237 95 242 95
237 97 241 97
237 98 239 99
237 100 239 101
237 107 237 112
237 116 238 118
237 120 239 121
237 124 241 124
237 127 242 127
237 128 242 128
237 132 237 137
237 138 237 143
237 144 239 145
237 146 238 148
237 150 238 152
237 156 242 156
237 159 239 160
237 167 239 168
237 169 242 169
237 177 242 177
237 178 242 178
237 179 242 179
237 182 237 187
237 201 242 201
237 209 239 210
237 215 238 217
237 219 242 219
237 222 238 224
237 226 241 226
237 228 238 230
237 233 240 233
238 240 242 240
237 239 237 244
237 250 242 250
237 252 242 252
237 254 238 256
237 257 242 257
237 261 242 261
237 263 237 267
237 270 238 271
237 273 237 278
237 283 242 283
237 285 238 287
237 290 239 291
237 297 238 298
237 311 238 313
237 318 237 322
237 329 242 329
237 332 238 333
237 334 238 335
238 0 239 2
238 3 239 5
238 7 239 9
238 10 239 12
238 25 243 25
238 28 243 28
238 31 239 33
238 38 240 39
238 43 243 43
238 51 242 51
238 53 240 54
238 66 240 67
238 71 240 72
238 76 238 81
238 89 240 90
238 102 238 107
238 108 239 110
238 111 240 112
238 119 243 119
238 132 238 137
238 138 238 143
238 153 240 154
238 157 240 158
238 161 240 162
236 166 241 166
238 170 239 172
238 176 243 176
238 182 238 187
238 188 240 189
238 194 240 195
238 196 240 197
238 202 239 204
238 212 239 214
238 220 243 220
238 231 240 232
238 235 239 237
238 238 243 238
238 239 243 239
238 241 240 242
238 243 239 245
238 247 240 248
238 264 239 266
238 267 241 267
238 272 239 274
238 275 240 276
238 277 240 278
238 284 242 284
238 288 240 289
238 301 238 304
238 309 243 309
238 315 240 316
238 318 243 318
238 319 240 320
238 321 240 322
238 325 239 327
238 330 242 330
239 14 239 19
239 35 244 35
239 41 241 42
239 44 240 46
239 49 244 49
239 56 241 57
239 59 240 61
239 62 241 63
239 68 244 68
239 73 241 74
239 75 239 80
239 81 241 82
239 88 244 88
237 93 242 93
239 96 244 96
239 102 244 102
239 103 240 105
239 106 241 107
239 116 240 118
239 122 241 123
239 132 239 137
239 138 239 143
239 146 240 148
239 149 240 151
239 152 244 152
239 164 241 165
239 180 239 185
239 186 241 187
239 190 240 191
239 198 244 198
239 200 244 200
239 205 244 205
239 206 244 206
239 211 244 211
239 215 240 217
239 222 240 224
239 225 244 225
239 228 244 228
239 229 241 230
239 251 244 251
239 254 240 256
239 258 240 260
239 269 240 271
239 279 241 280
239 285 240 287
239 294 241 295
237 296 242 296
239 297 244 297
239 298 244 298
239 301 244 301
239 302 240 304
239 305 240 307
239 311 240 313
239 314 244 314
239 323 241 324
239 332 242 332
239 333 240 335
240 0 240 5
240 6 241 8
240 9 240 13
240 14 240 19
240 22 245 22
240 27 245 27
240 30 242 31
240 32 245 32
240 33 242 34
240 50 245 50
240 58 244 58
240 64 242 65
240 75 241 77
240 78 241 80
240 83 245 83
240 92 245 92
240 94 243 94
240 99 241 101
240 108 241 110
240 120 242 121
240 125 245 125
240 129 245 129
240 131 240 136
240 137 240 142
240 143 241 145
240 159 242 160
240 167 244 167
240 170 241 172
240 173 245 173
240 175 245 175
240 180 240 185
240 192 242 193
240 202 242 203
240 204 245 204
240 207 241 209
240 212 241 214
240 221 245 221
240 235 242 236
240 237 243 237
240 243 241 245
240 253 243 253
240 263 242 264
240 265 242 266
240 272 241 274
240 281 242 282
240 290 241 292
240 310 245 310
241 315 245 315
235 317 240 317
240 325 241 327
240 328 245 328
240 331 245 331
241 0 241 5
241 9 241 14
241 15 242 17
241 18 246 18
241 26 246 26
241 36 246 36
241 38 243 39
241 44 242 46
241 53 243 54
241 59 242 61
241 66 243 67
241 71 243 72
241 84 246 84
241 86 243 87
241 89 242 91
241 98 246 98
241 103 242 105
241 111 241 116
241 117 243 118
241 126 246 126
241 131 241 136
241 137 241 142
241 146 241 151
241 153 242 155
241 157 243 158
241 161 242 163
241 168 246 168
239 174 244 174
241 180 241 185
241 188 243 189
241 194 242 196
241 197 246 197
241 199 246 199
241 215 242 217
241 218 246 218
241 222 242 224
241 231 243 232
241 233 243 234
241 241 243 242
241 246 242 248
241 254 242 256
241 258 243 259
241 260 245 260
241 269 243 270
241 271 246 271
241 275 242 277
241 278 246 278
241 285 246 285
241 286 242 288
241 289 246 289
241 293 244 293
240 299 245 299
241 300 246 300
241 302 241 307
241 311 242 313
241 316 246 316
241 319 241 322
241 334 246 334
241 335 246 335
242 0 242 5
242 6 243 8
242 9 242 14
242 19 247 19
242 20 247 20
242 24 247 24
242 40 244 41
242 47 244 48
242 55 243 57
242 62 246 62
242 73 242 78
242 79 243 81
242 99 244 100
242 106 247 106
242 107 242 112
242 113 243 115
242 116 247 116
242 122 243 124
242 130 243 132
242 133 242 138
242 139 242 144
242 145 243 147
242 148 243 150
242 151 247 151
242 164 247 164
242 165 247 165
242 170 243 172
242 180 242 185
242 186 244 187
241 190 243 191
242 207 243 208
242 212 244 213
244 227 247 227
242 229 244 230
242 243 243 245
241 249 244 249
242 262 247 262
242 267 244 268
242 272 247 272
242 273 244 274
242 279 244 280
242 290 243 292
242 294 244 295
242 302 242 307
242 308 247 308
242 319 242 324
242 325 243 327
243 0 243 5
243 9 243 14
243 15 244 17
243 23 248 23
243 29 244 31
243 33 245 34
242 37 247 37
243 42 248 42
243 44 244 46
243 52 248 52
243 59 244 61
243 63 244 65
243 69 245 70
243 73 243 78
243 85 247 85
243 89 244 91
243 95 248 95
242 97 247 97
243 105 247 105
243 107 243 112
243 120 245 121
243 127 245 128
243 133 243 138
243 139 244 141
243 142 245 143
243 144 248 144
243 153 244 155
243 156 248 156
243 159 244 161
243 162 248 162
243 177 243 182
243 183 245 184
243 185 248 185
243 192 244 194
243 196 248 196
243 201 245 202
243 203 248 203
243 210 248 210
243 214 245 215
243 217 248 217
243 219 248 219
243 222 244 224
242 226 243 227
243 235 248 235
243 240 248 240
243 246 245 247
243 250 248 250
243 252 248 252
243 254 244 256
243 257 248 257
243 261 247 261
243 264 244 265
243 266 248 266
243 275 248 275
243 277 247 277
243 281 247 281
243 282 248 282
243 283 245 284
243 286 244 288
243 296 248 296
243 302 243 307
243 311 244 313
243 317 248 317
243 319 245 320
243 321 244 323
243 329 245 330
243 332 245 333
244 0 244 5
244 6 244 11
244 12 245 14
244 21 249 21
244 25 249 25
244 28 247 28
244 38 246 39
244 43 249 43
243 51 248 51
244 53 245 55
244 56 246 57
244 66 249 66
244 67 249 67
244 71 244 76
244 77 244 82
244 86 246 87
244 93 246 94
244 107 244 112
244 113 245 115
244 117 245 119
244 122 246 123
244 124 249 124
244 130 244 135
244 136 245 138
244 145 244 150
244 157 246 158
244 169 249 169
244 170 245 172
244 176 244 181
244 182 249 182
244 188 245 190
244 207 249 207
244 208 249 208
242 209 247 209
244 220 249 220
244 226 249 226
244 231 245 233
244 234 249 234
244 236 245 238
244 241 246 242
244 243 245 245
244 258 246 259
244 290 245 292
244 302 245 304
244 305 245 307
244 309 249 309
244 325 249 325
244 326 246 327
245 0 245 5
245 6 245 11
245 15 246 17
245 29 247 30
245 31 250 31
245 35 250 35
245 40 247 41
245 44 245 49
245 58 246 60
245 61 249 61
245 63 246 65
245 68 250 68
245 71 245 76
245 77 245 82
245 88 246 89
245 91 250 91
245 96 250 96
245 99 245 104
245 107 250 107
245 109 247 110
245 111 250 111
245 112 250 112
245 130 245 135
245 141 248 141
245 145 246 147
245 148 246 150
245 152 246 154
245 155 250 155
245 159 246 161
245 166 247 167
245 174 250 174
245 176 245 179
245 186 247 187
245 191 246 193
245 198 250 198
245 200 250 200
245 205 247 206
245 211 250 211
245 216 250 216
245 222 246 224
245 225 250 225
245 228 246 230
245 248 247 249
245 251 250 251
245 254 246 256
243 263 247 263
245 265 250 265
245 267 250 267
245 268 246 270
245 273 247 274
245 279 247 280
245 286 246 288
245 294 247 295
245 297 250 297
245 298 250 298
245 301 250 301
246 311 250 311
245 311 245 314
245 321 246 323
246 0 246 5
246 6 246 11
246 12 247 14
246 22 251 22
246 27 251 27
246 32 247 34
246 44 246 49
246 50 251 50
246 53 247 55
246 69 246 74
246 75 246 80
246 81 247 83
246 92 251 92
246 99 246 104
246 113 247 115
246 117 247 119
246 120 248 121
246 125 249 125
246 127 246 132
246 133 246 138
246 139 251 139
246 142 248 143
246 170 247 172
246 173 251 173
246 175 247 177
246 178 251 178
245 180 247 181
246 183 248 184
246 188 248 189
246 201 248 202
246 204 251 204
246 212 248 213
246 214 248 215
246 221 251 221
246 231 247 233
246 237 247 239
246 243 247 244
246 245 247 247
244 253 249 253
246 276 251 276
246 284 251 284
246 290 247 292
246 299 250 299
246 302 246 307
246 310 251 310
246 312 247 314
246 315 251 315
246 318 247 320
246 324 251 324
246 328 246 333
247 0 249 1
247 3 247 8
247 9 248 11
247 15 248 17
247 18 252 18
247 26 252 26
247 36 252 36
247 38 249 39
247 44 247 49
247 56 248 58
247 59 249 60
247 63 248 65
247 69 247 74
247 75 247 80
247 84 250 84
247 86 252 86
247 87 248 89
245 90 250 90
247 93 249 94
247 98 247 103
247 108 252 108
247 122 252 122
247 123 252 123
247 126 247 131
247 132 247 137
247 138 252 138
247 145 248 147
247 148 248 150
247 152 248 154
247 157 248 159
247 160 249 161
247 168 252 168
247 190 247 195
247 197 252 197
247 222 248 224
247 228 248 230
247 241 249 242
247 254 249 255
247 256 252 256
247 258 249 259
246 260 251 260
247 268 248 270
247 271 252 271
247 278 252 278
247 283 252 283
247 285 252 285
247 286 249 287
247 289 252 289
245 293 250 293
247 302 247 307
247 316 252 316
247 321 249 322
247 323 252 323
247 326 247 331
247 332 248 334
247 335 252 335
248 2 248 7
248 8 253 8
248 12 249 14
248 19 250 20
248 24 253 24
248 28 249 30
248 32 249 34
248 37 253 37
248 40 250 41
248 44 248 49
248 53 249 55
247 62 252 62
248 69 248 74
248 75 250 76
248 77 248 82
248 83 253 83
248 97 248 102
248 103 253 103
248 104 249 106
248 109 250 110
248 113 248 118
248 119 253 119
248 126 248 131
248 132 248 137
248 151 253 151
248 163 249 164
248 165 249 167
248 170 249 172
248 175 249 177
248 180 250 181
248 186 250 187
248 190 248 195
248 205 250 206
248 209 253 209
248 218 253 218
248 227 253 227
248 232 250 233
248 236 249 238
248 239 253 239
248 243 249 245
248 246 249 248
248 249 253 249
248 261 249 263
248 272 249 274
248 280 250 281
248 288 253 288
248 290 249 292
248 294 250 295
248 302 248 307
248 308 253 308
248 312 249 314
248 318 249 320
248 326 248 331
249 2 250 4
249 5 254 5
249 6 254 6
249 7 254 7
249 9 250 11
249 15 250 17
249 23 253 23
249 42 254 42
249 44 249 49
249 51 251 52
249 56 250 58
249 63 250 65
249 69 249 74
249 77 249 82
248 85 253 85
249 87 254 87
249 88 251 89
249 95 254 95
249 97 249 102
249 113 249 118
249 120 251 121
249 126 249 131
249 132 250 134
249 137 254 137
249 140 251 141
249 142 249 147
249 148 250 150
249 152 250 154
249 156 250 158
249 162 254 162
249 183 250 185
249 188 249 193
249 194 250 196
249 199 254 199
249 201 250 203
249 210 254 210
249 212 254 212
249 213 250 215
249 217 254 217
249 219 253 219
249 222 250 224
249 228 250 230
249 231 254 231
249 235 254 235
249 240 254 240
249 250 254 250
249 252 254 252
249 257 254 257
249 266 254 266
249 268 250 270
249 275 254 275
248 277 251 277
249 296 254 296
249 300 254 300
249 302 249 307
249 317 254 317
249 326 249 331
249 332 250 334
250 0 255 0
250 1 255 1
250 12 251 14
250 21 255 21
250 25 255 25
250 28 252 29
250 30 254 30
250 32 252 33
250 34 254 34
250 38 252 39
250 43 252 44
250 45 252 46
250 47 255 47
250 48 255 48
250 49 255 49
250 53 251 55
250 59 252 60
250 66 252 67
250 69 250 74
250 77 250 82
250 93 252 94
250 97 250 102
250 104 251 106
250 113 250 118
250 124 251 126
250 127 251 129
250 130 255 130
250 131 255 131
250 136 255 136
250 142 250 147
250 159 251 161
250 163 251 165
250 169 251 171
250 172 255 172
250 175 255 175
250 176 252 177
250 179 255 179
250 182 255 182
250 188 250 193
250 207 251 208
250 220 253 220
250 226 255 226
250 234 255 234
250 236 255 236
250 237 255 237
250 238 255 238
250 241 250 246
250 247 252 248
250 253 251 255
250 258 252 259
250 261 251 263
250 264 255 264
250 272 252 273
250 286 255 286
250 290 251 292
250 302 250 307
250 309 255 309
250 312 251 314
251 318 252 319
251 320 252 322
250 318 250 322
250 325 252 326
250 327 251 329
250 330 252 331
251 2 256 2
251 9 252 11
251 15 252 17
251 19 253 20
251 35 256 35
251 40 253 41
251 56 252 58
250 61 255 61
251 63 252 65
251 68 251 73
251 74 251 79
251 80 252 82
251 90 253 91
251 97 251 102
251 107 256 107
251 109 251 114
251 115 252 117
251 118 256 118
251 132 252 134
251 135 256 135
251 142 251 147
251 148 252 150
251 152 251 157
251 166 256 166
251 174 256 174
251 180 253 181
251 183 251 188
251 189 256 189
251 190 251 195
251 196 256 196
251 198 256 198
251 200 252 201
251 202 253 203
251 205 256 205
251 211 256 211
251 213 255 213
251 214 252 216
251 222 256 222
251 223 252 225
251 228 252 230
251 232 253 233
251 241 251 246
251 265 255 265
251 267 252 269
251 270 254 270
251 279 252 281
251 282 256 282
251 293 256 293
251 294 256 294
251 295 256 295
251 297 253 298
251 301 251 306
251 307 256 307
251 311 256 311
251 332 252 334
252 12 253 14
252 22 256 22
252 27 257 27
252 50 257 50
252 51 257 51
252 53 253 55
252 68 252 73
252 74 252 79
252 88 254 89
252 92 257 92
252 97 252 102
252 104 253 106
252 109 252 114
252 120 254 121
252 124 252 129
252 139 252 144
252 145 253 147
252 152 252 157
252 158 253 160
252 161 257 161
252 163 253 165
252 169 254 170
252 171 257 171
252 173 257 173
252 184 254 185
252 186 254 187
252 188 257 188
252 190 253 192
252 193 253 195
252 206 253 208
252 241 252 246
252 253 253 255
252 260 253 262
252 263 257 263
253 273 257 273
250 274 255 274
252 276 254 277
252 284 257 284
252 287 257 287
252 290 253 292
251 299 256 299
252 301 252 306
252 310 257 310
252 312 253 314
252 315 257 315
252 328 254 329
253 9 255 10
253 11 258 11
253 15 254 17
253 26 258 26
253 28 255 29
253 31 254 33
253 36 258 36
253 38 255 39
253 43 254 45
253 46 258 46
253 56 254 58
253 59 255 60
253 62 253 67
253 68 253 73
253 74 253 79
253 80 254 82
251 84 256 84
253 86 258 86
253 93 255 94
253 96 254 98
253 99 254 101
253 102 257 102
253 108 253 113
253 114 255 115
253 116 255 117
253 122 253 127
253 128 255 129
253 132 254 134
253 138 253 141
253 142 254 144
253 148 255 149
253 150 258 150
253 152 253 157
253 167 255 168
253 176 254 178
253 183 258 183
253 197 258 197
253 200 254 201
253 214 255 215
253 223 254 225
253 228 254 230
253 241 253 246
253 247 254 248
253 251 258 251
253 256 258 256
253 258 258 258
253 259 258 259
253 267 254 269
253 271 258 271
253 272 258 272
253 278 258 278
253 279 254 281
253 283 258 283
253 285 258 285
253 289 258 289
253 301 253 306
253 316 257 316
253 318 253 323
253 325 258 325
253 326 258 326
253 327 258 327
253 330 255 331
253 332 254 334
253 335 258 335
254 8 259 8
254 12 255 14
254 18 255 20
254 24 259 24
254 37 259 37
254 40 256 41
254 52 255 54
254 55 259 55
254 62 255 64
254 65 254 70
254 71 254 76
254 77 255 79
254 83 259 83
254 85 258 85
254 90 256 91
254 103 255 105
254 106 259 106
254 108 254 113
254 119 259 119
254 122 254 127
254 138 255 140
254 141 259 141
254 145 255 147
254 151 254 156
254 157 256 158
254 159 259 159
254 160 259 160
254 163 259 163
254 164 259 164
254 180 256 181
254 190 255 191
254 192 255 194
254 202 259 202
254 206 255 208
254 209 259 209
254 218 259 218
254 219 255 221
254 227 259 227
254 232 256 233
254 239 259 239
254 241 254 246
254 249 257 249
254 253 255 255
254 260 255 262
254 290 255 292
254 297 256 298
254 301 254 306
254 308 259 308
254 312 255 314
254 318 254 323
255 3 260 3
255 4 256 6
255 7 260 7
255 15 256 17
254 23 259 23
255 30 256 32
255 33 257 34
255 42 256 44
255 45 260 45
255 56 256 58
255 65 257 66
255 67 255 72
255 73 256 75
255 76 260 76
255 80 256 82
255 87 260 87
255 88 257 89
255 95 256 97
255 98 256 100
255 101 260 101
255 108 257 109
255 110 257 111
255 112 257 113
255 120 256 122
255 123 257 124
255 125 256 127
255 132 256 134
255 137 260 137
255 142 257 143
255 151 256 153
255 154 256 156
255 162 260 162
255 169 257 170
255 176 256 178
255 184 256 186
255 187 260 187
255 195 260 195
255 199 256 201
255 204 260 204
255 210 260 210
255 212 260 212
255 216 260 216
255 217 260 217
255 223 256 225
255 228 256 230
255 231 260 231
255 235 260 235
255 240 255 245
255 246 260 246
255 252 260 252
255 257 259 257
255 266 256 268
255 269 260 269
255 275 260 275
255 276 257 277
255 279 257 280
255 281 260 281
255 296 260 296
255 300 255 305
255 306 260 306
255 317 257 318
255 319 255 324
255 328 257 329
255 332 256 334
256 0 261 0
256 1 261 1
256 9 258 10
256 12 258 13
256 14 261 14
256 18 257 20
256 21 260 21
256 25 261 25
256 28 258 29
256 38 258 39
256 47 257 49
256 52 257 54
256 59 260 59
256 60 257 62
256 63 258 64
256 67 256 72
256 77 257 79
256 93 261 93
256 103 257 105
256 114 257 116
256 117 260 117
256 129 257 131
256 136 261 136
256 138 257 140
256 144 256 149
256 167 261 167
256 172 261 172
256 175 261 175
256 179 261 179
256 182 261 182
256 190 257 192
256 193 261 193
256 194 261 194
256 203 261 203
256 206 258 207
256 208 261 208
256 214 258 215
256 219 257 221
256 226 261 226
256 234 261 234
256 236 257 238
256 240 256 245
255 247 257 248
256 250 261 250
256 253 257 255
256 260 257 262
256 264 258 265
256 286 261 286
256 290 261 290
256 291 261 291
256 292 261 292
256 300 256 305
256 309 261 309
256 312 258 313
256 319 256 324
256 330 257 331
257 2 262 2
257 4 258 6
257 15 258 17
257 30 262 30
257 31 262 31
257 32 262 32
257 35 262 35
257 40 262 40
257 41 258 43
257 44 262 44
257 56 258 58
257 67 257 72
257 73 258 75
257 80 258 82
257 84 262 84
257 90 259 91
257 94 259 95
257 96 258 98
257 99 259 100
257 107 260 107
257 118 262 118
257 120 258 122
257 125 258 127
257 132 258 134
257 135 261 135
257 144 257 149
257 151 257 156
257 157 258 158
257 166 262 166
257 168 262 168
257 174 262 174
257 176 259 177
257 180 259 181
257 184 258 186
257 189 262 189
257 196 262 196
257 199 259 200
257 201 262 201
257 205 262 205
257 211 262 211
256 213 261 213
257 222 259 223
257 224 259 225
257 228 258 230
257 232 259 233
257 240 257 245
257 266 259 267
257 268 262 268
255 270 260 270
257 282 262 282
257 288 262 288
257 293 258 295
257 297 257 302
257 303 258 305
257 307 262 307
257 311 262 311
257 319 257 324
257 332 259 333
257 334 262 334
258 18 259 20
257 22 262 22
258 27 263 27
258 33 260 34
258 47 258 52
258 53 263 53
258 54 263 54
258 60 259 62
258 65 258 70
258 71 260 72
258 77 259 79
258 88 260 89
258 103 259 105
258 108 258 113
258 114 259 116
258 123 260 124
258 128 259 130
258 131 263 131
258 139 260 140
258 142 259 144
258 145 259 147
258 148 260 149
258 151 258 156
258 161 262 161
258 165 263 165
258 169 259 171
258 173 263 173
258 178 263 178
258 188 263 188
258 190 259 192
258 219 259 221
258 236 259 238
258 240 259 242
258 244 260 245
258 248 260 249
258 253 260 254
258 255 261 255
258 260 259 262
258 263 261 263
258 273 263 273
258 276 260 277
258 279 260 280
258 284 263 284
258 287 262 287
258 297 259 299
258 300 260 301
258 302 263 302
258 310 263 310
258 314 258 319
258 320 259 322
258 323 260 324
258 328 263 328
258 329 259 331
259 4 260 6
259 9 261 10
259 11 261 12
259 13 264 13
259 15 261 16
259 17 264 17
259 28 261 29
259 36 264 36
259 38 261 39
259 41 260 43
259 46 259 51
259 52 264 52
259 56 260 58
259 63 259 68
259 69 261 70
259 73 260 75
259 80 260 82
259 86 264 86
259 92 264 92
259 96 264 96
259 97 261 98
258 102 263 102
259 108 259 113
259 120 260 122
259 125 260 127
259 132 260 134
259 150 260 152
259 153 260 155
259 156 260 158
259 183 260 185
259 186 264 186
259 197 261 198
259 206 261 207
259 214 264 214
259 215 264 215
259 228 260 230
259 251 264 251
259 258 261 259
259 264 261 265
259 271 264 271
259 272 264 272
259 278 264 278
259 283 264 283
259 285 264 285
259 289 264 289
259 293 260 295
259 303 261 304
259 305 264 305
259 312 259 317
259 318 264 318
259 319 264 319
259 325 260 327
259 335 263 335
260 18 261 20
260 23 262 24
260 37 265 37
260 46 260 51
260 55 265 55
260 60 260 65
260 66 261 68
260 77 261 79
260 83 265 83
259 85 264 85
260 90 262 91
260 94 265 94
260 95 265 95
260 99 262 100
260 103 261 105
260 108 261 110
260 111 260 116
260 119 265 119
260 128 261 130
260 141 260 145
260 146 262 147
260 159 262 160
260 163 262 164
260 169 265 169
260 170 265 170
260 176 262 177
260 190 265 190
260 192 265 192
260 199 262 200
260 202 265 202
260 209 265 209
260 218 262 219
260 220 265 220
260 221 261 223
260 227 265 227
260 232 262 233
260 236 260 241
260 242 262 243
260 256 262 257
260 260 261 262
260 266 262 267
260 297 261 299
260 308 265 308
260 312 260 317
260 320 261 322
260 329 261 331
260 332 262 333
261 3 261 6
261 33 263 34
261 41 262 43
261 45 261 50
261 51 265 51
261 56 261 61
261 62 262 64
261 65 266 65
261 71 262 73
261 74 266 74
261 75 266 75
261 76 266 76
261 80 262 82
261 87 262 89
261 101 266 101
261 106 263 107
261 111 261 115
261 120 261 125
261 126 262 127
261 132 262 134
261 137 262 139
261 140 261 145
261 148 261 153
261 154 262 156
261 157 263 158
261 162 266 162
261 171 266 171
261 180 266 180
261 181 266 181
261 183 262 185
261 187 266 187
261 195 266 195
261 210 266 210
261 212 266 212
261 217 266 217
261 224 266 224
261 225 266 225
261 228 262 230
261 231 266 231
261 235 261 240
261 241 266 241
261 244 261 249
261 252 262 254
261 269 263 270
261 274 262 276
261 279 262 281
261 293 262 295
261 296 266 296
261 300 263 301
261 306 266 306
261 312 261 317
261 323 262 325
261 326 263 327
262 0 264 1
262 3 262 6
262 9 263 11
262 12 267 12
262 15 264 16
262 18 263 20
261 21 266 21
262 25 264 26
262 28 264 29
262 38 267 38
262 39 267 39
262 45 262 50
262 56 262 61
262 68 263 70
262 77 263 79
262 93 267 93
262 97 266 97
262 98 267 98
262 103 263 105
262 108 262 113
262 114 263 115
261 116 263 117
262 120 262 125
262 129 267 129
262 130 267 130
262 135 264 136
262 140 262 145
262 148 267 148
262 149 263 151
262 152 264 153
262 167 267 167
262 172 266 172
262 175 267 175
262 182 266 182
262 191 267 191
262 193 264 194
262 197 264 198
262 203 264 204
262 206 263 208
262 213 267 213
262 221 263 223
262 226 267 226
262 234 262 239
262 240 267 240
262 244 263 246
262 247 263 249
262 250 267 250
262 258 267 258
262 259 263 261
262 262 263 263
262 264 264 265
262 277 267 277
262 286 267 286
262 290 263 292
262 297 263 299
262 303 264 304
262 309 265 309
262 312 262 317
262 320 263 322
262 329 267 329
262 330 267 330
262 331 267 331
263 2 263 6
261 7 263 8
263 14 268 14
263 22 268 22
263 23 268 23
263 24 268 24
263 30 264 32
263 35 268 35
263 40 263 45
263 46 264 48
263 49 265 50
263 56 263 61
263 62 265 63
263 64 268 64
263 71 264 73
263 80 264 82
263 84 268 84
263 87 264 89
263 90 265 91
263 99 265 100
263 108 263 113
263 118 268 118
263 120 263 125
263 126 264 128
263 132 268 132
263 133 265 134
263 137 263 142
263 143 264 145
263 146 267 146
263 154 264 156
263 159 264 161
263 163 265 164
263 166 268 166
263 168 268 168
263 174 268 174
263 176 268 176
263 177 268 177
263 183 264 185
263 189 268 189
263 196 268 196
263 199 264 201
263 205 268 205
263 211 268 211
263 216 268 216
263 218 265 219
263 228 264 230
263 232 264 234
263 235 264 237
263 238 265 239
263 242 265 243
263 252 264 254
263 256 264 257
263 266 264 268
263 274 264 276
263 279 264 281
263 282 268 282
263 287 265 288
263 293 264 295
263 307 268 307
263 311 263 316
263 317 268 317
263 323 264 325
263 332 268 332
263 334 268 334
264 2 264 7
264 8 265 10
264 18 265 20
264 27 269 27
264 33 266 34
264 40 265 42
264 43 265 45
264 53 269 53
264 54 269 54
264 56 265 58
264 59 265 61
264 66 269 66
264 67 266 68
264 69 266 70
264 77 265 79
264 102 265 104
264 105 264 110
264 111 264 115
264 116 266 117
264 120 264 124
264 131 269 131
264 137 264 142
264 149 266 150
264 151 269 151
264 157 266 158
264 165 269 165
264 173 269 173
264 178 266 179
264 206 265 208
264 221 269 221
264 244 264 249
262 255 267 255
264 259 265 261
264 262 266 263
264 269 266 270
264 273 268 273
264 284 269 284
264 290 266 291
264 292 269 292
264 297 264 302
264 310 264 315
264 316 269 316
264 320 265 322
264 326 265 328
265 0 266 2
265 3 266 5
265 6 267 7
265 11 270 11
265 13 270 13
265 15 266 17
265 25 267 26
265 28 265 32
265 46 266 48
265 52 270 52
265 71 267 72
265 73 269 73
265 80 266 82
265 85 267 86
265 87 270 87
265 88 267 89
265 92 270 92
265 96 270 96
265 105 265 109
265 111 266 112
265 113 266 115
265 121 265 124
265 126 266 128
265 135 267 136
265 137 270 137
265 139 269 139
265 141 270 141
265 142 266 144
265 147 270 147
265 152 267 153
265 154 267 155
265 156 270 156
265 159 266 161
265 183 270 183
265 184 266 186
265 188 270 188
265 193 267 194
265 197 266 199
265 200 266 201
265 203 270 203
265 204 270 204
265 214 267 215
265 223 270 223
265 230 270 230
265 232 265 237
265 244 265 249
265 251 266 253
265 254 270 254
265 264 266 266
265 267 267 268
265 271 267 272
265 274 266 276
265 278 266 280
265 281 270 281
265 283 268 283
265 285 269 285
265 289 270 289
265 293 267 294
265 295 270 295
265 297 265 302
265 303 266 305
265 310 265 315
265 318 267 319
265 323 266 325
264 335 269 335
266 8 267 9
266 18 267 20
266 28 267 30
266 31 268 32
266 36 268 37
266 40 266 45
266 49 267 51
266 55 267 56
266 58 268 59
266 60 267 62
266 63 271 63
266 77 268 78
266 83 271 83
266 90 268 91
266 94 268 95
266 99 268 100
266 102 266 107
266 108 268 109
265 110 270 110
266 119 270 119
265 120 270 120
266 121 267 123
266 124 269 124
264 125 269 125
266 133 268 134
266 138 271 138
266 163 268 164
266 169 268 170
266 190 271 190
266 192 271 192
266 202 271 202
266 206 267 208
266 209 271 209
266 218 267 220
266 222 271 222
266 227 269 227
266 229 271 229
266 232 266 237
266 238 268 239
266 242 267 244
266 245 269 245
266 247 267 249
268 256 273 256
265 256 267 257
266 259 267 261
266 287 271 287
266 297 266 302
266 308 271 308
266 310 267 312
266 313 267 315
266 320 267 322
266 327 271 327
266 328 271 328
267 0 267 5
267 15 269 16
267 17 272 17
267 33 269 34
267 40 267 45
267 46 268 48
267 65 272 65
267 67 268 69
267 70 272 70
267 74 268 76
267 79 269 80
267 81 269 82
267 101 269 102
267 104 269 105
267 106 269 107
267 111 267 116
267 117 272 117
267 126 268 128
267 140 272 140
267 142 268 144
267 149 272 149
267 157 267 162
267 171 269 172
267 178 268 180
267 181 269 182
267 184 268 186
267 187 272 187
267 195 272 195
267 197 268 199
267 210 272 210
267 212 272 212
267 217 272 217
267 224 269 225
267 231 267 236
267 237 272 237
267 241 272 241
267 251 268 253
267 262 268 264
267 265 269 266
267 269 269 270
267 274 268 276
267 278 268 280
267 290 269 291
267 296 267 301
267 302 272 302
267 303 268 305
267 306 272 306
267 323 268 325
267 326 272 326
267 333 272 333
268 0 270 1
268 4 270 5
268 7 270 8
268 9 272 9
266 10 271 10
268 18 269 20
268 21 273 21
268 25 270 26
268 28 269 30
268 38 268 43
268 44 270 45
268 49 269 51
268 55 270 56
266 57 271 57
268 60 270 61
268 71 270 72
268 85 270 86
268 88 270 89
268 93 273 93
267 97 272 97
268 98 273 98
268 111 273 111
268 115 270 116
268 121 272 121
268 123 273 123
268 129 270 130
268 135 270 136
268 145 270 146
268 148 272 148
268 152 269 154
268 155 273 155
268 157 268 162
268 167 273 167
268 175 273 175
268 191 273 191
268 193 270 194
270 200 272 201
267 200 269 201
268 206 269 208
268 213 269 215
268 218 270 219
268 220 273 220
268 226 272 226
268 231 268 236
268 242 269 244
268 246 269 248
268 249 270 250
268 255 273 255
268 258 269 260
268 261 273 261
268 267 270 268
268 271 270 272
268 277 273 277
268 286 273 286
268 293 270 294
268 296 268 301
266 309 271 309
268 310 269 312
268 313 269 315
268 318 269 319
268 320 269 321
268 329 269 331
269 6 274 6
269 14 274 14
269 22 270 24
269 31 271 32
269 35 269 40
269 41 274 41
269 43 274 43
269 46 270 48
269 58 271 59
269 64 274 64
269 67 270 69
269 74 270 76
269 77 274 77
269 84 274 84
269 90 271 91
269 94 271 95
269 99 271 100
269 108 271 109
269 112 274 112
269 126 270 128
269 132 270 134
269 142 271 143
269 144 274 144
269 157 269 161
269 163 274 163
269 164 274 164
269 166 274 166
269 168 274 168
269 169 274 169
269 174 274 174
269 176 270 178
269 179 271 180
269 184 270 186
269 189 274 189
269 197 270 199
269 211 274 211
269 216 274 216
269 231 269 236
269 238 270 240
269 251 270 253
269 257 274 257
269 262 270 264
269 273 270 275
269 278 270 280
269 282 274 282
268 288 273 288
269 296 274 296
269 297 270 299
269 300 271 301
269 303 270 305
269 307 274 307
269 317 274 317
269 323 270 325
269 332 274 332
269 334 274 334
270 2 275 2
270 12 275 12
270 16 275 16
270 18 271 20
270 27 271 29
270 33 270 38
270 39 272 40
270 42 275 42
270 50 272 51
270 53 272 54
270 62 275 62
270 78 271 80
270 81 275 81
270 82 275 82
270 101 272 102
270 104 271 106
270 107 275 107
270 113 275 113
270 122 275 122
270 124 272 125
270 131 275 131
270 150 275 150
270 152 271 154
270 157 271 159
270 160 275 160
270 161 275 161
269 162 274 162
270 165 275 165
270 171 271 173
270 181 272 182
270 205 271 207
270 208 275 208
270 213 271 215
270 221 275 221
270 224 272 225
270 227 272 228
270 231 270 236
270 242 271 244
270 245 271 247
270 258 271 260
270 265 275 265
270 266 275 266
270 269 272 270
270 276 275 276
270 284 272 285
270 290 271 292
270 310 270 315
270 316 275 316
270 318 271 320
270 321 275 321
268 322 273 322
270 330 274 330
270 335 275 335
271 0 276 0
271 1 276 1
271 3 272 5
271 7 276 7
271 8 276 8
271 11 276 11
271 13 276 13
271 22 272 24
271 25 273 26
271 33 272 35
271 36 273 37
271 38 276 38
271 44 271 49
271 52 276 52
271 55 273 56
271 60 273 61
271 66 271 69
271 71 276 71
271 72 276 72
270 73 275 73
271 74 273 75
271 76 276 76
271 85 272 87
271 88 273 89
271 92 276 92
271 96 276 96
271 103 276 103
271 110 276 110
271 114 272 116
271 118 272 120
271 126 272 128
271 129 273 130
271 132 271 137
270 139 275 139
271 141 276 141
271 145 272 147
271 170 276 170
271 176 272 178
271 183 272 185
271 186 276 186
271 188 276 188
271 193 273 194
271 196 272 198
271 203 276 203
271 204 276 204
271 218 273 219
271 230 271 235
271 238 272 240
271 248 271 253
271 262 272 264
271 267 276 267
271 268 276 268
271 271 272 273
271 274 273 275
271 278 276 278
271 279 272 281
269 283 273 283
271 293 273 294
271 295 276 295
271 297 272 299
271 303 272 305
271 310 271 315
271 323 272 325
271 331 276 331
272 18 273 20
272 27 272 32
272 44 273 46
272 47 277 47
272 57 274 58
272 59 277 59
272 63 277 63
272 67 274 68
272 69 277 69
272 78 273 80
272 83 277 83
272 90 274 91
272 94 274 95
272 99 274 100
272 104 273 106
272 108 274 109
272 132 272 137
272 138 277 138
272 142 274 143
272 151 273 153
272 154 277 154
272 156 273 158
272 159 277 159
272 171 273 173
272 179 274 180
272 190 277 190
272 192 277 192
272 202 277 202
272 205 277 205
272 206 277 206
272 207 277 207
272 209 277 209
272 213 273 215
272 222 274 223
272 229 272 234
272 235 274 236
272 242 272 247
272 248 272 253
272 254 277 254
272 258 274 259
272 260 277 260
272 287 277 287
272 289 273 291
272 292 277 292
272 300 274 301
272 308 273 310
272 311 273 313
272 314 274 315
272 318 277 318
272 319 274 320
272 327 273 329
273 3 274 5
273 9 275 10
273 22 274 24
273 27 273 32
273 33 274 35
273 39 275 40
273 48 274 50
273 53 275 54
273 65 278 65
273 70 278 70
273 85 274 87
273 97 278 97
273 101 275 102
273 114 273 119
273 120 275 121
273 124 274 126
273 127 275 128
273 132 273 137
273 140 278 140
273 145 273 149
273 176 274 178
273 181 274 183
273 184 275 185
273 187 276 187
273 195 274 196
273 197 274 199
273 210 278 210
273 212 278 212
273 217 278 217
273 224 275 225
273 227 274 229
273 230 275 231
273 232 278 232
273 234 278 234
273 237 273 242
273 243 273 248
273 249 274 251
273 252 274 253
273 262 274 264
273 269 274 271
273 272 275 273
273 279 274 281
273 297 274 299
273 302 274 304
273 305 275 306
273 323 274 325
273 326 278 326
273 333 278 333
274 17 275 19
274 20 279 20
274 25 274 29
274 31 279 31
274 32 278 32
274 36 279 36
274 44 275 46
274 60 276 61
274 74 276 75
274 78 275 80
274 88 276 89
274 93 279 93
274 98 279 98
274 104 275 106
274 114 274 119
274 123 279 123
274 129 276 130
274 132 276 133
274 134 279 134
274 135 276 136
274 137 279 137
274 145 279 145
274 147 275 149
274 152 276 153
275 155 280 155
274 155 274 158
274 167 279 167
274 171 275 173
274 175 279 175
274 191 279 191
274 193 276 194
274 200 276 201
274 213 275 215
274 218 275 220
273 226 278 226
274 233 279 233
274 237 274 242
274 243 275 245
274 246 276 247
274 255 276 256
274 261 279 261
274 274 279 274
274 277 278 277
274 283 275 285
274 286 279 286
274 288 275 290
274 291 279 291
274 293 276 294
274 308 274 313
274 322 279 322
274 327 275 329
275 3 276 5
275 6 280 6
275 14 277 15
275 21 275 26
275 27 276 29
274 30 279 30
275 33 276 35
275 37 280 37
275 41 280 41
275 43 280 43
275 48 276 50
275 56 277 57
275 58 280 58
275 64 280 64
275 66 276 68
275 77 280 77
275 84 276 86
275 87 280 87
275 90 280 90
275 91 280 91
275 94 280 94
275 99 277 100
275 108 277 109
275 111 276 112
275 114 275 119
275 124 280 124
275 125 277 126
275 142 276 144
275 146 280 146
275 156 280 156
275 157 277 158
275 162 276 164
275 166 280 166
275 168 280 168
275 169 280 169
275 174 280 174
275 176 275 181
275 182 277 183
275 189 278 189
275 195 276 196
275 197 277 198
275 199 280 199
275 211 280 211
275 216 280 216
275 222 277 223
275 227 276 229
275 235 277 236
275 237 277 238
275 240 277 241
275 242 280 242
275 248 276 250
275 251 280 251
275 257 276 259
275 262 276 264
275 269 276 271
275 275 280 275
275 279 276 281
275 296 275 301
275 302 276 304
275 307 275 312
275 313 276 315
275 317 280 317
275 319 277 320
275 323 276 325
275 332 279 332
275 334 278 334
276 2 281 2
276 9 278 10
276 12 281 12
276 16 277 18
276 19 281 19
276 21 276 26
276 39 278 40
276 44 277 46
276 51 281 51
276 53 277 55
276 62 281 62
276 73 281 73
276 78 277 80
276 81 278 82
276 95 281 95
276 101 278 102
276 104 277 106
276 107 281 107
276 113 276 118
276 119 277 121
276 122 281 122
276 127 278 128
276 131 281 131
276 139 281 139
276 147 277 149
276 150 278 151
276 160 278 161
276 165 280 165
276 171 277 173
276 176 278 177
276 178 277 180
276 184 278 185
276 208 281 208
276 213 277 215
276 218 276 221
276 224 278 225
276 230 278 231
276 243 278 244
276 245 281 245
275 252 277 253
276 265 278 266
276 272 278 273
276 283 281 283
276 285 281 285
276 288 277 290
276 296 276 301
276 305 276 310
276 311 278 312
276 316 281 316
276 327 277 329
275 330 280 330
276 335 281 335
277 0 279 1
277 3 278 5
277 7 279 8
277 11 282 11
277 13 281 13
277 21 277 26
277 27 282 27
277 28 279 29
277 34 281 34
277 35 282 35
277 38 282 38
277 42 282 42
277 48 278 50
277 52 282 52
277 60 279 61
277 66 278 68
277 71 282 71
277 72 281 72
277 74 278 76
277 84 278 86
277 88 282 88
277 89 282 89
277 92 282 92
277 96 281 96
277 103 281 103
277 110 282 110
277 114 277 118
277 129 279 130
277 132 279 133
277 135 279 136
277 141 278 143
277 144 282 144
277 152 279 153
277 162 278 164
277 170 282 170
277 186 282 186
277 187 279 188
277 193 278 195
277 196 282 196
277 200 279 201
277 203 279 204
277 218 278 220
277 221 282 221
277 227 278 229
277 239 282 239
277 246 278 248
277 249 279 250
277 255 278 257
277 258 279 259
277 262 278 264
277 267 278 269
277 270 279 271
277 278 278 280
277 281 279 282
277 293 278 295
277 296 277 300
277 302 277 307
277 308 278 310
277 313 278 315
277 323 278 325
277 331 282 331
278 15 279 17
278 21 278 26
278 44 279 46
278 47 283 47
278 53 279 55
278 56 280 57
278 59 283 59
278 63 282 63
278 69 283 69
278 78 279 80
278 83 283 83
278 99 280 100
278 104 279 106
278 108 280 109
277 111 278 113
278 114 278 117
278 118 279 120
278 121 283 121
278 125 283 125
278 126 283 126
278 138 283 138
278 147 279 149
278 157 279 159
278 171 279 173
278 178 278 183
278 190 283 190
278 192 283 192
278 197 280 198
278 205 280 206
278 207 283 207
278 209 283 209
278 213 279 215
278 222 282 222
278 223 283 223
278 235 279 237
278 240 280 241
278 252 283 252
278 253 283 253
278 254 283 254
278 260 282 260
278 284 283 284
278 287 279 289
278 290 283 290
278 292 283 292
278 296 278 300
278 302 279 304
278 305 279 307
278 318 280 319
278 320 280 321
278 327 279 329
279 3 280 5
279 9 281 10
279 14 284 14
279 18 284 18
279 21 279 26
279 32 281 33
279 39 284 39
279 40 284 40
279 48 284 48
279 49 284 49
279 50 284 50
279 65 280 67
279 70 284 70
279 74 280 76
279 82 284 82
279 84 281 85
279 86 284 86
279 97 284 97
279 101 281 102
279 111 279 116
279 127 281 128
279 140 280 142
279 143 284 143
279 150 281 151
279 154 284 154
279 160 279 164
279 176 279 181
279 182 280 184
279 185 284 185
279 193 280 195
279 210 283 210
279 212 284 212
279 217 280 218
279 219 281 220
279 224 280 226
279 227 279 232
279 234 284 234
279 238 284 238
279 243 281 244
279 246 280 248
279 255 280 257
279 262 279 267
279 268 281 269
279 272 281 273
279 276 280 278
279 279 281 280
279 293 279 297
279 298 281 299
279 300 284 300
277 301 282 301
279 308 279 313
279 314 281 315
279 323 280 325
279 326 284 326
279 333 281 334
280 0 282 1
280 7 282 8
280 15 281 17
280 20 280 24
280 26 285 26
280 28 281 30
280 31 285 31
280 36 285 36
280 44 281 46
280 53 281 55
280 60 282 61
280 78 281 80
280 81 285 81
280 98 285 98
280 104 281 106
280 111 280 116
280 117 281 119
280 123 283 123
280 129 282 130
280 132 280 137
280 145 285 145
280 147 281 149
280 152 282 153
280 157 280 162
280 163 282 164
280 167 285 167
280 171 281 173
280 175 280 180
280 181 285 181
280 191 285 191
280 200 281 202
280 203 282 204
280 213 282 214
280 215 285 215
280 227 281 229
280 230 281 232
280 235 281 237
280 249 282 250
280 258 282 259
280 261 280 266
280 267 285 267
280 270 281 271
280 274 285 274
280 281 282 282
280 286 282 287
280 289 285 289
280 291 285 291
280 293 282 294
280 295 281 297
280 302 281 304
280 305 280 310
280 311 281 313
280 322 285 322
280 327 281 329
281 3 286 3
281 4 282 6
281 20 281 24
281 37 286 37
281 41 286 41
281 43 286 43
281 56 283 57
281 58 286 58
281 64 282 66
281 67 286 67
281 74 282 76
281 77 286 77
281 87 286 87
281 90 283 91
281 93 286 93
281 94 286 94
281 99 283 100
281 108 283 109
281 111 283 112
281 113 282 115
281 116 286 116
281 120 286 120
281 124 286 124
281 132 283 133
281 134 282 136
281 137 286 137
281 140 282 142
281 155 281 160
281 161 283 162
281 165 283 166
281 168 283 169
281 174 282 176
281 177 282 179
281 180 286 180
281 182 283 183
281 184 286 184
281 187 283 188
279 189 284 189
281 193 282 195
281 197 282 199
281 205 283 206
281 211 285 211
281 216 282 218
281 224 282 226
281 240 282 242
281 246 282 248
281 251 285 251
281 255 282 257
281 261 281 266
281 275 282 277
281 278 286 278
281 305 281 310
281 317 282 319
281 320 283 321
281 323 282 325
281 330 286 330
280 332 285 332
282 9 284 10
282 12 287 12
282 15 284 16
282 17 287 17
282 19 282 24
280 25 285 25
282 28 287 28
282 29 284 30
282 32 283 34
282 44 283 46
282 51 287 51
282 53 283 55
282 62 287 62
282 68 287 68
282 72 283 73
282 78 283 80
282 84 284 85
282 95 287 95
282 101 284 102
282 104 283 106
282 107 287 107
282 117 283 119
282 128 286 128
282 131 287 131
282 139 287 139
282 146 282 151
282 155 282 160
282 171 284 172
282 173 286 173
282 200 283 202
282 208 287 208
282 219 287 219
282 220 287 220
282 227 282 231
282 232 284 233
282 235 283 237
282 243 287 243
282 244 287 244
282 245 287 245
282 261 282 264
282 268 284 269
282 272 284 273
282 279 284 280
282 283 287 283
282 285 287 285
282 288 287 288
282 295 283 297
282 298 284 299
282 302 282 307
282 308 282 313
282 314 283 316
282 327 283 329
282 333 283 335
283 0 284 2
283 4 284 6
283 7 285 8
283 11 287 11
282 13 287 13
283 19 283 24
283 27 288 27
283 35 288 35
283 42 288 42
283 52 288 52
283 60 285 61
283 65 284 66
283 74 284 76
283 88 285 89
283 92 288 92
282 96 287 96
282 103 287 103
283 110 288 110
283 113 284 115
283 129 285 130
283 134 284 136
283 140 284 142
283 144 288 144
283 146 283 151
283 152 285 153
283 155 283 160
283 163 285 164
283 170 287 170
283 174 283 179
283 186 288 186
283 193 284 195
283 196 285 197
283 198 288 198
283 203 285 204
283 213 285 214
283 216 284 218
283 221 285 222
283 224 283 229
283 230 285 231
283 239 288 239
283 240 285 241
283 242 288 242
283 246 288 246
283 247 285 248
283 249 285 250
283 255 284 257
283 258 288 258
283 259 283 264
282 265 284 266
282 270 284 271
283 275 285 276
283 277 288 277
283 281 285 282
283 286 285 287
283 293 288 293
283 294 288 294
283 301 284 303
283 304 283 309
283 310 284 312
283 313 288 313
283 317 284 319
283 323 284 325
283 331 287 331
284 19 284 24
284 32 286 33
284 34 289 34
284 38 289 38
284 44 285 46
284 47 289 47
284 53 285 55
284 56 286 57
284 59 289 59
283 63 285 64
284 69 289 69
284 71 285 73
284 78 285 80
284 83 289 83
284 90 286 91
284 99 286 100
284 104 285 106
284 108 286 109
284 111 286 112
284 117 285 119
284 121 289 121
284 122 286 123
284 125 286 126
284 132 286 133
284 138 287 138
284 146 284 151
284 155 284 160
284 161 286 162
284 165 286 166
284 168 286 169
284 174 284 179
284 182 286 183
284 188 289 188
284 190 289 190
284 192 289 192
284 199 286 200
284 201 286 202
284 205 285 207
284 209 289 209
284 223 284 228
284 229 289 229
284 235 285 237
284 252 285 254
284 259 284 264
284 290 287 290
284 292 287 292
284 295 289 295
284 297 289 297
284 304 284 309
284 314 285 316
284 320 286 321
284 327 285 329
284 333 289 333
284 334 286 335
285 0 286 2
285 4 286 6
285 9 287 10
285 15 287 16
285 18 285 23
285 24 290 24
285 29 287 30
285 39 287 40
285 48 286 50
285 65 287 66
285 70 289 70
285 74 286 76
285 82 290 82
285 84 286 86
285 97 290 97
285 101 287 102
285 113 286 115
285 134 286 136
285 140 286 142
285 146 285 151
285 154 285 158
285 159 287 160
285 171 287 172
285 174 286 176
285 177 287 178
285 179 290 179
285 185 290 185
285 187 290 187
285 189 290 189
285 193 286 195
284 210 289 210
285 212 290 212
285 216 286 218
285 223 285 228
285 232 286 234
285 238 290 238
285 255 286 257
285 259 285 264
285 265 287 266
285 268 285 273
285 279 286 280
285 298 285 303
285 304 285 309
285 310 287 311
285 317 286 319
285 323 286 325
285 326 290 326
286 7 288 8
286 18 286 23
286 25 288 26
286 31 291 31
286 44 287 46
286 53 287 55
286 60 288 61
286 63 288 64
286 71 287 73
286 78 288 79
286 80 288 81
286 88 288 89
286 98 291 98
286 104 287 106
286 117 287 119
286 129 290 129
286 130 291 130
286 143 291 143
286 145 288 146
286 147 286 152
286 153 286 158
286 163 288 164
286 167 291 167
286 181 291 181
286 191 291 191
286 196 288 197
286 203 287 205
286 206 287 207
286 213 287 215
286 221 286 226
286 227 288 228
286 230 288 231
286 235 287 237
286 240 288 241
286 247 287 249
286 250 291 250
286 251 287 253
286 254 291 254
286 259 286 264
286 267 286 272
286 273 287 274
286 275 288 276
286 281 288 282
286 284 291 284
286 286 288 287
286 289 291 289
286 296 291 296
286 298 287 300
286 301 286 306
286 307 287 309
286 314 287 316
286 322 291 322
286 327 287 329
287 0 287 4
287 5 289 6
287 18 287 23
287 32 292 32
287 33 290 33
287 36 289 37
287 41 292 41
287 43 292 43
287 48 288 50
287 56 288 58
287 67 292 67
287 74 288 76
287 77 292 77
287 84 289 85
287 86 289 87
287 90 289 91
287 93 292 93
287 94 292 94
287 99 292 99
287 100 292 100
287 108 289 109
287 111 287 116
287 122 288 124
287 125 292 125
287 126 292 126
287 127 289 128
287 132 287 137
287 140 288 142
287 147 288 149
287 150 288 152
287 153 288 155
287 156 288 158
287 161 292 161
287 162 292 162
287 165 289 166
287 168 289 169
287 173 288 175
287 180 292 180
287 182 288 184
287 193 289 194
287 195 292 195
287 199 288 201
287 202 292 202
286 211 291 211
287 216 292 216
287 217 292 217
287 218 292 218
287 221 287 226
287 232 292 232
287 233 289 234
287 255 288 257
287 259 287 264
287 267 287 272
287 278 288 280
287 301 287 304
288 310 293 310
285 312 290 312
287 317 288 319
287 320 289 321
287 323 288 325
287 334 292 334
287 335 292 335
288 0 290 1
288 2 289 4
288 9 290 10
288 11 289 13
288 14 288 19
288 20 289 22
288 23 293 23
288 28 289 30
288 39 289 40
288 44 289 46
288 51 293 51
288 53 289 55
288 62 293 62
288 65 290 66
288 68 293 68
288 71 289 73
288 95 293 95
288 96 293 96
288 101 288 106
288 107 293 107
288 111 289 113
288 114 288 118
288 119 290 120
288 131 292 131
288 132 288 137
288 139 293 139
288 159 290 160
288 171 290 172
288 177 290 178
288 203 289 205
288 208 293 208
288 213 290 214
288 215 293 215
288 219 289 221
288 222 289 224
288 225 290 226
288 235 289 237
288 243 289 245
288 247 290 248
288 249 293 249
288 251 290 252
288 253 293 253
288 259 288 264
288 265 288 270
288 271 289 273
288 274 293 274
288 283 293 283
288 285 293 285
288 288 293 288
288 291 293 291
288 298 288 303
287 305 289 306
288 307 290 308
288 309 293 309
288 311 293 311
288 314 289 316
288 327 289 329
288 330 289 332
289 7 290 8
289 14 289 19
289 25 290 27
289 35 292 35
289 42 294 42
289 48 290 50
289 52 294 52
289 56 290 58
289 60 291 61
289 63 291 64
289 74 290 76
289 78 290 80
289 81 294 81
289 88 291 89
289 92 293 92
289 101 294 101
289 102 291 103
289 104 290 106
289 110 294 110
289 114 290 116
289 117 291 118
289 122 290 124
289 132 289 137
289 140 291 141
289 142 294 142
289 144 289 149
289 150 289 155
289 158 294 158
289 163 291 164
288 170 293 170
289 173 290 175
289 182 290 183
289 186 294 186
289 196 289 201
288 206 290 207
289 227 291 228
289 230 294 230
289 231 294 231
289 239 290 241
289 242 294 242
289 246 294 246
289 255 289 260
289 261 289 266
289 267 290 269
289 270 294 270
289 275 289 280
289 281 291 282
289 286 291 287
289 293 291 294
289 298 289 303
289 304 294 304
289 313 293 313
289 317 290 319
289 323 290 325
290 2 291 4
290 11 290 16
290 17 292 18
290 19 291 21
290 22 295 22
290 28 291 30
290 36 291 38
290 44 291 46
290 47 295 47
290 54 292 55
290 59 293 59
290 69 291 71
290 72 295 72
290 73 295 73
290 83 292 84
290 85 291 87
290 90 291 91
290 108 291 109
290 111 291 113
290 121 295 121
290 127 292 128
290 132 292 133
290 134 292 135
290 137 295 137
288 138 293 138
290 144 290 149
290 150 290 155
290 156 295 156
290 165 292 166
290 168 292 169
290 188 295 188
290 190 295 190
290 192 291 194
290 196 290 201
290 203 291 205
290 209 292 210
290 219 290 224
290 229 295 229
290 233 291 235
290 236 292 237
290 243 291 245
290 255 291 257
290 258 290 263
290 264 291 266
290 271 292 272
290 273 295 273
290 275 290 280
288 290 293 290
288 292 292 292
290 295 295 295
290 297 291 299
290 300 292 301
290 302 295 302
290 303 295 303
290 305 295 305
290 306 295 306
290 314 291 316
290 320 295 320
290 321 295 321
290 327 290 332
290 333 295 333
291 0 293 1
291 5 291 10
291 11 291 16
291 24 292 26
291 27 296 27
291 33 293 34
292 39 296 39
290 39 291 40
291 48 292 50
291 53 296 53
291 56 292 58
291 65 293 66
291 74 292 76
291 78 292 80
291 82 296 82
291 97 296 97
291 104 296 104
291 106 295 106
291 114 292 116
291 122 292 124
291 136 296 136
291 144 291 149
291 150 291 155
291 157 296 157
291 159 293 160
291 172 292 173
291 174 291 179
291 182 293 183
289 184 294 184
291 185 294 185
291 187 295 187
291 189 296 189
291 196 291 201
291 206 296 206
291 207 296 207
291 212 292 214
291 219 291 224
291 225 293 226
291 238 292 240
291 241 294 241
291 247 293 248
291 251 293 252
291 258 293 259
291 260 296 260
291 262 293 263
291 267 292 269
291 275 292 277
291 278 292 280
291 307 296 307
291 317 292 319
291 323 291 328
291 329 292 331
292 2 292 7
292 8 292 13
292 14 293 16
292 19 293 21
292 28 293 30
292 31 297 31
292 36 297 36
292 38 295 38
292 44 293 46
292 60 294 61
292 63 297 63
292 69 293 71
292 86 293 88
292 89 293 91
292 98 297 98
292 102 294 103
292 111 293 113
292 117 293 119
292 120 297 120
291 129 296 129
292 130 297 130
292 140 294 141
292 143 292 148
292 149 292 154
292 155 297 155
292 163 294 164
292 167 295 167
292 174 292 179
292 181 297 181
292 191 293 193
292 194 297 194
292 196 292 201
292 203 293 205
292 211 297 211
292 219 293 221
292 222 297 222
292 224 297 224
292 227 293 228
292 233 293 235
292 243 293 245
292 250 297 250
292 254 293 256
292 257 296 257
292 264 293 266
292 281 293 282
292 284 297 284
292 286 294 287
292 289 297 289
292 293 294 294
292 296 293 298
292 299 297 299
292 314 293 316
292 322 292 327
292 328 296 328
292 332 297 332
293 2 293 7
293 8 293 13
293 17 295 18
293 24 295 25
293 26 298 26
293 32 298 32
293 40 295 41
293 43 298 43
293 48 294 50
293 54 294 56
293 64 298 64
293 67 298 67
293 74 293 79
293 80 298 80
293 83 295 84
293 93 295 94
293 99 295 100
295 108 297 109
292 108 294 109
293 114 294 116
293 122 293 127
293 131 295 132
293 133 294 135
293 143 294 145
293 146 294 148
293 149 298 149
293 150 295 151
293 152 294 154
293 161 295 162
293 165 295 166
293 168 295 169
291 171 296 171
293 172 293 177
293 178 298 178
293 179 295 180
293 195 294 197
293 198 293 202
293 209 295 210
293 212 294 214
293 216 298 216
293 218 298 218
293 232 298 232
293 236 294 238
293 239 295 240
293 267 294 269
293 271 295 272
293 275 293 280
293 300 295 301
293 308 298 308
293 317 294 319
293 322 293 327
293 330 295 331
293 334 298 334
293 335 298 335
294 0 294 5
294 6 294 11
294 12 295 14
294 15 296 16
294 19 295 21
294 23 299 23
294 28 296 29
294 30 299 30
294 33 299 33
294 34 299 34
294 51 299 51
294 57 299 57
294 58 296 59
294 65 295 66
294 68 295 69
294 70 296 71
294 74 294 79
294 85 294 90
294 91 296 92
294 95 296 96
294 111 295 113
294 117 295 119
294 122 294 127
294 138 296 139
294 159 296 160
294 170 299 170
294 172 295 174
294 175 295 177
294 182 296 183
294 191 295 193
294 198 296 199
294 200 294 205
294 208 299 208
294 215 299 215
294 217 299 217
294 219 295 221
294 223 299 223
294 226 295 228
294 233 295 235
294 243 295 245
294 247 295 249
294 251 294 256
294 258 299 258
294 259 299 259
294 261 294 266
294 274 294 279
294 280 299 280
294 283 299 283
294 285 299 285
294 288 299 288
294 291 299 291
293 292 298 292
294 296 295 298
294 309 295 311
294 312 295 314
294 315 296 316
294 322 294 327
295 0 295 5
295 6 295 11
293 35 298 35
295 42 300 42
295 44 300 44
295 45 297 46
295 48 300 48
295 49 297 50
295 52 300 52
295 54 297 55
295 56 300 56
295 60 296 62
295 74 295 79
295 81 300 81
295 85 300 85
295 86 300 86
295 87 297 88
295 89 299 89
295 90 299 90
295 102 296 103
295 105 300 105
295 107 300 107
295 110 300 110
295 114 296 116
295 122 296 124
295 125 296 126
295 127 297 128
295 140 297 141
295 142 295 146
295 147 297 148
295 152 296 154
295 158 300 158
295 163 297 164
295 184 296 186
295 195 296 197
295 200 295 205
295 212 297 213
295 230 297 231
295 236 296 238
295 241 297 242
295 246 300 246
295 251 300 251
295 252 297 253
295 254 296 256
295 261 296 263
295 264 295 269
295 270 300 270
295 274 300 274
295 275 296 277
295 278 300 278
295 279 299 279
294 281 296 282
295 286 297 287
295 293 297 294
295 304 300 304
295 317 296 319
295 322 295 327
296 0 296 5
296 6 296 11
296 12 297 14
296 17 296 22
296 24 298 25
296 37 298 38
296 41 301 41
296 47 299 47
296 68 298 69
296 72 297 74
296 75 297 77
296 78 298 79
296 83 298 84
296 93 298 94
296 99 298 100
296 111 297 113
296 117 297 119
296 121 301 121
296 131 297 133
296 137 301 137
296 142 297 144
296 145 298 146
296 150 301 150
296 151 301 151
296 156 301 156
296 161 298 162
296 165 298 166
296 167 297 169
296 172 297 174
296 175 298 176
296 177 301 177
296 179 298 180
296 187 298 188
296 190 301 190
296 191 301 191
296 192 301 192
296 193 301 193
296 200 301 200
296 202 298 203
296 204 298 205
296 209 298 210
296 219 297 221
296 227 301 227
296 228 298 229
296 233 297 235
296 239 301 239
296 240 301 240
296 243 297 245
296 247 298 248
296 249 301 249
296 264 296 269
296 271 298 272
296 273 301 273
296 290 301 290
296 295 297 297
296 298 301 298
296 300 298 301
296 302 301 302
296 303 301 303
296 305 298 306
296 309 296 314
296 320 296 325
296 326 301 326
296 329 297 331
296 333 301 333
297 0 297 5
297 6 297 11
297 15 298 17
297 18 298 20
297 21 299 22
297 27 298 29
297 39 299 40
297 53 302 53
297 58 297 62
296 65 298 66
297 70 299 71
297 82 302 82
297 91 299 92
297 95 298 97
295 101 300 101
297 102 298 104
296 106 301 106
298 109 302 109
297 114 298 116
297 122 298 124
297 125 299 126
297 129 302 129
297 134 298 136
297 138 299 139
297 152 299 153
297 154 302 154
297 157 302 157
297 159 302 159
297 160 302 160
297 171 302 171
297 182 298 184
297 185 299 186
297 189 302 189
297 195 298 197
297 198 299 199
297 206 298 207
297 225 302 225
297 236 298 238
297 254 299 255
297 256 299 257
297 260 297 265
297 266 298 268
297 269 302 269
297 275 299 276
297 277 302 277
297 307 302 307
297 309 299 310
297 311 297 316
297 317 297 322
297 323 301 323
297 325 301 325
297 327 299 328
298 0 298 5
298 6 298 11
298 12 299 14
298 31 303 31
298 36 303 36
298 45 302 45
298 49 300 50
298 54 300 55
298 58 298 63
298 72 298 77
298 87 300 88
298 98 303 98
298 111 299 113
298 117 299 119
298 120 303 120
298 127 300 128
298 130 299 132
298 140 299 142
298 143 300 144
298 147 300 148
298 155 303 155
298 163 300 164
298 167 299 169
298 172 299 174
298 181 303 181
298 194 303 194
298 201 303 201
298 211 299 213
298 219 299 221
298 222 303 222
298 224 303 224
298 230 303 230
298 233 303 233
298 234 303 234
298 235 303 235
298 242 303 242
298 243 299 245
298 252 300 253
298 260 303 260
298 261 299 263
298 264 300 265
298 281 303 281
298 284 303 284
298 286 300 287
298 293 299 295
298 296 300 297
298 299 303 299
298 311 298 316
298 317 298 322
298 329 300 330
298 331 300 332
299 0 299 5
299 6 299 11
299 15 299 20
299 24 299 29
299 32 303 32
299 35 304 35
299 37 301 38
299 43 304 43
299 58 299 63
299 64 299 69
299 72 299 77
299 79 300 80
299 83 301 84
299 93 300 95
299 96 301 97
299 99 301 100
299 102 300 104
299 108 304 108
299 114 301 115
299 116 304 116
299 122 300 124
299 134 304 134
299 135 304 135
299 145 300 146
299 149 304 149
299 162 304 162
299 165 301 166
299 175 301 176
299 178 300 180
299 182 300 184
299 187 301 188
299 195 300 197
299 202 300 204
299 205 300 207
299 209 301 210
299 216 304 216
299 218 304 218
299 226 304 226
299 228 301 229
299 232 304 232
299 236 300 238
299 241 304 241
299 247 301 248
299 250 304 250
299 266 300 268
299 271 301 272
299 292 304 292
299 301 303 301
299 305 301 306
299 308 304 308
299 311 299 316
299 317 299 320
299 334 301 335
300 0 301 2
300 3 301 5
300 6 300 11
300 12 300 17
300 18 300 23
300 24 301 26
300 27 302 28
300 29 302 30
300 33 302 34
300 39 302 40
300 46 302 47
300 51 305 51
300 57 300 62
300 63 300 68
300 69 300 74
300 75 301 77
300 89 301 91
300 111 305 111
300 113 305 113
300 117 301 119
300 125 302 126
300 130 301 131
300 132 302 133
300 136 305 136
300 138 302 139
300 140 301 142
300 152 302 153
300 161 305 161
300 167 305 167
300 169 305 169
300 170 305 170
300 172 305 172
300 173 305 173
300 174 305 174
300 185 302 186
300 198 302 199
300 208 305 208
300 211 301 213
300 214 302 215
300 219 301 221
300 243 302 244
300 254 300 259
300 261 301 263
300 275 302 276
300 279 302 280
300 282 302 283
300 285 305 285
300 288 302 289
300 291 305 291
300 293 301 295
300 309 300 314
300 315 300 320
299 321 301 322
300 324 305 324
300 327 302 328
301 6 302 8
301 9 301 14
301 15 302 17
301 18 301 23
301 42 306 42
301 48 303 49
301 50 306 50
301 52 306 52
301 54 301 59
301 60 301 65
301 66 301 71
301 72 306 72
301 73 306 73
301 74 306 74
299 78 304 78
301 79 302 81
301 85 303 86
301 87 303 88
301 92 302 94
301 95 306 95
301 101 302 103
301 104 303 105
301 107 306 107
301 110 306 110
301 122 302 124
301 127 303 128
301 143 303 144
301 145 302 147
301 148 306 148
301 158 306 158
301 163 306 163
301 164 306 164
301 178 303 179
301 180 306 180
301 182 302 184
301 195 303 196
301 197 306 197
301 202 302 204
301 205 302 207
301 236 302 238
301 246 306 246
301 251 301 256
301 257 302 259
301 264 302 266
301 267 302 268
301 270 306 270
301 274 306 274
301 286 303 287
301 296 303 297
301 304 306 304
301 309 301 314
301 315 301 320
301 329 303 330
301 331 303 332
302 0 302 5
302 9 302 14
302 18 302 23
302 24 303 26
302 37 307 37
302 38 307 38
302 41 307 41
302 54 302 59
302 60 302 65
302 66 302 71
302 75 303 77
302 83 303 84
302 89 303 91
302 96 304 97
302 99 304 100
302 106 307 106
302 114 304 115
302 117 307 117
302 119 306 119
302 121 307 121
302 130 304 131
302 140 303 142
302 150 304 151
302 156 307 156
302 165 304 166
302 175 303 177
302 187 304 188
302 190 303 192
302 193 307 193
302 200 307 200
302 209 303 211
302 212 304 213
302 217 307 217
302 219 303 221
302 227 303 229
302 231 307 231
302 239 304 240
303 243 307 243
300 245 305 245
302 247 303 249
302 251 302 256
302 261 303 263
302 271 304 272
302 273 307 273
302 290 307 290
302 293 303 295
302 298 307 298
302 302 307 302
302 303 307 303
302 305 304 306
302 309 302 314
302 315 302 320
302 321 307 321
302 322 304 323
304 326 307 326
302 333 303 335
303 0 304 2
303 3 303 8
303 9 304 10
303 13 303 17
303 18 304 20
303 21 304 23
303 27 308 27
303 28 304 30
303 33 305 34
303 39 305 40
303 44 308 44
303 45 304 47
303 53 303 58
303 59 305 60
303 61 304 63
303 64 303 69
303 70 305 71
303 79 304 81
303 82 308 82
303 92 304 94
303 101 304 103
303 109 308 109
303 112 308 112
303 122 304 124
303 125 305 126
303 129 308 129
303 133 308 133
303 137 308 137
303 138 308 138
303 139 308 139
303 145 304 147
303 152 305 153
303 154 308 154
303 157 308 157
303 159 308 159
303 168 308 168
303 182 304 184
303 185 305 186
303 189 308 189
303 198 305 199
303 202 304 204
303 205 304 207
303 214 305 215
303 225 308 225
303 236 304 238
303 244 308 244
303 251 304 253
303 254 304 256
303 257 304 259
303 264 304 266
303 267 304 269
303 275 308 275
303 278 304 280
303 282 308 282
303 283 308 283
303 288 305 289
303 307 307 307
303 309 303 314
303 315 303 319
302 325 303 326
303 327 305 328
304 3 305 5
304 6 306 7
304 8 307 8
303 11 305 12
304 13 309 13
304 14 309 14
304 15 305 17
304 24 305 26
306 31 309 31
304 36 309 36
304 48 306 49
304 53 304 58
304 64 305 66
304 67 306 68
304 69 309 69
304 75 305 77
304 83 304 88
304 89 305 91
304 98 309 98
304 104 306 105
304 127 306 128
304 132 309 132
304 140 305 142
304 143 306 144
304 155 309 155
304 160 309 160
304 171 309 171
304 175 305 177
304 178 306 179
304 181 309 181
304 190 306 191
304 194 305 196
304 201 309 201
304 209 305 211
304 219 304 223
304 227 307 227
304 228 305 230
304 233 305 235
304 242 309 242
304 247 305 249
304 260 305 262
304 263 309 263
304 281 309 281
304 284 309 284
304 286 306 287
304 293 305 295
304 296 306 297
306 299 309 299
304 299 305 301
304 309 304 314
304 315 304 319
304 325 309 325
304 329 305 331
304 333 306 334
304 335 309 335
305 0 306 2
305 9 307 10
305 18 306 20
305 21 306 23
305 28 307 29
305 30 310 30
304 31 305 32
305 35 310 35
305 43 310 43
305 45 306 47
305 53 305 58
305 61 306 63
305 78 306 80
305 81 310 81
305 83 305 88
305 92 306 94
305 96 307 97
305 99 306 101
305 102 307 103
305 108 310 108
305 114 306 116
305 118 310 118
305 120 310 120
305 122 306 124
305 130 310 130
305 131 310 131
305 134 307 135
305 145 306 147
305 149 306 151
305 162 308 162
305 182 306 184
305 187 307 188
305 202 305 207
305 212 307 213
305 218 305 223
304 224 309 224
305 236 305 240
305 250 305 255
305 256 306 258
305 259 310 259
305 264 305 269
305 271 307 272
305 276 305 280
305 292 310 292
305 305 307 306
305 308 305 313
305 314 307 315
305 316 306 318
305 319 309 319
303 320 308 320
305 322 307 323
305 332 310 332
306 3 307 5
306 11 308 12
306 15 307 17
306 24 307 26
306 32 307 34
306 39 308 40
306 51 311 51
306 53 306 58
306 59 308 60
306 65 311 65
306 66 311 66
306 70 308 71
306 75 307 77
306 83 306 88
306 89 307 91
306 111 311 111
306 113 311 113
306 125 308 126
306 136 309 136
306 140 307 142
306 152 308 153
306 166 311 166
306 167 311 167
306 169 308 170
306 172 306 177
306 185 308 186
306 194 307 196
306 198 308 199
306 202 307 204
306 205 306 209
306 210 308 211
306 214 307 216
306 218 306 223
306 228 307 230
306 232 306 237
306 238 307 240
305 241 310 241
306 245 311 245
306 247 306 252
306 253 307 255
306 260 307 262
306 264 306 269
306 276 311 276
306 278 308 279
306 285 311 285
306 288 311 288
306 289 311 289
306 291 311 291
306 293 307 295
306 300 308 301
306 308 306 313
306 324 309 324
306 327 308 328
306 329 307 331
307 0 308 2
307 6 312 6
307 18 308 20
307 21 308 23
307 42 312 42
307 45 308 47
307 48 308 50
307 52 308 54
307 55 308 57
307 58 312 58
307 61 311 61
307 63 308 64
307 67 312 67
307 68 312 68
307 72 308 74
307 78 308 80
307 83 307 88
307 92 312 92
307 93 309 94
307 95 312 95
307 99 308 101
307 104 312 104
307 105 312 105
307 107 311 107
307 110 312 110
307 114 309 115
307 122 308 124
307 127 309 128
307 143 309 144
307 145 309 146
307 147 309 148
307 149 309 150
307 151 311 151
307 158 311 158
307 163 308 165
307 172 307 177
307 178 308 180
307 182 309 183
307 190 308 192
307 197 312 197
307 205 309 206
307 208 309 209
307 218 307 223
307 232 307 237
307 246 307 251
307 252 312 252
307 257 309 258
307 264 307 269
307 270 312 270
307 274 312 274
307 280 312 280
307 286 309 287
307 297 312 297
307 304 312 304
307 308 307 313
307 316 308 318
307 333 309 334
308 3 309 5
308 7 309 9
308 10 313 10
308 15 309 17
308 24 309 26
308 28 310 29
308 32 310 33
308 34 313 34
308 37 310 38
308 41 313 41
308 75 310 76
308 77 313 77
308 83 308 88
308 89 309 91
308 96 310 97
308 102 310 103
308 116 310 117
307 119 312 119
308 121 313 121
308 134 313 134
308 135 313 135
308 140 309 142
308 156 313 156
308 172 309 174
308 175 312 175
308 176 310 177
308 184 313 184
308 187 310 188
308 193 309 195
308 196 313 196
308 200 313 200
308 202 310 203
308 204 313 204
308 212 308 217
308 218 310 219
308 220 310 221
308 222 310 223
308 226 309 228
308 229 308 234
308 235 308 240
308 243 313 243
308 247 310 248
308 250 313 250
308 253 313 253
308 255 313 255
308 260 309 262
308 264 308 269
308 271 309 273
308 290 313 290
308 293 309 295
308 296 313 296
308 298 312 298
308 302 310 303
308 305 308 310
308 311 309 313
308 314 310 315
308 321 309 323
308 326 313 326
308 329 310 330
308 331 313 331
309 0 310 2
309 11 311 12
309 18 310 20
309 21 311 22
309 23 314 23
309 27 314 27
309 40 314 40
309 44 309 49
309 50 314 50
309 52 309 57
309 59 311 60
309 63 311 64
309 70 310 72
309 73 311 74
309 78 310 80
309 82 309 87
309 88 314 88
309 99 310 101
309 109 314 109
309 112 314 112
309 122 310 124
309 125 311 126
309 129 314 129
309 137 310 139
309 152 314 152
309 153 311 154
309 157 314 157
309 159 314 159
309 161 311 162
309 163 311 164
309 165 314 165
309 168 310 170
309 178 310 180
309 185 311 186
309 189 310 191
309 198 311 199
309 210 309 213
309 216 311 217
309 225 314 225
309 229 309 234
309 235 309 240
307 256 312 256
310 257 312 258
309 264 309 269
309 279 314 279
309 282 311 283
309 300 311 301
309 305 311 306
309 307 310 309
309 310 314 310
309 317 311 318
309 327 311 328
310 3 311 5
310 7 312 8
310 9 315 9
310 13 311 15
310 16 312 17
310 24 311 26
310 31 315 31
310 36 315 36
310 39 315 39
310 44 310 49
310 52 310 57
310 69 315 69
310 82 310 87
310 89 311 91
310 93 312 94
310 98 315 98
310 106 315 106
310 114 312 115
310 127 312 128
310 132 312 133
310 140 310 145
310 146 311 148
310 149 311 150
310 155 315 155
310 160 314 160
310 171 311 173
310 181 311 183
310 192 312 193
310 194 312 195
310 201 315 201
310 205 310 210
310 211 311 213
309 214 311 215
310 224 315 224
310 226 310 231
310 232 310 237
310 238 312 239
310 240 315 240
310 242 314 242
310 244 315 244
310 246 315 246
310 251 315 251
310 260 310 265
310 266 311 268
310 269 315 269
310 271 311 273
310 275 315 275
310 281 315 281
310 284 315 284
310 286 311 287
310 293 311 295
310 299 315 299
310 311 311 313
310 316 315 316
310 319 311 321
310 322 315 322
310 323 311 325
310 333 311 335
311 0 312 2
311 18 312 20
311 28 312 30
311 32 315 32
311 35 316 35
311 37 313 38
311 43 311 48
311 49 316 49
311 52 311 57
307 62 311 62
312 64 316 64
311 70 313 71
311 72 316 72
311 75 313 76
311 78 311 83
311 84 312 86
311 87 316 87
311 97 316 97
311 99 312 101
311 102 313 103
311 116 312 118
311 120 316 120
311 124 316 124
311 130 316 130
311 131 316 131
311 137 312 139
311 140 312 142
311 143 312 145
311 168 312 170
311 176 312 178
311 179 315 179
311 187 312 189
311 190 313 191
311 202 313 203
311 205 311 210
311 218 311 223
311 226 311 231
311 232 312 234
311 235 313 236
311 237 316 237
311 241 315 241
311 247 312 249
311 254 316 254
311 259 311 264
311 265 316 265
311 277 316 277
311 278 316 278
311 292 316 292
311 302 312 303
311 307 312 309
311 314 313 315
311 329 313 330
311 332 316 332
312 3 313 5
312 11 313 13
312 14 314 15
312 22 317 22
312 24 313 26
312 43 312 48
312 51 312 56
312 57 317 57
312 59 314 60
312 61 313 63
312 65 314 66
312 73 314 74
312 78 313 80
312 81 313 83
312 89 313 91
312 96 317 96
312 107 314 108
312 111 317 111
312 113 315 113
312 122 314 123
312 125 314 126
310 136 315 136
312 146 316 146
312 147 312 151
312 153 317 153
312 154 317 154
312 161 317 161
312 162 313 164
312 166 314 167
312 171 313 173
312 180 313 182
312 183 317 183
312 185 314 186
312 198 314 199
312 205 312 210
312 211 313 213
312 214 313 216
312 217 312 221
312 222 314 223
312 226 312 231
312 245 317 245
312 259 312 264
312 266 313 268
312 271 313 273
312 282 314 283
312 285 316 285
312 288 314 289
312 293 313 295
312 305 314 306
312 311 313 313
312 317 313 319
312 321 315 321
312 323 313 325
312 327 314 328
312 333 313 335
313 0 314 2
313 6 315 7
313 16 313 21
313 28 314 30
313 42 313 47
313 48 318 48
313 51 313 56
313 58 317 58
313 67 315 68
313 84 314 86
313 92 314 94
313 95 317 95
313 99 314 101
313 104 315 105
313 110 318 110
313 115 314 117
313 118 315 119
313 128 318 128
313 132 315 133
313 137 314 139
313 140 314 142
313 143 314 145
313 147 314 149
313 150 315 151
312 158 317 158
313 168 314 170
313 174 315 175
313 177 315 178
313 187 314 189
313 192 314 194
313 195 318 195
313 197 318 197
313 205 314 207
313 208 314 210
313 217 318 217
313 218 314 220
313 226 313 231
313 232 315 233
313 234 318 234
313 238 318 238
313 247 314 249
313 252 318 252
313 256 318 256
313 257 318 257
313 259 313 264
313 270 318 270
313 274 318 274
313 276 318 276
313 280 318 280
312 286 314 287
313 291 318 291
313 297 315 298
313 300 313 303
313 307 314 309
314 3 315 5
314 10 315 11
314 13 318 13
314 16 314 21
314 24 316 25
314 26 319 26
314 33 319 33
314 34 319 34
314 37 316 38
314 41 315 43
314 44 315 46
314 47 319 47
314 51 316 52
314 54 315 56
314 62 319 62
314 63 319 63
314 70 316 71
314 75 314 78
314 81 315 83
314 89 315 91
314 102 316 103
314 121 319 121
314 127 319 127
314 134 319 134
314 135 319 135
314 156 319 156
314 162 315 164
314 171 315 173
314 180 315 182
314 184 319 184
314 190 316 191
314 196 318 196
314 200 319 200
314 202 315 204
314 211 315 213
314 214 316 215
314 216 319 216
314 226 314 231
314 235 316 236
314 239 319 239
314 250 319 250
314 253 319 253
314 255 319 255
314 259 314 264
314 266 315 268
314 271 319 271
314 272 316 273
314 290 319 290
314 293 319 293
314 294 315 296
314 302 316 303
313 304 318 304
314 311 315 313
314 314 316 315
314 317 315 319
314 323 316 324
314 325 316 326
314 329 315 331
314 333 315 335
315 0 320 0
315 1 320 1
315 2 320 2
315 8 320 8
315 14 315 19
315 20 320 20
315 21 320 21
315 23 319 23
315 27 316 29
315 30 320 30
315 50 320 50
315 53 320 53
315 59 317 60
315 65 317 66
315 73 315 78
314 79 316 80
315 84 316 86
315 88 320 88
315 92 317 93
315 94 320 94
315 99 317 100
315 101 320 101
315 107 316 109
315 114 316 116
315 117 320 117
315 122 320 122
315 123 320 123
315 125 320 125
315 126 320 126
315 129 320 129
315 137 315 142
315 143 316 145
315 147 316 149
315 157 320 157
315 159 320 159
315 165 315 170
316 175 321 175
313 176 318 176
315 185 316 187
315 188 320 188
315 189 320 189
315 192 316 194
315 198 317 199
315 205 316 207
315 208 316 210
315 218 315 223
315 225 315 230
315 231 320 231
315 242 317 243
315 247 316 249
315 258 315 261
315 262 316 264
315 282 317 283
315 286 316 288
315 289 320 289
315 300 320 300
315 305 315 310
315 327 317 328
316 3 318 4
316 5 317 7
316 9 317 11
314 12 318 12
316 14 316 19
318 31 321 31
316 36 321 36
316 39 316 44
316 45 318 46
316 54 317 56
316 67 317 69
316 73 316 78
316 81 317 83
316 89 317 91
316 98 321 98
316 104 317 106
316 112 318 113
316 118 318 119
316 133 321 133
316 136 316 141
316 142 321 142
316 150 318 151
316 152 321 152
316 155 321 155
315 160 320 160
316 162 316 167
316 168 317 170
316 171 318 172
316 173 318 174
316 177 321 177
316 178 317 180
316 181 318 182
316 201 317 203
316 204 320 204
316 211 317 213
316 218 316 223
316 224 316 229
316 230 321 230
316 232 318 233
316 240 318 241
316 244 321 244
316 246 321 246
316 251 321 251
316 258 317 260
316 261 321 261
316 266 317 268
316 269 321 269
316 281 321 281
316 284 321 284
316 294 316 299
316 305 318 306
316 307 316 312
316 313 320 313
316 316 318 317
316 318 321 318
316 320 318 321
316 322 320 322
316 329 317 331
316 333 317 335
317 14 317 17
317 24 319 25
317 27 318 29
316 31 317 32
317 35 322 35
317 37 322 37
317 38 317 43
317 49 322 49
317 64 322 64
317 70 317 75
317 76 322 76
317 77 318 79
317 80 322 80
317 84 318 86
317 87 320 87
317 97 322 97
317 102 319 103
317 108 319 109
317 114 322 114
317 115 319 116
317 130 318 132
317 136 317 141
317 143 318 145
317 147 318 149
317 162 317 167
317 185 318 187
317 190 319 191
317 192 322 192
317 193 319 194
317 205 317 210
317 214 319 215
317 218 317 223
317 224 318 226
317 227 322 227
317 228 319 229
317 235 318 237
317 247 318 249
317 254 322 254
317 262 318 264
317 265 321 265
317 272 319 273
317 275 322 275
317 277 318 279
317 286 318 288
317 292 322 292
317 294 318 296
317 297 318 299
317 301 318 303
317 307 317 312
317 314 322 314
317 315 322 315
317 323 318 325
317 326 321 326
317 332 322 332
318 5 319 7
318 9 319 11
318 14 323 14
318 15 319 17
317 18 319 19
318 22 323 22
318 38 318 42
318 43 320 44
318 54 319 56
318 57 323 57
318 59 319 61
318 65 318 70
318 71 319 73
318 74 320 75
318 81 319 83
318 89 319 91
318 92 323 92
318 93 323 93
318 95 320 96
318 99 320 100
318 104 319 106
318 107 323 107
318 111 323 111
318 124 323 124
318 136 318 141
317 146 322 146
318 153 320 154
318 158 322 158
318 161 318 166
318 167 322 167
318 168 323 168
318 169 320 170
318 179 322 179
318 180 322 180
318 183 323 183
318 198 320 199
318 201 319 203
318 205 318 210
318 211 319 213
318 218 318 223
318 242 320 243
318 245 321 245
318 258 319 260
318 266 320 267
318 268 323 268
318 282 320 283
317 285 322 285
318 307 318 312
318 327 319 329
318 333 319 335
319 3 321 4
319 27 320 29
319 32 324 32
319 38 321 39
319 40 321 41
319 42 324 42
319 45 320 46
319 48 324 48
319 51 321 52
318 58 323 58
319 65 319 70
319 77 320 79
319 84 321 85
319 86 324 86
319 110 324 110
319 112 321 113
319 118 320 120
319 128 324 128
319 130 321 131
319 136 319 141
319 143 320 145
319 147 320 149
319 150 321 151
319 161 319 166
319 171 320 172
319 173 321 174
319 176 324 176
319 181 321 182
319 185 320 187
319 195 321 196
319 197 322 197
319 205 319 210
319 217 319 221
319 222 321 223
319 224 320 226
319 232 319 237
319 238 324 238
319 240 321 241
319 247 320 249
319 252 324 252
319 256 321 257
319 262 321 263
319 264 324 264
319 270 324 270
319 274 324 274
319 276 320 278
319 279 324 279
319 280 324 280
319 286 320 288
319 291 324 291
319 294 321 295
319 297 324 297
319 298 324 298
319 299 324 299
319 301 319 306
319 307 319 312
319 316 321 317
319 319 320 321
319 323 320 325
319 331 324 331
320 5 322 6
320 7 325 7
320 9 321 11
319 12 324 12
319 13 324 13
320 15 325 15
320 17 324 17
320 18 322 19
320 23 321 25
320 26 325 26
320 33 322 34
320 47 325 47
320 55 322 56
320 59 321 61
320 62 322 63
320 65 321 67
320 68 320 73
320 81 321 83
320 89 321 91
320 102 322 103
320 104 325 104
320 105 322 106
320 108 322 109
320 115 322 116
320 121 325 121
320 132 325 132
320 134 320 139
320 140 325 140
320 141 325 141
320 156 325 156
320 161 320 166
320 178 325 178
320 184 325 184
320 190 322 191
320 193 322 194
320 200 321 202
320 203 325 203
320 205 321 207
320 208 320 213
320 214 322 215
320 216 321 218
320 219 321 221
320 228 322 229
320 232 325 232
320 233 321 235
320 236 322 237
320 239 325 239
320 250 325 250
320 253 325 253
320 255 325 255
320 258 321 260
320 271 322 272
320 273 325 273
320 290 325 290
320 293 325 293
320 301 320 306
320 307 320 312
320 327 321 329
320 330 325 330
320 333 322 334
320 335 325 335
321 0 322 2
321 8 326 8
321 20 323 21
321 27 322 29
321 30 326 30
321 44 322 46
321 50 326 50
321 53 322 54
321 68 326 68
321 69 321 74
321 75 326 75
321 77 323 78
321 79 326 79
321 88 326 88
321 94 323 95
321 96 326 96
321 99 322 101
321 117 322 119
321 120 326 120
321 122 326 122
321 125 322 127
321 129 326 129
321 134 321 139
321 143 322 145
321 147 322 149
321 153 323 154
321 159 321 164
321 165 323 166
321 169 322 171
321 185 322 187
321 198 323 199
321 208 326 208
321 209 326 209
321 210 322 212
321 213 326 213
321 224 322 226
321 231 326 231
321 242 322 243
321 247 322 249
321 267 326 267
321 276 322 278
321 282 323 283
321 286 322 288
321 289 326 289
321 300 321 305
321 306 321 311
321 312 323 313
321 319 321 324
321 325 326 325
322 3 324 4
322 9 323 11
322 23 323 25
322 31 327 31
322 36 326 36
322 38 323 40
322 59 323 61
322 65 324 66
322 67 327 67
322 69 322 74
322 81 323 83
322 84 324 85
322 89 323 91
322 98 325 98
322 112 324 113
322 130 324 131
322 133 322 138
322 139 327 139
322 142 327 142
322 150 323 152
322 155 327 155
322 159 322 164
322 173 327 173
322 174 327 174
322 177 327 177
322 181 324 182
322 189 327 189
322 200 323 202
321 204 326 204
322 205 323 207
322 216 322 221
322 222 324 223
322 230 325 230
322 234 323 235
322 240 324 241
322 244 327 244
322 245 324 246
322 251 327 251
322 256 323 258
322 259 324 260
322 262 327 262
322 263 327 263
322 265 324 266
322 269 327 269
322 281 327 281
322 284 327 284
322 294 323 296
322 300 322 305
322 306 322 311
322 316 324 317
322 320 323 322
322 323 324 324
322 328 323 329
323 0 325 1
323 2 328 2
323 5 325 6
323 18 324 19
323 27 324 29
323 33 324 35
323 37 328 37
323 41 328 41
323 43 324 45
323 46 328 46
323 49 328 49
323 51 328 51
323 52 324 54
323 55 325 56
323 62 324 64
323 69 323 74
323 76 328 76
323 80 328 80
321 87 326 87
323 97 328 97
323 99 324 101
323 103 328 103
323 105 325 106
323 108 325 109
323 114 323 119
323 125 324 127
323 133 323 138
323 143 323 147
323 148 325 149
323 157 324 159
323 160 325 161
323 162 328 162
323 163 325 164
323 169 324 171
323 185 324 187
323 190 325 191
323 192 324 194
323 196 325 197
323 210 324 212
323 214 323 219
323 220 325 221
323 224 323 229
323 236 325 237
323 247 324 249
323 254 328 254
323 261 328 261
323 271 325 272
323 275 324 277
323 278 328 278
323 285 324 287
323 288 327 288
323 292 328 292
323 300 323 305
323 306 323 311
323 314 328 314
323 315 328 315
323 319 328 319
322 326 323 327
323 332 325 333
323 334 328 334
324 9 325 11
324 14 329 14
324 20 324 25
324 38 325 40
324 57 325 59
324 60 326 61
324 69 324 74
324 77 326 78
324 81 325 83
324 91 324 94
324 95 329 95
324 107 329 107
324 111 329 111
324 114 325 116
324 117 329 117
324 119 328 119
324 123 326 124
324 133 324 138
324 143 325 145
324 146 326 147
324 150 326 151
324 152 325 154
324 165 326 166
323 167 328 167
324 168 329 168
324 172 329 172
324 175 329 175
326 179 329 179
323 179 325 180
324 183 327 183
324 188 329 188
324 198 325 200
324 201 329 201
324 205 325 207
324 214 329 214
324 215 326 216
324 217 325 219
324 224 324 229
324 234 325 235
323 242 325 243
324 256 325 258
324 268 329 268
324 282 326 283
324 294 325 296
324 300 324 305
324 306 324 311
324 312 326 313
324 318 329 318
324 320 325 322
324 328 326 329
325 3 330 3
325 4 330 4
325 13 330 13
325 16 325 21
325 22 327 23
325 24 327 25
325 27 326 29
325 32 326 34
325 35 330 35
325 42 327 43
325 45 329 45
325 48 330 48
325 52 326 54
325 62 326 64
325 65 327 66
325 69 325 74
325 84 326 86
325 91 325 94
325 99 330 99
325 100 326 102
325 110 330 110
325 112 330 112
325 125 326 127
325 128 330 128
325 130 327 131
325 133 325 138
325 157 326 159
325 169 326 171
325 176 330 176
325 181 327 182
325 185 326 187
325 192 326 194
324 195 329 195
325 202 330 202
325 210 326 212
325 222 326 224
325 226 326 228
325 229 330 229
325 238 330 238
325 240 330 240
325 241 330 241
325 245 326 247
325 248 327 249
325 252 330 252
325 259 327 260
325 264 326 266
325 274 326 276
325 277 330 277
325 279 327 280
325 285 326 287
325 291 330 291
325 297 325 302
325 303 326 305
325 306 327 307
325 308 326 310
325 311 330 311
325 316 327 317
325 323 330 323
324 326 326 327
325 331 330 331
326 0 328 1
326 5 327 7
326 9 327 11
326 15 326 20
326 21 331 21
326 26 329 26
326 38 327 40
326 47 331 47
326 55 327 57
326 58 328 59
326 69 326 74
326 81 327 83
327 89 332 89
324 89 326 90
326 91 327 93
326 94 331 94
326 104 328 105
326 106 331 106
326 108 330 108
326 109 330 109
326 113 326 116
326 121 331 121
326 132 326 137
326 138 331 138
326 140 328 141
326 143 327 145
326 148 331 148
326 152 327 154
326 156 330 156
326 160 331 160
326 161 331 161
326 163 328 164
326 178 331 178
326 184 331 184
326 190 328 191
326 196 327 198
326 199 328 200
326 203 331 203
326 205 327 207
326 217 327 219
326 220 331 220
326 225 331 225
326 232 331 232
322 233 327 233
326 234 331 234
326 235 331 235
326 236 328 237
326 239 331 239
326 242 331 242
326 243 331 243
326 250 331 250
326 253 331 253
326 255 327 257
326 258 331 258
326 270 327 271
326 273 331 273
326 290 331 290
326 293 326 298
326 299 328 300
326 301 328 302
326 320 327 322
326 330 331 330
326 332 328 333
326 335 331 335
327 15 328 17
327 18 328 20
327 27 332 27
327 28 329 29
327 30 332 30
327 33 332 33
327 52 328 54
327 60 328 62
327 63 329 64
327 68 327 73
327 74 329 75
327 77 328 79
327 84 328 86
327 87 329 88
327 90 332 90
327 96 332 96
327 100 328 102
327 113 332 113
327 114 329 115
327 116 332 116
327 120 332 120
327 122 328 124
327 125 328 127
327 129 332 129
327 132 327 137
327 146 329 147
327 149 332 149
327 151 332 151
327 157 328 159
327 165 329 166
327 169 328 171
327 185 328 187
327 192 328 194
327 204 331 204
327 208 327 213
327 215 329 216
327 221 328 223
327 224 331 224
327 226 328 228
327 231 332 231
327 245 328 247
327 264 328 266
327 267 332 267
327 274 329 275
327 282 329 283
327 285 328 287
327 289 332 289
327 293 327 298
327 303 329 304
327 308 329 309
327 310 332 310
327 312 332 312
327 313 332 313
327 327 329 328
328 5 328 10
328 11 330 12
328 22 329 24
328 32 333 32
327 36 332 36
328 38 329 40
328 42 330 43
328 55 333 55
328 57 333 57
328 65 333 65
328 66 329 68
328 69 329 71
328 72 330 73
328 81 329 83
328 91 329 93
326 98 331 98
328 130 329 132
328 133 330 134
328 135 329 137
328 139 333 139
328 142 329 144
328 145 332 145
328 150 333 150
328 152 329 154
328 155 333 155
328 173 330 174
328 177 333 177
328 182 330 183
328 189 333 189
328 196 329 198
328 205 330 206
328 207 329 209
328 210 329 212
328 213 333 213
328 217 330 218
326 230 331 230
328 233 333 233
328 244 333 244
328 248 330 249
328 251 333 251
328 255 329 257
328 259 330 260
328 262 330 263
328 269 329 271
326 272 331 272
328 279 329 281
328 284 333 284
328 293 328 298
328 305 329 307
328 316 330 317
328 320 329 322
328 324 333 324
329 0 331 1
329 2 334 2
329 5 330 7
329 8 331 9
329 10 334 10
329 15 329 20
329 34 334 34
329 37 334 37
329 46 334 46
329 49 329 54
329 58 330 60
329 61 331 62
329 76 330 78
329 79 331 80
329 84 330 86
329 97 334 97
329 100 329 105
329 118 331 119
329 122 330 124
329 125 330 127
329 140 331 141
329 157 330 159
329 162 330 164
329 167 334 167
329 169 334 169
329 170 331 171
329 180 334 180
329 185 331 186
329 187 334 187
329 190 330 192
329 193 331 194
329 199 334 199
329 200 334 200
329 219 334 219
329 221 330 223
329 226 330 228
329 236 331 237
329 245 331 246
329 247 334 247
329 254 334 254
329 261 334 261
329 264 330 266
330 274 334 274
327 276 332 276
329 278 334 278
329 285 330 287
328 288 333 288
329 292 329 297
329 298 330 300
329 301 331 302
329 314 331 315
329 326 334 326
329 332 330 334
330 14 330 19
330 20 335 20
330 22 331 24
330 25 332 26
330 28 332 29
330 38 331 40
330 44 332 45
330 49 330 54
330 56 335 56
330 63 332 64
330 66 330 71
330 74 332 75
330 81 331 83
330 87 332 88
330 91 331 93
330 95 335 95
330 100 330 104
330 107 335 107
330 111 335 111
330 114 332 115
330 117 335 117
330 130 331 132
330 136 332 137
330 142 331 144
330 146 331 147
330 152 331 154
330 165 332 166
330 168 335 168
330 172 335 172
330 175 335 175
330 179 335 179
330 188 335 188
330 195 331 197
330 198 334 198
330 201 335 201
330 207 331 209
330 210 331 212
330 214 335 214
330 215 332 216
330 255 331 257
330 268 331 270
330 271 335 271
330 279 331 281
330 282 332 283
330 292 330 297
330 303 330 308
330 309 335 309
330 318 331 320
330 321 332 322
330 327 335 327
330 328 335 328
331 3 336 3
331 4 332 6
331 7 336 7
331 11 332 13
331 14 331 19
331 41 332 43
331 48 331 53
331 54 336 54
331 58 332 60
331 66 331 71
331 72 333 73
331 76 332 78
331 84 332 86
331 99 331 104
330 105 335 105
331 112 336 112
331 122 334 122
331 124 332 126
331 127 333 128
331 133 332 135
331 158 332 159
331 162 332 164
331 173 333 174
331 176 336 176
331 181 332 183
331 190 332 192
331 202 335 202
331 217 333 218
331 221 332 223
331 226 336 226
331 227 332 229
331 238 336 238
331 240 333 241
331 248 333 249
331 252 336 252
331 259 333 260
331 262 332 264
331 265 333 266
331 275 336 275
331 277 336 277
331 285 332 287
331 291 331 296
331 297 332 299
331 300 336 300
331 303 331 306
331 311 336 311
331 316 336 316
331 317 336 317
331 323 336 323
331 331 332 333
331 334 336 334
332 0 334 1
332 8 334 9
332 14 332 19
332 21 333 23
332 38 334 39
332 40 337 40
332 47 332 50
332 51 333 53
332 61 334 62
332 66 332 71
332 79 334 80
332 81 333 83
332 91 334 92
332 93 334 94
332 98 332 103
332 104 337 104
332 106 337 106
334 108 337 108
331 108 333 109
332 118 334 119
332 121 337 121
332 130 333 132
332 138 336 138
332 140 333 142
332 143 334 144
332 148 337 148
332 152 334 153
332 154 337 154
331 156 333 157
332 160 334 161
332 170 334 171
332 178 337 178
332 184 333 186
332 193 333 195
332 196 337 196
332 197 337 197
332 203 337 203
332 204 332 209
332 210 333 212
332 220 337 220
332 224 334 225
332 230 336 230
332 232 337 232
332 234 333 236
332 237 337 237
332 239 337 239
332 242 334 243
332 245 334 246
332 250 337 250
332 253 337 253
332 255 333 257
332 258 337 258
332 268 333 270
332 272 334 273
332 279 333 281
332 290 332 294
332 295 334 296
332 301 332 306
331 307 333 308
332 314 334 315
332 318 333 320
332 329 337 329
332 335 337 335
333 4 334 6
333 11 333 16
333 17 334 19
333 24 333 29
333 30 336 30
333 31 338 31
333 33 338 33
333 35 335 36
333 41 335 42
333 43 334 45
333 47 334 49
333 50 338 50
333 58 334 60
333 63 335 64
333 66 333 71
333 74 334 76
333 77 335 78
333 84 333 89
333 90 338 90
333 96 338 96
333 98 333 103
333 110 338 110
333 113 334 115
333 116 338 116
333 120 338 120
333 125 335 126
333 133 335 134
333 135 335 136
333 137 338 137
332 146 334 147
333 149 337 149
333 151 338 151
333 158 335 159
333 162 335 163
333 164 334 166
333 181 334 183
333 190 334 192
333 204 335 205
333 207 335 208
333 209 338 209
333 215 335 216
333 221 335 222
333 227 334 229
333 262 334 264
333 267 338 267
333 276 338 276
333 282 335 283
333 285 334 287
333 289 335 290
333 291 335 292
333 297 335 298
333 299 338 299
333 301 333 306
333 310 338 310
333 312 335 313
333 321 335 322
333 325 338 325
333 330 334 332
333 333 338 333
334 11 334 16
334 21 334 25
334 26 335 28
334 29 338 29
334 32 339 32
334 51 335 53
334 55 339 55
334 57 339 57
334 65 334 70
334 71 335 73
334 81 334 86
334 87 335 89
334 98 335 100
334 101 336 102
334 103 339 103
334 109 339 109
334 127 334 132
334 139 335 141
334 142 339 142
333 145 336 145
334 150 338 150
334 155 335 157
334 173 335 174
334 177 339 177
334 184 335 186
334 189 339 189
334 193 335 195
334 206 339 206
334 210 335 212
334 213 337 213
334 217 336 218
334 233 335 235
334 236 339 236
334 240 336 241
334 248 336 249
334 251 339 251
334 255 335 257
334 259 336 260
334 266 339 266
334 268 335 270
334 279 339 279
334 280 339 280
334 281 339 281
334 284 339 284
334 288 338 288
334 293 339 293
334 301 334 305
334 306 335 308
334 318 335 320
335 0 336 2
335 4 336 6
335 8 335 13
335 14 335 19
335 21 336 23
335 25 340 25
335 34 340 34
335 37 336 39
335 43 335 47
335 48 337 49
335 58 336 60
335 61 337 62
335 65 336 67
335 68 336 70
335 74 336 76
335 79 335 84
335 85 337 86
335 91 336 92
335 113 336 115
335 118 337 119
335 122 337 123
335 127 335 132
335 143 337 144
335 147 340 147
335 152 337 153
335 160 340 160
335 164 336 165
335 167 340 167
335 169 336 171
335 180 336 181
335 182 337 183
335 187 340 187
335 190 336 192
335 199 337 200
335 219 339 219
335 223 340 223
335 224 340 224
335 227 337 228
335 231 340 231
335 242 336 244
335 245 337 246
335 247 340 247
335 254 340 254
335 261 337 262
335 263 337 264
335 272 336 274
335 278 340 278
335 285 336 287
336 290 340 290
335 295 340 295
335 296 340 296
335 301 336 303
335 304 337 305
335 314 337 315
335 324 340 324
335 326 340 326
335 330 336 332
336 8 336 13
336 14 338 15
336 16 338 17
336 18 337 20
336 26 340 26
336 27 341 27
336 35 338 36
336 41 336 46
336 47 341 47
336 51 337 53
336 63 339 63
336 71 337 73
336 77 338 78
336 79 336 84
336 87 338 88
336 89 341 89
336 94 338 95
336 99 338 100
336 105 341 105
336 107 341 107
336 111 341 111
336 117 341 117
336 125 337 127
336 128 336 133
336 134 341 134
336 136 341 136
336 139 337 141
336 155 337 157
336 158 341 158
336 161 337 163
336 168 341 168
336 172 336 175
336 179 341 179
336 184 337 186
336 188 341 188
336 193 338 194
335 198 340 198
336 201 338 202
336 204 341 204
336 205 341 205
336 207 338 208
336 210 337 212
336 214 338 215
336 216 341 216
336 222 341 222
336 233 337 235
336 255 337 257
336 268 337 270
336 271 341 271
336 282 338 283
336 291 338 292
336 297 338 298
336 306 337 308
336 309 341 309
336 312 338 313
336 318 337 320
336 321 338 322
336 327 337 328
337 0 337 5
337 6 337 10
337 11 338 13
337 21 338 23
337 37 338 39
337 41 337 46
337 54 340 54
337 58 342 58
337 64 337 69
337 70 342 70
337 74 339 75
337 76 342 76
337 79 337 84
337 91 342 91
335 93 338 93
337 98 342 98
337 102 342 102
337 112 338 113
337 115 342 115
337 128 337 133
337 145 339 146
337 164 339 165
335 166 340 166
337 169 337 174
337 175 339 176
337 180 339 181
337 190 338 192
337 217 339 218
337 221 342 221
337 225 339 226
337 238 342 238
337 240 338 242
337 243 339 244
337 248 339 249
337 252 341 252
337 259 339 260
337 272 338 274
337 275 342 275
337 285 338 287
337 289 342 289
337 300 338 302
337 303 342 303
337 311 342 311
337 316 339 317
337 323 342 323
337 330 338 332
337 334 342 334
338 0 338 5
338 6 339 8
338 9 340 10
338 18 340 19
338 24 343 24
338 40 339 42
338 43 339 45
338 46 343 46
338 48 340 49
338 51 339 53
338 56 343 56
338 61 343 61
338 64 338 69
338 71 340 72
338 79 340 80
338 81 338 86
338 104 343 104
338 106 341 106
338 108 343 108
338 118 340 119
338 121 338 126
338 127 338 132
338 133 343 133
337 138 342 138
338 139 339 141
338 143 340 144
338 148 340 149
338 152 339 154
338 155 343 155
338 156 343 156
338 157 343 157
338 161 339 163
338 169 339 171
338 173 343 173
338 178 343 178
338 182 339 184
338 185 340 186
338 195 343 195
338 199 340 200
338 203 343 203
338 210 339 212
338 220 343 220
338 227 339 229
337 230 342 230
338 232 339 234
338 235 343 235
338 237 343 237
338 245 340 246
338 250 343 250
338 253 343 253
338 255 339 257
338 258 343 258
338 262 339 263
338 265 343 265
338 268 339 270
338 304 339 306
338 307 340 308
338 314 340 315
338 318 339 320
338 327 339 329
338 335 343 335
339 0 340 2
339 4 341 5
339 11 339 16
339 17 344 17
339 20 340 22
339 23 344 23
339 28 341 29
337 30 342 30
339 31 344 31
339 33 344 33
339 35 340 37
339 38 341 39
339 50 344 50
339 60 344 60
339 64 339 69
339 77 344 77
339 78 344 78
339 81 339 86
339 87 341 88
339 90 344 90
339 92 340 94
339 95 340 97
339 99 340 101
339 110 344 110
339 112 341 113
337 114 342 114
339 116 344 116
339 120 339 125
339 126 339 131
339 135 344 135
339 137 344 137
339 150 341 151
339 159 344 159
339 190 340 192
339 194 344 194
339 196 344 196
339 197 344 197
339 201 341 202
339 207 340 209
339 214 341 215
339 239 344 239
339 241 341 242
339 264 344 264
339 267 344 267
339 272 340 273
339 276 341 277
339 282 341 283
339 285 341 286
341 287 344 287
339 291 341 292
339 297 339 302
339 310 344 310
339 312 341 313
339 321 344 321
339 325 344 325
339 330 344 330
339 331 341 332
339 333 344 333
340 3 345 3
340 6 345 6
340 8 345 8
340 11 340 16
340 32 345 32
340 40 340 45
340 51 345 51
340 52 345 52
340 57 343 57
340 59 345 59
340 62 341 64
340 65 341 67
340 68 345 68
340 69 345 69
340 73 341 75
340 81 340 86
340 103 345 103
340 109 344 109
340 120 340 125
340 126 340 131
340 139 341 141
340 142 345 142
340 145 342 146
340 152 341 154
340 161 341 163
340 164 345 164
340 169 341 170
340 171 342 172
340 174 341 176
340 177 345 177
340 180 341 182
340 183 342 184
340 189 345 189
340 193 345 193
340 206 345 206
340 210 342 211
340 212 345 212
338 213 343 213
340 217 341 219
340 225 341 227
340 228 342 229
340 232 342 233
340 234 345 234
340 240 345 240
340 243 342 244
340 248 342 249
340 255 341 257
340 259 342 260
340 262 342 263
340 266 344 266
340 268 341 270
340 279 341 281
340 284 344 284
339 287 340 288
340 293 342 294
340 297 340 302
340 304 341 306
340 316 341 317
340 318 341 320
340 327 341 329
341 0 342 2
341 9 341 14
341 15 346 15
341 16 346 16
341 18 342 20
341 21 343 22
341 25 343 26
341 34 342 36
341 37 346 37
341 40 341 45
341 48 343 49
341 53 346 53
341 54 343 55
341 71 343 72
341 79 342 81
341 82 342 84
341 85 346 85
341 86 346 86
341 92 341 97
341 99 342 101
341 118 341 123
341 124 341 129
341 130 343 131
341 132 346 132
341 143 343 144
341 147 346 147
341 148 346 148
341 149 346 149
341 160 346 160
341 165 342 167
341 185 342 187
341 190 342 192
341 198 342 200
341 207 342 209
341 223 343 224
341 236 346 236
341 245 343 246
341 247 345 247
341 272 343 273
339 274 344 274
341 278 346 278
341 290 346 290
341 295 341 300
341 301 346 301
341 302 346 302
341 307 343 308
341 314 343 315
341 322 346 322
341 324 345 324
341 326 346 326
342 4 344 5
342 7 347 7
342 9 342 14
342 27 347 27
342 28 347 28
342 29 347 29
342 38 343 40
342 41 343 43
342 44 344 45
342 47 347 47
342 62 342 67
342 73 343 75
342 87 343 89
342 92 342 97
342 105 343 107
342 111 343 113
342 117 342 122
342 123 342 128
342 129 347 129
342 134 347 134
342 136 347 136
342 139 344 140
342 150 347 150
342 152 344 153
342 154 347 154
342 158 346 158
342 161 343 163
342 168 343 170
342 174 343 176
342 179 343 180
342 181 344 182
342 188 347 188
342 201 344 202
342 204 344 205
342 214 343 216
342 217 343 219
342 222 347 222
342 225 343 227
342 231 347 231
342 241 344 242
342 251 344 252
342 255 347 255
342 256 344 257
343 260 347 260
338 261 342 261
342 268 343 270
342 271 347 271
342 276 344 277
342 279 343 281
342 282 344 283
342 285 344 286
342 291 344 292
342 295 342 300
342 304 343 306
342 309 347 309
342 312 347 312
342 316 343 318
342 319 347 319
342 320 347 320
342 327 343 329
342 331 344 332
343 0 344 2
343 9 344 11
343 12 344 14
343 18 344 20
343 30 347 30
343 34 344 36
343 62 343 67
343 70 348 70
343 76 348 76
343 79 343 84
343 91 343 96
343 97 343 102
343 114 344 115
343 117 343 122
343 123 343 128
343 141 348 141
343 145 345 146
343 165 344 167
343 171 348 171
343 172 348 172
343 183 344 185
343 186 345 187
343 190 344 192
343 198 348 198
343 199 348 199
343 200 348 200
343 207 344 209
343 210 345 211
343 221 348 221
343 228 344 230
343 232 345 233
343 238 348 238
343 243 348 243
343 244 348 244
343 248 345 249
343 254 348 254
343 261 344 263
343 275 348 275
343 288 345 289
343 293 343 298
343 299 345 300
343 303 348 303
343 311 348 311
343 323 348 323
343 334 348 334
344 21 346 22
344 24 345 26
344 38 345 40
344 41 345 43
344 46 349 46
344 48 346 49
344 54 345 56
344 57 346 58
344 61 344 65
344 66 346 67
344 71 348 71
344 72 345 74
344 75 349 75
344 79 344 84
344 87 345 89
344 91 344 96
344 97 344 102
344 104 345 106
344 107 346 108
344 111 345 112
344 117 344 122
344 123 344 128
344 130 349 130
344 131 349 131
344 133 349 133
344 143 349 143
344 144 349 144
344 155 345 157
344 161 345 163
344 168 345 170
344 173 345 175
344 176 349 176
344 178 345 180
344 195 349 195
344 203 349 203
344 213 344 218
344 219 346 220
344 223 349 223
344 224 345 226
344 227 349 227
344 235 348 235
344 237 348 237
344 245 349 245
344 250 349 250
344 253 349 253
344 258 346 259
344 268 345 270
344 272 346 273
344 279 345 281
344 293 344 298
344 304 349 304
344 305 345 307
344 308 349 308
344 313 344 318
344 327 345 329
344 335 349 335
345 0 346 2
345 4 347 5
345 9 346 11
345 12 347 13
345 14 350 14
345 17 347 18
345 19 347 20
345 23 349 23
345 31 350 31
345 33 347 34
345 35 347 36
345 45 350 45
345 50 350 50
345 60 345 65
345 77 345 82
345 83 347 84
345 90 345 95
345 96 345 101
345 102 350 102
345 109 347 110
345 117 346 118
345 119 345 124
345 125 346 127
345 128 350 128
345 135 350 135
345 137 346 139
345 140 350 140
345 152 347 153
345 159 349 159
345 165 346 167
345 181 346 183
345 184 347 185
345 190 346 192
345 194 350 194
345 196 347 197
345 201 347 202
345 204 347 205
345 207 346 209
345 213 347 214
345 216 346 218
345 228 346 230
345 239 350 239
345 241 347 242
345 251 350 251
345 252 350 252
345 256 347 257
345 261 346 263
345 264 347 265
345 267 350 267
345 274 348 274
345 276 347 277
345 282 350 282
345 283 345 287
345 291 345 296
345 297 347 298
345 310 350 310
345 313 345 318
345 321 350 321
345 325 350 325
345 330 346 332
345 333 350 333
346 6 350 6
346 8 351 8
346 24 348 25
346 26 350 26
346 32 351 32
346 38 346 43
346 44 351 44
346 51 348 52
346 54 347 56
346 59 347 61
346 62 347 64
346 65 351 65
346 68 351 68
346 69 351 69
346 72 347 74
346 77 346 82
346 87 346 92
346 93 347 95
346 96 346 101
346 103 347 105
346 106 351 106
346 111 348 112
344 113 349 113
345 114 346 116
346 119 346 124
346 142 351 142
346 145 348 146
346 155 348 156
346 161 348 162
346 163 351 163
346 164 351 164
346 168 347 170
346 173 347 175
346 177 348 178
346 179 348 180
346 186 348 187
346 189 351 189
346 206 351 206
346 210 347 212
346 215 351 215
346 224 347 226
346 232 347 234
346 240 350 240
346 246 347 248
345 266 350 266
346 268 347 270
346 279 347 281
346 283 348 284
346 285 347 287
346 288 351 288
346 289 351 289
346 291 346 296
346 299 348 300
346 305 347 307
346 313 347 315
346 316 347 318
346 327 347 329
347 0 349 1
347 2 349 3
347 9 348 11
347 15 349 16
347 21 349 22
347 37 347 41
347 42 349 43
347 48 349 49
347 57 349 58
347 66 349 67
347 77 347 82
347 85 347 89
347 90 349 91
347 96 347 101
347 107 349 108
347 114 347 119
347 120 348 122
347 123 348 125
347 126 349 127
347 132 352 132
347 137 348 139
347 147 348 149
347 157 349 158
347 160 352 160
347 165 348 167
347 181 348 183
347 190 349 191
347 207 348 209
347 216 348 218
347 219 349 220
347 228 348 230
347 236 352 236
347 249 352 249
347 258 349 259
347 261 348 263
347 272 349 273
347 278 352 278
347 290 347 295
347 296 352 296
347 301 349 302
347 322 352 322
346 324 351 324
347 326 352 326
347 330 348 332
348 4 350 5
348 7 351 7
348 12 353 12
348 13 353 13
348 17 349 19
348 20 352 20
348 27 349 28
348 33 348 38
348 39 349 41
348 47 353 47
348 54 349 56
348 59 353 59
348 60 349 62
348 63 350 64
348 72 349 74
348 77 349 79
348 80 349 82
348 83 348 88
348 89 352 89
348 92 348 97
348 98 349 100
348 101 353 101
348 103 349 104
348 109 350 110
348 114 348 119
348 129 353 129
348 134 353 134
348 136 353 136
348 150 349 152
348 153 350 154
348 168 349 170
348 173 349 175
348 184 350 185
348 188 353 188
348 193 353 193
348 196 350 197
348 201 350 202
348 204 350 205
348 210 349 212
348 213 350 214
348 222 353 222
348 224 353 224
348 225 353 225
348 226 353 226
348 231 353 231
348 232 350 233
348 241 350 242
348 246 349 248
348 255 349 257
348 260 353 260
348 264 350 265
348 268 349 270
348 276 350 277
348 280 350 281
348 285 349 287
348 290 348 295
348 297 350 298
348 305 349 307
348 309 353 309
348 312 348 317
348 318 349 320
348 327 349 329
349 9 350 11
349 24 350 25
348 29 350 30
349 33 349 38
349 51 350 53
349 70 351 71
349 76 352 76
349 83 349 88
349 92 349 97
349 111 351 112
349 114 350 116
349 117 349 122
349 123 354 123
349 124 354 124
349 125 354 125
349 137 350 139
349 141 354 141
349 145 350 147
349 148 351 149
349 155 351 156
349 162 354 162
349 165 350 167
349 171 351 172
349 177 350 179
349 180 351 181
349 182 351 183
349 186 351 187
349 198 350 200
349 207 354 207
349 208 351 209
349 216 350 218
349 221 354 221
349 228 351 229
349 230 354 230
351 234 354 234
351 237 352 239
349 243 351 244
349 254 354 254
349 262 351 263
349 274 351 275
349 279 354 279
349 283 351 284
349 290 351 291
349 292 350 294
349 295 354 295
349 299 351 300
349 303 353 303
349 311 350 313
349 314 350 316
349 317 354 317
349 323 354 323
349 330 350 331
349 334 354 334
350 0 351 2
350 3 355 3
350 15 351 17
350 18 352 19
350 21 351 23
350 27 352 28
350 33 350 38
350 39 351 41
350 42 355 42
350 43 355 43
350 46 355 46
350 48 352 49
350 54 351 56
350 57 352 58
350 60 351 62
350 66 351 67
350 72 350 75
350 77 350 82
350 83 350 88
350 90 350 95
350 96 351 98
350 99 355 99
350 103 352 104
348 105 353 105
350 107 352 108
350 113 355 113
350 117 350 122
350 126 352 127
350 130 352 131
350 133 354 133
350 143 352 144
350 152 353 152
350 158 352 159
350 168 351 170
350 173 351 175
350 176 353 176
350 190 352 191
350 195 355 195
350 203 355 203
350 210 351 212
350 219 352 220
350 223 355 223
350 227 355 227
349 234 350 235
349 237 350 238
350 245 351 247
350 248 355 248
350 250 355 250
350 253 355 253
350 255 351 257
350 258 352 259
350 261 355 261
350 268 350 273
350 285 354 285
350 287 355 287
350 301 352 302
350 304 351 306
350 307 355 307
350 308 355 308
350 318 351 320
350 327 351 329
350 335 355 335
351 4 352 6
351 9 352 11
351 14 356 14
351 29 352 31
351 33 351 38
351 45 356 45
351 50 352 52
351 63 353 64
351 73 352 75
351 77 352 79
351 80 351 85
351 86 352 88
351 90 351 95
351 100 356 100
351 102 356 102
351 109 353 110
351 114 353 115
351 116 356 116
351 117 353 118
351 119 352 121
351 122 356 122
351 128 356 128
351 135 356 135
351 137 352 139
351 145 352 147
351 153 353 154
351 157 356 157
351 161 356 161
351 165 352 167
351 177 352 179
351 184 352 185
351 194 355 194
351 196 351 201
351 202 355 202
351 204 356 204
351 205 356 205
351 213 356 213
351 216 352 218
351 232 353 233
351 235 356 235
353 238 355 239
351 240 352 242
351 251 353 252
351 264 351 269
352 270 356 270
351 270 351 273
351 276 352 277
351 280 352 282
351 292 352 294
351 297 353 298
351 310 351 315
351 316 356 316
351 325 356 325
351 330 353 331
349 332 354 332
351 333 356 333
352 0 353 2
352 7 354 8
352 15 353 17
352 21 357 21
352 22 354 23
353 24 354 25
351 24 352 26
352 32 352 37
352 38 353 40
352 41 357 41
352 44 357 44
352 53 353 55
352 56 357 56
352 60 353 62
352 65 357 65
352 66 352 71
352 72 357 72
352 80 352 85
352 90 352 95
352 96 354 97
352 98 357 98
352 111 354 112
352 140 357 140
352 142 357 142
352 148 353 150
352 155 354 156
352 163 354 164
352 168 352 173
352 174 354 175
352 180 353 182
352 183 356 183
352 186 354 187
352 189 357 189
352 196 352 201
352 206 357 206
353 208 354 209
352 208 352 212
352 214 354 215
352 228 354 229
352 243 353 245
352 246 354 247
352 255 353 257
352 262 352 267
352 271 354 272
352 273 353 275
352 283 354 284
352 288 353 290
352 291 357 291
352 299 354 300
352 304 353 306
352 310 352 315
352 318 353 320
352 324 355 324
352 327 354 328
352 329 357 329
353 4 354 6
353 9 354 11
353 18 354 20
353 26 353 31
353 32 355 33
353 34 354 36
353 48 358 48
353 49 354 51
353 52 358 52
353 57 355 58
353 66 353 71
353 73 355 74
353 75 354 77
353 78 353 82
353 85 354 86
353 87 358 87
353 88 353 92
353 93 354 95
353 103 355 104
353 106 354 108
353 119 354 121
353 126 355 127
353 130 354 132
353 137 354 139
353 143 354 145
353 146 358 146
353 151 358 151
353 158 354 160
353 165 354 167
353 168 353 173
353 177 354 179
353 190 354 192
353 196 353 201
353 210 355 211
353 212 358 212
353 216 354 218
353 219 358 219
353 220 358 220
353 236 355 237
353 240 354 242
353 249 358 249
353 258 355 259
353 262 353 267
353 268 358 268
353 276 354 278
353 280 354 282
353 286 358 286
353 292 354 294
353 296 358 296
353 301 355 302
353 310 353 315
353 321 355 322
353 326 357 326
354 0 355 2
354 12 356 13
354 15 355 17
354 26 354 31
354 37 355 39
354 40 359 40
354 47 359 47
354 53 355 55
354 59 354 64
354 66 355 68
354 69 355 71
354 78 355 80
354 81 355 82
354 88 355 90
354 91 356 92
354 101 359 101
354 105 359 105
354 109 359 109
354 110 359 110
354 114 359 114
354 115 359 115
354 117 356 118
354 129 359 129
354 134 358 134
354 136 359 136
354 148 359 148
354 150 359 150
354 152 355 154
354 168 354 173
354 180 355 182
353 184 355 185
354 188 359 188
354 196 356 197
354 198 359 198
354 199 358 199
354 200 356 201
354 222 359 222
354 224 355 226
354 231 355 233
354 243 355 245
354 251 356 252
354 255 355 257
354 260 359 260
354 262 354 267
354 273 355 275
354 288 355 290
354 298 358 298
354 303 356 304
354 305 356 306
354 309 354 314
354 318 359 318
354 319 356 320
354 330 356 331
355 4 355 9
355 10 357 11
355 18 356 20
355 22 355 27
355 28 358 28
355 31 358 31
355 34 356 35
355 49 356 51
355 59 355 64
355 75 356 77
353 83 355 84
355 85 360 85
355 86 358 86
355 93 356 95
355 96 357 97
355 107 357 108
355 111 360 111
355 112 360 112
355 119 356 121
355 123 356 125
355 130 356 131
355 137 356 139
355 141 360 141
355 143 356 145
355 155 357 156
355 158 356 160
355 162 356 164
355 165 355 170
355 171 356 173
355 174 357 175
355 177 356 179
355 186 360 186
355 187 360 187
355 190 356 192
355 207 356 209
355 214 356 216
355 217 357 218
355 221 360 221
355 228 356 230
355 234 360 234
356 238 360 238
355 240 356 242
355 246 357 247
355 254 360 254
355 262 356 264
355 265 360 265
355 266 360 266
355 267 360 267
355 272 359 272
355 276 355 281
355 282 356 283
355 292 356 294
355 295 359 295
355 309 355 312
355 313 356 315
355 317 360 317
355 323 360 323
355 327 357 328
355 332 359 332
355 334 360 334
356 0 356 5
356 6 357 8
356 9 361 9
356 15 357 17
356 22 356 27
356 29 361 29
356 32 358 33
356 37 361 37
356 38 361 38
356 42 358 43
356 46 359 46
356 53 357 55
356 57 357 59
356 60 361 60
356 61 357 63
356 64 361 64
356 66 356 71
356 73 358 74
356 78 356 82
356 83 358 84
356 88 357 90
356 99 361 99
356 103 358 104
356 113 361 113
356 126 358 127
355 132 357 133
356 147 361 147
356 152 357 154
356 165 356 170
354 176 359 176
356 180 357 182
356 184 358 185
356 193 357 195
356 202 358 203
356 210 358 211
356 223 361 223
356 224 357 226
356 227 361 227
356 231 358 232
356 233 360 233
356 236 361 236
356 237 361 237
356 243 357 245
356 248 361 248
356 250 361 250
356 253 361 253
356 255 357 257
356 258 358 259
356 261 361 261
356 273 357 275
356 276 356 281
355 284 357 285
356 287 357 289
356 290 361 290
356 300 361 300
356 301 358 302
356 307 356 312
356 321 359 321
356 335 361 335
357 0 357 5
357 12 358 14
357 18 358 20
357 22 357 27
357 34 359 35
355 36 360 36
357 39 362 39
357 45 362 45
357 49 359 50
357 51 362 51
357 66 357 71
357 75 357 80
357 81 359 82
357 91 358 93
357 94 359 95
357 100 362 100
357 102 361 102
357 106 362 106
357 116 357 121
357 122 358 124
357 125 362 125
357 128 362 128
357 130 359 131
357 135 362 135
357 137 358 139
357 143 358 145
357 149 362 149
357 157 357 162
357 163 357 168
357 169 358 171
357 172 358 173
357 177 358 179
357 190 358 192
357 196 362 196
357 201 362 201
357 204 359 205
357 207 358 209
357 213 358 215
357 216 362 216
357 228 358 230
357 235 362 235
357 239 358 240
357 241 359 242
357 251 359 252
357 262 358 264
357 269 359 270
357 276 359 277
357 278 357 283
357 292 358 294
357 303 359 304
357 305 359 306
357 307 362 307
357 308 358 310
357 311 359 312
357 314 358 316
357 319 359 320
357 325 362 325
357 330 359 331
357 333 362 333
358 0 359 2
358 3 360 4
358 6 360 7
358 8 363 8
358 10 360 11
358 15 359 17
358 21 358 26
358 27 363 27
358 41 361 41
358 44 363 44
358 53 358 58
358 59 363 59
358 61 359 63
358 65 363 65
358 66 358 71
358 75 358 80
358 88 360 89
358 97 363 97
358 98 363 98
358 107 360 108
358 116 358 121
358 142 363 142
358 152 360 153
358 154 358 159
358 160 358 165
358 166 359 168
358 174 359 175
358 180 359 182
357 183 361 183
358 189 363 189
358 193 359 195
358 197 363 197
358 206 363 206
358 217 360 218
358 224 359 226
358 243 363 243
358 244 359 246
358 255 359 257
358 273 359 275
358 278 360 279
358 280 358 285
358 287 359 289
358 291 363 291
358 297 363 297
356 324 361 324
358 327 359 329
359 12 360 14
359 18 359 23
359 24 360 26
359 30 360 32
359 33 364 33
359 42 364 42
359 43 364 43
359 48 364 48
359 52 359 55
359 56 360 58
359 66 360 68
359 69 359 74
359 75 359 80
359 83 361 84
359 86 360 87
359 90 360 92
359 93 364 93
359 96 364 96
359 103 361 104
359 116 359 121
359 122 364 122
359 123 361 124
359 126 361 127
359 132 364 132
359 133 361 134
359 137 361 138
359 139 361 140
359 143 360 145
359 146 364 146
359 154 359 159
359 160 359 165
359 169 360 170
359 177 361 178
359 179 364 179
359 184 361 185
359 190 361 191
359 199 361 200
359 202 361 203
359 207 359 212
359 213 360 215
359 219 364 219
359 220 364 220
359 228 360 230
359 231 364 231
359 232 364 232
359 239 361 240
359 249 362 249
359 258 361 259
359 262 361 263
359 264 364 264
359 268 364 268
359 280 359 285
359 292 360 294
359 298 361 299
359 301 363 301
359 302 363 302
359 308 360 310
359 313 361 314
359 315 361 316
359 322 364 322
358 326 363 326
360 0 361 2
360 15 362 16
360 17 360 22
360 23 365 23
360 34 362 35
360 46 362 47
360 49 362 50
360 52 361 54
360 61 361 62
360 69 360 74
360 75 360 79
360 81 365 81
360 82 365 82
360 94 362 95
360 101 365 101
360 105 365 105
360 109 362 110
360 114 361 116
360 117 362 118
360 119 361 121
360 129 361 131
360 136 365 136
360 148 365 148
360 150 365 150
360 154 361 156
360 157 360 162
360 163 360 168
359 172 361 173
360 174 361 176
360 180 361 182
360 188 365 188
360 192 360 195
360 198 365 198
360 204 362 205
360 207 360 212
360 224 361 225
360 241 362 242
360 244 362 245
360 246 362 247
360 251 365 251
360 252 365 252
360 255 361 257
360 260 365 260
360 269 361 271
360 274 361 275
360 276 362 277
360 280 360 285
360 286 361 288
360 289 365 289
360 295 362 296
360 303 361 305
360 306 365 306
360 311 362 312
360 318 362 319
360 320 363 320
360 327 361 329
360 330 361 332
361 3 362 5
361 6 363 7
361 10 362 12
361 13 363 14
361 17 361 22
361 24 362 26
359 28 364 28
361 30 363 31
361 36 366 36
361 55 363 56
361 57 366 57
361 66 361 71
361 72 366 72
361 73 366 73
361 74 362 76
361 77 362 79
360 80 365 80
363 85 366 85
361 88 362 90
361 92 366 92
361 107 366 107
361 108 366 108
361 111 366 111
361 112 366 112
361 141 366 141
361 143 363 144
361 145 366 145
361 151 366 151
361 152 366 152
361 153 366 153
361 157 361 162
361 163 361 168
361 169 363 170
359 171 364 171
361 186 363 187
361 193 366 193
361 194 363 195
361 207 361 212
361 213 363 214
361 217 363 218
361 221 363 222
361 228 362 230
361 234 365 234
361 238 366 238
361 254 366 254
361 265 362 267
360 272 361 273
361 278 361 283
361 284 363 285
361 292 362 294
361 309 363 310
361 317 366 317
361 323 366 323
361 334 366 334
362 0 363 2
362 9 367 9
362 17 362 22
362 29 366 29
362 37 366 37
362 38 367 38
362 40 363 41
362 52 363 54
362 58 367 58
362 60 363 62
360 63 365 63
362 64 367 64
362 66 363 68
362 69 363 71
362 83 364 84
363 86 367 86
361 85 362 87
362 99 367 99
362 102 363 104
362 113 364 114
362 115 364 116
362 119 363 121
362 123 367 123
362 124 367 124
362 126 364 127
362 129 363 131
362 133 367 133
362 134 367 134
362 137 363 139
362 140 367 140
362 147 367 147
362 154 362 159
362 160 362 165
362 166 363 168
362 172 362 177
362 178 367 178
362 180 363 182
364 184 369 184
362 183 363 185
362 190 363 192
362 199 364 200
362 202 364 203
362 207 363 209
362 210 363 212
362 223 363 225
360 226 365 226
362 227 367 227
361 233 365 233
362 236 364 237
362 239 364 240
362 250 365 250
362 255 364 256
362 257 364 258
362 259 367 259
362 261 363 263
362 269 364 270
362 271 363 273
362 274 364 275
362 278 367 278
362 279 363 281
362 282 363 283
362 286 363 288
362 290 366 290
362 298 363 300
362 303 363 305
362 313 363 315
362 316 367 316
360 321 363 321
362 324 367 324
362 327 364 328
362 329 367 329
362 330 363 332
362 335 366 335
363 3 364 5
363 10 364 12
363 15 364 17
363 18 364 20
363 21 365 22
363 24 364 26
363 32 368 32
363 34 365 35
363 39 368 39
363 45 364 47
363 49 364 51
363 74 363 79
363 87 364 89
363 90 365 91
363 94 365 95
363 100 368 100
363 106 368 106
363 110 368 110
363 117 368 117
363 118 367 118
363 125 368 125
363 128 368 128
363 135 368 135
363 149 368 149
363 154 363 159
363 160 363 165
363 172 363 177
363 201 368 201
363 204 365 205
363 228 364 230
363 241 368 241
363 242 368 242
363 244 365 245
363 246 365 247
363 248 365 249
363 265 364 267
363 277 367 277
363 292 364 294
363 295 365 296
363 307 366 307
363 311 365 312
363 325 368 325
363 333 366 333
364 0 365 2
364 6 365 8
364 13 369 13
364 27 369 27
364 30 366 31
364 52 365 54
364 55 366 56
364 59 365 61
364 62 369 62
364 65 364 70
364 71 369 71
364 74 364 79
364 97 366 98
364 102 365 104
364 109 369 109
364 119 365 121
364 129 365 131
364 137 365 138
364 142 365 144
364 154 364 159
364 160 364 165
364 166 365 168
364 169 369 169
364 170 369 170
364 172 364 176
364 181 366 182
364 183 369 183
364 185 369 185
364 186 366 187
364 189 365 191
364 192 369 192
364 194 365 196
364 197 369 197
364 206 364 211
364 212 364 217
364 218 369 218
364 221 365 223
364 224 366 225
364 243 367 243
364 261 365 263
364 271 365 273
364 279 365 281
364 285 365 286
364 287 366 288
364 291 368 291
364 297 365 299
364 300 368 300
365 303 368 303
364 301 364 305
364 308 369 308
364 309 366 310
364 313 365 315
364 319 365 321
364 330 365 332
365 3 366 5
365 10 366 12
365 14 365 19
365 20 369 20
365 24 366 26
365 33 370 33
364 40 366 41
365 42 365 47
365 48 367 49
365 50 367 51
365 65 366 67
365 68 366 70
365 74 365 79
365 83 370 83
365 84 370 84
365 87 366 89
365 93 370 93
365 96 370 96
365 113 366 115
365 116 370 116
365 122 370 122
365 126 367 127
365 132 370 132
365 146 370 146
365 154 366 156
365 157 366 159
365 160 365 165
365 171 366 173
365 174 366 176
364 177 369 177
365 179 370 179
365 180 370 180
365 199 366 200
365 202 370 202
365 203 368 203
365 206 366 208
365 209 365 214
365 216 370 216
365 217 370 217
365 219 367 220
365 228 366 230
365 231 367 232
365 236 367 237
365 239 366 240
365 255 366 257
365 258 370 258
365 264 365 269
365 270 370 270
365 274 370 274
365 275 370 275
365 276 370 276
364 282 365 284
365 292 366 294
365 301 367 302
365 304 367 305
365 318 370 318
365 322 370 322
365 326 367 327
365 328 370 328
366 0 367 2
366 6 368 7
366 8 371 8
366 14 367 16
366 17 367 19
366 21 367 23
366 28 371 28
366 34 368 35
366 42 366 47
366 52 367 54
366 59 367 61
366 63 371 63
366 74 367 76
366 77 366 82
366 90 368 91
366 94 368 95
366 101 366 105
366 119 367 121
366 129 371 129
366 130 371 130
366 136 367 138
364 139 369 139
366 142 367 144
366 148 371 148
366 150 370 150
366 160 366 165
366 166 367 168
366 188 367 190
366 191 371 191
366 194 367 196
366 198 371 198
366 204 368 205
366 209 366 214
366 215 371 215
366 221 367 223
366 226 371 226
366 233 367 235
366 244 366 249
366 250 368 251
366 252 368 253
366 260 366 265
366 266 368 267
366 268 370 268
366 269 370 269
366 271 368 272
366 279 366 284
366 285 368 286
366 289 371 289
366 295 367 297
366 298 368 299
366 311 371 311
366 312 367 314
366 315 371 315
366 319 367 321
366 330 367 332
367 3 368 5
367 10 368 12
367 24 368 26
367 29 369 30
367 31 371 31
367 36 369 37
367 42 367 47
367 55 368 57
367 65 367 70
367 72 371 72
367 73 371 73
367 77 367 82
367 85 372 85
367 87 368 89
367 92 370 92
367 97 369 98
367 101 368 103
367 104 369 105
367 107 372 107
367 108 372 108
367 111 368 112
367 113 368 115
367 131 372 131
367 145 370 145
367 151 367 156
367 157 367 162
367 163 368 165
367 171 367 176
367 181 369 182
367 186 369 187
367 193 372 193
367 206 367 211
367 212 368 214
367 224 370 224
367 228 368 230
367 238 368 240
367 244 367 249
367 254 367 257
367 260 367 265
367 273 372 273
367 279 367 284
367 287 369 288
367 292 372 292
367 293 369 294
367 306 369 307
367 309 369 310
367 317 372 317
369 334 371 335
368 0 369 2
368 9 372 9
368 14 368 19
368 21 369 23
368 38 373 38
368 41 370 42
368 43 370 44
368 45 370 46
368 47 369 49
368 50 373 50
368 51 373 51
368 52 369 54
368 58 369 60
368 61 373 61
368 64 368 69
368 70 373 70
368 74 368 79
368 80 369 82
368 86 372 86
368 99 372 99
368 120 369 121
368 123 370 124
368 126 372 126
368 127 372 127
368 133 370 134
368 136 369 138
368 141 369 143
368 147 371 147
368 151 368 156
368 157 368 162
368 166 369 168
368 171 368 176
368 178 373 178
368 188 369 190
368 194 369 196
367 199 369 200
368 206 368 211
368 219 369 221
368 227 371 227
368 231 368 236
368 237 373 237
368 243 369 245
368 246 370 247
368 248 370 249
368 255 369 257
368 259 368 264
368 265 373 265
368 278 369 280
368 281 373 281
368 282 373 282
368 284 373 284
367 290 371 290
368 295 369 297
368 301 370 302
368 304 370 305
368 312 369 314
368 316 373 316
368 319 369 321
368 323 373 323
368 324 373 324
368 326 370 327
368 330 370 331
368 332 372 332
367 333 368 335
369 3 370 5
369 6 371 7
369 10 370 12
369 14 369 19
369 24 371 25
369 26 374 26
369 32 373 32
369 34 371 35
369 39 374 39
369 55 370 57
369 64 369 69
369 74 369 79
369 87 370 89
369 90 371 91
369 94 371 95
369 100 370 102
369 103 374 103
369 106 374 106
369 110 369 115
369 117 374 117
368 118 370 119
369 125 374 125
369 128 372 128
369 135 374 135
369 144 374 144
369 149 373 149
369 151 369 156
369 157 374 157
369 158 369 163
369 164 371 165
369 171 369 176
369 201 373 201
369 206 369 209
369 210 370 212
369 213 374 213
369 228 369 233
369 234 370 236
369 238 370 240
369 241 371 242
369 250 370 252
369 259 369 264
369 266 370 267
369 271 371 272
368 277 372 277
369 285 371 286
369 298 370 299
369 325 374 325
369 333 372 333
370 0 371 2
370 13 370 18
370 19 371 21
370 22 371 23
370 29 371 30
370 36 371 37
370 47 371 49
370 53 372 54
370 58 371 60
370 62 374 62
370 64 370 69
370 71 374 71
370 74 370 79
370 80 371 82
370 97 372 98
370 104 371 105
370 109 370 113
370 114 372 115
370 120 372 121
370 136 370 141
370 142 372 143
370 151 370 156
370 158 370 163
370 166 370 171
370 172 370 177
370 181 370 186
370 187 372 188
370 192 373 192
370 194 371 196
370 197 374 197
370 199 374 199
369 203 370 205
370 206 371 208
370 209 374 209
370 218 370 223
370 228 371 230
370 231 371 233
370 253 371 255
370 256 372 257
370 259 370 264
370 278 371 280
370 287 371 288
369 291 372 291
370 293 371 295
370 296 372 297
369 300 372 300
369 303 374 303
370 306 371 308
370 309 371 310
370 312 371 314
370 319 371 321
368 329 371 329
371 331 374 331
371 3 373 4
371 10 371 14
371 16 372 18
371 33 374 33
371 40 372 42
371 44 372 46
371 55 372 57
371 64 371 69
371 74 371 79
371 83 373 84
371 87 372 89
371 92 373 93
371 109 372 111
371 112 372 113
371 118 373 119
371 122 372 124
371 132 372 134
371 136 371 141
371 145 373 146
371 150 372 152
371 153 372 155
371 156 374 156
371 158 371 163
371 167 372 169
371 170 371 175
371 176 373 177
371 179 371 184
371 185 373 186
371 202 373 203
371 205 374 205
371 210 372 212
371 216 372 218
371 219 373 220
371 221 373 222
371 223 372 225
371 234 372 236
371 238 372 240
371 245 371 250
371 258 372 260
371 261 373 262
371 263 373 264
371 266 371 270
371 274 372 276
371 301 372 302
371 304 373 305
371 326 372 328
372 0 373 2
372 5 373 7
372 12 374 13
371 15 374 15
372 19 373 21
372 24 374 25
372 27 374 28
372 34 374 35
372 47 373 49
372 58 373 60
372 63 372 67
372 68 374 69
372 74 374 75
372 76 372 81
372 90 374 91
372 94 373 96
372 129 374 130
372 136 372 141
372 147 373 148
372 158 372 163
372 164 374 165
372 170 372 173
372 179 372 184
372 189 373 191
372 194 374 195
372 206 373 208
372 214 374 215
372 226 373 228
372 229 373 231
372 232 374 233
372 241 374 242
372 243 374 244
372 245 374 246
372 248 374 249
372 250 372 255
372 266 372 271
372 278 373 280
372 285 373 286
372 289 374 290
372 293 373 295
371 298 372 299
372 306 373 308
372 311 373 313
372 314 374 315
372 318 373 320
372 329 374 330
373 8 374 10
373 16 374 18
372 22 373 23
372 29 373 31
372 36 374 37
373 40 373 43
373 44 374 46
373 52 373 57
373 63 374 65
373 66 374 67
372 72 374 73
373 76 373 79
373 80 374 82
373 85 374 87
373 88 374 89
373 97 373 102
372 104 374 105
373 107 374 109
373 110 373 115
373 120 373 124
373 132 374 134
373 136 373 140
373 141 374 143
373 150 373 155
373 158 373 163
373 166 373 171
373 172 374 173
372 174 374 175
373 179 373 184
373 187 374 188
373 210 374 212
373 223 374 225
373 234 374 236
373 238 374 240
373 250 373 255
373 256 374 258
373 259 374 260
373 266 373 269
373 270 374 272
373 275 374 277
372 287 374 288
373 291 374 292
373 296 373 299
372 309 373 310
373 326 374 328
372 334 374 335
374 0 374 3
374 4 374 7
374 19 374 23
374 29 374 32
374 40 374 43
374 47 374 52
374 53 374 57
374 58 374 61
374 92 374 97
374 110 374 115
374 118 374 123
373 126 374 128
374 136 374 140
374 145 374 150
374 158 374 163
374 166 374 171
374 176 374 181
374 189 374 193
374 200 374 204
374 217 374 222
374 226 374 231
374 261 374 266
374 278 374 282
374 283 374 286
374 293 374 298
373 300 374 302
374 304 374 309
374 310 374 313
374 318 374 323
373 332 374 333
