20893
17 195 22 195
313 291 318 291
316 258 317 260
167 234 169 235
219 147 221 148
262 264 264 265
329 5 330 7
261 51 265 51
346 87 346 92
49 67 50 69
275 162 276 164
141 153 144 153
100 12 101 13
327 63 329 64
24 35 29 35
211 280 212 282
56 86 58 87
165 28 166 30
166 87 171 87
241 188 242 190
325 252 330 252
351 14 356 14
7 121 8 123
122 120 123 121
27 16 29 17
49 31 50 33
70 124 71 126
331 202 335 202
81 297 86 297
73 253 73 258
270 157 271 159
20 311 21 313
215 74 215 79
287 221 287 226
80 129 82 130
202 303 204 304
172 48 177 48
43 7 48 7
56 320 58 321
306 198 308 199
278 44 279 46
259 9 261 10
274 44 275 46
126 202 128 203
289 255 289 260
204 21 205 23
306 276 311 276
256 290 261 290
218 332 222 332
253 271 258 271
151 8 151 13
361 36 366 36
130 151 132 152
176 314 176 319
275 146 280 146
69 22 71 23
161 231 166 231
368 166 369 168
7 285 7 290
16 113 17 115
60 299 61 301
307 286 309 287
211 102 216 102
12 326 12 331
323 59 324 61
8 68 13 68
239 314 244 314
61 127 61 132
180 162 182 163
113 172 118 172
77 298 82 298
240 235 240 240
112 206 113 208
38 79 39 81
339 330 344 330
341 48 343 49
168 46 169 48
52 144 54 145
247 321 249 322
22 24 27 24
43 77 48 77
271 132 271 137
361 153 366 153
21 192 26 192
96 108 101 108
294 58 296 59
317 286 318 288
227 57 232 57
187 234 188 236
337 323 342 323
179 104 184 104
163 174 165 175
355 246 357 247
299 321 301 322
372 164 374 165
274 283 275 285
186 287 191 287
269 22 270 24
349 299 351 300
100 142 101 144
107 79 112 79
247 188 248 189
59 84 64 84
250 53 251 55
243 69 245 70
144 20 146 21
181 275 183 276
213 264 218 264
284 122 286 123
280 289 285 289
338 51 339 53
103 184 108 184
357 216 362 216
17 24 21 24
337 115 342 115
96 180 101 180
255 176 256 178
149 10 150 12
167 278 169 279
132 57 133 59
116 41 118 42
63 172 65 173
293 275 293 280
199 248 200 250
262 45 262 50
121 180 122 182
268 218 270 219
116 128 118 129
152 21 157 21
35 7 36 9
234 331 239 331
9 123 14 123
129 30 129 35
5 23 5 28
324 268 329 268
103 313 104 315
348 136 353 136
263 56 263 61
52 160 54 161
197 125 197 130
23 194 25 195
118 190 119 192
227 184 227 189
211 139 216 139
123 258 124 260
158 87 159 89
368 123 370 124
295 317 296 319
341 85 346 85
300 275 302 276
320 301 320 306
118 158 119 160
373 66 374 67
173 125 178 125
279 18 284 18
270 318 271 320
291 114 292 116
39 114 44 114
155 194 156 196
119 299 124 299
311 168 312 170
345 83 347 84
332 230 336 230
168 67 170 68
218 69 220 70
361 194 363 195
154 112 155 114
156 86 157 88
143 18 148 18
346 8 351 8
142 313 143 315
45 198 50 198
159 250 160 252
267 184 268 186
196 297 200 297
370 158 370 163
154 107 155 109
94 109 99 109
107 168 107 171
158 235 159 237
120 80 122 81
234 91 239 91
305 122 306 124
16 246 17 248
17 74 22 74
104 142 105 144
328 279 329 281
174 74 179 74
142 130 144 131
140 34 145 34
17 31 17 36
133 214 133 219
314 319 319 319
235 161 237 162
349 317 354 317
257 319 257 324
114 165 114 170
196 320 198 321
218 317 219 319
73 222 78 222
355 141 360 141
94 116 99 116
168 49 170 50
115 271 116 273
12 292 14 293
95 311 96 312
87 190 92 190
276 12 281 12
213 80 218 80
127 121 128 123
303 275 308 275
63 304 65 305
217 235 218 237
164 68 166 69
158 238 161 238
5 176 7 177
310 160 314 160
219 91 220 93
17 5 19 6
11 120 12 122
240 175 245 175
310 246 315 246
129 114 129 119
324 326 326 327
292 284 297 284
49 155 50 157
328 139 333 139
219 235 220 237
89 211 91 212
259 132 260 134
165 259 166 261
59 86 61 87
112 210 114 211
331 158 332 159
73 249 78 249
289 56 290 58
82 72 87 72
216 256 217 258
343 293 343 298
145 22 145 27
196 251 201 251
110 157 115 157
61 204 62 206
149 304 154 304
18 183 23 183
288 0 290 1
260 119 265 119
153 86 155 87
151 1 156 1
292 98 297 98
334 142 339 142
91 241 92 243
31 277 36 277
190 83 190 88
213 116 218 116
214 188 216 189
320 250 325 250
283 163 285 164
136 181 138 182
306 260 307 262
288 219 289 221
374 40 374 43
331 84 332 86
81 302 85 302
123 30 124 32
151 14 152 15
352 168 352 173
230 273 235 273
17 323 19 324
205 183 207 184
14 216 14 221
212 117 217 117
181 60 181 64
204 293 204 298
176 200 181 200
337 190 338 192
105 187 106 189
171 55 176 55
182 213 183 214
336 27 341 27
297 317 297 322
121 291 123 292
125 128 127 129
250 286 255 286
227 165 232 165
174 110 174 115
89 209 91 210
55 175 60 175
32 318 34 319
32 121 37 121
57 247 59 248
15 105 17 106
59 116 64 116
198 273 199 275
17 244 22 244
198 26 198 31
165 182 165 187
26 222 31 222
11 294 13 295
137 36 138 38
49 144 51 145
40 123 42 124
125 25 130 25
100 14 105 14
301 158 306 158
204 68 209 68
270 33 270 38
287 199 288 201
54 312 56 313
151 168 153 169
162 159 166 159
124 215 129 215
192 37 194 38
166 271 170 271
276 213 277 215
154 90 159 90
112 89 113 91
195 127 196 129
287 317 288 319
26 194 28 195
209 88 214 88
196 102 198 103
224 323 224 328
349 177 350 179
0 258 0 263
190 27 195 27
361 157 361 162
286 53 287 55
285 193 286 195
18 104 18 107
284 192 289 192
370 187 372 188
219 190 221 191
146 214 148 215
55 163 60 163
224 108 226 109
288 292 292 292
139 229 141 230
4 26 4 31
292 203 293 205
318 124 323 124
72 253 72 258
218 120 218 125
86 328 88 329
61 163 66 163
131 137 136 137
137 39 142 39
210 98 212 99
89 230 90 232
108 175 113 175
320 193 322 194
68 39 73 39
40 285 45 285
327 245 328 247
176 112 177 114
61 230 62 232
252 241 252 246
220 297 225 297
48 98 50 99
148 225 148 230
206 6 207 8
295 0 295 5
127 28 132 28
22 8 22 13
218 257 220 258
374 226 374 231
52 59 52 64
191 132 193 133
361 17 361 22
26 294 27 296
314 333 315 335
23 264 25 265
334 32 339 32
352 90 352 95
174 56 176 57
76 250 78 251
367 157 367 162
115 57 120 57
288 330 289 332
54 268 56 269
222 147 224 148
35 61 36 63
97 111 102 111
338 173 343 173
237 0 237 5
105 276 110 276
33 210 33 215
17 173 18 175
112 2 114 3
190 156 195 156
250 59 252 60
106 325 111 325
303 225 308 225
304 98 309 98
96 239 101 239
289 88 291 89
113 174 118 174
255 184 256 186
152 302 154 303
354 91 356 92
97 81 99 82
181 196 182 198
246 318 247 320
135 276 140 276
18 246 19 248
281 216 282 218
201 252 201 257
243 282 248 282
67 266 69 267
17 49 19 50
301 79 302 81
127 154 132 154
337 79 337 84
338 161 339 163
74 256 75 258
296 179 298 180
89 144 91 145
170 154 170 159
43 288 44 290
179 251 181 252
366 6 368 7
42 188 43 190
82 328 83 330
32 79 34 80
143 317 144 319
132 163 133 165
221 298 222 300
51 265 52 267
18 113 19 115
38 165 43 165
227 153 228 155
135 177 137 178
334 281 339 281
366 160 366 165
157 130 159 131
168 296 173 296
175 334 177 335
5 5 5 10
14 76 16 77
285 185 290 185
366 166 367 168
86 201 91 201
117 92 118 94
328 248 330 249
165 291 167 292
359 264 364 264
235 300 240 300
316 224 316 229
143 137 148 137
193 162 194 164
349 274 351 275
226 112 228 113
94 99 99 99
50 65 55 65
98 178 100 179
80 45 82 46
57 167 62 167
332 143 334 144
171 323 173 324
283 134 284 136
325 303 326 305
20 68 25 68
341 223 343 224
287 108 289 109
220 157 222 158
124 82 126 83
6 321 8 322
298 98 303 98
97 58 98 60
213 279 218 279
228 231 228 236
117 203 122 203
132 34 137 34
302 231 307 231
225 171 227 172
151 300 153 301
240 92 245 92
16 249 18 250
215 137 217 138
52 128 52 133
368 281 373 281
66 94 68 95
200 110 201 112
155 173 155 178
76 231 77 233
162 278 164 279
171 120 176 120
129 26 134 26
344 272 346 273
26 56 27 58
208 209 213 209
226 265 231 265
337 175 339 176
171 100 173 101
325 100 326 102
175 153 177 154
323 220 325 221
163 127 164 128
261 159 262 160
210 71 215 71
19 100 24 100
30 146 30 151
64 211 65 213
277 132 279 133
42 98 44 99
73 88 74 90
13 284 18 284
159 65 161 66
124 247 126 248
160 129 162 130
176 229 176 234
154 82 159 82
44 226 44 231
162 115 162 120
278 302 279 304
300 282 302 283
320 26 325 26
110 236 115 236
63 249 63 254
201 12 203 13
192 310 197 310
197 201 202 201
214 113 215 115
355 190 356 192
337 243 339 244
111 262 112 264
207 328 207 333
94 64 96 65
354 200 356 201
171 291 173 292
245 63 246 65
283 294 288 294
123 270 123 275
177 116 178 118
350 168 351 170
53 320 55 321
308 281 313 281
81 19 83 20
4 160 9 160
353 216 354 218
127 64 132 64
252 193 253 195
372 250 372 255
78 193 83 193
345 119 345 124
314 279 315 281
258 188 263 188
40 11 45 11
275 41 280 41
309 23 314 23
92 29 97 29
290 229 295 229
301 122 302 124
117 157 122 157
260 23 262 24
325 248 327 249
0 267 0 272
34 10 35 12
160 154 161 156
290 69 291 71
23 320 23 324
200 71 202 72
334 206 339 206
97 112 102 112
268 258 269 260
126 163 131 163
281 278 286 278
18 295 20 296
361 72 366 72
227 59 229 60
177 143 179 144
238 71 240 72
115 145 120 145
122 50 124 51
11 111 16 111
282 32 283 34
276 21 276 26
70 244 72 245
238 157 240 158
157 179 160 179
190 8 195 8
105 82 107 83
354 262 354 267
119 135 124 135
328 38 329 40
280 235 281 237
52 119 53 121
43 187 48 187
347 181 348 183
122 44 122 49
219 186 221 187
255 187 260 187
374 129 374 134
27 20 32 20
184 253 188 253
36 279 37 281
64 148 65 150
288 208 293 208
227 33 229 34
84 124 85 126
234 34 239 34
325 65 327 66
16 181 17 183
17 260 22 260
82 58 87 58
271 274 273 275
230 186 231 188
124 112 127 112
275 14 277 15
60 179 64 179
302 273 307 273
365 160 365 165
251 183 251 188
354 168 354 173
59 181 60 183
203 41 208 41
221 100 226 100
63 230 63 235
284 182 286 183
182 76 182 81
172 259 174 260
23 162 28 162
219 201 224 201
229 61 230 63
203 166 208 166
93 86 93 91
334 248 336 249
355 262 356 264
261 312 261 317
103 253 104 255
113 73 115 74
280 213 282 214
39 45 39 50
228 115 230 116
214 132 215 134
191 90 193 91
243 63 244 65
5 87 5 92
178 153 180 154
282 232 284 233
299 0 299 5
141 117 146 117
25 110 26 112
250 142 250 147
61 289 62 291
176 49 177 51
190 280 192 281
354 224 355 226
243 257 248 257
65 189 66 191
150 76 155 76
200 177 202 178
177 68 178 70
68 230 69 232
302 298 307 298
159 149 159 154
269 35 269 40
16 107 17 109
1 89 1 94
1 147 1 152
107 294 112 294
199 16 200 18
291 196 291 201
153 157 154 159
69 253 69 258
264 116 266 117
333 90 338 90
334 217 336 218
222 317 223 319
267 178 268 180
97 309 102 309
188 59 193 59
331 226 336 226
172 109 176 109
163 88 164 90
164 209 165 211
148 12 148 17
87 188 89 189
122 194 127 194
81 25 83 26
122 8 122 13
185 103 186 105
89 18 91 19
337 11 338 13
346 288 351 288
53 116 58 116
318 89 319 91
157 295 161 295
345 152 347 153
30 274 31 276
370 288 374 288
10 169 12 170
219 122 220 124
271 11 276 11
148 267 150 268
335 219 339 219
250 325 252 326
367 92 370 92
41 274 41 279
193 168 193 173
19 190 21 191
127 208 132 208
204 32 204 37
344 48 346 49
86 144 88 145
7 26 9 27
242 106 247 106
22 256 24 257
199 280 201 281
279 14 284 14
7 169 9 170
38 151 43 151
324 217 325 219
339 276 341 277
23 21 25 22
39 1 41 2
357 228 358 230
167 47 167 52
78 13 79 15
290 295 295 295
104 244 108 244
340 304 341 306
0 118 0 123
316 45 318 46
321 153 323 154
284 108 286 109
11 126 12 128
135 46 140 46
187 6 192 6
175 72 177 73
369 228 369 233
362 102 363 104
198 158 199 160
27 18 32 18
16 78 18 79
237 64 239 65
87 231 88 232
200 49 201 50
111 167 111 172
19 289 20 291
178 209 183 209
195 316 195 321
202 109 203 111
344 203 349 203
348 47 353 47
287 218 292 218
255 270 260 270
342 291 344 292
122 293 126 293
339 285 341 286
209 299 211 300
116 259 116 264
152 25 152 30
20 8 20 13
88 291 89 292
191 323 196 323
68 227 69 229
162 280 164 281
97 8 102 8
41 208 42 210
300 170 305 170
6 320 11 320
141 276 142 278
326 255 327 257
311 99 312 101
339 77 344 77
29 13 34 13
353 240 354 242
326 250 331 250
284 59 289 59
299 175 301 176
53 210 57 210
255 231 260 231
211 260 216 260
212 64 213 66
257 288 262 288
201 31 206 31
116 146 117 148
204 98 209 98
301 270 306 270
159 330 160 332
199 11 200 13
275 302 276 304
8 186 10 187
363 15 364 17
128 295 128 300
160 300 160 305
327 120 332 120
350 258 352 259
115 37 117 38
260 141 261 143
260 260 261 262
177 150 178 152
81 68 83 69
332 220 337 220
357 240 358 242
280 104 281 106
16 300 18 301
203 201 206 201
240 14 240 19
277 301 282 301
147 7 152 7
104 320 109 320
291 329 292 331
275 197 277 198
185 290 186 292
294 280 295 282
29 3 29 8
65 179 70 179
223 112 225 113
148 93 149 95
127 284 128 286
120 12 121 14
233 59 234 61
302 322 304 323
61 150 61 155
123 282 128 282
59 126 64 126
196 300 196 305
363 45 364 47
201 239 204 239
123 22 124 24
92 28 97 28
50 8 51 10
268 226 272 226
221 75 222 77
333 77 335 78
49 100 54 100
108 223 113 223
122 326 123 328
39 288 40 290
67 169 69 170
205 38 207 39
103 186 108 186
129 71 131 72
20 121 25 121
278 320 280 321
128 112 133 112
192 282 197 282
44 39 49 39
198 182 203 182
193 183 194 185
111 222 116 222
334 279 339 279
324 215 326 216
162 273 167 273
200 239 200 244
256 52 257 54
160 148 160 153
373 141 374 143
78 44 83 44
78 29 78 34
253 141 258 141
335 0 336 2
80 12 81 14
319 247 320 249
145 12 145 17
183 107 183 112
360 80 365 80
111 249 116 249
16 26 18 27
1 29 1 34
134 31 139 31
251 109 251 114
52 43 53 45
88 257 93 257
203 156 203 161
209 10 213 10
77 226 81 226
203 14 203 19
92 327 94 328
177 223 179 224
223 151 224 153
39 229 39 234
38 275 39 277
217 302 222 302
85 222 90 222
66 51 67 53
293 292 298 292
53 40 58 40
319 262 321 263
287 156 288 158
367 243 367 248
319 118 320 120
233 127 233 132
133 143 133 148
339 60 344 60
316 211 317 213
238 264 239 266
187 68 192 68
109 184 114 184
279 97 284 97
174 149 178 149
72 278 73 280
290 156 295 156
26 50 26 55
277 239 282 239
164 309 168 309
210 89 215 89
309 153 311 154
286 275 288 276
225 115 227 116
276 285 281 285
260 320 261 322
27 231 32 231
234 95 235 97
43 217 48 217
20 58 25 58
2 88 2 93
355 265 360 265
47 298 52 298
310 284 315 284
351 292 352 294
72 172 74 173
19 106 21 107
317 265 321 265
13 120 14 122
125 96 126 98
21 241 22 243
365 3 366 5
119 101 124 101
366 269 371 269
312 214 313 216
111 333 112 335
245 152 246 154
115 204 117 205
161 148 161 153
73 296 78 296
145 193 146 195
347 48 349 49
30 49 30 54
259 318 264 318
178 148 182 148
33 42 35 43
256 190 257 192
151 130 153 131
22 174 27 174
369 319 370 321
221 177 222 179
248 318 249 320
90 252 93 252
340 32 345 32
348 27 349 28
154 48 156 49
146 182 151 182
240 331 245 331
143 212 148 212
95 313 97 314
311 254 316 254
124 261 127 261
293 198 293 202
354 243 355 245
12 279 12 284
232 112 233 114
99 105 100 107
204 277 208 277
319 51 321 52
151 120 152 122
91 98 93 99
336 136 341 136
234 325 235 327
15 321 15 326
106 221 107 222
124 270 124 275
225 33 226 35
15 64 16 66
191 12 193 13
263 35 268 35
343 183 344 185
118 231 123 231
24 292 25 294
362 126 364 127
167 75 172 75
25 18 26 20
241 315 245 315
251 295 256 295
249 63 250 65
77 27 79 28
134 300 135 302
13 297 18 297
69 289 70 291
87 152 89 153
177 318 178 320
51 236 53 237
250 241 250 246
238 325 239 327
216 133 218 134
334 155 335 157
156 320 158 321
44 188 45 190
125 41 125 46
162 61 167 61
324 152 325 154
292 322 292 327
249 219 253 219
253 289 258 289
311 37 313 38
333 84 333 89
112 53 112 58
6 22 6 27
289 110 294 110
277 323 278 325
294 200 294 205
184 100 185 102
347 126 349 127
314 196 318 196
138 94 140 95
327 62 332 62
365 274 370 274
359 190 361 191
204 56 209 56
243 201 245 202
75 211 76 213
329 162 330 164
314 214 316 215
336 47 341 47
280 230 281 232
95 269 100 269
296 290 301 290
117 308 122 308
89 223 89 228
24 32 26 33
119 164 121 165
98 313 99 315
349 303 353 303
186 167 187 169
156 218 161 218
171 249 171 254
158 99 160 100
275 99 277 100
89 263 91 264
364 0 365 2
293 334 298 334
324 300 324 305
273 53 275 54
245 216 250 216
91 312 92 314
165 66 167 67
258 314 258 319
368 301 370 302
174 237 175 239
15 173 16 175
138 92 143 92
184 156 186 157
323 97 328 97
208 129 209 131
256 264 258 265
1 8 2 10
289 230 294 230
177 100 181 100
183 153 185 154
321 159 321 164
90 149 94 149
56 7 57 9
331 190 332 192
123 49 128 49
39 3 44 3
292 281 293 282
144 119 146 120
313 276 318 276
81 249 82 251
13 256 15 257
107 137 112 137
24 52 24 57
6 87 6 92
257 90 259 91
220 329 222 330
59 147 59 152
178 205 179 206
211 61 216 61
25 277 30 277
269 262 270 264
65 176 70 176
82 131 82 136
243 51 248 51
139 174 140 175
12 219 13 221
213 98 215 99
332 245 334 246
204 154 204 159
207 264 212 264
192 258 194 259
296 172 297 174
50 184 51 186
126 245 131 245
156 178 160 178
286 145 288 146
39 8 44 8
371 248 374 248
123 33 125 34
203 125 205 126
282 103 287 103
58 17 59 19
111 224 112 226
165 13 165 18
328 217 330 218
36 272 41 272
288 131 292 131
10 199 10 204
352 155 354 156
124 328 129 328
128 69 133 69
65 146 67 147
308 226 309 228
335 199 337 200
110 280 112 281
194 17 196 18
18 57 23 57
137 99 139 100
83 224 83 229
13 112 18 112
360 224 361 226
282 288 287 288
108 151 110 152
317 24 319 25
95 253 96 255
321 68 326 68
221 104 223 105
121 204 123 205
286 129 290 129
73 175 78 175
101 310 101 315
251 299 256 299
272 248 272 253
302 150 304 151
227 79 229 80
141 237 143 238
240 99 241 101
175 156 176 158
267 265 269 266
179 49 181 50
332 335 337 335
223 320 223 325
203 272 204 274
314 10 315 11
60 207 65 207
160 163 164 163
186 67 191 67
358 327 359 329
250 165 252 166
58 82 60 83
145 8 150 8
353 296 358 296
51 243 56 243
210 113 211 115
258 300 260 301
306 194 307 196
12 14 14 15
266 108 268 109
153 88 155 89
45 5 47 6
203 96 205 97
39 54 44 54
162 275 167 275
348 305 349 307
50 208 51 209
350 287 355 287
160 271 165 271
291 278 292 280
99 113 101 114
332 81 333 83
292 163 294 164
58 56 63 56
33 7 34 9
229 300 234 300
280 200 281 202
281 120 286 120
50 43 51 45
331 317 336 317
247 241 249 242
149 174 149 179
27 212 28 214
17 20 18 22
172 76 177 76
342 152 344 153
181 147 186 147
244 226 249 226
77 97 78 99
242 79 243 81
121 138 126 138
342 256 344 257
249 222 250 224
161 228 166 228
26 261 27 263
109 75 111 76
235 255 236 257
264 290 266 291
200 90 201 92
210 321 215 321
173 271 178 271
27 272 32 272
159 293 164 293
1 53 1 58
335 21 336 23
239 62 241 63
58 100 60 101
338 121 338 126
135 308 136 310
261 106 263 107
206 43 208 44
132 262 132 267
295 279 300 279
22 66 24 67
153 69 154 71
181 65 182 67
374 200 374 204
319 77 320 79
123 124 128 124
172 283 174 284
245 145 246 147
207 261 212 261
325 94 330 94
324 188 329 188
89 247 91 248
179 149 184 149
276 296 276 301
145 107 147 108
117 164 118 166
304 333 306 334
40 51 41 53
71 216 75 216
149 283 154 283
99 34 99 39
323 306 323 311
4 231 6 232
90 152 92 153
344 24 345 26
345 184 347 185
323 49 328 49
201 224 201 229
302 227 303 229
293 143 294 145
12 55 13 57
235 84 240 84
333 91 334 93
130 139 135 139
32 237 32 242
366 330 367 332
273 227 274 229
321 96 326 96
263 22 268 22
204 222 204 227
91 222 91 227
300 214 302 215
59 287 61 288
220 287 220 292
324 107 329 107
213 245 213 250
131 47 133 48
262 148 267 148
330 87 332 88
343 34 344 36
240 78 241 80
53 101 57 101
184 329 186 330
175 46 177 47
329 245 331 246
274 191 279 191
285 174 286 176
299 93 300 95
23 13 28 13
353 286 358 286
199 153 200 155
246 173 251 173
309 216 311 217
321 300 321 305
250 159 251 161
221 122 222 124
325 16 325 21
348 255 349 257
362 274 364 275
366 243 366 248
200 59 205 59
361 77 362 79
183 254 184 256
365 171 366 173
115 165 115 170
299 305 301 306
131 287 136 287
46 165 47 167
171 119 176 119
305 250 305 255
299 247 301 248
236 202 237 204
55 284 57 285
190 235 195 235
331 277 336 277
203 275 208 275
317 228 319 229
178 46 178 50
56 3 58 4
351 116 356 116
55 322 56 324
121 211 123 212
79 9 80 11
3 125 3 130
350 90 350 95
301 236 302 238
181 14 181 19
45 324 48 324
141 109 146 109
37 219 39 220
346 289 351 289
199 216 204 216
365 84 370 84
167 213 172 213
132 27 137 27
130 111 135 111
220 331 225 331
335 198 340 198
152 104 157 104
32 7 32 10
112 167 112 172
44 182 49 182
246 245 247 247
20 114 22 115
315 231 320 231
364 212 364 217
215 298 217 299
315 192 316 194
43 328 48 328
52 188 57 188
332 178 337 178
222 171 224 172
50 16 55 16
136 269 138 270
21 124 26 124
50 12 51 14
211 100 216 100
294 285 299 285
330 215 332 216
218 15 223 15
293 330 295 331
137 85 142 85
27 92 29 93
186 72 186 77
339 81 339 86
307 61 312 61
100 15 105 15
302 190 303 192
173 314 175 315
280 302 281 304
237 297 238 298
304 276 304 281
326 199 328 200
366 252 368 253
86 135 91 135
189 253 194 253
201 148 202 150
147 12 147 17
118 50 119 52
171 60 176 60
231 107 233 108
357 137 358 139
92 103 97 103
325 157 326 159
189 159 191 160
270 62 275 62
332 234 333 236
188 272 193 272
298 293 299 295
250 247 252 248
2 331 3 333
54 37 59 37
210 72 215 72
296 300 298 301
13 303 15 304
21 32 23 33
224 184 224 189
287 153 288 155
316 261 321 261
317 192 322 192
122 141 124 142
370 71 374 71
49 187 53 187
292 191 293 193
169 191 174 191
223 293 228 293
130 32 131 34
286 301 286 306
84 60 89 60
144 227 145 229
20 261 21 263
296 78 298 79
122 170 123 172
181 156 183 157
93 101 95 102
46 188 51 188
204 99 209 99
126 170 131 170
358 15 359 17
303 189 308 189
193 193 198 193
322 281 327 281
307 99 308 101
262 172 266 172
120 123 122 124
120 50 121 52
119 271 120 273
195 295 200 295
26 21 28 22
107 334 110 334
176 115 181 115
146 112 147 114
249 51 251 52
154 188 155 190
115 268 120 268
203 32 203 37
352 174 354 175
19 217 20 219
46 184 47 186
368 312 369 314
37 304 39 305
11 289 12 291
136 227 141 227
173 210 178 210
27 273 32 273
200 325 202 326
143 245 144 247
211 179 212 181
202 118 207 118
287 56 288 58
172 62 177 62
58 284 60 285
108 153 110 154
193 149 194 151
166 253 166 258
128 197 129 199
154 134 159 134
56 250 56 255
347 123 348 125
258 329 259 331
322 316 324 317
295 200 295 205
319 197 322 197
312 285 316 285
185 293 186 295
153 13 154 15
237 59 238 61
210 64 211 66
24 164 24 169
256 236 257 238
195 149 196 151
268 271 270 272
171 143 173 144
335 227 337 228
1 153 1 158
18 200 20 201
362 9 367 9
245 148 246 150
201 122 206 122
209 31 209 36
164 319 164 324
75 129 76 131
110 237 115 237
236 75 236 80
297 277 302 277
219 287 219 292
88 75 89 77
81 117 82 119
369 334 371 335
60 278 65 278
305 30 310 30
335 68 336 70
205 315 207 316
96 305 96 310
354 15 355 17
166 147 167 149
100 188 102 189
184 312 185 314
6 151 11 151
332 106 337 106
324 320 325 322
357 269 359 270
44 146 46 147
108 299 109 301
213 280 214 282
74 295 79 295
105 16 106 18
217 94 218 96
61 147 62 149
277 135 279 136
160 90 162 91
235 71 237 72
5 185 10 185
268 293 270 294
169 166 170 168
341 190 342 192
145 173 150 173
127 22 132 22
368 80 369 82
228 331 233 331
322 300 322 305
83 22 84 23
276 53 277 55
97 183 99 184
317 285 322 285
4 120 8 120
243 188 244 190
251 174 256 174
247 9 248 11
234 64 236 65
158 83 163 83
205 256 206 258
67 119 69 120
372 170 372 173
304 224 309 224
287 125 292 125
5 128 5 133
107 104 112 104
122 303 124 304
75 156 80 156
271 22 272 24
346 186 348 187
114 206 116 207
163 133 168 133
168 127 169 129
147 193 148 195
64 299 65 301
90 10 91 12
203 293 203 298
24 29 29 29
303 154 308 154
371 64 371 69
73 250 75 251
50 305 52 306
365 304 367 305
288 290 293 290
343 288 345 289
155 30 160 30
131 50 133 51
362 83 364 84
92 168 97 168
354 26 354 31
191 14 196 14
345 159 349 159
159 318 159 321
345 14 350 14
2 134 2 139
107 273 109 274
43 97 48 97
66 129 67 131
307 52 308 54
46 219 51 219
236 180 238 181
80 100 82 101
142 227 143 229
263 177 268 177
212 0 213 2
170 72 174 72
336 105 341 105
149 23 149 27
325 308 326 310
146 141 151 141
368 282 373 282
222 21 224 22
163 129 165 130
103 173 104 175
101 123 102 125
340 40 340 45
265 184 266 186
341 18 342 20
197 296 200 296
373 256 374 258
11 239 12 241
265 310 265 315
310 181 311 183
172 19 177 19
263 196 268 196
171 261 176 261
165 140 167 141
155 239 160 239
12 113 13 115
145 152 150 152
64 178 69 178
177 99 182 99
132 29 133 31
138 231 143 231
182 210 187 210
153 138 154 140
243 59 244 61
70 296 72 297
221 251 222 253
183 148 188 148
212 96 216 96
109 207 109 212
42 302 42 306
235 0 235 5
365 126 367 127
343 261 344 263
157 0 158 2
320 89 321 91
275 157 277 158
166 150 168 151
273 184 275 185
338 157 343 157
213 313 215 314
170 282 171 284
17 124 17 129
357 278 357 283
34 234 34 239
178 132 180 133
180 47 182 48
276 39 278 40
173 215 176 215
85 186 90 186
184 98 189 98
164 72 169 72
316 333 317 335
336 179 341 179
329 190 330 192
49 66 54 66
286 284 291 284
206 220 207 222
38 194 39 195
163 263 164 264
153 16 158 16
26 134 27 136
235 86 240 86
297 95 298 97
46 144 48 145
267 278 268 280
219 311 220 313
159 53 161 54
47 220 52 220
55 189 56 191
267 117 272 117
151 88 152 89
151 34 156 34
315 84 316 86
160 81 162 82
334 189 339 189
321 94 323 95
77 253 82 253
71 230 73 231
285 310 287 311
302 9 302 14
116 64 118 65
301 331 303 332
255 281 260 281
161 203 166 203
85 21 86 23
40 223 40 228
259 312 259 317
181 310 181 315
288 274 293 274
194 147 199 147
301 278 302 280
283 317 284 319
17 18 19 19
119 122 123 122
249 120 251 121
186 134 187 136
261 274 262 276
239 81 241 82
137 226 141 226
137 18 142 18
339 11 339 16
55 95 59 95
73 126 78 126
201 293 201 298
48 184 49 186
170 80 175 80
182 100 183 102
317 84 318 86
48 15 52 15
142 322 147 322
207 80 212 80
264 165 269 165
63 255 64 257
162 299 162 304
252 287 257 287
302 165 304 166
8 101 9 103
224 150 229 150
304 31 305 32
156 188 157 190
262 93 267 93
201 248 202 250
79 2 84 2
151 51 156 51
148 106 149 108
304 309 304 314
346 313 347 315
90 320 92 321
214 94 216 95
64 214 69 214
243 266 248 266
159 245 164 245
9 228 10 230
322 222 324 223
261 187 266 187
289 102 291 103
352 283 354 284
325 316 327 317
275 216 280 216
292 111 293 113
298 117 299 119
149 214 151 215
184 122 189 122
80 89 85 89
119 109 121 110
18 125 23 125
98 43 100 44
295 6 295 11
77 18 82 18
262 286 267 286
373 44 374 46
362 269 364 270
32 94 37 94
151 311 156 311
188 261 189 263
210 58 215 58
364 55 366 56
119 132 121 133
225 187 226 189
237 334 238 335
166 232 170 232
101 119 106 119
206 114 207 116
335 182 337 183
316 9 317 11
272 229 272 234
342 47 347 47
154 130 156 131
165 26 167 27
107 185 112 185
334 280 339 280
20 112 22 113
258 320 259 322
158 230 163 230
331 41 332 43
355 171 356 173
327 204 331 204
151 179 156 179
156 127 157 129
109 2 111 3
130 29 131 31
260 156 260 160
168 236 170 237
220 317 221 319
328 65 333 65
67 255 68 257
58 249 58 254
205 260 210 260
330 292 330 297
20 29 20 34
364 97 366 98
122 136 126 136
317 14 317 17
84 10 86 11
305 45 306 47
230 294 232 295
251 222 256 222
220 53 221 55
349 9 350 11
209 197 210 199
241 286 242 288
171 49 173 50
299 205 300 207
155 4 160 4
17 72 19 73
2 115 2 120
304 175 305 177
201 179 202 181
13 142 18 142
304 293 305 295
369 10 370 12
3 247 8 247
152 217 157 217
109 146 111 147
280 291 285 291
20 170 25 170
216 111 217 113
305 218 305 223
12 264 14 265
164 301 166 302
99 218 99 223
199 235 204 235
163 115 163 120
305 114 306 116
48 37 53 37
223 253 228 253
103 48 108 48
19 186 23 186
212 147 212 152
86 68 88 69
14 155 19 155
76 111 81 111
251 297 253 298
194 78 195 80
309 214 311 215
310 238 312 239
366 63 371 63
104 335 109 335
355 18 356 20
66 91 68 92
185 83 185 88
9 283 9 288
353 196 353 201
244 145 244 150
236 102 237 104
267 104 269 105
290 192 291 194
54 91 55 93
53 31 54 33
327 303 329 304
360 52 361 54
146 22 146 27
43 33 48 33
358 174 359 175
119 38 120 40
123 333 128 333
176 110 178 111
129 73 134 73
8 196 8 201
80 149 81 151
118 88 120 89
323 44 324 46
272 63 277 63
317 64 322 64
85 70 90 70
345 333 350 333
37 139 37 144
54 211 56 212
336 14 338 15
354 109 359 109
167 203 172 203
300 293 301 295
37 187 42 187
315 300 320 300
203 46 208 46
40 4 42 5
66 148 68 149
143 10 148 10
215 91 216 93
96 101 98 102
330 44 332 45
310 286 311 287
64 30 66 31
46 189 47 191
136 228 141 228
175 66 177 67
271 230 271 235
76 234 81 234
201 279 206 279
361 145 366 145
99 58 100 60
31 209 31 214
243 264 244 265
364 221 364 226
179 196 180 198
362 279 363 281
335 8 335 13
13 281 14 283
123 26 128 26
97 34 98 36
284 117 285 119
317 301 318 303
189 183 190 185
301 95 306 95
19 29 19 34
269 282 274 282
37 82 38 84
63 164 68 164
122 167 127 167
312 22 317 22
173 110 173 115
169 71 174 71
135 102 137 103
329 236 331 237
351 202 355 202
290 321 295 321
100 27 102 28
369 94 371 95
108 241 110 242
153 117 156 117
344 279 345 281
285 216 286 218
172 153 172 158
189 266 194 266
221 23 222 25
18 156 23 156
279 326 284 326
37 267 39 268
24 178 27 178
18 181 20 182
351 90 351 95
44 222 48 222
80 255 85 255
222 320 222 325
334 177 339 177
138 102 140 103
205 54 207 55
122 290 127 290
124 65 129 65
258 88 260 89
176 92 181 92
301 274 306 274
294 243 295 245
313 234 318 234
337 272 338 274
262 3 262 6
189 243 189 248
49 226 50 228
140 113 141 115
342 255 347 255
42 295 47 295
14 113 15 115
16 294 17 296
174 272 175 274
95 39 96 41
13 165 13 170
16 271 16 275
326 184 331 184
77 131 78 133
76 321 77 323
194 229 195 231
361 284 363 285
142 12 144 13
138 108 143 108
216 74 216 79
311 49 316 49
71 195 72 197
308 77 313 77
126 324 131 324
254 52 255 54
71 271 76 271
8 282 8 287
152 305 152 310
189 167 189 172
210 322 215 322
38 11 38 15
304 89 305 91
250 330 252 331
205 235 210 235
37 328 42 328
36 10 36 13
218 287 218 292
170 46 171 48
165 278 166 280
296 302 301 302
153 127 155 128
16 63 21 63
315 94 320 94
245 90 250 90
265 183 270 183
298 0 298 5
215 236 215 241
346 285 347 287
123 131 128 131
305 187 307 188
163 311 168 311
89 0 91 1
116 13 118 14
133 136 138 136
189 117 194 117
304 335 309 335
250 318 250 322
353 87 358 87
31 232 32 234
72 64 73 66
78 155 83 155
149 193 150 195
180 310 180 315
48 29 53 29
266 310 267 312
287 5 289 6
31 52 32 54
89 239 94 239
228 58 233 58
248 246 249 248
225 179 230 179
172 53 176 53
326 109 330 109
215 242 215 247
229 231 230 233
345 12 347 13
368 277 372 277
241 271 246 271
165 305 167 306
175 77 177 78
83 57 88 57
131 53 132 55
256 312 258 313
56 305 58 306
265 267 267 268
317 143 318 145
332 279 333 281
193 81 193 86
219 154 224 154
155 28 160 28
312 113 315 113
161 166 162 168
227 192 227 197
143 2 147 2
270 139 275 139
325 245 326 247
342 285 344 286
144 6 149 6
102 322 102 327
118 201 123 201
365 264 365 269
245 130 245 135
121 280 123 281
253 122 253 127
301 163 306 163
76 225 76 230
367 171 367 176
33 82 34 84
146 12 146 17
323 300 323 305
269 67 270 69
347 15 349 16
217 287 217 292
118 31 118 36
228 104 229 106
54 176 59 176
244 305 245 307
125 121 126 123
184 72 185 74
279 111 279 116
311 232 312 234
367 306 369 307
38 176 41 176
126 19 127 21
204 182 209 182
294 0 294 5
256 14 261 14
285 187 290 187
191 183 192 185
50 39 55 39
154 242 159 242
135 174 136 176
210 0 211 2
141 191 146 191
13 289 14 291
345 325 350 325
176 326 177 328
108 192 109 194
340 255 341 257
282 72 283 73
334 87 335 89
51 308 52 310
283 155 283 160
135 32 137 33
102 97 107 97
210 127 211 129
335 34 340 34
258 323 260 324
140 107 144 107
82 127 87 127
353 85 354 86
240 83 245 83
161 192 161 197
280 132 280 137
56 299 57 301
329 298 330 300
22 261 23 263
246 170 247 172
72 219 73 221
233 258 238 258
360 246 362 247
29 96 34 96
5 248 5 253
168 170 169 171
182 217 187 217
347 190 349 191
105 241 107 242
344 304 349 304
362 58 367 58
212 137 214 138
47 254 47 259
326 225 331 225
245 198 250 198
337 275 342 275
266 313 267 315
289 150 289 155
255 67 255 72
215 40 217 41
229 36 234 36
119 54 120 56
119 31 119 36
38 318 40 319
315 27 316 29
186 40 187 42
101 83 102 85
87 262 88 264
77 81 82 81
77 123 82 123
144 231 145 233
270 213 271 215
364 129 365 131
150 80 152 81
240 64 242 65
116 293 121 293
52 184 53 186
240 299 245 299
150 127 152 128
183 99 188 99
142 192 147 192
218 137 220 138
120 283 125 283
282 327 283 329
281 37 286 37
306 293 307 295
212 156 215 156
328 81 329 83
92 144 93 146
209 62 214 62
171 70 176 70
292 60 294 61
71 148 71 153
172 276 173 278
222 111 227 111
352 21 357 21
290 333 295 333
162 113 167 113
93 113 98 113
23 30 28 30
132 32 134 33
30 165 31 167
354 88 355 90
122 178 124 179
83 45 85 46
136 134 141 134
142 57 143 59
305 92 306 94
115 182 116 184
192 202 197 202
348 83 348 88
35 224 35 229
39 327 44 327
273 279 274 281
236 236 237 238
208 118 210 119
240 281 242 282
139 269 144 269
287 67 292 67
310 299 315 299
207 334 209 335
268 267 270 268
130 35 135 35
129 63 134 63
141 325 142 327
160 219 160 224
154 91 159 91
171 69 176 69
172 248 174 249
147 105 151 105
165 36 170 36
89 253 92 253
205 272 206 274
317 190 319 191
25 300 26 302
279 300 284 300
35 263 40 263
96 50 97 52
290 219 290 224
336 290 340 290
89 293 94 293
282 29 284 30
150 110 155 110
213 147 213 152
3 318 8 318
141 241 143 242
98 264 103 264
344 133 349 133
199 29 200 31
366 191 371 191
118 163 123 163
56 91 57 93
351 119 352 121
312 288 314 289
68 252 73 252
331 248 333 249
324 234 325 235
328 145 333 145
255 132 256 134
324 177 325 179
151 53 152 55
289 196 289 201
253 46 258 46
79 158 81 159
199 320 200 322
353 18 354 20
28 45 29 47
133 317 134 319
367 279 367 284
96 315 97 317
246 27 251 27
12 226 14 227
186 86 187 88
114 278 119 278
245 251 250 251
362 271 363 273
157 323 158 325
71 132 71 137
277 110 282 110
207 240 212 240
208 82 210 83
99 333 104 333
271 8 276 8
62 123 63 125
42 111 47 111
346 179 348 180
364 65 364 70
298 317 298 322
265 73 269 73
298 49 300 50
288 285 293 285
373 8 374 10
321 27 322 29
299 216 304 216
50 108 51 110
236 279 238 280
106 44 107 46
110 201 110 206
229 302 234 302
179 75 184 75
347 2 349 3
38 51 39 53
97 274 99 275
156 234 161 234
119 44 119 49
285 140 286 142
126 114 126 119
155 220 159 220
247 126 247 131
216 288 216 293
330 20 335 20
225 70 230 70
298 261 299 263
160 333 165 333
261 137 262 139
167 264 172 264
231 109 236 109
94 86 94 91
367 85 372 85
4 115 8 115
133 8 138 8
197 75 199 76
97 85 99 86
147 109 149 110
1 107 1 111
303 28 304 30
161 13 162 15
305 99 306 101
139 179 139 182
314 44 315 46
300 27 302 28
227 82 232 82
186 83 187 85
67 279 68 281
109 227 110 229
148 134 153 134
278 197 280 198
9 238 14 238
28 256 30 257
39 203 40 204
275 275 280 275
175 43 176 45
153 247 158 247
283 275 285 276
198 53 203 53
364 154 364 159
116 10 118 11
322 84 324 85
40 79 42 80
291 0 293 1
195 259 200 259
262 329 267 329
307 149 309 150
30 216 35 216
324 312 326 313
91 230 93 231
241 89 242 91
29 30 29 34
242 62 246 62
150 197 152 198
137 243 142 243
290 196 290 201
198 164 200 165
164 294 167 294
65 54 70 54
355 107 357 108
199 151 204 151
194 159 195 161
12 252 12 257
249 188 249 193
45 218 50 218
287 305 289 306
217 208 221 208
350 83 350 88
74 255 79 255
234 127 236 128
234 111 234 116
272 156 273 158
142 232 143 234
60 51 61 53
136 199 141 199
271 203 276 203
162 151 163 153
75 291 76 293
347 258 349 259
332 193 333 195
169 187 173 187
42 32 45 32
74 158 75 160
270 16 275 16
136 89 141 89
14 318 14 323
203 9 207 9
300 140 301 142
314 121 319 121
87 167 92 167
282 146 282 151
331 76 332 78
29 288 34 288
350 190 352 191
202 171 203 173
62 223 67 223
25 169 30 169
350 176 353 176
47 260 49 261
370 312 371 314
368 141 369 143
305 182 306 184
145 125 147 126
292 69 293 71
202 74 204 75
117 123 119 124
63 94 65 95
258 310 263 310
177 330 178 332
177 199 182 199
186 93 188 94
234 208 239 208
52 8 52 13
160 232 165 232
317 214 319 215
62 76 62 79
17 7 19 8
164 230 168 230
304 178 306 179
180 263 182 264
214 286 216 287
289 231 294 231
227 200 232 200
260 37 265 37
176 320 176 325
54 185 56 186
17 46 18 48
188 14 188 19
326 234 331 234
348 184 350 185
277 278 278 280
40 45 40 50
123 196 124 198
35 79 37 80
270 330 274 330
61 280 63 281
321 143 322 145
114 301 119 301
25 187 30 187
160 263 162 264
17 274 19 275
320 228 322 229
309 125 311 126
8 176 9 178
22 2 22 7
11 305 16 305
334 284 339 284
268 129 270 130
285 232 286 234
81 300 86 300
290 108 291 109
338 81 338 86
272 138 277 138
42 312 47 312
295 48 300 48
343 228 344 230
8 296 13 296
85 325 90 325
265 11 270 11
248 75 250 76
206 96 208 97
295 261 296 263
308 116 310 117
290 320 295 320
335 245 337 246
351 297 353 298
96 0 97 2
112 192 113 194
112 213 113 215
27 104 32 104
69 69 73 69
296 0 296 5
310 3 311 5
277 186 282 186
190 239 192 240
338 156 343 156
312 81 313 83
342 73 343 75
214 207 219 207
169 73 174 73
224 32 229 32
245 225 250 225
283 193 284 195
186 37 187 39
306 245 311 245
31 26 31 31
91 8 96 8
282 298 284 299
172 51 175 51
19 20 20 22
178 272 179 274
208 145 210 146
72 109 73 111
160 68 161 70
239 68 244 68
182 251 184 252
245 96 250 96
342 181 344 182
189 39 190 41
209 63 214 63
54 184 59 184
244 67 249 67
19 241 20 243
270 39 272 40
371 176 373 177
345 256 347 257
135 57 135 61
101 178 103 179
19 171 24 171
320 5 322 6
374 53 374 57
187 165 189 166
139 136 144 136
322 284 327 284
238 13 238 18
94 122 99 122
340 268 341 270
282 139 287 139
100 32 100 37
258 255 261 255
304 155 309 155
136 223 141 223
109 81 109 86
59 143 60 145
248 103 253 103
285 317 286 319
66 68 71 68
94 76 95 78
27 206 27 211
165 330 166 332
336 79 336 84
177 36 180 36
120 221 121 223
87 112 88 114
268 93 273 93
331 94 335 94
241 84 246 84
211 101 216 101
193 77 198 77
277 96 281 96
160 88 162 89
105 243 108 243
20 205 22 206
356 147 361 147
16 208 18 209
318 92 323 92
212 30 212 35
159 233 164 233
29 95 34 95
66 224 67 225
320 108 322 109
304 227 307 227
49 7 54 7
287 0 287 4
241 235 241 240
79 267 79 272
207 294 208 296
350 255 351 257
351 114 353 115
328 316 330 317
11 297 12 299
197 16 198 18
266 259 267 261
215 18 216 20
345 194 350 194
320 65 321 67
250 104 251 106
191 10 196 10
298 280 300 281
29 105 34 105
304 181 309 181
27 215 32 215
87 246 88 248
373 179 373 184
166 129 167 131
82 124 83 126
93 79 95 80
157 243 158 245
200 127 205 127
144 36 144 41
321 169 326 169
124 176 126 177
302 96 304 97
366 311 371 311
323 285 324 287
299 241 304 241
190 171 191 173
91 30 96 30
28 304 33 304
96 13 97 14
354 196 356 197
51 117 53 118
117 247 118 249
127 204 129 205
12 193 17 193
255 246 260 246
112 209 117 209
121 199 123 200
223 190 225 191
181 166 183 167
20 323 22 324
237 69 242 69
41 61 42 63
201 152 202 153
207 2 208 4
18 193 23 193
117 63 122 63
67 211 72 211
276 184 278 185
205 185 207 186
225 305 226 307
361 30 363 31
71 288 73 289
341 272 343 273
74 109 75 111
305 212 307 213
72 113 74 114
37 270 42 270
171 177 176 177
297 311 297 316
100 183 102 184
21 289 22 291
73 284 78 284
149 299 154 299
277 129 279 130
104 278 105 279
261 101 266 101
59 31 59 36
188 226 190 227
111 221 116 221
174 204 179 204
142 244 147 244
348 312 348 317
51 251 51 256
7 23 8 25
293 212 294 214
221 151 222 153
369 164 371 165
168 149 173 149
268 21 273 21
99 173 100 175
117 80 119 81
96 57 100 57
179 105 184 105
187 156 189 157
173 189 175 190
337 0 337 5
327 267 332 267
65 42 70 42
42 242 44 243
239 132 239 137
244 207 249 207
60 27 65 27
92 222 92 227
15 78 15 83
317 108 319 109
364 52 365 54
29 162 29 167
304 48 306 49
74 229 74 234
278 205 280 206
363 32 368 32
287 259 287 264
145 325 145 330
101 32 101 37
238 111 240 112
326 98 331 98
194 12 196 13
189 83 189 88
277 7 279 8
368 323 373 323
257 40 262 40
328 196 329 198
355 207 356 209
365 68 366 70
59 156 61 157
162 200 167 200
257 135 261 135
82 261 87 261
164 182 164 187
110 73 112 74
96 238 101 238
24 285 25 287
288 62 293 62
15 289 16 291
101 139 103 140
342 9 342 14
50 260 52 261
170 256 170 261
8 32 9 34
56 102 61 102
345 261 346 263
111 120 113 121
166 152 171 152
217 26 222 26
110 246 112 247
46 72 48 73
196 115 201 115
49 36 54 36
265 295 270 295
83 195 84 197
144 155 149 155
325 52 325 57
28 50 28 55
126 120 130 120
25 95 26 97
197 183 198 185
314 271 319 271
19 64 23 64
247 285 252 285
243 162 248 162
156 262 157 264
23 59 28 59
227 298 228 300
263 126 264 128
357 196 362 196
122 158 127 158
304 171 309 171
348 231 353 231
51 68 56 68
328 284 333 284
28 120 33 120
222 41 227 41
210 259 215 259
226 266 230 266
303 82 308 82
173 20 178 20
265 278 266 280
88 55 93 55
256 67 256 72
48 158 53 158
298 45 302 45
50 320 52 321
245 298 250 298
85 108 87 109
34 14 36 15
107 328 112 328
145 273 147 274
8 149 13 149
129 184 134 184
109 201 109 206
202 49 204 50
255 88 257 89
202 28 203 30
189 286 194 286
210 256 211 258
342 129 347 129
213 171 215 172
160 273 161 275
36 21 41 21
211 208 216 208
261 126 262 127
45 98 47 99
196 145 198 146
87 209 87 214
38 59 40 60
323 62 324 64
10 174 12 175
156 172 156 177
368 126 372 126
296 280 297 282
150 86 152 87
196 298 200 298
49 230 51 231
300 315 300 320
109 313 110 315
101 290 102 292
206 74 211 74
122 91 122 95
190 110 192 111
156 232 158 233
113 171 118 171
162 74 167 74
64 127 64 132
121 317 122 319
47 314 47 319
246 178 251 178
300 167 305 167
315 147 316 149
274 17 275 19
292 117 293 119
294 309 295 311
26 274 27 276
353 280 354 282
162 157 164 158
239 298 244 298
181 76 181 81
329 97 334 97
129 284 130 286
302 251 302 256
332 272 334 273
345 190 346 192
355 143 356 145
6 113 11 113
309 229 309 234
342 27 347 27
48 230 48 235
301 104 303 105
21 333 23 334
202 112 205 112
170 54 175 54
349 182 351 183
142 271 143 273
164 70 169 70
241 302 241 307
33 116 34 118
27 116 32 116
289 63 291 64
164 114 164 119
238 0 239 2
355 284 357 285
179 184 180 186
210 4 210 9
6 333 8 334
107 123 109 124
157 214 162 214
297 138 299 139
206 248 208 249
177 156 178 158
184 35 184 40
137 333 139 334
187 103 187 108
189 236 190 238
88 109 93 109
33 223 38 223
210 87 215 87
196 317 197 319
182 120 184 121
186 229 188 230
126 323 131 323
196 136 197 138
208 324 209 326
282 117 283 119
238 10 239 12
123 8 123 13
257 137 258 139
24 221 29 221
183 333 185 334
259 41 260 43
13 78 14 80
20 255 25 255
82 33 82 37
235 87 240 87
220 51 222 52
288 53 289 55
230 168 232 169
333 312 335 313
300 24 301 26
67 30 68 32
252 50 257 50
75 177 75 182
103 8 107 8
372 94 373 96
332 98 332 103
332 160 334 161
71 298 76 298
36 57 38 58
82 50 84 51
205 297 207 298
240 253 243 253
165 134 166 136
365 20 369 20
75 104 80 104
165 23 166 25
153 7 153 12
183 52 184 54
272 319 274 320
289 114 290 116
0 285 1 287
7 174 9 175
34 133 34 138
243 250 248 250
130 2 130 7
317 235 318 237
282 28 287 28
123 180 124 182
170 299 171 301
327 165 329 166
208 5 208 10
59 280 60 282
73 35 75 36
60 31 60 36
38 294 39 296
136 300 137 302
308 218 310 219
36 42 38 43
228 74 233 74
0 64 0 69
333 204 335 205
179 318 180 320
175 110 175 115
103 46 105 47
30 221 35 221
372 72 374 73
110 38 110 43
311 319 313 320
10 188 15 188
251 142 251 147
360 327 361 329
314 211 315 213
184 83 184 88
176 240 180 240
149 275 154 275
144 91 146 92
49 263 50 265
346 327 347 329
46 123 48 124
17 320 18 322
71 290 73 291
265 156 270 156
89 48 91 49
342 295 342 300
373 172 374 173
268 320 269 321
167 280 172 280
241 191 244 191
241 146 241 151
24 191 29 191
29 209 30 211
289 122 290 124
38 115 43 115
245 200 250 200
250 220 253 220
108 167 108 172
62 112 67 112
178 333 179 335
157 37 162 37
78 113 80 114
293 322 293 327
153 80 155 81
0 142 1 144
231 114 231 119
19 26 21 27
265 105 265 109
151 282 154 282
361 73 366 73
318 54 318 59
3 131 3 136
149 274 154 274
197 166 198 168
256 214 258 215
339 4 341 5
322 9 323 11
320 9 321 11
83 211 84 213
350 107 352 108
67 212 72 212
81 59 86 59
152 107 153 109
295 142 295 146
81 218 86 218
16 87 21 87
254 297 256 298
233 62 235 63
202 188 204 189
360 252 365 252
147 213 152 213
94 244 95 246
238 182 238 187
298 181 303 181
330 59 331 61
86 255 91 255
225 194 226 196
80 152 85 152
297 275 299 276
292 219 293 221
72 217 77 217
371 205 371 210
120 190 122 191
145 121 146 123
106 225 108 226
21 281 26 281
23 18 24 20
329 37 334 37
320 208 320 213
310 82 310 87
120 192 125 192
325 185 326 187
371 92 373 93
258 18 259 20
221 192 223 193
278 83 283 83
175 14 177 15
8 184 13 184
176 244 176 249
257 222 259 223
111 244 113 245
199 133 204 133
357 276 359 277
173 214 178 214
55 238 56 240
219 6 220 8
304 315 304 319
202 299 203 301
43 325 45 326
254 40 256 41
109 239 114 239
114 6 115 8
265 13 270 13
168 51 169 53
278 252 283 252
175 259 177 260
3 264 3 269
27 307 28 309
176 63 177 65
271 66 271 69
33 231 34 233
191 11 196 11
96 53 98 54
207 148 208 150
299 43 304 43
168 56 173 56
65 230 65 235
5 183 7 184
160 105 161 107
43 292 48 292
242 148 243 150
153 57 157 57
123 43 123 48
207 256 209 257
142 101 147 101
135 49 140 49
33 97 34 99
191 84 191 89
268 49 269 51
256 59 260 59
280 123 283 123
230 32 231 34
93 32 94 34
164 277 169 277
128 78 133 78
138 68 143 68
327 224 331 224
58 0 59 2
355 234 360 234
103 53 108 53
9 297 10 299
56 311 61 311
347 326 352 326
338 182 339 184
4 151 5 153
133 55 138 55
368 206 368 211
144 241 145 243
181 160 183 161
330 142 331 144
190 78 191 80
225 238 227 239
280 78 281 80
24 69 24 74
89 241 90 243
295 278 300 278
47 40 52 40
68 41 73 41
322 67 327 67
150 225 150 229
246 312 247 314
132 140 132 145
115 176 120 176
85 215 87 216
291 206 296 206
47 161 49 162
312 122 314 123
124 111 129 111
191 134 193 135
271 279 272 281
201 15 201 19
21 75 24 75
371 10 371 14
122 0 127 0
74 41 76 42
75 113 77 114
314 171 315 173
152 83 157 83
143 312 148 312
77 154 82 154
263 282 268 282
263 274 264 276
110 167 110 172
330 49 330 54
229 234 234 234
195 152 200 152
359 301 363 301
94 6 99 6
267 262 268 264
144 234 149 234
331 133 332 135
268 213 269 215
81 60 83 61
165 108 170 108
57 20 62 20
40 293 41 295
361 151 366 151
338 213 343 213
234 193 239 193
214 153 215 155
38 140 38 145
144 237 146 238
76 79 81 79
357 190 358 192
280 31 285 31
41 280 46 280
71 253 71 258
15 25 20 25
55 160 60 160
60 324 65 324
271 248 271 253
312 180 313 182
235 188 237 189
298 120 303 120
216 172 221 172
129 109 134 109
139 69 139 74
335 85 337 86
192 182 197 182
176 146 177 148
144 288 146 289
34 213 36 214
270 101 272 102
296 271 298 272
216 236 216 239
264 316 269 316
139 245 140 247
179 88 180 90
34 5 36 6
38 23 40 24
350 99 355 99
281 161 283 162
150 74 155 74
324 195 329 195
41 40 46 40
190 157 195 157
32 249 34 250
64 51 65 53
256 175 261 175
183 245 185 246
285 189 290 189
200 200 205 200
38 41 43 41
131 56 136 56
14 146 16 147
113 187 114 189
51 143 56 143
322 159 322 164
299 96 301 97
206 32 206 37
313 28 314 30
173 152 174 154
70 253 70 258
327 18 328 20
353 106 354 108
195 169 197 170
206 141 211 141
200 113 202 114
290 258 290 263
81 90 82 92
142 281 147 281
182 50 187 50
236 268 241 268
355 123 356 125
343 303 348 303
262 258 267 258
332 203 337 203
23 225 28 225
96 280 97 282
28 180 33 180
65 203 66 205
317 262 318 264
49 276 49 281
30 317 35 317
285 159 287 160
169 88 169 93
163 212 167 212
172 272 173 274
62 127 62 132
261 244 261 249
323 261 328 261
360 207 360 212
188 228 193 228
215 273 220 273
238 321 240 322
114 146 115 148
311 116 312 118
247 335 252 335
323 180 324 182
369 39 374 39
245 188 246 190
249 126 249 131
113 165 113 170
306 243 308 244
14 145 19 145
140 235 145 235
207 37 212 37
32 115 37 115
328 205 330 206
142 89 147 89
235 174 238 174
86 104 89 104
43 4 44 6
130 149 131 150
209 13 210 15
273 3 274 5
311 247 312 249
340 164 345 164
125 56 130 56
283 286 285 287
364 71 369 71
119 16 120 18
348 276 350 277
45 193 46 195
256 193 261 193
123 151 125 152
312 11 313 13
339 35 340 37
312 211 313 213
346 189 351 189
170 105 171 106
275 195 276 196
165 172 170 172
229 299 234 299
38 146 43 146
51 114 54 114
62 287 64 288
237 73 238 75
198 112 199 114
13 209 15 210
309 282 311 283
54 78 59 78
27 249 28 251
61 144 63 145
351 251 353 252
282 285 287 285
318 95 320 96
7 112 12 112
50 86 55 86
17 88 19 89
75 300 75 305
316 5 317 7
150 84 155 84
311 226 311 231
159 115 159 120
3 174 3 179
59 268 64 268
31 0 31 5
31 333 32 335
199 125 199 130
132 94 137 94
71 188 71 193
367 65 367 70
79 107 80 109
139 140 144 140
370 74 370 79
197 303 198 305
146 315 147 317
218 168 220 169
155 5 160 5
46 150 47 152
259 137 260 139
228 56 233 56
259 125 260 127
191 273 196 273
259 285 264 285
181 122 183 123
55 18 57 19
150 216 155 216
232 186 232 191
308 10 313 10
170 277 171 279
328 69 329 71
163 299 163 302
186 202 191 202
65 116 67 117
270 107 275 107
241 289 246 289
237 252 242 252
137 122 138 124
205 145 207 146
353 249 358 249
224 162 225 164
56 159 61 159
54 98 56 99
280 25 285 25
354 115 359 115
359 228 360 230
0 28 0 33
117 271 118 273
13 190 15 191
26 163 26 168
107 16 108 18
41 288 42 290
233 294 235 295
303 79 304 81
110 33 111 35
310 293 311 295
17 59 22 59
124 288 126 289
76 254 81 254
100 322 101 324
361 309 363 310
0 209 0 214
272 242 272 247
17 309 22 309
300 161 305 161
117 182 118 184
25 134 25 139
24 217 26 218
124 155 125 157
248 40 250 41
170 169 171 171
176 272 176 277
5 46 10 46
340 297 340 302
126 168 128 169
279 234 284 234
330 165 332 166
168 283 169 285
183 304 185 305
92 147 94 148
205 147 210 147
234 129 239 129
288 271 289 273
131 99 133 100
222 43 223 45
82 254 87 254
357 235 362 235
154 329 155 331
161 257 163 258
22 311 22 316
1 83 1 88
160 115 161 117
73 214 78 214
353 190 354 192
194 213 195 215
26 244 27 246
52 69 53 71
85 129 85 134
22 331 24 332
200 24 205 24
275 323 276 325
112 284 114 285
110 148 111 150
257 35 262 35
237 85 242 85
173 155 178 155
175 241 176 243
52 34 54 35
186 304 188 305
363 18 364 20
155 282 157 283
157 227 158 229
167 4 167 9
333 137 338 137
112 182 114 183
21 108 23 109
245 321 246 323
142 111 147 111
46 231 46 234
278 69 283 69
8 0 13 0
105 173 106 175
152 92 157 92
243 89 244 91
3 302 5 303
81 139 82 141
302 315 302 320
285 259 285 264
332 314 334 315
374 176 374 181
194 106 195 108
167 258 167 263
130 140 131 142
53 88 54 90
0 124 0 129
24 196 26 197
241 66 243 67
23 290 25 291
145 245 147 246
203 194 207 194
265 264 266 266
97 186 102 186
339 17 344 17
201 39 202 41
303 236 304 238
351 184 352 185
291 317 292 319
109 268 114 268
197 153 198 155
149 334 154 334
207 127 209 128
12 189 17 189
135 218 140 218
76 215 78 216
91 228 96 228
32 4 33 6
175 150 176 152
173 167 175 168
193 316 193 321
335 79 335 84
85 211 86 213
220 118 222 119
31 78 36 78
151 323 151 328
66 283 68 284
47 146 52 146
211 31 211 35
117 333 122 333
61 183 66 183
271 310 271 315
156 110 161 110
261 65 266 65
213 111 215 112
148 114 153 114
263 317 268 317
111 53 111 58
243 311 244 313
1 59 1 64
262 247 263 249
25 75 30 75
333 43 334 45
48 189 49 191
149 29 149 34
63 279 66 279
45 256 46 258
361 6 363 7
269 278 270 280
319 256 321 257
319 270 324 270
34 311 35 313
223 97 224 99
215 3 215 8
84 25 86 26
281 155 281 160
230 55 235 55
104 247 106 248
291 5 291 10
290 2 291 4
354 114 359 114
117 243 121 243
254 90 256 91
67 236 69 237
286 254 291 254
359 268 364 268
36 149 37 151
265 28 265 32
49 238 54 238
16 330 17 332
33 224 33 229
113 181 118 181
355 240 356 242
151 60 153 61
173 126 178 126
123 98 124 100
333 47 334 49
191 236 192 238
211 235 216 235
170 51 171 53
24 274 25 276
195 153 196 155
209 241 209 246
353 301 355 302
340 228 342 229
183 35 183 40
357 157 357 162
37 77 42 77
142 143 142 148
49 288 50 290
339 137 344 137
193 325 194 327
15 264 17 265
326 106 331 106
323 143 323 147
60 106 65 106
373 291 374 292
9 132 14 132
148 239 153 239
56 41 61 41
333 50 338 50
107 38 107 43
263 287 265 288
58 261 63 261
61 133 62 135
317 115 319 116
292 108 294 109
346 26 350 26
131 113 131 118
28 177 30 178
127 176 128 178
55 291 60 291
165 323 170 323
318 93 323 93
108 207 108 212
130 134 135 134
130 305 131 307
293 32 298 32
366 21 367 23
99 253 100 255
121 127 126 127
244 21 249 21
304 296 306 297
197 32 202 32
183 278 184 279
114 173 118 173
320 18 322 19
116 82 118 83
194 264 199 264
107 187 108 189
109 51 114 51
325 58 327 59
125 53 126 55
283 247 285 248
298 235 303 235
149 4 151 5
22 141 27 141
89 274 94 274
348 173 349 175
197 11 198 13
89 20 91 21
141 93 142 95
12 148 17 148
278 53 279 55
313 99 314 101
1 65 1 70
283 140 284 142
99 138 100 140
253 9 255 10
299 149 304 149
329 76 330 78
175 84 180 84
111 292 114 292
260 190 265 190
184 165 186 166
30 152 32 153
359 52 359 55
21 196 23 197
347 261 348 263
15 202 20 202
101 253 102 255
74 45 76 46
261 45 261 50
186 52 187 54
46 31 48 32
283 216 284 218
316 232 318 233
321 8 326 8
271 271 272 273
322 251 327 251
278 171 279 173
81 98 83 99
327 327 329 328
332 140 333 142
276 73 281 73
77 129 79 130
117 143 119 144
213 18 214 20
23 111 24 113
154 163 159 163
290 111 291 113
256 292 261 292
136 40 137 42
61 72 61 77
39 149 44 149
185 195 190 195
350 113 355 113
266 297 266 302
270 242 271 244
53 74 54 76
218 117 222 117
156 161 160 161
122 287 123 289
315 225 315 230
103 155 108 155
300 327 302 328
257 201 262 201
233 249 235 250
304 326 307 326
224 43 225 45
253 316 257 316
277 34 281 34
199 156 201 157
262 250 267 250
283 27 288 27
13 299 18 299
27 73 32 73
30 287 35 287
61 55 66 55
280 26 285 26
69 279 71 280
141 245 142 247
226 90 231 90
277 152 279 153
31 230 36 230
34 154 39 154
132 155 137 155
27 258 29 259
161 75 166 75
327 312 332 312
302 119 306 119
85 12 87 13
93 312 94 314
27 216 29 217
222 286 222 291
286 221 286 226
190 299 191 301
289 25 290 27
205 100 206 102
121 66 126 66
344 245 349 245
28 56 29 58
79 211 79 216
137 159 139 160
80 173 85 173
247 56 248 58
165 31 166 33
282 295 283 297
72 23 77 23
274 274 279 274
206 13 206 18
153 162 158 162
145 291 147 292
0 264 1 266
313 84 314 86
169 229 171 230
243 142 245 143
6 228 7 230
265 293 267 294
113 269 118 269
173 66 174 68
223 298 224 300
110 273 112 274
146 241 147 243
277 258 279 259
64 306 64 311
52 108 53 110
246 75 246 80
338 155 343 155
111 206 111 211
172 15 174 16
95 157 95 162
81 322 83 323
185 43 190 43
333 291 335 292
71 206 72 208
355 155 357 156
205 47 207 48
58 147 58 152
368 74 368 79
302 261 303 263
263 266 264 268
6 139 11 139
265 274 266 276
372 63 372 67
330 105 335 105
163 307 167 307
284 121 289 121
284 292 287 292
373 40 373 43
291 122 292 124
186 237 188 238
78 16 83 16
77 1 82 1
16 190 18 191
93 17 98 17
213 288 214 290
38 104 43 104
153 94 155 95
307 151 311 151
158 31 158 36
89 81 90 83
245 279 247 280
194 24 199 24
165 143 167 144
111 267 116 267
306 288 311 288
175 71 180 71
169 0 169 5
69 47 71 48
74 252 75 254
349 162 354 162
365 318 370 318
284 32 286 33
283 0 284 2
183 150 184 151
100 176 102 177
84 29 85 31
279 308 279 313
158 86 163 86
79 300 80 302
284 295 289 295
27 333 28 335
61 233 62 235
321 147 322 149
222 235 223 237
80 288 81 290
87 169 92 169
362 316 367 316
228 11 229 12
65 109 67 110
332 146 334 147
323 18 324 19
337 300 338 302
155 7 156 9
210 253 215 253
169 164 174 164
329 46 334 46
65 320 67 321
135 313 137 314
219 133 222 133
247 63 248 65
270 27 271 29
348 232 350 233
118 29 123 29
335 74 336 76
348 241 350 242
121 249 126 249
168 243 168 248
165 191 165 196
346 68 351 68
271 110 276 110
373 63 374 65
315 286 316 288
127 195 129 196
187 242 188 244
19 299 20 301
234 270 236 271
146 328 146 333
352 243 353 245
336 77 338 78
139 299 139 304
189 206 194 206
165 269 170 269
99 9 101 10
262 259 263 261
204 58 209 58
244 77 244 82
45 88 45 93
345 125 346 127
253 279 254 281
293 114 294 116
328 251 333 251
360 81 365 81
221 235 221 240
36 145 37 147
28 26 29 28
168 250 168 255
148 322 153 322
306 285 311 285
325 259 327 260
286 267 286 272
121 256 126 256
299 58 299 63
299 83 301 84
177 255 182 255
302 106 307 106
306 51 311 51
105 123 106 125
188 69 188 74
316 281 321 281
262 331 267 331
60 332 62 333
365 217 370 217
165 104 170 104
309 11 311 12
99 147 100 149
89 213 91 214
369 125 374 125
283 196 285 197
262 129 267 129
357 172 358 173
68 6 70 7
358 8 363 8
35 118 38 118
272 192 277 192
232 115 233 117
10 282 10 287
208 92 211 92
266 227 269 227
234 73 236 74
121 57 126 57
313 177 315 178
67 285 72 285
312 226 312 231
85 77 87 78
84 330 86 331
172 81 174 82
140 40 142 41
17 116 18 118
315 2 320 2
143 85 148 85
133 288 135 289
269 157 269 161
171 194 176 194
197 177 199 178
126 283 131 283
14 195 14 200
170 272 171 274
313 95 317 95
72 76 77 76
226 118 228 119
272 159 277 159
24 295 25 297
142 51 147 51
195 314 200 314
269 64 274 64
32 14 33 16
345 291 345 296
355 282 356 283
360 0 361 2
139 97 141 98
204 45 209 45
40 304 41 306
126 8 127 10
66 173 71 173
163 284 165 285
113 4 115 5
40 25 45 25
54 327 55 328
279 238 284 238
119 128 124 128
263 30 264 32
13 171 18 171
317 87 320 87
109 167 109 172
248 44 248 49
94 111 96 112
92 83 94 84
298 284 303 284
220 143 224 143
275 222 277 223
266 10 271 10
99 325 101 326
12 236 14 237
291 225 293 226
174 39 175 41
342 44 344 45
38 121 43 121
61 282 64 282
57 79 58 81
150 132 155 132
282 208 287 208
113 224 114 226
357 12 358 14
172 326 173 328
50 115 55 115
329 254 334 254
121 285 123 286
261 132 262 134
11 1 16 1
5 162 8 162
1 41 2 43
69 287 74 287
143 277 145 278
251 293 256 293
195 313 200 313
38 139 42 139
336 158 341 158
4 74 5 76
261 217 266 217
20 282 22 283
136 138 138 139
238 132 238 137
95 117 96 119
277 3 278 5
171 36 176 36
44 254 46 255
303 182 304 184
231 278 232 280
317 177 317 182
61 284 63 285
246 22 251 22
23 143 24 145
280 286 282 287
243 144 248 144
161 140 164 140
220 17 220 22
240 9 240 13
188 167 188 172
308 204 313 204
28 144 30 145
350 304 351 306
83 5 88 5
40 43 45 43
98 244 103 244
325 44 326 46
26 26 27 28
297 122 298 124
329 261 334 261
349 292 350 294
288 307 290 308
101 147 103 148
243 275 248 275
336 193 338 194
373 259 374 260
323 163 325 164
289 267 290 269
336 327 337 328
178 127 180 128
58 120 63 120
149 20 151 21
87 64 88 66
3 61 8 61
193 254 194 256
334 81 334 86
23 98 25 99
226 162 227 164
342 105 343 107
151 225 151 229
338 178 343 178
366 215 371 215
308 184 313 184
96 251 101 251
310 226 310 231
24 172 26 173
153 326 158 326
107 22 112 22
347 160 352 160
186 78 187 80
124 130 129 130
274 200 276 201
116 139 121 139
163 173 168 173
192 274 193 276
245 91 250 91
288 225 290 226
49 45 49 50
98 302 99 304
122 148 123 150
365 326 367 327
153 98 154 100
39 223 39 228
319 316 321 317
132 244 133 246
258 128 259 130
66 102 71 102
104 311 105 312
179 207 181 208
235 110 236 112
331 124 332 126
296 24 298 25
295 163 297 164
272 190 277 190
106 91 107 93
225 267 226 269
236 205 238 206
328 59 329 61
170 127 171 129
160 102 161 104
290 203 291 205
297 185 299 186
169 10 170 12
345 274 348 274
44 274 44 279
182 92 187 92
7 116 12 116
158 172 158 177
133 43 134 45
141 279 146 279
15 251 16 253
9 277 9 282
178 146 180 147
359 280 359 285
280 15 281 17
102 251 107 251
160 127 162 128
187 10 188 12
165 233 170 233
298 234 303 234
12 156 17 156
62 38 63 39
241 254 242 256
317 275 322 275
110 0 115 0
50 299 50 304
264 335 269 335
200 81 205 81
77 244 79 245
70 186 75 186
100 150 100 154
310 16 312 17
221 57 226 57
178 112 179 114
133 237 134 239
169 113 169 118
117 317 118 319
274 134 279 134
123 317 124 319
23 105 28 105
94 230 95 232
62 140 63 142
290 90 291 91
247 197 252 197
235 59 236 61
293 24 295 25
222 310 227 310
21 264 22 265
177 43 178 45
77 176 82 176
79 249 80 251
2 113 4 114
296 239 301 239
310 7 312 8
92 291 94 292
237 107 237 112
340 293 342 294
7 216 8 218
84 187 89 187
168 273 169 275
117 59 118 61
222 134 222 139
148 1 150 2
372 278 373 280
326 196 327 198
268 261 273 261
143 15 144 17
32 3 37 3
346 224 347 226
258 287 262 287
315 59 317 60
234 281 239 281
164 25 164 30
36 55 38 56
137 297 138 299
331 122 334 122
284 155 284 160
60 217 65 217
41 66 43 67
127 180 132 180
224 79 226 80
26 12 30 12
313 208 314 210
163 139 167 139
39 241 44 241
72 11 74 12
7 265 7 270
325 279 327 280
198 169 200 170
71 322 73 323
336 35 338 36
56 82 57 84
96 145 101 145
309 59 311 60
148 231 149 233
259 289 264 289
206 93 211 93
338 0 338 5
313 192 314 194
265 121 265 124
174 127 175 129
11 143 16 143
310 211 311 213
77 153 82 153
113 334 115 335
48 74 50 75
26 98 28 99
341 207 342 209
353 126 355 127
144 88 147 88
78 217 83 217
319 224 320 226
14 170 19 170
175 10 177 11
134 244 135 246
0 237 1 239
265 281 270 281
6 81 11 81
49 154 54 154
176 127 177 129
314 3 315 5
82 106 87 106
143 193 144 195
27 68 29 69
98 74 99 76
202 162 202 166
32 45 33 47
203 113 205 114
330 168 335 168
39 117 41 118
276 122 281 122
245 111 250 111
264 284 269 284
347 37 347 41
29 212 30 214
165 246 166 248
40 229 40 234
134 10 136 11
327 226 328 228
82 211 82 216
281 193 282 195
58 136 60 137
197 68 199 69
154 25 154 30
84 283 89 283
254 318 254 323
318 266 320 267
344 104 345 106
347 114 347 119
289 261 289 266
342 174 343 176
167 85 172 85
76 180 77 182
119 269 124 269
236 294 238 295
34 120 39 120
340 51 345 51
205 255 210 255
296 320 296 325
238 108 239 110
60 166 65 166
265 251 266 253
351 213 356 213
307 95 312 95
21 335 26 335
151 253 151 258
165 199 170 199
90 22 92 23
126 102 128 103
270 161 275 161
209 100 210 102
113 241 114 243
361 3 362 5
52 18 54 19
192 136 192 141
165 293 170 293
284 235 285 237
93 229 98 229
365 270 370 270
112 146 113 148
181 318 182 320
374 283 374 287
157 26 162 26
241 59 242 61
341 247 345 247
12 242 14 243
348 285 349 287
144 331 145 333
18 292 19 294
308 39 313 39
21 172 23 173
230 205 235 205
79 133 81 134
107 275 112 275
183 83 183 88
24 15 29 15
223 51 225 52
323 103 328 103
36 221 41 221
189 140 191 141
58 91 59 93
90 290 91 292
248 19 250 20
338 185 340 186
206 21 206 26
187 14 187 19
77 211 78 213
0 46 0 51
249 142 249 147
210 241 210 246
180 265 185 265
356 224 357 226
323 224 323 229
181 248 186 248
318 65 318 70
124 4 126 5
127 53 128 55
84 256 89 256
157 101 162 101
55 72 55 77
60 37 63 37
95 128 97 129
290 47 295 47
335 180 336 181
115 317 116 318
313 128 318 128
36 224 36 229
6 28 9 28
199 315 204 315
12 145 13 147
76 158 78 159
42 75 44 76
149 312 154 312
359 220 364 220
163 170 164 172
205 251 206 253
253 278 258 278
2 29 2 34
95 305 95 310
95 37 97 38
30 244 32 245
82 157 83 159
321 185 322 187
192 243 192 248
167 28 168 30
374 261 374 266
361 265 362 267
249 69 249 74
28 311 28 316
303 257 304 259
313 247 314 249
176 237 177 239
370 58 371 60
10 62 12 63
208 229 213 229
283 224 283 229
227 262 229 263
37 11 37 16
156 84 161 84
84 144 85 146
72 148 72 153
132 224 137 224
172 127 173 129
87 62 89 63
371 179 371 184
157 172 157 177
307 6 312 6
346 24 348 25
31 11 33 12
177 312 177 317
4 57 5 59
321 224 322 226
248 163 250 164
130 138 135 138
3 88 4 90
338 9 340 10
127 295 127 300
180 143 182 144
81 241 82 243
314 235 316 236
202 156 202 161
299 182 300 184
323 271 325 272
167 69 170 69
50 147 52 148
99 310 100 312
161 316 161 321
176 54 180 54
88 254 92 254
5 173 6 175
47 332 48 334
118 284 123 284
81 258 86 258
17 310 22 310
323 315 328 315
4 101 4 106
15 204 20 204
187 95 188 97
331 311 336 311
247 123 252 123
191 69 191 74
370 259 370 264
158 25 163 25
363 265 364 267
191 158 196 158
368 194 369 196
229 110 234 110
69 203 74 203
79 50 81 51
18 264 20 265
321 312 323 313
19 249 24 249
55 105 56 107
15 262 17 263
14 311 15 313
150 335 155 335
30 320 35 320
139 240 144 240
59 158 64 158
301 66 301 71
367 163 368 165
213 242 214 244
24 133 29 133
206 60 211 60
90 41 90 46
142 183 147 183
47 214 52 214
41 55 42 57
202 145 204 146
258 178 263 178
66 65 71 65
5 78 6 80
287 195 292 195
236 0 236 5
154 305 154 310
339 33 344 33
352 65 357 65
256 203 261 203
34 45 34 50
57 181 58 183
263 108 263 113
142 113 143 115
151 98 152 100
75 223 77 224
196 84 196 89
163 101 163 106
351 234 354 234
112 111 114 112
330 136 332 137
20 314 21 316
178 72 179 73
48 111 53 111
179 125 184 125
53 192 58 192
119 187 121 188
43 183 48 183
114 175 119 175
75 11 77 12
17 196 18 198
2 159 2 164
53 79 54 81
321 198 323 199
92 323 97 323
150 59 155 59
232 235 237 235
64 102 65 104
50 30 55 30
72 98 73 100
209 137 211 138
374 310 374 313
362 134 367 134
353 73 355 74
301 143 303 144
212 218 212 223
85 142 87 143
2 121 4 122
203 57 208 57
7 276 12 276
340 11 340 16
23 123 28 123
155 235 157 236
202 244 207 244
92 18 97 18
114 213 115 215
346 164 351 164
294 30 299 30
149 225 149 230
35 101 40 101
119 92 119 97
238 170 239 172
29 103 32 103
230 59 232 60
129 191 134 191
336 117 341 117
302 193 307 193
138 222 143 222
136 50 137 52
141 323 143 324
309 112 314 112
262 297 263 299
129 121 130 123
202 251 204 252
205 310 206 312
344 224 345 226
196 130 196 135
264 54 269 54
82 160 87 160
76 58 81 58
323 247 324 249
124 19 125 21
16 119 21 119
73 108 78 108
238 202 239 204
181 236 186 236
263 144 264 146
25 163 25 168
335 43 335 47
222 212 224 213
175 58 180 58
113 190 115 191
218 301 223 301
352 262 352 267
147 138 149 139
307 197 312 197
115 39 115 42
72 283 77 283
68 51 69 53
46 18 48 19
9 137 14 137
243 277 247 277
328 42 330 43
147 115 148 117
316 39 316 44
11 98 13 99
351 177 352 179
122 187 123 188
125 303 129 303
102 9 103 11
156 112 157 114
175 12 180 12
325 264 326 266
343 186 345 187
76 91 80 91
206 78 208 79
146 118 150 118
173 234 173 239
194 302 194 307
323 114 323 119
350 308 355 308
11 248 13 249
24 92 26 93
244 157 246 158
340 8 345 8
324 20 324 25
219 125 224 125
109 71 114 71
122 82 123 84
243 240 248 240
192 78 193 80
202 115 203 117
49 326 54 326
309 78 310 80
271 129 273 130
84 204 88 204
90 16 95 16
356 231 358 232
2 48 3 50
299 122 300 124
281 90 283 91
247 138 252 138
82 169 86 169
151 16 152 18
288 2 289 4
216 171 221 171
83 249 84 251
72 240 73 242
139 110 141 111
146 147 151 147
177 130 182 130
364 309 366 310
254 103 255 105
316 118 318 119
160 181 161 183
72 224 72 229
167 302 172 302
269 108 271 109
150 91 151 93
214 118 216 119
45 316 45 321
145 269 147 270
45 122 50 122
268 152 269 154
38 100 42 100
79 126 81 127
145 208 150 208
89 318 91 319
108 141 108 146
91 296 96 296
173 207 175 208
24 226 24 231
105 40 105 45
159 56 160 58
24 261 25 263
336 51 337 53
75 231 75 234
47 107 52 107
111 92 116 92
75 297 80 297
238 241 240 242
341 287 344 287
77 148 81 148
310 9 315 9
72 106 75 106
42 152 42 157
169 28 170 30
225 91 227 92
294 312 295 314
342 179 343 180
23 164 23 169
198 258 203 258
225 298 226 300
355 267 360 267
8 225 8 230
277 187 279 188
332 130 333 132
185 251 187 252
212 285 213 287
302 239 304 240
124 2 126 3
3 227 3 232
264 53 269 53
266 169 268 170
231 335 236 335
98 1 101 1
346 206 351 206
17 90 22 90
279 3 280 5
248 104 249 106
232 255 234 256
279 193 280 195
207 13 208 15
350 72 350 75
270 200 272 201
148 144 150 145
178 253 183 253
303 159 308 159
251 135 256 135
97 310 98 312
136 28 137 30
114 52 114 57
311 332 316 332
261 296 266 296
363 34 365 35
149 284 150 286
75 105 80 105
278 253 283 253
265 46 266 48
182 44 187 44
31 131 36 131
192 168 192 173
306 210 308 211
25 150 25 155
71 224 71 229
203 181 208 181
248 151 253 151
171 196 176 196
283 88 285 89
61 236 63 237
34 35 36 36
47 43 49 44
21 45 22 47
58 130 59 132
249 279 250 281
114 245 119 245
360 198 365 198
283 63 285 64
372 314 374 315
291 262 293 263
142 230 147 230
353 57 355 58
21 298 22 300
133 325 134 327
170 79 175 79
303 112 308 112
235 332 236 334
250 127 251 129
82 137 87 137
185 190 186 192
207 64 209 65
109 72 114 72
232 119 237 119
327 310 332 310
93 267 94 269
236 66 237 68
188 306 188 311
223 126 228 126
177 121 178 123
130 301 131 303
43 74 47 74
280 227 281 229
153 62 154 64
70 226 70 231
350 210 351 212
214 222 216 223
111 317 112 319
251 190 251 195
362 255 364 256
21 211 21 216
45 215 50 215
44 184 45 186
23 200 25 201
19 35 21 36
221 140 226 140
10 219 11 221
330 327 335 327
288 138 293 138
208 183 209 185
42 51 43 53
51 38 56 38
8 208 10 209
369 55 370 57
191 93 192 95
164 227 169 227
223 122 224 124
127 114 128 116
40 188 41 190
285 304 285 309
305 277 306 279
127 301 129 302
254 71 254 76
295 304 300 304
93 120 95 121
75 294 80 294
34 314 36 315
172 179 177 179
140 299 140 304
234 120 236 121
100 303 101 304
157 246 162 246
194 63 198 63
349 228 351 229
290 144 290 149
93 319 94 321
180 108 182 109
153 320 155 321
78 256 83 256
358 244 359 246
150 183 151 185
16 319 16 324
47 116 52 116
203 211 205 212
202 223 202 228
140 150 142 151
10 60 15 60
24 323 26 324
97 32 99 33
182 89 184 90
270 113 275 113
129 138 129 143
201 67 206 67
286 281 288 282
336 87 338 88
102 193 105 193
335 143 337 144
226 209 231 209
22 219 27 219
189 229 191 230
189 199 194 199
66 210 71 210
137 137 142 137
279 182 280 184
57 103 59 104
371 156 374 156
55 165 60 165
336 41 336 46
56 280 58 281
129 280 130 282
152 93 157 93
48 163 49 165
338 210 339 212
82 41 83 43
148 100 150 101
223 194 224 196
299 116 304 116
138 313 139 315
55 251 55 256
214 256 215 258
342 319 347 319
313 118 315 119
144 306 146 307
229 64 230 66
133 140 134 142
63 215 68 215
100 146 105 146
28 77 30 78
19 104 21 105
326 138 331 138
220 222 222 223
254 55 259 55
92 107 94 108
106 198 108 199
370 197 374 197
155 105 157 106
293 150 295 151
179 101 181 102
264 297 264 302
322 23 323 25
243 15 244 17
252 152 252 157
105 114 110 114
11 208 12 210
72 70 73 72
132 71 134 72
369 157 374 157
256 25 261 25
74 120 75 122
287 202 292 202
192 96 192 101
75 117 77 118
167 79 169 80
197 131 198 133
92 201 97 201
208 213 210 214
20 88 22 89
13 49 14 51
281 317 282 319
138 86 139 88
371 221 373 222
268 157 268 162
208 154 208 159
332 239 337 239
353 168 353 173
302 293 303 295
371 219 373 220
267 251 268 253
293 267 294 269
96 11 101 11
43 316 43 321
328 173 330 174
162 68 163 70
318 327 319 329
250 136 255 136
178 76 180 77
245 297 250 297
58 75 59 77
364 6 365 8
50 25 51 27
292 293 294 294
136 101 141 101
259 73 260 75
148 112 153 112
132 40 133 42
295 228 300 228
146 104 151 104
169 150 171 151
152 210 153 212
67 233 69 234
107 204 107 209
229 112 231 113
325 202 330 202
131 70 136 70
171 269 172 271
275 227 276 229
155 227 156 229
319 264 324 264
104 136 109 136
31 144 31 149
286 213 287 215
237 257 242 257
77 145 78 147
30 294 32 295
165 197 170 197
5 270 5 275
152 235 154 236
282 155 282 160
240 170 241 172
320 23 321 25
48 166 50 167
59 67 59 72
161 322 162 324
219 96 224 96
116 109 118 110
20 211 20 216
164 148 164 153
103 187 104 189
311 202 313 203
346 246 347 248
94 188 96 189
160 290 161 292
188 56 190 57
346 6 350 6
214 301 216 302
61 35 63 36
247 87 248 89
70 115 71 117
196 239 198 240
15 242 17 243
118 44 118 49
47 202 48 204
265 230 270 230
281 3 286 3
315 123 320 123
316 279 318 280
215 233 217 234
247 254 249 255
221 108 223 109
286 251 287 253
355 269 356 271
143 209 144 211
59 220 60 222
164 282 169 282
196 242 196 247
155 85 160 85
365 202 370 202
159 243 164 243
359 96 364 96
200 75 201 77
264 40 265 42
279 150 281 151
172 218 177 218
301 148 306 148
172 18 177 18
339 197 344 197
83 24 88 24
7 140 9 141
16 46 16 51
257 125 258 127
23 114 25 115
114 80 116 81
94 1 95 3
227 232 227 237
134 4 135 6
93 166 95 167
103 84 105 85
65 216 70 216
196 156 198 157
262 18 263 20
61 266 63 267
273 39 275 40
52 202 53 204
214 330 215 332
52 207 53 209
290 54 292 55
143 42 144 44
172 165 177 165
114 27 119 27
9 92 14 92
43 302 48 302
233 93 236 93
269 6 274 6
122 213 123 215
327 96 332 96
74 246 75 248
271 186 276 186
49 252 49 257
150 6 155 6
145 271 146 272
120 77 125 77
14 222 16 223
56 282 58 283
277 308 278 310
199 131 201 132
43 152 43 157
244 113 245 115
315 198 317 199
249 217 254 217
280 181 285 181
181 94 185 94
106 192 107 194
269 163 274 163
173 75 178 75
73 21 78 21
364 330 365 332
29 251 34 251
246 117 247 119
103 273 104 275
109 155 111 156
92 19 93 21
54 103 56 104
305 236 305 240
274 145 279 145
221 263 226 263
112 158 117 158
210 121 214 121
38 307 40 308
37 239 38 241
205 132 210 132
179 85 180 87
251 63 252 65
95 241 96 243
20 318 22 319
161 31 162 33
124 204 126 205
226 127 226 132
118 326 119 328
313 226 313 231
47 147 49 148
312 96 317 96
214 216 214 221
273 197 274 199
311 120 316 120
77 24 78 26
213 201 218 201
191 201 196 201
237 127 242 127
26 155 31 155
168 59 170 60
141 121 142 123
220 296 225 296
310 114 312 115
239 180 239 185
87 33 88 35
199 33 199 38
115 177 120 177
229 190 229 194
308 250 313 250
223 36 228 36
129 216 129 221
195 67 200 67
216 242 216 247
209 179 210 181
332 196 337 196
128 41 128 46
117 97 117 102
250 290 251 292
90 322 91 324
70 292 72 293
57 138 62 138
32 143 32 148
85 291 87 292
340 152 341 154
165 166 166 168
228 202 229 204
122 52 127 52
310 251 315 251
153 18 158 18
178 280 180 281
300 152 302 153
43 223 44 225
112 160 113 162
0 153 0 158
209 210 211 211
161 334 166 334
159 60 161 61
91 275 92 277
326 220 331 220
171 206 176 206
272 47 277 47
167 256 169 257
302 24 303 26
47 263 48 265
40 281 42 282
186 153 188 154
262 330 267 330
82 4 87 4
197 134 199 135
29 232 30 234
110 59 115 59
177 108 179 109
262 290 263 292
94 157 94 162
83 185 88 185
159 16 164 16
160 279 161 281
101 328 106 328
27 179 32 179
42 216 46 216
97 176 99 177
276 265 278 266
283 92 288 92
92 273 97 273
325 222 326 224
75 83 80 83
208 220 209 222
44 264 46 265
326 299 328 300
346 65 351 65
288 23 293 23
1 134 1 139
64 283 65 285
326 203 331 203
167 201 172 201
39 38 44 38
253 128 255 129
101 117 103 118
136 4 137 6
26 125 27 127
253 272 258 272
211 262 216 262
171 209 176 209
60 103 61 105
301 92 302 94
121 334 126 334
205 32 205 37
28 229 30 230
49 297 54 297
76 97 76 102
250 48 255 48
101 173 102 175
174 42 179 42
157 115 158 117
279 227 279 232
273 272 275 273
207 251 208 253
364 189 365 191
126 240 131 240
190 137 191 139
298 260 303 260
373 166 373 171
303 109 308 109
252 263 257 263
227 131 229 132
54 166 59 166
357 102 361 102
43 55 44 57
27 122 32 122
34 51 35 53
263 311 263 316
54 187 59 187
330 188 335 188
65 18 70 18
316 329 317 331
253 285 258 285
168 200 172 200
157 125 162 125
44 248 46 249
134 143 135 145
103 224 108 224
65 96 67 97
127 140 128 142
199 61 204 61
34 146 35 148
372 334 374 335
334 127 334 132
67 100 69 101
144 115 146 116
212 84 214 85
110 192 111 194
192 329 193 331
328 66 329 68
90 223 90 228
333 330 334 332
211 301 213 302
142 179 144 180
207 217 208 219
110 97 110 102
80 168 85 168
278 290 283 290
103 111 105 112
296 209 298 210
144 217 145 219
95 68 95 73
190 10 190 15
108 174 112 174
95 266 97 267
205 49 206 51
133 149 134 151
44 316 44 321
174 0 174 5
104 213 104 218
90 110 95 110
221 209 221 214
308 253 313 253
17 318 19 319
179 55 181 56
333 41 335 42
374 166 374 171
218 43 220 44
181 139 186 139
35 45 35 50
83 230 88 230
162 248 162 253
267 241 272 241
206 320 208 321
157 212 162 212
207 84 208 86
288 291 293 291
357 91 358 93
155 126 160 126
107 277 112 277
169 103 174 103
189 99 189 103
297 82 302 82
234 236 235 238
214 135 216 136
275 90 280 90
102 134 103 136
147 67 148 69
64 142 64 147
248 126 248 131
166 179 171 179
81 235 81 240
118 148 119 150
249 88 251 89
20 149 25 149
311 97 316 97
243 23 248 23
363 128 368 128
34 252 36 253
105 80 110 80
187 112 192 112
264 151 269 151
159 102 159 107
155 10 156 12
144 102 146 103
252 158 253 160
96 79 98 80
45 94 47 95
315 101 320 101
13 186 15 187
175 116 176 118
265 285 270 285
90 202 95 202
156 58 158 59
15 137 16 139
161 62 166 62
68 115 69 117
161 99 163 100
138 306 140 307
54 117 56 118
106 158 111 158
289 317 290 319
113 277 118 277
268 318 269 319
212 153 213 155
282 302 282 307
155 25 156 27
90 75 91 77
319 65 319 70
370 47 371 49
300 46 302 47
30 163 32 164
113 294 118 294
210 263 214 263
348 114 348 119
298 155 303 155
328 5 328 10
30 64 30 69
218 303 223 303
289 60 291 61
101 213 103 214
13 195 13 200
151 119 156 119
5 309 10 309
150 155 150 160
332 61 337 61
143 220 148 220
199 1 200 3
121 234 126 234
305 78 306 80
299 317 299 320
3 44 4 46
36 28 37 30
309 99 310 101
338 46 343 46
207 100 208 102
225 98 227 99
331 238 336 238
69 113 71 114
105 273 106 275
157 96 158 98
319 3 321 4
344 327 345 329
227 333 228 335
122 86 123 87
352 206 357 206
271 60 273 61
283 144 288 144
297 27 298 29
13 275 13 280
112 44 113 46
294 57 299 57
152 8 152 13
125 93 130 93
163 305 164 306
340 243 342 244
216 45 220 45
171 163 176 163
28 0 29 2
300 243 302 244
303 315 303 319
351 235 356 235
204 247 209 247
49 113 54 113
129 211 134 211
221 134 221 139
222 205 226 205
30 81 35 81
220 215 221 217
21 61 26 61
72 102 73 103
191 57 196 57
264 131 269 131
164 99 164 104
338 143 340 144
265 297 265 302
70 129 71 131
78 128 83 128
1 188 6 188
243 248 245 249
204 217 206 218
342 29 347 29
253 318 253 323
268 71 270 72
319 176 324 176
180 60 180 65
242 308 247 308
46 155 48 156
135 93 140 93
296 156 301 156
83 141 88 141
314 323 316 324
361 228 362 230
150 222 155 222
248 119 253 119
143 143 143 148
367 3 368 5
285 113 286 115
146 70 147 72
342 320 347 320
353 52 358 52
270 50 272 51
158 217 163 217
7 171 12 171
298 111 299 113
31 301 33 302
134 13 135 14
61 107 62 109
221 8 226 8
252 88 254 89
327 208 327 213
228 143 228 148
79 8 84 8
111 276 116 276
234 292 239 292
79 163 80 165
79 24 80 26
93 333 98 333
92 4 97 4
168 291 170 292
324 150 326 151
43 205 45 206
231 44 232 46
37 137 40 137
101 24 105 24
297 157 302 157
346 177 348 178
24 125 25 127
246 324 251 324
42 229 42 234
47 279 48 281
23 232 23 237
272 206 277 206
267 65 272 65
248 28 249 30
369 212 370 214
315 262 316 264
275 189 278 189
169 24 174 24
186 333 187 335
171 216 176 216
140 132 142 133
73 285 78 285
183 66 185 67
348 309 353 309
39 34 44 34
14 45 19 45
107 139 109 140
323 278 328 278
79 131 81 132
219 83 224 83
70 98 71 100
229 107 230 109
8 94 13 94
202 256 203 257
219 107 220 109
298 296 300 297
92 322 97 322
199 196 204 196
223 110 228 110
106 176 108 177
158 262 159 264
313 232 315 233
89 170 94 170
281 330 286 330
365 180 370 180
346 291 346 296
45 127 45 132
133 286 138 286
89 312 90 314
258 190 259 192
253 15 254 17
48 211 49 213
109 97 109 102
358 3 360 4
271 268 276 268
253 56 254 58
56 150 57 152
338 199 340 200
288 215 293 215
215 307 217 308
200 135 205 135
364 218 369 218
64 37 66 38
110 44 111 46
127 4 129 5
97 127 102 127
40 42 45 42
238 247 240 248
292 143 292 148
284 83 289 83
33 172 35 173
306 289 311 289
209 111 209 116
255 319 255 324
88 2 89 4
39 218 44 218
181 51 186 51
149 235 150 236
114 305 115 307
21 29 22 31
230 284 231 286
150 180 155 180
41 180 46 180
66 235 71 235
155 171 160 171
137 202 139 203
326 121 331 121
333 207 335 208
340 174 341 176
256 286 261 286
94 81 96 82
221 0 221 5
215 43 217 44
339 297 339 302
149 196 154 196
169 135 171 136
269 197 270 199
27 124 32 124
308 212 308 217
323 148 325 149
110 62 110 67
342 154 347 154
69 136 70 138
73 292 74 294
210 130 215 130
165 262 166 264
365 303 368 303
24 26 25 28
160 198 165 198
193 31 193 36
296 75 297 77
178 167 179 169
159 199 164 199
139 270 143 270
93 218 94 220
180 268 185 268
244 25 249 25
245 273 247 274
249 132 250 134
73 244 73 248
41 245 46 245
359 143 360 145
283 301 284 303
354 81 355 82
150 199 155 199
194 141 199 141
40 178 45 178
269 31 271 32
4 134 5 136
52 251 52 256
139 258 139 263
89 185 94 185
101 77 102 79
279 323 280 325
318 282 320 283
4 161 8 161
301 145 302 147
114 82 115 83
311 140 312 142
72 187 72 192
95 123 100 123
74 100 75 102
140 266 141 268
370 109 370 113
281 275 282 277
128 212 129 214
174 100 175 102
208 232 210 233
337 74 339 75
259 319 264 319
294 6 294 11
239 333 240 335
58 31 58 36
199 224 199 229
255 266 256 268
168 113 168 118
98 294 100 295
43 22 44 24
215 46 216 48
143 334 148 334
125 22 126 24
21 181 23 182
225 9 226 11
31 156 33 157
248 24 253 24
347 249 352 249
147 253 149 254
3 258 4 260
205 94 207 95
304 284 309 284
322 244 327 244
367 193 372 193
119 317 120 319
181 249 186 249
42 277 43 279
20 98 22 99
288 159 290 160
256 194 261 194
224 320 225 322
167 111 169 112
192 102 193 104
219 114 220 116
360 17 360 22
24 193 29 193
212 247 212 252
153 118 158 118
218 294 220 295
119 174 124 174
149 149 150 151
258 77 259 79
115 154 120 154
301 202 302 204
283 310 284 312
124 284 124 287
262 98 267 98
302 271 304 272
270 208 275 208
63 302 68 302
214 226 215 228
168 74 173 74
151 50 156 50
119 255 124 255
51 247 52 249
343 254 348 254
343 299 345 300
48 150 49 152
364 177 369 177
2 276 2 281
71 246 71 251
106 240 111 240
22 63 27 63
36 163 38 164
47 105 52 105
223 255 228 255
26 121 31 121
89 298 94 298
7 95 8 97
31 133 32 135
3 297 5 298
92 157 93 159
179 116 180 118
314 216 319 216
328 32 333 32
301 18 301 23
229 95 230 97
206 241 207 243
201 44 202 46
373 88 374 89
1 252 1 257
223 0 223 5
105 77 107 78
332 179 334 180
102 104 106 104
151 160 156 160
78 286 80 287
39 163 41 164
153 327 155 328
351 24 352 26
204 287 209 287
324 69 324 74
307 252 312 252
246 276 251 276
266 77 268 78
212 43 214 44
18 15 23 15
3 233 8 233
302 89 303 91
32 35 33 37
25 249 26 251
370 166 370 171
102 313 102 317
334 101 336 102
25 156 26 158
267 303 268 305
307 205 309 206
165 270 170 270
127 36 128 38
79 241 80 243
282 17 287 17
22 78 23 80
26 282 28 283
220 194 222 195
39 82 40 84
330 214 335 214
178 14 178 19
65 29 70 29
203 38 204 40
280 274 285 274
291 275 292 277
40 112 45 112
221 200 226 200
144 270 144 273
145 53 146 55
142 134 147 134
3 115 3 120
266 229 271 229
154 287 155 289
237 156 242 156
163 0 165 1
296 41 301 41
223 332 228 332
293 308 298 308
272 132 272 137
108 182 111 182
339 159 344 159
176 131 177 133
293 232 298 232
366 130 367 132
76 109 78 110
240 272 241 274
179 66 180 68
173 224 174 226
23 243 25 244
92 198 93 200
63 289 65 290
222 50 227 50
42 13 44 14
341 15 346 15
369 325 374 325
217 209 217 214
254 290 255 292
269 169 274 169
217 0 217 5
119 247 121 248
318 258 319 260
322 174 327 174
356 99 361 99
42 171 46 171
215 200 220 200
194 73 198 73
99 305 100 306
115 241 116 243
40 92 41 94
136 229 138 230
84 61 89 61
118 136 121 136
66 270 66 275
97 30 102 30
239 13 239 18
124 85 125 87
213 38 214 40
193 299 198 299
338 6 339 8
3 270 4 272
160 260 161 262
343 243 348 243
329 185 331 186
343 244 348 244
35 260 36 262
50 41 55 41
250 130 255 130
95 291 96 293
259 272 264 272
197 231 202 231
319 298 324 298
326 152 327 154
115 3 120 3
133 258 134 260
338 307 340 308
251 118 256 118
350 261 355 261
286 153 286 158
241 157 243 158
92 324 97 324
80 268 81 270
200 331 205 331
202 302 207 302
232 8 232 13
260 176 262 177
71 42 73 43
335 187 340 187
162 260 163 262
326 163 328 164
330 81 331 83
190 179 195 179
202 47 204 48
228 314 232 314
99 141 104 141
90 193 95 193
14 153 16 154
312 205 312 210
348 13 353 13
338 304 339 306
339 50 344 50
297 114 298 116
107 100 108 102
183 318 184 320
338 133 343 133
284 199 286 200
102 203 107 203
163 254 164 256
81 10 83 11
329 79 331 80
329 200 334 200
241 180 241 185
279 276 280 278
288 288 293 288
216 259 221 259
99 289 104 289
374 47 374 52
287 278 288 280
210 306 212 307
98 259 103 259
313 115 314 117
92 0 95 0
300 324 305 324
26 94 31 94
329 332 330 334
46 313 51 313
44 16 49 16
69 28 74 28
9 73 14 73
333 215 335 216
110 81 110 86
373 187 374 188
214 229 219 229
81 177 82 179
57 110 59 111
8 238 8 243
121 195 124 195
258 27 263 27
105 249 110 249
9 108 11 109
30 100 31 102
257 73 258 75
156 6 161 6
179 14 179 19
345 310 350 310
364 194 365 196
6 280 8 281
308 247 310 248
257 30 262 30
152 227 152 232
307 58 312 58
1 35 1 40
156 180 157 182
118 90 123 90
256 172 261 172
10 265 10 270
259 293 260 295
125 250 130 250
138 157 143 157
312 65 314 66
129 238 131 239
98 135 99 137
308 7 309 9
108 251 113 251
249 77 249 82
179 312 179 317
270 258 271 260
23 45 25 46
13 16 15 17
265 52 270 52
307 278 309 279
39 70 40 72
257 94 259 95
344 131 349 131
29 50 29 55
33 183 34 185
101 149 102 151
65 169 66 171
199 77 199 82
143 274 144 276
135 62 137 63
339 274 344 274
335 48 337 49
26 14 31 14
301 315 301 320
318 99 320 100
19 256 21 257
136 225 141 225
202 253 203 255
326 5 327 7
283 198 288 198
284 174 284 179
359 146 364 146
151 284 153 285
358 44 363 44
302 212 304 213
0 1 5 1
106 96 111 96
313 256 318 256
373 158 373 163
217 260 222 260
157 279 159 280
247 286 249 287
269 14 274 14
133 309 134 311
372 68 374 69
45 163 47 164
162 287 167 287
324 224 324 229
226 27 227 29
76 288 77 290
90 57 95 57
301 267 302 268
162 102 162 107
0 0 5 0
117 186 118 188
255 30 256 32
346 299 348 300
308 305 308 310
229 133 233 133
171 198 173 199
289 142 294 142
270 18 271 20
160 326 161 328
341 37 346 37
372 179 372 184
348 188 353 188
253 332 254 334
64 174 69 174
116 178 118 179
235 275 235 280
279 255 280 257
178 29 180 30
171 153 171 158
336 318 337 320
314 12 318 12
55 247 56 249
95 327 97 328
329 199 334 199
223 329 225 330
263 14 268 14
14 273 14 278
64 296 66 297
336 306 337 308
97 291 98 293
54 141 56 142
274 132 276 133
271 183 272 185
132 113 132 118
144 283 148 283
15 150 16 152
122 30 122 35
313 110 318 110
238 153 240 154
171 227 176 227
48 270 49 271
348 210 349 212
143 196 148 196
344 130 349 130
125 30 126 32
97 305 98 307
221 17 221 22
89 68 91 69
19 163 24 163
210 28 212 29
80 277 85 277
152 238 157 238
356 60 361 60
275 43 280 43
217 33 222 33
75 127 77 128
335 295 340 295
197 300 198 302
114 323 116 324
294 33 299 33
63 28 68 28
149 287 153 287
319 12 324 12
276 51 281 51
204 299 205 301
171 162 176 162
256 300 256 305
326 47 331 47
53 263 54 264
209 84 211 85
33 310 33 315
258 165 263 165
16 239 17 241
28 252 30 253
174 9 179 9
96 19 97 21
108 93 113 93
151 125 153 126
257 282 262 282
360 117 362 118
340 225 341 227
248 165 249 167
352 304 353 306
264 273 268 273
199 103 204 103
0 145 2 146
41 70 46 70
357 207 358 209
220 110 221 112
5 186 7 187
282 19 282 24
21 217 23 218
206 30 211 30
264 326 265 328
327 129 332 129
215 84 217 85
142 225 147 225
42 117 44 118
196 21 197 23
31 169 36 169
154 7 154 12
46 178 51 178
193 332 195 333
12 261 17 261
296 72 297 74
160 31 160 36
214 245 214 250
271 145 272 147
277 302 277 307
318 9 319 11
317 136 317 141
255 252 260 252
342 188 347 188
49 127 49 132
326 52 326 57
242 170 243 172
204 276 208 276
252 315 257 315
41 192 43 193
187 280 189 281
66 196 66 201
345 114 346 116
327 185 328 187
189 16 189 21
198 54 203 54
51 307 56 307
267 74 268 76
348 59 353 59
237 138 237 143
167 134 168 136
0 289 5 289
368 171 368 176
11 100 12 101
229 154 231 155
225 46 230 46
32 29 32 34
360 75 360 79
180 272 181 274
295 158 300 158
122 236 122 241
228 270 230 271
110 320 111 321
100 55 104 55
122 270 122 275
29 224 30 226
179 219 180 221
367 113 368 115
210 247 210 252
244 56 246 57
248 236 249 238
337 102 342 102
288 203 289 205
228 27 233 27
322 139 327 139
267 79 269 80
138 317 140 318
322 200 323 202
370 130 371 132
254 23 259 23
310 224 315 224
333 133 335 134
353 236 355 237
78 53 83 53
44 239 46 240
199 39 200 41
49 322 54 322
266 222 271 222
346 103 347 105
282 219 287 219
328 178 329 180
179 129 184 129
112 218 113 220
209 57 214 57
115 208 120 208
53 42 58 42
29 149 29 153
369 303 374 303
28 100 29 101
94 281 95 282
131 325 132 327
0 306 0 311
237 270 238 271
223 84 225 85
365 236 367 237
335 261 337 262
156 132 161 132
24 183 29 183
29 97 30 99
334 184 335 186
24 258 26 259
332 210 333 212
182 83 182 88
61 180 62 182
194 90 194 95
313 270 318 270
111 43 116 43
32 209 32 214
306 15 307 17
83 301 88 301
289 186 294 186
151 28 151 33
335 62 336 64
181 95 182 97
168 102 173 102
225 230 230 230
23 95 24 97
163 26 163 30
120 78 125 78
10 216 11 218
134 112 134 117
135 317 137 318
48 172 52 172
319 136 319 141
108 149 109 150
74 151 79 151
314 16 314 21
136 266 137 268
213 261 218 261
276 243 278 244
314 134 319 134
230 278 230 283
163 141 164 143
263 332 268 332
298 311 298 316
222 271 223 273
324 9 325 11
212 224 214 225
192 159 193 161
167 239 172 239
320 214 322 215
194 232 199 232
139 216 141 217
218 328 223 328
266 163 268 164
16 60 21 60
136 111 136 116
297 309 299 310
235 293 240 293
148 204 150 205
34 200 34 205
66 172 71 172
306 66 311 66
92 295 97 295
149 210 151 211
117 267 122 267
141 311 146 311
339 214 341 215
56 287 58 288
51 262 52 264
365 179 370 179
112 265 117 265
266 99 268 100
126 212 127 214
295 42 300 42
208 76 209 77
53 3 55 4
238 309 243 309
254 190 255 191
226 242 231 242
330 328 335 328
72 53 77 53
35 59 37 60
74 52 79 52
276 62 281 62
283 174 283 179
61 66 61 71
305 280 307 281
92 37 94 38
264 292 269 292
57 294 60 294
218 39 219 41
82 12 84 13
51 331 52 333
273 195 274 196
178 247 178 252
63 113 65 114
283 221 285 222
174 49 175 50
126 305 127 307
140 258 140 263
102 307 104 308
164 272 169 272
22 87 27 87
351 196 351 201
44 177 49 177
244 309 249 309
98 27 99 29
232 330 237 330
24 153 24 158
266 308 271 308
101 298 105 298
363 125 368 125
289 140 291 141
214 270 216 271
276 178 277 180
300 309 300 314
6 248 6 253
92 39 93 41
299 78 304 78
78 22 80 23
311 218 311 223
259 15 261 16
112 204 114 205
191 98 191 103
6 264 11 264
54 207 55 209
0 318 2 319
51 28 56 28
50 314 50 319
318 242 320 243
136 35 139 35
200 272 202 273
265 289 270 289
276 272 278 273
118 225 123 225
314 47 319 47
85 188 86 190
231 219 236 219
209 225 210 227
365 221 365 226
9 226 11 227
162 289 163 290
260 77 261 79
271 218 273 219
175 236 180 236
93 197 98 197
56 161 58 162
117 280 118 281
158 181 159 183
3 192 8 192
158 180 163 180
296 202 298 203
338 18 340 19
0 221 0 226
199 239 199 244
102 217 102 222
335 122 337 123
160 266 164 266
32 149 35 149
277 27 282 27
273 140 278 140
246 0 246 5
200 171 201 173
193 312 194 314
343 275 348 275
80 211 80 216
352 66 352 71
83 18 88 18
87 19 88 21
133 131 138 131
260 192 265 192
316 3 318 4
68 223 73 223
116 244 121 244
175 244 175 249
286 273 287 274
292 224 297 224
307 42 312 42
231 177 232 179
6 71 6 76
316 320 318 321
290 271 292 272
362 303 363 305
330 201 335 201
272 202 277 202
290 188 295 188
217 46 218 48
206 212 211 212
109 48 110 50
122 185 123 186
209 323 214 323
322 323 324 324
135 121 140 121
34 331 36 332
78 238 78 243
208 254 213 254
176 299 177 301
140 65 141 67
164 257 164 262
4 150 8 150
138 91 143 91
120 1 125 1
74 148 75 150
145 60 147 61
205 75 209 75
310 194 312 195
360 114 361 116
365 216 370 216
135 7 140 7
146 150 148 151
358 224 359 226
170 322 175 322
95 185 100 185
91 5 96 5
156 211 161 211
131 2 136 2
365 228 366 230
210 324 211 326
362 178 367 178
44 121 49 121
173 0 173 5
330 279 331 281
162 154 163 156
294 23 299 23
109 16 110 18
43 123 45 124
286 25 288 26
166 286 171 286
119 250 124 250
300 198 302 199
232 275 234 276
64 315 69 315
323 275 324 277
108 180 113 180
164 248 164 253
313 257 318 257
127 71 128 73
188 299 189 301
101 105 102 107
79 124 81 125
136 322 141 322
168 183 173 183
192 300 194 301
112 60 113 62
111 241 112 243
149 115 150 117
115 106 115 110
46 179 51 179
247 256 252 256
140 104 145 104
189 203 194 203
210 131 215 131
246 315 251 315
303 33 305 34
277 267 278 269
40 275 40 280
309 210 309 213
76 120 78 121
32 311 32 316
326 161 331 161
26 152 27 154
280 157 280 162
0 326 1 328
159 31 159 36
204 241 205 243
125 99 126 101
105 245 107 246
206 106 211 106
35 297 40 297
130 288 132 289
115 28 120 28
53 323 54 325
329 314 331 315
103 294 106 294
75 153 76 155
366 94 368 95
22 266 26 266
342 279 343 281
172 305 173 307
146 90 151 90
129 174 130 176
223 33 224 35
341 290 346 290
286 286 288 287
354 176 359 176
282 62 287 62
237 13 237 18
127 210 131 210
179 271 184 271
0 203 0 208
360 174 361 176
300 29 302 30
7 54 8 56
165 176 167 177
349 165 350 167
210 111 212 112
205 40 210 40
132 102 134 103
221 269 223 270
185 7 190 7
31 97 32 99
245 68 250 68
8 51 9 53
223 135 225 136
169 195 173 195
138 4 139 5
47 205 48 207
253 283 258 283
319 286 320 288
43 270 45 271
350 285 354 285
331 227 332 229
92 1 93 3
22 60 27 60
112 325 116 325
15 245 15 250
368 329 371 329
66 143 68 144
238 3 239 5
154 210 155 212
191 251 195 251
331 181 332 183
154 182 155 184
4 77 8 77
49 296 54 296
318 179 323 179
112 305 113 307
253 330 255 331
100 86 105 86
78 316 83 316
125 207 129 207
352 196 352 201
196 159 197 161
195 300 195 305
257 189 262 189
135 323 136 325
134 50 135 52
273 145 273 149
90 79 92 80
199 302 200 304
53 123 53 128
200 274 202 275
345 239 350 239
168 207 172 207
86 259 88 260
153 54 155 55
343 190 344 192
110 53 110 58
332 204 332 209
265 145 267 146
6 49 8 50
52 199 53 200
307 297 312 297
67 15 68 17
255 306 260 306
192 229 193 230
40 313 45 313
89 172 89 177
307 145 309 146
150 24 155 24
41 22 42 24
21 258 23 259
231 243 231 248
248 218 253 218
158 204 160 205
96 76 97 78
70 51 71 53
93 195 94 196
65 132 66 134
78 257 80 258
23 288 24 289
15 20 16 21
362 227 367 227
41 161 43 162
187 183 188 185
271 72 276 72
129 53 130 55
336 8 336 13
20 254 25 254
183 59 187 59
274 261 279 261
159 270 164 270
350 158 352 159
128 229 129 231
83 214 84 216
52 304 57 304
103 245 104 246
130 113 130 118
51 294 56 294
289 293 291 294
108 329 109 331
143 299 144 301
251 90 253 91
277 11 282 11
313 174 315 175
224 280 224 285
229 117 230 119
345 276 347 277
27 95 28 97
47 42 52 42
261 279 262 281
175 219 176 221
205 245 207 246
322 142 327 142
287 193 289 194
26 161 29 161
153 25 153 30
55 147 57 148
185 241 190 241
156 31 157 33
4 32 5 34
290 236 292 237
324 51 324 56
336 214 338 215
327 313 332 313
21 20 22 22
359 262 361 263
326 235 331 235
166 194 168 195
54 244 59 244
136 198 141 198
179 308 181 309
201 261 206 261
289 117 291 118
117 31 117 36
189 93 190 95
296 151 301 151
57 141 59 142
310 192 312 193
321 59 322 61
63 189 64 191
266 28 267 30
284 290 287 290
360 276 362 277
298 54 300 55
275 279 276 281
336 139 337 141
227 93 232 93
233 269 238 269
165 238 170 238
276 16 277 18
171 236 172 238
53 139 55 140
301 164 306 164
183 257 185 258
231 321 231 326
275 33 276 35
296 305 298 306
312 271 313 273
41 120 46 120
337 164 339 165
64 269 69 269
1 113 1 118
134 305 135 307
344 293 344 298
166 76 167 78
103 290 104 292
85 191 90 191
158 52 163 52
227 247 229 248
216 240 218 241
160 242 165 242
36 92 38 93
342 41 343 43
52 123 52 127
365 122 370 122
69 204 71 205
316 162 316 167
4 14 4 19
315 289 320 289
144 302 146 303
369 250 370 252
360 150 365 150
185 131 185 136
31 89 32 91
272 205 277 205
31 171 36 171
127 30 128 32
120 232 122 233
351 204 356 204
298 230 303 230
366 119 367 121
20 157 21 159
66 69 68 70
335 272 336 274
368 278 369 280
24 314 25 316
356 210 358 211
344 178 345 180
105 284 110 284
121 6 121 11
330 198 334 198
297 189 302 189
257 168 262 168
51 122 56 122
124 166 129 166
307 333 309 334
82 252 87 252
343 30 347 30
60 49 62 50
337 217 339 218
170 305 171 307
34 219 36 220
197 334 202 334
129 144 129 149
349 83 349 88
342 87 343 89
331 66 331 71
174 310 179 310
40 150 45 150
337 289 342 289
188 331 189 333
247 122 252 122
212 192 217 192
94 55 99 55
244 117 245 119
242 24 247 24
142 226 147 226
185 176 187 177
269 99 271 100
208 297 208 302
50 202 50 207
102 223 107 223
78 180 79 182
321 286 322 288
353 26 353 31
285 15 287 16
124 118 124 123
26 45 27 46
162 229 167 229
281 320 283 321
303 11 305 12
80 112 85 112
141 203 142 205
351 102 356 102
364 139 369 139
169 142 174 142
103 176 105 177
316 89 317 91
248 272 249 274
16 69 16 74
264 310 264 315
123 80 124 81
150 94 152 95
97 157 97 162
366 289 371 289
332 138 336 138
45 288 46 290
101 334 106 334
144 222 149 222
326 104 328 105
73 183 75 184
257 184 258 186
295 286 297 287
224 249 229 249
102 94 107 94
225 274 226 276
26 74 31 74
252 184 254 185
81 167 86 167
35 123 36 124
104 91 105 93
12 172 17 172
237 182 237 187
51 202 51 207
188 37 188 42
184 302 186 303
179 103 184 103
97 319 98 321
47 174 52 174
178 218 183 218
236 325 237 327
279 293 279 297
111 62 111 67
205 76 207 77
44 51 45 53
256 93 261 93
30 305 32 306
312 154 317 154
212 4 212 9
234 175 239 175
106 279 111 279
247 62 252 62
17 289 18 291
263 228 264 230
280 0 282 1
362 223 363 225
243 177 243 182
132 220 136 220
350 18 352 19
47 247 48 249
103 309 108 309
364 169 369 169
336 216 341 216
238 243 239 245
89 7 94 7
219 23 220 25
196 78 196 83
178 93 183 93
240 6 241 8
50 252 50 257
225 96 227 97
252 139 252 144
43 137 48 137
84 67 85 69
138 300 138 305
15 192 20 192
190 165 190 170
30 26 30 31
48 108 49 110
148 42 148 47
2 35 2 40
368 9 372 9
166 276 171 276
172 0 172 5
279 217 280 218
174 121 176 122
179 78 180 80
262 244 263 246
339 112 341 113
328 22 329 24
12 104 14 105
65 238 70 238
227 107 228 109
153 53 158 53
140 52 145 52
264 259 265 261
9 96 11 97
156 278 161 278
23 326 24 328
224 278 229 278
370 181 370 186
225 333 226 335
287 150 288 152
42 45 42 50
4 257 9 257
198 276 203 276
370 64 370 69
71 123 76 123
58 57 63 57
350 219 352 220
316 230 321 230
10 255 10 260
227 54 232 54
30 271 34 271
12 311 13 313
5 44 10 44
140 48 145 48
185 34 186 36
144 145 145 147
54 5 56 6
299 162 304 162
140 31 141 33
188 196 190 197
217 270 218 272
301 182 302 184
243 29 244 31
313 197 318 197
135 140 136 142
304 247 305 249
347 137 348 139
250 131 255 131
347 57 349 58
14 164 14 169
262 130 267 130
249 137 254 137
127 117 128 119
224 317 225 319
94 35 96 36
78 135 79 137
148 70 150 71
75 26 76 28
213 324 213 329
261 293 262 295
62 314 67 314
137 47 139 48
284 19 284 24
0 2 2 3
83 36 85 37
179 242 179 247
35 204 36 205
268 18 269 20
335 224 340 224
59 283 63 283
360 192 360 195
22 248 27 248
95 7 100 7
79 21 84 21
116 230 121 230
41 291 46 291
192 249 194 250
93 169 98 169
299 35 304 35
49 202 49 207
234 253 239 253
38 224 38 229
318 168 323 168
119 213 121 214
87 10 89 11
279 212 284 212
116 164 116 169
352 60 353 62
93 294 97 294
361 217 363 218
363 242 368 242
346 240 350 240
119 82 121 83
350 327 351 329
210 75 211 77
105 31 105 36
215 107 216 109
231 137 231 142
209 217 210 219
282 245 287 245
200 96 202 97
225 184 226 186
105 50 106 52
124 84 127 84
277 103 281 103
325 22 327 23
319 86 324 86
253 301 253 306
262 38 267 38
232 127 232 132
202 33 202 38
318 14 323 14
99 307 101 308
48 201 53 201
12 108 13 110
335 242 336 244
70 73 72 74
339 282 341 283
131 143 131 148
212 113 213 115
221 43 221 47
102 120 104 121
336 134 341 134
350 46 355 46
28 274 29 276
281 58 286 58
49 329 51 330
127 74 132 74
340 279 341 281
197 104 199 105
82 326 87 326
55 263 56 265
7 328 8 330
273 326 278 326
359 231 364 231
280 152 282 153
39 324 44 324
193 148 198 148
249 148 250 150
135 112 135 116
292 155 297 155
77 170 82 170
330 309 335 309
249 252 254 252
146 4 148 5
322 189 327 189
186 143 188 144
314 202 315 204
115 30 120 30
215 294 217 295
312 78 313 80
299 308 304 308
73 163 78 163
204 42 209 42
275 257 276 259
200 68 201 70
113 25 118 25
101 284 102 286
256 28 258 29
213 334 215 335
299 187 301 188
295 293 297 294
100 91 101 93
72 83 74 84
300 51 305 51
279 262 279 267
177 219 178 221
199 186 204 186
363 240 365 241
195 15 200 15
264 173 269 173
205 238 207 239
344 176 349 176
51 31 52 33
347 0 349 1
63 291 68 291
94 70 94 75
233 23 235 24
14 46 15 48
216 89 221 89
108 221 110 222
125 68 130 68
232 272 237 272
339 78 344 78
191 252 196 252
156 102 158 103
257 174 262 174
89 119 90 121
210 31 210 36
170 285 175 285
157 155 159 156
241 278 246 278
205 142 206 144
247 69 247 74
329 49 329 54
116 91 121 91
342 331 344 332
355 75 356 77
99 224 100 226
163 303 165 304
2 291 2 296
345 128 350 128
39 61 40 63
347 290 347 295
318 268 323 268
177 13 182 13
106 322 111 322
142 266 143 268
125 243 127 244
272 99 274 100
152 164 157 164
171 67 172 68
218 298 220 299
199 145 201 146
286 71 287 73
267 126 268 128
84 287 89 287
233 198 238 198
337 221 342 221
362 183 363 185
19 69 20 71
340 69 345 69
373 250 373 255
63 76 64 78
161 248 161 253
277 281 279 282
10 26 15 26
292 86 293 88
253 108 253 113
300 185 302 186
201 277 203 278
91 119 92 121
237 29 242 29
186 263 187 265
15 49 15 54
176 104 178 105
3 14 3 19
172 30 173 32
33 114 38 114
158 104 158 109
277 196 282 196
56 262 61 262
155 99 157 100
319 297 324 297
192 61 197 61
161 308 166 308
208 288 208 293
211 213 211 218
169 265 170 267
231 124 236 124
222 19 224 20
129 308 134 308
320 271 322 272
141 171 142 173
193 109 195 110
182 232 184 233
327 293 327 298
159 47 160 49
202 15 202 20
250 0 255 0
322 240 324 241
365 10 366 12
299 108 304 108
153 323 154 325
175 283 177 284
358 152 360 153
238 235 238 240
65 194 67 195
266 287 268 288
111 152 112 154
62 262 64 263
103 77 104 79
246 139 251 139
231 270 233 271
281 251 285 251
333 31 338 31
365 83 370 83
357 149 362 149
87 79 89 80
151 153 156 153
278 126 283 126
260 312 260 317
334 103 339 103
340 217 341 219
313 132 315 133
291 219 291 224
51 88 52 90
318 173 319 175
152 182 153 184
97 68 98 70
350 307 355 307
17 93 20 93
102 310 103 312
101 57 101 62
125 115 125 120
33 269 38 269
150 172 155 172
96 325 98 326
253 99 254 101
109 38 109 43
301 15 302 17
37 230 38 232
12 195 12 200
240 22 245 22
367 72 371 72
209 20 209 25
282 272 284 273
291 307 296 307
209 43 211 44
150 29 150 34
184 260 185 262
19 187 24 187
217 118 219 119
145 300 147 301
191 317 192 318
146 227 147 229
231 66 235 66
128 216 128 221
44 91 44 96
281 261 281 266
56 256 56 261
83 83 83 88
308 3 309 5
15 164 15 169
126 33 128 34
99 169 104 169
69 66 71 67
79 171 84 171
171 255 171 260
195 87 195 92
305 145 306 147
60 305 61 307
202 73 207 73
283 293 288 293
50 87 55 87
316 81 317 83
137 17 142 17
128 144 128 149
1 209 1 214
31 224 32 226
361 254 366 254
76 177 77 179
315 258 315 261
242 99 244 100
93 31 98 31
371 301 372 302
20 246 21 248
151 155 153 156
67 189 68 191
185 174 190 174
21 34 26 34
268 7 270 8
292 196 292 201
263 293 264 295
282 78 283 80
132 20 134 21
11 179 13 180
251 107 256 107
177 137 177 141
33 143 33 148
311 179 315 179
11 129 12 131
104 73 106 74
101 46 102 48
163 222 163 227
193 280 195 281
328 262 330 263
149 302 151 303
91 172 91 177
286 206 287 207
336 184 337 186
138 3 143 3
145 318 150 318
135 311 140 311
180 14 180 19
359 103 361 104
205 148 206 150
175 123 176 124
348 12 353 12
20 226 21 228
90 172 90 177
330 66 330 71
83 253 88 253
257 303 258 305
167 25 172 25
285 39 287 40
13 100 18 100
76 246 77 248
141 299 142 301
295 127 297 128
274 213 275 215
110 19 111 21
130 218 131 220
308 255 313 255
347 120 348 122
84 193 89 193
168 26 170 27
255 45 260 45
256 291 261 291
330 255 331 257
338 48 340 49
213 267 214 269
62 41 67 41
138 165 140 166
107 31 107 36
334 318 335 320
225 64 227 65
223 177 224 179
67 196 67 201
66 5 67 7
3 194 8 194
342 225 343 227
11 309 11 314
107 52 112 52
153 223 155 224
147 206 152 206
223 157 225 158
22 106 27 106
33 73 38 73
79 325 84 325
308 290 313 290
319 110 324 110
112 163 117 163
192 58 197 58
99 150 99 155
97 241 98 243
303 168 308 168
263 334 268 334
241 18 246 18
360 306 365 306
184 5 186 6
98 115 103 115
192 56 197 56
71 10 76 10
162 326 163 328
227 127 229 128
221 107 226 107
368 243 368 248
54 108 56 109
111 23 112 25
14 248 14 253
44 192 49 192
282 107 287 107
163 73 168 73
144 266 145 268
166 304 169 304
82 274 87 274
199 44 200 46
199 260 204 260
177 254 182 254
13 185 18 185
60 113 62 114
38 192 40 193
263 99 265 100
218 141 219 143
242 19 247 19
303 283 308 283
255 317 257 318
42 221 47 221
340 210 342 211
11 224 16 224
83 161 83 166
6 178 7 180
23 208 23 213
126 144 127 146
178 51 180 52
272 90 274 91
31 32 31 37
14 18 16 19
46 91 47 93
153 120 154 122
121 2 123 3
187 77 192 77
281 305 281 310
88 305 89 307
373 300 374 302
200 317 202 318
369 333 374 333
364 291 368 291
368 130 369 132
273 48 274 50
237 239 237 244
196 311 198 312
114 218 115 220
38 29 40 30
130 313 134 313
345 77 345 82
138 112 143 112
37 113 42 113
320 273 325 273
259 305 264 305
239 73 241 74
112 187 112 191
68 145 69 147
212 47 214 48
217 42 222 42
222 16 223 18
184 3 186 4
35 105 40 105
191 178 196 178
158 141 162 141
143 158 143 163
164 154 166 155
90 203 95 203
18 261 19 263
278 213 279 215
200 236 202 237
243 261 247 261
206 104 208 105
9 150 14 150
124 331 126 332
50 246 55 246
208 71 209 73
340 327 341 329
147 102 149 103
349 262 351 263
3 5 3 10
74 219 75 221
131 14 132 16
119 311 120 313
244 43 249 43
83 298 88 298
57 107 58 109
52 84 54 85
359 154 359 159
266 192 271 192
296 150 301 150
223 280 223 285
298 243 299 245
323 162 328 162
281 140 282 142
309 317 311 318
220 170 225 170
123 308 128 308
115 75 117 76
217 293 222 293
221 114 223 115
267 224 269 225
275 27 276 29
211 247 211 252
83 135 85 136
325 51 328 51
265 142 266 144
188 78 189 80
78 94 82 94
227 35 232 35
164 39 165 41
203 197 205 198
74 66 77 66
225 176 226 178
157 159 159 160
186 282 191 282
209 86 214 86
286 191 291 191
344 335 349 335
0 183 0 188
310 321 315 321
67 270 67 275
11 282 11 287
298 299 303 299
3 32 3 37
99 54 104 54
341 86 346 86
102 91 103 93
313 187 314 189
81 144 83 145
65 152 66 154
148 143 153 143
316 313 320 313
40 179 45 179
54 123 54 128
146 217 147 219
55 31 56 33
147 169 148 171
247 323 252 323
5 304 6 306
265 197 266 199
7 168 12 168
97 284 98 286
369 6 371 7
193 288 194 290
86 250 87 251
268 329 269 331
80 135 81 137
344 227 349 227
32 100 34 101
150 23 155 23
65 126 65 131
316 36 321 36
337 128 337 133
304 160 309 160
155 308 157 309
189 307 190 309
302 99 304 100
9 114 11 115
174 63 175 65
269 74 270 76
17 137 18 139
228 44 230 45
160 284 162 285
271 52 276 52
302 36 303 38
120 332 123 332
316 150 318 151
22 180 27 180
70 241 71 242
228 41 229 43
24 308 24 313
28 146 29 148
138 224 143 224
369 246 370 248
20 76 25 76
92 288 93 290
57 143 58 145
221 48 226 48
143 203 144 205
233 317 233 322
61 222 66 222
6 32 7 34
155 310 160 310
195 277 200 277
263 120 263 125
373 52 373 57
75 40 80 40
283 19 283 24
103 284 104 286
187 306 187 311
266 94 268 95
49 267 50 269
315 126 320 126
19 211 19 216
7 57 8 59
76 50 78 51
271 297 272 299
258 47 258 52
250 49 255 49
272 142 274 143
16 11 17 13
240 290 241 292
194 52 195 54
52 205 54 206
308 202 310 203
119 129 124 129
212 74 212 79
367 36 369 37
43 267 48 267
101 210 103 211
157 311 162 311
50 131 51 133
96 211 98 212
1 230 2 232
278 292 283 292
96 217 101 217
190 16 190 21
236 62 238 63
259 46 259 51
72 117 74 118
79 33 81 34
211 255 216 255
216 334 218 335
264 66 269 66
326 253 331 253
32 300 37 300
56 75 57 77
8 69 8 73
195 293 197 294
189 89 190 91
190 332 192 333
186 66 191 66
150 234 155 234
294 296 295 298
118 15 118 20
271 7 276 7
348 54 349 56
311 237 316 237
237 250 242 250
36 148 41 148
23 103 28 103
139 130 141 131
17 67 21 67
103 149 104 151
302 187 304 188
123 144 125 145
102 302 103 304
285 265 287 266
359 172 361 173
63 169 64 171
119 166 121 167
208 122 210 123
180 204 183 204
30 32 30 37
141 102 143 103
349 76 352 76
69 218 74 218
42 163 44 164
351 205 356 205
139 328 141 329
91 100 96 100
239 116 240 118
279 82 284 82
207 31 207 36
135 234 136 236
274 286 279 286
68 309 69 311
284 297 289 297
135 79 136 81
82 194 87 194
152 31 153 33
171 15 171 20
369 74 369 79
176 217 181 217
58 269 63 269
124 43 124 48
91 195 92 197
186 140 188 141
244 53 245 55
111 297 116 297
294 288 299 288
55 331 56 333
157 296 161 296
255 98 256 100
73 85 76 85
250 69 250 74
102 288 105 288
61 78 61 83
355 130 357 131
199 332 201 333
333 301 333 306
60 147 60 152
238 272 239 274
335 37 336 39
65 107 66 108
149 68 151 69
247 18 252 18
209 107 210 109
119 137 124 137
223 26 228 26
111 105 116 105
297 182 298 184
219 151 220 153
368 324 373 324
203 71 205 72
22 26 23 28
217 296 219 297
337 6 337 10
372 12 374 13
17 3 19 4
161 48 162 49
314 51 316 52
236 249 241 249
51 138 56 138
306 232 306 237
204 66 209 66
192 62 197 62
153 186 158 186
239 254 240 256
20 126 21 128
94 146 99 146
108 324 113 324
258 302 263 302
368 157 368 162
365 231 367 232
279 101 281 102
209 4 209 9
196 117 198 118
161 282 163 283
342 136 347 136
167 308 172 308
303 267 304 269
280 36 285 36
67 227 67 232
272 209 277 209
369 103 374 103
196 27 196 32
3 11 4 13
45 212 47 213
143 121 144 123
50 295 55 295
86 327 91 327
315 189 320 189
28 3 28 8
336 16 338 17
318 211 319 213
202 280 204 281
233 82 238 82
127 23 129 24
16 276 17 278
161 67 164 67
313 48 318 48
266 49 267 51
154 273 159 273
244 208 249 208
112 14 114 15
159 18 164 18
95 60 96 62
158 272 163 272
213 218 213 223
201 195 206 195
134 296 139 296
84 328 85 329
125 140 126 142
213 4 213 9
82 257 87 257
55 181 56 183
292 264 293 266
340 180 341 182
311 307 312 309
184 322 188 322
369 259 369 264
269 216 274 216
354 78 355 80
207 267 209 268
11 161 16 161
91 269 92 271
292 194 297 194
139 12 141 13
99 319 100 321
9 216 9 221
98 83 100 84
77 149 79 150
125 275 129 275
33 20 38 20
147 209 148 211
74 0 76 1
144 86 146 87
4 41 5 43
324 133 324 138
70 275 75 275
206 0 206 5
22 104 26 104
349 117 349 122
292 227 294 228
238 275 240 276
117 169 122 169
206 197 208 198
15 116 16 118
300 245 305 245
212 193 217 193
248 232 250 233
60 110 61 112
209 46 214 46
215 209 216 211
27 83 28 85
262 277 267 277
117 111 119 112
75 172 77 173
309 50 314 50
186 14 186 19
198 317 199 318
97 61 99 62
227 218 232 218
114 89 115 91
86 48 88 49
335 167 340 167
337 180 339 181
52 219 57 219
208 27 213 27
124 322 129 322
84 65 86 66
70 194 75 194
317 146 322 146
46 316 46 321
122 111 123 113
33 124 34 126
281 211 285 211
206 137 208 138
336 18 337 20
359 240 360 242
178 211 183 211
104 178 106 179
195 236 196 238
106 236 107 238
23 224 28 224
212 165 214 166
175 330 176 332
21 327 21 332
250 1 255 1
67 294 72 294
128 232 133 232
229 243 230 245
299 135 304 135
6 95 6 100
15 203 20 203
266 309 271 309
301 329 303 330
294 191 295 193
42 287 46 287
156 54 157 56
132 195 133 197
298 140 299 142
358 154 358 159
285 18 285 23
205 154 205 159
168 305 169 307
45 138 50 138
255 101 260 101
234 92 239 92
27 223 32 223
211 241 211 246
358 278 360 279
303 185 305 186
330 111 335 111
187 28 188 30
31 187 36 187
307 208 309 209
90 54 95 54
137 290 138 292
217 194 219 195
253 223 254 225
55 58 55 63
136 13 138 14
231 125 236 125
329 247 334 247
218 113 222 113
5 310 10 310
43 208 45 209
335 314 337 315
75 92 80 92
326 258 331 258
97 63 99 64
111 212 116 212
345 140 350 140
170 111 170 116
218 281 219 283
149 135 154 135
4 248 4 253
60 184 61 186
140 236 145 236
36 273 41 273
19 325 21 326
329 140 331 141
354 303 356 304
349 124 354 124
104 157 109 157
182 17 183 19
76 32 76 37
226 232 226 237
178 81 180 82
54 110 56 111
44 108 45 110
279 40 284 40
241 71 243 72
202 90 203 92
59 3 61 4
165 315 166 317
5 196 7 197
324 318 329 318
240 325 241 327
262 191 267 191
72 327 74 328
139 291 144 291
31 189 33 190
224 15 225 17
171 159 175 159
120 44 121 46
63 167 68 167
184 223 189 223
43 136 48 136
9 252 11 253
54 12 56 13
158 248 160 249
237 222 238 224
120 251 125 251
294 291 299 291
47 208 49 209
219 120 221 121
39 9 44 9
289 281 291 282
301 180 306 180
348 80 349 82
30 58 35 58
38 279 39 281
161 56 162 58
174 305 174 309
23 50 25 51
357 100 362 100
189 69 189 74
49 292 54 292
144 320 146 321
57 122 57 127
182 60 183 62
288 119 290 120
281 93 286 93
13 250 13 255
177 203 182 203
212 110 217 110
157 303 158 305
321 44 322 46
34 211 36 212
328 142 329 144
82 111 87 111
44 250 49 250
70 119 72 120
33 200 33 205
273 22 274 24
140 141 145 141
176 38 181 38
270 221 275 221
93 67 98 67
133 53 135 54
51 155 52 157
133 154 138 154
331 99 331 104
9 120 10 122
237 178 242 178
117 297 118 299
201 259 206 259
112 176 114 177
171 309 172 311
338 169 339 171
194 31 194 36
317 314 322 314
160 288 165 288
168 64 169 66
176 8 181 8
217 304 219 305
88 250 89 252
132 305 133 307
354 69 355 71
96 155 96 160
5 291 5 296
42 293 44 294
40 256 42 257
124 262 126 263
157 193 157 198
263 323 264 325
36 298 41 298
115 210 116 211
219 94 221 95
82 275 84 276
158 54 158 57
109 106 114 106
281 255 282 257
309 27 314 27
16 210 21 210
285 154 285 158
221 64 222 66
316 14 316 19
255 154 256 156
13 245 14 247
334 210 335 212
82 206 87 206
15 61 20 61
225 232 225 237
290 209 292 210
11 254 11 259
174 166 179 166
37 78 42 78
271 13 276 13
24 333 26 334
19 78 21 79
140 188 141 190
56 119 57 121
292 31 297 31
319 130 321 131
313 274 318 274
314 226 314 231
36 244 41 244
296 249 301 249
276 305 276 310
341 71 343 72
303 276 303 281
52 181 54 182
12 9 17 9
315 23 319 23
253 138 254 140
187 248 188 250
267 67 268 69
139 292 144 292
139 64 144 64
185 37 185 42
157 63 159 64
275 242 280 242
185 188 190 188
20 153 21 155
227 23 232 23
53 171 54 173
366 17 367 19
27 226 28 228
288 107 293 107
341 82 342 84
279 86 284 86
117 202 122 202
311 205 311 210
109 87 110 89
6 265 6 270
294 34 299 34
75 225 75 230
265 147 270 147
174 276 175 278
255 279 257 280
227 313 232 313
361 233 363 234
75 326 76 328
98 181 100 182
56 303 61 303
197 10 201 10
314 259 314 264
104 56 104 61
91 325 95 325
35 166 36 168
239 102 244 102
368 58 369 60
45 139 47 140
332 121 337 121
39 92 39 97
76 135 77 137
295 270 300 270
18 164 19 166
78 93 82 93
230 260 235 260
249 140 251 141
50 161 51 163
163 71 168 71
269 168 274 168
236 7 236 12
203 270 208 270
45 34 46 36
172 229 174 230
191 75 196 75
318 198 320 199
140 200 141 202
350 301 352 302
62 21 67 21
181 142 186 142
308 200 313 200
173 268 174 270
3 38 3 43
266 40 266 45
37 111 39 112
112 80 113 82
255 195 260 195
96 302 97 304
297 260 297 265
62 3 64 4
124 281 128 281
69 26 71 27
29 134 29 139
128 316 133 316
63 107 64 109
50 270 55 270
239 186 241 187
360 148 365 148
124 325 126 326
356 227 361 227
339 264 344 264
211 223 211 228
71 121 73 122
140 86 141 88
228 250 229 251
220 209 220 214
291 187 295 187
331 297 332 299
254 151 254 156
67 47 68 49
284 90 286 91
160 235 161 237
84 32 89 32
128 260 130 261
184 299 185 301
98 247 103 247
233 278 234 280
277 48 278 50
280 53 281 55
57 179 59 180
21 320 22 322
275 48 276 50
322 3 324 4
217 316 222 316
20 132 22 133
270 131 275 131
141 36 142 38
293 83 295 84
219 134 220 136
1 119 1 124
332 104 337 104
200 147 204 147
34 304 36 305
101 161 103 162
227 161 231 161
1 71 1 76
284 334 286 335
120 76 125 76
177 242 177 247
326 81 327 83
22 214 23 216
324 111 329 111
226 208 231 208
150 244 155 244
348 168 349 170
209 165 211 166
268 231 268 236
114 143 116 144
92 68 94 69
308 193 309 195
261 41 262 43
121 54 122 56
238 277 240 278
123 139 128 139
86 302 91 302
64 35 69 35
195 248 196 250
68 316 70 317
310 201 315 201
152 90 153 91
135 202 136 203
187 186 192 186
222 56 227 56
288 213 290 214
151 170 156 170
94 50 95 52
335 166 340 166
249 97 249 102
318 177 320 178
269 323 270 325
81 211 81 216
143 287 148 287
131 6 133 7
309 310 314 310
84 157 85 159
221 247 226 247
148 35 152 35
263 62 265 63
141 105 146 105
347 90 349 91
93 222 93 227
164 222 166 223
255 300 255 305
102 113 104 114
290 85 291 87
256 18 257 20
81 309 86 309
212 178 217 178
67 296 69 297
319 291 324 291
74 43 79 43
200 55 204 55
241 260 245 260
356 233 360 233
45 114 50 114
35 82 36 84
297 159 302 159
1 47 1 52
326 108 330 108
15 92 20 92
273 132 273 137
247 148 248 150
331 334 336 334
321 50 326 50
59 107 60 109
178 299 179 301
175 229 175 234
141 143 141 148
52 91 53 93
361 141 366 141
128 160 133 160
34 215 39 215
269 184 270 186
160 76 165 76
237 52 242 52
365 174 366 176
54 94 59 94
360 163 360 168
338 43 339 45
242 272 247 272
297 154 302 154
239 96 244 96
90 305 90 310
280 147 281 149
73 195 74 197
183 194 188 194
204 136 205 138
259 264 261 265
320 17 324 17
133 282 138 282
181 302 183 303
205 215 207 216
243 105 247 105
119 216 124 216
308 32 310 33
17 64 18 66
192 165 193 167
113 104 118 104
36 152 41 152
49 95 54 95
307 83 307 88
70 188 70 193
209 223 210 224
332 56 337 56
281 111 283 112
179 176 184 176
148 273 148 276
276 208 281 208
4 331 5 333
65 276 67 277
248 288 253 288
7 299 8 301
304 67 306 68
269 297 270 299
182 55 184 56
350 268 350 273
25 83 26 85
51 257 52 259
13 231 15 232
310 323 311 325
219 271 221 272
101 316 101 321
27 305 29 306
271 92 276 92
95 319 96 321
9 69 14 69
334 301 334 305
138 204 140 205
317 292 322 292
57 260 61 260
194 279 199 279
9 65 11 66
336 297 338 298
72 324 77 324
71 7 76 7
55 88 56 90
120 114 125 114
51 67 56 67
149 171 154 171
175 145 180 145
75 55 76 57
73 332 78 332
191 76 196 76
204 253 204 258
250 188 250 193
315 21 320 21
64 230 64 235
325 311 330 311
37 8 38 10
31 111 32 113
363 149 368 149
158 277 163 277
259 303 261 304
242 122 243 124
70 91 75 91
238 66 240 67
32 83 32 88
148 88 150 89
244 302 245 304
85 117 86 119
333 310 338 310
277 227 278 229
137 245 138 247
150 3 155 3
320 233 321 235
247 190 247 195
358 21 358 26
163 335 168 335
327 31 332 31
76 252 81 252
224 59 226 60
87 229 92 229
179 136 179 141
133 297 134 299
289 184 294 184
138 50 139 52
134 82 135 84
353 212 358 212
303 45 304 47
37 171 41 171
296 264 296 269
263 176 268 176
180 112 181 114
259 186 264 186
167 228 172 228
242 180 242 185
217 199 222 199
48 223 48 228
218 13 223 13
305 61 306 63
322 81 323 83
263 163 265 164
336 271 341 271
238 76 238 81
77 238 77 243
346 111 348 112
52 14 57 14
24 116 26 117
149 168 150 170
257 268 262 268
272 83 277 83
252 12 253 14
246 260 251 260
187 138 189 139
332 184 333 186
91 66 96 66
138 76 143 76
322 65 324 66
105 37 110 37
149 156 149 161
174 146 175 148
204 171 205 173
167 54 169 55
163 81 165 82
275 166 280 166
67 327 69 328
9 317 10 319
70 333 75 333
168 0 168 5
355 174 357 175
367 31 371 31
20 77 25 77
99 25 101 26
226 62 227 63
198 56 203 56
233 79 235 80
152 237 157 237
260 108 261 110
139 139 144 139
185 196 187 197
372 293 373 295
327 38 327 43
108 161 109 163
320 216 321 218
369 3 370 5
267 171 269 172
206 288 206 293
349 207 354 207
278 254 283 254
93 172 93 177
203 180 208 180
184 107 184 112
364 288 369 288
145 293 146 295
138 32 139 34
326 140 328 141
204 64 206 65
111 12 116 12
241 258 243 259
140 333 142 334
69 132 70 134
245 31 250 31
171 204 173 205
242 243 243 245
0 40 0 45
299 266 300 268
110 207 110 212
162 46 167 46
165 253 165 258
195 278 200 278
231 61 232 63
60 26 65 26
284 210 289 210
149 22 154 22
101 87 102 89
283 170 287 170
204 332 205 334
317 114 322 114
322 245 324 246
292 14 293 16
151 47 156 47
150 163 153 163
182 49 187 49
155 203 160 203
41 307 43 308
360 330 361 332
62 168 67 168
4 172 4 177
8 157 9 159
260 18 261 20
45 106 50 106
87 249 92 249
262 120 262 125
257 44 262 44
54 157 55 159
220 274 222 275
108 38 108 43
100 252 105 252
46 270 47 272
237 290 239 291
372 214 374 215
165 38 169 38
18 96 20 97
22 208 22 213
77 300 78 302
27 48 32 48
237 194 238 196
68 105 71 105
228 326 229 328
53 289 54 291
181 267 186 267
310 149 311 150
350 43 355 43
109 186 109 191
210 293 211 295
364 271 365 273
207 154 207 159
33 278 38 278
315 160 320 160
235 114 240 114
132 214 132 219
93 253 94 255
221 286 221 291
329 326 334 326
372 58 373 60
17 199 22 199
220 39 222 40
244 66 249 66
257 132 258 134
31 270 36 270
332 47 332 50
104 71 105 72
209 317 209 322
96 94 101 94
252 53 253 55
47 34 48 36
173 156 174 158
336 161 337 163
4 48 4 53
50 70 51 71
116 74 121 74
99 249 104 249
115 142 118 142
80 15 85 15
79 54 81 55
205 52 210 52
85 183 87 184
27 278 32 278
211 81 213 82
362 190 363 192
278 47 283 47
6 144 6 149
161 135 162 137
226 296 228 297
366 312 367 314
299 114 301 115
186 107 186 112
234 170 234 174
68 259 70 260
184 137 189 137
96 193 101 193
65 40 68 40
295 114 296 116
38 300 42 300
129 188 131 189
63 43 65 44
271 38 276 38
53 168 58 168
10 279 11 281
12 27 13 29
97 224 98 226
370 306 371 308
35 299 40 299
311 265 316 265
159 172 160 174
284 104 285 106
265 6 267 7
175 81 177 82
367 309 369 310
14 324 14 329
218 329 219 331
193 260 198 260
177 184 178 186
236 182 236 187
179 43 179 48
110 329 112 330
179 126 184 126
20 207 25 207
103 88 105 89
164 77 165 78
90 233 91 235
112 240 116 240
199 47 201 48
180 140 182 141
27 232 28 234
310 98 315 98
334 293 339 293
171 224 172 226
9 289 10 291
6 138 11 138
263 189 268 189
256 240 256 245
105 313 106 315
218 110 219 112
281 20 281 24
347 85 347 89
280 295 281 297
58 219 63 219
68 87 73 87
351 117 353 118
102 332 107 332
161 205 166 205
224 55 229 55
156 23 161 23
296 233 297 235
274 25 274 29
29 227 30 228
166 174 168 175
324 91 324 94
198 78 198 83
356 46 359 46
139 282 144 282
14 23 19 23
103 76 108 76
77 102 82 102
320 68 320 73
203 329 205 330
288 71 289 73
68 326 73 326
178 266 182 266
343 123 343 128
77 54 78 56
38 177 43 177
318 5 319 7
307 264 307 269
115 298 116 300
240 32 245 32
225 151 227 152
296 47 299 47
202 209 207 209
191 123 196 123
293 317 294 319
322 265 324 266
321 69 321 74
51 268 53 269
127 330 128 332
61 220 63 221
274 155 274 158
218 219 220 220
97 124 98 126
109 326 111 327
203 236 204 238
295 264 295 269
272 27 272 32
329 157 330 159
273 9 275 10
373 275 374 277
54 8 54 11
356 287 357 289
335 301 336 303
50 189 52 190
30 258 32 259
358 53 358 58
138 249 143 249
80 41 81 43
362 166 363 168
298 31 303 31
240 202 242 203
157 47 158 49
349 33 349 38
31 68 33 69
76 38 78 39
31 252 33 253
93 114 98 114
7 98 7 103
254 106 259 106
187 178 189 179
111 26 116 26
79 115 84 115
346 69 351 69
326 242 331 242
121 145 122 147
52 112 57 112
175 97 180 97
179 150 180 152
260 46 260 51
19 330 20 332
235 222 236 224
284 201 286 202
1 159 1 164
154 167 155 169
37 242 39 243
105 292 107 293
301 48 303 49
148 256 148 261
42 0 43 2
169 243 169 248
362 99 367 99
70 213 72 214
353 146 358 146
186 299 187 301
77 303 79 304
3 51 3 54
248 170 249 172
153 213 158 213
342 271 347 271
154 155 156 156
41 314 46 314
82 183 84 184
177 59 182 59
128 290 133 290
104 117 106 118
108 34 109 36
197 236 199 237
117 282 122 282
13 125 13 130
71 320 76 320
243 85 247 85
249 23 253 23
301 52 306 52
273 224 275 225
165 298 170 298
15 125 15 130
51 5 53 6
162 274 167 274
197 242 197 247
195 253 195 258
221 202 221 207
250 253 251 255
204 306 206 307
298 222 303 222
199 174 204 174
181 145 183 146
65 180 66 182
327 52 327 57
348 101 353 101
90 250 94 250
197 26 197 31
344 79 344 84
157 27 162 27
97 191 102 191
355 93 356 95
0 82 0 87
34 31 39 31
330 282 332 283
105 271 109 271
282 84 284 85
145 42 146 44
190 207 192 208
286 80 288 81
120 320 122 321
256 136 261 136
278 284 283 284
178 86 178 91
208 28 209 29
191 116 196 116
169 309 170 311
27 238 27 243
184 234 186 235
211 107 212 109
314 200 319 200
234 207 239 207
107 165 112 165
78 186 79 188
326 132 326 137
272 94 274 95
139 14 144 14
128 183 133 183
294 261 294 266
308 220 310 221
67 128 72 128
197 106 198 108
219 204 220 206
360 23 365 23
26 290 27 292
59 198 60 200
87 81 88 83
356 42 358 43
69 286 74 286
26 146 26 151
350 250 355 250
218 139 220 140
253 43 254 45
261 116 263 117
141 161 142 163
123 54 124 56
181 58 185 58
211 13 212 15
48 21 53 21
298 211 299 213
343 334 348 334
371 274 372 276
205 133 210 133
72 193 77 193
322 98 325 98
308 271 309 273
128 7 129 9
139 264 141 265
263 174 268 174
313 6 315 7
86 182 91 182
8 74 9 76
161 79 163 80
92 10 93 12
29 238 29 243
351 4 352 6
213 107 214 109
40 325 42 326
242 113 243 115
99 297 104 297
156 167 157 169
88 209 88 214
51 22 53 23
113 152 114 154
8 235 9 237
243 236 245 237
181 281 186 281
219 254 224 254
230 104 231 106
31 202 31 207
295 274 300 274
250 258 252 259
250 124 251 126
135 290 136 292
81 65 83 66
25 237 30 237
119 140 124 140
359 86 360 87
8 219 8 224
206 329 206 334
264 77 265 79
179 60 179 65
78 246 79 248
311 28 312 30
317 297 318 299
212 134 213 136
68 184 69 186
334 213 337 213
316 305 318 306
172 52 177 52
211 148 211 153
49 331 50 333
66 209 71 209
208 47 209 49
11 44 12 46
88 142 90 143
310 13 311 15
52 230 54 231
268 28 269 30
298 286 300 287
49 193 50 195
344 213 344 218
16 213 16 218
249 152 250 154
346 324 351 324
220 276 222 277
329 10 334 10
52 313 52 318
226 190 228 191
336 94 338 95
45 170 50 170
224 53 226 54
191 39 192 41
118 227 120 228
246 125 249 125
75 218 80 218
143 286 148 286
374 189 374 193
184 272 185 274
301 304 306 304
20 94 25 94
332 51 333 53
311 18 312 20
100 192 105 192
156 46 161 46
166 297 171 297
277 170 282 170
341 295 341 300
358 88 360 89
205 280 207 281
108 81 108 86
181 106 186 106
101 294 102 296
73 224 73 229
326 293 326 298
2 14 2 19
310 232 310 237
201 154 203 155
368 286 370 287
222 262 226 262
239 211 244 211
198 125 198 130
36 153 41 153
251 332 252 334
222 202 223 204
275 91 280 91
127 2 129 3
173 242 173 247
55 325 57 326
278 125 283 125
76 186 77 188
371 244 372 246
18 31 18 36
327 151 332 151
203 183 204 185
94 215 96 216
85 71 90 71
127 179 132 179
70 327 71 329
235 182 235 187
290 22 295 22
35 119 40 119
20 72 22 73
202 217 203 219
156 302 156 307
334 240 336 241
24 102 29 102
182 299 183 301
98 273 102 273
254 108 254 113
222 46 224 47
358 217 360 218
353 210 355 211
280 322 285 322
185 254 186 256
280 129 282 130
29 22 34 22
258 71 260 72
131 212 131 217
101 305 103 306
361 88 362 90
188 44 190 45
326 232 331 232
41 184 43 185
88 267 90 268
72 329 74 330
237 283 242 283
9 329 11 330
103 19 106 19
57 323 62 323
191 264 193 265
242 235 242 240
308 293 309 295
277 35 282 35
219 188 221 189
289 42 294 42
286 104 287 106
14 138 14 141
204 230 209 230
279 127 281 128
14 94 19 94
362 330 363 332
134 129 139 129
116 97 116 102
119 226 124 226
86 244 86 249
77 2 78 3
227 311 229 312
1 5 2 7
61 165 66 165
191 187 193 188
158 327 159 329
319 150 321 151
354 330 356 331
251 214 252 216
269 126 270 128
181 116 181 121
72 307 73 309
120 107 125 107
157 119 158 121
274 147 275 149
232 243 232 248
4 212 4 217
53 220 54 221
211 157 213 158
70 147 75 147
67 22 68 23
323 319 328 319
190 297 192 298
233 296 234 298
212 288 212 293
223 315 225 316
219 261 224 261
292 102 294 103
79 56 84 56
248 190 248 195
332 301 332 306
144 335 149 335
92 130 93 132
31 83 31 88
186 9 191 9
57 220 58 222
293 178 298 178
305 9 307 10
285 24 290 24
49 183 54 183
277 270 279 271
118 199 120 200
363 24 364 26
252 284 257 284
23 83 24 85
9 95 14 95
36 188 37 190
354 198 359 198
78 35 79 37
343 165 344 167
133 174 134 176
89 262 94 262
33 329 38 329
25 52 25 57
320 156 325 156
122 4 123 6
2 252 2 257
293 239 295 240
27 61 32 61
227 294 229 295
125 287 130 287
330 210 331 212
55 136 57 137
59 238 64 238
45 274 45 279
219 264 224 264
353 262 353 267
146 38 147 39
66 289 68 290
88 192 93 192
325 323 330 323
157 50 159 51
0 106 0 111
219 246 223 246
64 316 65 318
348 33 348 38
147 256 147 261
209 333 214 333
17 306 18 308
11 67 16 67
276 230 278 231
125 79 126 81
208 194 210 195
12 151 14 152
231 29 236 29
224 104 225 106
304 75 305 77
139 43 140 45
0 58 0 63
250 264 255 264
372 174 374 175
186 245 188 246
345 181 346 183
252 328 254 329
243 283 245 284
287 217 292 217
183 293 184 295
63 146 63 151
53 105 54 107
173 87 173 92
257 157 259 158
284 320 286 321
187 239 189 240
215 37 216 39
314 13 318 13
45 117 47 118
70 169 75 169
204 69 205 70
174 312 176 313
74 103 79 103
146 231 147 233
191 152 192 154
161 265 166 265
352 180 353 182
267 142 268 144
338 104 343 104
367 317 372 317
97 253 98 255
224 6 226 7
107 181 112 181
244 12 245 14
189 42 194 42
148 142 153 142
352 327 354 328
193 145 195 146
119 104 124 104
224 267 224 272
208 139 210 140
140 118 145 118
363 110 368 110
172 46 174 47
350 253 355 253
17 194 22 194
294 283 299 283
181 82 186 82
197 39 198 41
91 305 91 310
64 266 66 267
355 28 358 28
94 124 96 125
257 311 262 311
7 29 9 30
333 276 338 276
125 304 130 304
275 169 280 169
244 122 246 123
189 119 194 119
265 92 270 92
19 65 21 66
116 6 117 8
337 334 342 334
260 202 265 202
85 50 87 51
247 289 252 289
76 116 81 116
235 299 239 299
45 20 50 20
5 198 5 203
309 18 310 20
190 98 190 103
107 289 108 291
215 304 216 305
251 265 255 265
33 92 35 93
71 316 73 317
252 97 252 102
87 17 92 17
127 136 132 136
222 37 224 38
49 334 51 335
352 148 353 150
316 67 317 69
147 62 149 63
259 97 261 98
333 135 335 136
131 91 132 93
237 93 242 93
319 54 319 59
15 95 20 95
12 307 16 307
187 109 192 109
229 277 234 277
358 280 358 285
256 47 257 49
367 73 371 73
217 6 218 8
235 241 235 246
196 36 197 38
333 4 334 6
102 320 103 321
100 155 102 156
7 142 12 142
141 187 146 187
58 139 60 140
114 180 119 180
355 292 356 294
158 167 160 168
340 262 342 263
277 0 279 1
349 243 351 244
167 231 172 231
22 164 22 169
123 143 128 143
143 250 148 250
348 150 349 152
36 0 41 0
246 204 251 204
138 143 138 148
126 188 128 189
76 311 80 311
151 305 151 310
319 48 324 48
352 22 354 23
287 165 289 166
253 273 257 273
120 47 121 49
156 3 160 3
322 173 327 173
27 31 28 33
341 307 343 308
34 55 35 57
319 171 321 172
200 78 202 79
40 64 42 65
0 290 5 290
113 317 114 319
71 170 76 170
208 280 210 281
49 153 54 153
23 251 24 253
227 88 232 88
352 299 354 300
232 208 233 210
294 111 295 113
295 56 300 56
285 9 287 10
0 159 0 164
46 127 46 132
150 13 150 18
202 293 202 298
344 113 349 113
174 241 174 246
157 149 157 154
259 92 264 92
299 301 303 301
296 175 298 176
99 276 104 276
52 102 53 104
357 49 359 50
14 176 15 178
73 29 74 31
319 274 324 274
21 198 26 198
194 173 199 173
325 128 330 128
371 170 371 175
217 23 218 25
208 167 210 168
28 134 28 139
103 38 105 39
6 285 6 290
46 108 47 110
285 0 286 2
241 117 243 118
264 120 264 124
206 69 208 70
229 135 231 136
126 186 128 187
327 44 328 46
210 47 211 49
235 215 236 217
95 42 96 44
141 304 146 304
223 39 228 39
344 250 349 250
98 170 98 175
95 32 96 34
243 0 243 5
349 125 354 125
138 0 143 0
349 334 354 334
16 231 16 236
320 47 325 47
20 167 21 169
69 263 70 265
146 144 147 146
204 115 205 117
156 204 157 206
11 163 16 163
363 307 366 307
79 73 81 74
149 306 149 311
262 309 265 309
138 188 139 190
236 122 238 123
356 22 356 27
253 183 258 183
123 191 128 191
255 151 256 153
362 37 366 37
306 202 307 204
318 15 319 17
296 191 301 191
231 201 236 201
237 76 237 81
239 146 240 148
353 268 358 268
21 235 21 240
177 269 179 270
351 157 356 157
51 77 53 78
32 330 37 330
276 127 278 128
179 121 180 123
204 12 209 12
98 151 98 156
121 151 122 153
50 271 55 271
193 130 195 131
119 195 120 196
216 204 218 205
371 15 374 15
290 255 291 257
58 22 60 23
69 334 71 335
120 106 125 106
185 233 190 233
277 262 278 264
187 275 189 276
122 221 123 223
89 311 94 311
31 256 36 256
82 14 87 14
118 106 119 108
62 272 62 277
240 167 244 167
372 309 373 310
345 0 346 2
160 87 165 87
23 199 28 199
3 317 8 317
323 108 325 109
47 78 48 80
153 305 153 310
349 208 351 209
326 9 327 11
301 195 303 196
44 44 44 49
367 97 369 98
245 44 245 49
67 222 72 222
280 203 282 204
124 279 129 279
306 75 307 77
167 265 168 267
36 317 40 317
265 3 266 5
216 21 216 26
5 11 5 16
88 150 90 151
189 65 194 65
351 153 353 154
340 183 342 184
301 42 306 42
79 84 80 86
150 320 152 321
332 258 337 258
263 242 265 243
237 124 241 124
348 60 349 62
90 316 91 317
159 55 164 55
348 297 350 298
77 195 79 196
251 232 253 233
315 122 320 122
323 0 325 1
130 212 130 217
76 160 81 160
222 89 225 89
348 103 349 104
28 106 33 106
303 251 304 253
84 6 89 6
297 6 297 11
237 329 242 329
78 172 83 172
243 42 248 42
349 123 354 123
125 181 127 182
67 85 72 85
221 248 226 248
244 71 244 76
306 228 307 230
319 195 321 196
302 75 303 77
20 49 22 50
196 274 197 276
275 240 277 241
115 155 117 156
25 331 27 332
323 105 325 106
107 178 109 179
296 303 301 303
42 37 47 37
263 183 264 185
39 55 40 57
140 15 142 16
140 50 145 50
280 20 280 24
11 162 16 162
302 114 304 115
187 316 192 316
137 135 142 135
103 329 105 330
288 265 288 270
150 188 151 190
276 113 276 118
368 118 370 119
194 171 196 172
342 7 347 7
226 84 228 85
250 312 251 314
283 42 288 42
109 24 110 26
118 53 123 53
28 238 28 243
337 54 340 54
155 231 160 231
216 14 221 14
213 251 215 252
9 14 11 15
270 310 270 315
47 102 49 103
12 65 14 66
58 112 59 114
112 33 113 35
236 212 237 214
267 197 268 199
362 160 362 165
279 9 281 10
267 231 267 236
182 231 187 231
214 81 216 82
177 298 182 298
241 111 241 116
46 274 46 279
206 59 211 59
365 322 370 322
315 205 316 207
131 135 136 135
90 146 91 148
98 218 98 223
150 306 150 311
26 170 31 170
1 258 2 260
189 60 194 60
119 120 121 121
325 62 326 64
365 301 367 302
74 187 74 192
119 280 120 281
363 135 368 135
275 332 279 332
321 79 326 79
314 290 319 290
335 278 340 278
171 43 172 45
211 277 216 277
73 47 75 48
353 103 355 104
193 236 194 238
1 261 6 261
197 225 197 230
331 300 336 300
350 245 351 247
98 77 100 78
9 54 9 59
332 38 334 39
348 224 353 224
94 222 94 227
208 283 210 284
118 168 123 168
342 111 343 113
164 204 169 204
10 146 11 148
351 216 352 218
188 106 190 107
80 233 85 233
215 288 215 293
154 40 155 42
237 219 242 219
221 84 222 86
49 79 51 80
320 253 325 253
132 320 134 321
350 335 355 335
116 39 118 40
173 213 178 213
41 202 42 204
252 190 253 192
276 224 278 225
338 253 343 253
354 0 355 2
251 241 251 246
15 32 15 37
237 167 239 168
346 106 351 106
314 127 319 127
142 223 146 223
234 324 238 324
58 164 62 164
51 288 52 290
374 19 374 23
284 71 285 73
367 181 369 182
264 244 264 249
82 9 87 9
129 36 130 38
98 4 100 5
83 181 85 182
289 48 290 50
45 169 50 169
208 241 208 246
335 113 336 115
168 320 169 322
314 62 319 62
21 200 22 202
8 202 8 207
71 29 71 34
252 92 257 92
85 150 87 151
273 27 273 32
264 59 265 61
100 313 100 318
261 154 262 156
295 122 296 124
242 212 244 213
336 282 338 283
251 2 256 2
243 73 243 78
170 38 175 38
28 127 30 128
131 284 132 286
198 252 198 257
177 196 178 198
351 77 352 79
79 265 84 265
175 184 176 186
349 330 350 331
197 248 198 250
100 116 105 116
307 147 309 148
43 259 44 260
268 310 269 312
276 9 278 10
353 292 354 294
97 88 98 90
38 208 40 209
154 123 155 125
117 206 122 206
278 21 278 26
94 39 94 44
237 144 239 145
214 1 216 2
348 7 351 7
132 300 133 302
284 53 285 55
175 279 180 279
95 48 97 49
287 84 289 85
57 31 57 36
342 204 344 205
355 217 357 218
96 25 98 26
58 67 58 72
72 129 72 134
240 0 240 5
193 186 198 186
172 105 174 106
42 92 42 97
144 65 145 67
339 23 344 23
244 0 244 5
270 224 272 225
228 62 228 66
30 15 31 17
306 11 308 12
327 90 328 92
223 86 228 86
149 45 150 47
206 71 207 72
269 300 271 301
152 185 157 185
59 192 64 192
63 152 64 154
30 141 31 143
278 157 279 159
154 322 159 322
356 276 356 281
42 316 42 321
238 212 239 214
284 161 286 162
88 41 89 43
143 135 148 135
289 144 289 149
93 22 95 23
240 30 242 31
24 81 29 81
36 129 41 129
179 192 184 192
367 77 367 82
368 304 370 305
18 9 19 11
119 181 119 186
131 227 135 227
258 297 259 299
335 152 337 153
349 295 354 295
160 131 165 131
122 164 123 166
116 0 121 0
278 192 283 192
97 65 98 66
130 106 132 107
238 318 243 318
119 178 121 179
300 69 300 74
185 320 190 320
27 203 28 205
299 24 299 29
20 235 20 240
333 282 335 283
160 118 161 120
314 81 315 83
157 260 159 261
321 282 323 283
49 217 53 217
16 141 21 141
294 51 299 51
30 264 35 264
234 50 239 50
63 99 68 99
212 177 217 177
111 86 111 91
314 63 319 63
348 63 350 64
351 100 356 100
75 187 75 192
197 99 198 101
214 4 214 8
96 3 99 3
253 28 255 29
200 33 200 38
187 302 189 303
90 37 91 38
148 82 153 82
324 172 329 172
180 205 182 206
256 144 256 149
372 189 373 191
42 211 47 211
60 67 60 72
313 300 313 303
2 174 2 179
52 47 53 49
81 17 86 17
369 158 369 163
224 192 226 193
288 206 290 207
177 272 177 276
116 140 118 141
275 66 276 68
35 111 36 113
89 136 91 137
102 196 107 196
334 139 335 141
57 236 58 238
13 70 14 72
246 175 247 177
37 18 39 19
215 269 220 269
233 67 235 68
0 130 0 135
224 202 225 204
196 204 201 204
362 133 367 133
292 286 294 287
183 95 184 97
209 91 214 91
118 204 120 205
223 222 225 223
109 68 110 70
41 119 46 119
167 166 168 168
94 305 94 310
336 312 338 313
139 323 140 325
279 333 281 334
226 241 231 241
50 152 55 152
269 132 270 134
150 233 155 233
308 280 313 280
107 95 112 95
140 129 143 129
105 212 105 217
277 111 278 113
334 173 335 174
279 314 281 315
371 87 372 89
83 259 85 260
233 230 234 232
365 65 366 67
271 36 273 37
22 285 23 287
154 279 156 280
211 55 216 55
364 172 364 176
8 294 10 295
296 17 296 22
25 171 30 171
107 49 108 51
62 11 67 11
58 329 63 329
230 229 234 229
296 111 297 113
43 91 43 96
273 114 273 119
74 307 79 307
92 278 93 280
352 329 357 329
182 150 182 155
3 234 8 234
261 300 263 301
350 126 352 127
63 19 65 20
303 13 303 17
344 143 349 143
13 239 14 241
101 250 106 250
90 60 92 61
40 35 41 37
32 166 34 167
127 249 132 249
239 190 240 191
53 146 54 148
268 4 270 5
193 74 198 74
139 90 144 90
340 193 345 193
147 42 147 47
218 106 223 106
206 27 207 29
320 173 321 175
158 286 163 286
137 323 138 325
134 214 134 219
254 18 255 20
275 156 280 156
45 246 49 246
195 306 197 307
295 246 300 246
239 174 244 174
289 104 290 106
215 120 217 121
94 9 95 11
126 1 130 1
213 159 215 160
297 327 299 328
330 207 331 209
364 308 369 308
56 69 56 74
257 41 258 43
116 4 118 5
162 64 167 64
340 248 342 249
271 25 273 26
127 262 129 263
353 184 355 185
197 233 202 233
211 237 212 239
57 263 61 263
7 71 7 76
169 202 173 202
84 19 86 20
22 245 23 247
267 70 272 70
322 294 323 296
303 327 305 328
358 206 363 206
265 88 267 89
32 55 33 57
12 11 13 13
174 35 179 35
57 185 59 186
27 270 29 271
114 160 115 162
98 245 99 246
251 74 251 79
327 100 328 102
124 163 125 165
219 37 221 38
312 311 313 313
183 47 188 47
187 283 189 284
272 67 274 68
163 10 165 11
94 58 96 59
338 227 339 229
309 189 310 191
142 221 147 221
326 230 331 230
274 135 276 136
130 262 131 264
301 296 303 297
306 264 306 269
180 195 184 195
367 10 368 12
140 57 141 59
199 316 204 316
343 0 344 2
10 300 11 302
162 39 163 41
141 62 143 63
130 44 132 45
185 107 185 112
284 165 286 166
44 66 46 67
24 108 26 109
362 180 363 182
165 250 166 252
103 191 108 191
201 25 201 30
362 52 363 54
363 39 368 39
355 137 356 139
45 133 47 134
179 228 184 228
167 250 167 255
325 226 326 228
74 49 79 49
9 321 11 322
57 255 58 257
229 184 229 189
84 310 89 310
153 333 158 333
283 246 288 246
103 272 108 272
125 284 126 286
18 52 20 53
53 232 55 233
47 210 52 210
232 202 233 204
239 297 244 297
288 20 289 22
17 153 19 154
213 274 216 274
327 93 332 93
177 222 181 222
247 36 252 36
70 331 74 331
291 136 296 136
158 294 163 294
119 210 120 212
169 145 174 145
14 268 19 268
119 22 120 24
242 262 247 262
303 129 308 129
312 3 313 5
202 309 207 309
45 38 50 38
121 154 126 154
129 320 131 321
12 262 14 263
202 51 204 52
70 232 71 234
83 271 84 273
163 48 164 50
206 81 210 81
137 258 138 260
337 112 338 113
159 0 160 2
66 123 66 128
289 92 293 92
372 0 373 2
194 316 194 321
262 303 264 304
188 216 190 217
364 62 369 62
371 136 371 141
150 209 155 209
61 227 66 227
81 294 86 294
339 110 344 110
360 244 362 245
126 76 127 78
179 69 181 70
61 171 62 173
88 122 93 122
314 250 319 250
275 6 280 6
356 250 361 250
315 129 320 129
312 162 313 164
46 48 48 49
171 30 171 34
45 17 50 17
92 124 93 126
136 127 141 127
302 325 303 326
158 259 163 259
210 220 211 222
233 177 234 179
174 6 175 8
354 101 359 101
311 32 315 32
191 129 192 131
366 77 366 82
165 216 170 216
264 33 266 34
195 142 196 144
138 128 143 128
9 239 10 241
236 48 241 48
363 94 365 95
71 176 76 176
125 70 130 70
251 294 256 294
125 135 130 135
231 120 233 121
108 311 110 312
61 272 61 277
341 245 343 246
271 278 276 278
234 107 236 108
8 98 9 100
175 191 176 193
168 218 171 218
195 288 196 290
257 144 257 149
45 78 46 80
65 282 70 282
91 64 93 65
206 299 207 301
362 113 364 114
292 2 292 7
301 197 306 197
189 258 191 259
349 180 351 181
109 272 114 272
57 67 57 72
175 27 180 27
322 57 324 58
93 190 98 190
270 12 275 12
76 157 81 157
100 194 105 194
363 87 364 89
304 83 304 88
253 152 253 157
232 284 237 284
68 24 73 24
349 237 350 238
153 187 158 187
48 252 48 257
153 35 154 36
209 104 211 105
31 24 36 24
105 289 106 291
133 22 138 22
202 311 204 312
28 184 32 184
4 228 5 230
22 301 23 303
120 185 121 186
182 285 187 285
319 112 321 113
163 31 164 33
217 17 217 22
147 186 152 186
344 123 344 128
69 283 71 284
62 115 67 115
166 39 168 40
56 54 61 54
162 65 167 65
106 287 108 288
268 296 268 301
64 79 65 81
200 264 202 265
265 232 265 237
367 111 368 112
37 292 42 292
95 259 97 260
23 69 23 74
90 53 95 53
85 161 85 166
187 51 192 51
268 313 269 315
216 50 221 50
56 115 61 115
341 92 341 97
56 56 57 58
299 202 300 204
232 28 237 28
211 123 212 125
113 246 114 248
329 125 330 127
181 52 182 54
194 274 195 276
237 23 242 23
331 156 333 157
167 243 167 248
6 271 6 276
149 271 150 273
178 62 178 67
241 300 246 300
95 83 97 84
56 21 61 21
202 204 207 204
38 222 43 222
262 39 267 39
114 86 115 88
293 161 295 162
207 288 207 293
94 92 95 94
57 279 62 279
337 169 337 174
325 130 327 131
305 43 310 43
283 281 285 282
342 161 343 163
103 56 103 61
360 318 362 319
241 275 242 277
311 78 311 83
370 293 371 295
332 79 334 80
316 269 321 269
275 237 277 238
91 32 92 34
210 134 211 136
42 129 42 134
296 161 298 162
188 108 193 108
155 215 160 215
11 93 16 93
247 3 247 8
333 33 338 33
55 292 60 292
349 198 350 200
236 305 238 306
167 31 168 33
44 82 46 83
128 19 129 21
222 73 224 74
367 108 372 108
288 222 289 224
334 51 335 53
282 15 284 16
158 164 162 164
336 291 338 292
353 165 354 167
301 60 301 65
96 289 98 290
339 325 344 325
294 159 296 160
183 140 185 141
360 251 365 251
178 229 180 230
298 331 300 332
260 297 261 299
242 246 242 249
147 271 148 272
71 0 73 1
319 240 321 241
237 100 239 101
297 129 302 129
256 60 257 62
251 202 253 203
68 11 69 13
239 200 244 200
300 57 300 62
184 275 186 276
75 80 80 80
68 198 69 200
1 44 2 46
16 288 21 288
189 304 190 306
94 130 95 132
372 5 373 7
154 173 154 178
319 323 320 325
302 60 302 65
149 220 154 220
296 329 297 331
76 256 77 258
279 160 279 164
129 14 130 16
219 128 220 130
282 9 284 10
165 213 166 215
46 327 51 327
246 92 251 92
339 116 344 116
249 156 250 158
289 52 294 52
326 243 331 243
119 240 120 242
286 117 287 119
113 330 118 330
193 297 195 298
71 185 76 185
147 53 148 55
156 197 156 202
150 295 155 295
204 121 209 121
84 231 86 232
155 120 156 122
62 184 63 186
43 113 48 113
93 63 96 63
135 43 136 45
85 171 90 171
235 153 237 154
45 63 46 65
42 223 42 228
2 147 2 152
103 152 104 154
37 128 42 128
323 288 327 288
279 298 281 299
104 133 105 135
0 227 0 232
130 8 132 9
91 186 96 186
180 299 181 301
89 288 91 289
149 53 150 55
374 158 374 163
79 78 84 78
195 234 200 234
47 288 48 290
212 330 213 332
156 287 161 287
260 99 262 100
333 181 334 183
255 56 256 58
321 177 323 178
146 98 147 100
282 265 284 266
124 291 126 292
332 232 337 232
180 166 180 171
235 105 237 106
49 247 50 249
28 244 29 246
107 230 112 230
249 95 254 95
372 229 373 231
171 188 172 190
34 188 35 190
301 251 301 256
24 214 25 216
349 186 351 187
80 259 82 260
292 328 296 328
293 48 294 50
136 57 137 59
289 81 294 81
267 333 272 333
369 87 370 89
248 312 249 314
280 215 285 215
48 303 48 308
365 275 370 275
112 29 117 29
172 21 173 23
281 64 282 66
187 205 192 205
88 261 93 261
26 115 31 115
98 260 103 260
297 227 301 227
355 276 355 281
352 208 352 212
282 243 287 243
268 220 273 220
345 135 350 135
140 178 141 180
34 69 39 69
15 69 15 74
205 196 210 196
285 29 287 30
279 74 280 76
135 91 137 92
263 205 268 205
248 77 248 82
103 75 108 75
56 0 57 2
50 82 51 84
129 156 134 156
364 30 366 31
349 70 351 71
271 331 276 331
12 81 13 83
349 314 350 316
123 189 125 190
289 270 294 270
171 197 176 197
273 237 273 242
295 225 296 227
174 205 177 205
350 15 351 17
366 0 367 2
109 243 110 245
290 264 291 266
188 231 193 231
92 232 93 234
206 175 211 175
266 63 271 63
192 241 197 241
102 167 107 167
366 221 367 223
24 238 25 240
315 165 315 170
271 33 272 35
73 211 74 213
49 34 51 35
41 223 41 228
187 3 188 5
263 216 268 216
201 271 206 271
216 186 218 187
370 13 370 18
344 66 346 67
197 174 198 176
140 158 140 163
115 274 120 274
249 199 254 199
105 285 110 285
4 128 4 133
273 302 274 304
84 322 85 324
274 104 275 106
268 88 270 89
335 304 337 305
298 233 303 233
54 29 59 29
53 234 55 235
286 289 291 289
68 300 73 300
125 259 127 260
280 111 280 116
350 3 355 3
313 304 318 304
283 304 283 309
254 62 255 64
230 75 235 75
59 153 60 155
34 248 39 248
227 0 228 1
191 165 191 170
178 312 178 317
39 12 44 12
31 219 33 220
356 29 361 29
331 316 336 316
162 209 163 211
158 169 163 169
22 134 24 135
346 142 351 142
353 93 354 95
366 129 371 129
242 165 247 165
260 308 265 308
51 299 51 304
202 332 203 333
323 314 328 314
10 176 11 178
223 133 228 133
221 197 223 198
283 213 285 214
350 173 351 175
131 36 132 38
101 185 106 185
43 61 45 62
297 160 302 160
242 273 244 274
15 273 15 278
26 201 31 201
66 313 71 313
62 46 67 46
281 137 286 137
263 24 268 24
152 278 153 280
274 237 274 242
37 166 39 167
264 149 266 150
267 274 268 276
73 32 74 34
280 293 282 294
272 44 273 46
101 43 102 45
234 202 235 204
336 155 337 157
154 262 155 264
5 45 10 45
233 57 238 57
51 59 51 64
39 181 44 181
123 206 128 206
273 65 278 65
245 211 250 211
256 208 261 208
279 185 284 185
44 168 49 168
118 232 119 234
279 210 283 210
239 235 239 240
335 263 337 264
162 53 164 54
123 115 124 117
245 109 247 110
234 83 239 83
189 25 194 25
334 193 335 195
132 247 136 247
256 63 258 64
109 295 111 296
221 326 223 327
275 94 280 94
209 120 214 120
252 253 253 255
2 186 4 187
91 142 93 143
24 36 29 36
247 93 249 94
266 102 266 107
164 224 165 226
66 310 67 312
214 163 219 163
85 153 86 155
248 69 248 74
146 235 148 236
18 108 20 109
221 88 226 88
370 194 371 196
114 44 115 46
163 214 164 216
303 61 304 63
301 205 302 207
195 166 196 168
248 2 248 7
350 117 350 122
221 307 222 309
174 187 178 187
62 299 63 301
344 111 345 112
57 133 58 135
223 173 228 173
196 90 197 92
331 112 336 112
259 153 260 155
8 164 13 164
335 326 340 326
341 53 346 53
241 0 241 5
211 270 213 271
148 38 150 39
113 178 115 179
370 142 372 143
256 253 257 255
37 213 39 214
1 218 1 223
19 237 19 240
354 40 359 40
223 274 224 276
130 130 132 131
3 326 5 327
307 270 312 270
248 209 253 209
236 302 237 304
20 91 24 91
25 144 27 145
97 45 98 47
53 313 53 318
231 301 236 301
112 198 112 203
243 252 248 252
184 145 186 146
119 41 121 42
245 311 245 314
276 2 281 2
119 265 124 265
273 230 275 231
265 244 265 249
131 243 136 243
269 189 274 189
370 104 371 105
67 175 72 175
115 259 115 264
44 266 49 266
16 125 16 130
165 295 167 296
104 115 109 115
49 60 49 65
326 0 328 1
348 29 350 30
364 40 366 41
99 293 104 293
235 194 236 196
100 287 105 287
8 288 8 293
106 144 107 146
165 4 165 9
147 36 152 36
118 6 119 8
86 103 91 103
186 170 187 172
153 72 158 72
369 100 370 102
151 235 151 238
185 318 190 318
127 255 129 256
80 177 80 182
130 291 132 292
324 294 325 296
84 198 86 199
271 141 276 141
154 60 156 61
338 79 340 80
284 44 285 46
104 280 106 281
123 63 128 63
174 195 179 195
205 177 207 178
76 122 81 122
137 132 139 133
78 299 83 299
65 74 69 74
20 229 20 234
271 88 273 89
247 168 252 168
102 283 107 283
275 334 278 334
38 39 43 39
197 238 202 238
50 134 52 135
111 48 112 50
37 183 42 183
233 195 234 197
358 287 359 289
91 112 92 114
140 99 142 100
243 156 248 156
57 302 62 302
150 230 151 232
73 325 78 325
98 103 102 103
333 267 338 267
99 290 100 292
191 217 196 217
1 125 2 127
327 15 328 17
319 13 324 13
309 300 311 301
100 29 105 29
284 209 289 209
201 268 202 270
77 60 77 65
362 172 362 177
297 125 299 126
150 218 155 218
267 0 267 5
293 236 294 238
49 76 50 78
241 126 246 126
45 75 47 76
217 179 218 181
213 74 213 79
365 292 366 294
243 286 244 288
333 321 335 322
125 309 127 310
47 303 47 308
352 163 354 164
335 65 336 67
101 181 106 181
54 201 55 203
177 24 178 26
72 104 74 105
267 217 272 217
304 260 305 262
62 80 63 82
166 4 166 9
3 304 4 306
290 300 292 301
351 316 356 316
165 59 167 60
369 64 369 69
289 298 289 303
323 99 324 101
183 45 187 45
314 37 316 38
192 105 196 105
244 227 247 227
195 60 200 60
10 144 15 144
180 9 185 9
178 165 183 165
275 317 280 317
361 24 362 26
143 214 145 215
101 4 103 5
27 321 32 321
258 173 263 173
283 323 284 325
338 108 343 108
191 216 196 216
135 211 135 216
28 149 28 154
237 7 237 12
251 311 256 311
4 60 9 60
24 146 25 148
207 142 208 144
182 110 182 115
42 176 47 176
374 58 374 61
75 198 80 198
288 114 288 118
300 113 305 113
33 306 38 306
328 130 329 132
170 275 175 275
231 329 236 329
261 210 266 210
11 70 12 72
62 306 63 308
94 96 99 96
338 40 339 42
108 1 113 1
355 228 356 230
83 241 85 242
35 125 37 126
36 191 41 191
210 53 215 53
304 228 305 230
135 263 136 265
312 146 316 146
256 9 258 10
198 293 200 294
310 333 311 335
15 84 16 86
51 232 52 234
278 15 279 17
342 134 347 134
6 133 6 136
114 1 119 1
311 292 316 292
355 4 355 9
285 84 286 86
236 166 241 166
307 143 309 144
243 238 245 239
91 171 96 171
303 125 305 126
176 167 177 169
50 59 50 64
33 245 38 245
373 120 373 124
267 200 269 201
160 63 165 63
372 36 374 37
88 12 89 14
136 261 138 262
305 130 310 130
307 163 308 165
208 238 210 239
99 170 104 170
131 329 136 329
299 79 300 80
348 89 352 89
205 61 210 61
218 242 218 246
119 79 124 79
273 323 274 325
193 322 198 322
360 180 361 182
253 335 258 335
193 68 193 73
29 174 34 174
43 256 44 258
14 81 14 86
159 59 164 59
18 302 19 304
351 80 351 85
150 102 152 103
61 228 66 228
282 279 284 280
188 273 189 274
92 135 94 136
87 198 89 199
177 106 180 106
91 267 92 268
371 202 373 203
358 142 363 142
210 16 215 16
163 58 168 58
144 45 146 46
87 148 89 149
110 36 115 36
2 128 2 133
124 235 124 240
370 80 371 82
102 32 102 37
200 224 200 229
334 11 334 16
281 43 286 43
320 15 325 15
352 15 353 17
232 154 234 155
2 224 2 229
144 157 144 162
237 273 237 278
268 98 273 98
188 285 193 285
321 77 323 78
360 157 360 162
285 323 286 325
51 74 52 76
190 223 195 223
353 158 354 160
135 294 137 295
152 214 154 215
97 215 99 216
304 127 306 128
252 173 257 173
302 333 303 335
277 66 278 68
212 127 213 129
320 54 320 59
235 7 235 12
173 10 174 12
144 188 145 190
276 283 281 283
299 232 304 232
52 284 54 285
355 177 356 179
235 228 236 230
165 147 165 152
77 197 82 197
334 109 339 109
0 288 5 288
237 150 238 152
364 109 369 109
70 33 70 38
60 0 61 2
175 106 176 108
285 279 286 280
14 55 15 57
82 55 87 55
331 259 333 260
163 192 164 194
340 68 345 68
32 207 34 208
339 0 340 2
273 101 275 102
238 7 239 9
180 193 185 193
231 226 236 226
66 213 69 213
356 253 361 253
37 131 37 136
357 51 362 51
274 30 279 30
14 108 15 110
374 136 374 140
45 8 46 9
169 219 170 221
261 148 261 153
148 281 153 281
0 191 2 192
81 198 83 199
366 148 371 148
347 236 352 236
145 138 146 140
93 258 98 258
210 12 214 12
286 31 291 31
251 56 252 58
155 312 160 312
24 245 25 247
71 182 72 184
167 105 169 106
0 16 0 21
65 77 67 78
225 153 226 155
210 56 215 56
203 120 208 120
113 97 113 102
232 236 233 238
274 277 278 277
307 63 308 64
247 145 248 147
43 50 48 50
225 323 225 328
97 270 102 270
350 96 351 98
174 333 177 333
296 190 301 190
303 282 308 282
234 31 235 33
245 191 246 193
306 253 307 255
370 19 371 21
280 98 285 98
367 151 367 156
17 217 17 222
96 9 98 10
246 69 246 74
113 52 113 57
343 141 348 141
60 187 65 187
235 172 237 173
310 146 311 148
54 119 55 121
300 111 305 111
71 4 72 6
83 266 88 266
16 302 17 304
221 69 221 74
47 127 47 132
95 210 100 210
195 164 197 165
285 74 286 76
162 222 162 227
287 90 289 91
73 268 74 270
134 99 136 100
215 179 216 181
102 12 104 13
98 71 103 71
97 105 98 107
338 127 338 132
259 36 264 36
187 89 188 91
35 86 35 91
242 6 243 8
371 320 373 321
277 293 278 295
174 140 176 141
218 197 220 198
339 135 344 135
185 278 187 279
337 225 339 226
139 152 144 152
2 104 2 109
33 111 34 113
189 120 194 120
320 41 321 43
228 14 228 19
294 217 299 217
333 299 338 299
235 170 237 171
197 323 202 323
303 101 304 103
178 159 183 159
34 150 35 151
273 33 274 35
137 111 137 116
133 121 134 123
224 234 224 239
331 72 333 73
217 131 219 132
248 302 248 307
46 241 51 241
148 300 150 301
14 68 19 68
233 20 235 21
69 49 71 50
99 124 100 126
350 227 355 227
68 295 73 295
27 329 32 329
55 144 56 146
269 273 270 275
240 94 243 94
371 74 371 79
2 323 2 328
267 157 267 162
351 128 356 128
103 28 108 28
350 57 352 58
97 268 102 268
134 126 135 128
49 308 50 310
356 113 361 113
101 277 106 277
359 18 359 23
244 258 246 259
136 60 138 61
147 127 149 128
333 227 334 229
162 12 167 12
360 82 365 82
262 103 263 105
72 59 77 59
340 189 345 189
91 81 93 82
105 201 107 202
234 192 239 192
32 162 37 162
221 320 221 325
201 60 205 60
98 13 99 15
356 126 358 127
275 235 277 236
262 240 267 240
47 101 52 101
38 147 43 147
114 33 115 35
127 293 132 293
141 45 143 46
100 257 105 257
67 171 72 171
135 293 140 293
104 0 109 0
241 15 242 17
33 192 37 192
275 307 275 312
134 90 138 90
39 10 43 10
329 100 329 105
214 147 214 152
10 159 12 160
348 260 353 260
268 175 273 175
289 304 294 304
144 129 149 129
104 321 109 321
191 106 193 107
17 157 18 159
54 53 59 53
115 198 115 203
354 188 359 188
254 260 255 262
122 73 124 74
362 147 367 147
225 219 227 220
246 212 248 213
290 72 295 72
106 15 111 15
209 142 210 144
261 306 266 306
103 87 108 87
187 291 189 292
139 237 140 239
326 21 331 21
214 215 217 215
333 74 334 76
113 333 116 333
106 31 106 36
144 132 149 132
254 159 259 159
69 189 69 194
275 108 277 109
344 258 346 259
254 180 256 181
100 67 101 69
50 282 52 283
208 215 210 216
294 28 296 29
2 153 2 158
123 102 125 103
346 38 346 43
29 168 34 168
230 79 232 80
367 254 367 257
286 167 291 167
47 193 48 195
369 266 371 267
182 190 184 191
366 271 368 272
52 299 53 301
55 296 57 297
60 141 61 142
275 199 280 199
307 257 309 258
232 32 233 34
316 98 321 98
216 330 217 332
267 302 272 302
220 62 225 62
312 317 314 318
368 41 370 42
64 244 69 244
298 242 303 242
39 20 44 20
308 83 308 88
137 43 138 45
145 184 146 186
315 8 320 8
235 296 236 298
313 218 313 223
279 272 281 273
47 287 52 287
40 18 42 19
314 302 316 303
108 77 113 77
39 13 41 14
152 173 152 178
63 50 68 50
312 14 314 15
57 171 58 173
44 126 49 126
155 67 160 67
335 169 336 171
26 188 27 190
63 127 63 132
317 102 319 103
349 254 354 254
224 294 226 295
211 118 213 119
312 64 316 64
303 18 304 20
324 89 326 90
79 59 80 61
297 256 299 257
220 63 225 63
48 312 53 312
339 126 339 131
213 306 214 308
223 206 223 211
132 146 132 150
144 3 149 3
168 61 173 61
361 152 366 152
270 78 271 80
244 234 249 234
291 97 296 97
82 192 87 192
275 251 280 251
76 300 76 305
364 13 369 13
257 199 259 200
208 111 208 116
262 108 262 113
244 253 249 253
374 118 374 123
89 303 91 304
217 262 221 262
267 15 269 16
182 286 187 286
362 40 363 41
132 157 137 157
304 64 305 66
252 124 252 129
112 75 114 76
15 179 20 179
131 174 132 176
99 31 104 31
53 150 55 151
325 99 330 99
93 316 95 317
203 320 205 321
373 211 374 213
99 45 100 47
74 127 74 131
325 210 326 212
316 171 318 172
92 86 92 91
94 19 95 21
257 176 259 177
228 91 230 92
83 129 84 131
12 285 13 287
3 252 3 257
158 256 159 258
252 161 257 161
106 329 107 331
252 74 252 79
157 170 162 170
343 114 344 115
118 291 120 292
131 280 132 282
264 157 266 158
155 323 156 325
358 271 359 273
368 188 369 190
307 190 308 192
153 43 158 43
304 53 304 58
317 307 317 312
270 231 270 236
9 196 9 201
3 156 3 161
302 117 307 117
68 122 70 123
341 130 343 131
43 78 44 80
355 22 355 27
237 263 237 267
125 47 127 48
27 50 27 55
187 293 188 295
341 124 341 129
237 97 241 97
12 138 13 139
189 321 190 323
226 182 231 182
260 94 265 94
99 65 99 70
14 300 15 302
300 63 300 68
247 75 247 80
177 53 180 53
210 267 212 268
52 72 54 73
342 251 344 252
65 24 67 25
246 231 247 233
215 224 220 224
262 114 263 115
235 113 240 113
275 269 276 271
248 37 253 37
32 201 32 206
228 111 233 111
7 198 7 203
321 210 322 212
328 324 333 324
262 234 262 239
303 254 304 256
366 14 367 16
277 21 277 26
296 273 301 273
80 271 80 276
66 229 66 234
189 277 194 277
273 120 275 121
26 137 27 139
144 62 146 63
215 333 220 333
257 96 258 98
344 219 346 220
321 117 322 119
352 228 354 229
234 69 236 70
352 272 357 272
66 20 71 20
345 137 346 139
6 7 7 9
89 328 91 329
82 79 86 79
8 7 9 9
10 88 12 89
337 76 342 76
62 111 67 111
324 205 325 207
295 140 297 141
58 304 62 304
194 265 199 265
324 77 326 78
341 54 343 55
315 14 315 19
278 209 283 209
19 320 20 322
362 17 362 22
201 104 201 109
128 84 130 85
54 27 59 27
294 219 295 221
263 90 265 91
66 118 71 118
319 280 324 280
7 90 8 92
40 58 45 58
61 13 64 13
89 64 90 66
211 52 215 52
279 39 284 39
318 167 322 167
109 270 114 270
152 276 157 276
47 216 52 216
103 324 105 325
284 205 285 207
368 70 373 70
352 96 354 97
161 325 166 325
156 330 158 331
171 265 172 267
372 311 373 313
274 93 279 93
83 28 88 28
345 252 350 252
141 258 141 263
33 152 35 153
328 189 333 189
211 122 216 122
31 65 36 65
227 149 232 149
202 68 203 70
299 99 301 100
103 327 108 327
41 263 46 263
29 59 34 59
151 157 152 159
130 295 130 300
349 234 350 235
266 90 268 91
252 169 254 170
33 163 35 164
152 105 154 106
295 108 297 109
54 236 56 237
194 165 194 170
214 74 214 79
90 198 91 200
218 192 220 193
37 6 42 6
283 11 287 11
135 258 136 260
228 184 228 189
166 81 168 82
202 119 207 119
78 59 78 64
368 99 372 99
277 72 281 72
368 61 373 61
55 205 57 206
5 235 5 240
358 237 359 239
348 204 350 205
287 161 292 161
111 314 113 315
116 86 118 87
350 203 355 203
333 110 338 110
67 37 69 38
222 155 224 156
292 44 293 46
130 322 135 322
291 82 296 82
66 217 71 217
262 167 267 167
68 243 73 243
220 322 220 327
79 284 81 285
45 172 47 173
351 161 356 161
10 107 15 107
352 183 356 183
351 276 352 277
18 176 19 178
196 283 198 284
298 329 300 330
302 175 303 177
369 240 369 245
253 251 258 251
308 96 310 97
156 216 160 216
197 119 198 121
120 307 125 307
258 131 263 131
131 312 136 312
155 166 160 166
151 154 156 154
106 149 106 154
226 183 231 183
107 280 109 281
186 100 187 102
197 149 198 151
357 262 358 264
340 6 345 6
361 323 366 323
91 128 91 133
270 245 271 247
66 64 71 64
42 148 46 148
25 142 27 143
31 227 32 229
315 137 315 142
93 138 98 138
66 207 68 208
134 158 139 158
211 94 213 95
118 146 120 147
301 110 306 110
132 88 133 90
148 72 150 73
271 44 271 49
151 152 156 152
223 215 228 215
259 52 264 52
45 231 45 234
191 233 196 233
82 306 84 307
340 266 344 266
346 77 346 82
262 320 263 322
337 240 338 242
87 308 89 309
371 211 372 213
364 233 365 235
267 323 268 325
136 216 138 217
277 218 278 220
249 257 254 257
186 257 186 262
25 208 25 213
318 180 320 181
60 94 62 95
307 232 307 237
209 294 209 298
367 87 368 89
14 102 16 103
44 41 49 41
366 34 368 35
305 108 310 108
95 301 99 301
5 325 10 325
43 268 48 268
148 216 149 218
71 179 72 181
367 24 368 26
220 238 220 243
264 18 265 20
247 283 252 283
206 129 207 131
121 295 123 296
223 23 224 25
272 78 273 80
293 67 298 67
207 16 209 17
108 67 108 72
315 247 316 249
180 238 185 238
151 133 156 133
223 265 225 266
307 18 308 20
355 327 357 328
57 38 61 38
271 74 273 75
0 171 0 176
106 295 108 296
348 129 353 129
161 177 162 179
90 101 92 102
92 48 94 49
12 74 14 75
355 86 358 86
80 314 85 314
68 129 69 131
230 237 231 239
272 213 273 215
295 49 297 50
348 226 353 226
90 299 94 299
16 184 21 184
57 218 62 218
139 330 144 330
289 14 289 19
342 241 344 242
296 177 301 177
193 87 194 89
276 218 276 221
294 85 294 90
86 124 87 126
238 188 240 189
287 320 289 321
274 288 275 290
229 157 234 157
265 283 268 283
77 57 82 57
333 333 338 333
135 165 137 166
37 211 38 212
317 218 317 223
39 265 41 266
161 310 166 310
145 130 147 131
218 307 220 308
213 21 215 22
17 103 22 103
104 32 104 37
262 312 262 317
179 91 184 91
239 215 240 217
82 148 84 149
317 224 318 226
348 4 350 5
11 260 16 260
323 2 328 2
107 219 109 220
94 278 95 280
243 281 248 281
347 219 349 220
225 127 225 132
286 235 287 237
265 323 266 325
130 246 131 248
257 56 258 58
227 7 227 12
319 44 320 46
150 264 151 266
50 125 50 130
171 123 172 125
162 112 166 112
26 330 31 330
321 267 326 267
319 38 319 43
135 122 136 124
253 142 254 144
260 95 265 95
67 330 71 330
292 257 296 257
130 166 134 166
224 273 229 273
4 5 4 10
49 72 51 73
93 60 94 62
325 69 325 74
128 0 133 0
270 171 271 173
198 136 203 136
347 77 347 82
112 217 117 217
359 313 361 314
213 291 214 293
83 293 88 293
319 161 319 166
298 58 298 63
17 150 18 152
215 280 220 280
214 9 216 10
121 28 126 28
120 224 125 224
371 263 373 264
315 92 317 93
29 260 34 260
46 81 51 81
130 328 135 328
329 90 330 92
259 325 260 327
237 146 238 148
137 263 138 265
286 259 286 264
3 323 4 325
233 314 238 314
44 104 49 104
247 152 248 154
196 324 201 324
335 118 337 119
6 181 11 181
15 75 20 75
191 304 191 309
156 39 161 39
17 266 19 267
148 29 148 34
316 104 317 106
293 335 298 335
118 279 123 279
223 250 224 252
104 171 106 172
346 210 347 212
118 331 123 331
32 26 34 27
250 236 255 236
177 215 179 216
108 91 110 92
51 218 56 218
95 250 100 250
122 217 123 219
262 12 267 12
41 45 41 50
150 181 155 181
308 235 308 240
337 58 342 58
53 214 58 214
51 226 52 228
301 9 301 14
178 262 183 262
191 28 192 30
114 283 119 283
180 223 181 225
103 233 105 234
314 272 316 273
45 252 47 253
256 213 261 213
159 227 160 229
295 110 300 110
145 319 150 319
145 308 146 310
41 71 43 72
331 307 333 308
309 159 314 159
143 150 145 151
198 33 198 38
227 167 232 167
332 66 332 71
47 171 52 171
262 77 263 79
234 282 239 282
209 203 214 203
255 108 257 109
113 250 118 250
331 54 336 54
88 233 89 235
282 95 287 95
185 52 185 57
221 116 224 116
156 241 161 241
233 6 238 6
229 0 234 0
220 12 225 12
209 248 209 253
324 175 329 175
131 4 133 5
8 254 9 256
150 58 155 58
212 210 212 215
1 263 6 263
158 127 159 129
129 202 131 203
189 28 190 30
316 284 321 284
266 320 267 322
288 251 290 252
134 194 135 196
156 316 157 317
73 115 78 115
271 85 272 87
216 226 217 228
74 75 79 75
242 130 243 132
75 88 80 88
121 64 126 64
135 191 140 191
6 198 6 203
367 319 368 321
195 286 200 286
253 214 255 215
150 62 152 63
114 31 116 32
301 257 302 259
98 248 103 248
217 107 218 109
25 69 25 74
121 22 122 24
218 256 222 256
261 323 262 325
38 170 43 170
159 175 160 177
194 226 195 228
69 246 69 251
146 280 151 280
105 120 107 121
279 32 281 33
329 56 331 57
17 305 22 305
351 137 352 139
212 278 217 278
156 65 158 66
100 300 101 302
129 314 134 314
208 308 210 309
318 136 318 141
6 235 6 240
138 266 139 268
103 32 103 37
128 50 130 51
180 316 182 317
299 178 300 180
249 56 250 58
6 254 7 256
212 59 214 60
151 70 152 72
101 49 106 49
204 6 205 8
187 71 187 76
212 171 212 176
309 235 309 240
183 226 185 227
332 40 337 40
50 102 51 104
300 33 302 34
195 40 195 45
339 194 344 194
32 155 37 155
240 75 241 77
2 282 7 282
50 47 51 49
353 137 354 139
130 119 135 119
145 176 145 180
218 249 223 249
234 13 234 18
48 272 53 272
57 73 59 74
172 192 174 193
218 284 219 286
112 266 115 266
81 271 81 276
347 272 349 273
175 304 175 309
305 149 306 151
118 118 120 119
70 11 71 13
368 237 373 237
331 14 331 19
265 152 267 153
100 299 105 299
43 127 44 129
253 68 253 73
355 187 360 187
355 162 356 164
270 81 275 81
190 204 195 204
120 15 125 15
345 165 346 167
242 151 247 151
299 226 304 226
161 85 166 85
189 190 191 191
173 33 175 34
155 267 156 269
67 304 67 309
261 180 266 180
48 159 53 159
312 333 313 335
26 88 28 89
67 132 68 134
182 116 183 118
155 68 157 69
138 161 139 163
301 286 303 287
274 293 276 294
285 212 290 212
340 177 345 177
99 120 101 121
82 97 87 97
362 38 367 38
186 159 188 160
48 142 53 142
250 12 251 14
13 173 14 175
296 117 297 119
146 96 148 97
78 322 80 323
132 222 137 222
145 154 150 154
241 316 246 316
100 245 102 246
195 34 195 39
345 117 346 118
326 177 327 179
291 104 296 104
307 246 307 251
130 268 131 270
145 201 146 203
102 101 104 102
235 36 240 36
166 13 166 18
276 147 277 149
250 302 250 307
73 206 74 208
323 236 325 237
55 85 60 85
7 125 12 125
313 252 318 252
257 99 259 100
89 259 94 259
77 32 77 37
336 204 341 204
299 218 304 218
146 176 146 181
350 77 350 82
185 158 190 158
74 86 76 87
70 219 71 221
245 77 245 82
232 135 232 140
13 62 15 63
22 153 23 155
35 116 40 116
366 188 367 190
7 65 8 67
27 25 32 25
364 166 365 168
70 308 71 310
216 114 218 115
171 298 176 298
361 108 366 108
46 200 51 200
68 270 68 275
194 220 196 221
310 322 315 322
91 47 96 47
9 20 11 21
87 98 88 100
320 62 322 63
132 330 133 332
74 135 75 137
135 219 140 219
211 73 216 73
254 301 254 306
6 54 6 59
128 200 130 201
242 9 242 14
45 242 48 242
18 37 19 39
330 95 335 95
220 227 221 229
234 184 234 189
33 289 34 291
225 156 230 156
141 30 146 30
62 86 64 87
127 291 129 292
237 70 242 70
215 203 220 203
241 269 243 270
99 258 104 258
329 221 330 223
268 155 273 155
290 134 292 135
29 159 34 159
274 246 276 247
317 205 317 210
303 157 308 157
181 150 181 155
113 70 118 70
179 213 181 214
183 229 185 230
174 202 179 202
53 216 58 216
122 41 124 42
126 254 131 254
267 187 272 187
177 194 182 194
80 312 85 312
206 117 211 117
362 29 366 29
153 332 158 332
68 127 73 127
368 326 370 327
245 0 245 5
136 221 141 221
50 91 51 93
228 50 233 50
28 86 30 87
362 329 367 329
20 0 25 0
304 201 309 201
249 302 249 307
318 107 323 107
308 321 309 323
125 39 130 39
178 225 179 227
48 133 49 135
63 5 65 6
311 190 313 191
218 126 220 127
132 283 137 283
312 323 313 325
148 130 150 131
165 170 167 171
169 58 174 58
105 168 106 170
267 269 269 270
92 329 97 329
36 45 37 47
135 319 136 321
173 178 178 178
300 219 301 221
86 314 88 315
214 64 215 66
219 230 224 230
360 46 362 47
106 227 108 228
151 173 151 178
105 333 110 333
72 246 72 251
215 225 220 225
30 202 30 207
148 56 149 58
366 8 371 8
83 100 84 102
299 72 299 77
114 259 114 264
67 55 69 56
254 308 259 308
113 198 113 203
133 130 138 130
341 302 346 302
314 253 319 253
355 214 356 216
313 168 314 170
327 132 327 137
5 163 7 164
34 40 39 40
281 41 286 41
206 62 208 63
148 224 152 224
353 78 353 82
245 286 246 288
93 241 94 243
359 48 364 48
4 154 5 156
200 120 202 121
210 19 210 24
31 125 32 127
21 69 22 71
337 138 342 138
305 131 310 131
293 216 298 216
338 195 343 195
229 158 234 158
277 141 278 143
350 152 353 152
20 220 25 220
340 232 342 233
278 318 280 319
223 218 224 220
215 306 219 306
12 335 17 335
79 175 83 175
265 200 266 201
267 33 269 34
122 7 127 7
328 259 330 260
238 53 240 54
136 86 137 88
264 125 269 125
24 62 27 62
195 325 196 327
305 18 306 20
123 267 127 267
62 102 63 104
15 132 19 132
87 119 88 121
59 171 60 173
96 278 97 279
46 199 51 199
193 51 198 51
263 154 264 156
33 54 38 54
269 334 274 334
131 96 132 98
21 295 23 296
149 297 151 298
172 250 172 255
331 262 332 264
49 235 52 235
255 296 260 296
128 309 130 310
315 143 316 145
356 165 356 170
145 275 147 276
210 206 211 207
369 90 371 91
321 0 322 2
156 251 158 252
286 296 291 296
17 111 22 111
44 305 44 310
293 26 298 26
127 216 127 221
159 186 160 187
354 199 358 199
142 198 143 200
8 323 10 324
233 307 238 307
366 194 367 196
321 242 322 243
40 207 45 207
346 316 347 318
183 46 188 46
328 133 330 134
180 237 185 237
87 22 89 23
53 82 55 83
327 215 329 216
34 224 34 229
351 86 352 88
319 320 320 321
160 297 165 297
331 4 332 6
211 283 213 284
292 233 293 235
362 250 365 250
18 62 23 62
347 228 348 230
14 91 19 91
94 183 96 184
367 293 369 294
45 223 45 228
154 115 156 116
131 309 132 310
336 205 341 205
230 303 235 303
75 264 80 264
284 138 287 138
251 132 252 134
363 244 363 249
177 162 179 163
356 152 357 154
342 201 344 202
242 0 242 5
327 77 328 79
53 308 54 310
45 14 47 15
107 210 107 215
282 104 283 106
374 92 374 97
237 98 239 99
239 198 244 198
286 44 287 46
107 149 107 154
119 141 121 142
119 86 121 87
232 224 234 225
158 206 163 206
64 332 66 333
66 26 68 27
342 4 344 5
48 258 50 259
341 0 342 2
7 231 12 231
346 59 347 61
40 166 41 168
65 47 66 49
207 67 212 67
4 118 6 119
123 91 124 93
257 4 258 6
42 135 47 135
114 120 116 121
256 250 261 250
111 80 111 85
278 59 283 59
226 51 228 52
281 177 282 179
276 165 280 165
228 162 229 164
307 72 308 74
196 280 198 281
314 135 319 135
226 15 227 17
203 142 204 144
118 134 123 134
100 70 105 70
55 257 55 262
294 91 296 92
1 320 1 325
130 221 135 221
308 229 308 234
327 169 328 171
120 108 125 108
57 24 58 26
139 79 139 84
356 83 358 84
103 30 108 30
195 203 200 203
151 73 156 73
306 136 309 136
261 87 262 89
66 187 71 187
219 279 224 279
144 314 149 314
196 253 197 255
135 237 136 239
185 149 186 151
220 131 222 132
239 194 240 196
237 226 241 226
148 197 149 199
159 323 160 325
146 56 147 58
21 179 26 179
242 209 247 209
24 176 29 176
348 134 353 134
162 182 163 184
113 329 118 329
184 204 189 204
84 207 85 208
120 111 121 113
323 242 325 243
201 313 203 314
246 214 248 215
347 66 349 67
257 307 262 307
167 219 168 221
159 136 160 138
50 239 52 240
174 212 179 212
181 186 183 187
44 125 49 125
143 4 145 5
69 8 71 9
152 260 153 262
70 58 75 58
7 104 8 106
300 254 300 259
0 4 0 9
320 104 325 104
274 152 276 153
246 328 246 333
203 317 208 317
275 3 276 5
265 96 270 96
255 332 256 334
72 200 77 200
58 7 59 9
50 141 53 141
34 301 39 301
348 213 350 214
257 240 257 245
6 101 6 106
142 168 147 168
222 95 227 95
29 282 29 287
56 295 61 295
328 293 328 298
37 224 37 229
124 313 129 313
343 248 345 249
63 226 68 226
66 103 68 104
37 288 38 290
226 170 231 170
236 13 236 18
184 116 185 118
197 14 202 14
91 154 92 156
5 328 6 330
129 276 134 276
76 77 78 78
282 200 283 202
217 321 217 326
82 116 87 116
43 269 48 269
87 146 89 147
366 224 367 226
147 191 152 191
281 323 282 325
37 44 42 44
66 301 71 301
3 168 3 173
21 223 26 223
83 90 84 92
165 97 167 98
139 232 139 236
107 117 108 119
349 230 354 230
284 38 289 38
314 190 316 191
142 265 147 265
27 297 32 297
317 326 321 326
270 269 272 270
146 296 151 296
143 93 144 95
298 143 300 144
94 302 95 304
3 319 8 319
5 189 6 191
60 196 65 196
168 258 168 263
261 33 263 34
151 291 156 291
100 329 102 330
217 230 218 232
341 143 343 144
276 327 277 329
279 84 281 85
365 14 365 19
181 35 182 37
217 135 218 136
169 31 170 33
291 323 291 328
212 324 212 329
226 174 228 175
326 330 331 330
294 259 299 259
121 270 121 275
255 140 260 140
296 137 301 137
75 268 76 270
268 9 272 9
30 193 35 193
225 250 227 251
127 110 132 110
243 120 245 121
206 210 208 211
208 94 210 95
285 223 285 228
54 0 55 2
72 299 77 299
119 329 124 329
118 76 119 78
219 209 219 214
211 132 213 133
143 255 148 255
340 145 342 146
202 308 207 308
314 180 315 182
271 303 272 305
127 75 132 75
240 192 242 193
303 198 305 199
139 138 144 138
166 326 171 326
16 16 18 17
217 128 218 130
276 288 277 290
239 305 240 307
94 233 99 233
62 7 63 9
359 137 361 138
129 159 133 159
343 62 343 67
75 144 80 144
264 105 264 110
54 272 59 272
291 189 296 189
359 83 361 84
275 56 277 57
240 310 245 310
165 99 166 101
119 171 121 172
183 321 188 321
144 313 149 313
232 239 236 239
253 247 254 248
50 191 52 192
116 21 121 21
307 256 312 256
269 162 274 162
305 319 310 319
152 323 152 328
189 288 190 290
250 172 255 172
43 226 43 231
314 162 315 164
192 66 194 67
304 190 306 191
332 224 334 225
155 149 156 151
4 117 9 117
73 119 78 119
261 224 266 224
77 161 79 162
95 24 100 24
195 28 195 33
171 313 172 315
351 232 353 233
370 22 371 23
64 280 66 281
97 117 98 119
317 97 322 97
290 83 292 84
9 41 10 43
17 98 19 99
235 126 240 126
154 266 159 266
317 272 319 273
19 172 20 174
180 335 185 335
321 30 326 30
302 156 307 156
325 112 330 112
258 236 259 238
220 265 222 266
104 210 106 211
13 131 18 131
119 277 124 277
150 56 152 57
357 45 362 45
171 59 176 59
146 188 147 190
79 296 84 296
277 38 282 38
8 110 10 111
203 153 208 153
31 49 32 51
15 38 17 39
216 185 221 185
70 70 71 72
248 227 253 227
360 188 365 188
300 211 301 213
174 250 174 255
65 306 65 311
0 320 0 325
224 286 224 291
285 326 290 326
270 73 275 73
54 299 55 301
338 106 341 106
204 191 209 191
360 289 365 289
108 201 108 206
59 328 64 328
239 56 241 57
9 225 14 225
273 269 274 271
337 252 341 252
131 39 136 39
72 313 77 313
47 62 47 67
76 73 78 74
70 319 75 319
363 3 364 5
304 299 305 301
129 325 130 327
64 219 65 221
339 28 341 29
207 310 208 312
363 292 364 294
203 231 208 231
204 13 205 15
321 99 322 101
9 233 11 234
76 60 76 65
115 284 117 285
337 41 337 46
43 68 45 69
277 203 279 204
199 73 201 74
372 331 374 332
370 206 370 211
142 29 147 29
178 31 180 32
268 123 273 123
10 30 15 30
92 128 94 129
258 53 263 53
130 88 131 90
148 148 153 148
217 311 218 313
171 316 173 317
288 139 293 139
291 27 296 27
230 130 231 132
255 275 260 275
243 329 245 330
296 121 301 121
234 132 236 133
63 138 66 138
286 196 288 197
125 269 125 274
262 15 264 16
43 303 43 306
206 174 211 174
369 106 374 106
115 275 120 275
245 61 249 61
144 315 145 316
73 124 78 124
42 166 43 168
353 83 355 84
137 319 138 321
341 132 346 132
274 98 279 98
342 316 343 318
259 258 261 259
46 28 50 28
303 202 304 204
267 40 267 45
81 104 83 105
333 24 333 29
336 188 341 188
47 239 49 240
83 33 84 35
83 153 84 154
208 328 208 333
288 177 290 178
28 111 30 112
249 213 250 215
336 168 341 168
305 81 310 81
312 59 314 60
95 277 100 277
103 40 103 45
345 251 350 251
175 268 176 270
52 149 57 149
336 26 340 26
10 277 12 278
39 73 43 73
139 22 144 22
197 9 202 9
355 254 360 254
290 121 295 121
101 109 103 110
271 76 276 76
275 21 275 26
315 125 320 125
209 234 214 234
155 302 155 307
267 212 272 212
98 329 99 331
124 109 126 110
341 301 346 301
24 40 29 40
80 52 85 52
183 22 183 27
312 24 313 26
214 11 217 11
108 94 113 94
156 207 161 207
371 3 373 4
229 320 229 325
17 225 17 230
307 182 309 183
139 36 140 38
15 213 15 218
224 18 227 18
183 266 188 266
63 286 68 286
259 69 261 70
199 269 200 271
320 38 321 40
235 115 240 115
155 35 157 36
146 197 147 199
9 292 11 293
283 74 284 76
101 195 106 195
328 210 329 212
171 26 172 28
281 74 282 76
239 301 244 301
372 129 373 131
37 260 38 262
266 60 267 62
92 92 93 94
126 294 131 294
123 276 128 276
128 52 133 52
255 95 256 97
211 230 216 230
61 30 63 31
232 285 234 286
21 25 26 25
247 26 252 26
15 281 16 283
103 106 108 106
113 58 118 58
307 114 309 115
134 256 139 256
323 5 325 6
154 284 159 284
186 272 187 274
346 168 347 170
256 129 257 131
86 0 88 1
171 243 171 248
305 256 306 258
159 213 164 213
38 28 43 28
0 193 5 193
265 223 270 223
44 10 49 10
38 311 39 313
174 299 175 301
259 56 260 58
179 57 184 57
186 213 187 215
282 101 284 102
274 36 279 36
221 34 222 36
332 290 332 295
197 78 197 83
89 98 90 100
114 97 115 99
103 326 108 326
359 177 361 178
147 297 148 299
98 322 99 324
228 219 230 220
360 94 362 95
369 26 374 26
165 34 170 34
183 130 188 130
152 264 153 266
60 98 62 99
301 178 303 179
302 200 307 200
53 305 55 306
16 225 16 230
6 166 6 171
310 205 310 210
332 250 337 250
296 93 298 94
33 209 37 209
178 286 181 286
149 243 154 243
25 44 30 44
161 219 162 221
333 158 335 159
170 240 175 240
233 324 233 328
342 123 342 128
268 0 270 1
50 211 51 213
58 119 63 119
288 44 289 46
170 15 170 20
78 268 78 273
370 278 371 280
139 142 144 142
221 59 223 60
229 287 230 289
144 224 147 224
145 157 146 159
357 183 361 183
372 34 374 35
148 264 149 266
170 6 171 8
5 222 5 227
169 222 171 223
211 232 213 233
253 167 255 168
183 326 188 326
54 314 55 316
356 193 357 195
271 204 276 204
210 287 210 292
209 304 211 305
339 272 340 273
19 136 20 138
98 213 100 214
288 283 293 283
66 219 67 221
339 312 341 313
333 120 338 120
270 276 275 276
34 282 39 282
29 88 30 90
113 37 113 42
14 285 15 287
69 215 74 215
149 164 151 165
124 295 126 296
193 308 195 309
74 77 75 79
368 151 368 156
235 318 235 322
123 35 128 35
133 110 138 110
111 31 113 32
125 132 127 133
353 49 354 51
223 311 224 313
358 189 363 189
100 160 105 160
250 66 252 67
260 90 262 91
119 98 120 100
116 170 121 170
168 294 170 295
144 76 149 76
70 55 72 56
73 107 78 107
278 287 279 289
55 7 55 11
265 87 270 87
233 141 233 146
17 214 18 216
174 311 179 311
84 86 86 87
282 131 287 131
53 15 58 15
181 22 182 24
284 78 285 80
101 266 103 267
281 113 282 115
54 257 54 262
142 69 142 74
123 323 125 324
305 120 310 120
142 86 143 88
37 265 38 266
224 127 224 132
250 261 251 263
165 114 165 119
31 158 36 158
137 76 137 81
328 72 330 73
237 318 237 322
120 143 122 144
219 231 221 232
143 257 143 262
222 314 227 314
19 157 19 162
97 218 97 223
351 325 356 325
2 47 7 47
49 314 49 319
140 274 142 275
135 76 136 78
356 103 358 104
248 261 249 263
328 182 330 183
67 203 68 205
212 92 214 93
264 2 264 7
264 69 266 70
213 34 215 35
225 213 230 213
131 295 131 300
164 92 166 93
361 55 363 56
170 303 172 304
277 42 282 42
3 328 4 330
292 140 294 141
133 291 133 296
267 181 269 182
306 140 307 142
345 313 345 318
16 186 17 188
242 226 243 227
353 143 354 145
122 162 127 162
53 96 55 97
3 83 6 83
205 205 210 205
5 258 6 260
41 258 42 260
46 68 48 69
330 107 335 107
294 117 295 119
298 72 298 77
286 203 287 205
62 62 67 62
326 236 328 237
303 122 304 124
109 176 111 177
65 75 66 76
320 307 320 312
91 35 93 36
153 193 154 195
138 251 140 252
12 49 12 54
345 60 345 65
142 216 147 216
176 256 177 258
178 326 179 328
121 176 123 177
11 244 16 244
237 209 239 210
25 38 27 39
122 243 124 244
184 167 185 169
118 305 119 307
332 8 334 9
141 42 142 44
241 311 242 313
70 101 73 101
252 312 253 314
177 94 178 96
333 190 334 192
68 303 68 308
230 274 235 274
133 152 138 152
202 83 207 83
189 10 189 15
199 311 201 312
355 158 356 160
120 245 125 245
209 26 214 26
364 170 369 170
79 119 80 121
270 53 272 54
3 307 5 308
269 211 274 211
83 290 84 292
157 291 159 292
86 238 88 239
19 185 23 185
74 6 79 6
209 192 211 193
322 306 322 311
43 130 44 132
179 332 182 332
256 234 261 234
370 192 373 192
8 4 11 4
149 13 149 18
330 100 330 104
295 54 297 55
180 269 182 270
96 85 96 90
58 205 59 207
77 268 77 273
270 160 275 160
92 45 93 46
18 205 19 207
184 213 185 215
72 334 76 334
115 246 116 248
320 239 325 239
216 153 218 154
287 147 288 149
14 279 16 280
85 288 86 290
250 47 255 47
328 320 329 322
346 119 346 124
159 7 159 12
126 41 126 46
286 211 291 211
280 332 285 332
356 73 358 74
338 314 340 315
53 8 53 13
354 150 359 150
11 228 12 230
147 320 149 321
181 39 181 44
149 201 151 202
330 178 331 180
339 120 339 125
211 315 213 316
328 233 333 233
240 129 245 129
150 25 151 27
33 102 35 103
89 266 94 266
297 269 302 269
167 62 171 62
273 297 274 299
69 17 74 17
114 302 119 302
158 92 160 93
347 296 352 296
25 252 27 253
205 262 206 264
287 267 287 272
86 233 87 235
109 232 111 233
7 144 7 149
369 206 369 211
135 297 136 299
293 93 295 94
45 44 45 49
33 272 35 273
22 274 23 276
186 224 191 224
247 302 247 307
138 331 140 332
198 319 203 319
287 334 292 334
183 298 188 298
65 255 66 257
3 55 3 60
21 229 21 234
315 20 320 20
109 145 114 145
210 327 211 329
129 185 130 187
357 81 359 82
312 147 312 151
319 331 324 331
45 259 46 261
237 228 238 230
326 69 326 74
349 323 354 323
290 44 291 46
14 133 19 133
231 3 232 5
359 122 364 122
24 188 25 190
249 240 254 240
214 311 216 312
125 257 130 257
43 238 48 238
266 8 267 9
291 172 292 173
128 91 130 92
237 128 242 128
91 89 91 94
239 59 240 61
330 25 332 26
364 183 369 183
338 148 340 149
86 236 91 236
357 204 359 205
33 48 33 53
37 201 37 204
228 171 230 172
64 119 66 120
212 104 213 106
239 75 239 80
351 165 352 167
93 318 97 318
231 263 236 263
241 98 246 98
369 201 373 201
237 332 238 333
217 242 217 247
108 283 113 283
321 120 326 120
3 104 3 107
199 148 200 150
347 9 348 11
115 127 120 127
297 307 302 307
117 15 117 20
214 162 219 162
190 69 190 74
294 182 296 183
139 28 140 30
159 147 164 147
49 123 51 124
156 254 156 259
299 236 300 238
60 59 61 61
145 93 145 98
245 35 250 35
103 270 108 270
204 109 205 111
223 277 228 277
359 207 359 212
73 73 75 74
366 198 371 198
0 52 0 57
57 105 59 106
111 97 112 99
285 101 287 102
56 59 57 61
184 127 186 128
21 269 23 270
279 154 284 154
169 258 169 263
144 198 145 200
310 316 315 316
263 307 268 307
86 207 88 208
256 226 261 226
70 160 71 162
68 246 68 251
208 188 210 189
38 188 39 190
338 152 339 154
117 84 121 84
108 173 113 173
293 149 298 149
72 20 77 20
231 47 235 47
354 319 356 320
35 288 36 290
140 248 145 248
337 238 342 238
152 111 157 111
21 8 21 13
101 126 106 126
332 152 334 153
293 2 293 7
70 311 75 311
87 129 87 134
140 232 141 234
209 3 214 3
258 240 259 242
149 75 154 75
251 180 253 181
92 15 97 15
55 34 56 36
317 49 322 49
82 308 86 308
62 259 64 260
270 165 275 165
2 320 3 322
143 325 144 327
119 285 120 287
333 151 338 151
64 245 69 245
26 211 26 216
222 94 227 94
98 91 99 93
313 238 318 238
230 262 235 262
320 115 322 116
68 25 73 25
108 57 109 59
110 11 115 11
202 64 203 66
282 308 282 313
128 158 133 158
53 135 56 135
144 74 149 74
138 177 139 178
8 11 9 13
204 53 209 53
248 239 253 239
258 114 259 116
304 14 309 14
269 164 274 164
120 69 125 69
68 312 73 312
342 139 344 140
211 276 216 276
232 220 237 220
17 143 22 143
325 48 330 48
101 218 101 223
202 84 206 84
236 240 236 245
99 265 104 265
233 45 238 45
280 267 285 267
253 26 258 26
48 62 48 67
90 128 90 133
160 276 165 276
214 204 215 206
223 307 224 309
42 244 47 244
6 68 7 70
308 41 313 41
281 99 283 100
202 6 203 8
201 288 202 290
350 33 350 38
290 11 290 16
109 143 113 143
265 214 267 215
61 292 66 292
118 193 123 193
272 207 277 207
262 152 264 153
198 213 198 218
47 245 52 245
338 327 339 329
217 238 219 239
28 285 28 288
130 19 131 21
243 203 248 203
12 59 16 59
334 288 338 288
123 94 125 95
56 157 58 158
258 248 260 249
228 28 230 29
217 196 222 196
273 249 274 251
355 186 360 186
302 219 303 221
278 147 279 149
321 170 326 170
175 0 175 5
88 269 90 270
295 251 300 251
339 196 344 196
116 290 121 290
324 14 329 14
83 176 83 180
113 259 113 264
256 166 261 166
58 201 59 203
241 153 242 155
13 134 15 135
356 261 361 261
74 152 79 152
88 183 90 184
200 4 202 5
299 292 304 292
126 94 131 94
59 40 64 40
362 115 364 116
257 31 262 31
305 264 305 269
193 293 194 295
226 210 228 211
261 162 266 162
27 108 27 112
181 132 181 137
54 25 56 26
352 246 354 247
77 291 78 293
216 3 216 8
252 310 257 310
269 90 271 91
92 172 92 177
192 0 193 2
10 190 12 191
265 110 270 110
59 124 61 125
348 92 348 97
285 48 286 50
25 100 27 101
315 218 315 223
310 69 315 69
201 328 206 328
153 250 158 250
308 196 313 196
312 286 314 287
19 101 24 101
234 7 234 12
369 291 372 291
306 31 309 31
287 335 292 335
7 235 7 240
316 307 316 312
194 138 195 140
53 59 53 64
199 100 200 102
214 209 214 214
314 239 319 239
315 208 316 210
170 243 170 248
362 324 367 324
119 68 124 68
67 180 69 181
68 168 73 168
170 161 175 161
332 255 333 257
94 12 99 12
263 232 264 234
73 4 75 5
84 313 88 313
367 186 369 187
33 70 34 72
282 235 283 237
338 56 343 56
223 117 228 117
29 41 31 42
264 269 266 270
99 23 104 23
363 333 366 333
366 59 367 61
145 204 147 205
291 185 294 185
354 59 354 64
227 292 232 292
344 38 345 40
212 317 217 317
147 167 152 167
183 216 187 216
315 305 315 310
287 48 288 50
367 55 368 57
368 38 373 38
184 181 184 186
199 288 200 290
35 274 40 274
162 110 166 110
21 43 26 43
243 317 248 317
262 135 264 136
270 227 272 228
263 2 263 6
168 107 173 107
364 181 366 182
144 112 145 114
327 180 327 183
346 72 347 74
107 62 108 64
340 57 343 57
60 121 65 121
176 86 176 91
220 304 221 306
110 178 112 179
29 203 29 208
143 11 148 11
109 78 114 78
69 92 74 92
260 232 262 233
0 194 1 196
100 331 105 331
31 77 36 77
299 271 301 272
151 271 156 271
65 162 69 162
13 213 14 215
278 99 280 100
334 55 339 55
146 64 146 69
166 63 171 63
78 19 80 20
372 136 372 141
54 58 54 63
176 0 178 1
8 146 9 148
253 59 255 60
76 82 81 82
366 42 366 47
197 1 198 3
66 113 68 114
30 298 32 299
322 259 324 260
184 225 189 225
205 188 207 189
33 246 38 246
36 320 40 320
147 20 147 25
93 270 96 270
349 114 350 116
295 44 300 44
77 41 79 42
345 228 346 230
14 58 19 58
203 262 204 264
89 39 91 40
347 96 347 101
30 133 30 138
48 127 48 132
280 44 281 46
255 199 256 201
353 24 354 25
219 80 220 82
182 222 187 222
10 51 10 56
370 172 370 177
275 142 276 144
359 133 361 134
254 253 255 255
310 132 312 133
222 206 222 211
183 269 185 270
353 130 354 132
296 219 297 221
302 309 302 314
235 89 237 90
309 264 309 269
232 86 234 87
62 65 63 67
74 223 74 228
113 108 114 110
55 113 57 114
135 25 137 26
303 307 307 307
371 83 373 84
92 133 97 133
287 216 292 216
90 86 91 88
249 201 250 203
164 299 165 300
224 134 229 134
205 139 207 140
230 227 232 228
63 180 64 182
23 41 28 41
40 248 41 250
126 297 126 302
223 174 225 175
277 92 282 92
239 269 240 271
299 145 300 146
348 109 350 110
138 113 139 115
324 143 325 145
278 108 280 109
94 288 95 290
275 248 276 250
318 169 320 170
173 123 174 124
85 2 87 3
177 261 177 266
232 315 234 316
185 89 186 91
229 210 231 211
226 157 228 158
372 158 372 163
169 39 171 40
225 308 229 308
288 309 293 309
364 279 364 284
121 196 122 198
30 261 31 262
279 243 281 244
23 226 23 231
103 322 105 323
0 252 0 257
253 11 258 11
31 326 32 328
368 120 369 121
211 19 211 24
225 123 226 124
138 105 140 106
299 195 300 197
93 95 98 95
178 136 178 141
295 254 296 256
7 188 9 189
219 67 224 67
140 206 145 206
105 67 107 68
315 1 320 1
326 205 327 207
269 332 274 332
272 258 274 259
301 264 302 266
211 272 216 272
278 56 280 57
328 58 332 58
43 63 44 65
373 107 374 109
288 253 293 253
306 299 309 299
215 263 220 263
335 164 336 165
282 270 284 271
356 273 357 275
248 97 248 102
339 207 340 209
166 211 171 211
9 306 11 307
274 31 279 31
264 27 269 27
50 96 52 97
94 140 96 141
183 247 188 247
209 273 214 273
263 218 265 219
13 101 18 101
339 267 344 267
228 120 230 121
47 223 47 228
185 95 186 97
128 10 130 11
182 242 182 247
36 258 38 259
64 249 65 251
174 256 175 258
128 87 133 87
9 326 10 328
221 292 226 292
212 256 213 258
215 202 220 202
135 156 140 156
116 213 118 214
40 331 42 332
338 265 343 265
33 133 33 138
106 112 111 112
161 0 161 5
88 111 93 111
282 13 287 13
257 180 259 181
106 116 111 116
211 54 216 54
94 192 99 192
177 86 177 91
18 126 19 128
90 124 91 126
70 302 70 307
20 23 25 23
225 285 225 290
29 318 31 319
361 85 362 87
205 219 205 224
130 275 135 275
259 86 264 86
347 301 349 302
54 69 55 71
21 271 22 273
287 77 292 77
295 184 296 186
156 288 159 288
59 24 61 25
158 149 158 154
356 88 357 90
33 198 38 198
197 171 199 172
161 222 161 227
315 188 320 188
241 131 241 136
169 250 169 255
145 148 147 149
108 44 109 46
305 53 305 58
26 265 31 265
301 50 306 50
208 171 209 173
310 171 311 173
116 33 116 36
269 174 274 174
8 248 8 253
44 303 46 304
316 246 321 246
144 59 149 59
4 264 4 269
353 119 354 121
128 57 129 59
369 135 374 135
181 229 182 230
302 140 303 142
56 39 61 39
57 258 62 258
192 84 192 89
275 168 280 168
172 150 174 151
65 270 65 275
95 247 97 248
156 327 157 329
366 285 367 287
177 229 177 234
188 52 193 52
196 139 198 140
240 159 242 160
317 38 317 43
115 187 116 189
153 197 155 198
117 120 118 122
165 137 170 137
93 297 98 297
235 317 240 317
45 12 47 13
224 0 224 5
20 160 21 162
5 323 7 324
246 290 247 292
209 275 210 277
173 308 173 313
55 79 56 81
189 293 190 295
14 98 16 99
271 295 276 295
72 47 72 52
354 251 356 252
72 13 77 13
201 286 205 286
87 139 89 140
184 297 189 297
97 39 97 44
78 331 83 331
366 233 367 235
311 137 312 139
4 35 4 40
203 288 204 290
255 4 256 6
345 4 347 5
276 81 278 82
316 54 317 56
221 161 226 161
212 216 213 217
22 65 27 65
0 147 0 152
161 186 163 187
21 279 26 279
173 176 176 176
83 132 84 134
155 62 156 64
313 140 314 142
34 156 36 157
68 86 73 86
80 303 82 304
89 272 94 272
132 177 134 178
100 96 105 96
300 117 301 119
151 149 152 151
335 296 340 296
161 7 161 12
332 318 333 320
133 266 135 267
124 168 125 170
342 276 344 277
186 268 187 270
325 133 325 138
285 65 287 66
82 240 87 240
373 266 373 271
48 299 49 301
374 267 374 272
214 265 216 266
77 305 81 305
116 159 117 161
359 232 364 232
126 85 127 87
262 28 264 29
1 140 3 141
157 142 158 144
209 41 214 41
219 144 221 145
354 152 355 154
271 193 273 194
185 125 187 126
108 27 113 27
18 237 18 242
121 210 126 210
186 296 190 296
141 119 143 120
172 211 177 211
46 296 48 297
88 9 93 9
314 54 315 56
263 71 264 73
97 147 98 149
163 195 164 197
147 331 148 333
96 120 98 121
266 18 267 20
95 218 96 220
302 305 304 306
25 267 26 268
88 322 89 324
124 252 125 254
182 296 185 296
79 219 81 220
90 13 95 13
4 20 4 25
369 32 373 32
121 242 126 242
263 87 264 89
295 105 300 105
328 135 329 137
151 193 152 195
118 197 120 198
370 330 371 332
63 193 64 195
195 93 196 95
283 60 285 61
304 15 305 17
265 154 267 155
164 83 169 83
9 334 14 334
196 308 201 308
202 139 204 140
134 12 138 12
242 279 244 280
222 159 224 160
141 7 146 7
368 283 369 285
36 196 41 196
41 239 43 240
268 246 269 248
55 273 55 278
19 208 21 209
12 96 17 96
104 40 104 45
232 30 237 30
104 219 106 220
218 278 223 278
204 16 205 18
217 145 217 150
371 122 372 124
25 113 30 113
317 18 319 19
333 98 333 103
346 96 346 101
25 288 27 289
235 155 240 155
71 3 76 3
149 203 154 203
47 45 48 47
281 4 282 6
57 98 59 99
147 64 148 66
220 141 222 142
12 300 13 302
115 256 120 256
301 87 303 88
124 217 124 222
340 316 341 317
64 293 66 294
327 221 328 223
114 84 116 85
293 146 294 148
4 254 5 256
44 115 49 115
255 7 260 7
85 115 90 115
54 64 59 64
247 228 248 230
134 132 136 133
186 312 187 314
202 283 204 284
211 164 216 164
355 132 357 133
108 213 109 215
126 238 128 239
147 237 149 238
114 100 115 102
64 82 69 82
201 335 206 335
156 313 157 315
325 176 330 176
356 321 359 321
288 65 290 66
321 247 322 249
192 213 193 215
266 328 271 328
298 201 303 201
330 130 331 132
222 238 223 240
139 288 140 290
160 7 160 12
13 228 14 230
45 143 50 143
230 140 230 145
189 121 194 121
90 32 90 36
88 240 93 240
81 38 83 39
214 231 216 232
352 189 357 189
75 29 75 34
122 19 123 21
259 271 264 271
30 285 32 286
188 53 193 53
23 47 27 47
273 243 273 248
246 127 246 132
82 268 82 273
4 107 9 107
183 132 183 137
320 290 325 290
353 9 354 11
305 102 307 103
181 68 186 68
217 164 219 165
11 222 13 223
30 235 32 236
33 122 38 122
107 231 112 231
345 283 345 287
48 244 53 244
180 226 182 227
51 24 56 24
29 322 30 324
260 103 261 105
193 122 198 122
332 242 334 243
1 203 1 208
251 205 256 205
205 303 206 305
333 297 335 298
117 276 122 276
134 19 139 19
287 127 289 128
233 216 234 218
56 63 61 63
244 93 246 94
312 282 314 283
241 197 246 197
172 318 173 320
3 238 3 243
103 50 104 52
320 236 322 237
8 144 9 145
244 176 244 181
363 228 364 230
204 282 209 282
331 90 332 92
188 312 189 314
291 106 295 106
90 256 94 256
312 171 313 173
80 315 85 315
84 209 86 210
366 74 367 76
34 302 38 302
189 64 194 64
225 264 230 264
294 37 295 39
294 315 296 316
126 164 128 165
130 101 135 101
12 216 13 218
338 250 343 250
28 125 30 126
5 35 5 40
345 241 347 242
284 146 284 151
101 40 102 42
74 69 77 69
130 204 131 206
165 132 170 132
358 243 363 243
9 22 10 24
363 85 366 85
16 180 21 180
11 153 13 154
330 271 335 271
178 283 180 284
359 298 361 299
83 0 85 1
233 88 238 88
13 52 14 54
191 271 196 271
44 165 45 167
84 38 86 39
83 282 87 282
24 299 24 303
268 277 273 277
0 249 1 251
191 49 196 49
328 207 329 209
338 261 342 261
177 55 178 57
39 333 40 335
315 327 317 328
206 192 208 193
234 27 239 27
229 215 234 215
189 3 190 5
277 28 279 29
64 331 69 331
124 211 128 211
366 266 368 267
164 289 169 289
340 142 345 142
168 209 170 210
123 202 125 203
189 104 191 105
366 90 368 91
318 161 318 166
278 223 283 223
286 163 288 164
268 111 273 111
336 107 341 107
223 90 224 92
322 155 327 155
260 256 262 257
84 234 84 239
278 121 283 121
134 118 139 118
91 191 96 191
210 330 211 332
163 164 168 164
274 60 276 61
340 240 345 240
324 146 326 147
286 250 291 250
181 250 186 250
16 315 17 317
348 72 349 74
291 48 292 50
370 309 371 310
199 217 201 218
199 62 199 66
66 93 71 93
314 293 319 293
315 114 316 116
133 9 138 9
309 198 311 199
60 73 60 78
80 103 83 103
92 316 92 319
40 154 40 159
357 251 359 252
26 254 28 255
65 262 67 263
311 130 316 130
371 153 372 155
268 25 270 26
188 268 189 270
35 95 35 100
245 99 245 104
225 120 227 121
252 120 254 121
370 29 371 30
3 215 3 220
154 144 156 145
23 282 25 283
373 110 373 115
96 332 101 332
156 94 158 95
228 78 233 78
319 84 321 85
95 135 97 136
81 327 85 327
32 17 37 17
65 259 67 260
118 220 123 220
46 60 48 61
5 276 5 281
235 218 240 218
144 56 145 58
139 192 141 193
187 198 192 198
247 108 252 108
8 265 8 270
184 315 186 316
243 52 248 52
132 294 132 299
210 171 211 173
353 208 354 209
14 125 14 130
231 287 232 289
328 288 333 288
94 172 94 177
266 133 268 134
177 101 178 103
281 87 286 87
230 206 235 206
41 59 43 60
133 64 138 64
64 36 69 36
295 230 297 231
122 96 124 97
260 329 261 331
209 162 210 164
288 170 293 170
47 119 49 120
367 42 367 47
101 22 106 22
345 267 350 267
174 183 179 183
66 8 68 9
198 241 198 246
226 317 227 319
124 230 125 231
298 264 300 265
249 6 254 6
307 48 308 50
18 186 18 189
106 111 111 111
19 16 24 16
147 156 148 158
245 71 245 76
49 175 54 175
194 207 199 207
225 291 230 291
258 65 258 70
171 0 171 5
353 75 354 77
340 52 345 52
231 283 236 283
14 294 15 296
184 0 185 2
248 113 248 118
80 27 82 28
352 80 352 85
184 179 186 180
146 80 147 82
115 78 117 79
315 159 320 159
321 122 326 122
319 238 324 238
251 213 255 213
182 177 184 178
206 223 208 224
320 330 325 330
359 93 364 93
69 302 69 307
55 220 56 221
262 262 263 263
22 146 23 148
134 15 139 15
316 142 321 142
299 311 299 316
104 109 106 110
189 328 194 328
271 188 276 188
6 157 7 159
329 170 331 171
232 161 232 164
229 275 231 276
177 2 177 7
122 309 124 310
272 57 274 58
354 66 355 68
77 0 82 0
31 289 32 291
163 202 168 202
349 51 350 53
157 60 158 62
225 311 226 313
188 92 193 92
161 305 162 307
84 174 84 179
23 284 28 284
61 293 63 294
225 252 230 252
118 161 123 161
280 171 281 173
78 313 83 313
84 316 89 316
28 263 33 263
19 188 21 189
340 206 345 206
116 162 121 162
350 223 355 223
56 11 61 11
117 189 122 189
230 41 231 43
350 48 352 49
305 83 305 88
169 188 170 190
34 25 39 25
357 122 358 124
72 125 77 125
364 186 366 187
230 8 231 10
342 214 343 216
115 103 120 103
77 138 82 138
131 121 132 123
184 317 189 317
316 168 317 170
147 174 147 179
216 281 216 285
141 24 141 29
209 157 210 159
266 202 271 202
233 44 238 44
265 256 267 257
319 147 320 149
296 333 301 333
337 248 339 249
82 150 84 151
238 51 242 51
316 177 316 182
325 31 326 33
2 4 7 4
81 146 83 147
3 150 3 155
175 37 180 37
199 291 204 291
52 178 57 178
361 186 363 187
321 180 322 182
146 93 147 95
15 120 16 122
359 75 359 80
25 231 25 236
38 45 38 50
183 143 185 144
164 160 169 160
85 100 86 102
365 50 367 51
90 85 95 85
23 318 25 319
159 43 160 45
215 267 217 268
147 293 148 295
363 172 363 177
52 136 54 137
374 318 374 323
113 304 118 304
4 238 4 243
22 292 23 294
13 38 14 40
309 243 314 243
1 165 6 165
190 149 190 154
153 149 154 151
1 215 2 217
170 138 171 140
315 88 320 88
241 9 241 14
321 125 322 127
100 20 105 20
295 212 297 213
211 140 216 140
90 326 95 326
196 6 201 6
189 278 194 278
302 41 307 41
172 299 173 301
363 90 365 91
334 150 338 150
72 198 74 199
358 130 359 132
79 291 80 293
177 134 179 135
57 153 58 155
12 233 13 235
54 50 56 51
87 195 88 197
115 303 118 303
168 212 173 212
171 333 173 334
192 304 192 309
153 102 155 103
81 203 83 204
320 121 325 121
33 34 38 34
360 34 362 35
173 203 176 203
153 251 155 252
127 66 129 67
35 321 36 323
171 219 172 221
204 85 206 86
228 87 231 87
250 97 250 102
240 180 240 185
53 302 55 303
2 237 2 242
93 155 95 156
317 254 322 254
367 292 372 292
291 11 291 16
176 2 176 7
102 69 107 69
300 36 301 38
105 229 106 231
101 241 102 243
313 195 318 195
170 95 172 96
258 219 259 221
345 204 347 205
7 10 12 10
38 182 43 182
110 213 111 215
83 268 84 270
330 63 332 64
73 55 74 57
325 35 330 35
298 12 299 14
40 198 40 202
309 163 311 164
179 329 180 331
257 84 262 84
33 297 34 299
7 38 7 43
256 117 260 117
151 267 152 269
312 293 313 295
265 303 266 305
327 149 332 149
305 118 310 118
88 172 88 177
18 258 20 259
309 63 311 64
324 306 324 311
200 104 200 109
162 319 163 321
76 29 77 31
327 68 327 73
139 167 140 169
121 88 123 89
123 153 128 153
0 22 0 27
268 38 268 43
218 215 219 217
28 206 28 211
6 51 7 53
308 102 310 103
305 202 305 207
131 120 136 120
332 237 337 237
257 22 262 22
190 324 195 324
90 104 95 104
304 13 309 13
303 214 305 215
59 88 60 90
188 176 190 177
318 245 321 245
204 190 209 190
139 53 140 55
288 171 290 172
216 318 217 320
142 328 144 329
107 305 109 306
175 94 176 96
147 91 149 92
17 282 19 283
369 234 370 236
158 274 159 276
314 325 316 326
44 157 48 157
51 166 52 168
28 110 33 110
293 40 295 41
86 105 91 105
371 261 373 262
172 39 173 41
74 96 79 96
102 142 103 144
212 299 214 300
137 253 142 253
258 103 259 105
363 86 367 86
307 316 308 318
276 78 277 80
52 211 53 213
261 21 266 21
275 319 277 320
333 285 334 287
344 75 349 75
146 37 151 37
228 279 228 284
222 214 227 214
235 197 240 197
171 131 173 132
248 12 249 14
221 241 222 243
292 37 293 39
276 316 281 316
308 331 313 331
222 162 223 164
240 207 241 209
240 173 245 173
233 211 238 211
26 285 27 287
17 83 18 85
250 113 250 118
48 173 52 173
206 187 211 187
15 14 17 15
140 149 144 149
233 49 238 49
123 235 123 240
174 87 174 92
339 190 340 192
359 249 362 249
36 172 38 173
171 111 171 116
103 263 108 263
338 24 343 24
55 153 56 155
99 80 104 80
77 230 82 230
307 122 308 124
83 332 84 334
337 64 337 69
207 206 209 207
369 300 372 300
190 274 191 276
154 285 159 285
129 153 134 153
198 247 203 247
290 127 292 128
18 217 18 222
8 48 13 48
255 212 260 212
373 242 373 247
304 209 305 211
276 131 281 131
95 74 97 75
313 42 313 47
112 118 114 119
105 54 105 59
205 103 210 103
44 311 49 311
63 200 63 205
342 231 347 231
279 268 281 269
317 130 318 132
362 0 363 2
231 230 232 232
220 244 222 245
69 15 72 15
9 134 10 136
324 282 326 283
28 331 30 332
200 141 205 141
159 298 164 298
6 222 6 227
203 248 205 249
17 76 19 77
192 261 193 263
130 143 130 148
287 323 288 325
137 250 142 250
33 266 34 268
329 8 331 9
326 156 330 156
354 117 356 118
177 295 182 295
130 40 131 42
289 242 294 242
371 298 372 299
20 164 21 166
0 273 0 278
61 334 62 335
4 273 4 278
83 303 85 304
321 20 323 21
101 152 102 154
39 75 41 76
126 320 128 321
275 124 280 124
76 5 79 5
193 39 194 41
213 309 215 310
78 324 83 324
19 175 24 175
309 168 310 170
309 82 309 87
65 268 69 268
73 265 78 265
94 287 99 287
79 183 81 184
86 311 88 312
284 223 284 228
231 264 236 264
331 217 333 218
121 125 126 125
108 278 113 278
305 332 310 332
45 3 46 4
195 242 195 247
56 139 57 140
88 129 88 134
315 0 320 0
176 207 178 208
88 124 89 126
53 129 53 134
287 162 292 162
86 224 86 229
316 316 318 317
253 256 258 256
2 285 3 287
302 18 302 23
115 291 117 292
133 96 134 98
115 225 117 226
282 333 283 335
15 225 15 230
230 162 231 164
255 142 257 143
374 4 374 7
230 268 235 268
120 294 125 294
164 169 169 169
157 254 157 259
229 296 230 298
317 193 319 194
307 62 312 62
260 266 262 267
163 135 164 137
65 3 67 4
170 327 171 329
70 109 71 111
204 206 206 207
255 269 260 269
288 298 288 303
187 142 192 142
106 29 111 29
313 259 313 264
220 226 224 226
176 83 181 83
137 56 142 56
232 89 234 90
296 240 301 240
340 126 340 131
48 314 48 319
229 315 231 316
74 112 79 112
229 71 231 72
263 159 264 161
112 83 112 88
330 28 332 29
160 318 160 322
132 168 133 170
354 318 359 318
230 317 232 318
24 232 24 237
219 17 219 22
180 175 185 175
89 204 94 204
333 11 333 16
71 2 76 2
358 75 358 80
94 144 99 144
40 160 45 160
135 109 140 109
190 243 190 248
95 330 97 331
370 249 374 249
24 181 26 182
239 205 244 205
121 311 126 311
79 97 80 99
35 199 37 200
229 146 230 148
339 321 344 321
130 96 130 100
296 229 301 229
227 143 227 148
340 3 345 3
184 324 189 324
20 292 21 294
334 57 339 57
88 97 93 97
298 109 302 109
43 100 48 100
80 35 81 37
65 58 69 58
265 318 267 319
308 326 313 326
280 327 281 329
37 197 42 197
339 87 341 88
288 259 288 264
110 159 115 159
211 303 216 303
247 86 252 86
285 268 285 273
100 38 102 39
225 73 227 74
92 105 94 106
10 210 10 215
96 104 101 104
126 335 131 335
97 188 99 189
49 232 50 234
251 189 256 189
306 300 308 301
275 155 280 155
132 3 137 3
309 152 314 152
332 170 334 171
318 307 318 312
217 281 217 286
150 329 151 331
43 133 44 134
58 273 58 278
329 193 331 194
165 219 166 221
155 265 160 265
218 17 218 22
141 156 146 156
2 264 2 269
296 295 297 297
322 130 324 131
15 180 15 184
348 268 349 270
22 280 27 280
152 240 157 240
124 88 126 89
367 290 371 290
207 306 209 307
142 23 142 28
270 335 275 335
284 333 289 333
2 243 2 248
351 9 352 11
79 145 80 147
341 34 342 36
189 310 191 311
236 47 241 47
218 84 220 85
100 72 101 74
62 61 67 61
256 309 261 309
282 220 287 220
131 271 133 272
246 50 251 50
20 14 25 14
197 109 198 111
108 132 113 132
14 211 16 212
244 38 246 39
288 101 288 106
302 247 303 249
307 68 312 68
297 91 299 92
81 29 83 30
133 167 138 167
96 91 97 93
132 212 134 213
99 101 101 102
146 19 151 19
68 201 73 201
56 330 61 330
297 53 302 53
131 76 133 77
236 246 241 246
221 6 223 7
258 244 260 245
130 108 135 108
18 80 19 82
235 247 237 248
41 154 41 159
26 205 26 210
294 175 295 177
134 159 136 160
23 49 28 49
122 229 127 229
37 48 37 53
355 59 355 64
262 97 266 97
148 325 149 327
0 335 5 335
368 133 370 134
317 27 318 29
15 157 16 159
23 325 28 325
370 253 371 255
196 213 197 215
194 113 195 115
280 117 281 119
6 153 7 155
260 170 265 170
240 143 241 145
178 297 183 297
83 117 84 119
178 234 183 234
208 31 208 36
325 91 326 93
295 89 299 89
317 162 317 167
72 68 77 68
136 168 136 173
197 190 198 192
174 326 175 328
269 251 270 253
10 157 12 158
51 198 56 198
271 3 272 5
30 0 30 5
163 166 164 168
132 333 136 333
218 65 220 66
125 317 126 319
280 305 280 310
200 134 205 134
178 263 179 265
202 229 207 229
137 140 138 142
132 315 137 315
26 231 26 236
254 312 255 314
79 142 84 142
217 250 222 250
137 211 138 213
298 147 300 148
57 146 62 146
257 196 262 196
106 135 111 135
189 22 190 24
6 219 7 221
216 321 216 326
118 66 120 67
364 137 365 138
252 260 253 262
292 63 297 63
115 295 120 295
197 4 199 5
146 277 148 278
15 315 15 320
225 0 226 2
323 76 328 76
318 218 318 223
260 209 265 209
173 188 178 188
195 197 199 197
318 205 318 210
159 72 163 72
9 222 10 224
358 166 359 168
157 202 162 202
89 154 90 156
295 101 300 101
357 201 362 201
36 48 36 53
245 6 245 11
296 99 298 100
257 211 262 211
356 248 361 248
229 235 231 236
368 147 371 147
98 159 103 159
137 328 138 330
27 114 32 114
66 253 68 254
133 113 133 118
349 332 354 332
248 277 251 277
215 219 217 220
321 306 321 311
290 302 295 302
331 323 336 323
320 255 325 255
125 91 127 92
154 31 155 33
155 70 157 71
51 193 56 193
355 317 360 317
285 177 287 178
116 229 121 229
199 26 200 28
89 33 89 38
200 232 205 232
370 0 371 2
162 192 162 197
113 83 113 88
277 246 278 248
356 300 361 300
98 187 102 187
323 192 324 194
261 171 266 171
225 301 230 301
282 283 287 283
295 87 297 88
315 53 320 53
199 292 204 292
348 225 353 225
56 46 61 46
294 172 295 174
164 290 169 290
196 106 196 111
327 33 332 33
162 42 167 42
25 328 30 328
28 108 30 109
4 85 6 86
61 88 62 90
27 43 32 43
245 174 250 174
246 237 247 239
188 100 188 105
89 27 91 28
195 119 196 121
246 6 246 11
338 139 339 141
12 38 12 43
77 235 78 237
238 267 241 267
222 185 222 190
250 238 255 238
290 132 292 133
9 61 14 61
108 196 113 196
115 296 120 296
293 172 293 177
194 285 199 285
313 61 317 61
340 161 341 163
327 231 332 231
296 145 298 146
363 118 367 118
51 195 53 196
313 104 315 105
329 264 330 266
54 49 59 49
340 120 340 125
367 145 370 145
232 222 234 223
265 159 266 161
157 13 158 15
60 244 63 244
181 260 183 261
9 78 10 80
205 213 207 214
289 323 290 325
338 245 340 246
26 264 29 264
303 59 305 60
52 25 53 27
111 100 112 102
63 206 68 206
55 230 57 231
138 57 139 59
346 93 347 95
296 6 296 11
40 195 44 195
212 205 213 207
298 194 303 194
56 96 58 97
333 58 336 58
55 266 57 267
170 224 170 227
159 193 159 198
40 87 45 87
332 154 337 154
144 0 149 0
318 111 323 111
264 262 266 263
6 210 6 215
170 0 170 5
85 245 85 250
0 112 0 117
189 234 194 234
203 148 204 150
364 249 369 249
303 64 303 69
107 54 107 59
90 187 91 189
29 254 31 255
322 112 324 113
276 150 278 151
171 29 176 29
312 107 314 108
42 298 46 298
314 184 319 184
281 184 286 184
283 331 287 331
34 140 34 145
191 26 196 26
333 221 335 222
193 28 194 30
356 236 361 236
58 121 58 126
65 135 70 135
259 63 259 68
366 279 366 284
275 296 275 301
32 165 37 165
332 14 332 19
164 86 169 86
218 62 219 64
190 220 191 222
125 277 127 278
269 77 274 77
60 127 60 132
264 320 265 322
141 213 146 213
294 12 295 14
107 195 112 195
202 266 207 266
320 102 322 103
120 305 125 305
312 185 314 186
74 70 76 71
222 53 223 55
291 238 292 240
62 198 62 203
84 44 87 44
258 33 260 34
278 178 278 183
35 22 40 22
308 140 309 142
195 206 200 206
72 22 77 22
80 235 80 240
139 25 140 27
130 173 135 173
207 262 209 263
60 91 61 93
262 25 264 26
35 174 40 174
252 290 253 292
27 322 28 324
106 65 108 66
240 212 241 214
315 242 317 243
324 95 329 95
226 76 227 78
141 53 142 55
329 226 330 228
174 323 175 325
330 318 331 320
26 140 31 140
143 181 145 182
349 92 349 97
359 90 360 92
365 24 366 26
286 230 288 231
127 288 129 289
46 160 51 160
333 325 338 325
268 121 272 121
98 50 99 52
91 151 96 151
119 335 124 335
18 54 19 56
133 248 135 249
81 231 83 232
95 222 95 227
297 254 299 255
117 320 119 321
14 0 19 0
129 168 131 169
299 250 304 250
200 219 201 221
128 181 130 182
16 28 21 28
217 276 219 277
196 33 197 35
159 96 160 98
191 54 193 55
180 287 185 287
216 190 218 191
137 70 138 72
139 277 140 279
110 265 111 266
157 139 162 139
283 203 285 204
241 319 241 322
116 73 121 73
46 42 46 47
370 256 372 257
227 20 232 20
142 297 144 298
193 43 193 48
259 28 261 29
196 261 197 263
351 33 351 38
7 129 8 130
156 295 156 298
76 219 78 220
121 67 126 67
96 244 97 246
372 238 374 239
60 45 65 45
115 224 119 224
343 311 348 311
353 177 354 179
104 148 109 148
120 326 121 328
270 82 275 82
112 286 112 289
52 79 52 83
110 13 115 13
185 129 190 129
247 258 249 259
76 14 77 16
126 269 126 274
305 314 307 315
22 277 24 278
17 51 22 51
371 238 371 243
11 213 12 215
132 335 137 335
184 283 186 284
316 318 321 318
233 122 235 123
43 138 43 143
2 57 2 62
106 160 111 160
340 259 342 260
297 325 301 325
261 120 261 125
246 120 248 121
275 176 275 181
249 210 254 210
205 283 207 284
222 0 222 5
360 129 361 131
276 95 281 95
309 129 314 129
135 36 136 38
8 311 8 316
128 104 133 104
93 275 94 277
229 1 234 1
145 133 150 133
191 293 192 295
114 332 119 332
182 272 183 274
262 203 264 204
282 128 286 128
265 80 266 82
84 103 85 105
283 313 288 313
161 299 161 304
303 205 304 207
279 21 279 26
293 64 298 64
88 194 93 194
320 258 321 260
346 215 351 215
83 200 88 200
5 144 5 149
290 305 295 305
163 19 165 20
197 49 199 50
127 83 130 83
181 25 182 27
133 280 135 281
139 143 139 148
362 140 367 140
283 152 285 153
257 67 257 72
167 110 172 110
63 243 67 243
64 200 64 205
117 231 117 234
259 214 264 214
44 281 46 282
307 78 308 80
18 327 20 328
320 184 325 184
351 135 356 135
157 199 158 201
371 109 372 111
259 13 264 13
200 187 205 187
321 209 326 209
213 236 213 241
18 285 19 287
270 104 271 106
312 198 314 199
10 11 11 13
19 83 20 85
108 236 109 238
141 331 143 332
219 233 224 233
272 154 277 154
197 329 199 330
358 107 360 108
235 285 236 287
344 87 345 89
247 59 249 60
211 38 212 40
129 102 131 103
316 244 321 244
201 80 206 80
262 182 266 182
166 333 170 333
137 184 138 186
127 234 132 234
43 202 44 204
362 199 364 200
92 139 93 141
92 27 97 27
258 145 259 147
128 243 130 244
365 238 367 239
146 251 146 254
200 88 205 88
299 15 299 20
243 246 245 247
264 221 269 221
193 239 195 240
34 86 34 91
36 103 41 103
119 173 123 173
360 269 360 273
132 202 134 203
269 231 269 236
9 70 10 72
340 73 341 75
149 85 154 85
268 206 269 208
136 232 138 233
288 14 288 19
139 75 144 75
139 8 144 8
204 87 209 87
215 161 220 161
202 21 203 23
269 317 274 317
294 247 295 249
37 4 39 5
4 157 5 159
160 313 161 315
331 275 336 275
225 122 229 122
115 232 116 234
87 223 87 228
196 315 198 316
16 110 21 110
365 276 370 276
372 29 373 31
247 84 250 84
21 150 22 152
235 157 237 158
336 309 341 309
136 119 140 119
318 158 322 158
119 65 123 65
241 44 242 46
172 222 174 223
312 183 317 183
24 159 25 161
213 190 215 191
40 219 42 220
190 0 191 2
15 123 18 123
42 264 43 266
81 107 82 109
262 68 263 70
318 38 318 43
210 298 214 298
237 215 238 217
66 316 67 318
245 293 250 293
231 25 236 25
130 274 135 274
254 160 259 160
254 241 254 246
19 311 19 316
88 282 93 282
315 107 316 109
205 294 206 296
248 294 250 295
327 89 332 89
4 178 5 180
230 319 232 320
215 221 220 221
5 48 5 53
368 178 373 178
61 100 66 100
89 24 94 24
236 308 241 308
151 39 155 39
344 71 348 71
61 101 66 101
52 162 54 163
27 300 28 302
236 95 236 100
316 173 317 175
62 325 63 327
27 181 29 182
222 27 223 29
239 44 240 46
195 132 195 137
67 33 69 34
351 73 352 75
283 258 288 258
249 5 254 5
152 200 153 202
358 255 359 257
50 281 55 281
16 32 16 37
73 148 73 153
9 311 9 316
278 235 279 237
258 123 260 124
81 22 82 24
327 282 329 283
186 226 187 228
173 43 174 45
200 130 205 130
32 275 37 275
95 274 96 276
31 150 33 151
221 257 223 258
254 37 259 37
124 29 129 29
356 324 361 324
241 285 246 285
146 248 151 248
193 142 194 144
163 267 164 269
304 6 306 7
51 98 53 99
31 136 32 138
81 223 86 223
280 167 285 167
252 276 254 277
120 175 125 175
276 139 281 139
200 158 201 160
44 232 44 237
273 234 278 234
53 298 58 298
223 42 227 42
163 145 168 145
147 30 147 35
127 172 129 173
78 177 79 179
214 97 219 97
49 302 49 307
165 318 166 320
326 320 327 322
241 53 243 54
200 85 201 87
53 156 58 156
294 15 296 16
172 63 173 65
324 123 326 124
105 265 109 265
261 7 263 8
218 104 220 105
308 37 310 38
322 69 322 74
118 246 123 246
23 107 28 107
199 190 199 195
8 18 13 18
219 251 220 253
74 97 75 99
191 50 196 50
273 333 278 333
265 85 267 86
261 56 261 61
281 56 283 57
21 40 22 42
266 124 269 124
17 211 18 213
292 222 297 222
174 316 174 321
197 93 198 95
240 108 241 110
169 15 169 20
88 50 93 50
73 50 75 51
92 188 93 189
177 124 182 124
288 51 293 51
172 169 173 171
215 88 220 88
359 56 360 58
296 131 297 133
335 4 336 6
32 194 33 196
29 194 31 195
194 1 196 2
152 226 157 226
357 292 358 294
191 149 192 151
228 310 233 310
291 24 292 26
354 273 355 275
248 53 249 55
10 74 11 76
367 212 368 214
45 158 47 159
144 68 145 70
323 160 325 161
47 8 49 9
7 118 9 119
88 274 88 279
118 96 118 101
328 52 328 57
291 241 294 241
1 306 1 310
201 199 205 199
148 60 150 61
15 140 19 140
47 309 48 310
203 152 208 152
224 27 225 29
261 326 263 327
203 265 207 265
157 306 158 307
263 137 264 139
6 37 11 37
147 302 148 304
341 40 341 45
359 30 360 32
327 84 328 86
144 249 148 249
188 125 190 126
340 103 345 103
58 43 59 45
167 268 172 268
155 248 157 249
205 107 206 108
144 71 145 73
292 296 293 298
146 325 147 327
53 282 55 283
96 167 101 167
103 127 108 127
82 234 82 239
29 249 31 250
6 131 8 132
57 5 62 5
372 76 372 81
222 231 227 231
112 232 114 233
136 143 137 145
16 256 18 257
119 288 121 289
62 309 63 311
279 246 280 248
270 2 275 2
249 228 250 230
133 234 134 236
187 180 188 182
120 264 124 264
174 231 174 236
42 108 43 110
233 161 234 163
312 125 314 126
367 29 369 30
308 260 309 262
58 296 60 297
304 8 307 8
307 308 307 313
288 310 293 310
68 71 69 73
233 243 234 245
68 63 73 63
267 101 269 102
370 114 372 115
60 118 65 118
245 176 245 179
154 219 159 219
165 249 170 249
67 57 72 57
355 10 357 11
184 8 189 8
317 315 322 315
74 132 76 133
150 288 151 290
312 73 314 74
272 104 273 106
86 41 87 43
165 48 166 50
223 241 225 242
238 31 239 33
165 162 170 162
234 159 236 160
172 111 172 116
163 330 164 332
342 312 347 312
275 37 280 37
87 154 88 156
14 2 19 2
259 11 261 12
242 20 247 20
12 266 13 268
267 306 272 306
50 150 52 151
30 325 35 325
300 285 305 285
112 96 117 96
76 93 77 95
111 151 116 151
296 106 301 106
361 92 366 92
351 237 352 239
104 107 109 107
371 118 373 119
248 290 249 292
193 205 198 205
33 104 37 104
20 285 21 287
116 305 117 307
84 299 89 299
35 318 37 319
199 142 200 144
156 107 157 109
246 243 247 244
87 117 89 118
187 149 188 151
225 254 230 254
104 159 109 159
47 320 49 321
127 334 132 334
184 189 189 189
339 333 344 333
191 195 192 197
60 272 60 277
37 86 39 87
45 229 47 230
27 156 28 158
9 333 14 333
259 120 260 122
294 198 296 199
19 284 22 284
203 322 208 322
28 326 30 327
254 219 255 221
84 110 89 110
264 178 266 179
13 326 13 331
72 8 74 9
61 22 63 23
148 188 149 190
166 198 170 198
311 84 312 86
185 181 185 186
103 221 105 222
245 40 247 41
154 290 159 290
236 55 241 55
147 119 148 121
112 149 114 150
253 241 253 246
140 181 142 182
304 329 305 331
66 121 70 121
83 138 84 140
227 24 232 24
9 165 10 167
46 51 47 53
311 259 311 264
233 46 238 46
341 236 346 236
178 160 180 161
295 236 296 238
309 225 314 225
326 143 327 145
124 113 129 113
65 68 65 73
288 249 293 249
119 151 120 153
300 138 302 139
187 319 192 319
290 303 295 303
302 121 307 121
312 43 312 48
81 291 82 293
167 332 172 332
143 53 144 55
216 87 221 87
170 217 175 217
311 72 316 72
101 128 103 129
358 0 359 2
113 230 115 231
268 115 270 116
199 299 200 301
44 322 45 323
1 273 1 278
39 88 41 89
310 127 312 128
214 170 219 170
30 6 30 11
325 4 330 4
206 154 206 159
282 227 282 231
183 163 188 163
79 321 84 321
151 101 156 101
198 219 199 221
305 271 307 272
72 26 74 27
93 284 94 286
370 296 372 297
207 269 212 269
31 128 36 128
58 209 60 210
128 268 129 270
43 332 44 334
277 249 279 250
118 102 122 102
158 114 163 114
167 334 170 334
283 277 288 277
335 127 335 132
35 135 36 137
120 6 120 11
244 243 245 245
92 75 93 77
66 66 68 67
109 133 111 134
242 207 243 208
342 150 347 150
28 294 29 296
168 35 173 35
362 202 364 203
198 42 203 42
159 200 161 201
89 112 90 114
222 227 223 229
192 219 193 221
272 108 274 109
206 285 208 286
359 42 364 42
260 221 261 223
145 153 150 153
29 307 31 308
350 42 355 42
263 46 264 48
146 164 148 165
67 0 69 1
229 51 230 53
258 273 263 273
135 117 140 117
168 325 173 325
228 207 233 207
265 120 270 120
87 294 92 294
183 206 188 206
237 233 240 233
178 235 183 235
356 301 358 302
359 292 360 294
154 200 155 202
43 44 43 49
337 330 338 332
152 253 157 253
112 63 113 65
63 32 64 34
254 24 259 24
181 283 183 284
354 134 358 134
215 12 217 13
361 278 361 283
193 243 193 248
13 10 17 10
42 191 45 191
25 326 27 327
344 54 345 56
34 68 39 68
66 304 66 309
316 155 321 155
292 8 292 13
29 130 34 130
329 285 330 287
238 284 242 284
359 126 361 127
202 131 204 132
65 192 67 193
366 28 371 28
2 51 2 56
138 234 138 239
341 79 342 81
368 86 372 86
310 155 315 155
123 159 128 159
151 117 152 118
310 31 315 31
208 90 213 90
61 241 63 242
31 70 32 72
92 264 97 264
300 12 300 17
346 173 347 175
216 127 216 132
106 298 111 298
81 113 86 113
181 329 183 330
37 325 39 326
163 84 168 84
333 96 338 96
354 288 355 290
346 305 347 307
138 65 139 67
4 140 6 141
140 296 145 296
294 223 299 223
60 64 65 64
27 218 32 218
32 41 37 41
240 33 242 34
12 20 14 21
293 8 293 13
16 285 17 287
344 223 349 223
5 167 5 172
225 125 230 125
77 320 81 320
107 313 108 315
22 82 26 82
217 265 219 266
175 181 177 182
269 283 273 283
129 46 134 46
56 22 57 23
317 77 318 79
261 111 261 115
249 235 254 235
272 314 274 315
28 261 29 262
253 150 258 150
373 136 373 140
287 43 292 43
152 67 154 68
280 258 282 259
354 105 359 105
179 110 181 111
109 141 111 142
133 10 133 15
11 165 12 167
258 263 261 263
325 240 330 240
57 6 62 6
203 100 204 102
320 134 320 139
266 36 268 37
303 27 308 27
316 322 320 322
2 78 2 83
368 0 369 2
142 264 147 264
317 147 318 149
117 315 122 315
180 282 185 282
170 13 175 13
191 46 192 48
162 23 164 24
110 164 115 164
201 33 201 38
192 143 192 148
148 306 148 311
17 271 18 273
200 128 202 129
157 133 162 133
233 54 237 54
108 54 109 56
14 233 15 235
354 47 359 47
195 266 198 266
277 200 279 201
294 74 294 79
341 165 342 167
69 94 71 95
147 26 148 27
149 328 149 333
351 270 351 273
293 35 298 35
314 79 316 80
1 267 1 272
289 313 293 313
115 227 117 228
23 88 25 89
93 117 94 119
361 240 362 242
317 37 322 37
3 26 3 31
202 25 203 27
151 136 156 136
310 260 310 265
111 131 116 131
313 176 318 176
79 64 84 64
187 110 189 111
351 63 353 64
314 218 314 223
111 227 112 229
5 93 10 93
283 239 288 239
304 263 309 263
309 52 309 57
50 250 55 250
360 321 363 321
326 190 328 191
66 264 68 265
59 174 63 174
268 55 270 56
105 149 105 154
146 83 151 83
256 12 258 13
300 291 305 291
195 25 200 25
356 78 356 82
284 47 289 47
208 134 209 136
355 295 359 295
100 218 100 223
274 291 279 291
246 53 247 55
34 210 39 210
19 297 23 297
87 172 87 177
190 329 191 331
271 284 273 285
182 310 182 315
23 86 27 86
211 194 213 195
42 35 44 36
337 316 339 317
48 176 53 176
122 126 127 126
298 127 300 128
234 131 239 131
6 335 11 335
116 126 121 126
42 140 42 145
333 164 334 166
259 150 260 152
227 258 232 258
251 15 252 17
190 312 192 313
38 199 38 204
112 155 114 156
345 321 350 321
169 81 171 82
74 312 79 312
278 118 279 120
191 226 193 227
118 37 122 37
222 304 227 304
133 334 136 334
134 268 135 270
36 237 36 242
260 55 265 55
19 231 19 236
237 169 242 169
268 145 270 146
229 305 230 307
150 138 152 139
319 307 319 312
307 274 312 274
326 160 331 160
9 64 14 64
22 226 22 231
309 327 311 328
161 215 162 216
231 296 232 298
209 124 210 126
22 54 23 56
251 200 252 201
227 123 229 124
306 59 308 60
93 271 98 271
342 28 347 28
362 124 367 124
158 282 160 283
6 326 8 327
305 162 308 162
211 287 211 292
303 139 308 139
225 226 230 226
15 3 15 8
144 257 144 262
208 265 210 266
194 200 199 200
150 174 150 179
68 3 69 5
209 78 211 79
191 288 192 290
336 111 341 111
339 331 341 332
306 169 308 170
166 114 166 119
283 242 288 242
133 198 135 199
190 261 191 263
7 275 12 275
356 61 357 63
221 221 226 221
197 46 198 48
10 98 10 103
36 231 36 236
260 66 261 68
53 247 54 249
160 329 165 329
75 17 80 17
118 155 123 155
40 31 45 31
315 157 320 157
200 161 201 163
113 137 118 137
360 61 361 62
341 148 346 148
197 20 201 20
361 334 366 334
295 107 300 107
162 218 167 218
46 322 48 323
98 266 100 267
273 176 274 178
115 122 116 124
134 162 135 164
137 10 139 11
132 24 134 25
176 296 181 296
217 188 218 189
232 71 234 72
78 117 80 118
181 323 182 325
358 193 359 195
86 129 86 134
343 79 343 84
106 24 108 25
180 202 185 202
126 235 127 237
43 175 48 175
253 200 254 201
267 111 267 116
267 97 272 97
217 81 218 83
107 307 109 308
226 104 227 106
251 196 256 196
141 167 146 167
179 289 183 289
169 14 174 14
10 235 11 237
7 304 8 306
7 232 12 232
162 201 166 201
356 255 357 257
293 54 294 56
346 161 348 162
37 205 39 206
226 135 228 136
78 288 79 290
352 270 354 271
0 88 0 93
359 123 361 124
309 21 311 22
103 25 104 27
135 105 137 106
275 114 275 119
45 96 49 96
263 132 268 132
26 159 28 160
299 32 303 32
284 252 285 254
37 95 37 100
345 109 347 110
166 19 168 20
45 149 50 149
347 165 348 167
7 173 12 173
315 117 320 117
248 205 250 206
105 297 110 297
132 95 137 95
77 100 79 101
95 105 96 107
325 297 325 302
217 222 219 223
208 38 210 39
165 206 170 206
9 104 11 105
38 16 43 16
274 123 279 123
360 105 365 105
227 326 227 331
72 232 73 234
21 2 21 7
0 331 1 333
107 109 109 110
207 107 208 109
189 325 190 327
331 108 333 109
31 279 33 280
228 192 228 197
199 212 199 215
258 54 263 54
181 84 181 89
127 311 132 311
58 299 59 301
342 92 342 97
136 195 138 196
266 55 267 56
244 6 244 11
365 42 365 47
311 0 312 2
129 332 131 333
211 167 212 169
74 93 75 95
286 147 286 152
164 79 166 80
356 0 356 5
69 270 69 275
63 68 63 73
3 189 4 191
131 60 133 61
106 9 107 11
344 161 345 163
56 43 57 45
360 255 361 257
296 83 298 84
35 326 36 328
78 210 83 210
306 218 306 223
130 225 135 225
119 297 121 298
230 48 235 48
360 136 365 136
37 168 39 169
64 39 67 39
283 65 284 66
0 189 2 190
141 317 142 319
125 197 127 198
206 199 208 200
183 325 188 325
6 291 7 293
16 311 17 313
34 106 35 108
53 273 53 278
246 311 250 311
35 201 36 203
136 179 138 180
166 283 167 285
345 330 346 332
365 87 366 89
184 187 189 187
231 159 233 160
117 115 118 117
238 161 240 162
226 309 231 309
134 330 136 331
51 279 56 279
99 117 100 119
128 162 133 162
127 41 127 46
207 21 207 26
296 243 297 245
159 244 164 244
88 31 92 31
358 61 359 63
230 202 231 204
188 20 188 25
240 120 242 121
358 66 358 71
47 291 52 291
73 187 73 192
86 52 91 52
278 104 279 106
353 88 353 92
268 167 273 167
129 241 134 241
88 223 88 228
114 77 117 77
245 107 250 107
21 95 22 97
236 164 238 165
45 305 45 310
310 24 311 26
277 144 282 144
261 183 262 185
242 55 243 57
33 294 35 295
322 216 322 221
320 161 320 166
135 71 136 73
160 192 160 197
127 79 130 79
45 332 46 334
79 38 80 39
353 326 357 326
242 107 242 112
178 256 178 261
98 128 100 129
147 288 149 289
212 226 213 228
72 210 77 210
140 79 140 84
60 317 61 318
259 335 263 335
264 56 265 58
134 290 134 295
79 139 80 141
175 164 180 164
344 305 345 307
368 222 368 227
290 36 291 38
215 248 216 250
96 68 96 73
19 279 20 281
89 218 90 220
141 320 143 321
123 40 128 40
143 263 148 263
47 274 49 275
83 27 88 27
103 262 108 262
76 192 81 192
175 262 175 267
282 244 287 244
177 290 182 290
137 2 142 2
237 285 238 287
26 305 26 310
370 151 370 156
128 150 129 152
65 288 70 288
225 66 226 68
339 239 344 239
320 7 325 7
168 143 170 144
303 92 304 94
348 201 350 202
6 172 11 172
187 127 189 128
166 196 170 196
9 210 9 215
140 1 145 1
239 122 241 123
155 13 156 15
131 185 132 187
342 222 347 222
211 103 216 103
211 275 216 275
148 20 148 25
131 10 132 11
290 243 291 245
360 49 362 50
290 190 295 190
1 197 1 202
181 3 182 5
227 2 232 2
169 94 174 94
249 250 254 250
250 226 255 226
307 158 311 158
356 15 357 17
123 300 124 302
176 308 178 309
299 165 301 166
95 284 96 286
322 133 322 138
211 311 213 312
324 81 325 83
161 208 166 208
351 29 352 31
343 210 345 211
207 201 212 201
19 271 20 273
342 304 343 306
109 103 114 103
143 23 143 28
326 148 331 148
74 288 75 290
326 301 328 302
124 172 126 173
294 70 296 71
254 192 255 194
188 220 189 222
251 152 251 157
232 53 237 53
190 292 195 292
179 94 180 96
226 89 231 89
327 264 328 266
196 309 201 309
316 31 318 32
362 290 366 290
310 44 310 49
348 327 349 329
199 176 202 176
137 96 138 98
215 212 216 214
277 60 279 61
351 122 356 122
299 334 301 335
106 252 111 252
256 330 257 331
351 145 352 147
89 330 94 330
224 229 229 229
177 172 177 177
258 279 260 280
369 171 369 176
299 134 304 134
126 199 127 201
92 187 97 187
106 38 106 43
125 60 126 62
113 195 118 195
74 60 74 65
202 213 204 214
349 279 354 279
18 102 23 102
59 245 63 245
50 274 50 279
351 310 351 315
74 240 74 245
301 73 306 73
41 84 46 84
196 112 197 114
254 12 255 14
171 172 176 172
330 303 330 308
300 288 302 289
300 136 305 136
283 113 284 115
292 130 297 130
293 99 295 100
27 200 32 200
0 334 5 334
134 76 134 81
44 30 49 30
265 15 266 17
60 211 61 213
200 63 205 63
197 57 202 57
102 300 103 301
295 102 296 103
321 213 326 213
182 172 183 174
371 318 373 319
341 25 343 26
88 78 93 78
210 296 212 297
151 115 153 116
135 96 136 98
240 125 245 125
96 16 101 16
132 268 133 270
64 56 64 59
35 140 35 145
136 211 136 215
49 22 50 24
266 232 266 237
64 140 69 140
35 132 36 134
166 242 171 242
145 136 150 136
333 149 337 149
116 194 121 194
364 27 369 27
333 35 335 36
36 95 36 100
116 316 121 316
70 82 75 82
275 313 276 315
116 88 117 90
251 307 256 307
2 194 2 199
163 13 164 15
161 126 166 126
335 324 340 324
92 56 96 56
107 247 109 248
302 130 304 131
308 175 312 175
279 189 284 189
200 175 205 175
207 50 209 51
154 300 156 301
2 270 2 275
276 335 281 335
58 289 60 290
249 300 254 300
1 224 1 229
151 38 156 38
308 135 313 135
194 43 194 48
343 200 348 200
259 215 264 215
112 320 114 321
372 19 373 21
210 334 212 335
295 195 296 197
271 103 276 103
247 332 248 334
10 27 11 29
167 215 172 215
367 228 368 230
331 221 332 223
21 251 22 253
163 178 165 179
204 313 206 314
81 156 86 156
308 28 310 29
209 152 210 154
210 190 212 191
323 69 323 74
251 318 252 319
361 269 361 273
324 117 329 117
335 25 340 25
309 109 314 109
239 279 241 280
206 124 206 128
19 44 24 44
329 219 334 219
217 182 219 183
2 72 2 77
277 89 282 89
369 34 371 35
177 323 178 325
109 30 114 30
105 90 110 90
258 142 259 144
320 33 322 34
85 275 87 276
120 301 122 302
360 119 361 121
275 77 280 77
281 182 283 183
54 317 56 318
33 326 34 328
25 226 26 228
52 329 57 329
34 194 35 196
43 196 44 198
310 257 312 258
78 202 83 202
133 16 138 16
19 131 24 131
357 0 357 5
106 141 107 143
35 271 40 271
206 90 207 92
293 179 295 180
1 128 1 133
153 65 155 66
327 28 329 29
32 261 34 262
226 141 228 142
28 188 33 188
195 183 196 185
125 297 125 302
141 158 142 160
56 327 58 328
57 128 57 132
327 74 329 75
76 221 81 221
267 106 269 107
295 81 300 81
167 114 167 119
225 69 230 69
80 5 82 6
211 4 211 9
166 299 167 300
171 281 176 281
327 27 332 27
9 247 9 251
117 54 118 56
141 49 146 49
25 16 26 17
159 94 161 95
339 310 344 310
50 311 55 311
116 198 116 203
359 219 364 219
29 156 30 158
43 144 45 145
77 185 82 185
164 161 169 161
183 331 184 332
85 147 86 149
124 134 129 134
53 189 54 191
58 127 59 129
163 56 167 56
243 214 245 215
22 157 22 162
344 21 346 22
260 60 260 65
87 288 88 290
85 268 85 273
23 42 28 42
77 45 79 46
126 230 127 232
43 331 48 331
365 93 370 93
48 94 53 94
137 310 142 310
109 224 110 226
142 106 147 106
252 109 252 114
32 74 36 74
79 143 84 143
206 171 207 173
343 12 344 14
319 301 319 306
286 298 287 300
255 42 256 44
26 76 27 78
223 76 223 81
353 151 358 151
86 241 88 242
165 123 166 125
310 269 315 269
297 58 297 62
261 181 266 181
33 177 34 179
354 136 359 136
105 200 110 200
245 112 250 112
113 68 118 68
271 262 272 264
334 65 334 70
269 166 274 166
141 210 142 212
147 323 149 324
35 207 37 208
174 282 179 282
335 285 336 287
98 168 103 168
14 149 19 149
61 209 63 210
161 96 162 98
347 107 349 108
62 96 64 97
341 149 346 149
307 21 308 23
134 47 136 48
338 335 343 335
137 271 139 272
178 181 180 182
153 45 155 46
249 15 250 17
243 107 243 112
151 123 153 124
121 71 123 72
31 311 31 316
231 156 236 156
259 278 264 278
145 209 146 211
371 133 373 134
331 7 336 7
6 331 11 331
286 327 287 329
372 240 374 241
88 29 90 30
178 179 183 179
335 190 336 192
262 56 262 61
371 112 372 113
194 102 195 104
131 181 133 182
48 51 50 52
17 1 22 1
10 126 10 131
357 66 357 71
224 246 229 246
300 174 305 174
270 316 275 316
263 199 264 201
198 58 203 58
69 206 70 208
355 34 356 35
68 320 70 321
286 78 288 79
333 125 335 126
29 123 34 123
321 325 326 325
343 221 348 221
331 303 331 306
40 205 42 206
215 165 216 167
161 92 163 93
238 315 240 316
17 231 17 236
246 201 248 202
176 180 181 180
255 235 260 235
294 233 295 235
183 290 184 292
91 183 93 184
364 192 369 192
59 298 64 298
267 46 268 48
0 177 0 182
147 306 147 311
282 51 287 51
52 170 57 170
326 26 329 26
290 306 295 306
100 75 102 76
41 140 41 145
92 247 94 248
86 15 91 15
257 297 257 302
366 250 368 251
334 108 337 108
213 210 213 215
37 321 38 323
113 216 118 216
164 120 165 122
59 249 60 251
242 267 244 268
138 335 143 335
59 189 60 191
305 134 307 135
370 36 371 37
158 193 158 198
7 78 8 80
230 246 230 251
156 289 161 289
193 208 198 208
233 200 238 200
160 111 161 113
359 322 364 322
146 200 151 200
72 160 73 162
231 281 233 282
149 64 150 66
318 60 320 61
366 150 370 150
325 192 326 194
134 168 135 170
333 17 334 19
24 317 29 317
137 174 138 176
304 219 304 223
271 118 272 120
266 83 271 83
104 303 108 303
341 147 346 147
46 0 48 1
110 310 115 310
306 83 306 88
5 264 5 269
166 165 171 165
118 85 123 85
277 193 278 195
162 94 164 95
246 44 246 49
59 96 61 97
274 167 279 167
326 217 327 219
344 107 346 108
134 271 136 272
58 334 60 335
9 308 14 308
174 143 176 144
258 260 259 262
110 126 115 126
228 137 230 138
147 122 148 124
33 28 33 33
181 12 186 12
25 229 27 230
233 8 233 13
268 44 270 45
76 145 76 150
96 288 101 288
183 13 188 13
189 257 194 257
76 194 81 194
214 236 214 241
222 58 227 58
50 55 54 55
285 255 286 257
78 231 80 232
276 107 281 107
309 88 314 88
152 254 152 259
222 31 227 31
16 55 17 57
250 61 255 61
319 232 319 237
175 142 180 142
128 76 130 77
172 77 174 78
110 161 111 163
249 87 254 87
216 68 221 68
197 71 199 72
345 50 350 50
5 101 5 106
40 169 44 169
110 136 115 136
83 243 88 243
331 173 333 174
296 187 298 188
116 134 117 136
27 185 29 186
84 83 85 84
213 179 214 181
127 16 128 18
92 115 97 115
192 311 195 311
317 70 317 75
166 57 171 57
193 335 198 335
89 195 90 197
260 199 262 200
197 194 198 196
286 130 291 130
30 283 32 284
214 32 216 33
349 221 354 221
368 316 373 316
48 12 49 14
314 329 315 331
205 176 208 176
223 141 225 142
344 72 345 74
2 184 4 185
82 82 86 82
23 329 25 330
48 25 49 27
57 88 58 90
62 295 67 295
313 67 315 68
312 153 317 153
3 72 3 77
125 50 127 51
303 70 305 71
41 229 41 234
324 214 329 214
356 258 358 259
157 145 162 145
83 234 83 239
255 223 256 225
243 9 243 14
56 316 61 316
233 332 234 334
66 324 66 328
40 267 42 268
123 232 125 233
108 9 109 11
104 161 106 162
60 43 62 44
238 28 243 28
76 190 78 191
181 0 182 2
214 185 215 187
268 85 270 86
244 107 244 112
85 224 85 229
304 24 305 26
89 129 89 134
274 32 278 32
234 117 236 118
131 79 132 81
127 125 132 125
183 312 183 317
56 129 56 134
29 132 34 132
349 141 354 141
39 15 44 15
2 94 7 94
44 0 45 2
77 84 78 86
19 17 24 17
133 284 135 285
289 286 291 287
307 119 312 119
236 318 236 322
349 111 351 112
92 213 97 213
56 207 57 209
239 88 244 88
16 135 21 135
229 257 234 257
327 192 328 194
304 104 306 105
314 89 315 91
369 110 369 115
112 130 117 130
338 262 339 263
117 22 118 24
3 108 5 109
2 142 4 143
125 73 126 75
207 124 208 126
231 171 231 176
244 28 247 28
357 18 358 20
158 71 162 71
170 64 171 66
211 265 213 266
160 40 161 42
354 53 355 55
282 171 284 172
159 162 164 162
84 41 85 43
80 201 85 201
269 94 271 95
170 83 175 83
107 253 108 255
253 74 253 79
357 303 359 304
137 312 142 312
368 64 368 69
89 331 94 331
248 109 250 110
143 290 148 290
323 332 325 333
372 283 373 285
61 296 63 297
202 104 203 106
370 136 370 141
128 126 133 126
320 333 322 334
205 267 206 269
343 97 343 102
305 305 307 306
49 0 51 1
199 51 201 52
220 49 225 49
156 74 161 74
273 262 274 264
119 10 119 15
5 95 5 100
76 261 81 261
186 55 187 57
148 219 153 219
295 52 300 52
371 16 372 18
138 40 139 42
323 27 324 29
317 76 322 76
349 24 350 25
242 294 244 295
82 70 84 71
281 240 282 242
352 53 353 55
187 145 188 147
315 30 320 30
265 135 267 136
225 216 226 218
41 333 42 335
195 328 200 328
126 155 128 156
218 59 220 60
151 64 152 66
301 85 303 86
57 307 58 309
359 199 361 200
291 33 293 34
231 249 232 251
193 127 194 129
69 322 70 324
122 160 127 160
32 170 37 170
136 23 141 23
353 310 353 315
263 133 265 134
293 195 294 197
73 128 73 133
121 312 126 312
8 2 13 2
238 102 238 107
70 266 70 271
157 300 158 302
283 186 288 186
110 128 112 129
62 316 63 318
68 109 69 111
290 327 290 332
102 72 103 74
111 197 116 197
350 143 352 144
11 102 13 103
160 109 165 109
209 148 210 150
84 128 89 128
85 62 86 64
374 217 374 222
77 7 82 7
325 229 330 229
170 289 172 290
285 171 287 172
90 139 91 141
241 335 246 335
22 325 22 330
362 129 363 131
76 47 78 48
308 34 313 34
199 183 200 185
284 99 286 100
62 24 64 25
228 237 229 239
326 273 331 273
57 195 62 195
12 176 13 178
335 223 340 223
93 161 93 165
260 242 262 243
73 235 74 237
169 123 170 125
232 176 237 176
346 155 348 156
31 281 33 282
74 161 76 162
47 276 48 278
81 318 86 318
137 308 139 309
69 88 70 90
47 70 49 71
357 75 357 80
112 124 114 125
102 137 106 137
321 276 322 278
213 197 214 199
348 98 349 100
64 236 66 237
230 122 232 123
323 196 325 197
346 163 351 163
64 184 65 186
110 316 115 316
350 103 352 104
272 59 277 59
251 228 252 230
108 318 110 319
310 271 311 273
86 181 91 181
344 61 344 65
3 273 3 278
18 276 19 278
103 123 104 125
106 261 111 261
89 92 90 94
46 223 46 228
327 87 329 88
136 53 138 54
142 31 143 33
221 97 222 99
342 158 346 158
362 335 366 335
53 245 58 245
284 188 289 188
187 20 187 25
272 287 277 287
130 171 132 172
103 3 108 3
281 187 283 188
176 39 177 41
96 110 100 110
32 265 36 265
286 227 288 228
296 192 301 192
367 273 372 273
130 273 135 273
35 231 35 236
90 134 95 134
227 67 232 67
324 256 325 258
250 234 255 234
287 32 292 32
335 231 340 231
269 142 271 143
105 12 110 12
45 262 50 262
209 310 210 312
58 230 60 231
59 133 60 135
231 261 236 261
35 70 36 72
245 186 247 187
42 309 43 311
37 70 38 72
201 183 202 185
153 173 153 178
229 293 234 293
274 243 275 245
47 232 47 237
131 277 133 278
320 105 322 106
90 251 95 251
180 183 183 183
118 130 123 130
42 88 44 89
33 234 33 239
152 52 157 52
263 168 268 168
351 330 353 331
255 169 257 170
277 162 278 164
114 198 114 203
143 99 145 100
17 161 18 163
221 129 222 130
70 246 70 251
306 329 307 331
256 260 257 262
148 125 150 126
87 265 92 265
250 274 255 274
277 88 282 88
110 331 115 331
118 253 120 254
243 159 244 161
253 62 253 67
211 126 216 126
133 171 135 172
99 241 100 243
62 68 62 73
219 72 219 77
14 266 16 267
354 148 359 148
158 7 158 12
358 98 363 98
329 167 334 167
224 206 224 211
308 264 308 269
56 314 61 314
232 241 234 242
112 322 117 322
83 107 84 109
63 197 64 199
259 183 260 185
198 310 203 310
79 189 80 191
228 94 233 94
217 91 218 93
99 190 104 190
153 227 153 232
146 40 148 41
10 261 11 263
195 46 196 48
93 302 93 307
54 196 59 196
90 180 95 180
30 181 31 183
231 52 236 52
27 192 32 192
364 318 364 321
235 26 240 26
72 29 72 34
83 189 84 191
307 67 312 67
85 74 90 74
96 172 96 177
172 146 173 148
312 217 312 222
247 38 249 39
155 96 156 98
325 241 330 241
292 332 297 332
103 241 104 243
252 51 257 51
254 157 256 158
85 263 86 265
361 169 363 170
99 271 104 271
233 149 238 149
226 71 228 72
138 168 138 173
242 325 243 327
31 108 33 109
26 318 28 319
119 309 121 310
153 254 153 259
115 66 117 67
364 300 368 300
23 90 28 90
125 235 125 240
313 205 314 207
208 186 211 186
254 218 259 218
8 133 13 133
303 133 308 133
98 157 103 157
46 112 51 112
81 114 86 114
137 120 140 120
154 227 154 232
169 154 169 159
292 181 297 181
23 136 24 138
203 233 205 234
277 331 282 331
270 122 275 122
9 90 14 90
30 117 32 118
72 93 73 95
148 291 150 292
3 137 8 137
249 317 254 317
348 318 349 320
46 25 47 27
263 166 268 166
341 314 343 315
128 271 130 272
216 71 220 71
359 171 364 171
110 4 112 5
233 184 233 189
266 31 268 32
142 239 147 239
253 197 258 197
80 246 81 248
310 266 311 268
132 253 134 254
230 11 231 13
343 145 345 146
212 183 214 184
256 319 256 324
99 284 100 286
107 216 112 216
99 40 100 42
106 217 111 217
113 286 118 286
340 109 344 109
165 53 166 55
15 194 15 199
292 28 293 30
187 31 187 36
18 311 18 316
295 241 297 242
216 159 218 160
350 318 351 320
80 244 85 244
121 253 123 254
188 49 190 50
243 235 248 235
218 209 218 214
250 182 255 182
61 249 61 254
249 194 250 196
358 97 363 97
203 250 208 250
249 231 254 231
185 331 187 332
142 97 144 98
44 71 45 73
150 146 155 146
167 330 169 331
102 1 107 1
328 152 329 154
362 257 364 258
81 120 83 121
15 236 15 241
274 78 275 80
126 106 127 108
263 40 263 45
117 43 122 43
123 37 124 39
125 195 126 196
241 137 241 142
242 133 242 138
300 261 301 263
161 239 166 239
19 225 19 230
126 95 131 95
151 270 156 270
130 198 132 199
332 21 333 23
191 143 191 148
343 171 348 171
270 290 271 292
240 137 240 142
251 19 253 20
27 298 29 299
371 258 372 260
81 31 83 32
176 304 181 304
124 171 129 171
238 288 240 289
286 181 291 181
149 255 149 260
345 90 345 95
325 60 327 61
135 184 136 186
92 244 93 246
193 93 193 98
63 272 63 277
82 47 84 48
227 221 232 221
160 165 165 165
284 168 286 169
52 0 53 2
181 256 182 258
94 252 99 252
228 329 230 330
302 83 303 84
103 138 108 138
312 158 317 158
131 200 133 201
370 120 372 121
51 125 51 130
227 68 232 68
78 207 83 207
202 82 207 82
185 69 187 70
71 35 72 36
302 290 307 290
363 10 364 12
179 20 184 20
255 137 256 139
150 253 150 258
274 233 279 233
184 10 186 11
318 104 319 106
116 266 121 266
331 127 333 128
320 200 321 202
365 255 366 257
110 271 114 271
139 297 141 298
104 4 106 5
251 267 252 269
47 180 49 181
150 44 155 44
3 98 3 103
231 69 233 70
60 229 65 229
49 224 54 224
353 66 353 71
287 140 288 142
142 60 144 61
122 61 124 62
82 186 83 188
345 96 345 101
115 319 116 321
261 140 266 140
315 185 316 187
241 161 242 163
119 115 120 117
177 107 182 107
252 301 252 306
203 78 205 79
354 298 358 298
369 24 371 25
197 84 197 89
243 153 244 155
288 96 293 96
180 0 180 5
79 222 84 222
214 315 216 316
295 74 295 79
233 14 233 19
233 167 234 169
368 136 369 138
152 19 154 20
96 227 101 227
332 197 337 197
100 122 105 122
66 71 67 73
0 291 1 293
62 63 67 63
320 335 325 335
352 111 354 112
88 127 93 127
89 260 94 260
200 215 204 215
143 166 148 166
316 136 316 141
194 210 199 210
218 51 219 53
256 167 261 167
278 78 279 80
281 174 282 176
270 152 271 154
342 309 347 309
209 69 211 70
253 96 254 98
251 148 252 150
63 133 64 135
243 44 244 46
66 141 68 142
263 235 264 237
339 20 340 22
301 39 303 40
268 60 270 61
30 119 34 119
92 150 97 150
138 116 143 116
61 122 66 122
245 159 246 161
79 3 84 3
330 22 331 24
357 319 359 320
46 11 51 11
204 319 208 319
203 128 205 129
200 117 201 119
261 231 266 231
145 36 145 41
98 230 99 232
269 84 274 84
292 174 292 179
352 324 355 324
93 300 96 300
29 247 34 247
300 208 305 208
198 21 199 23
110 109 112 110
320 327 321 329
228 320 228 325
368 127 372 127
286 247 287 249
127 227 128 228
62 177 67 177
238 319 240 320
249 212 254 212
196 256 197 258
168 121 173 121
73 143 78 143
102 182 107 182
255 73 256 75
213 296 215 297
114 37 114 42
360 204 362 205
55 171 56 173
3 299 4 301
65 141 65 145
113 328 117 328
212 19 212 24
306 247 306 252
21 136 22 138
4 291 4 296
96 230 97 232
128 62 133 62
257 15 258 17
45 235 46 237
91 218 92 220
257 107 260 107
217 102 219 103
306 214 307 216
21 92 23 93
266 58 268 59
215 59 217 60
285 4 286 6
11 51 11 56
36 86 36 91
256 179 261 179
324 328 326 329
359 169 360 170
275 87 280 87
86 322 87 324
10 16 12 17
87 267 87 270
143 293 144 295
374 145 374 150
232 105 234 106
138 241 140 242
154 318 156 319
80 295 85 295
313 51 313 56
53 251 53 256
37 233 37 238
2 123 4 124
79 62 84 62
169 133 171 134
268 249 270 250
344 237 348 237
288 39 289 40
235 163 240 163
305 241 310 241
111 37 111 42
31 75 35 75
15 298 20 298
120 92 120 97
106 218 111 218
110 186 110 191
87 101 89 102
366 52 367 54
288 28 289 30
231 91 233 92
297 0 297 5
65 88 66 90
301 101 302 103
98 100 103 100
235 13 235 18
225 206 225 211
126 192 131 192
246 99 246 104
326 38 326 43
173 173 174 175
361 66 361 71
181 219 182 221
11 124 16 124
311 75 313 76
233 311 234 313
292 89 293 91
119 258 120 260
186 58 191 58
75 263 80 263
215 86 220 86
19 196 20 198
307 107 311 107
368 255 369 257
369 128 372 128
306 327 308 328
87 202 89 203
24 64 29 64
239 228 244 228
221 80 222 82
72 202 77 202
118 323 119 324
86 280 91 280
336 207 338 208
225 4 227 5
356 66 356 71
322 171 326 171
134 147 136 148
144 23 144 28
190 315 195 315
276 44 277 46
129 96 129 101
100 130 105 130
302 66 302 71
135 149 136 151
74 308 79 308
115 54 116 56
370 97 372 98
319 185 320 187
314 26 319 26
31 331 33 332
8 47 12 47
30 296 35 296
51 314 51 319
212 318 213 320
84 278 85 280
19 250 24 250
368 330 369 332
16 237 17 238
70 236 72 237
78 326 80 327
298 39 300 40
287 182 288 184
226 30 231 30
322 328 323 329
36 102 41 102
315 99 317 100
166 10 168 11
23 311 23 316
317 185 318 187
303 309 303 314
162 146 167 146
358 297 363 297
222 87 227 87
329 34 334 34
102 108 106 108
269 287 271 288
149 277 151 278
355 323 360 323
70 14 75 14
286 322 291 322
11 22 16 22
304 143 306 144
276 311 278 312
372 266 372 271
319 299 324 299
145 282 150 282
2 98 2 103
129 330 131 331
289 227 291 228
4 166 4 171
151 144 153 145
48 58 53 58
144 31 145 33
115 14 115 18
207 313 209 314
258 328 263 328
227 205 229 206
5 182 10 182
150 313 152 314
134 228 135 230
72 310 77 310
213 23 215 24
334 251 339 251
269 176 270 178
137 257 142 257
179 24 180 26
249 2 250 4
193 195 194 197
352 310 352 315
355 31 358 31
216 104 217 106
66 44 71 44
286 240 288 241
217 61 222 61
90 286 92 287
172 136 177 136
219 149 224 149
293 209 295 210
170 318 171 320
250 38 252 39
159 300 159 305
31 257 36 257
271 71 276 71
2 218 2 223
252 68 252 73
321 165 323 166
121 227 123 228
357 128 362 128
369 151 369 156
207 236 212 236
18 330 18 335
82 288 84 289
223 61 228 61
64 68 64 73
87 320 89 321
85 90 85 95
177 267 179 268
200 21 201 23
65 59 70 59
219 34 220 36
56 223 61 223
113 313 118 313
105 131 110 131
80 186 81 188
8 38 8 43
183 155 188 155
188 131 188 136
62 0 63 2
32 39 37 39
303 145 304 147
306 111 311 111
310 40 315 40
324 119 328 119
259 38 261 39
67 165 71 165
4 285 5 287
29 70 30 72
13 32 13 37
362 137 363 139
183 48 188 48
176 21 177 23
3 91 4 93
215 175 220 175
195 211 199 211
343 70 348 70
59 270 64 270
133 79 133 84
176 159 177 161
216 98 218 99
144 174 146 175
255 247 257 248
359 302 363 302
303 264 304 266
257 224 259 225
214 90 219 90
329 301 331 302
337 230 342 230
101 224 102 226
232 51 237 51
354 12 356 13
40 85 42 86
124 193 129 193
238 25 243 25
62 211 63 213
102 180 107 180
20 18 22 19
270 150 275 150
4 54 5 56
177 321 182 321
348 153 350 154
275 252 277 253
104 310 109 310
152 272 157 272
230 240 235 240
289 101 294 101
121 36 126 36
305 316 306 318
103 81 104 83
183 124 188 124
265 25 267 26
244 124 249 124
119 19 121 20
325 3 330 3
92 308 93 310
257 293 258 295
348 193 353 193
364 285 365 287
194 96 195 98
197 116 201 116
18 225 18 230
171 104 175 104
279 219 281 220
153 267 154 269
303 137 308 137
254 163 259 163
115 60 115 65
168 299 169 301
358 180 359 182
97 56 102 56
171 174 172 176
54 213 59 213
206 110 211 110
287 126 292 126
41 315 46 315
370 62 374 62
366 260 366 265
195 162 197 163
39 90 44 90
330 321 332 322
81 189 82 191
249 332 250 334
103 156 108 156
194 70 199 70
103 295 105 296
41 105 46 105
168 141 173 141
219 176 224 176
368 259 368 264
79 47 81 48
35 307 37 308
11 134 12 136
293 165 295 166
134 28 135 30
134 277 138 277
275 125 277 126
48 229 53 229
129 226 130 228
116 334 118 335
8 153 10 154
69 164 74 164
88 106 89 108
7 222 7 227
370 53 372 54
35 178 36 179
251 223 252 225
300 89 301 91
319 279 324 279
20 274 21 276
365 157 366 159
40 194 44 194
325 110 330 110
122 266 127 266
183 115 187 115
216 51 217 53
308 176 310 177
299 209 301 210
369 144 374 144
114 314 116 315
53 227 55 228
253 93 255 94
271 96 276 96
313 143 314 145
178 275 180 276
28 291 30 292
42 172 44 173
125 226 128 226
86 161 86 166
107 19 109 20
17 223 19 224
308 15 309 17
68 112 73 112
183 306 183 311
33 321 34 323
142 65 143 67
172 256 173 258
317 35 322 35
137 234 137 239
175 87 175 92
303 53 303 58
202 76 204 77
352 56 357 56
0 76 0 81
254 8 259 8
374 242 374 247
142 258 142 263
173 98 175 99
154 245 156 246
28 163 28 168
294 95 296 96
265 203 270 203
100 230 101 232
41 174 46 174
233 323 238 323
125 209 130 209
9 38 10 40
284 259 284 264
91 58 93 59
113 309 118 309
353 238 355 239
363 21 365 22
66 184 67 186
135 253 136 255
68 96 73 96
371 33 374 33
14 11 15 13
203 327 208 327
344 253 349 253
350 54 351 56
287 93 292 93
311 124 316 124
259 17 264 17
371 40 372 42
327 114 329 115
184 14 184 19
312 161 317 161
294 208 299 208
276 101 278 102
289 173 290 175
262 255 267 255
80 267 85 267
260 83 265 83
158 185 163 185
160 21 165 21
138 25 138 30
143 36 143 41
322 89 323 91
50 56 52 57
143 253 145 254
54 217 59 217
231 37 233 38
222 216 224 217
132 323 134 324
132 255 133 257
145 142 147 143
40 215 44 215
106 133 108 134
73 171 78 171
309 307 310 309
6 35 8 36
178 231 179 233
366 142 367 144
81 311 85 311
361 213 363 214
105 258 110 258
33 206 36 206
238 220 243 220
69 40 74 40
142 201 144 202
68 262 72 262
352 7 354 8
66 299 71 299
84 202 86 203
109 62 109 67
127 273 129 274
240 204 245 204
1 166 3 167
127 317 128 319
154 204 155 206
236 262 241 262
240 328 245 328
289 182 290 183
131 68 134 68
172 133 173 135
254 164 259 164
193 111 195 112
343 199 348 199
86 273 91 273
140 4 142 5
77 225 81 225
357 106 362 106
325 331 330 331
19 306 20 308
276 176 278 177
374 110 374 115
306 113 311 113
343 260 347 260
311 102 313 103
311 235 313 236
12 32 12 37
95 178 97 179
296 68 298 69
121 258 122 260
129 105 134 105
325 238 330 238
193 334 196 334
29 83 30 85
99 17 102 17
242 37 247 37
18 167 19 169
306 166 311 166
117 105 122 105
119 58 120 60
306 32 307 34
281 124 286 124
352 44 357 44
245 268 246 270
231 134 236 134
162 0 162 5
278 222 282 222
58 178 63 178
118 325 123 325
365 279 365 284
207 258 209 259
234 317 234 322
298 163 300 164
168 241 173 241
237 201 242 201
9 49 11 50
76 106 81 106
350 130 352 131
267 195 272 195
320 81 321 83
244 169 249 169
69 318 74 318
159 38 164 38
24 7 24 12
165 266 166 268
290 233 291 235
344 308 349 308
116 310 118 311
308 134 313 134
146 31 146 36
95 98 100 98
304 37 305 39
64 2 69 2
172 6 173 8
330 38 331 40
126 315 131 315
133 36 134 38
220 102 222 103
161 254 162 256
167 214 172 214
196 291 198 292
121 208 126 208
145 28 150 28
242 73 242 78
133 91 134 93
73 15 75 16
194 55 199 55
113 227 114 229
348 17 349 19
84 53 89 53
192 9 196 9
96 221 96 226
322 234 323 235
327 157 328 159
168 119 170 120
210 183 211 185
242 116 247 116
282 173 286 173
129 18 133 18
132 228 133 230
74 259 76 260
192 287 197 287
306 167 311 167
291 78 292 80
181 242 181 247
127 325 128 327
111 187 111 191
12 320 12 325
223 75 227 75
272 235 274 236
39 246 44 246
230 311 232 312
58 315 63 315
301 246 306 246
222 280 222 285
196 225 196 230
65 84 70 84
218 226 219 228
242 319 242 324
335 59 337 60
305 35 310 35
287 233 289 234
3 162 4 164
60 117 64 117
240 265 242 266
0 136 0 141
94 194 99 194
243 321 244 323
257 120 258 122
199 95 204 95
190 268 191 270
272 292 277 292
237 159 239 160
191 3 192 5
64 319 69 319
262 221 263 223
124 199 125 201
101 235 106 235
246 113 247 115
105 113 110 113
143 308 144 310
172 297 177 297
188 116 188 121
255 87 260 87
85 234 85 239
163 248 163 253
227 6 232 6
111 113 113 114
10 32 11 34
95 181 97 182
152 294 157 294
231 332 232 334
9 77 13 77
140 35 145 35
365 319 366 321
153 313 155 314
28 62 30 63
37 61 38 63
72 239 76 239
227 216 229 217
20 176 21 178
117 323 117 326
351 280 352 282
250 179 255 179
66 79 67 81
74 37 75 39
148 269 150 270
197 288 198 290
197 123 202 123
307 104 312 104
266 119 270 119
116 44 117 46
205 325 207 326
205 225 206 227
132 65 133 67
217 315 222 315
193 198 198 198
309 70 310 72
126 174 128 175
121 98 122 100
221 280 221 285
227 227 229 228
78 314 79 315
296 200 301 200
230 189 231 191
107 4 109 5
64 98 69 98
285 312 290 312
269 43 274 43
183 28 184 30
31 62 32 64
313 217 318 217
269 112 274 112
243 263 247 263
250 28 252 29
285 97 290 97
161 17 164 17
348 280 350 281
35 237 35 242
110 299 111 301
275 84 276 86
131 82 132 84
75 286 77 287
308 75 310 76
237 311 238 313
328 155 333 155
351 109 353 110
209 288 209 293
339 31 344 31
366 240 368 241
222 259 227 259
30 309 35 309
15 219 16 221
4 144 4 149
341 16 346 16
228 22 233 22
23 205 25 206
58 170 62 170
357 163 357 168
246 310 251 310
234 328 239 328
203 43 205 44
227 176 228 178
328 213 333 213
118 156 123 156
170 117 172 118
121 38 122 40
136 161 137 163
165 127 167 128
255 110 257 111
82 245 84 246
55 129 55 134
215 69 217 70
239 258 240 260
33 186 38 186
322 326 323 327
46 305 46 310
109 117 114 117
188 200 193 200
56 246 61 246
183 164 188 164
7 134 8 136
350 27 352 28
112 279 117 279
232 321 232 326
49 221 50 223
17 279 18 281
327 308 329 309
100 233 102 234
112 257 117 257
98 21 103 21
327 289 332 289
337 30 342 30
104 259 109 259
13 87 14 89
315 65 317 66
120 306 125 306
287 86 289 87
361 207 361 212
241 334 246 334
288 68 293 68
23 1 23 6
336 321 338 322
75 203 80 203
191 243 191 248
176 33 178 34
249 268 250 270
217 78 219 79
228 8 229 10
272 318 277 318
255 257 259 257
236 135 236 140
70 140 75 140
73 142 78 142
240 221 245 221
254 239 259 239
237 21 242 21
139 305 144 305
268 148 272 148
247 132 247 137
64 0 66 1
296 247 298 248
247 222 248 224
350 248 355 248
301 54 301 59
161 171 161 176
321 134 321 139
240 263 242 264
325 285 326 287
251 97 251 102
90 106 91 108
249 44 249 49
0 10 0 15
215 182 216 184
98 48 100 49
165 324 170 324
2 168 2 173
97 151 97 156
85 33 86 35
362 327 364 328
18 146 19 148
105 26 107 27
183 219 184 221
216 310 221 310
140 69 140 74
90 14 95 14
11 38 11 43
19 139 24 139
234 266 236 267
86 84 91 84
102 236 103 238
124 186 125 188
94 261 99 261
311 241 315 241
77 334 79 335
78 328 79 330
42 29 47 29
117 151 118 153
129 80 130 82
92 214 97 214
121 183 123 184
1 314 2 316
262 197 264 198
345 33 347 34
79 332 82 332
148 192 153 192
35 247 40 247
147 140 152 140
194 331 199 331
243 332 245 333
42 248 43 250
159 306 160 308
200 124 205 124
10 7 11 9
354 110 359 110
239 103 240 105
225 272 230 272
30 45 31 47
145 305 150 305
257 266 259 267
34 37 39 37
111 258 116 258
349 216 350 218
288 327 289 329
337 311 342 311
104 264 108 264
65 86 67 87
286 143 291 143
345 35 347 36
88 89 88 94
164 240 169 240
181 71 186 71
182 69 184 70
184 173 189 173
140 143 140 148
130 255 131 256
88 44 89 46
52 334 54 335
199 106 199 111
24 203 26 204
271 176 272 178
110 305 111 307
341 99 342 101
6 125 6 130
241 26 246 26
171 97 172 99
296 142 297 144
313 307 314 309
94 142 96 143
255 123 257 124
39 186 43 186
115 270 120 270
197 216 197 221
65 56 66 57
154 260 156 261
33 240 34 242
174 138 176 139
89 301 94 301
152 4 154 5
330 114 332 115
54 129 54 134
115 239 120 239
54 194 56 195
16 194 16 199
35 176 37 177
299 64 299 69
364 206 364 211
225 212 230 212
229 26 234 26
170 180 175 180
199 252 199 257
56 123 56 128
178 305 179 307
374 278 374 282
99 131 104 131
192 269 193 270
254 209 259 209
63 331 63 335
300 75 301 77
256 21 260 21
267 149 272 149
155 140 160 140
210 68 215 68
199 117 199 122
46 197 51 197
89 275 90 277
345 17 347 18
28 248 33 248
150 119 150 124
169 84 174 84
337 91 342 91
253 325 258 325
58 58 63 58
112 141 114 142
353 4 354 6
177 191 178 193
221 93 226 93
285 70 289 70
96 283 101 283
131 1 136 1
50 3 52 4
223 82 226 82
50 54 55 54
210 17 215 17
306 152 308 153
307 55 308 57
199 166 200 168
174 61 178 61
334 236 339 236
6 0 7 2
319 27 320 29
245 15 246 17
285 134 286 136
212 304 214 305
90 238 95 238
172 286 177 286
99 90 104 90
39 269 42 269
50 50 53 50
316 266 317 268
277 296 277 300
29 79 31 80
249 113 249 118
88 96 93 96
239 152 244 152
51 215 56 215
214 27 214 31
9 202 9 207
327 36 332 36
335 160 340 160
263 23 268 23
250 237 255 237
371 234 372 236
253 258 258 258
149 166 154 166
170 86 175 86
139 122 140 124
352 38 353 40
130 195 131 197
32 23 37 23
283 146 283 151
351 50 352 52
222 144 224 145
234 144 235 146
67 163 72 163
19 222 24 222
30 76 35 76
3 195 3 199
285 82 290 82
18 231 18 236
77 280 81 280
284 69 289 69
278 190 283 190
190 118 195 118
201 320 202 322
220 30 225 30
347 207 348 209
328 150 333 150
301 74 306 74
286 18 286 23
210 182 214 182
179 248 180 250
260 128 261 130
344 168 345 170
10 140 12 141
296 37 297 39
281 94 286 94
349 290 351 291
192 267 194 268
114 60 114 65
187 254 187 259
163 176 164 177
180 231 181 233
188 213 189 215
117 26 122 26
142 188 143 190
46 285 51 285
36 264 41 264
314 70 316 71
192 69 192 74
22 238 23 240
76 174 81 174
191 162 192 164
85 195 86 197
117 131 122 131
92 161 92 166
210 45 215 45
371 185 373 186
57 332 59 333
90 62 92 63
100 215 102 216
372 24 374 25
267 296 267 301
304 69 309 69
334 266 339 266
339 150 341 151
298 130 299 132
106 54 106 59
119 70 124 70
54 251 54 256
245 228 246 230
115 22 116 24
203 164 205 165
25 308 25 313
261 80 262 82
320 140 325 140
273 97 278 97
254 65 254 70
53 222 55 223
16 43 18 44
124 183 125 185
128 251 129 253
88 281 93 281
212 294 214 295
123 105 128 105
81 208 83 209
166 327 167 329
150 161 155 161
290 73 295 73
37 7 42 7
194 71 196 72
223 333 224 335
141 302 143 303
289 158 294 158
197 142 198 144
127 80 128 82
130 65 131 67
117 300 122 300
232 170 233 172
150 0 155 0
39 286 44 286
340 59 345 59
115 149 117 150
181 259 185 259
123 16 124 18
223 118 225 119
213 176 218 176
87 330 88 332
83 262 84 264
298 167 299 169
59 252 59 257
22 35 23 37
178 131 183 131
61 189 62 191
38 131 39 133
25 66 27 67
120 31 120 36
283 259 283 264
6 302 8 303
367 101 368 103
84 98 86 99
241 222 242 224
336 99 338 100
128 264 129 265
332 329 337 329
76 183 78 184
361 317 366 317
316 112 318 113
68 314 73 314
233 227 238 227
323 254 328 254
108 323 113 323
193 302 193 307
34 28 35 30
364 59 365 61
336 268 337 270
98 281 103 281
305 21 306 23
105 197 110 197
141 124 146 124
230 308 235 308
224 224 229 224
236 141 236 146
241 194 242 196
38 330 43 330
9 25 14 25
260 332 262 333
149 119 149 124
237 132 237 137
57 286 62 286
249 266 254 266
113 254 115 255
266 247 267 249
161 22 166 22
261 74 266 74
74 306 79 306
41 214 46 214
278 240 280 241
5 216 6 218
27 146 27 151
255 162 260 162
203 323 208 323
121 115 122 117
72 263 72 268
347 216 348 218
91 73 93 74
167 154 168 156
333 116 338 116
356 335 361 335
304 40 309 40
36 139 36 144
61 32 62 34
237 116 238 118
128 60 130 61
345 201 347 202
207 274 212 274
123 241 128 241
314 255 319 255
128 305 129 307
148 242 153 242
236 31 237 33
223 243 224 245
87 300 92 300
33 333 35 334
259 85 264 85
162 123 164 124
76 240 76 245
46 2 51 2
166 178 171 178
128 86 133 86
352 273 353 275
256 219 257 221
215 168 217 169
112 133 113 135
190 334 192 335
245 180 247 181
95 86 95 91
287 255 288 257
288 311 293 311
331 285 332 287
60 7 61 9
306 70 308 71
244 86 246 87
245 58 246 60
155 29 160 29
371 167 372 169
243 196 248 196
296 12 297 14
86 89 86 94
285 298 285 303
58 208 63 208
39 329 44 329
263 49 265 50
224 76 225 78
114 113 119 113
242 229 244 230
343 18 344 20
128 167 132 167
334 268 335 270
361 143 363 144
53 265 54 267
29 333 30 335
88 216 93 216
71 37 73 38
134 201 139 201
269 303 270 305
162 295 164 296
84 85 89 85
95 298 96 299
160 253 160 258
229 126 234 126
370 228 371 230
94 205 94 210
220 72 220 77
86 271 88 272
325 84 326 86
279 49 284 49
158 309 163 309
213 67 218 67
124 161 129 161
34 310 39 310
168 130 170 131
169 335 174 335
125 216 125 221
262 9 263 11
10 288 15 288
80 334 82 335
250 309 255 309
112 47 117 47
221 126 222 128
307 178 308 180
217 157 219 158
51 17 56 17
3 144 3 149
291 171 296 171
251 84 256 84
358 6 360 7
244 136 245 138
28 38 29 39
100 262 102 263
159 123 161 124
352 142 357 142
123 314 125 315
78 274 78 279
330 274 334 274
249 162 254 162
319 128 324 128
309 122 310 124
205 237 210 237
90 283 95 283
340 212 345 212
89 278 91 279
256 38 258 39
84 120 86 121
59 321 64 321
32 307 34 308
294 251 294 256
7 271 9 272
21 306 22 308
336 128 336 133
185 20 185 25
239 206 244 206
173 250 173 255
1 101 1 106
112 122 114 123
247 278 252 278
364 102 365 104
39 172 41 173
344 97 344 102
152 147 157 147
277 313 278 315
325 125 326 127
353 321 355 322
284 125 286 126
5 121 6 123
93 152 94 154
111 186 116 186
314 75 314 78
335 254 340 254
102 67 104 68
296 193 301 193
323 33 324 35
373 150 373 155
251 198 256 198
258 108 258 113
87 38 88 40
272 308 273 310
150 259 151 261
56 227 58 228
15 205 17 206
360 295 362 296
70 0 70 5
189 31 191 32
131 132 133 133
345 213 347 214
83 81 86 81
20 37 21 39
155 254 155 259
1 294 1 299
319 217 319 221
194 269 196 270
13 41 15 42
166 21 171 21
297 102 298 104
34 279 35 281
289 74 290 76
327 116 332 116
365 74 365 79
88 160 93 160
226 315 228 316
57 50 59 51
3 78 4 80
234 102 235 104
223 40 228 40
126 190 131 190
48 139 49 141
286 88 288 89
126 14 128 15
34 32 36 33
280 261 280 266
331 3 336 3
259 206 261 207
28 289 30 290
37 32 41 32
85 174 85 179
159 108 164 108
60 29 64 29
24 37 29 37
12 6 13 8
130 12 132 13
130 279 135 279
183 65 188 65
79 29 80 31
31 237 31 242
239 323 241 324
227 287 228 289
64 91 65 93
79 235 79 240
81 80 86 80
180 305 181 307
167 92 168 94
365 203 368 203
333 162 335 163
191 254 192 256
324 168 329 168
109 255 112 255
21 122 26 122
198 161 199 163
191 21 193 22
31 19 36 19
334 21 334 25
185 75 185 80
260 169 265 169
331 11 332 13
205 151 210 151
359 160 359 165
250 272 252 273
278 327 279 329
304 325 309 325
188 254 188 259
168 181 171 181
345 196 347 197
232 14 232 19
366 101 366 105
367 206 367 211
33 61 34 63
275 111 276 112
297 195 298 197
213 141 213 146
286 7 288 8
201 164 201 169
234 209 236 210
62 60 67 60
60 252 60 257
195 194 196 196
179 34 184 34
297 15 298 17
169 315 170 317
30 92 32 93
199 208 204 208
193 174 194 176
197 64 198 66
297 236 298 238
239 164 241 165
58 188 63 188
80 306 81 308
77 229 82 229
7 204 7 209
287 168 289 169
77 274 77 279
7 82 7 87
357 325 362 325
216 27 217 29
223 256 228 256
105 60 107 61
280 81 285 81
120 180 120 184
20 146 21 148
315 73 315 78
2 212 3 214
163 37 168 37
121 236 121 241
141 69 141 74
117 263 119 264
183 152 188 152
54 21 55 23
244 325 249 325
173 219 174 221
369 271 371 272
363 74 363 79
278 296 278 300
223 71 225 72
313 92 314 94
8 155 13 155
332 59 334 60
219 334 220 335
214 141 214 146
198 202 203 202
316 201 317 203
321 87 326 87
14 27 15 29
27 70 28 72
257 2 262 2
112 6 113 7
314 102 316 103
183 113 184 114
169 22 171 23
259 197 261 198
101 269 106 269
322 269 327 269
331 291 331 296
225 25 230 25
222 120 224 121
141 174 143 175
153 191 158 191
183 280 186 280
300 6 300 11
352 98 357 98
7 165 8 167
280 191 285 191
109 256 114 256
107 73 109 74
119 61 121 62
29 107 33 107
342 62 342 67
357 213 358 215
286 60 288 61
100 50 102 51
306 238 307 240
217 54 219 55
84 75 86 76
130 229 131 231
273 252 274 253
358 160 358 165
20 302 21 304
184 209 189 209
109 262 110 264
317 247 318 249
50 177 55 177
35 249 36 251
356 243 357 245
35 26 37 27
27 281 30 281
168 9 173 9
168 6 169 8
119 303 121 304
305 28 307 29
296 326 301 326
314 34 319 34
67 136 68 138
311 35 316 35
234 56 238 56
272 222 274 223
270 265 275 265
119 207 124 207
330 152 331 154
30 238 30 243
40 296 45 296
287 301 287 304
173 289 178 289
232 182 234 183
37 127 42 127
226 320 226 325
242 97 247 97
300 169 305 169
86 267 86 270
267 17 272 17
5 62 5 67
84 221 89 221
121 92 121 97
75 329 76 331
293 80 298 80
127 268 127 272
149 96 151 97
342 268 343 270
281 180 286 180
307 110 312 110
241 86 243 87
11 24 16 24
316 251 321 251
244 220 249 220
349 155 351 156
209 200 214 200
225 19 226 21
98 278 99 280
258 60 259 62
147 180 149 181
272 288 273 290
66 19 71 19
168 97 170 98
231 14 231 19
57 189 58 191
256 103 257 105
57 198 58 200
129 164 131 165
110 115 114 115
48 282 49 284
210 50 215 50
148 79 149 81
97 72 99 73
277 84 278 86
27 198 32 198
136 65 137 67
321 129 326 129
41 116 46 116
291 129 296 129
45 141 47 142
68 124 69 126
322 233 327 233
224 240 229 240
110 10 115 10
185 26 190 26
191 81 192 83
139 154 144 154
120 217 121 219
154 192 159 192
128 266 129 267
270 205 271 207
327 276 332 276
300 125 302 126
252 145 253 147
310 106 315 106
302 54 302 59
239 138 239 143
77 282 82 282
261 252 262 254
190 143 190 148
68 83 71 83
244 170 245 172
176 30 177 32
0 100 0 105
105 105 110 105
94 240 99 240
132 231 137 231
274 88 276 89
149 293 154 293
37 251 42 251
230 224 231 225
196 209 201 209
141 218 143 219
1 14 1 19
134 57 134 62
66 166 71 166
270 124 272 125
107 304 112 304
40 310 41 312
233 164 235 165
273 187 276 187
303 243 305 244
312 166 314 167
207 303 208 305
213 173 214 175
356 6 357 8
287 232 292 232
362 278 367 278
350 66 351 67
239 35 244 35
250 77 250 82
178 302 180 303
271 126 272 128
42 283 44 284
211 36 216 36
47 56 49 57
104 21 109 21
272 311 273 313
263 84 268 84
150 323 150 328
202 85 203 87
214 157 216 158
204 104 205 106
272 69 277 69
109 234 114 234
242 40 244 41
225 143 226 145
29 266 30 268
201 100 202 102
2 111 7 111
196 7 201 7
243 127 245 128
167 22 168 24
310 136 315 136
246 302 246 307
164 105 166 106
175 173 176 175
169 173 170 175
226 222 228 223
154 296 155 298
355 221 360 221
291 174 291 179
8 332 13 332
86 56 91 56
139 125 141 126
128 106 129 108
273 217 278 217
177 248 177 253
228 7 233 7
302 302 307 302
360 101 365 101
209 301 210 303
260 111 260 116
335 247 340 247
23 132 28 132
68 21 72 21
86 295 91 295
308 298 312 298
210 42 215 42
165 281 170 281
271 0 276 0
343 238 348 238
318 333 319 335
86 317 89 317
117 210 118 212
130 23 135 23
166 109 171 109
346 232 347 234
231 254 236 254
344 144 349 144
139 60 141 61
171 10 172 12
55 224 60 224
290 314 291 316
37 35 39 36
229 279 229 284
218 177 220 178
279 224 280 226
70 177 72 178
144 251 145 252
75 262 80 262
156 146 161 146
28 219 30 220
218 72 218 77
301 309 301 314
357 125 362 125
189 254 190 256
135 153 140 153
323 167 328 167
355 49 356 51
240 131 240 136
179 33 184 33
184 306 184 311
257 32 262 32
329 55 333 55
344 195 349 195
186 181 186 186
196 332 198 333
179 190 181 191
197 325 199 326
248 132 248 137
245 205 247 206
12 84 13 86
64 22 66 23
326 272 331 272
28 141 29 143
77 70 79 71
6 152 11 152
331 252 336 252
64 261 69 261
166 1 167 3
146 52 151 52
68 45 73 45
118 322 123 322
165 321 167 322
233 246 234 248
76 206 81 206
60 176 64 176
231 81 236 81
112 37 112 42
334 98 335 100
77 166 82 166
322 36 326 36
92 181 94 182
250 25 255 25
226 102 228 103
134 107 139 107
206 164 208 165
339 99 340 101
60 248 65 248
339 90 344 90
130 235 131 237
343 76 348 76
359 202 361 203
329 2 334 2
365 96 370 96
165 163 170 163
370 283 371 285
29 154 33 154
139 170 144 170
64 151 69 151
156 40 157 42
72 165 74 166
244 130 244 135
236 130 241 130
3 221 3 226
20 266 21 268
219 240 219 245
336 125 337 127
53 331 54 333
261 235 261 240
113 287 115 288
306 89 307 91
111 200 111 205
49 328 53 328
334 233 335 235
250 176 252 177
270 266 275 266
130 193 135 193
62 159 67 159
16 52 17 54
358 27 363 27
164 326 165 328
189 46 190 48
74 177 74 182
161 47 166 47
292 314 293 316
147 201 148 203
256 182 261 182
88 206 92 206
136 183 141 183
107 125 109 126
105 282 110 282
335 145 336 146
66 43 70 43
226 202 227 204
145 297 146 299
348 290 348 295
165 88 166 90
64 325 65 327
128 235 129 237
333 262 334 264
108 332 113 332
69 148 70 150
303 288 305 289
160 50 162 51
5 299 6 301
247 271 252 271
318 22 323 22
322 150 323 152
79 273 79 277
198 89 203 89
14 32 14 37
6 277 8 278
54 43 55 45
109 118 111 119
37 91 42 91
169 37 174 37
20 2 20 7
13 136 18 136
131 85 136 85
247 44 247 49
319 205 319 210
191 320 192 322
248 186 250 187
147 279 151 279
258 161 262 161
297 323 301 323
68 224 70 225
4 195 4 199
293 218 298 218
94 126 96 127
20 144 22 145
28 279 30 280
185 306 186 308
167 208 172 208
84 219 86 220
252 22 256 22
290 275 290 280
228 159 230 160
91 161 91 166
128 194 133 194
347 322 352 322
107 7 111 7
239 229 241 230
45 251 50 251
144 323 146 324
360 280 360 285
127 57 127 62
255 15 256 17
28 189 30 190
81 286 83 287
16 245 21 245
5 204 5 209
110 107 114 107
191 23 193 24
114 193 117 193
97 170 97 175
246 299 250 299
16 164 16 169
80 317 85 317
176 201 181 201
203 223 203 228
216 64 217 66
15 88 16 90
265 188 270 188
372 306 373 308
99 229 104 229
41 125 43 126
219 101 224 101
254 145 255 147
96 134 101 134
292 120 297 120
291 260 296 260
302 217 307 217
37 256 39 257
37 175 42 175
5 241 5 246
349 283 351 284
13 157 14 159
104 139 106 140
9 5 11 6
282 261 282 264
155 208 160 208
251 211 256 211
184 131 184 136
234 304 235 306
185 120 187 121
41 136 42 138
135 204 137 205
368 52 369 54
9 35 11 36
323 214 323 219
298 224 303 224
211 162 213 163
54 179 56 180
29 300 30 302
260 163 262 164
71 263 71 268
221 267 223 268
182 132 182 137
221 218 222 220
27 163 27 168
334 29 338 29
258 253 260 254
52 319 57 319
300 18 300 23
264 8 265 10
26 23 31 23
348 105 353 105
35 254 37 255
232 309 237 309
326 113 326 116
326 290 331 290
121 268 126 268
356 180 357 182
167 157 168 159
329 122 330 124
36 283 38 284
100 278 101 280
110 139 112 140
253 326 258 326
139 194 140 196
339 287 340 288
41 130 41 135
20 120 25 120
358 41 361 41
317 227 322 227
264 67 266 68
260 227 265 227
19 142 24 142
299 102 300 104
138 283 143 283
116 253 117 255
215 173 217 174
15 200 17 201
364 297 365 299
241 36 246 36
26 68 26 73
115 111 116 112
253 31 254 33
359 116 359 121
157 157 159 158
235 167 236 169
4 125 5 127
3 291 3 296
295 85 300 85
0 246 1 248
94 45 96 46
214 194 216 195
201 242 203 243
219 98 220 100
195 190 196 192
258 284 263 284
340 171 342 172
52 164 57 164
146 262 151 262
105 163 107 164
287 18 287 23
106 299 107 301
303 21 304 23
70 261 75 261
198 84 198 88
51 273 51 278
366 315 371 315
341 9 341 14
82 284 83 285
157 76 159 77
122 297 124 298
234 98 235 100
365 209 365 214
314 266 315 268
313 137 314 139
69 195 70 197
129 49 134 49
36 1 38 2
183 263 185 264
199 205 204 205
54 229 59 229
274 137 279 137
257 334 262 334
134 332 137 332
143 284 145 285
114 69 119 69
345 102 350 102
351 194 355 194
318 81 319 83
359 258 361 259
149 137 154 137
141 194 142 196
62 249 62 254
283 255 284 257
304 194 305 196
215 216 217 217
208 178 211 178
193 212 198 212
309 185 311 186
278 114 278 117
229 195 230 197
311 277 316 277
182 31 184 32
202 167 203 169
162 313 162 318
256 206 258 207
101 7 106 7
243 254 244 256
364 301 364 305
2 206 2 211
262 226 267 226
171 108 174 108
217 151 218 152
45 196 50 196
30 172 32 173
126 216 126 221
150 251 152 252
290 165 292 166
173 262 173 267
364 261 365 263
367 260 367 265
337 145 339 146
228 95 228 100
221 90 222 92
0 34 0 39
227 129 229 130
127 127 132 127
333 289 335 290
194 59 199 59
161 28 162 30
366 136 367 138
281 168 283 169
304 140 305 142
180 39 180 44
255 76 260 76
241 199 246 199
281 108 283 109
203 325 204 326
129 124 134 124
291 144 291 149
277 114 277 118
287 180 292 180
287 173 288 175
235 315 237 316
232 141 232 146
219 159 221 160
60 308 61 310
353 48 358 48
339 201 341 202
218 29 219 31
195 268 200 268
45 202 46 204
44 151 44 156
168 176 170 177
4 95 4 100
279 140 280 142
107 128 109 129
176 98 176 103
206 134 207 136
370 199 374 199
23 157 23 161
132 204 134 205
195 81 195 86
84 161 84 166
0 294 0 299
2 249 3 251
233 135 233 140
352 255 353 257
246 12 247 14
45 286 50 286
255 276 257 277
134 200 139 200
253 327 258 327
266 242 267 244
236 20 241 20
56 201 57 203
147 86 149 87
248 8 253 8
261 195 266 195
72 19 77 19
221 180 223 181
302 321 307 321
131 304 136 304
112 327 117 327
194 329 196 330
317 323 318 325
52 179 53 180
276 245 281 245
284 111 286 112
346 145 348 146
28 65 29 67
340 284 344 284
192 190 194 191
191 43 192 45
359 66 360 68
61 139 64 139
277 52 282 52
292 254 293 256
358 326 363 326
158 68 159 70
331 48 331 53
283 129 285 130
174 131 175 133
82 224 82 228
129 295 129 300
203 179 208 179
105 23 110 23
22 119 25 119
200 210 205 210
256 1 261 1
25 131 30 131
19 116 20 118
124 71 126 72
363 160 363 165
158 240 163 240
96 335 101 335
224 197 226 198
327 125 328 127
304 36 309 36
87 318 88 319
77 259 79 260
373 85 374 87
100 158 105 158
7 248 7 253
362 282 363 283
165 43 166 45
288 111 289 113
278 63 282 63
154 254 154 259
316 133 321 133
131 209 136 209
327 122 328 124
90 161 90 166
88 116 93 116
117 314 122 314
142 79 144 80
182 38 182 43
191 20 196 20
57 47 59 48
141 293 142 295
186 0 187 2
65 12 67 13
51 169 56 169
2 182 4 183
8 273 13 273
216 58 221 58
336 255 337 257
79 227 81 228
360 260 365 260
139 176 144 176
227 48 229 49
11 318 13 319
81 205 86 205
136 82 137 84
115 118 117 119
9 106 14 106
326 335 331 335
338 232 339 234
209 327 209 332
246 142 248 143
263 118 268 118
90 25 92 26
210 202 214 202
22 128 27 128
338 237 343 237
237 95 242 95
154 165 159 165
186 131 187 133
367 333 368 335
212 141 212 146
57 249 57 254
90 332 95 332
363 277 367 277
120 148 121 150
53 226 58 226
294 65 295 66
345 9 346 11
255 33 257 34
334 71 335 73
137 146 137 151
59 10 64 10
372 289 374 290
115 125 120 125
373 326 374 328
75 199 80 199
230 216 232 217
297 70 299 71
11 78 12 80
185 123 190 123
181 239 183 240
39 283 41 284
372 90 374 91
251 68 251 73
152 37 156 37
36 108 41 108
308 222 310 223
321 208 326 208
106 98 108 99
57 317 59 318
145 9 150 9
292 243 293 245
228 214 233 214
179 256 179 261
221 311 222 313
160 190 165 190
83 123 88 123
49 242 54 242
104 165 106 166
24 208 24 213
323 125 324 127
334 306 335 308
66 239 68 240
290 150 290 155
189 249 191 250
223 286 223 291
199 266 201 267
45 22 46 24
90 217 95 217
98 18 99 20
191 296 196 296
96 130 98 131
343 323 348 323
238 43 243 43
372 22 373 23
332 253 337 253
255 328 257 329
237 261 242 261
152 296 153 298
275 64 280 64
311 131 316 131
295 125 296 126
225 159 227 160
253 259 258 259
6 297 8 298
137 220 142 220
24 1 24 6
338 268 339 270
231 83 233 84
133 263 134 265
32 160 34 161
14 201 14 206
301 107 306 107
6 38 6 43
316 204 320 204
78 310 83 310
293 300 295 301
337 259 339 260
228 37 230 38
329 118 331 119
350 0 351 2
90 6 93 6
190 189 195 189
164 51 166 52
219 46 220 48
33 324 38 324
178 237 179 239
135 24 140 24
238 89 240 90
355 36 360 36
366 268 371 268
72 44 77 44
287 41 292 41
139 208 144 208
138 207 143 207
188 279 193 279
288 243 289 245
62 83 67 83
354 309 354 314
33 64 38 64
196 189 201 189
213 167 214 169
166 120 167 122
336 233 337 235
311 87 316 87
244 326 246 327
175 16 177 17
239 49 244 49
147 162 152 162
25 271 26 273
185 271 190 271
87 297 92 297
35 159 36 161
310 240 315 240
172 138 173 140
178 2 178 7
273 124 274 126
289 35 292 35
126 233 131 233
318 182 320 183
175 316 175 321
167 99 168 101
284 304 284 309
116 106 117 108
156 76 156 81
53 174 58 174
225 270 227 271
185 207 187 208
130 207 135 207
137 254 142 254
90 2 91 4
106 212 106 216
242 302 242 307
186 116 187 118
225 81 230 81
259 251 264 251
31 66 36 66
200 211 202 212
365 48 367 49
169 99 170 101
87 164 88 166
124 223 129 223
345 297 347 298
136 244 141 244
248 180 250 181
31 292 36 292
57 239 59 240
147 328 148 330
7 126 8 128
0 233 2 234
207 18 212 18
276 19 281 19
79 278 81 279
328 255 329 257
221 333 222 335
167 205 170 205
291 267 292 269
184 239 186 240
320 132 325 132
202 220 204 221
233 95 233 100
67 322 68 324
288 11 289 13
59 320 64 320
77 333 82 333
302 303 307 303
216 309 220 309
338 255 339 257
345 19 347 20
355 266 360 266
323 157 324 159
207 271 208 273
320 293 325 293
250 34 254 34
176 285 181 285
262 149 263 151
207 225 208 227
227 305 228 307
74 201 79 201
89 89 90 91
75 266 80 266
230 14 230 19
245 222 246 224
289 78 290 80
81 180 82 182
345 282 350 282
337 285 338 287
150 40 151 42
136 273 137 275
167 318 169 319
76 139 78 140
227 269 232 269
204 0 205 2
203 176 204 178
318 201 319 203
280 28 281 30
71 141 72 143
350 39 351 41
2 84 3 86
156 123 158 124
191 325 192 327
185 28 185 33
227 243 228 245
2 200 2 205
116 190 117 192
64 123 65 125
333 113 334 115
208 54 210 55
160 19 162 20
314 311 315 313
203 203 208 203
346 62 347 64
79 63 84 63
87 138 92 138
62 105 67 105
264 206 265 208
234 135 234 140
194 187 199 187
237 120 239 121
331 331 332 333
0 329 2 330
137 168 137 173
312 51 312 56
188 113 189 115
171 295 176 295
354 255 355 257
308 311 309 313
59 42 64 42
351 333 356 333
40 252 42 253
36 309 41 309
168 327 169 329
362 69 363 71
250 169 251 171
88 284 89 286
257 151 257 156
175 250 176 252
298 87 300 88
201 306 203 307
10 250 12 251
235 231 237 232
141 251 143 252
206 88 208 89
91 41 91 46
308 24 309 26
161 330 162 332
239 251 244 251
118 75 123 75
82 219 83 221
265 193 267 194
6 3 11 3
267 326 272 326
289 275 289 280
249 296 254 296
13 315 14 317
200 64 201 66
50 119 51 121
207 279 212 279
189 181 191 182
357 143 358 145
234 221 239 221
18 269 20 270
138 62 140 63
322 38 322 43
154 221 159 221
58 324 59 326
54 52 59 52
98 37 98 42
49 82 49 87
178 39 179 41
113 22 114 24
24 269 26 270
239 311 240 313
192 113 193 115
118 209 123 209
92 207 92 212
47 3 49 4
165 102 167 103
235 234 240 234
225 261 230 261
190 283 192 284
126 222 131 222
268 242 269 244
170 234 172 235
239 222 240 224
374 304 374 309
135 241 137 242
216 155 221 155
164 217 169 217
108 120 110 121
134 188 135 190
349 137 350 139
126 27 131 27
196 39 196 43
262 193 264 194
197 43 202 43
80 328 81 330
158 188 159 190
86 172 86 177
223 9 224 11
337 62 339 63
373 126 374 128
31 243 36 243
182 304 182 309
71 154 72 156
9 265 9 270
148 221 153 221
132 251 137 251
198 261 199 263
231 85 236 85
55 225 60 225
138 149 139 151
180 333 182 334
194 261 195 263
82 122 87 122
121 58 122 60
342 282 344 283
64 136 66 137
49 136 51 137
178 293 180 294
313 147 314 149
229 84 230 86
118 252 123 252
145 257 145 262
125 16 126 18
191 17 193 18
59 162 64 162
39 258 40 260
7 19 12 19
185 220 187 221
63 155 68 155
230 127 231 129
57 193 59 194
246 183 248 184
204 167 205 169
136 278 138 279
346 44 351 44
152 141 157 141
155 157 156 159
150 78 155 78
323 190 325 191
116 59 116 63
110 290 115 290
112 298 114 299
42 272 44 273
168 287 173 287
363 117 368 117
201 1 202 3
245 265 250 265
129 317 130 319
218 0 218 5
17 130 22 130
280 281 282 282
181 292 182 294
306 172 306 177
271 1 276 1
164 313 164 318
278 260 282 260
372 104 374 105
368 231 368 236
39 314 40 316
257 118 262 118
73 177 73 182
253 116 255 117
34 285 39 285
9 126 9 131
190 213 191 215
185 219 190 219
215 218 220 218
167 312 172 312
60 193 62 194
162 237 164 238
343 207 344 209
171 137 176 137
28 60 33 60
39 122 44 122
125 37 126 38
362 66 363 68
247 0 249 1
121 16 122 18
183 196 184 198
309 44 309 49
29 311 29 316
225 279 225 284
201 299 201 304
148 316 153 316
46 325 48 326
41 297 45 297
322 263 327 263
39 155 39 160
138 20 140 21
223 185 223 189
92 236 97 236
122 261 123 263
16 176 17 178
168 42 173 42
284 56 286 57
272 260 277 260
190 225 195 225
335 14 335 19
174 169 175 171
331 265 333 266
308 302 310 303
324 165 326 166
277 71 282 71
243 139 244 141
294 138 296 139
31 6 31 10
209 285 211 286
154 281 159 281
114 114 119 114
365 199 366 200
74 72 79 72
52 273 52 278
313 150 315 151
187 329 189 330
175 253 176 255
323 210 324 212
41 254 43 255
4 219 5 221
134 104 139 104
273 181 274 183
133 261 135 262
305 292 310 292
242 290 243 292
23 241 25 242
202 324 207 324
138 326 140 327
125 258 130 258
303 152 305 153
171 232 173 233
267 290 269 291
350 21 351 23
178 322 183 322
17 69 18 71
57 16 62 16
211 196 216 196
172 288 177 288
45 283 47 284
171 184 172 186
184 27 189 27
296 298 301 298
304 132 309 132
361 221 363 222
288 247 290 248
60 313 65 313
234 40 235 42
259 96 264 96
326 270 327 271
186 60 188 61
225 83 230 83
294 322 294 327
167 315 168 317
68 75 73 75
227 168 229 169
161 267 162 269
161 36 164 36
259 108 259 113
176 278 180 278
199 179 200 181
197 327 202 327
166 182 171 182
22 304 27 304
134 40 135 42
295 86 300 86
25 1 25 6
128 96 128 101
71 138 76 138
156 210 161 210
173 200 175 201
165 153 170 153
38 134 39 136
56 234 58 235
230 192 231 194
165 142 168 142
176 170 178 171
189 124 194 124
366 209 366 214
341 185 342 187
97 139 98 141
81 83 82 85
26 0 26 5
112 252 117 252
311 329 313 330
175 222 176 224
180 134 180 139
72 135 73 137
296 65 298 66
253 165 255 166
205 89 205 93
297 198 299 199
307 93 309 94
364 197 369 197
329 0 331 1
357 311 359 312
342 217 343 219
272 151 273 153
2 303 2 308
307 172 307 177
277 13 281 13
85 138 86 140
208 170 213 170
250 43 252 44
291 159 293 160
93 265 98 265
69 103 71 104
221 173 222 175
78 204 80 205
247 316 252 316
59 161 63 161
69 167 74 167
32 140 33 142
5 17 5 22
338 235 343 235
13 320 13 325
185 14 185 19
262 141 263 143
40 235 40 240
150 129 155 129
209 96 211 97
84 180 89 180
301 127 303 128
224 227 226 228
106 70 107 72
283 52 288 52
5 29 6 30
360 69 360 74
257 80 258 82
55 123 55 128
205 208 210 208
279 48 284 48
134 206 139 206
1 262 6 262
111 68 112 70
341 21 343 22
208 21 208 26
270 42 275 42
174 287 179 287
187 260 192 260
276 160 278 161
196 8 201 8
340 234 345 234
243 222 244 224
45 54 46 56
123 146 125 147
188 31 188 36
38 26 40 27
215 26 215 31
50 139 52 140
275 330 280 330
262 0 264 1
225 137 227 138
32 222 37 222
341 278 346 278
13 160 18 160
107 172 107 175
195 64 196 66
293 133 294 135
223 260 228 260
249 42 254 42
78 208 80 209
169 43 170 45
113 273 114 275
6 204 6 209
285 146 285 151
76 319 81 319
136 74 138 75
323 334 328 334
148 174 148 179
37 88 38 90
304 3 305 5
1 300 1 305
36 287 41 287
103 16 104 18
85 47 90 47
287 111 287 116
165 94 166 96
287 74 288 76
57 13 60 13
272 254 277 254
341 322 346 322
95 256 100 256
281 224 282 226
46 205 46 210
139 96 144 96
321 204 326 204
269 257 274 257
183 323 188 323
294 258 299 258
192 19 197 19
130 251 131 253
321 88 326 88
183 0 183 5
252 188 257 188
168 138 169 140
24 202 29 202
170 250 170 255
163 2 165 3
332 0 334 1
144 127 146 128
260 236 260 241
167 123 168 125
317 332 322 332
357 177 358 179
16 3 16 8
124 11 127 11
71 61 73 62
179 241 184 241
21 116 23 117
350 195 355 195
269 179 271 180
2 66 2 71
166 187 166 192
295 147 297 148
268 256 273 256
165 156 166 158
315 50 320 50
323 37 328 37
39 140 39 145
218 150 223 150
130 161 135 161
103 215 103 220
307 218 307 223
359 308 360 310
87 205 92 205
362 298 363 300
115 71 117 72
359 179 364 179
275 182 277 183
33 286 38 286
85 73 90 73
43 251 44 253
190 180 195 180
286 307 287 309
178 288 183 288
100 99 105 99
183 277 188 277
257 232 259 233
39 261 44 261
75 318 80 318
27 266 28 268
193 6 195 7
113 289 118 289
353 258 355 259
233 251 238 251
357 305 359 306
172 242 172 247
246 81 247 83
221 224 223 225
191 177 196 177
58 241 60 242
170 160 175 160
38 254 40 255
209 270 210 272
280 311 281 313
243 185 248 185
294 68 295 69
47 82 47 87
268 255 273 255
74 300 74 305
98 161 100 162
298 219 299 221
356 307 356 312
266 245 269 245
190 218 193 218
86 168 91 168
334 255 335 257
75 240 75 245
181 29 181 32
316 73 316 78
155 274 157 275
241 168 246 168
173 95 174 97
360 15 362 16
100 240 105 240
78 283 83 283
140 197 145 197
59 216 64 216
45 293 47 294
133 125 138 125
271 323 272 325
6 156 11 156
201 190 203 191
102 132 107 132
253 132 254 134
62 91 63 93
14 3 14 8
33 181 38 181
167 95 169 96
21 203 23 204
141 288 143 289
291 251 293 252
93 211 95 212
183 162 188 162
65 10 70 10
162 207 167 207
216 251 218 252
102 57 102 62
82 319 84 320
26 118 27 120
3 138 5 139
164 180 169 180
73 262 74 264
1 77 1 82
97 296 100 296
255 112 257 113
274 129 276 130
30 55 31 57
343 198 348 198
283 7 285 8
82 278 83 280
32 254 34 255
87 25 89 26
227 198 232 198
17 164 17 169
292 250 297 250
217 36 218 38
132 235 132 240
362 286 363 288
341 160 346 160
0 70 0 75
291 65 293 66
254 227 259 227
265 113 266 115
67 107 72 107
32 293 37 293
56 177 61 177
245 294 247 295
245 267 250 267
39 302 41 303
335 91 336 92
369 226 371 227
75 60 75 65
361 10 362 12
277 255 278 257
34 109 36 110
152 188 153 190
308 329 310 330
82 305 87 305
273 85 274 87
217 274 219 275
64 14 69 14
164 4 164 9
248 243 249 245
176 189 178 190
353 220 358 220
280 175 280 180
225 201 230 201
228 31 233 31
49 225 54 225
92 178 94 179
342 168 343 170
373 16 374 18
231 305 232 307
72 77 73 79
218 322 218 327
263 211 268 211
321 183 326 183
323 38 323 43
121 30 121 35
147 247 152 247
267 237 272 237
95 262 99 262
202 10 204 11
271 196 272 198
140 47 145 47
36 294 37 296
51 221 52 223
167 43 168 45
216 30 217 31
237 37 241 37
339 291 341 292
122 132 124 133
249 275 254 275
233 290 236 290
93 205 93 210
243 183 245 184
210 313 212 314
254 202 259 202
365 146 370 146
356 64 361 64
130 223 135 223
196 52 197 54
226 279 226 284
291 53 296 53
174 262 174 267
100 261 105 261
239 332 242 332
5 124 10 124
327 285 328 287
27 311 27 316
30 176 34 176
340 65 341 67
44 138 44 143
221 294 223 295
188 264 190 265
177 119 179 120
360 303 361 305
359 33 364 33
333 30 336 30
8 82 8 87
105 62 106 64
352 288 353 290
354 231 355 233
104 147 108 147
136 193 138 194
239 106 241 107
179 187 180 189
31 266 32 268
220 182 222 183
234 19 239 19
266 121 267 123
321 319 321 324
7 190 9 191
256 0 261 0
37 249 39 250
85 8 90 8
81 163 82 165
135 326 137 327
254 77 255 79
188 0 189 2
191 33 191 38
117 258 118 260
294 170 299 170
354 180 355 182
105 318 107 319
116 132 118 133
65 197 65 201
172 181 174 182
203 192 205 193
307 127 309 128
266 238 268 239
231 266 233 267
0 215 0 220
75 195 76 197
181 184 183 185
37 178 39 179
261 157 263 158
189 33 189 38
94 163 95 165
159 191 164 191
86 303 88 304
92 42 93 44
332 148 337 148
272 327 273 329
254 249 257 249
360 154 361 156
30 311 30 316
151 292 156 292
303 44 308 44
115 48 115 53
184 21 184 26
100 6 105 6
182 200 187 200
147 187 152 187
139 319 140 321
75 207 77 208
227 279 227 284
235 135 235 140
132 188 133 190
104 300 105 302
2 283 4 284
258 169 259 171
247 326 247 331
112 19 113 21
17 251 18 253
240 27 245 27
241 241 243 242
370 240 370 245
171 166 172 168
361 13 363 14
103 268 108 268
335 147 340 147
356 223 361 223
9 242 11 243
194 81 194 86
86 36 88 37
316 294 316 299
218 184 223 184
337 21 338 23
151 318 153 319
229 102 231 103
43 335 48 335
279 279 281 280
97 142 99 143
74 314 75 316
282 68 287 68
238 38 240 39
87 218 88 220
291 74 292 76
183 199 188 199
210 25 215 25
136 288 138 289
204 3 205 5
186 161 191 161
189 194 194 194
126 183 127 185
14 179 14 184
148 48 153 48
356 9 361 9
44 161 46 162
336 201 338 202
224 180 229 180
235 177 236 179
192 222 197 222
155 17 160 17
150 107 151 109
54 47 56 48
202 245 204 246
173 302 174 304
320 141 325 141
295 275 296 277
359 139 361 140
183 242 184 244
356 184 358 185
27 235 29 236
371 145 373 146
260 144 262 145
100 274 102 275
100 61 100 66
336 222 341 222
345 266 350 266
19 46 20 48
296 167 297 169
290 273 295 273
274 175 279 175
229 173 229 178
248 32 249 34
117 221 119 222
126 251 127 253
16 325 18 326
357 116 357 121
330 14 330 19
113 95 118 95
181 168 183 169
300 3 301 5
320 219 321 221
247 160 249 161
155 75 160 75
243 302 243 307
269 41 274 41
365 243 365 248
232 95 232 100
346 51 348 52
59 79 60 81
67 122 67 127
186 175 190 175
362 64 367 64
158 253 159 255
226 166 231 166
232 43 237 43
234 76 235 78
39 17 44 17
49 18 51 19
239 225 244 225
356 202 358 203
57 28 62 28
221 146 226 146
208 11 213 11
3 66 3 71
329 187 334 187
311 302 312 303
84 217 89 217
112 300 113 302
137 287 142 287
366 298 368 299
152 96 154 97
131 226 136 226
267 210 272 210
6 11 7 13
162 171 162 176
337 114 342 114
280 145 285 145
329 292 329 297
7 311 7 316
158 40 159 42
57 243 62 243
370 224 372 225
348 222 353 222
201 142 202 144
310 52 310 57
37 74 42 74
211 308 212 310
328 244 333 244
226 285 226 290
99 282 104 282
298 6 298 11
333 209 338 209
362 259 367 259
223 127 223 132
325 274 326 276
346 283 348 284
33 218 38 218
323 292 328 292
344 235 348 235
8 179 10 180
9 82 9 87
157 269 158 271
206 278 211 278
55 66 60 66
345 207 346 209
160 189 165 189
37 217 42 217
65 32 66 34
316 218 316 223
218 267 220 268
36 216 41 216
255 240 255 245
171 130 176 130
259 228 260 230
136 305 137 307
325 13 330 13
308 314 310 315
114 134 115 135
69 281 74 281
100 135 101 137
87 86 89 87
328 11 330 12
150 332 152 333
359 69 359 74
104 266 109 266
19 41 20 43
193 152 194 154
30 191 35 191
263 80 264 82
251 80 252 82
356 290 361 290
179 28 182 28
293 131 295 132
330 268 331 270
217 72 217 77
68 192 68 197
97 298 100 298
305 322 307 323
40 301 45 301
368 295 369 297
215 62 217 63
364 142 365 144
100 2 102 3
239 149 240 151
363 100 368 100
230 321 230 326
344 41 345 43
40 68 42 69
196 179 198 180
273 305 275 306
358 197 363 197
10 271 12 272
369 298 370 299
114 223 119 223
139 284 140 286
6 14 8 15
237 254 238 256
124 8 125 10
319 276 320 278
310 93 312 94
239 294 241 295
369 203 370 205
90 244 91 246
157 78 158 80
162 241 167 241
354 129 359 129
179 0 179 5
275 211 280 211
308 296 313 296
218 27 219 28
252 104 253 106
355 112 360 112
296 165 298 166
266 218 267 220
253 38 255 39
5 283 7 284
298 172 299 174
352 72 357 72
179 158 184 158
265 71 267 72
10 311 10 316
172 329 177 329
204 89 204 94
144 207 149 207
42 21 47 21
6 108 8 109
125 329 130 329
326 239 331 239
283 110 288 110
273 127 275 128
40 131 40 136
201 98 203 99
93 25 95 26
143 184 144 186
353 32 355 33
292 167 295 167
61 322 66 322
111 308 116 308
26 293 31 293
201 137 203 138
106 6 111 6
43 85 45 86
224 257 228 257
186 232 191 232
306 185 308 186
114 9 119 9
273 232 278 232
117 235 122 235
289 239 290 241
320 190 322 191
1 182 1 187
37 67 40 67
227 21 232 21
155 22 160 22
313 58 317 58
12 97 17 97
106 311 107 312
106 204 106 209
203 0 203 5
365 258 370 258
345 31 350 31
182 14 183 16
280 60 282 61
60 239 62 240
67 325 72 325
264 102 265 104
309 137 310 139
144 78 149 78
109 303 114 303
121 118 123 119
374 0 374 3
281 116 286 116
68 97 73 97
108 8 113 8
87 333 92 333
61 175 66 175
115 2 120 2
46 299 47 301
195 99 196 101
358 291 363 291
83 93 84 95
351 240 352 242
68 219 69 221
57 197 62 197
41 247 46 247
300 132 302 133
71 259 73 260
229 14 229 19
94 234 99 234
199 305 204 305
141 83 143 84
185 242 186 244
284 132 286 133
364 243 364 248
151 2 156 2
325 38 325 43
210 317 211 319
25 175 30 175
122 109 123 110
348 20 352 20
320 232 325 232
253 114 255 115
223 199 228 199
128 132 130 133
361 74 362 76
157 318 158 319
258 276 260 277
16 80 17 82
65 202 70 202
87 67 92 67
138 273 139 275
310 244 315 244
4 206 4 211
15 292 17 293
207 0 209 1
337 37 338 39
162 234 163 236
263 238 265 239
295 322 295 327
288 95 293 95
138 78 143 78
266 57 271 57
101 98 105 98
338 258 343 258
363 311 365 312
182 207 184 208
251 115 252 117
185 309 186 311
348 246 349 248
148 113 153 113
310 242 314 242
45 243 50 243
15 333 17 334
47 54 49 55
72 301 72 306
106 130 111 130
357 34 359 35
120 323 122 324
33 258 35 259
311 278 316 278
17 254 19 255
146 256 146 261
295 45 297 46
349 311 350 313
365 154 366 156
139 9 144 9
183 328 188 328
27 6 27 11
339 241 341 242
321 289 326 289
241 218 246 218
70 151 70 156
302 0 302 5
0 279 0 284
60 232 60 237
274 327 275 329
158 313 159 315
166 41 171 41
348 39 349 41
30 139 35 139
39 211 41 212
5 210 5 215
33 127 36 127
54 273 54 278
240 50 245 50
248 175 249 177
38 125 40 126
121 330 126 330
48 117 50 118
90 284 92 285
296 204 298 205
274 322 279 322
271 238 272 240
356 237 357 239
243 296 248 296
179 6 181 7
347 42 349 43
271 170 276 170
290 28 291 30
118 71 120 72
124 148 125 150
293 152 294 154
211 142 211 147
230 173 230 178
130 57 131 59
59 271 64 271
63 239 65 240
194 68 196 69
304 286 306 287
353 219 358 219
86 29 87 31
181 188 183 189
40 242 41 243
13 201 13 206
90 221 95 221
10 82 10 87
278 138 283 138
19 150 20 152
248 249 253 249
156 209 161 209
26 238 26 243
244 231 245 233
236 273 236 278
27 0 27 5
198 224 198 229
236 259 238 260
38 184 40 185
198 222 203 222
344 46 349 46
359 213 360 215
109 138 114 138
108 292 110 293
343 9 344 11
356 37 361 37
125 137 130 137
1 11 2 13
297 225 302 225
318 71 319 73
285 238 290 238
65 298 70 298
1 180 3 181
120 158 121 160
298 252 300 253
30 38 31 40
16 41 18 42
106 257 111 257
288 314 289 316
366 204 368 205
232 40 233 42
229 153 234 153
103 62 104 64
312 266 313 268
31 175 36 175
170 146 171 148
232 265 236 265
58 266 60 267
370 218 370 223
261 76 266 76
184 218 189 218
190 291 195 291
309 165 314 165
125 178 126 180
265 204 270 204
18 317 23 317
267 81 269 82
232 192 233 194
282 12 287 12
330 195 331 197
195 124 199 124
149 241 154 241
182 223 183 225
250 93 252 94
192 224 197 224
367 199 369 200
212 241 212 246
268 135 270 136
228 75 229 77
312 89 313 91
309 0 310 2
106 233 108 234
124 12 129 12
238 330 242 330
141 306 143 307
123 58 124 60
11 82 11 87
182 6 183 8
365 328 370 328
146 266 147 268
262 175 267 175
55 55 60 55
303 320 308 320
69 141 70 143
374 29 374 32
73 141 78 141
56 273 56 278
220 78 222 79
338 118 340 119
126 157 131 157
106 47 111 47
193 181 198 181
70 145 75 145
104 236 105 238
181 138 186 138
333 62 334 64
312 57 317 57
67 152 68 154
250 327 251 329
297 171 302 171
196 188 201 188
327 274 329 275
57 312 59 313
67 247 67 252
348 196 350 197
61 198 61 203
99 95 104 95
51 323 52 325
307 45 308 47
56 65 61 65
34 180 39 180
265 139 269 139
155 137 156 139
51 20 56 20
3 81 5 82
48 293 50 294
216 56 221 56
0 300 0 305
364 313 365 315
9 192 14 192
87 161 88 163
312 327 314 328
30 185 32 186
298 36 299 38
71 18 76 18
208 315 210 316
99 163 101 164
12 201 12 206
284 190 289 190
280 7 282 8
114 132 115 133
301 72 306 72
165 313 167 314
321 53 321 58
162 6 162 11
15 258 17 259
131 259 132 261
111 311 112 313
38 155 38 160
22 267 24 268
138 294 140 295
363 295 365 296
261 228 262 230
245 29 247 30
251 40 253 41
308 89 309 91
257 228 258 230
347 157 349 158
246 248 247 249
362 154 362 159
243 33 245 34
311 187 312 189
231 195 232 197
372 194 374 195
255 120 256 122
195 199 200 199
161 35 166 35
218 144 218 149
306 324 309 324
67 88 68 90
242 145 243 147
200 207 203 207
346 32 351 32
66 278 71 278
145 160 146 162
198 90 199 92
158 316 160 317
348 264 350 265
306 205 306 209
261 269 263 270
117 48 117 53
114 93 116 94
64 160 66 161
134 197 139 197
57 211 59 212
281 246 282 248
322 230 325 230
4 200 4 205
3 206 3 211
1 240 1 245
159 78 160 80
371 158 371 163
41 101 46 101
175 302 177 303
292 36 297 36
292 149 292 154
352 291 357 291
328 177 333 177
203 162 208 162
114 251 119 251
313 16 313 21
76 314 77 316
249 7 254 7
346 268 347 270
246 284 251 284
336 210 337 212
163 91 168 91
173 184 174 186
143 171 144 173
9 300 9 305
185 63 187 64
319 143 320 145
109 28 114 28
255 65 257 66
261 225 266 225
178 241 178 246
23 260 28 260
70 198 71 200
54 199 56 200
74 279 76 280
373 223 374 225
243 217 248 217
226 326 226 331
62 74 64 75
85 296 90 296
60 325 61 327
357 39 362 39
124 225 129 225
352 41 357 41
319 252 324 252
137 280 142 280
229 253 233 253
200 252 200 257
58 59 59 61
32 276 37 276
320 205 321 207
100 81 102 82
96 22 98 23
135 20 137 21
239 41 241 42
222 14 227 14
231 252 236 252
323 133 323 138
241 38 243 39
12 314 17 314
272 18 273 20
205 10 207 11
310 275 315 275
74 276 75 278
271 267 276 267
107 166 112 166
158 222 159 224
284 34 289 34
246 32 247 34
299 6 299 11
78 223 80 224
354 305 356 306
273 70 278 70
196 96 197 98
204 19 209 19
114 19 115 21
21 52 23 53
355 111 360 111
242 139 242 144
10 119 15 119
249 183 250 185
10 57 11 59
291 247 293 248
245 141 248 141
180 215 182 216
32 182 37 182
11 265 11 270
231 291 236 291
214 127 215 129
352 214 354 215
215 300 220 300
33 86 33 91
181 170 183 171
242 47 244 48
61 224 62 226
290 137 295 137
105 267 110 267
187 288 188 290
37 156 37 161
127 96 127 101
190 113 191 115
75 8 77 9
314 156 319 156
18 129 23 129
368 238 370 239
20 277 21 278
325 291 330 291
19 333 20 335
116 287 118 288
8 210 8 215
199 245 201 246
167 126 172 126
247 268 248 270
291 207 296 207
5 195 10 195
168 12 168 17
362 236 364 237
132 233 135 233
362 207 363 209
312 305 314 306
281 132 283 133
177 291 182 291
214 49 219 49
190 33 190 38
149 40 149 44
293 43 298 43
105 306 106 308
3 200 3 205
56 30 60 30
62 51 63 53
325 277 330 277
337 303 342 303
344 313 344 318
257 332 259 333
57 331 62 331
292 211 297 211
312 245 317 245
100 18 102 19
161 160 163 161
228 304 233 304
14 43 15 44
306 65 311 65
65 139 70 139
245 254 246 256
67 332 68 334
11 245 12 247
322 256 323 258
180 72 181 74
3 311 3 316
7 241 7 246
94 263 99 263
87 95 92 95
308 187 310 188
347 278 352 278
168 122 173 122
255 204 260 204
332 268 333 270
311 52 311 57
6 5 8 6
274 193 276 194
0 94 0 99
217 139 217 144
105 100 106 102
92 302 92 307
255 80 256 82
309 305 311 306
38 233 38 238
166 209 167 210
224 181 229 181
55 334 57 335
364 160 364 165
84 224 84 229
58 319 63 319
168 313 170 314
368 50 373 50
194 132 194 137
20 54 21 56
7 16 9 17
183 203 188 203
134 316 138 316
312 111 317 111
75 167 80 167
87 244 89 245
336 89 341 89
255 210 260 210
265 0 266 2
254 85 258 85
327 30 332 30
41 82 43 83
231 212 233 213
218 234 223 234
140 256 145 256
95 152 96 154
78 76 83 76
26 303 31 303
290 19 291 21
238 176 243 176
181 127 183 128
345 23 349 23
308 121 313 121
261 75 266 75
107 269 112 269
113 16 114 18
31 217 36 217
263 256 264 257
292 19 293 21
161 34 164 34
294 274 294 279
60 201 60 206
24 129 29 129
124 212 125 214
226 43 227 45
58 12 63 12
63 16 64 18
53 239 54 241
48 236 50 237
11 199 11 204
241 103 242 105
74 272 75 274
48 91 49 93
200 329 202 330
117 197 117 201
228 73 233 73
203 123 207 123
254 232 256 233
144 81 145 83
95 334 100 334
283 249 285 250
286 63 288 64
119 25 124 25
342 327 343 329
325 180 326 182
130 265 131 267
178 22 180 23
178 21 183 21
239 285 240 287
87 237 92 237
279 143 284 143
41 107 46 107
199 283 201 284
53 56 55 57
53 287 55 288
158 19 159 21
353 34 354 36
120 27 125 27
65 15 66 17
291 258 293 259
33 85 38 85
147 223 152 223
186 62 191 62
338 220 343 220
357 330 359 331
134 65 135 67
151 204 153 205
343 117 343 122
129 177 131 178
331 176 336 176
330 74 332 75
311 143 312 145
303 3 303 8
237 179 242 179
54 204 59 204
266 138 271 138
150 79 155 79
104 9 105 11
297 152 299 153
72 80 74 81
355 313 356 315
268 193 270 194
67 108 72 108
1 26 2 28
363 106 368 106
8 274 13 274
310 311 311 313
261 71 262 73
348 77 349 79
265 137 270 137
200 62 205 62
359 28 364 28
183 41 184 43
244 290 245 292
339 38 341 39
145 240 150 240
297 134 298 136
341 326 346 326
70 180 70 185
220 281 220 286
211 197 212 199
159 267 160 269
211 188 213 189
295 60 296 62
255 217 260 217
350 133 354 133
342 38 343 40
200 285 205 285
339 64 339 69
190 127 192 128
74 24 76 25
82 73 84 74
340 139 341 141
2 110 7 110
261 212 266 212
300 0 301 2
261 3 261 6
118 217 119 219
28 9 29 11
162 291 164 292
307 0 308 2
43 199 45 200
295 90 299 90
152 225 157 225
311 43 311 48
344 173 345 175
228 151 230 152
159 13 160 15
369 117 374 117
282 53 283 55
116 215 121 215
179 323 180 325
30 21 35 21
63 218 68 218
122 14 125 14
250 207 251 208
161 312 166 312
338 64 338 69
189 192 194 192
290 297 291 299
281 205 283 206
341 324 345 324
59 232 59 237
158 334 160 335
362 261 363 263
160 188 165 188
184 170 185 172
156 44 158 45
196 223 201 223
160 157 161 159
227 320 227 325
68 79 69 81
275 174 280 174
81 262 82 264
39 262 44 262
107 235 112 235
258 151 258 156
122 247 123 248
1 168 1 173
21 83 22 85
337 98 342 98
239 302 240 304
168 146 169 148
163 107 167 107
274 114 274 119
217 122 217 127
215 141 216 143
359 184 361 185
60 47 62 48
31 67 36 67
103 2 108 2
193 283 195 284
273 210 278 210
218 32 223 32
144 163 149 163
265 141 270 141
272 179 274 180
327 113 332 113
114 196 118 196
175 225 177 226
135 187 140 187
255 228 256 230
84 284 85 286
219 166 220 167
102 145 105 145
218 173 220 174
340 318 341 320
84 54 89 54
357 333 362 333
247 98 247 103
37 109 39 110
187 193 192 193
184 211 189 211
108 61 111 61
10 117 12 118
262 206 263 208
317 294 318 296
64 7 65 9
89 161 89 166
291 157 296 157
80 70 81 72
167 13 167 18
173 280 177 280
325 306 327 307
113 128 115 129
317 277 318 278
85 306 87 307
97 166 102 166
166 288 171 288
215 123 216 125
234 310 239 310
238 301 238 304
78 65 80 66
67 156 68 158
95 172 95 177
144 84 149 84
193 136 193 141
112 295 114 296
72 272 73 274
80 49 85 49
328 269 329 271
232 102 233 104
259 80 260 82
253 36 258 36
190 209 195 209
110 123 111 125
71 282 76 282
252 27 257 27
199 93 200 94
295 152 296 154
360 237 361 239
251 270 254 270
360 286 361 288
131 250 136 250
11 211 13 212
87 89 87 94
225 3 230 3
122 316 127 316
329 278 334 278
147 184 149 185
37 123 39 124
60 312 65 312
216 253 218 254
23 7 23 12
64 188 69 188
293 168 295 169
250 45 252 46
321 75 326 75
10 196 11 198
103 103 108 103
157 267 158 268
67 76 71 76
82 247 84 248
356 57 357 59
274 20 279 20
329 15 329 20
39 198 39 202
281 134 282 136
63 264 65 265
101 64 102 66
314 24 316 25
159 121 163 121
371 286 373 287
196 0 201 0
89 178 91 179
36 311 37 313
30 197 35 197
66 247 66 252
39 235 39 240
188 75 190 76
7 88 9 89
135 68 137 69
106 122 111 122
366 295 367 297
76 4 81 4
352 318 353 320
371 216 372 218
185 201 190 201
278 305 279 307
164 234 166 235
237 177 242 177
371 304 373 305
266 190 271 190
73 267 78 267
89 123 94 123
282 96 287 96
223 68 224 70
357 314 358 316
343 232 345 233
251 9 252 11
157 73 162 73
247 15 248 17
266 209 271 209
369 14 369 19
319 31 321 32
65 156 66 158
279 176 279 181
250 175 255 175
269 144 274 144
68 60 73 60
34 0 35 2
189 130 189 135
73 134 78 134
364 185 369 185
231 95 231 100
198 137 200 138
10 303 12 304
357 308 358 310
156 24 161 24
19 251 20 253
291 150 291 155
109 291 114 291
269 238 270 240
136 164 141 164
89 334 94 334
289 132 289 137
88 215 93 215
283 4 284 6
44 330 48 330
64 208 65 210
99 172 103 172
287 99 292 99
289 246 294 246
330 175 335 175
174 134 176 135
62 330 66 330
64 334 66 335
95 147 96 149
128 128 133 128
195 174 196 176
141 184 142 186
236 190 238 191
233 180 235 181
1 279 1 284
361 107 366 107
243 319 245 320
187 212 192 212
216 16 221 16
360 109 362 110
356 32 358 33
104 316 109 316
205 25 205 30
362 313 363 315
74 321 75 323
57 117 59 118
176 79 178 80
217 166 218 167
352 0 353 2
268 191 273 191
368 51 373 51
274 74 276 75
192 31 192 36
55 241 57 242
198 282 203 282
250 21 255 21
155 299 160 299
199 83 199 88
124 246 129 246
229 98 230 100
372 147 373 148
5 68 5 73
70 272 71 274
368 219 369 221
189 242 194 242
204 228 209 228
203 163 208 163
368 14 368 19
243 192 244 194
186 28 186 33
277 74 278 76
123 320 125 321
0 312 0 317
303 9 304 10
168 224 169 226
102 318 104 319
236 40 241 40
15 40 20 40
234 22 239 22
173 25 174 27
200 82 201 84
57 264 59 265
21 48 26 48
141 81 143 82
132 303 137 303
7 62 9 63
26 6 26 11
361 292 362 294
311 176 312 178
358 65 363 65
221 165 226 165
363 325 368 325
253 102 257 102
42 201 47 201
345 45 350 45
32 303 37 303
174 30 175 32
44 59 49 59
43 219 45 220
353 276 354 278
180 256 180 261
6 241 6 246
27 82 32 82
283 230 285 231
372 205 372 210
39 321 40 323
326 15 326 20
373 97 373 102
35 266 36 268
279 70 284 70
293 122 293 127
91 70 93 71
219 322 219 327
352 140 357 140
89 207 91 208
151 286 156 286
329 169 334 169
6 311 6 316
31 44 36 44
369 222 369 225
184 159 185 161
60 17 62 18
1 20 1 25
215 57 220 57
136 284 138 285
305 308 305 313
349 145 350 147
63 224 65 225
205 288 205 293
213 13 214 15
37 252 39 253
128 277 130 278
259 283 264 283
172 293 174 294
212 185 213 187
236 24 241 24
286 98 291 98
132 210 137 210
2 95 3 97
235 288 237 289
338 61 343 61
204 160 206 161
310 36 315 36
124 6 129 6
372 329 374 330
63 258 68 258
255 3 260 3
61 136 63 137
156 334 157 335
26 311 26 316
33 335 38 335
322 205 323 207
214 283 215 285
145 170 146 172
20 140 25 140
194 21 195 23
280 249 282 250
70 174 75 174
354 260 359 260
3 235 4 237
124 90 129 90
179 155 180 157
360 274 361 275
139 77 144 77
276 171 277 173
13 43 13 47
83 7 88 7
90 117 92 118
198 96 199 98
306 125 308 126
9 258 9 263
23 150 24 152
300 173 305 173
51 286 56 286
104 304 106 305
324 38 324 43
11 31 16 31
352 32 352 37
131 317 132 319
235 199 240 199
13 116 14 118
243 133 243 138
1 95 1 100
293 271 295 272
15 329 20 329
62 156 64 157
225 37 227 38
59 226 60 228
294 122 294 127
187 190 188 192
273 226 278 226
191 125 193 126
23 298 26 298
35 291 40 291
307 105 312 105
358 116 358 121
98 327 100 328
103 65 105 66
125 58 126 59
5 31 10 31
269 58 271 59
19 122 20 124
157 7 157 12
137 209 142 209
220 27 221 29
105 253 106 255
284 229 289 229
282 314 283 316
309 161 311 162
238 231 240 232
99 87 100 89
100 52 102 53
78 200 82 200
68 61 70 62
254 83 259 83
356 53 357 55
111 284 111 289
308 172 309 174
69 144 74 144
15 308 16 310
174 292 179 292
343 172 348 172
307 304 312 304
86 157 87 159
224 13 229 13
31 322 32 324
4 320 5 322
168 186 168 191
56 270 58 271
80 75 83 75
305 96 307 97
71 276 73 277
359 315 361 316
201 170 206 170
241 293 244 293
199 139 201 140
253 176 254 178
253 80 254 82
59 273 59 278
124 13 129 13
81 86 82 88
11 323 11 328
367 104 369 105
138 6 143 6
203 20 208 20
341 118 341 123
357 22 357 27
4 68 4 73
75 164 76 166
148 315 153 315
310 89 311 91
70 79 71 81
210 51 215 51
365 206 366 208
22 38 24 39
364 74 364 79
313 297 315 298
344 268 345 270
7 258 7 263
279 50 284 50
148 98 150 99
134 17 136 18
102 278 103 280
352 186 354 187
265 111 266 112
204 202 209 202
172 87 172 92
281 77 286 77
36 75 38 76
260 220 265 220
156 222 157 224
310 140 310 145
167 222 168 223
228 317 229 319
210 160 212 161
40 109 41 111
258 148 260 149
283 35 288 35
263 252 264 254
9 194 14 194
365 33 370 33
330 146 331 147
67 182 69 183
78 67 83 67
1 174 1 179
368 45 370 46
152 329 153 331
61 85 66 85
70 315 73 315
241 233 243 234
194 272 199 272
48 82 48 87
230 327 232 328
187 267 191 267
338 318 339 320
43 232 43 237
260 146 262 147
251 320 252 322
224 114 229 114
269 296 274 296
240 243 241 245
372 226 373 228
214 324 214 329
268 322 273 322
173 228 178 228
68 276 70 277
297 266 298 268
189 155 194 155
104 128 106 129
251 35 256 35
71 302 71 307
81 40 86 40
134 86 135 88
277 221 282 221
4 311 4 316
228 4 230 5
357 169 358 171
20 80 21 82
231 152 236 152
364 184 369 184
361 57 366 57
216 34 218 35
84 16 89 16
232 173 233 175
265 254 270 254
127 147 127 152
120 278 124 278
253 86 258 86
10 244 10 249
116 15 116 20
103 227 105 228
333 294 334 296
63 47 64 49
290 168 292 169
372 47 373 49
249 326 249 331
261 241 266 241
216 327 217 329
43 299 45 300
323 51 323 56
173 85 178 85
212 69 214 70
20 224 22 225
314 314 316 315
158 111 159 113
369 149 373 149
148 246 153 246
203 267 204 269
361 163 361 168
42 158 44 159
0 197 0 202
253 267 254 269
183 76 183 81
355 332 359 332
166 224 167 226
133 240 138 240
45 151 45 156
60 264 62 265
182 63 184 64
118 257 123 257
78 8 78 12
334 26 335 28
69 239 71 240
272 171 273 173
360 311 362 312
201 240 206 240
106 302 111 302
127 88 129 89
281 165 283 166
359 43 364 43
330 172 335 172
314 294 315 296
190 211 194 211
85 319 86 321
77 164 78 165
116 236 118 237
234 141 235 143
373 296 373 299
142 164 145 164
39 106 44 106
99 212 104 212
324 114 325 116
209 176 211 177
0 235 2 236
72 204 77 204
169 184 170 186
115 152 116 153
139 171 140 173
67 292 69 293
107 250 112 250
282 44 283 46
161 142 162 144
242 186 244 187
147 251 149 252
362 119 363 121
197 269 198 271
47 22 48 24
361 193 366 193
243 95 248 95
263 64 268 64
229 255 231 256
96 132 101 132
214 104 215 106
270 321 275 321
55 289 57 290
243 219 248 219
358 274 359 275
186 20 186 25
254 122 254 127
308 156 313 156
25 91 30 91
331 162 332 164
289 7 290 8
284 327 285 329
155 293 158 293
349 148 351 149
194 243 194 248
244 241 246 242
161 43 162 45
227 274 228 276
306 37 307 39
71 88 72 90
274 308 274 313
113 185 118 185
294 215 299 215
104 260 109 260
2 297 2 302
324 201 329 201
35 130 40 130
215 150 216 152
235 311 236 313
32 0 33 2
255 216 260 216
64 329 69 329
295 252 297 253
198 287 203 287
318 74 320 75
250 30 254 30
173 28 178 28
171 88 171 93
365 113 366 115
47 88 48 90
9 161 10 163
273 212 278 212
45 102 46 103
220 162 221 164
319 294 321 295
317 80 322 80
97 228 102 228
127 242 132 242
229 199 234 199
194 125 196 126
306 308 306 313
119 236 120 238
206 232 207 234
302 209 303 211
72 205 77 205
106 14 111 14
162 148 163 150
231 101 236 101
115 115 116 117
219 0 219 5
356 38 361 38
208 204 213 204
77 87 80 87
23 271 24 273
368 43 370 44
231 233 236 233
182 119 187 119
141 284 142 286
180 326 182 327
64 65 65 67
343 91 343 96
14 254 16 255
264 111 264 115
315 282 317 283
260 218 262 219
96 196 101 196
354 222 359 222
359 24 360 26
305 0 306 2
287 122 288 124
259 4 260 6
339 95 340 97
233 35 238 35
232 39 237 39
347 21 349 22
27 196 29 197
344 117 344 122
360 132 365 132
217 9 222 9
64 252 65 254
76 169 81 169
236 41 238 42
238 119 243 119
347 330 348 332
265 271 267 272
80 195 82 196
233 190 235 191
136 281 141 281
150 77 155 77
213 28 213 33
22 232 22 237
286 314 287 316
35 184 37 185
140 308 142 309
251 301 251 306
103 225 105 226
152 40 153 42
62 303 67 303
223 182 225 183
200 197 202 198
45 273 50 273
333 66 333 71
190 130 190 135
342 117 342 122
231 143 231 148
109 198 111 199
148 245 153 245
311 70 313 71
289 163 291 164
2 309 4 310
320 203 325 203
176 305 177 307
252 186 254 187
271 114 272 116
163 43 164 45
225 22 226 24
102 163 104 164
69 77 71 78
372 27 374 28
300 172 305 172
237 296 242 296
188 83 188 88
231 150 233 151
293 17 295 18
309 157 314 157
287 100 292 100
275 58 280 58
98 235 100 236
44 26 45 28
206 167 207 169
181 278 182 280
158 225 160 226
296 309 296 314
8 258 8 263
57 273 57 278
368 265 373 265
256 77 257 79
329 84 330 86
140 10 142 11
371 150 372 152
175 24 176 26
93 237 98 237
107 108 112 108
266 327 271 327
137 214 139 215
128 129 133 129
287 94 292 94
117 240 118 242
38 161 40 162
61 255 62 257
133 74 135 75
38 94 38 99
216 314 221 314
11 182 13 183
177 277 182 277
98 0 103 0
195 3 196 5
373 205 373 210
365 116 370 116
160 134 164 134
58 14 63 14
216 156 221 156
166 193 171 193
232 166 235 166
290 39 291 40
3 279 4 281
338 203 343 203
193 3 194 5
264 43 265 45
373 76 373 81
251 163 253 164
12 269 14 270
196 44 198 45
184 76 184 81
371 326 372 328
30 160 31 162
41 316 41 321
49 323 50 325
163 4 163 9
174 290 176 291
152 248 154 249
272 300 274 301
146 284 148 285
41 322 43 323
154 315 155 317
85 332 86 334
230 184 232 185
70 146 75 146
41 26 43 27
347 132 352 132
124 227 126 228
24 185 26 186
132 252 137 252
225 101 230 101
188 63 193 63
341 198 342 200
180 242 180 247
110 219 111 220
59 15 64 15
322 31 324 32
189 143 189 148
223 102 225 103
360 63 365 63
297 21 299 22
287 132 287 137
105 286 110 286
155 135 160 135
173 116 174 118
355 334 360 334
42 102 44 103
363 204 365 205
17 120 19 121
219 179 220 181
15 269 17 270
224 303 229 303
222 305 224 306
178 172 178 177
247 157 248 159
331 240 333 241
280 163 282 164
174 198 176 199
190 302 192 303
280 270 281 271
332 118 334 119
154 142 156 143
340 169 341 170
274 171 275 173
346 279 347 281
152 277 157 277
294 19 295 21
328 305 329 307
149 249 151 250
108 31 110 32
163 96 164 98
248 83 253 83
129 40 129 45
148 50 150 51
3 20 3 25
231 64 233 65
140 271 141 273
346 54 347 56
23 130 28 130
305 259 310 259
234 150 236 151
269 307 274 307
281 197 282 199
7 210 7 215
62 246 67 246
284 314 285 316
142 177 144 178
276 119 277 121
75 235 76 237
281 67 286 67
371 44 372 46
303 0 304 2
249 9 250 11
355 165 355 170
17 86 22 86
254 119 259 119
40 213 44 213
102 232 107 232
228 259 233 259
132 192 137 192
227 290 232 290
300 130 301 131
3 2 5 3
290 17 292 18
113 311 115 312
81 281 86 281
90 315 95 315
234 94 239 94
222 68 222 72
175 293 177 294
159 142 160 144
70 157 75 157
33 316 38 316
115 138 120 138
267 140 272 140
213 123 214 125
188 251 190 252
97 299 99 300
40 81 45 81
150 207 155 207
139 184 140 186
217 255 222 255
234 212 235 214
297 206 298 207
172 93 177 93
241 215 242 217
189 162 190 164
292 289 297 289
189 149 189 154
248 326 248 331
1 112 6 112
271 293 273 294
216 144 216 149
22 184 27 184
46 153 48 154
311 314 313 315
288 132 288 137
336 172 336 175
204 25 204 30
245 301 250 301
268 286 273 286
214 318 215 320
6 193 11 193
60 247 65 247
335 93 338 93
113 238 118 238
80 161 82 162
218 320 220 321
279 65 280 67
365 219 367 220
220 0 220 5
185 113 187 114
35 138 40 138
282 268 284 269
319 222 321 223
325 24 327 25
7 20 8 22
206 111 207 113
87 258 92 258
355 119 356 121
316 240 318 241
6 62 6 67
170 76 171 78
361 112 366 112
15 327 17 328
307 92 312 92
223 64 224 66
4 62 4 67
113 280 114 282
84 88 89 88
3 244 4 246
163 219 164 221
327 146 329 147
36 193 37 195
37 331 39 332
316 152 321 152
11 185 12 187
362 60 363 62
147 159 148 161
12 207 17 207
350 60 351 62
209 155 211 156
66 106 71 106
71 54 76 54
234 58 239 58
37 65 39 66
59 305 59 310
63 88 64 90
98 133 103 133
263 279 264 281
99 165 103 165
101 256 106 256
244 182 249 182
37 314 38 315
245 155 250 155
14 330 15 332
148 49 153 49
27 269 32 269
225 147 226 149
203 318 208 318
73 154 74 156
211 83 216 83
288 9 290 10
322 262 327 262
253 148 255 149
242 164 247 164
23 305 23 310
149 263 153 263
8 244 9 246
287 33 290 33
368 21 369 23
179 170 179 175
250 32 252 33
245 88 246 89
200 125 202 126
223 137 224 139
322 51 322 56
367 107 372 107
43 18 45 19
136 188 137 190
48 5 50 6
372 74 374 75
363 201 368 201
344 155 345 157
86 178 88 179
194 218 196 219
11 315 12 317
344 91 344 96
18 12 19 14
10 205 11 207
313 0 314 2
362 210 363 212
50 180 51 182
285 179 290 179
174 21 175 23
202 107 204 108
178 11 183 11
283 240 285 241
292 299 297 299
360 320 363 320
303 138 308 138
166 184 168 185
270 181 272 182
245 166 247 167
170 330 172 331
52 330 55 330
351 264 351 269
254 206 255 208
16 29 18 30
69 30 70 32
165 243 166 245
103 317 108 317
306 53 306 58
92 235 97 235
325 27 326 29
198 306 200 307
248 308 253 308
193 99 194 101
223 167 224 169
97 163 98 165
201 93 203 94
117 261 119 262
79 77 84 77
13 271 15 272
225 243 226 245
240 58 244 58
157 136 158 138
229 222 231 223
330 117 335 117
24 320 29 320
183 327 188 327
252 171 257 171
170 88 170 93
370 231 371 233
200 190 200 195
138 79 138 84
67 241 69 242
304 242 309 242
126 224 131 224
306 3 307 5
98 316 99 318
191 174 192 176
12 3 13 5
116 218 117 220
354 37 355 39
84 335 89 335
142 125 144 126
133 179 135 180
41 235 42 237
293 74 293 79
115 280 116 282
29 199 34 199
112 66 114 67
57 215 62 215
48 53 53 53
36 106 38 107
75 281 80 281
37 33 42 33
88 72 93 72
158 122 163 122
261 62 262 64
75 309 80 309
233 287 234 289
78 68 80 69
225 47 230 47
163 313 163 318
49 88 50 90
220 10 222 11
138 155 143 155
362 238 364 239
188 210 193 210
2 20 2 25
334 259 336 260
312 259 312 264
258 102 263 102
4 222 4 227
0 240 0 245
180 45 182 46
274 218 275 220
32 38 37 38
274 255 276 256
109 287 110 289
223 302 228 302
357 135 362 135
359 12 360 14
221 166 225 166
253 228 254 230
83 170 88 170
113 139 115 140
368 47 369 49
374 293 374 298
326 332 328 333
180 212 185 212
62 150 62 155
12 309 14 310
291 212 292 214
358 59 363 59
57 169 62 169
183 205 186 205
372 232 374 233
309 73 311 74
373 234 374 236
6 294 7 296
106 84 107 86
229 332 230 334
170 262 172 263
41 198 42 200
225 139 230 139
304 233 305 235
156 184 161 184
88 157 89 159
167 192 171 192
233 2 234 4
180 172 181 174
248 85 253 85
140 313 141 315
161 77 163 78
72 67 77 67
306 291 311 291
139 211 140 213
323 80 328 80
361 111 366 111
227 267 229 268
63 323 66 323
126 147 126 152
110 259 112 260
337 70 342 70
188 334 189 335
215 197 217 198
106 88 108 89
309 178 310 180
69 158 73 158
217 100 218 101
198 230 203 230
225 167 226 169
290 59 293 59
55 308 56 310
73 301 73 306
355 309 355 312
173 330 174 332
271 55 273 56
278 207 283 207
167 88 168 90
218 247 220 248
235 147 236 148
357 94 359 95
241 231 243 232
76 272 76 277
234 37 236 38
5 311 5 316
257 205 262 205
229 39 231 40
56 232 58 233
336 71 337 73
188 207 189 208
22 188 23 190
340 81 340 86
141 169 146 169
301 6 302 8
90 157 91 159
189 96 191 97
162 181 167 181
291 182 293 183
119 4 121 5
128 47 130 48
221 167 222 169
33 283 35 284
232 147 234 148
182 72 183 74
200 213 201 214
6 307 8 308
364 119 365 121
139 316 143 316
374 205 374 210
363 154 363 159
0 165 0 170
77 326 77 331
297 18 298 20
28 117 29 119
355 96 357 97
155 19 157 20
93 249 98 249
215 144 215 149
53 257 53 262
349 171 351 172
255 125 256 127
363 49 364 51
140 214 142 215
184 288 186 289
243 210 248 210
36 333 38 334
323 185 324 187
82 96 87 96
275 262 276 264
46 85 46 90
355 85 360 85
324 198 325 200
176 262 176 267
338 71 340 72
24 78 25 80
125 264 127 265
109 127 114 127
362 123 367 123
287 36 289 37
71 238 76 238
1 311 2 313
345 264 347 265
22 176 23 178
120 261 121 263
96 272 101 272
64 272 64 277
165 236 167 237
40 140 40 145
68 159 73 159
288 235 289 237
5 143 10 143
88 58 90 59
74 168 79 168
371 55 372 57
45 329 48 329
59 214 63 214
88 51 93 51
72 209 77 209
314 41 315 43
159 247 164 247
141 20 143 21
74 317 79 317
25 7 25 12
276 104 277 106
148 317 153 317
262 213 267 213
266 206 267 208
357 307 362 307
143 69 143 74
340 62 341 64
140 19 145 19
345 216 346 218
269 46 270 48
26 79 28 80
227 285 229 286
50 46 55 46
218 10 219 12
24 305 25 307
230 180 232 181
246 133 246 138
374 78 374 83
95 195 100 195
116 48 116 53
42 274 43 276
27 172 29 173
246 221 251 221
154 148 159 148
16 144 19 144
347 147 348 149
16 134 21 134
184 60 185 62
69 152 69 157
111 16 112 18
314 33 319 33
133 185 134 187
113 48 114 50
2 63 3 65
68 46 73 46
67 160 69 161
40 95 41 97
339 92 340 94
322 320 323 322
27 310 32 310
64 241 66 242
229 140 229 145
201 192 202 194
256 114 257 116
6 16 6 21
252 206 253 208
224 225 229 225
86 284 87 286
39 98 41 99
167 186 167 191
318 153 320 154
215 323 215 328
306 24 307 26
291 56 292 58
238 138 238 143
134 181 135 183
86 277 87 279
96 161 96 166
335 330 336 332
207 160 209 161
344 57 346 58
351 45 356 45
178 10 183 10
109 253 114 253
188 54 190 55
168 76 169 78
94 257 99 257
161 138 166 138
265 126 266 128
30 129 35 129
133 208 138 208
71 269 72 270
358 10 360 11
321 231 326 231
187 82 190 82
185 81 190 81
12 258 14 259
25 256 27 257
251 282 256 282
251 279 252 281
94 198 95 200
95 204 95 209
96 198 97 200
96 202 96 207
96 208 98 209
97 202 98 204
97 205 99 206
97 207 102 207
98 198 99 200
99 197 104 197
99 201 100 203
99 204 104 204
99 208 101 209
100 198 101 200
100 205 102 206
101 201 103 202
102 198 103 200
102 208 104 209
103 205 104 207
104 198 104 202
105 204 105 209
