30461
0 0 0 32
0 33 0 65
0 66 0 98
0 99 0 131
0 132 0 164
0 165 0 197
0 198 0 230
0 231 0 263
0 264 0 296
0 297 0 329
0 330 0 362
0 363 0 395
0 396 0 428
0 429 2 439
0 440 0 472
0 473 0 505
0 506 0 538
0 539 0 571
0 572 0 604
0 605 0 637
0 638 0 670
0 671 0 703
0 704 0 736
0 737 0 769
0 770 0 802
0 803 2 813
0 814 2 824
0 825 0 857
0 858 0 890
0 891 0 923
0 924 0 956
0 957 0 989
0 990 10 992
0 993 10 995
0 996 10 998
0 999 32 999
1 0 1 32
1 33 1 65
1 66 1 98
1 99 1 131
1 132 3 142
1 143 1 175
1 176 1 208
1 209 1 241
1 242 1 273
1 274 3 284
1 285 3 295
1 296 1 328
1 329 1 361
1 362 1 394
1 395 1 427
1 428 33 428
1 440 1 472
1 473 1 505
1 506 1 538
1 539 1 571
1 572 1 604
1 605 1 637
1 638 1 670
1 671 1 703
1 704 1 736
1 737 1 769
1 770 3 780
1 781 33 781
1 782 11 784
1 785 33 785
1 786 3 796
1 797 11 799
1 800 33 800
1 801 33 801
1 802 33 802
1 825 1 857
1 858 1 890
1 891 1 923
1 924 1 956
1 957 1 989
2 0 2 32
2 33 2 65
2 66 2 98
2 99 2 131
2 143 12 145
2 146 34 146
2 147 4 157
2 158 2 190
2 191 34 191
2 192 2 224
2 225 2 249
3 258 4 272
5 269 12 271
2 250 2 273
2 296 2 328
2 329 2 361
2 362 2 394
2 395 2 427
2 440 4 450
2 451 4 461
2 462 2 494
2 495 2 527
2 528 2 560
2 561 2 593
2 594 2 626
2 627 2 659
2 660 2 692
2 693 2 725
2 726 4 736
2 737 2 769
2 825 2 857
2 858 2 890
2 891 2 923
2 924 2 956
2 957 2 989
3 0 3 32
3 33 3 65
3 66 3 98
3 99 3 131
3 158 3 190
3 192 3 224
3 225 3 257
3 273 35 273
3 296 3 328
3 329 3 361
3 362 3 394
3 395 3 427
3 429 5 439
3 462 5 472
3 473 5 483
3 484 3 516
3 517 3 549
3 550 3 582
3 583 3 615
3 616 3 648
3 649 5 659
3 660 3 692
3 693 3 725
3 737 3 769
3 803 3 835
3 836 3 868
3 869 3 901
3 902 3 934
3 935 3 967
3 968 5 978
3 979 5 989
4 0 6 10
4 11 6 21
4 22 4 54
4 55 4 87
4 88 4 120
4 121 6 131
4 132 6 142
4 158 4 190
4 192 4 224
4 225 4 257
4 274 4 306
4 307 4 339
4 340 4 372
4 373 4 405
4 406 6 416
4 417 6 427
4 484 4 516
4 517 4 549
4 550 4 582
4 583 4 615
4 616 4 648
4 660 4 692
4 693 4 725
4 737 4 769
4 770 6 780
4 786 36 786
4 787 36 787
4 788 14 790
4 791 14 793
4 794 36 794
4 796 35 796
4 803 4 835
4 836 4 868
4 869 4 901
4 902 4 934
4 935 4 967
5 22 7 32
5 33 15 35
5 36 5 68
5 69 5 101
5 102 7 112
5 113 15 115
5 116 15 118
5 119 37 119
5 120 37 120
5 147 5 179
5 180 7 190
5 192 5 224
5 225 5 257
5 258 7 268
5 274 5 306
5 307 5 339
5 340 5 372
5 373 5 405
5 440 7 450
5 451 7 461
5 484 5 516
5 517 5 549
5 550 5 582
5 583 5 615
5 616 5 648
5 660 5 692
5 693 5 725
5 726 5 758
5 759 7 769
5 803 5 835
5 836 5 868
5 869 5 901
5 902 5 934
5 935 5 967
6 36 6 68
6 69 6 101
6 147 6 179
6 192 6 224
6 225 6 257
6 274 6 306
6 307 6 339
6 340 8 350
6 351 6 383
6 384 8 394
6 395 16 397
6 398 16 400
6 401 16 403
6 404 21 405
6 429 8 439
6 462 6 494
6 495 6 527
6 528 6 560
6 561 16 563
6 564 16 566
6 567 16 569
6 570 16 572
6 573 16 575
6 576 8 586
6 587 6 619
6 620 6 652
6 653 6 685
6 686 6 718
6 719 6 751
6 752 16 754
6 755 16 757
6 758 38 758
6 803 6 835
6 836 6 868
6 869 6 901
6 902 6 934
6 935 6 967
6 968 8 978
6 979 8 989
7 0 9 10
7 11 9 21
7 36 7 68
7 69 7 101
7 121 9 131
7 132 9 142
7 147 7 179
7 192 7 224
7 225 7 257
7 274 7 306
7 307 9 317
7 318 9 328
7 329 17 331
7 332 17 334
7 335 17 337
7 338 39 338
7 339 39 339
7 351 9 361
7 362 9 372
7 373 9 383
7 406 9 416
7 417 9 427
7 462 7 494
7 495 7 527
7 528 7 560
7 587 7 619
7 620 7 652
7 653 7 685
7 686 7 718
7 719 7 751
7 770 9 780
7 803 7 835
7 836 7 868
7 869 7 901
7 902 7 934
7 935 7 967
8 22 10 32
8 36 8 68
8 69 8 101
8 102 10 112
8 147 8 179
8 180 10 190
8 192 8 224
8 225 8 257
8 258 10 268
8 272 40 272
8 274 8 306
8 440 8 472
8 473 8 505
8 506 8 538
8 539 10 549
8 550 10 560
8 587 8 619
8 620 8 652
8 653 8 685
8 686 8 718
8 719 8 751
8 759 10 769
8 803 8 835
8 836 8 868
8 869 8 901
8 902 8 934
8 935 8 967
9 36 9 68
9 69 9 101
9 147 9 179
9 192 9 224
9 225 9 257
9 274 9 306
9 340 11 350
9 384 11 394
9 429 9 461
9 462 9 494
9 495 9 527
9 528 11 538
9 576 9 608
9 609 9 641
9 642 9 674
9 675 9 707
9 708 9 740
9 741 11 751
9 803 9 835
9 836 9 868
9 869 9 901
9 902 9 934
9 935 9 967
9 968 11 978
9 979 11 989
10 0 12 10
10 11 12 21
10 36 10 68
10 69 10 101
10 121 12 131
10 132 12 142
10 147 10 179
10 192 12 202
10 203 10 235
10 236 12 246
10 247 12 257
10 274 10 306
10 307 12 317
10 318 12 328
10 351 10 383
10 406 20 408
10 409 42 409
10 410 20 412
10 413 37 413
10 414 12 424
10 425 20 427
10 429 10 461
10 462 10 494
10 495 10 527
10 576 10 608
10 609 10 641
10 642 10 674
10 675 10 707
10 708 10 740
10 770 12 780
10 803 10 835
10 836 10 868
10 869 10 901
10 902 10 934
10 935 10 967
11 22 13 32
11 36 11 68
11 69 11 101
11 102 13 112
11 147 11 179
11 180 13 190
11 203 11 235
11 258 13 268
11 274 11 306
11 351 11 383
11 429 11 461
11 462 11 494
11 495 11 527
11 539 13 549
11 550 13 560
11 576 11 608
11 609 11 641
11 642 11 674
11 675 11 707
11 708 11 740
11 759 13 769
11 795 43 795
11 803 11 835
11 836 11 868
11 869 11 901
11 902 11 934
11 935 11 967
11 990 21 992
11 993 21 995
11 996 21 998
12 36 12 68
12 69 12 101
12 147 12 179
12 203 12 235
12 274 12 306
12 340 12 372
12 373 14 383
12 384 22 386
12 387 22 389
12 390 22 392
12 393 44 393
12 394 44 394
12 429 12 461
12 462 12 494
12 495 12 527
12 528 14 538
12 576 12 608
12 609 12 641
12 642 12 674
12 675 12 707
12 708 22 710
12 711 22 713
12 714 44 714
12 715 44 715
12 716 15 723
12 724 22 726
12 727 14 737
12 738 14 748
12 749 22 751
12 782 22 784
12 797 44 797
12 798 44 798
12 799 44 799
12 803 12 835
12 836 12 868
12 869 12 901
12 902 12 934
12 935 12 967
12 968 22 970
12 971 14 981
12 982 22 984
12 985 22 987
12 988 44 988
12 989 44 989
13 0 15 10
13 11 15 21
13 36 13 68
13 69 13 101
13 121 15 131
13 132 15 142
13 143 23 145
13 147 15 157
13 158 15 168
13 169 15 179
13 192 13 224
13 225 13 257
13 269 23 271
13 274 13 306
13 307 15 317
13 318 15 328
13 340 13 372
13 414 15 424
13 429 13 461
13 462 13 494
13 495 13 527
13 576 13 608
13 609 13 641
13 642 13 674
13 675 13 707
13 770 15 780
13 803 13 835
13 836 13 868
13 869 13 901
13 902 13 934
13 935 13 967
14 22 24 24
14 25 24 27
14 28 24 30
14 31 46 31
14 32 46 32
14 36 14 68
14 69 14 101
14 102 16 112
14 180 16 190
14 192 14 224
14 225 14 257
14 258 16 268
14 274 16 284
14 285 16 295
14 296 16 306
14 340 14 372
14 429 14 461
14 462 14 494
14 495 14 527
14 539 24 541
14 542 16 552
14 553 24 555
14 556 24 558
14 559 43 559
14 560 43 560
14 576 14 608
14 609 14 641
14 642 14 674
14 675 14 707
14 759 16 769
14 803 14 835
14 836 14 868
14 869 14 901
14 902 14 934
14 935 14 967
15 36 15 68
15 69 15 101
15 192 15 224
15 225 15 257
15 340 15 372
15 373 17 383
15 429 15 461
15 462 15 494
15 495 15 527
15 528 17 538
15 576 15 608
15 609 15 641
15 642 15 674
15 675 15 707
15 727 17 737
15 738 17 748
15 788 25 790
15 791 25 793
15 803 15 835
15 836 15 868
15 869 15 901
15 902 15 934
15 935 15 967
15 971 17 981
16 0 18 10
16 11 18 21
16 33 16 65
16 66 16 98
16 99 26 101
16 113 26 115
16 116 26 118
16 121 18 131
16 132 18 142
16 147 16 179
16 192 16 224
16 225 16 257
16 307 18 317
16 318 18 328
16 340 16 372
16 414 26 416
16 417 26 419
16 420 23 423
16 424 48 424
16 429 16 461
16 462 18 472
16 473 16 505
16 506 18 516
16 517 18 527
16 576 16 608
16 609 16 641
16 642 16 674
16 675 16 707
16 716 26 718
16 719 26 721
16 722 46 722
16 723 46 723
16 770 18 780
16 803 16 835
16 836 16 868
16 869 16 901
16 902 16 934
16 935 16 967
17 33 17 65
17 66 17 98
17 102 19 112
17 147 17 179
17 180 19 190
17 192 17 224
17 225 17 257
17 258 19 268
17 274 17 306
17 340 17 372
17 395 27 397
17 398 27 400
17 401 27 403
17 429 17 461
17 473 19 483
17 484 27 486
17 487 27 489
17 490 27 492
17 493 19 503
17 504 49 504
17 505 49 505
17 542 19 552
17 561 17 593
17 594 19 604
17 605 17 637
17 638 17 670
17 671 17 703
17 704 27 706
17 707 49 707
17 752 27 754
17 755 27 757
17 759 19 769
17 803 17 835
17 836 17 868
17 869 17 901
17 902 17 934
17 935 17 967
18 33 18 65
18 66 18 98
18 147 18 179
18 192 18 224
18 225 18 257
18 274 18 306
18 329 28 331
18 332 28 334
18 335 28 337
18 340 18 372
18 373 20 383
18 429 18 461
18 528 28 530
18 531 28 533
18 534 50 534
18 535 28 537
18 538 50 538
18 561 18 593
18 605 20 615
18 616 18 648
18 649 18 681
18 682 20 692
18 693 20 703
18 727 20 737
18 738 20 748
18 803 18 835
18 836 18 868
18 869 18 901
18 902 18 934
18 935 18 967
18 971 20 981
19 0 21 10
19 11 21 21
19 33 19 65
19 66 19 98
19 121 21 131
19 132 21 142
19 147 19 179
19 192 19 224
19 225 19 257
19 274 19 306
19 307 21 317
19 318 29 320
19 321 29 323
19 324 29 326
19 327 51 327
19 328 51 328
19 340 19 372
19 429 19 461
19 462 21 472
19 506 21 516
19 517 21 527
19 561 19 593
19 616 19 648
19 649 19 681
19 770 21 780
19 803 19 835
19 836 19 868
19 869 19 901
19 902 19 934
19 935 21 945
19 946 21 956
19 957 21 967
20 33 20 65
20 66 20 98
20 102 22 112
20 147 20 179
20 180 22 190
20 192 20 224
20 225 20 257
20 258 22 268
20 274 20 306
20 340 20 372
20 429 20 461
20 473 22 483
20 493 22 503
20 542 22 552
20 569 20 593
20 594 22 604
20 616 20 648
20 649 20 681
20 759 22 769
20 803 20 835
20 836 20 868
20 869 20 901
20 902 20 934
21 33 21 65
21 66 21 98
21 147 21 179
21 192 21 224
21 225 21 257
21 274 21 306
21 340 21 372
21 373 23 383
21 406 31 408
21 410 31 412
21 425 31 427
21 429 21 461
21 569 21 593
21 605 21 637
21 638 21 670
21 671 21 703
21 727 23 737
21 738 23 748
21 803 21 835
21 836 21 868
21 869 21 901
21 902 21 934
21 971 31 973
21 974 31 976
21 977 31 979
21 980 53 980
21 981 53 981
22 0 24 10
22 11 24 21
22 33 24 43
22 44 32 46
22 48 54 48
22 49 24 59
22 60 22 92
22 93 32 95
22 96 32 98
22 121 24 131
22 132 24 142
22 147 22 179
22 192 22 224
22 225 22 257
22 274 22 306
22 307 24 317
22 340 22 372
22 404 54 404
22 405 54 405
22 429 22 461
22 462 24 472
22 506 24 516
22 517 24 527
24 561 32 563
24 564 54 564
24 565 54 565
20 561 23 568
22 569 32 571
22 572 54 572
22 574 54 574
22 575 24 585
22 586 32 588
22 589 32 591
22 592 54 592
22 593 54 593
22 605 22 637
22 638 22 670
22 671 22 703
22 770 24 780
22 803 22 835
22 836 22 868
22 869 22 901
22 902 22 934
22 935 22 967
22 990 32 992
22 993 32 995
22 996 32 998
23 60 23 92
23 102 25 112
23 147 23 179
23 180 25 190
23 192 23 224
23 225 23 257
23 258 33 260
23 261 33 263
23 264 33 266
23 267 55 267
23 268 55 268
23 274 23 306
23 340 23 372
23 384 33 386
23 387 33 389
23 390 33 392
23 429 23 461
23 473 25 483
23 493 25 503
23 542 25 552
23 594 23 626
23 627 23 659
23 660 23 692
23 693 25 703
23 708 33 710
23 711 33 713
23 724 33 726
23 749 33 751
23 759 25 769
23 782 33 784
23 803 23 835
23 836 23 868
23 869 23 901
23 902 23 934
23 935 23 967
23 968 33 970
23 982 33 984
23 985 33 987
24 60 24 92
24 143 34 145
24 147 24 179
24 192 24 224
24 225 26 235
24 236 26 246
24 247 56 247
24 248 34 250
24 251 34 253
24 254 34 256
24 257 56 257
24 269 34 271
24 274 24 306
24 340 24 372
24 373 34 375
24 377 56 377
24 378 34 380
24 381 34 383
24 420 34 422
24 423 56 423
24 429 24 461
24 566 56 566
24 567 56 567
24 568 56 568
24 594 24 626
24 627 24 659
24 660 24 692
24 727 26 737
24 738 26 748
24 803 24 835
24 836 24 868
24 869 26 879
24 880 24 912
24 913 24 945
24 946 26 956
24 957 26 967
25 0 27 10
25 11 27 21
25 22 35 24
25 25 35 27
25 28 57 28
25 29 57 29
25 33 27 43
25 49 25 81
25 82 27 92
25 121 27 131
25 132 27 142
25 147 25 179
25 192 25 224
25 274 25 306
25 307 27 317
25 340 25 372
25 429 25 461
25 462 35 464
25 465 35 467
25 468 35 470
25 471 57 471
25 472 57 472
25 506 27 516
25 517 27 527
25 539 35 541
25 553 35 555
25 556 35 558
25 575 27 585
25 594 25 626
25 627 25 659
25 666 25 692
25 770 27 780
25 803 25 835
25 836 25 868
25 880 25 912
25 913 25 945
26 30 58 30
26 49 26 81
26 102 28 112
26 147 26 179
26 180 36 182
26 183 36 185
26 186 36 188
26 189 58 189
26 190 58 190
26 192 26 224
26 274 26 306
26 340 26 372
26 376 58 376
26 429 26 461
26 473 28 483
26 493 28 503
26 542 29 549
26 550 36 552
26 594 26 626
26 627 26 659
26 666 26 692
26 693 36 695
26 696 36 698
26 699 36 701
26 702 58 702
26 703 58 703
26 759 28 769
26 788 36 790
26 791 36 793
26 803 26 835
26 836 26 868
26 880 26 912
26 913 26 945
27 49 27 81
27 99 37 101
27 113 37 115
27 116 37 118
27 147 27 179
27 192 27 224
27 225 29 235
27 236 29 246
27 274 27 306
27 340 27 372
27 414 37 416
27 417 37 419
27 429 29 439
27 440 29 450
27 451 29 461
27 594 27 626
27 627 27 659
30 660 37 662
25 660 29 665
27 666 37 668
27 669 37 671
27 672 37 674
27 675 37 677
27 678 37 680
27 681 37 683
27 684 37 686
27 687 37 689
27 690 37 692
27 716 37 718
27 719 37 721
27 727 29 737
27 738 29 748
27 803 27 835
27 836 27 868
27 869 27 901
27 902 27 934
27 935 27 967
28 0 30 10
28 11 30 21
28 33 38 35
28 36 38 38
28 39 38 41
28 42 60 42
28 49 30 59
28 60 28 92
28 121 60 121
28 122 38 124
28 125 30 135
28 136 38 138
28 139 38 141
28 142 60 142
28 147 28 179
28 192 30 202
28 203 30 213
28 214 30 224
28 274 28 306
28 307 30 317
28 340 28 372
28 395 38 397
28 398 38 400
28 401 38 403
28 484 38 486
28 487 38 489
28 490 38 492
28 506 30 516
28 517 30 527
28 575 30 585
28 594 28 626
28 627 28 659
28 704 38 706
28 752 38 754
28 755 38 757
28 770 38 772
28 773 38 775
28 776 38 778
28 779 60 779
28 780 60 780
28 803 28 835
28 836 28 868
28 869 28 901
28 902 28 934
28 935 28 967
29 60 29 92
29 102 31 112
29 147 29 179
29 274 29 306
29 329 39 331
29 332 39 334
29 335 39 337
29 340 29 372
29 473 39 475
29 476 39 478
29 479 39 481
29 482 61 482
29 483 61 483
29 493 31 503
29 528 61 528
29 529 39 531
29 532 61 532
29 533 61 533
29 535 39 537
29 573 61 573
29 594 29 626
29 627 29 659
29 759 31 769
29 803 29 835
29 836 29 868
29 869 29 901
29 902 29 934
29 935 29 967
30 60 30 92
30 147 30 179
30 225 32 235
30 236 32 246
30 274 30 306
30 318 40 320
30 321 40 323
30 324 40 326
30 340 30 372
30 429 30 461
30 542 33 549
30 594 30 626
30 627 30 659
30 663 40 665
30 727 32 737
30 738 32 748
30 803 32 813
30 814 30 846
30 847 30 879
30 880 30 912
30 913 30 945
30 946 32 956
30 957 32 967
31 0 33 10
31 11 41 13
31 14 41 16
31 17 41 19
31 20 63 20
31 21 63 21
31 49 31 81
31 82 33 92
31 125 33 135
31 147 33 157
31 158 33 168
31 169 33 179
31 192 31 224
31 274 31 306
31 307 33 317
31 340 31 372
31 429 31 461
31 506 33 516
31 517 33 527
31 575 33 585
31 594 31 626
31 627 31 659
31 814 31 846
31 847 31 879
31 880 31 912
31 913 31 945
32 49 32 81
32 102 34 112
32 192 32 224
32 274 32 306
32 340 32 372
32 406 42 408
32 410 42 412
32 425 42 427
32 429 32 461
32 493 34 503
32 594 32 626
32 627 32 659
32 759 34 769
32 814 32 846
32 847 32 879
32 880 32 912
32 913 32 945
32 971 42 973
32 974 42 976
32 977 42 979
33 43 43 45
33 46 65 46
33 49 33 81
33 93 43 95
33 96 43 98
33 192 33 224
33 225 35 235
33 236 35 246
33 274 33 306
33 340 33 372
33 429 33 461
33 561 43 563
33 569 43 571
33 586 65 586
33 587 43 589
33 590 65 590
33 591 65 591
33 594 33 626
33 627 33 659
33 727 35 737
33 738 35 748
33 803 33 835
33 836 33 868
33 869 33 901
33 902 33 934
33 935 33 967
33 990 65 990
33 991 43 993
33 994 43 996
33 997 40 999
34 0 36 10
34 49 34 81
34 82 36 92
34 125 36 135
34 147 34 179
34 192 34 224
34 258 44 260
34 261 44 263
34 264 44 266
34 274 34 306
34 307 44 309
34 310 44 312
34 313 44 315
34 316 66 316
34 317 66 317
34 340 34 372
34 384 44 386
34 387 44 389
34 390 44 392
34 428 34 460
34 461 66 461
34 506 36 516
34 517 36 527
34 542 44 544
34 545 66 545
34 546 44 548
34 549 66 549
34 575 36 585
34 594 34 626
34 627 34 659
34 708 44 710
34 711 66 711
34 712 66 712
34 713 66 713
34 724 66 724
34 725 66 725
34 726 66 726
34 749 44 751
34 781 44 783
34 784 66 784
34 785 66 785
34 800 34 832
34 833 36 843
34 844 34 876
34 877 34 909
34 910 34 942
34 943 36 953
34 954 36 964
34 965 44 967
34 968 44 970
34 982 44 984
34 985 44 987
35 49 35 81
35 102 37 112
35 143 35 175
35 176 45 178
35 179 67 179
35 191 37 201
35 202 37 212
35 213 45 215
35 216 45 218
35 219 45 221
35 222 45 224
35 248 45 250
35 251 45 253
35 254 45 256
35 269 45 271
35 274 35 306
35 340 35 372
35 373 45 375
35 378 45 380
35 381 45 383
35 420 45 422
35 428 35 460
35 493 37 503
35 594 35 626
35 627 35 659
35 759 45 761
35 762 67 762
35 763 67 763
35 764 45 766
35 767 45 769
35 800 35 832
35 844 35 876
35 877 35 909
35 910 35 942
36 22 46 24
36 25 46 27
36 49 36 81
36 143 38 153
36 154 68 154
36 156 68 156
36 157 46 159
36 160 46 162
36 163 38 173
36 174 68 174
36 175 68 175
36 225 38 235
36 236 46 238
36 239 46 241
36 242 46 244
36 245 68 245
36 246 68 246
36 273 38 283
36 284 38 294
36 295 38 305
36 306 68 306
36 340 36 370
36 428 36 460
36 462 46 464
36 465 46 467
36 468 46 470
36 539 46 541
36 553 46 555
36 556 43 558
36 594 36 626
36 627 36 659
36 727 38 737
36 738 38 748
36 800 36 832
36 844 36 876
36 877 36 909
36 910 36 942
37 0 39 10
37 49 37 81
37 82 39 92
37 125 39 135
37 155 69 155
37 180 47 182
37 183 47 185
37 186 47 188
37 340 37 370
37 428 37 460
37 506 39 516
37 517 39 527
37 550 47 552
37 575 39 585
37 594 37 626
37 627 37 659
37 693 40 700
37 701 69 701
37 786 47 788
37 789 47 791
37 792 47 794
36 796 68 796
37 800 37 832
37 833 37 865
37 866 37 898
37 899 37 931
37 932 37 964
38 49 38 81
38 99 40 109
38 110 40 120
38 191 40 201
38 202 40 212
38 340 40 350
38 351 48 353
38 354 40 364
38 365 48 367
38 368 48 370
36 371 51 372
38 413 45 416
38 417 48 419
38 428 40 438
38 439 48 441
38 442 48 444
38 445 48 447
38 448 40 458
38 459 70 459
38 460 70 460
38 493 40 503
38 594 38 626
38 627 48 629
38 630 38 662
38 666 40 676
38 677 40 687
38 688 48 690
38 691 70 691
38 692 70 692
38 716 48 718
38 719 46 721
38 800 38 832
38 833 38 865
38 866 38 898
38 899 38 931
38 932 38 964
39 33 49 35
39 36 49 38
39 39 49 41
39 49 39 81
39 122 49 124
39 136 49 138
39 139 49 141
39 143 41 153
39 163 49 165
39 166 49 168
39 169 49 171
39 172 71 172
39 173 71 173
39 225 41 235
39 273 39 305
39 395 49 397
39 398 49 400
39 401 49 403
39 484 49 486
39 487 49 489
39 490 71 490
39 491 71 491
39 492 71 492
39 594 39 626
39 630 71 630
39 631 41 641
39 642 41 652
39 653 49 655
39 656 49 658
39 659 49 661
39 662 71 662
39 704 49 706
39 727 41 737
39 738 41 748
39 752 49 754
39 755 49 757
39 758 71 758
39 770 49 772
39 773 49 775
39 776 49 778
39 800 39 832
39 833 39 865
39 866 39 898
39 899 39 931
39 932 39 964
40 0 42 10
40 49 42 59
40 60 40 92
40 125 42 135
40 273 40 305
40 329 42 339
40 473 50 475
40 476 50 478
40 479 50 481
40 506 42 516
40 517 42 527
40 529 50 531
40 535 50 537
40 575 50 577
40 578 50 580
40 581 50 583
40 584 72 584
40 585 72 585
40 594 40 626
40 800 40 832
40 833 40 865
40 866 40 898
40 899 40 931
40 932 40 964
41 60 41 92
41 99 43 109
41 110 43 120
41 191 43 201
41 202 43 212
41 272 41 304
41 305 73 305
41 318 51 320
41 321 51 323
41 324 51 326
41 340 43 350
41 354 43 364
41 428 43 438
41 448 43 458
41 493 43 503
41 594 41 626
41 663 51 665
41 666 73 666
41 667 51 669
41 670 51 672
41 673 43 683
41 684 51 686
41 693 73 693
41 694 51 696
41 697 51 699
41 700 73 700
41 800 41 832
41 833 41 865
41 866 41 898
41 899 41 931
41 932 41 964
42 11 52 13
42 14 52 16
42 17 52 19
42 60 42 92
42 143 52 145
42 146 52 148
42 149 52 151
42 152 74 152
42 153 74 153
42 225 44 235
42 272 42 304
42 594 42 626
42 631 44 641
42 642 52 644
42 645 52 647
42 648 52 650
42 651 74 651
42 652 74 652
42 727 44 737
42 738 44 748
42 800 42 832
42 833 42 865
42 866 42 898
42 899 42 931
42 932 42 964
43 0 45 10
43 49 43 81
43 82 53 84
43 85 53 87
43 88 75 88
43 89 75 89
43 90 53 92
43 125 45 135
43 272 43 304
43 329 45 339
43 406 53 408
43 409 53 411
43 412 75 412
43 425 53 427
43 506 45 516
43 517 45 527
43 594 43 626
43 800 43 832
43 833 43 865
43 866 43 898
43 899 43 931
43 932 43 964
43 971 53 973
43 974 53 976
43 977 53 979
44 43 76 43
44 44 76 44
44 47 76 47
44 49 44 81
44 93 46 103
44 104 46 114
44 115 54 117
44 118 54 120
44 191 46 201
44 202 46 212
44 272 44 304
44 340 46 350
44 354 46 364
44 428 46 438
44 448 46 458
44 493 46 503
48 561 76 561
44 556 47 563
44 569 76 569
44 570 76 570
44 571 76 571
44 587 54 589
44 594 44 626
44 673 46 683
44 795 76 795
44 800 44 832
44 833 44 865
44 866 44 898
44 899 44 931
44 932 44 964
44 991 54 993
44 994 54 996
52 997 76 997
52 998 84 998
41 997 51 999
45 49 45 81
45 225 47 235
45 258 55 260
45 261 55 263
45 264 77 264
45 265 77 265
45 266 77 266
45 272 45 304
45 307 55 309
45 310 55 312
45 313 55 315
45 384 47 394
45 542 55 544
45 546 77 546
45 548 77 548
45 594 45 626
45 631 47 641
45 687 77 687
45 708 55 710
45 714 77 714
45 727 47 737
45 738 55 740
45 741 47 751
45 781 55 783
45 797 45 829
45 830 45 862
45 863 45 895
45 896 45 928
45 929 45 961
45 962 55 964
45 965 55 967
45 968 55 970
45 982 55 984
45 985 55 987
45 988 77 988
45 989 77 989
46 0 48 10
46 49 46 81
46 125 56 127
46 128 56 130
46 131 56 133
46 134 78 134
46 135 78 135
46 176 56 178
46 213 48 223
46 224 78 224
46 248 56 250
46 251 56 253
46 254 78 254
46 255 78 255
46 256 78 256
46 269 46 301
46 302 56 304
46 329 48 339
46 373 56 375
46 378 56 380
46 381 56 383
46 413 53 416
46 420 56 422
46 506 48 516
46 517 48 527
46 594 46 626
46 759 56 761
46 764 56 766
46 767 56 769
46 797 46 829
46 830 46 862
46 863 46 895
46 896 46 928
46 929 46 961
47 22 57 24
47 25 57 27
47 31 79 31
47 32 79 32
47 49 47 81
47 93 49 103
47 104 49 114
47 157 57 159
47 160 57 162
47 191 49 201
47 202 49 212
47 236 79 236
47 237 57 239
47 240 57 242
47 243 79 243
47 244 79 244
47 269 47 301
47 340 49 350
47 354 49 364
47 428 49 438
47 448 49 458
47 462 57 464
47 465 57 467
47 468 57 470
47 493 49 503
47 539 57 541
47 547 79 547
47 553 57 555
47 594 47 626
47 673 49 683
47 797 47 829
47 830 47 862
47 863 47 895
47 896 47 928
47 929 47 961
48 49 48 81
48 180 58 182
48 183 58 185
48 186 58 188
48 225 50 235
48 269 48 301
48 384 50 394
48 550 58 552
48 556 58 558
48 559 80 559
48 560 80 560
48 563 80 563
48 594 48 626
48 631 51 638
48 639 58 641
48 715 80 715
48 727 50 737
48 741 50 751
48 786 58 788
48 789 58 791
48 792 58 794
48 797 48 829
48 830 48 862
48 863 48 895
48 896 48 928
48 929 48 961
49 0 51 10
49 49 49 81
49 213 51 223
49 269 49 301
49 329 51 339
49 351 59 353
49 365 59 367
49 368 59 370
49 417 59 419
49 424 81 424
49 439 59 441
49 442 59 444
49 445 59 447
49 506 51 516
49 517 51 527
49 594 51 604
49 605 51 615
49 616 51 626
49 627 59 629
49 688 59 690
49 716 59 718
53 719 81 719
47 719 52 723
49 797 49 829
49 830 49 862
49 863 49 895
49 896 49 928
49 929 49 961
50 33 60 35
50 36 60 38
50 39 60 41
50 49 50 81
50 93 52 103
50 104 52 114
50 122 82 122
50 123 82 123
50 136 60 138
50 139 60 141
50 163 60 165
50 166 60 168
50 169 82 169
50 170 82 170
50 171 82 171
50 191 52 201
50 202 52 212
50 269 50 301
50 340 52 350
50 354 52 364
50 395 60 397
50 398 60 400
50 401 60 403
50 428 52 438
50 448 52 458
50 484 60 486
50 487 60 489
50 493 52 503
50 504 82 504
50 505 82 505
50 653 60 655
50 656 60 658
50 659 60 661
50 673 52 683
50 704 60 706
50 707 82 707
50 752 60 754
50 755 60 757
50 770 60 772
50 773 60 775
50 776 60 778
50 797 50 829
50 830 50 862
50 863 50 895
50 896 50 928
50 929 50 961
51 45 83 45
51 49 51 81
51 124 83 124
51 225 53 235
51 269 51 301
51 384 53 394
51 473 61 475
51 476 61 478
51 479 61 481
51 529 61 531
51 534 61 536
51 537 83 537
51 538 83 538
51 575 61 577
51 578 61 580
51 581 61 583
51 727 53 737
51 741 53 751
51 797 51 829
51 830 51 862
51 863 51 895
51 896 51 928
51 929 61 931
51 932 61 934
51 935 61 937
51 938 61 940
51 941 61 943
51 944 61 946
51 947 61 949
51 950 61 952
51 953 61 955
51 956 83 956
51 957 61 959
51 960 83 960
51 961 83 961
52 0 54 10
52 49 52 81
52 213 54 223
52 269 52 301
52 318 54 328
52 329 54 339
52 372 84 372
52 506 54 516
52 517 62 519
52 520 62 522
52 523 62 525
52 526 67 527
52 594 52 626
52 631 55 638
52 663 62 665
52 667 62 669
52 670 62 672
52 684 62 686
52 694 62 696
52 697 62 699
52 797 52 829
52 830 52 862
52 863 52 895
52 896 52 928
52 999 84 999
53 11 63 13
53 14 63 16
53 17 63 19
53 49 53 81
53 93 55 103
53 104 55 114
53 143 61 145
53 146 61 148
53 149 61 151
53 191 55 201
53 202 55 212
53 269 53 301
53 340 55 350
53 354 55 364
53 428 55 438
53 448 55 458
53 493 55 503
53 562 85 562
53 594 53 626
53 642 63 644
53 645 63 647
53 648 63 650
53 673 55 683
53 720 63 722
53 723 74 723
53 797 53 829
53 830 53 862
53 863 55 873
53 874 53 906
53 907 55 917
53 918 55 928
54 49 54 81
54 82 64 84
54 85 64 87
54 90 64 92
54 225 56 235
54 269 54 301
54 384 56 394
54 406 64 408
54 409 64 411
54 413 64 415
54 416 86 416
54 425 64 427
54 594 54 626
54 727 56 737
54 741 56 751
54 797 54 829
54 830 54 862
54 874 54 906
54 971 56 981
55 0 65 2
55 3 65 5
55 6 65 8
55 9 87 9
55 10 87 10
55 48 87 48
55 49 65 51
55 52 65 54
55 55 65 57
55 58 65 60
55 61 57 71
55 72 87 72
55 73 87 73
55 74 58 81
55 115 65 117
55 118 65 120
55 213 57 223
55 269 55 301
55 318 57 328
55 329 57 339
55 404 87 404
55 405 87 405
55 506 57 516
55 564 87 564
55 565 87 565
55 572 87 572
55 574 87 574
55 587 65 589
55 592 55 624
55 625 87 625
55 626 87 626
55 797 55 829
55 830 55 862
55 874 55 906
55 991 65 993
55 994 65 996
56 93 66 95
56 96 88 96
56 97 58 107
56 108 66 110
56 111 66 113
56 114 88 114
56 191 58 201
56 202 58 212
56 258 66 260
56 261 66 263
56 267 56 299
56 300 88 300
56 301 88 301
56 307 66 309
56 310 66 312
56 313 66 315
56 340 58 350
56 354 58 364
56 371 88 371
56 428 58 438
56 448 58 458
56 493 58 503
56 542 66 544
56 592 56 624
56 631 66 633
56 634 88 634
56 635 66 637
56 638 88 638
56 673 58 683
56 708 66 710
56 738 66 740
56 781 66 783
56 797 56 829
56 830 56 862
56 863 56 895
56 896 56 928
56 962 66 964
56 965 66 967
56 968 66 970
56 982 66 984
56 985 66 987
57 125 67 127
57 128 67 130
57 131 67 133
57 176 67 178
57 225 59 235
57 247 67 249
57 250 89 250
57 251 67 253
57 257 89 257
57 267 57 299
57 302 67 304
57 373 67 375
57 377 59 387
57 388 67 390
57 391 89 391
57 392 89 392
57 393 89 393
57 394 89 394
57 420 67 421
57 422 72 423
57 566 67 568
57 592 57 624
57 727 59 737
57 741 59 751
57 759 67 761
57 764 67 766
57 767 67 769
57 797 57 829
57 830 57 862
57 863 57 895
57 896 57 928
57 971 59 981
58 22 68 24
58 25 68 27
58 28 90 28
58 29 90 29
58 61 60 71
58 157 68 159
58 160 68 162
58 213 60 223
58 237 68 239
58 240 68 242
58 267 58 299
58 318 60 328
58 329 60 339
58 462 60 472
58 506 60 516
58 539 68 541
58 553 68 555
58 592 58 624
58 797 58 829
58 830 58 862
58 863 58 895
58 896 58 928
59 30 91 30
59 74 69 76
59 77 69 79
59 80 91 80
59 81 91 81
59 97 61 107
59 180 59 212
59 267 59 299
59 340 61 350
59 354 61 364
59 376 91 376
59 428 61 438
59 448 61 458
59 493 91 493
59 494 69 496
59 497 69 499
59 500 69 502
59 503 91 503
59 550 66 552
59 556 69 558
59 592 59 624
59 639 69 641
59 673 61 683
59 702 91 702
59 703 91 703
59 786 69 788
59 789 69 791
59 792 74 793
59 794 91 794
59 797 59 829
59 830 59 862
59 863 59 895
59 896 59 928
60 180 60 212
60 225 62 235
60 267 60 299
60 351 70 353
60 365 70 367
60 368 70 370
60 377 62 387
60 417 70 419
60 439 70 441
60 442 70 444
60 445 70 447
60 592 60 624
60 628 92 628
60 688 70 690
60 716 70 718
60 727 62 737
60 741 62 751
60 797 60 829
60 830 60 862
60 863 60 895
60 896 60 928
60 971 62 981
61 33 71 35
61 36 69 38
61 39 71 41
61 42 93 42
61 61 63 71
61 121 93 121
61 136 71 138
61 139 71 141
61 142 93 142
61 163 71 165
61 167 93 167
61 168 93 168
61 180 61 212
61 213 63 223
61 267 61 299
61 318 63 328
61 329 63 339
61 395 71 397
61 398 71 400
61 401 71 403
61 462 63 472
61 484 71 486
61 487 71 489
61 506 63 516
61 592 61 624
61 653 71 655
61 656 71 658
61 659 71 661
61 704 71 706
61 752 71 754
61 755 71 757
61 770 63 780
61 797 61 829
61 830 61 862
61 863 61 895
61 896 61 928
62 97 64 107
62 180 64 190
62 191 64 201
62 202 64 212
62 267 62 299
62 340 64 350
62 354 64 364
62 428 64 438
62 448 64 458
62 473 64 483
62 528 72 530
62 531 72 533
62 534 72 536
62 573 94 573
62 575 72 577
62 578 72 580
62 581 72 583
62 592 62 624
62 673 64 683
62 797 62 829
62 830 62 862
62 863 62 895
62 896 62 928
62 929 64 939
62 940 64 950
62 951 70 953
62 954 94 954
62 955 94 955
62 957 72 959
63 225 65 235
63 267 63 299
63 377 65 387
63 517 73 519
63 520 73 522
63 523 73 525
63 592 63 624
63 663 73 665
63 667 73 669
63 670 73 672
63 684 73 686
63 694 73 696
63 697 73 699
63 727 73 729
63 730 95 730
63 732 95 732
63 733 95 733
63 734 73 736
63 737 95 737
63 741 65 751
63 797 63 829
63 830 63 862
63 863 63 895
63 896 63 928
63 971 65 981
64 11 66 21
64 61 66 71
65 143 96 143
65 144 74 146
65 147 96 147
65 148 96 148
62 143 64 151
64 166 96 166
64 213 66 223
64 267 64 299
64 318 74 320
64 321 74 323
64 324 74 326
64 327 66 337
64 338 96 338
64 339 96 339
64 462 66 472
64 506 66 516
64 592 64 624
64 642 74 644
64 645 74 647
64 648 74 650
64 720 74 722
64 770 66 780
64 797 64 829
64 830 64 862
64 863 64 895
64 896 64 928
65 82 75 84
65 85 75 87
65 90 75 92
65 97 67 107
65 149 75 151
65 180 65 212
65 267 65 299
65 340 67 350
65 354 67 364
65 406 75 408
65 409 75 411
65 413 75 415
65 425 67 435
65 436 75 438
65 448 67 458
65 473 67 483
65 592 65 624
65 673 67 683
65 797 65 829
65 830 65 862
65 863 65 895
65 896 65 928
65 929 67 939
65 940 67 950
66 0 76 2
66 3 76 5
66 6 98 6
66 7 98 7
66 8 98 8
66 46 98 46
66 49 68 59
66 60 98 60
66 115 76 117
66 118 76 120
66 180 66 212
66 225 68 235
66 267 66 299
66 377 68 387
66 586 68 596
66 597 68 607
66 608 76 610
66 611 68 621
66 622 76 624
66 741 68 751
66 797 66 829
66 830 66 862
66 863 66 895
66 896 66 928
66 971 68 981
66 990 76 992
66 993 76 995
66 996 98 996
67 11 69 21
67 61 69 71
67 93 77 95
67 108 77 110
67 111 77 113
67 180 67 212
67 213 69 223
67 258 77 260
67 261 77 263
67 267 67 299
67 307 69 317
67 327 69 337
67 461 69 471
67 472 99 472
67 506 69 516
67 542 76 544
67 545 99 545
67 549 74 552
67 631 77 633
67 635 77 637
67 708 77 710
67 711 77 713
67 724 77 726
67 738 77 740
67 770 69 780
67 781 99 781
67 782 99 782
67 784 99 784
67 785 99 785
67 797 69 807
67 808 69 818
67 819 69 829
67 830 67 862
67 863 67 895
67 896 67 928
67 962 77 964
67 965 77 967
67 968 77 970
67 982 99 982
67 983 77 985
67 986 99 986
67 987 99 987
68 97 70 107
68 125 78 127
68 128 78 130
68 131 78 133
68 176 68 208
68 209 76 211
68 212 100 212
68 247 78 249
68 251 78 253
68 267 68 299
68 302 78 304
68 340 70 350
68 354 70 364
68 373 78 375
68 388 78 390
68 420 100 420
68 421 100 421
68 425 70 435
68 448 70 458
68 473 70 483
68 527 100 527
68 566 78 568
68 673 70 683
68 759 70 769
68 830 68 862
68 863 70 873
68 874 70 884
68 885 70 895
68 896 68 928
68 929 70 939
68 940 70 950
69 22 79 24
69 25 79 27
69 49 71 59
69 154 101 154
69 156 78 158
69 159 78 161
69 162 101 162
69 174 69 204
69 205 76 208
69 225 79 227
69 228 79 230
69 231 76 234
69 235 101 235
69 237 79 239
69 240 79 242
69 245 101 245
69 246 101 246
69 267 69 299
69 306 101 306
69 377 71 387
69 539 76 541
69 553 79 555
69 586 71 596
69 597 71 607
69 611 71 621
69 741 71 751
69 830 69 862
69 896 69 928
69 971 79 973
69 974 79 976
69 977 79 979
69 980 101 980
69 981 101 981
70 11 72 21
70 61 80 63
70 64 80 66
70 67 80 69
70 70 102 70
70 71 99 71
70 74 80 76
70 77 80 79
70 174 72 184
70 185 72 195
70 196 80 198
70 199 80 201
70 202 80 204
70 213 72 223
70 267 70 299
70 307 72 317
70 327 72 337
70 461 72 471
70 494 80 496
70 497 80 499
70 500 80 502
70 506 72 516
70 556 80 558
70 639 80 641
70 701 102 701
70 770 72 780
70 783 102 783
70 786 80 788
70 789 80 791
70 796 70 828
70 829 70 861
70 862 102 862
70 896 70 928
71 97 73 107
71 267 71 299
71 340 73 350
71 351 81 353
71 354 73 364
71 365 81 367
71 368 81 370
71 417 81 419
71 425 73 435
71 439 72 454
71 455 81 457
71 458 81 460
71 473 73 483
71 673 73 683
71 688 81 690
71 691 103 691
71 692 95 692
71 716 81 718
71 731 103 731
71 759 73 769
71 796 71 828
71 829 71 861
71 863 81 865
71 866 103 866
71 867 78 870
71 871 103 871
71 872 81 874
71 875 81 877
71 878 81 880
71 881 73 891
71 892 71 924
71 925 73 935
71 936 73 946
71 947 81 949
71 950 78 953
72 33 82 35
70 36 80 38
72 39 82 41
72 49 74 59
72 136 81 138
72 139 82 141
72 163 82 165
72 172 104 172
72 173 104 173
72 267 72 299
72 377 74 387
72 395 82 397
72 398 82 400
72 401 82 403
72 484 82 486
72 487 82 489
72 490 82 492
72 586 74 596
72 597 74 607
72 611 74 621
72 630 104 630
72 653 82 655
72 656 82 658
72 659 82 661
72 662 104 662
72 704 82 706
72 741 74 751
72 752 82 754
72 755 82 757
72 758 104 758
72 796 72 828
72 829 72 861
72 892 72 924
73 11 75 21
73 174 75 184
73 185 75 195
73 213 75 223
73 267 73 299
73 307 75 317
73 327 75 337
73 422 105 422
73 423 105 423
73 439 75 449
73 450 105 450
73 451 83 453
73 454 105 454
73 461 75 470
73 506 75 516
73 528 83 530
73 531 83 533
73 534 83 536
73 575 75 585
73 770 75 780
73 796 73 828
73 829 73 861
73 892 73 924
73 957 83 959
74 97 76 107
74 267 74 299
74 305 106 305
74 340 76 350
74 354 76 364
74 425 76 435
74 473 76 483
74 517 84 519
74 520 84 522
74 523 84 525
74 629 106 629
74 663 76 673
74 674 76 684
74 685 106 685
74 686 106 686
74 693 84 695
74 696 83 698
74 699 106 699
74 700 106 700
74 727 84 729
74 734 84 736
74 759 76 769
74 796 74 828
74 829 106 829
74 830 84 832
74 833 106 833
74 834 84 836
74 837 84 839
74 840 76 850
74 851 76 861
74 881 74 913
74 914 74 946
75 49 77 59
75 144 85 146
75 152 107 152
75 153 107 153
75 267 75 299
75 318 85 320
75 321 85 323
75 324 85 326
75 377 77 387
75 549 85 551
75 552 107 552
75 586 77 596
75 597 107 597
75 598 78 605
75 606 107 606
75 607 107 607
75 611 77 621
75 627 107 627
75 642 77 652
75 720 107 720
75 721 85 723
75 741 77 751
75 792 107 792
75 793 107 793
75 796 75 828
75 881 75 913
75 914 75 946
76 11 78 21
76 82 78 92
76 149 86 151
76 174 78 184
76 185 78 195
76 213 78 223
76 267 76 299
76 307 78 317
76 327 78 337
76 406 86 408
76 409 86 411
76 412 86 414
76 415 108 415
76 436 78 446
76 447 86 449
76 461 78 470
76 506 78 516
76 575 78 585
76 770 78 780
76 796 76 828
76 881 76 913
76 914 76 946
77 0 109 0
77 1 87 3
77 4 109 4
77 5 109 5
77 43 109 43
77 44 109 44
77 47 109 47
77 97 79 107
77 115 87 117
77 118 87 120
77 205 109 205
77 206 81 211
77 231 87 233
77 234 109 234
77 267 77 299
77 340 79 350
77 354 79 364
77 425 79 435
77 473 79 483
77 561 109 561
77 569 87 571
77 608 87 610
77 622 87 624
77 663 79 673
77 674 79 684
77 759 79 769
77 795 77 827
77 828 109 828
77 840 79 850
77 851 79 861
77 881 77 913
77 914 77 946
77 990 87 992
77 993 109 993
77 994 92 995
77 997 109 997
78 49 80 59
78 93 110 93
78 94 110 94
78 95 110 95
78 108 88 110
78 111 88 113
78 258 88 260
78 261 88 262
78 264 110 264
78 265 110 265
78 266 88 268
78 269 80 279
78 280 88 282
78 283 80 293
78 294 88 296
78 297 88 299
78 377 80 387
77 539 81 544
78 546 110 546
78 548 110 548
78 586 80 596
78 611 80 621
78 631 88 633
78 635 88 637
78 642 110 642
78 643 110 643
78 644 88 646
78 647 88 649
78 650 88 652
78 687 110 687
78 708 88 710
78 711 88 713
78 714 110 714
78 724 88 726
78 738 80 748
78 749 88 751
78 795 78 827
78 881 78 913
78 914 78 946
78 962 88 964
78 965 88 967
78 968 88 970
78 983 88 985
78 988 110 988
78 989 110 989
79 11 81 21
79 82 81 92
79 125 81 135
79 155 82 161
79 174 81 184
79 185 81 195
79 213 81 223
79 224 111 224
79 247 89 249
79 251 89 253
79 254 89 256
79 302 89 304
79 307 81 317
79 327 81 337
79 373 89 375
79 388 89 390
79 436 81 446
79 461 81 470
79 506 81 516
79 566 89 568
79 575 81 585
79 598 89 600
79 601 89 603
79 604 111 604
79 605 111 605
79 770 81 780
79 795 79 827
79 867 89 869
79 870 111 870
79 881 81 891
79 892 89 894
79 895 81 905
79 906 79 938
79 939 89 941
79 942 89 944
79 945 111 945
79 946 111 946
79 950 111 950
79 951 111 951
79 952 111 952
79 953 111 953
80 22 90 24
80 25 90 27
80 31 112 31
80 32 105 32
80 97 82 107
80 225 112 225
80 226 90 228
80 229 112 229
80 230 112 230
80 236 112 236
80 237 90 239
80 240 90 242
80 243 95 244
80 340 82 350
80 354 82 364
80 425 82 435
80 473 82 483
80 547 112 547
80 553 112 553
80 554 112 554
80 555 112 555
80 663 82 673
80 674 82 684
80 759 82 769
80 795 80 827
80 840 82 850
80 851 82 861
80 906 82 916
80 917 82 927
80 928 82 938
80 971 90 973
80 974 90 976
80 977 90 979
81 36 91 38
81 49 83 59
81 61 91 63
81 64 91 66
81 67 91 69
81 74 91 76
81 77 91 79
81 196 91 198
81 199 91 201
81 202 91 204
81 269 83 279
81 283 83 293
81 377 83 387
81 494 91 496
81 497 91 499
81 500 91 502
81 526 113 526
81 556 91 558
81 559 113 559
81 560 113 560
81 563 110 563
81 586 83 596
81 611 83 621
81 639 91 641
81 715 113 715
81 738 83 748
81 786 91 788
81 789 91 791
81 795 81 827
82 11 84 21
82 82 84 92
82 125 92 127
82 128 92 130
82 131 92 133
82 134 114 134
82 135 89 138
82 174 84 184
82 185 84 195
82 206 86 211
82 213 84 223
82 307 84 317
82 327 84 337
82 351 92 353
82 365 91 367
82 368 91 370
82 417 92 419
82 424 114 424
82 436 84 446
82 455 84 465
82 466 92 468
82 469 114 469
82 470 114 470
73 471 105 471
82 506 84 516
82 539 92 541
82 542 114 542
82 543 114 543
82 544 114 544
82 575 84 585
82 688 92 690
82 716 92 718
82 719 111 719
82 770 84 780
82 795 82 827
82 863 92 865
82 872 84 882
82 883 92 885
82 886 92 888
82 889 92 891
82 895 84 905
82 947 92 949
83 33 93 35
83 39 93 41
83 97 85 107
83 122 115 122
83 123 115 123
83 139 93 141
83 155 93 157
83 158 115 158
83 159 93 161
83 163 93 165
83 169 93 171
83 340 85 350
83 354 85 364
83 395 93 397
83 398 93 400
83 401 93 403
83 425 85 435
83 473 85 483
83 484 93 486
83 487 93 489
83 490 93 492
83 504 115 504
83 505 115 505
83 653 93 655
83 656 93 658
83 659 93 661
83 663 85 673
83 674 85 684
83 704 93 706
83 707 115 707
83 752 93 754
83 755 93 757
83 759 85 769
83 795 83 827
83 840 85 850
83 851 85 861
83 906 83 938
84 45 116 45
84 49 86 59
84 124 116 124
84 269 86 279
84 283 86 293
84 377 86 387
84 451 94 453
84 528 86 538
84 586 86 596
84 611 86 621
84 738 86 748
84 795 84 827
84 906 84 938
84 956 94 958
84 959 94 961
85 11 87 21
85 82 87 92
85 174 95 176
85 177 87 187
85 188 95 190
85 191 95 193
85 194 117 194
85 195 117 195
85 213 87 223
85 307 87 317
85 327 87 337
85 372 117 372
85 436 87 446
85 455 87 465
85 506 87 516
85 517 95 519
85 520 95 522
85 523 95 525
85 575 87 585
85 693 95 695
95 696 117 696
84 696 94 698
85 727 95 729
85 734 95 736
85 770 87 780
85 795 85 827
85 830 95 832
85 834 95 836
85 837 95 839
85 872 87 882
85 895 85 927
85 928 87 938
85 998 117 998
86 97 96 99
86 100 96 102
86 103 96 105
86 106 118 106
86 107 118 107
86 144 96 146
86 318 96 320
86 321 96 323
86 324 96 326
86 340 88 350
86 354 88 364
86 425 88 435
86 473 88 483
86 549 96 551
86 562 118 562
86 663 88 673
86 674 88 684
86 721 96 723
86 759 88 769
86 795 86 827
86 840 88 850
86 851 88 861
86 895 86 927
87 49 89 59
87 149 97 151
87 206 97 208
87 209 97 211
87 269 89 279
87 283 89 293
87 377 89 387
87 406 97 408
87 409 97 411
87 412 97 414
87 416 119 416
87 447 97 449
87 528 89 538
87 586 89 596
87 611 89 621
87 738 89 748
87 795 87 827
87 895 87 927
88 1 98 3
88 9 90 19
88 20 120 20
88 21 120 21
88 48 120 48
88 72 120 72
88 73 120 73
88 82 90 92
88 115 98 117
88 118 98 120
88 177 90 187
88 213 90 223
88 232 120 232
88 233 120 233
88 307 98 309
88 310 98 312
88 313 98 315
88 316 120 316
88 317 120 317
88 327 90 337
88 404 120 404
88 405 120 405
88 436 90 446
88 455 90 465
88 506 90 516
88 564 120 564
88 565 120 565
88 569 98 571
88 572 120 572
88 574 90 584
88 585 119 585
88 608 120 608
88 609 120 609
88 610 120 610
88 622 98 624
88 625 120 625
88 626 120 626
88 770 90 780
88 795 88 827
88 872 90 882
88 895 88 927
88 928 90 938
88 990 98 992
89 96 121 96
89 108 99 110
89 111 99 113
89 114 121 114
89 258 121 258
89 259 99 261
89 262 121 262
78 263 110 263
89 266 99 268
89 280 99 282
89 294 99 296
89 297 99 299
89 300 121 300
89 301 121 301
89 340 91 350
89 354 91 364
89 371 121 371
89 425 91 435
89 473 91 483
89 631 99 633
89 634 99 636
89 637 121 637
89 638 121 638
89 644 99 646
89 647 99 649
89 650 99 652
89 663 91 673
89 674 91 684
89 708 99 710
89 711 99 713
89 724 121 724
89 725 121 725
89 726 121 726
89 749 99 751
89 759 91 769
89 795 89 827
89 840 99 842
89 843 91 853
89 854 99 856
89 857 99 859
89 860 121 860
89 861 121 861
89 895 89 927
89 962 99 964
89 965 99 967
89 969 121 969
89 983 99 985
89 999 121 999
90 49 92 59
90 135 100 137
90 247 92 257
90 269 92 279
90 283 100 285
90 286 100 288
90 289 122 289
90 290 122 290
90 291 100 293
90 302 100 304
90 373 100 375
90 377 92 387
90 388 100 390
90 391 100 393
90 394 122 394
90 528 92 538
90 566 122 566
90 567 122 567
90 568 122 568
90 586 92 596
90 598 100 600
90 601 122 601
90 602 122 602
90 611 92 621
90 738 100 740
90 741 100 743
90 744 95 748
90 795 90 827
90 867 100 869
90 892 90 924
90 925 100 927
90 939 100 941
90 942 100 944
91 9 93 19
91 22 101 24
91 25 101 27
91 28 123 28
91 29 123 29
91 82 93 92
91 177 93 187
91 213 93 223
91 226 123 226
91 227 123 227
91 237 101 239
91 240 101 242
91 327 93 337
91 436 93 446
91 455 93 465
91 506 93 516
91 574 93 584
91 770 123 770
91 771 101 773
91 774 101 776
91 777 101 779
91 780 123 780
91 795 91 827
91 872 93 882
91 892 91 924
91 928 93 938
91 970 94 977
91 978 123 978
91 979 123 979
92 30 124 30
92 37 124 37
92 38 124 38
92 61 102 63
92 64 102 66
92 67 102 69
92 74 102 76
92 77 102 79
92 80 107 81
92 196 102 198
92 199 102 201
92 202 102 204
92 231 124 231
92 340 94 350
92 354 94 362
92 376 124 376
92 425 94 435
92 473 94 483
92 493 94 503
92 556 102 558
92 639 102 641
92 663 94 673
92 674 94 684
92 702 105 703
92 759 94 769
92 786 102 788
92 789 102 791
92 794 92 826
92 827 124 827
92 843 94 853
92 892 92 924
93 36 125 36
93 49 95 59
93 125 125 125
93 126 96 133
93 247 95 257
93 269 95 279
93 351 103 353
96 365 103 367
92 363 95 370
93 377 95 387
93 417 103 419
93 466 103 468
93 528 95 538
93 539 103 541
93 586 95 596
93 611 95 621
93 628 125 628
93 688 103 690
93 716 103 718
93 794 93 826
93 863 103 865
93 883 93 915
93 916 103 918
93 919 103 921
93 922 103 924
93 947 103 949
93 994 125 994
93 995 125 995
94 9 104 11
94 12 104 14
94 15 104 17
94 18 126 18
94 19 126 19
94 33 126 33
94 34 126 34
94 35 126 35
94 39 104 41
94 42 126 42
94 82 96 92
94 121 126 121
94 138 104 140
94 141 109 142
94 155 109 156
94 157 126 157
94 159 104 161
94 163 104 165
94 167 104 169
94 170 126 170
94 171 126 171
94 177 104 179
94 180 104 182
94 183 104 185
94 186 126 186
94 187 126 187
94 213 96 223
94 327 96 337
94 395 104 397
94 398 104 400
94 401 104 403
94 436 96 446
94 455 96 465
94 484 104 486
94 487 104 489
94 490 104 492
94 506 96 516
94 574 96 584
94 653 126 653
94 654 104 656
94 657 104 659
94 660 126 660
94 661 126 661
94 704 104 706
94 752 104 754
94 755 104 757
94 794 94 826
94 872 94 904
94 905 96 915
94 928 96 938
95 340 97 350
95 354 104 356
95 357 105 359
95 360 105 362
95 425 97 435
95 451 105 453
95 473 97 483
95 493 97 503
95 573 127 573
95 663 97 673
95 674 97 684
95 698 127 698
95 759 97 769
95 794 95 826
95 843 97 853
95 872 95 904
95 954 105 956
95 957 105 959
95 960 118 960
95 961 127 961
95 970 127 970
95 971 127 971
95 972 105 974
95 975 105 977
96 49 98 59
96 174 104 176
96 188 128 188
96 189 106 191
96 192 128 192
96 193 128 193
96 243 128 243
96 244 128 244
96 247 98 257
96 269 98 279
96 363 128 363
96 364 128 364
96 368 111 369
96 370 126 370
96 377 98 387
96 517 106 519
96 520 106 522
96 523 106 525
96 528 98 538
96 586 98 596
96 603 128 603
96 611 98 621
104 693 128 693
104 694 128 694
96 692 103 695
96 727 106 729
96 730 128 730
96 732 106 734
96 735 106 737
96 744 106 746
96 747 128 747
96 748 128 748
96 794 96 826
96 830 106 832
96 834 106 836
96 837 106 839
96 872 98 882
96 883 98 893
96 894 98 904
97 82 99 92
97 97 107 99
97 100 107 102
97 103 107 105
97 126 107 128
97 129 107 131
97 132 129 132
97 133 129 133
97 143 129 143
97 144 107 146
97 147 129 147
97 148 129 148
97 166 129 166
97 213 99 223
97 318 99 328
97 329 99 339
97 436 99 446
97 455 99 465
97 506 99 516
97 549 107 551
97 574 99 584
97 721 129 721
97 722 112 723
97 794 97 826
97 905 99 915
97 928 107 930
97 931 107 933
97 934 107 936
97 937 129 937
97 938 129 938
98 149 108 151
98 206 108 208
98 209 108 211
98 340 100 350
98 406 108 408
98 409 108 411
98 412 108 414
98 425 100 435
98 447 108 449
98 473 100 483
98 493 100 503
98 663 100 673
98 674 100 684
98 759 100 769
98 794 98 826
98 843 100 853
99 1 109 3
99 6 109 8
99 46 131 46
99 49 101 59
99 60 131 60
99 115 109 117
99 118 109 120
99 247 101 257
99 269 101 279
99 307 109 309
99 310 109 312
99 313 109 315
99 377 101 387
99 528 101 538
99 569 109 571
99 586 101 596
99 611 101 621
99 622 109 624
99 794 99 826
99 872 99 904
99 990 131 990
99 991 131 991
99 992 131 992
99 996 131 996
100 82 102 92
100 108 110 110
100 111 110 113
100 213 102 223
100 259 110 261
100 266 110 268
100 280 107 282
100 294 110 296
100 297 110 299
100 318 102 328
100 329 102 339
100 436 102 446
100 455 102 465
100 472 132 472
100 506 102 516
100 545 132 545
100 574 102 584
100 631 110 633
100 634 110 636
100 644 110 646
100 647 110 649
100 650 110 652
100 708 110 710
100 711 110 713
100 749 110 751
100 781 132 781
100 782 132 782
100 784 132 784
100 785 132 785
100 794 100 826
100 840 110 842
100 854 110 856
100 857 132 857
100 858 132 858
100 859 132 859
100 872 100 904
100 905 102 915
100 962 132 962
100 963 132 963
100 965 110 967
100 982 110 984
100 985 110 987
101 135 111 137
101 212 133 212
101 283 133 283
101 284 111 286
101 287 133 287
101 288 133 288
101 291 111 293
101 302 111 304
101 340 103 350
101 373 133 373
101 374 133 374
101 375 133 375
101 388 111 390
101 391 111 393
101 420 133 420
101 421 133 421
101 425 103 435
101 473 103 483
101 493 103 503
101 527 133 527
101 598 116 599
101 663 103 673
101 674 103 684
101 738 111 740
101 741 111 743
101 759 103 769
101 794 101 826
101 843 103 853
101 867 111 869
101 872 101 904
101 925 111 927
101 939 111 941
101 942 111 944
102 22 112 24
102 25 112 27
102 49 104 59
102 154 134 154
102 162 134 162
102 228 134 228
102 235 134 235
102 237 112 239
102 240 112 242
102 245 104 253
102 254 112 256
102 257 134 257
102 269 104 279
102 306 134 306
102 377 104 387
102 528 103 538
102 586 112 588
102 589 112 591
102 592 111 594
102 596 133 596
102 611 104 621
102 771 134 771
102 772 134 772
102 773 112 775
102 776 112 778
102 779 134 779
102 794 102 826
102 872 102 904
102 980 134 980
102 981 129 981
103 61 113 63
103 64 113 66
103 67 113 69
103 70 132 70
100 71 132 71
103 74 113 76
103 77 113 79
103 82 105 92
103 196 135 196
103 197 113 199
103 200 113 202
103 203 135 203
103 204 135 204
103 213 105 223
103 318 105 328
103 329 105 339
103 436 105 446
103 455 113 457
103 458 135 458
103 459 135 459
103 460 110 463
103 464 135 464
103 465 135 465
103 506 105 516
103 556 113 558
103 574 105 584
103 639 113 641
103 697 135 697
103 701 135 701
103 783 132 783
103 786 113 788
103 789 113 791
103 794 103 826
103 862 131 862
103 872 103 904
103 905 105 915
104 340 114 342
104 343 114 345
104 346 114 348
104 349 114 351
104 352 136 352
104 365 114 367
104 417 114 419
104 425 106 435
104 466 114 468
104 473 106 483
104 493 106 503
104 539 136 539
104 540 136 540
104 541 136 541
104 663 106 673
104 674 106 684
104 688 114 690
104 691 136 691
104 692 136 692
104 695 136 695
104 716 114 718
104 731 136 731
104 759 106 769
104 794 104 826
104 843 106 853
104 863 114 865
104 866 136 866
104 871 104 903
104 904 136 904
104 916 114 918
104 919 136 919
104 920 114 922
104 923 136 923
104 924 136 924
104 947 114 949
105 9 115 11
105 12 115 14
105 15 115 17
105 39 115 41
105 49 107 59
105 138 115 140
105 159 115 161
105 163 115 165
105 167 115 169
105 172 107 182
105 183 137 183
105 184 120 185
105 245 115 247
105 248 115 250
105 251 115 253
105 269 107 279
105 353 112 356
105 377 107 387
105 395 115 397
105 398 115 400
105 401 115 403
105 484 115 486
105 487 115 489
105 490 115 492
107 528 137 528
104 528 106 538
105 611 107 621
105 630 137 630
105 654 115 656
105 657 115 659
105 662 137 662
105 704 115 706
105 752 115 754
105 755 115 757
105 758 137 758
105 794 105 826
105 871 105 903
106 82 108 92
106 213 108 223
106 318 116 320
106 321 116 323
106 324 108 334
106 335 116 337
106 338 138 338
106 339 138 339
106 357 116 359
106 360 116 362
106 422 138 422
106 423 138 423
106 436 108 446
106 450 116 452
106 453 138 453
106 454 138 454
106 471 138 471
106 506 108 516
106 574 108 584
106 794 106 826
106 871 106 903
106 905 108 915
106 954 116 956
106 957 116 959
106 972 116 974
106 975 116 977
107 189 117 191
107 305 139 305
107 425 109 435
107 473 109 483
107 493 117 495
107 496 139 496
107 497 139 497
107 498 139 498
107 499 117 501
107 502 139 502
107 503 139 503
107 517 117 519
107 520 117 522
107 523 117 525
107 530 117 532
107 533 139 533
107 534 117 536
107 537 139 537
107 538 139 538
107 629 139 629
107 663 109 673
107 674 109 684
107 685 139 685
107 686 139 686
107 699 139 699
107 700 139 700
107 727 139 727
107 729 139 729
107 732 117 734
107 735 138 735
107 736 122 737
107 744 117 746
107 759 117 761
107 762 117 764
107 765 139 765
107 766 117 768
107 769 139 769
107 794 107 826
107 829 109 839
107 843 109 853
107 871 107 903
108 49 110 59
108 80 123 81
108 97 140 97
108 98 118 100
108 101 118 103
108 104 140 104
108 105 140 105
108 126 118 128
108 129 118 131
108 144 118 146
108 152 140 152
108 153 140 153
108 172 110 182
108 269 110 276
108 377 110 387
108 549 118 551
108 552 140 552
108 597 133 597
108 606 140 606
108 607 140 607
108 611 110 621
108 627 140 627
106 702 121 703
108 720 140 720
108 792 108 824
108 825 140 825
108 826 140 826
108 871 108 903
108 928 118 930
108 931 118 933
108 934 118 936
108 964 140 964
109 82 111 92
109 149 119 151
109 206 119 208
109 209 119 211
109 213 111 223
109 324 111 334
109 406 119 408
109 409 119 411
109 412 119 414
109 415 141 415
109 436 111 446
109 447 119 449
109 506 119 508
109 509 119 511
109 512 141 512
109 513 116 516
109 574 111 584
109 792 109 824
109 871 109 903
109 905 111 915
109 968 141 968
110 0 120 2
110 3 120 5
110 6 120 8
110 43 142 43
110 44 142 44
110 47 142 47
110 115 120 117
110 118 120 120
110 141 142 141
110 142 142 142
110 155 142 155
110 156 142 156
110 205 142 205
110 234 142 234
110 307 120 309
110 310 120 312
110 313 120 315
110 425 112 435
110 473 120 475
110 476 120 478
110 479 120 481
110 482 142 482
110 483 142 483
110 529 142 529
110 561 142 561
110 569 120 571
110 600 142 600
110 622 120 624
110 663 142 663
110 664 120 666
110 667 112 677
110 678 120 680
110 681 120 683
110 684 142 684
110 792 110 824
110 828 112 838
110 839 142 839
110 843 112 853
110 871 110 903
110 993 131 993
110 997 142 997
111 49 113 59
111 93 121 95
111 108 121 110
111 111 121 113
111 172 113 182
111 259 121 261
111 263 121 265
111 266 113 276
113 277 121 279
113 280 143 280
113 281 143 281
108 277 112 282
111 294 121 296
111 297 143 297
111 298 143 298
111 299 143 299
111 377 113 387
111 460 121 462
111 463 143 463
111 546 143 546
111 548 143 548
111 611 113 621
111 631 121 633
111 634 121 636
111 642 113 652
111 687 143 687
111 708 121 710
111 711 121 713
111 714 143 714
111 749 121 751
111 792 111 824
111 840 121 842
111 854 121 856
111 871 111 902
111 965 121 967
111 982 121 984
111 985 121 987
111 988 143 988
111 989 143 989
112 82 122 84
112 86 122 88
112 89 122 91
112 92 144 92
112 135 122 137
112 213 114 223
112 224 144 224
112 284 122 286
112 291 122 293
112 302 144 302
112 303 144 303
112 324 114 334
112 368 144 368
112 369 144 369
112 388 122 390
112 391 122 393
112 436 114 446
112 574 114 584
112 592 119 595
112 604 144 604
112 605 144 605
112 728 144 728
112 738 119 741
112 742 144 742
112 743 144 743
112 792 112 824
112 867 112 899
112 900 122 902
111 903 143 903
112 905 122 907
112 908 122 910
112 911 122 913
112 914 144 914
112 915 144 915
112 925 122 927
112 939 122 941
112 942 122 944
112 945 144 945
112 946 144 946
112 950 122 952
112 953 144 953
113 22 123 24
113 26 145 26
113 27 145 27
113 31 145 31
106 32 138 32
113 85 145 85
113 225 145 225
113 229 145 229
113 230 145 230
113 236 123 238
113 239 123 241
113 242 145 242
113 254 145 254
113 255 145 255
113 256 145 256
113 304 145 304
113 353 123 355
113 356 145 356
113 425 115 435
113 547 141 547
113 553 123 555
113 586 123 588
113 589 123 591
113 667 123 669
113 670 123 672
113 673 123 675
113 676 128 677
113 722 145 722
113 723 145 723
113 773 123 775
113 776 145 776
113 777 145 777
113 792 113 824
113 828 115 838
113 843 115 853
113 867 113 899
114 49 116 59
114 61 124 63
114 64 124 66
114 67 124 69
114 74 123 76
114 77 124 79
114 172 116 182
114 197 124 199
114 200 124 202
114 266 116 276
114 377 116 387
114 455 124 457
114 526 146 526
114 556 124 558
114 559 146 559
114 560 146 560
111 563 143 563
114 611 116 621
114 639 116 649
114 650 124 652
114 715 146 715
114 786 114 818
114 819 124 821
114 822 124 824
114 867 114 899
115 134 147 134
115 213 117 223
115 282 147 282
115 324 117 334
115 340 117 350
115 351 147 351
115 365 125 367
115 417 125 419
115 424 147 424
115 436 117 446
115 466 125 468
115 469 147 469
115 470 147 470
115 542 125 544
115 574 117 584
115 688 125 690
115 716 125 718
112 719 144 719
115 786 115 818
115 863 147 863
115 864 130 865
115 867 115 899
115 916 125 918
115 920 125 922
115 947 125 949
116 9 126 11
116 12 126 14
116 15 126 17
116 39 126 41
116 122 148 122
116 123 148 123
116 138 126 140
116 158 148 158
116 159 148 159
116 160 148 160
116 163 126 165
116 167 126 169
116 245 126 247
116 248 126 250
116 251 126 253
116 395 126 397
116 398 126 400
116 401 126 403
116 425 118 435
116 484 126 486
116 487 126 489
116 490 148 490
116 491 148 491
116 492 148 492
116 504 148 504
116 505 148 505
116 654 126 656
116 657 126 659
116 704 126 706
116 707 148 707
116 752 126 754
116 755 126 757
116 786 116 818
116 828 118 838
116 843 118 853
116 867 116 899
117 45 149 45
117 49 119 59
117 124 149 124
117 172 119 182
117 266 119 276
117 318 149 318
117 319 127 321
117 322 149 322
117 323 149 323
117 335 127 337
117 357 127 359
117 360 127 362
117 377 119 387
117 450 127 452
117 513 149 513
117 514 149 514
117 515 149 515
117 516 149 516
117 599 149 599
117 611 119 621
117 639 119 649
117 786 117 818
117 867 117 899
117 954 149 954
117 955 149 955
117 956 127 958
117 972 127 974
117 975 127 977
118 189 128 191
118 194 150 194
118 195 150 195
118 213 150 213
118 214 150 214
118 215 128 217
118 218 128 220
118 221 128 223
118 324 120 334
118 340 120 350
118 372 150 372
118 436 120 446
118 493 128 495
118 499 128 501
118 517 128 519
118 520 128 522
118 523 128 525
118 530 128 532
118 534 128 536
118 574 120 584
118 696 150 696
118 732 128 734
118 744 128 746
118 759 128 761
118 762 128 764
118 766 128 768
118 786 118 818
118 867 118 899
118 998 150 998
119 98 129 100
119 101 129 103
119 106 151 106
119 107 151 107
119 126 129 128
119 129 129 131
119 144 129 146
119 161 151 161
119 425 121 435
119 549 129 551
119 562 144 562
119 778 151 778
119 786 121 796
119 797 121 807
119 808 121 818
119 828 121 838
119 843 121 853
119 867 119 899
119 928 129 930
119 931 129 933
119 934 129 936
119 959 134 960
120 49 122 59
120 149 130 151
120 172 122 182
120 206 130 208
120 209 152 209
120 210 152 210
120 211 152 211
120 266 122 276
120 377 122 387
120 406 130 408
120 409 130 411
120 412 130 414
120 416 152 416
120 447 130 449
120 506 130 508
120 509 130 511
120 592 130 594
120 595 152 595
120 611 122 621
120 639 130 641
120 642 130 644
120 645 130 647
120 648 152 648
120 649 152 649
120 738 152 738
120 739 130 741
120 867 122 877
120 878 122 888
120 889 122 899
121 0 131 2
121 3 131 5
121 6 131 8
121 20 153 20
121 21 153 21
121 48 153 48
121 72 151 72
121 115 131 117
121 118 131 120
121 184 153 184
121 185 146 185
121 232 153 232
121 233 153 233
121 307 123 317
121 324 123 334
121 340 123 350
121 404 153 404
121 405 153 405
121 436 124 443
121 444 131 446
121 473 131 475
121 476 131 478
121 479 131 481
121 564 153 564
121 565 153 565
121 569 131 571
121 572 153 572
121 574 123 584
120 585 152 585
121 608 131 610
121 622 131 624
121 625 149 625
121 626 149 626
121 664 131 666
121 678 153 678
121 679 131 681
121 682 153 682
121 683 153 683
122 93 132 95
122 96 154 96
122 108 154 108
122 109 154 109
122 110 132 112
122 113 154 113
122 114 154 114
122 258 132 260
122 261 132 263
122 264 154 264
122 265 147 265
122 277 132 279
122 294 132 296
122 300 137 301
122 371 154 371
122 425 124 435
122 460 132 462
122 631 132 633
122 634 132 636
122 637 154 637
122 638 154 638
122 702 154 702
122 703 154 703
122 708 132 710
122 711 132 713
122 724 132 726
122 749 132 751
122 786 122 818
122 828 124 838
122 840 124 850
122 851 132 853
122 854 132 856
122 860 154 860
122 861 154 861
122 965 132 967
122 969 154 969
122 982 129 985
122 986 154 986
122 987 154 987
122 999 154 999
123 25 155 25
123 49 125 59
123 82 133 84
123 86 133 88
123 89 133 91
123 135 133 137
123 172 125 182
123 266 125 276
123 284 133 286
123 289 133 291
123 292 155 292
123 293 155 293
123 377 125 387
123 388 133 390
123 391 133 393
123 394 155 394
123 566 155 566
123 567 155 567
123 568 155 568
123 601 138 602
123 611 125 621
123 736 138 737
123 786 123 818
123 867 123 899
123 900 133 902
123 905 133 907
123 908 133 910
123 911 133 913
123 925 133 927
123 939 133 941
123 942 133 944
123 950 133 952
124 22 134 24
124 28 156 28
124 29 156 29
124 73 131 76
124 80 156 80
124 81 156 81
124 226 139 227
124 236 134 238
124 239 134 241
124 307 126 317
124 324 126 334
124 340 126 350
124 353 134 355
124 553 134 555
124 574 126 584
124 586 134 588
124 589 134 591
124 667 134 669
124 670 134 672
124 673 134 675
124 770 156 770
124 773 134 775
124 780 156 780
124 786 126 796
124 797 126 807
124 808 126 818
124 867 124 899
124 978 156 978
124 979 153 979
125 30 157 30
125 37 157 37
125 38 157 38
125 61 135 63
125 64 135 66
125 67 135 69
125 77 135 79
125 197 156 197
125 198 140 199
125 200 135 202
125 231 157 231
125 376 157 376
125 425 127 435
125 436 135 438
125 439 135 441
125 442 157 442
125 443 157 443
125 455 135 457
125 556 135 558
125 650 135 652
125 819 135 821
125 822 135 824
125 827 127 837
125 838 157 838
125 840 127 850
125 867 125 899
126 36 158 36
126 49 128 59
126 125 158 125
126 172 128 182
126 266 128 276
126 365 136 367
126 377 128 387
126 417 136 419
126 466 136 468
126 542 136 544
126 611 128 621
126 628 158 628
126 688 136 690
126 716 136 718
126 867 136 869
126 870 128 880
126 881 128 891
126 892 136 894
126 895 136 897
126 898 158 898
126 899 158 899
126 916 136 918
126 920 136 922
126 947 136 949
126 994 158 994
126 995 158 995
127 9 129 19
127 33 137 35
127 39 137 41
127 42 159 42
127 121 159 121
127 138 137 140
127 157 159 157
127 163 137 165
127 167 159 167
127 168 137 170
127 171 159 171
127 186 159 186
127 187 159 187
127 245 137 247
127 248 137 250
127 251 137 253
127 307 129 317
127 324 137 326
127 327 137 329
127 330 159 330
127 331 137 333
127 334 159 334
127 340 129 350
127 395 137 397
127 398 137 400
127 401 137 403
127 484 137 486
127 487 137 489
127 574 129 584
127 653 137 655
127 656 137 658
127 659 137 661
127 704 137 706
127 752 137 754
127 755 137 757
127 786 127 818
128 319 138 321
128 335 138 337
128 357 138 359
128 360 138 362
128 425 130 435
128 450 138 452
128 573 160 573
128 698 160 698
128 786 130 796
128 797 130 807
128 808 130 818
128 827 130 837
128 840 130 850
128 956 138 958
128 961 160 961
128 970 138 972
128 973 138 975
128 976 160 976
128 977 160 977
129 49 131 59
129 172 139 174
129 175 139 177
129 178 139 180
129 181 161 181
129 182 161 182
129 188 139 190
129 192 160 192
129 193 160 193
129 215 139 217
129 218 139 220
129 221 139 223
129 243 161 243
129 244 161 244
129 266 139 268
129 269 136 271
129 272 136 275
129 276 161 276
129 363 161 363
129 364 161 364
127 370 159 370
129 377 131 387
129 493 139 495
129 499 139 501
129 517 161 517
129 518 139 520
129 521 139 523
129 524 160 524
129 525 160 525
129 530 139 532
129 534 139 536
129 603 161 603
129 611 131 621
129 676 161 676
129 677 161 677
129 693 161 693
129 694 161 694
129 730 161 730
129 732 139 734
129 744 139 746
129 747 161 747
129 748 161 748
129 759 139 761
129 762 139 764
129 766 139 768
129 870 131 880
129 881 139 883
129 884 139 886
129 887 139 889
129 890 161 890
129 891 161 891
130 9 132 19
130 98 140 100
130 101 140 103
130 126 140 128
130 129 140 131
130 132 162 132
130 133 162 133
130 143 140 145
130 146 140 148
130 166 162 166
130 307 132 317
130 340 132 350
130 549 162 549
130 550 162 550
130 551 162 551
130 574 132 584
130 721 160 721
130 928 132 938
130 981 140 983
130 984 162 984
130 985 162 985
131 149 141 151
131 206 141 208
131 406 141 408
131 409 141 411
131 412 141 414
131 425 133 435
131 447 141 449
131 506 141 508
131 509 141 511
131 592 141 594
131 639 141 641
131 642 141 644
131 645 141 647
131 739 141 741
131 786 133 796
131 797 133 807
131 808 133 818
131 827 133 837
131 840 133 850
131 864 163 864
131 865 163 865
132 0 142 2
132 3 142 5
132 6 142 8
132 46 164 46
132 49 134 59
132 60 164 60
132 73 142 75
132 76 164 76
132 115 142 117
132 118 164 118
132 119 164 119
132 120 164 120
132 377 134 387
132 444 142 446
132 473 135 480
132 481 164 481
132 569 142 571
132 608 134 618
132 619 142 621
132 622 142 624
132 664 142 666
132 679 142 681
132 870 134 880
132 990 147 991
132 992 147 993
132 996 164 996
133 9 135 19
133 70 148 71
133 93 143 95
133 110 143 112
133 191 165 191
133 258 143 260
133 261 143 263
133 277 143 279
133 294 165 294
133 295 165 295
133 296 165 296
133 307 135 317
133 340 135 350
133 460 143 462
133 472 165 472
133 545 165 545
133 574 135 584
133 631 143 633
133 634 143 636
133 708 143 710
133 711 143 713
133 724 143 726
133 749 143 751
133 781 165 781
133 782 143 784
133 785 165 785
133 851 143 853
133 854 143 856
133 857 143 859
133 928 135 938
133 962 165 962
133 963 165 963
133 965 143 967
134 82 144 84
134 86 144 88
134 89 144 91
134 135 144 137
134 212 166 212
134 283 144 285
134 286 144 288
134 289 144 291
134 373 144 375
134 388 144 390
134 391 144 393
134 420 166 420
134 421 166 421
134 425 136 435
134 527 166 527
134 596 144 598
134 786 134 818
134 827 136 837
134 840 136 850
134 900 144 902
134 905 144 907
134 908 144 910
134 911 144 913
134 925 144 927
134 939 144 941
134 942 144 944
134 950 144 952
135 22 145 24
135 49 137 59
135 154 167 154
135 162 167 162
135 228 167 228
135 235 145 237
135 238 145 240
135 241 167 241
135 257 167 257
135 306 167 306
135 353 145 355
135 377 137 387
135 553 145 555
135 586 145 588
135 589 145 591
135 608 145 610
135 611 145 613
135 614 145 616
135 617 167 617
135 618 167 618
135 667 145 669
135 670 145 672
135 673 145 675
135 771 145 773
135 774 167 774
135 775 167 775
135 779 167 779
135 786 135 818
135 870 137 880
135 960 167 960
136 9 138 19
136 61 146 63
136 64 146 66
136 67 146 69
136 77 168 77
136 79 168 79
136 196 168 196
136 200 146 202
136 203 151 204
136 307 138 317
136 340 138 350
136 436 146 438
136 439 168 439
136 440 168 440
136 441 168 441
136 455 146 457
136 458 168 458
136 459 168 459
136 464 168 464
136 465 168 465
136 473 146 475
136 476 146 478
136 480 162 480
136 556 146 558
136 574 138 584
136 650 146 652
136 697 168 697
136 701 168 701
136 786 136 818
136 819 146 821
136 822 146 824
132 862 163 862
136 928 138 938
137 269 140 275
137 352 169 352
137 365 147 367
137 417 147 419
137 425 139 435
137 466 147 468
137 539 169 539
137 540 147 542
137 543 169 543
137 544 169 544
137 688 147 690
137 691 169 691
137 692 169 692
137 695 169 695
137 716 147 718
137 731 169 731
137 786 137 818
137 827 139 837
137 840 139 850
137 866 147 868
137 869 169 869
137 892 147 894
137 895 147 897
137 904 169 904
137 916 147 918
137 919 147 921
137 922 147 924
137 947 147 949
138 33 148 35
138 39 170 39
138 40 170 40
138 41 170 41
138 49 140 59
138 138 148 140
138 163 148 165
138 168 170 168
138 169 170 169
138 170 170 170
138 183 170 183
138 245 148 247
138 248 148 250
138 251 170 251
138 252 170 252
138 253 170 253
138 300 170 300
138 301 170 301
138 324 148 326
138 327 148 329
138 331 148 333
138 377 140 387
138 395 170 395
138 396 148 398
138 399 148 401
138 402 170 402
138 403 170 403
138 484 148 486
138 487 148 489
138 528 170 528
138 630 170 630
138 653 148 655
138 656 148 658
138 659 148 661
138 662 170 662
138 704 148 706
138 752 148 754
138 755 148 757
138 758 170 758
138 786 138 818
138 870 140 880
138 959 170 959
139 9 141 19
139 32 171 32
139 307 141 317
139 319 149 321
139 335 141 345
139 346 149 348
139 349 171 349
139 350 171 350
139 357 149 359
139 360 149 362
139 422 171 422
139 423 171 423
139 450 149 452
139 453 171 453
139 454 171 454
139 471 171 471
139 574 141 584
139 601 171 601
139 602 171 602
139 735 149 737
139 786 139 818
139 928 141 938
139 956 149 958
139 970 149 972
139 973 149 975
140 172 150 174
140 175 150 177
140 178 150 180
140 188 150 190
140 215 150 217
140 218 150 220
140 221 150 223
140 226 172 226
140 227 172 227
140 266 150 268
140 305 172 305
140 425 172 425
140 426 150 428
140 429 150 431
140 432 172 432
140 433 155 434
140 435 172 435
140 493 142 503
140 518 150 520
140 521 150 523
140 530 150 532
140 533 150 535
140 536 150 538
140 629 172 629
140 685 172 685
140 686 172 686
140 699 172 699
140 700 172 700
140 727 172 727
140 729 172 729
140 732 149 734
140 744 150 746
140 759 142 769
140 786 140 818
140 827 142 837
140 840 142 850
140 881 148 883
140 884 148 886
140 887 172 887
140 888 172 888
140 889 172 889
141 49 143 59
141 97 151 99
141 100 151 102
141 103 151 105
141 126 151 128
141 129 151 131
141 143 173 143
141 144 151 146
141 147 173 147
141 148 173 148
141 152 173 152
141 153 173 153
141 198 173 198
141 199 173 199
141 269 151 271
141 272 151 274
141 275 173 275
141 377 143 387
141 479 173 479
141 552 173 552
141 606 173 606
141 607 173 607
141 627 173 627
141 720 173 720
141 786 141 818
141 825 173 825
141 826 173 826
141 870 151 872
141 873 151 875
141 876 173 876
141 877 151 879
141 880 173 880
141 964 173 964
141 980 151 982
141 983 173 983
142 9 144 19
142 149 152 151
142 206 152 208
142 307 144 317
142 335 174 335
142 336 149 339
142 340 174 340
142 341 157 342
142 343 174 343
142 345 174 345
142 406 152 408
142 409 152 411
142 412 152 414
142 415 174 415
142 447 174 447
142 448 174 448
142 449 174 449
142 506 152 508
142 509 152 511
142 512 174 512
142 574 144 584
142 592 152 594
142 639 152 641
142 642 152 644
142 645 152 647
142 739 152 741
142 786 142 818
142 928 144 938
142 968 174 968
143 0 153 2
143 3 153 5
143 6 153 8
143 43 175 43
143 44 175 44
143 47 175 47
143 73 175 73
143 74 175 74
143 75 175 75
143 115 153 117
143 141 175 141
143 142 175 142
143 155 175 155
143 156 175 156
143 205 175 205
143 234 175 234
143 444 153 446
143 482 175 482
143 483 175 483
143 493 145 503
143 529 175 529
143 561 175 561
143 569 153 571
143 600 175 600
143 619 153 621
143 622 153 624
143 663 153 665
143 666 173 666
143 679 175 679
143 680 175 680
143 681 175 681
143 684 175 684
143 759 145 769
143 786 143 818
143 827 145 837
143 839 145 849
143 850 175 850
143 997 175 997
144 49 146 59
144 93 154 95
144 110 154 112
144 258 154 260
144 261 154 263
144 277 154 279
144 280 176 280
144 281 176 281
144 297 154 299
144 377 146 387
144 460 154 462
144 546 176 546
144 548 176 548
144 631 154 633
144 634 154 636
144 687 176 687
144 708 154 710
144 711 154 713
144 714 176 714
144 724 154 726
144 749 154 751
144 782 154 784
144 786 144 818
144 851 154 853
144 854 154 856
144 857 154 859
144 903 171 903
144 965 154 967
144 988 176 988
144 989 176 989
145 9 147 19
145 82 155 84
145 86 155 88
145 89 155 91
145 92 177 92
145 135 155 137
145 224 169 224
145 283 155 285
145 286 155 288
145 289 155 291
145 302 170 302
145 303 177 303
145 307 147 317
145 368 177 368
145 369 177 369
145 373 155 375
145 388 155 390
145 391 155 393
145 463 177 463
145 562 160 563
145 574 147 584
145 596 155 598
145 604 177 604
145 605 177 605
145 719 177 719
145 728 175 728
145 742 177 742
145 743 177 743
145 786 145 818
145 900 155 902
145 905 147 915
145 925 147 935
145 936 147 946
145 950 177 950
145 951 155 953
146 22 156 24
146 26 178 26
146 27 178 27
146 31 178 31
146 85 178 85
146 225 169 225
146 229 178 229
146 230 178 230
146 235 156 237
146 238 178 238
146 239 178 239
146 240 178 240
146 242 178 242
146 254 156 256
146 353 156 355
146 356 178 356
146 493 148 503
142 547 174 547
146 553 178 553
146 554 178 554
146 555 178 555
146 586 156 588
146 589 156 591
146 608 156 610
146 611 156 613
146 614 156 616
146 667 178 667
146 668 156 670
146 671 156 673
146 674 178 674
146 722 178 722
146 723 178 723
146 759 148 769
146 771 156 773
146 776 178 776
146 777 178 777
146 786 146 818
146 827 148 837
146 839 148 849
147 49 149 59
147 61 179 61
147 62 157 64
147 65 179 65
147 66 157 68
147 69 179 69
147 200 157 202
147 377 149 386
147 436 157 438
147 455 157 457
147 473 157 475
147 476 157 478
147 526 179 526
147 556 157 558
147 559 162 560
147 650 157 652
147 715 179 715
147 786 147 818
147 819 157 821
147 822 157 824
148 9 150 19
148 134 180 134
148 282 180 282
148 307 150 317
148 351 180 351
148 365 158 367
148 417 158 419
148 424 180 424
148 466 158 468
148 469 180 469
148 470 180 470
148 540 158 542
148 574 150 584
148 688 158 690
148 716 158 718
148 786 148 818
148 863 179 863
148 866 158 868
148 892 158 894
148 895 158 897
148 905 148 937
148 938 150 948
148 949 180 949
148 990 158 992
148 993 180 993
149 33 159 35
149 70 181 70
149 71 181 71
149 122 181 122
149 123 181 123
149 138 159 140
149 158 159 160
149 163 159 165
149 245 159 247
149 248 159 250
149 324 159 326
149 327 159 329
149 331 159 333
149 396 159 398
149 399 157 401
149 484 151 494
149 495 181 495
149 496 159 498
149 499 159 501
149 502 159 504
149 505 181 505
149 653 159 655
149 656 159 658
149 659 181 659
149 661 174 661
149 704 159 706
149 707 181 707
149 752 159 754
149 755 159 757
149 759 151 769
149 786 149 818
149 827 151 837
149 839 151 849
149 905 149 937
150 45 182 45
150 49 152 59
150 124 182 124
150 318 160 320
150 321 160 323
150 336 157 339
150 346 160 348
150 357 160 359
150 360 160 362
150 377 152 386
150 450 182 450
150 451 165 452
150 513 160 515
150 516 182 516
150 599 182 599
155 735 182 735
150 732 154 737
150 786 150 818
150 905 150 937
150 954 160 956
150 957 182 957
150 958 182 958
150 970 182 970
150 971 160 973
150 974 182 974
151 9 153 19
151 172 161 174
151 175 161 177
151 178 161 180
151 188 161 190
151 194 183 194
151 195 183 195
151 213 153 223
151 266 161 268
151 307 153 317
151 372 183 372
151 426 183 426
151 427 161 429
151 430 183 430
151 431 183 431
151 518 160 520
151 521 160 523
151 530 161 532
151 533 161 535
151 536 161 538
151 574 153 584
151 696 183 696
151 744 161 746
151 786 151 818
153 881 161 883
153 884 183 884
153 885 183 885
149 881 152 886
151 905 151 937
151 938 153 948
151 975 183 975
151 998 183 998
152 97 154 107
152 126 162 128
152 129 162 131
152 144 162 146
152 161 184 161
152 203 184 203
152 269 161 271
152 272 161 274
152 484 154 494
152 675 184 675
152 759 154 769
152 778 184 778
152 786 154 796
152 797 154 807
152 808 154 818
152 827 154 837
152 839 154 849
152 870 162 872
152 873 162 875
152 877 162 879
152 905 152 937
152 980 162 982
153 49 155 59
153 149 163 151
153 206 185 206
153 207 163 209
153 210 185 210
153 211 185 211
153 377 155 386
153 406 163 408
153 409 163 411
153 412 163 414
153 416 185 416
153 506 163 508
153 509 163 511
153 585 185 585
153 592 163 594
153 595 185 595
153 639 163 641
153 642 185 642
153 643 163 645
153 646 163 648
153 649 185 649
153 738 163 740
153 741 185 741
153 886 185 886
153 905 153 937
154 0 156 10
154 11 156 21
154 48 186 48
152 72 184 72
154 115 164 117
154 184 186 184
147 185 179 185
154 213 156 223
154 232 186 232
154 233 186 233
154 307 164 309
154 310 164 312
154 313 164 315
154 316 186 316
154 317 186 317
154 404 186 404
154 405 186 405
154 444 164 446
154 564 186 564
154 565 186 565
154 569 164 571
154 572 186 572
154 574 156 584
154 619 164 621
154 622 164 624
165 625 186 625
150 625 164 626
154 660 186 660
154 663 164 665
154 678 186 678
154 682 186 682
154 683 186 683
154 905 154 937
154 938 156 948
155 93 157 103
155 104 157 114
155 258 165 260
155 261 165 263
155 264 187 264
148 265 180 265
155 277 165 279
155 297 165 299
155 344 187 344
155 371 184 371
155 460 165 462
155 484 157 494
155 631 165 633
155 634 165 636
155 637 187 637
155 638 187 638
155 702 187 702
155 703 187 703
155 708 165 710
155 711 165 713
155 724 165 726
155 732 165 734
155 736 187 736
155 737 187 737
155 749 165 751
155 759 157 769
155 782 165 784
155 786 155 818
155 827 157 837
155 839 157 849
155 851 157 861
155 905 155 937
155 965 165 967
155 969 187 969
155 986 187 986
155 987 187 987
155 999 187 999
156 25 188 25
156 49 158 59
156 78 188 78
156 82 166 84
156 86 166 88
156 89 166 91
156 135 166 137
156 283 158 293
156 373 166 375
156 377 158 386
156 388 166 390
156 391 166 393
156 394 188 394
156 434 188 434
156 566 166 568
156 596 166 598
156 786 156 818
156 900 166 902
156 905 156 937
156 951 166 953
157 0 159 10
157 11 159 21
157 22 167 24
157 28 189 28
157 29 189 29
157 80 189 80
157 81 189 81
157 213 159 223
157 235 167 237
157 254 167 256
157 353 167 355
157 574 159 584
157 586 167 588
157 589 167 591
157 608 167 610
157 611 167 613
157 614 167 616
157 668 167 670
157 671 167 673
157 770 167 772
157 773 189 773
157 780 189 780
157 786 157 818
157 905 157 937
157 938 159 948
157 978 189 978
154 979 186 979
158 30 190 30
158 37 190 37
158 38 190 38
158 62 168 64
158 66 168 68
158 93 168 95
158 96 160 106
158 107 168 109
158 110 168 112
158 113 190 113
158 114 190 114
157 197 189 197
158 200 168 202
158 231 190 231
158 336 168 338
158 339 190 339
158 341 190 341
158 342 190 342
158 376 190 376
158 436 168 438
158 442 190 442
158 443 190 443
158 455 168 457
158 473 168 475
158 476 168 478
158 484 160 494
158 556 168 558
158 650 168 652
158 759 160 769
158 786 158 818
158 819 168 821
158 822 168 824
158 827 160 837
158 838 160 848
158 849 190 849
158 851 160 861
158 905 158 937
159 36 191 36
159 49 161 59
159 125 191 125
159 283 161 293
159 365 169 367
159 377 161 386
159 417 169 419
159 433 191 433
159 466 169 468
159 540 169 542
159 628 191 628
159 688 169 690
159 716 169 718
159 786 159 818
159 866 169 868
159 892 169 894
159 895 169 897
159 898 191 898
159 899 191 899
159 905 159 937
159 990 169 992
159 994 191 994
159 995 191 995
160 0 162 10
160 11 162 21
160 33 170 35
160 42 192 42
160 121 192 121
160 138 170 140
160 157 192 157
160 158 170 160
160 163 170 165
160 167 192 167
160 171 192 171
160 186 192 186
160 187 192 187
160 213 162 223
160 245 170 247
160 248 170 250
160 324 162 334
160 370 192 370
160 396 170 398
158 399 168 401
160 496 170 498
160 499 170 501
160 502 170 504
160 574 162 584
160 653 192 653
160 654 192 654
160 655 167 658
160 704 170 706
160 752 170 754
160 755 192 755
160 757 192 757
160 786 160 818
160 905 160 937
160 938 162 948
161 96 163 106
161 318 171 320
161 321 171 323
161 346 171 348
161 357 171 359
161 360 171 362
161 484 163 494
161 513 171 515
161 562 193 562
161 573 193 573
161 698 193 698
161 756 193 756
161 759 163 769
161 786 163 796
161 797 171 799
161 800 193 800
161 801 193 801
161 802 171 804
161 805 163 815
161 816 193 816
161 817 193 817
161 818 193 818
161 827 163 837
161 838 163 848
161 851 163 861
161 905 161 937
161 954 171 956
161 961 193 961
161 971 171 973
161 976 193 976
161 977 193 977
162 49 164 59
162 172 164 182
162 188 169 190
161 192 176 193
162 243 194 243
162 244 194 244
162 266 194 266
166 267 194 267
162 267 165 274
162 276 194 276
162 283 164 293
162 363 194 363
162 364 194 364
162 377 164 386
162 427 172 429
162 517 194 517
161 518 164 525
162 530 165 537
162 538 194 538
162 603 194 603
162 676 194 676
162 677 194 677
162 693 194 693
162 694 194 694
162 730 194 730
162 744 172 746
162 747 194 747
162 748 194 748
162 881 172 883
162 890 194 890
162 891 194 891
162 905 162 937
163 0 165 10
163 11 165 21
163 126 173 128
163 129 173 131
163 132 195 132
163 133 195 133
163 144 173 146
163 166 195 166
163 213 165 223
163 324 165 334
163 549 173 551
163 559 175 560
163 574 165 584
161 721 193 721
163 870 173 872
163 873 173 875
163 877 173 879
163 905 163 937
163 938 165 948
163 980 173 982
163 984 195 984
163 985 195 985
164 96 166 106
164 149 174 151
164 207 174 209
164 406 174 408
164 409 174 411
164 412 174 414
164 484 166 494
164 506 174 508
164 509 174 511
164 563 196 563
164 592 174 594
164 639 174 641
164 643 174 645
164 646 174 648
164 738 174 740
164 759 166 769
164 786 166 796
164 805 166 815
164 827 166 837
164 838 166 848
164 851 166 860
164 864 195 864
164 865 195 865
164 905 164 937
165 46 197 46
165 49 167 59
165 60 197 60
165 76 197 76
165 115 175 117
165 118 175 120
165 172 167 182
165 283 167 293
165 307 175 309
165 310 175 312
165 313 190 313
165 314 180 315
165 377 167 386
165 444 175 446
165 481 195 481
165 518 197 518
165 519 197 519
165 520 175 522
165 523 175 525
165 569 175 571
165 619 173 621
165 622 173 624
165 663 175 665
164 861 179 862
165 905 165 937
165 996 197 996
166 0 168 10
166 11 170 16
166 17 176 19
166 20 198 20
166 21 198 21
166 213 168 223
166 258 176 260
166 261 176 263
166 268 176 270
166 271 176 273
166 274 198 274
166 277 176 279
166 294 176 296
166 297 176 299
166 324 176 326
166 327 176 329
166 330 176 332
166 333 198 333
166 334 198 334
166 451 198 451
166 452 198 452
166 460 176 462
166 472 198 472
166 530 176 532
166 533 176 535
166 536 198 536
166 537 198 537
166 545 198 545
166 574 168 584
166 626 198 626
166 631 176 633
166 634 176 636
166 708 176 710
166 711 176 713
166 724 176 726
166 732 176 734
166 749 176 751
166 781 176 783
166 784 198 784
166 785 198 785
166 905 166 937
166 938 168 948
166 962 198 962
166 963 198 963
166 965 176 967
167 82 177 84
167 86 177 88
167 89 177 91
167 96 169 106
167 135 177 137
167 212 199 212
167 373 177 375
167 388 177 390
167 391 177 393
167 420 199 420
167 421 192 421
167 484 169 494
167 527 199 527
167 566 177 568
167 596 177 598
167 759 169 769
167 786 169 796
167 805 169 815
167 827 169 837
167 838 177 840
167 841 177 843
167 844 177 846
167 847 199 847
167 848 199 848
167 851 177 853
167 854 177 856
167 857 177 859
167 860 199 860
167 900 177 902
167 905 167 937
167 951 177 953
168 22 178 24
168 49 170 59
168 154 200 154
168 162 200 162
168 172 170 182
168 228 200 228
168 235 178 237
168 241 200 241
168 254 200 254
168 255 200 255
168 256 200 256
168 257 200 257
168 283 170 293
168 304 200 304
168 306 200 306
168 353 178 355
168 377 170 386
168 586 178 588
168 589 178 591
168 608 170 618
168 655 178 657
168 658 200 658
168 668 200 668
168 669 178 671
168 672 200 672
168 673 200 673
168 770 178 772
168 774 200 774
168 775 200 775
168 779 200 779
168 905 168 937
168 960 200 960
169 0 171 10
169 62 179 64
169 66 179 68
169 77 191 77
169 79 201 79
169 93 179 95
169 107 179 109
169 110 201 110
169 111 201 111
169 112 201 112
169 196 201 196
169 200 179 202
169 213 179 215
169 216 179 218
169 219 179 221
169 222 195 222
169 223 195 223
169 336 179 338
169 399 201 399
169 400 201 400
169 401 201 401
169 436 179 438
169 439 179 441
169 455 179 457
169 458 201 458
169 459 201 459
169 464 201 464
169 465 201 465
169 473 179 475
169 476 179 478
163 480 195 480
169 556 178 558
169 574 171 583
169 650 179 652
169 697 201 697
169 701 201 701
169 819 179 821
169 822 179 824
169 905 169 937
169 938 171 948
170 96 172 106
170 188 177 191
170 352 202 352
170 365 180 367
170 417 180 419
170 466 180 468
170 484 172 494
170 539 180 541
170 542 180 544
170 688 180 690
170 691 202 691
170 692 202 692
170 695 202 695
170 716 180 718
170 731 202 731
170 759 172 769
170 786 180 788
170 789 180 791
170 792 202 792
170 793 180 795
170 796 202 796
170 805 172 815
170 827 172 837
170 866 180 868
170 869 202 869
170 892 180 894
170 895 180 897
170 904 170 936
170 937 202 937
170 990 180 992
171 11 186 12
171 13 181 15
171 16 203 16
171 33 181 35
171 39 181 41
171 49 173 59
171 138 181 140
171 158 181 160
171 163 181 165
171 168 181 170
171 172 173 182
171 183 203 183
171 245 181 247
171 248 181 250
171 251 181 253
171 283 173 293
171 300 203 300
171 301 186 302
171 377 173 386
171 395 181 397
171 398 203 398
171 402 203 402
171 403 203 403
171 496 181 498
171 499 181 501
171 502 181 504
171 528 203 528
171 608 173 618
171 630 203 630
171 662 203 662
171 704 181 706
171 752 181 754
171 758 203 758
171 904 171 936
171 959 203 959
172 0 174 10
172 32 204 32
172 318 182 320
172 321 182 323
172 346 182 348
172 349 204 349
172 350 204 350
172 357 182 359
172 360 182 362
172 422 204 422
172 423 204 423
172 453 204 453
172 454 204 454
172 471 204 471
172 513 182 515
172 574 174 583
172 601 204 601
172 602 204 602
172 797 182 799
172 802 182 804
172 903 179 906
172 907 174 917
172 918 174 928
172 929 182 931
172 932 182 934
172 935 187 936
172 938 182 940
172 941 182 943
172 944 182 946
172 947 204 947
172 948 204 948
172 954 182 956
172 971 182 973
173 96 175 106
173 226 205 226
173 227 205 227
173 305 205 305
173 425 205 425
173 427 183 429
173 432 205 432
173 435 205 435
173 484 175 494
173 629 205 629
173 685 205 685
173 686 205 686
173 699 205 699
173 700 205 700
173 727 205 727
173 729 205 729
173 744 205 744
173 745 205 745
173 759 175 769
173 805 175 815
173 827 175 837
173 881 183 883
173 887 183 889
174 49 176 59
174 126 184 128
174 129 184 131
174 143 184 145
174 146 184 148
174 152 206 152
174 153 206 153
174 172 176 182
174 198 206 198
174 199 206 199
174 275 206 275
174 283 176 293
174 377 184 379
174 380 206 380
174 381 184 383
174 384 184 386
147 387 179 387
174 479 206 479
174 549 184 551
174 552 206 552
174 606 176 616
174 617 206 617
174 618 177 624
174 627 206 627
174 720 206 720
174 825 206 825
174 826 206 826
174 870 176 880
174 964 206 964
174 980 184 982
174 983 205 983
175 0 177 10
175 149 185 151
175 204 207 204
175 207 185 209
175 335 207 335
175 340 207 340
175 345 207 345
175 406 207 406
175 407 185 409
175 410 185 412
175 413 185 415
175 447 185 449
175 506 207 506
175 507 185 509
175 510 185 512
175 547 207 547
175 574 177 583
175 592 185 594
175 639 185 641
175 643 185 645
175 646 185 648
175 738 185 740
175 746 207 746
175 907 177 917
175 918 177 928
175 968 207 968
176 43 208 43
176 44 208 44
176 47 208 47
176 73 208 73
176 74 208 74
176 75 208 75
176 96 178 106
176 115 208 115
176 116 186 118
176 119 208 119
176 120 208 120
176 141 208 141
176 142 208 142
176 155 208 155
176 156 208 156
176 205 208 205
176 234 208 234
176 307 186 309
176 310 186 312
176 444 186 446
176 482 178 492
176 493 208 493
176 494 208 494
176 520 186 522
176 523 186 525
176 529 208 529
176 559 186 561
176 569 186 571
176 600 203 600
176 663 186 665
174 666 206 666
176 679 186 681
176 684 208 684
176 759 178 769
176 805 178 815
176 827 186 829
176 830 183 833
176 835 186 837
176 850 208 850
176 997 208 997
177 17 209 17
177 18 209 18
177 19 209 19
177 49 179 59
177 172 179 182
177 192 209 192
177 193 209 193
177 258 187 260
177 261 187 263
177 268 187 270
177 271 187 273
177 277 187 279
177 280 209 280
177 281 209 281
177 283 179 293
177 294 181 299
177 324 187 326
177 327 187 329
177 330 209 330
177 331 209 331
177 332 209 332
177 343 209 343
177 460 187 462
177 530 187 532
177 533 187 535
177 546 209 546
177 548 209 548
177 606 179 616
177 631 187 633
177 634 187 636
177 687 209 687
177 708 187 710
177 711 187 713
177 714 209 714
177 724 187 726
177 732 187 734
177 749 187 751
177 781 187 783
177 870 209 870
177 871 187 873
177 874 187 876
177 877 187 879
177 880 209 880
177 965 187 967
177 988 209 988
177 989 209 989
178 0 180 10
178 82 188 84
178 86 188 88
178 89 188 91
178 92 210 92
178 135 188 137
178 188 210 188
178 189 210 189
178 190 210 190
170 224 185 225
178 303 210 303
178 368 210 368
178 369 210 369
178 373 188 375
178 388 188 390
178 391 188 393
178 463 208 463
178 566 187 568
178 574 210 574
178 575 188 577
178 578 188 580
178 581 188 583
169 584 201 584
178 596 188 598
178 604 210 604
178 618 188 620
178 621 188 623
178 624 210 624
178 719 210 719
176 728 208 728
178 742 210 742
178 743 210 743
178 838 188 840
178 841 188 843
178 844 188 846
178 851 188 853
178 854 188 856
178 857 188 859
178 900 188 902
178 907 180 917
178 918 180 928
178 950 188 952
178 953 210 953
179 22 189 24
179 26 211 26
179 27 211 27
179 31 211 31
179 85 211 85
179 96 181 106
179 191 211 191
179 229 211 229
179 230 210 230
179 235 189 237
179 238 189 240
179 242 210 242
179 353 189 355
179 356 211 356
179 482 181 492
179 553 211 553
179 554 184 558
179 586 189 588
179 589 189 591
179 655 189 657
179 667 211 667
179 669 189 671
179 674 211 674
179 722 194 723
179 759 181 769
179 770 189 772
179 776 211 776
179 777 211 777
179 805 181 815
179 834 211 834
180 49 182 59
180 61 190 63
180 64 190 66
180 67 190 69
180 93 190 95
180 107 190 109
180 172 182 182
180 185 212 185
180 200 190 202
180 213 190 215
180 216 190 218
180 219 190 221
180 283 182 293
180 336 190 338
180 387 212 387
180 436 190 438
180 439 190 441
180 455 190 457
180 473 190 475
180 476 190 478
180 526 212 526
180 605 182 615
180 616 212 616
180 650 190 652
180 715 209 715
180 819 190 821
180 822 190 824
180 861 212 861
180 862 195 863
181 0 213 0
181 1 191 3
181 4 188 7
181 8 213 8
181 9 213 9
181 10 213 10
181 134 213 134
181 265 213 265
181 282 213 282
181 314 213 314
181 315 213 315
181 351 213 351
181 365 191 367
181 417 191 419
181 424 213 424
181 466 213 466
181 467 191 469
181 470 213 470
181 539 191 541
181 542 191 544
181 688 191 690
181 716 191 718
181 786 191 788
181 790 196 791
181 793 191 795
181 866 191 868
181 892 191 894
181 895 191 897
181 903 183 913
181 914 183 924
181 925 191 927
181 928 213 928
181 949 213 949
181 990 191 992
181 993 213 993
182 13 192 15
182 33 191 35
182 39 214 39
182 40 214 40
182 70 214 70
182 71 214 71
182 96 184 106
182 122 214 122
182 123 214 123
182 138 192 140
182 158 192 160
182 163 192 165
182 168 192 170
182 245 192 247
182 248 192 250
182 251 192 253
182 294 192 296
182 297 192 299
182 395 192 397
182 482 184 492
182 495 184 505
182 659 214 659
175 661 207 661
182 704 192 706
182 707 214 707
182 752 192 754
182 759 184 769
182 789 214 789
182 805 184 815
183 41 215 41
183 45 215 45
183 49 185 59
183 124 215 124
183 172 185 182
183 283 185 293
183 318 193 320
183 321 193 323
183 346 193 348
183 357 193 359
183 360 193 362
183 450 215 450
183 513 193 515
183 516 215 516
183 599 215 599
183 605 215 605
183 606 215 606
183 607 193 609
183 610 193 612
183 613 193 615
183 735 215 735
183 797 193 799
183 802 193 804
183 929 193 931
183 932 193 934
183 938 193 940
183 941 193 943
183 944 193 946
183 954 193 956
183 957 215 957
183 958 215 958
183 970 193 972
183 973 215 973
183 974 215 974
184 194 216 194
184 195 216 195
184 372 216 372
184 426 194 428
184 429 194 431
184 696 216 696
184 881 194 883
184 884 216 884
184 885 216 885
184 887 194 889
184 903 185 918
184 919 194 921
184 922 194 924
184 975 216 975
184 998 216 998
185 72 217 72
185 96 187 106
185 126 195 128
185 129 195 131
185 143 195 145
185 146 217 146
185 147 217 147
185 148 217 148
185 161 217 161
185 203 217 203
185 377 195 379
185 381 195 383
185 384 195 386
185 482 187 492
185 495 187 505
185 550 217 550
185 551 217 551
185 554 195 556
185 557 217 557
185 558 217 558
185 675 217 675
185 759 187 769
185 778 217 778
185 805 187 815
185 830 192 833
185 980 195 982
186 49 188 59
186 149 196 151
186 172 188 182
186 206 196 208
186 209 196 211
186 225 218 225
186 283 188 293
186 407 196 409
186 410 218 410
186 411 196 413
186 414 196 416
186 447 196 449
186 507 196 509
186 510 196 512
186 585 218 585
186 592 196 594
186 595 218 595
186 639 188 649
186 738 196 740
186 741 218 741
186 886 213 886
186 903 188 913
186 914 196 916
186 917 218 917
187 11 219 11
187 12 219 12
187 48 219 48
187 116 197 118
187 184 219 184
187 232 219 232
187 233 219 233
187 301 219 301
187 302 219 302
187 307 197 309
187 310 197 312
187 316 219 316
187 317 219 317
187 404 219 404
187 405 219 405
187 444 197 446
187 520 197 522
187 523 197 525
187 559 197 561
187 564 219 564
187 565 219 565
187 569 197 571
187 572 219 572
187 625 219 625
187 660 219 660
187 663 197 665
187 678 219 678
187 679 197 681
187 682 219 682
187 683 219 683
187 827 197 829
187 835 197 837
187 979 219 979
188 96 190 106
188 258 198 260
188 261 198 263
188 264 220 264
188 268 198 270
188 271 198 273
188 277 198 279
188 324 198 326
188 327 220 327
188 328 220 328
188 329 220 329
188 344 214 344
185 371 217 371
188 460 198 462
188 482 190 492
188 495 190 505
188 530 198 532
188 533 198 535
188 549 220 549
188 631 198 633
188 634 198 636
188 637 220 637
188 638 220 638
188 702 220 702
188 703 220 703
188 708 198 710
188 711 198 713
188 724 197 726
188 732 198 734
188 736 220 736
188 737 220 737
188 749 198 751
188 759 190 769
188 781 198 783
188 805 190 815
188 871 198 873
188 874 198 876
188 877 198 879
188 935 220 935
188 936 220 936
188 965 198 967
188 969 220 969
188 986 220 986
188 987 220 987
188 999 220 999
189 4 196 7
189 25 221 25
189 49 191 59
189 82 221 82
189 83 221 83
189 84 221 84
189 86 199 88
189 89 199 91
189 135 199 137
189 172 191 181
189 283 191 293
189 373 199 375
189 388 199 390
189 391 199 393
189 394 221 394
189 434 221 434
188 566 198 568
189 575 199 577
189 578 199 580
189 581 199 583
189 596 199 598
189 618 199 620
189 621 199 623
189 639 191 649
189 838 199 840
189 841 199 843
189 844 199 846
189 851 199 853
189 854 199 856
189 857 199 859
189 900 191 910
189 911 199 913
189 950 199 952
190 22 200 24
190 28 222 28
190 29 222 29
190 80 222 80
190 81 222 81
190 197 222 197
190 235 200 237
190 238 200 240
190 353 200 355
190 586 200 588
190 589 200 591
190 655 200 657
190 669 222 669
190 670 205 671
190 770 200 772
190 773 222 773
190 780 222 780
190 978 222 978
191 30 223 30
191 37 223 37
191 38 223 38
191 61 201 63
191 64 201 66
191 67 201 69
191 93 193 103
191 104 201 106
191 107 201 109
191 113 223 113
191 114 223 114
191 200 201 202
191 213 201 215
191 216 201 218
191 219 201 221
191 231 223 231
191 336 201 338
191 339 223 339
191 341 223 341
191 342 214 342
191 376 223 376
191 436 201 438
191 439 201 441
191 442 223 442
191 443 223 443
191 455 201 457
191 473 201 475
191 476 201 478
191 482 193 492
191 495 193 505
191 650 201 652
191 759 193 769
191 805 193 815
191 819 201 821
191 822 201 824
191 849 223 849
192 1 202 3
192 33 199 36
192 49 194 59
192 77 207 78
192 125 224 125
192 172 202 174
192 175 202 177
192 178 202 180
192 181 224 181
189 182 221 182
192 283 194 293
192 365 202 367
192 417 202 419
192 433 224 433
192 467 202 469
192 539 202 541
192 542 202 544
192 628 224 628
192 639 194 649
192 688 202 690
192 716 202 718
192 786 202 788
192 793 202 795
192 866 202 868
192 892 194 902
192 903 202 905
192 906 202 908
192 909 223 909
192 910 223 910
192 925 202 927
192 990 202 992
192 994 224 994
192 995 224 995
193 13 203 15
193 121 225 121
193 138 203 140
193 157 203 159
193 160 225 160
193 163 203 165
193 167 225 167
193 168 203 170
193 171 225 171
193 186 225 186
193 187 225 187
193 245 203 247
193 248 203 250
193 251 203 253
193 294 203 296
193 297 203 299
193 370 224 370
193 395 203 397
193 653 225 653
193 654 225 654
193 704 203 706
193 752 203 754
193 755 225 755
193 757 225 757
193 830 203 832
193 833 225 833
194 93 196 103
194 318 204 320
194 321 204 323
194 346 204 348
194 357 204 359
194 360 204 362
194 482 204 484
194 485 204 487
194 488 204 490
194 491 226 491
194 492 226 492
194 495 196 505
194 513 204 515
194 562 226 562
194 573 219 573
194 607 204 609
194 610 204 612
194 613 204 615
194 698 226 698
194 721 225 721
194 759 204 761
194 762 226 762
194 763 204 765
194 766 204 768
194 769 226 769
194 797 196 807
194 808 196 818
194 929 204 931
194 932 204 934
194 938 204 940
194 941 226 941
194 942 204 944
194 945 226 945
194 946 226 946
194 954 204 956
194 961 226 961
194 970 204 972
194 976 226 976
194 977 226 977
195 42 227 42
195 49 197 59
195 243 210 244
195 266 227 266
195 267 227 267
195 276 227 276
195 283 197 293
195 363 227 363
195 364 227 364
195 426 205 428
195 429 205 431
195 517 227 517
195 538 227 538
195 603 227 603
195 639 197 649
195 676 227 676
195 677 227 677
195 693 227 693
195 694 227 694
195 730 227 730
195 747 227 747
195 748 227 748
195 881 205 883
195 887 197 897
195 898 205 900
195 901 227 901
195 902 227 902
195 918 199 923
195 924 227 924
196 126 206 128
196 129 206 131
196 132 228 132
196 133 228 133
196 143 206 145
196 166 228 166
196 222 206 224
196 377 206 379
196 381 206 383
196 384 206 386
196 480 211 481
196 554 206 556
196 862 228 862
196 863 206 865
196 980 205 982
196 984 228 984
196 985 228 985
197 4 207 6
197 93 199 103
197 149 207 151
197 206 207 208
197 210 229 210
197 211 229 211
197 407 207 409
197 411 207 413
197 414 224 414
197 415 224 415
197 416 229 416
197 447 207 449
197 495 199 505
197 507 207 509
197 510 207 512
197 563 229 563
197 592 207 594
197 738 229 738
197 739 229 739
197 740 229 740
197 797 199 807
197 808 199 818
197 914 207 916
198 46 230 46
198 49 200 59
198 60 230 60
198 76 230 76
198 116 208 118
198 209 230 209
198 283 200 293
198 307 208 309
198 310 208 312
191 313 223 313
198 444 208 446
198 518 208 520
198 521 208 523
198 524 230 524
198 525 230 525
198 559 208 561
198 569 208 571
198 639 200 649
198 663 208 665
198 679 208 681
198 722 203 726
198 756 230 756
198 827 208 829
198 835 208 837
198 887 208 889
198 890 208 892
198 893 208 895
198 896 230 896
198 897 230 897
198 996 230 996
199 7 231 7
199 20 231 20
199 21 231 21
199 258 209 260
199 261 209 263
199 268 209 270
199 271 209 273
199 274 231 274
199 277 209 279
199 324 209 326
199 333 231 333
199 334 231 334
199 451 231 451
199 452 231 452
199 460 209 462
199 472 231 472
199 530 209 532
199 533 209 535
199 536 231 536
199 537 231 537
199 545 231 545
199 567 231 567
199 568 231 568
199 626 231 626
199 631 209 633
199 634 209 636
199 708 209 710
199 711 209 713
199 732 209 734
199 749 209 751
199 781 209 783
199 784 231 784
199 785 231 785
199 791 231 791
199 871 231 871
199 872 231 872
199 873 209 875
199 876 209 878
199 879 231 879
199 962 231 962
199 963 231 963
199 965 209 967
200 33 210 35
200 36 232 36
200 86 210 88
200 89 210 91
200 93 202 103
200 135 210 137
200 212 232 212
200 373 210 375
200 388 210 390
200 391 210 393
200 420 232 420
193 421 225 421
200 495 202 505
200 527 232 527
200 575 210 577
200 578 210 580
200 581 210 583
200 596 210 598
200 618 210 620
200 621 210 623
200 797 202 807
200 808 202 818
200 838 202 848
200 851 210 853
200 854 210 856
200 857 210 859
200 860 232 860
200 911 210 913
200 918 210 920
200 921 210 923
200 950 210 952
201 22 211 24
201 49 203 59
201 154 233 154
201 162 233 162
201 228 233 228
201 235 211 237
201 238 211 240
201 241 233 241
201 254 211 256
201 257 233 257
201 283 203 293
201 304 233 304
201 306 233 306
201 353 211 355
201 586 211 588
201 589 211 591
201 639 203 649
201 655 211 657
201 658 233 658
201 668 233 668
201 672 233 672
201 673 228 673
201 770 211 772
201 774 224 774
201 775 233 775
201 779 233 779
201 960 233 960
202 61 212 63
202 64 212 66
202 67 212 69
202 79 234 79
202 104 212 106
202 107 212 109
202 110 212 112
202 196 234 196
202 200 212 202
202 213 212 215
202 216 212 218
202 219 234 219
202 220 234 220
202 221 234 221
202 336 212 338
202 399 212 401
202 436 212 438
202 439 212 441
202 455 212 457
202 458 234 458
202 459 234 459
202 464 234 464
202 465 234 465
202 473 212 475
202 476 212 478
202 584 234 584
202 650 212 652
202 697 234 697
202 701 234 701
202 790 234 790
202 819 212 821
202 822 212 824
203 1 210 3
203 93 205 103
203 172 213 174
203 175 213 177
203 178 213 180
203 352 235 352
203 365 213 367
203 417 213 419
203 467 213 469
203 495 205 505
203 539 213 541
203 542 213 544
203 688 213 690
203 691 235 691
203 692 235 692
203 695 235 695
203 716 235 716
203 717 235 717
203 718 235 718
203 731 235 731
203 786 213 788
203 792 205 802
203 803 205 813
203 814 213 816
203 817 235 817
203 818 235 818
203 838 205 848
203 866 213 868
203 869 235 869
203 903 213 905
203 906 213 908
203 925 213 927
203 937 235 937
203 990 213 992
204 13 214 15
204 16 236 16
204 49 206 59
204 138 214 140
204 157 214 159
204 163 236 163
204 165 236 165
204 168 214 170
204 183 236 183
204 245 214 247
204 248 214 250
204 251 214 253
204 283 206 293
204 294 214 296
204 297 214 299
204 300 236 300
204 395 236 395
204 396 214 398
204 402 236 402
204 403 236 403
204 528 236 528
204 566 236 566
204 630 236 630
204 639 206 649
204 662 236 662
204 704 236 704
204 705 236 705
204 722 214 724
204 725 236 725
204 726 236 726
204 752 214 754
204 758 236 758
204 830 214 832
204 959 236 959
205 32 237 32
205 318 237 318
205 319 220 320
205 321 215 323
205 346 215 348
205 349 237 349
205 350 237 350
205 357 215 358
205 359 215 361
205 362 237 362
205 422 237 422
205 423 237 423
205 453 237 453
205 454 232 454
205 471 237 471
205 482 215 484
205 485 215 487
205 488 215 490
205 513 215 515
205 601 237 601
205 602 237 602
205 607 215 609
205 610 215 612
205 613 215 615
205 759 237 759
205 760 237 760
205 761 237 761
205 763 215 765
205 766 215 768
205 929 215 931
205 932 215 934
205 938 215 940
205 942 215 944
205 947 237 947
205 948 237 948
205 954 215 956
205 970 237 970
205 971 237 971
205 972 237 972
206 93 208 103
206 226 238 226
206 227 238 227
206 305 238 305
206 425 216 427
206 428 216 430
206 431 238 431
206 432 238 432
206 435 238 435
206 495 208 505
206 629 238 629
206 671 238 671
206 685 238 685
206 686 238 686
206 699 221 700
206 727 238 727
206 729 238 729
206 744 238 744
206 745 238 745
206 792 208 802
206 803 208 813
206 838 208 848
206 881 216 883
206 898 216 900
207 49 209 59
207 126 217 128
207 129 217 131
207 143 217 145
207 152 239 152
207 153 239 153
207 198 239 198
207 199 239 199
207 222 217 224
207 275 239 275
207 283 209 293
207 377 217 379
207 380 217 382
207 383 217 385
207 386 239 386
207 479 239 479
207 552 239 552
207 554 217 556
207 617 239 617
207 627 239 627
207 639 209 649
207 666 239 666
207 720 239 720
207 825 239 825
207 826 239 826
207 863 217 865
207 964 239 964
206 980 213 983
208 4 218 6
208 77 240 77
208 78 240 78
208 149 218 151
208 204 240 204
208 206 218 208
208 335 240 335
208 340 240 340
208 345 240 345
208 406 218 408
208 409 240 409
208 411 218 413
208 447 218 449
208 506 218 508
208 509 218 511
208 512 240 512
208 547 240 547
208 592 218 594
208 661 240 661
208 746 240 746
208 914 218 916
208 968 240 968
209 43 241 43
209 44 241 44
209 47 241 47
209 73 219 75
209 93 211 103
209 115 219 117
209 118 219 120
209 141 241 141
209 142 241 142
209 155 241 155
209 156 241 156
209 205 241 205
209 234 241 234
209 307 219 309
209 310 219 312
209 444 219 446
209 493 211 503
209 504 241 504
209 505 241 505
209 518 219 520
209 521 219 523
209 529 241 529
209 559 219 561
209 569 219 571
204 600 236 600
209 663 219 665
209 679 219 681
209 684 241 684
209 706 241 706
209 728 241 728
209 792 211 802
209 803 211 813
209 827 219 829
209 835 211 845
209 846 219 848
209 850 241 850
209 888 219 890
209 891 219 893
209 894 241 894
209 895 241 895
209 997 241 997
210 17 220 19
210 49 212 59
210 192 225 193
210 258 220 260
210 261 220 263
210 268 220 270
210 271 220 273
210 277 220 279
210 280 225 281
210 283 212 293
210 324 220 326
210 330 220 332
210 460 219 462
210 530 220 532
210 533 220 535
210 546 242 546
210 548 242 548
210 631 220 633
210 634 220 636
210 639 212 649
210 687 242 687
210 708 220 710
210 711 220 713
210 714 242 714
210 732 220 734
210 749 220 751
210 781 220 783
210 870 242 870
210 873 220 875
210 876 220 878
210 880 242 880
210 965 220 967
210 988 242 988
210 989 242 989
211 33 221 35
211 86 221 88
211 89 221 91
211 92 243 92
211 135 221 137
211 164 243 164
211 188 221 190
211 242 221 244
211 303 243 303
211 368 243 368
211 369 243 369
211 373 221 375
211 388 221 390
211 391 221 393
209 463 241 463
211 574 221 576
211 577 221 579
211 580 221 582
211 583 243 583
211 596 221 598
211 604 243 604
211 618 243 618
211 619 221 621
211 622 221 624
211 719 243 719
211 742 243 742
211 743 243 743
211 851 221 853
211 854 221 856
211 857 221 859
211 911 221 913
211 918 221 920
211 921 221 923
211 950 221 952
211 953 243 953
212 22 222 24
212 26 244 26
212 27 244 27
212 31 244 31
212 85 244 85
212 93 222 95
212 96 222 98
212 99 222 101
212 102 244 102
212 103 244 103
212 191 244 191
212 229 244 229
211 230 243 230
212 235 222 237
212 238 222 240
212 254 222 256
212 353 222 355
212 356 244 356
212 480 227 481
212 493 214 503
212 553 244 553
212 586 222 588
212 589 222 591
212 655 222 657
212 667 244 667
212 674 244 674
212 770 222 772
212 776 244 776
212 777 244 777
212 792 214 802
212 803 214 813
212 834 214 844
212 845 244 845
213 49 215 59
213 61 223 63
213 64 223 66
213 67 223 69
213 104 245 104
213 105 216 112
213 185 242 185
213 200 223 202
213 213 223 215
213 216 223 218
213 283 215 293
213 336 223 338
213 387 245 387
213 399 223 401
213 436 223 438
213 439 223 441
213 455 228 456
213 457 245 457
213 473 223 475
213 476 223 478
213 526 245 526
213 616 245 616
213 639 215 649
213 650 223 652
210 715 242 715
213 819 223 821
213 822 223 824
213 861 245 861
214 0 246 0
222 1 246 1
222 2 246 2
211 1 221 3
214 8 224 10
214 134 243 134
214 172 224 174
214 175 224 177
214 178 224 180
214 265 246 265
214 282 246 282
214 314 246 314
214 315 246 315
214 351 246 351
214 365 224 367
214 417 224 419
214 424 246 424
214 466 224 468
214 469 246 469
214 470 246 470
214 539 224 541
214 542 224 544
214 688 224 690
214 786 246 786
214 787 246 787
214 788 246 788
214 814 224 816
214 866 224 868
214 886 229 887
214 903 224 905
214 906 224 908
214 925 224 927
214 928 246 928
214 949 246 949
214 980 246 980
214 981 224 983
214 990 224 992
214 993 246 993
215 13 225 15
215 39 247 39
215 70 247 70
215 71 247 71
215 122 247 122
215 123 247 123
215 138 225 140
215 157 225 159
215 168 225 170
215 245 225 247
215 248 225 250
215 251 225 253
215 294 225 296
215 297 225 299
215 342 225 344
215 396 225 398
215 493 217 503
215 659 247 659
215 707 247 707
215 722 225 724
215 752 247 752
215 754 247 754
215 789 247 789
215 792 217 802
215 803 217 813
215 830 225 832
215 834 217 844
216 41 248 41
216 45 248 45
216 49 218 59
216 124 248 124
216 283 218 293
216 321 248 321
216 322 248 322
216 323 248 323
216 346 226 348
216 357 226 359
216 360 248 360
216 361 248 361
216 450 248 450
216 482 226 484
216 485 226 487
216 488 226 490
216 513 248 513
216 514 226 516
216 599 248 599
216 605 218 615
216 639 218 649
216 735 248 735
216 763 226 765
216 766 226 768
216 929 226 931
216 932 226 934
216 938 226 940
216 942 226 944
216 954 226 956
216 957 248 957
216 958 248 958
216 973 248 973
216 974 248 974
217 105 227 107
217 108 227 110
217 111 249 111
217 112 249 112
217 194 249 194
217 195 249 195
217 372 249 372
217 425 227 427
217 428 227 430
217 696 249 696
217 753 249 753
217 881 227 883
217 884 249 884
217 885 249 885
217 898 227 900
217 975 249 975
217 998 249 998
218 72 250 72
218 126 228 128
218 129 228 131
218 143 250 143
218 144 228 146
218 147 250 147
218 148 250 148
218 161 250 161
218 203 250 203
218 222 228 224
218 371 250 371
218 377 228 379
218 380 228 382
218 383 228 385
218 493 220 503
218 550 250 550
218 551 250 551
218 554 228 556
218 557 250 557
218 558 250 558
218 675 250 675
218 778 250 778
218 792 220 802
218 803 220 813
218 834 220 844
218 863 228 865
219 4 226 6
219 49 221 59
219 149 229 151
219 206 229 208
219 225 251 225
219 283 221 293
219 406 229 408
219 410 229 412
219 447 229 449
219 506 229 508
219 509 229 511
219 585 251 585
219 592 229 594
219 595 251 595
219 605 221 615
219 639 221 649
219 741 251 741
219 914 229 916
219 917 248 917
220 11 252 11
220 12 252 12
220 48 252 48
220 73 230 75
220 115 230 117
220 118 230 120
220 184 242 184
220 232 252 232
220 233 252 233
220 301 252 301
220 302 252 302
220 307 230 309
220 310 230 312
220 316 252 316
220 317 252 317
220 404 252 404
220 405 252 405
220 444 230 446
220 518 230 520
220 521 230 523
220 559 230 561
220 564 252 564
220 565 252 565
220 569 230 571
220 572 235 573
220 625 252 625
220 660 252 660
220 663 230 665
220 678 230 680
220 681 230 683
220 827 230 829
220 846 230 848
220 888 230 890
220 891 230 893
220 979 252 979
221 17 231 19
221 258 231 260
221 261 231 263
221 264 253 264
221 268 231 270
221 271 231 273
221 277 231 279
221 319 253 319
221 320 253 320
221 324 228 327
221 328 228 331
221 332 253 332
220 460 230 462
221 493 223 503
221 530 231 532
221 533 231 535
221 549 253 549
221 631 253 631
221 632 228 635
221 636 231 638
221 702 253 702
221 703 253 703
221 708 231 710
221 711 231 713
221 732 231 734
221 736 236 737
221 749 231 751
221 781 231 783
221 792 223 802
221 803 223 813
221 834 223 844
221 873 231 875
221 876 231 878
221 935 253 935
221 936 253 936
221 965 231 967
221 969 253 969
221 986 253 986
221 987 253 987
221 999 253 999
222 25 254 25
222 33 232 35
222 49 224 59
222 82 232 84
222 86 232 88
222 89 232 91
222 135 232 137
222 182 254 182
222 188 232 190
222 242 232 244
222 283 224 293
222 373 232 375
222 388 232 390
222 391 232 393
222 394 254 394
222 434 254 434
222 574 232 576
222 577 232 579
222 580 232 582
222 596 232 598
222 605 224 615
222 619 232 621
222 622 232 624
222 639 224 649
222 699 254 699
222 700 254 700
222 851 232 853
222 854 232 856
222 857 232 859
222 911 232 913
222 918 229 921
222 922 254 922
222 923 254 923
222 950 232 952
223 22 233 24
223 28 255 28
223 29 255 29
223 80 255 80
223 81 255 81
223 93 233 95
223 96 233 98
223 99 233 101
223 197 255 197
223 235 233 237
223 238 233 240
223 254 233 256
223 353 233 355
223 586 233 588
223 589 233 591
223 655 233 657
223 669 255 669
223 770 233 772
223 780 255 780
223 978 255 978
224 30 256 30
224 37 256 37
224 38 256 38
224 61 234 63
224 64 234 66
224 67 234 69
224 113 256 113
224 114 256 114
224 200 234 202
224 213 234 215
224 216 234 218
224 336 234 338
224 339 256 339
224 341 256 341
224 376 256 376
224 399 256 399
224 400 256 400
224 401 256 401
224 436 256 436
224 437 234 439
224 440 234 442
224 443 256 443
224 473 234 475
224 476 234 478
224 493 226 503
224 650 234 652
224 792 226 802
224 803 226 813
224 819 234 821
224 822 234 824
224 834 226 844
224 849 256 849
225 8 257 8
225 9 257 9
225 10 257 10
225 49 227 59
225 125 257 125
225 172 235 174
225 175 235 177
225 178 235 180
225 181 256 181
225 283 227 293
225 313 257 313
225 365 235 367
225 413 235 415
225 417 235 419
225 433 257 433
225 466 234 468
225 539 235 541
225 542 235 544
225 605 227 615
225 628 257 628
225 639 227 649
225 670 257 670
225 688 257 688
225 689 257 689
225 690 257 690
225 773 240 774
225 814 235 816
225 866 235 868
225 903 235 905
225 906 235 908
236 909 257 909
224 909 235 910
225 925 235 927
225 981 235 983
225 990 235 992
225 994 254 994
225 995 257 995
226 13 236 15
226 40 258 40
226 121 258 121
226 138 236 140
226 157 236 159
226 160 258 160
226 167 236 169
226 170 256 170
226 171 256 171
226 186 258 186
226 187 258 187
226 192 258 192
226 193 258 193
226 245 236 247
226 248 236 250
226 251 236 253
226 280 258 280
226 281 258 281
226 294 236 296
226 297 236 299
226 342 258 342
226 343 258 343
226 344 258 344
225 370 257 370
226 396 236 398
226 421 258 421
226 653 258 653
226 654 258 654
235 722 258 722
226 721 234 723
226 724 258 724
226 755 257 755
226 757 258 757
226 830 236 832
226 833 258 833
227 3 234 6
227 346 237 348
227 357 237 359
227 482 229 492
227 493 229 503
227 514 237 516
227 562 259 562
227 698 259 698
227 762 237 764
227 765 237 767
227 768 259 768
227 769 259 769
227 792 229 802
227 803 229 813
227 834 229 844
227 929 237 931
227 932 237 934
227 938 237 940
227 941 237 943
227 944 237 946
227 954 237 956
227 961 259 961
227 976 259 976
227 977 259 977
228 42 260 42
228 49 230 59
228 105 238 107
228 108 238 110
228 231 260 231
228 266 260 266
228 267 260 267
228 276 260 276
228 283 230 293
228 363 260 363
228 364 260 364
228 425 238 427
228 428 238 430
228 480 260 480
228 481 260 481
228 517 260 517
228 538 258 538
228 603 260 603
228 605 230 615
228 639 230 649
228 676 260 676
228 677 260 677
228 693 260 693
228 694 260 694
228 730 260 730
228 747 256 747
228 748 260 748
228 881 238 883
228 898 238 900
228 901 260 901
228 902 260 902
228 924 260 924
229 126 239 128
229 129 239 131
229 132 261 132
229 133 261 133
229 144 239 146
229 166 261 166
229 222 239 224
229 324 239 326
229 327 239 329
229 330 261 330
229 331 253 331
229 377 239 379
229 380 239 382
229 383 239 385
229 554 239 556
229 632 239 634
229 635 261 635
229 862 239 864
229 865 261 865
229 984 261 984
229 985 261 985
230 149 240 151
230 206 237 208
230 210 262 210
230 211 262 211
230 406 240 408
230 410 240 412
230 416 262 416
230 447 240 449
230 482 232 492
230 493 232 503
230 506 240 508
230 509 240 511
230 563 262 563
230 592 240 594
230 738 240 740
230 792 232 802
230 803 232 813
230 834 232 844
230 886 262 886
230 887 262 887
230 914 240 916
230 918 240 920
230 921 255 921
231 46 263 46
231 49 233 59
231 60 263 60
231 73 241 75
231 76 263 76
231 115 241 117
231 118 241 120
231 283 233 293
231 307 241 309
231 310 241 312
231 444 241 446
231 460 241 462
231 518 241 520
231 521 241 523
231 524 263 524
231 525 263 525
231 559 241 561
231 569 241 571
231 605 233 615
231 639 233 649
231 663 241 665
231 678 238 681
231 682 263 682
231 683 263 683
231 756 263 756
231 827 241 829
231 846 241 848
231 888 241 890
231 891 241 893
231 896 263 896
231 897 263 897
231 996 263 996
232 7 264 7
232 17 242 19
232 20 247 21
232 258 242 260
232 261 263 261
232 263 264 263
232 268 242 270
232 271 242 273
232 274 264 274
232 277 242 279
232 333 264 333
232 334 264 334
232 451 264 451
232 452 264 452
232 472 264 472
232 530 242 532
232 533 242 535
232 536 264 536
232 537 264 537
232 545 264 545
232 567 264 567
232 568 264 568
232 626 264 626
232 636 242 638
232 708 264 708
232 709 242 711
232 712 264 712
232 713 264 713
232 732 242 734
232 749 242 751
232 781 242 783
232 784 264 784
232 785 264 785
232 791 264 791
232 871 242 873
232 874 242 876
232 877 242 879
232 962 247 963
232 965 242 967
233 33 243 35
233 36 265 36
233 82 243 84
233 86 243 88
233 89 243 91
233 135 248 136
233 137 265 137
233 188 243 190
233 212 265 212
233 242 243 244
233 373 243 375
233 388 243 390
233 391 243 393
233 420 265 420
233 454 243 456
233 482 235 492
233 493 235 503
233 527 265 527
233 574 243 576
233 577 243 579
233 580 243 582
233 596 243 598
233 619 243 621
233 622 243 624
233 792 235 802
233 803 235 813
233 834 235 844
233 851 243 853
233 854 243 856
233 857 243 859
233 860 265 860
233 911 243 913
233 950 243 952
234 22 244 24
234 49 236 59
234 93 244 95
234 96 244 98
234 99 244 101
234 154 266 154
234 162 266 162
234 228 266 228
234 235 244 237
234 238 244 240
234 241 266 241
234 254 244 256
234 257 266 257
234 283 236 293
234 304 266 304
234 306 266 306
234 353 244 355
234 586 244 588
234 589 244 591
234 605 236 615
234 639 236 649
234 655 244 657
234 658 266 658
234 668 266 668
234 672 266 672
229 673 261 673
234 770 244 772
234 775 266 775
234 779 266 779
234 960 266 960
235 3 245 5
235 6 267 6
235 61 245 63
235 64 245 66
235 67 267 67
235 68 267 68
235 69 267 69
235 79 267 79
235 196 267 196
235 200 245 202
235 213 245 215
235 216 250 217
235 218 267 218
235 219 267 219
235 221 267 221
235 336 245 338
235 437 245 439
235 440 245 442
235 458 267 458
235 459 267 459
235 464 267 464
243 465 267 465
235 473 245 475
235 476 245 478
235 584 267 584
235 650 245 652
235 697 267 697
235 701 267 701
235 721 267 721
235 723 267 723
235 790 267 790
235 819 245 821
235 822 245 824
236 172 246 174
236 175 246 177
236 178 246 180
236 352 267 352
236 365 246 367
236 413 246 415
236 417 246 419
243 466 267 466
243 467 268 467
235 465 242 468
236 482 238 492
236 493 238 503
236 539 268 539
236 540 246 542
236 543 268 543
236 544 268 544
236 572 251 573
236 691 268 691
236 692 268 692
236 695 268 695
236 716 246 718
236 731 268 731
236 792 238 802
236 803 238 813
236 814 246 816
236 817 268 817
236 818 268 818
236 834 238 844
236 866 246 868
236 869 268 869
236 903 246 905
236 906 246 908
236 925 246 927
236 937 268 937
236 981 246 983
236 990 246 992
237 13 247 15
237 16 269 16
237 49 239 59
237 138 247 140
237 157 247 159
237 163 269 163
237 165 263 165
237 167 247 169
237 245 247 247
237 248 247 250
237 251 247 253
237 283 239 293
237 294 247 296
237 297 247 299
237 300 269 300
237 395 247 397
237 398 269 398
237 402 269 402
237 403 269 403
237 528 269 528
237 566 269 566
237 600 269 600
237 605 239 615
237 630 269 630
237 639 239 649
237 662 269 662
237 704 269 704
237 705 269 705
237 725 269 725
237 726 269 726
237 736 269 736
237 737 269 737
237 758 267 758
237 830 252 831
237 832 269 832
237 959 269 959
238 32 270 32
238 206 245 209
238 220 270 220
238 318 270 318
238 346 248 348
238 349 270 349
238 350 270 350
238 357 248 359
238 362 270 362
238 422 270 422
238 423 270 423
238 453 270 453
238 471 270 471
238 514 248 516
238 601 270 601
238 602 270 602
238 759 248 761
238 762 248 764
238 765 248 767
238 929 248 931
238 932 248 934
238 938 240 948
238 954 248 956
238 970 248 972
239 105 249 107
239 108 249 110
239 226 271 226
239 227 271 227
239 305 271 305
239 425 249 427
239 428 271 428
239 429 249 431
239 432 271 432
239 435 271 435
239 482 241 492
239 493 241 503
239 629 271 629
239 671 271 671
239 678 249 680
239 685 271 685
239 686 271 686
239 727 269 727
239 729 271 729
239 744 271 744
239 745 271 745
239 792 241 802
239 803 241 813
239 834 241 844
239 881 249 883
239 898 249 900
239 910 271 910
240 49 242 59
240 126 250 128
240 129 250 131
240 144 250 146
240 152 272 152
240 153 272 153
240 198 272 198
240 199 272 199
240 222 250 224
240 275 272 275
240 283 242 293
240 324 250 326
240 327 250 329
240 377 250 379
240 380 250 382
240 383 272 383
240 384 272 384
240 385 272 385
240 386 272 386
240 479 272 479
240 552 272 552
240 554 250 556
240 605 242 615
240 617 272 617
240 627 272 627
240 632 250 634
240 639 242 649
240 666 272 666
240 720 272 720
240 825 272 825
240 826 272 826
240 862 250 864
240 964 272 964
241 77 273 77
241 78 273 78
241 149 251 151
241 204 273 204
241 340 273 340
241 345 273 345
241 406 251 408
241 409 251 411
241 412 273 412
241 447 251 449
241 506 251 508
241 509 251 511
241 512 273 512
241 547 273 547
241 592 251 594
241 661 269 661
241 738 251 740
241 746 273 746
241 774 273 774
241 914 251 916
241 918 248 920
241 938 243 948
241 968 273 968
242 43 274 43
242 44 274 44
242 47 274 47
242 73 252 75
242 115 252 117
242 118 252 120
242 141 274 141
242 142 274 142
242 155 274 155
242 156 274 156
242 205 274 205
242 234 274 234
242 307 252 309
242 310 252 312
242 444 274 444
242 445 274 445
242 446 274 446
242 460 252 462
242 463 274 463
242 482 244 492
242 493 244 503
242 504 274 504
242 505 274 505
242 518 252 520
242 521 252 523
242 529 274 529
242 559 252 561
242 569 252 571
242 663 252 665
242 684 274 684
242 706 273 706
242 728 274 728
242 792 244 802
242 803 244 813
242 827 252 829
242 834 244 844
242 846 252 848
242 850 274 850
242 888 252 890
242 891 252 893
242 894 274 894
242 895 274 895
242 997 274 997
243 17 253 19
243 49 245 59
243 183 253 185
243 258 253 260
243 268 253 270
243 271 253 273
243 277 253 279
243 283 245 293
243 335 275 335
243 468 275 468
243 530 253 532
243 533 253 535
243 546 273 546
243 548 273 548
243 605 245 615
243 636 245 646
243 647 253 649
243 687 275 687
243 709 253 711
243 714 275 714
243 715 275 715
243 732 253 734
243 749 253 751
243 773 275 773
243 781 253 783
243 870 245 880
243 965 253 967
243 988 275 988
243 989 275 989
244 33 254 35
244 82 254 84
244 86 254 88
244 89 254 91
244 92 276 92
244 164 276 164
244 188 254 190
244 230 276 230
244 242 254 244
244 303 276 303
244 368 276 368
244 369 276 369
244 373 254 375
244 388 254 390
244 391 254 393
244 454 254 456
244 574 254 576
244 577 254 579
244 580 254 582
244 583 276 583
244 596 254 598
244 604 275 604
244 618 254 620
244 621 254 623
244 624 276 624
244 681 276 681
244 719 276 719
244 742 276 742
244 851 254 853
244 854 254 856
244 857 254 859
244 911 254 913
244 938 246 948
244 950 254 952
244 953 276 953
245 22 255 24
245 26 277 26
245 27 277 27
245 31 277 31
245 85 277 85
245 93 247 103
245 229 277 229
245 235 255 237
245 238 255 240
245 254 255 256
245 353 255 355
245 356 277 356
245 482 247 492
245 493 247 503
245 553 277 553
245 586 255 588
245 589 255 591
245 655 255 657
245 667 277 667
245 674 277 674
245 770 255 772
245 776 277 776
245 777 277 777
245 792 247 802
245 803 247 813
245 834 247 844
245 845 277 845
246 3 256 5
246 49 248 59
246 61 256 63
246 64 278 64
246 65 261 66
246 104 278 104
246 200 256 202
246 206 256 208
246 213 256 215
246 283 248 293
246 336 256 338
246 387 278 387
246 437 256 439
246 440 256 442
246 457 278 457
246 473 256 475
246 476 256 478
246 526 278 526
246 605 248 615
246 616 278 616
246 636 248 646
246 650 256 652
246 819 256 821
246 822 256 824
246 861 278 861
246 870 248 880
247 0 257 2
244 134 276 134
247 172 256 174
247 175 256 177
247 178 256 180
247 191 279 191
247 265 279 265
247 282 279 282
247 314 279 314
247 315 279 315
247 351 279 351
247 365 257 367
247 413 257 415
247 417 257 419
247 424 277 424
247 469 279 469
247 470 279 470
247 540 257 542
247 716 257 718
247 786 257 788
247 814 257 816
247 866 257 868
247 903 279 903
247 904 279 904
247 905 257 907
247 908 279 908
247 925 257 927
247 928 279 928
247 938 249 948
247 949 279 949
247 980 257 982
247 983 279 983
247 990 257 992
248 13 256 15
248 20 280 20
248 21 280 21
248 39 278 39
248 70 280 70
248 71 280 71
248 93 250 103
248 122 280 122
248 123 280 123
248 138 258 140
248 157 258 159
248 167 256 169
248 245 258 247
248 248 258 250
248 251 258 253
248 294 258 296
248 297 258 299
248 395 258 397
248 482 250 492
248 493 250 503
248 659 280 659
248 707 280 707
248 752 280 752
248 754 280 754
248 789 280 789
248 792 250 802
248 803 250 813
248 834 250 844
248 962 280 962
248 963 280 963
249 41 281 41
249 45 281 45
249 49 251 59
249 124 277 124
249 135 281 135
249 136 281 136
249 283 251 293
249 321 259 323
249 346 259 348
249 357 259 359
249 360 281 360
249 361 281 361
249 450 281 450
249 513 259 515
249 516 281 516
249 599 281 599
249 605 251 615
249 636 251 646
249 735 281 735
249 759 259 761
249 762 259 764
249 765 259 767
249 870 251 880
249 929 259 931
249 932 259 934
249 954 259 956
249 957 281 957
249 958 281 958
249 970 259 972
249 973 281 973
249 974 281 974
250 105 260 107
250 108 260 110
250 111 282 111
250 112 282 112
250 194 282 194
250 195 282 195
250 372 282 372
250 425 260 427
250 429 260 431
250 678 260 680
250 696 282 696
250 753 282 753
250 881 260 883
250 884 279 884
250 885 279 885
250 898 260 900
250 938 252 948
250 975 282 975
250 998 282 998
251 72 283 72
251 93 283 93
251 94 261 96
251 97 261 99
251 100 261 102
251 103 283 103
251 126 261 128
251 129 261 131
251 143 261 145
251 146 261 148
251 161 283 161
251 203 283 203
251 216 283 216
251 217 283 217
251 222 261 224
251 324 261 326
251 327 261 329
251 371 283 371
251 377 261 379
251 380 261 382
251 482 253 492
251 493 253 503
251 550 283 550
251 551 283 551
251 554 261 556
251 557 283 557
251 558 283 558
251 632 261 634
251 675 280 675
251 778 283 778
251 792 253 802
251 803 253 813
251 834 253 844
251 862 261 864
252 49 254 59
252 149 262 151
252 225 284 225
252 283 254 293
252 406 262 408
252 409 262 411
252 447 262 449
252 506 262 508
252 509 262 511
252 572 284 572
252 573 284 573
252 585 284 585
252 592 262 594
252 595 284 595
252 605 254 615
252 636 254 646
252 738 262 740
252 741 273 741
252 870 254 880
252 914 262 916
255 917 262 919
249 917 254 920
253 11 285 11
253 48 285 48
253 73 263 75
253 115 263 117
253 118 263 120
253 232 285 232
253 233 285 233
253 301 285 301
253 302 285 302
253 307 263 309
253 310 263 312
253 316 285 316
253 317 285 317
253 404 285 404
253 405 285 405
253 460 263 462
253 518 263 520
253 521 263 523
253 559 263 561
253 564 285 564
253 565 282 565
253 569 263 571
253 625 285 625
253 660 285 660
253 663 263 665
253 827 263 829
253 830 285 830
253 831 285 831
253 846 263 848
253 888 263 890
253 891 263 893
253 938 255 948
253 979 283 979
254 17 264 19
254 183 264 185
254 258 264 260
254 262 286 262
254 264 286 264
254 268 264 270
254 271 264 273
254 277 264 279
254 319 286 319
254 320 286 320
254 331 269 332
254 482 256 492
254 493 256 503
254 530 264 532
254 533 264 535
254 549 286 549
254 631 286 631
254 647 264 649
254 702 269 703
254 709 264 711
254 732 286 732
254 733 286 733
254 734 286 734
254 743 286 743
254 749 264 751
254 781 264 783
254 792 256 802
254 803 256 813
254 834 256 844
254 935 286 935
254 936 286 936
254 965 264 967
254 969 286 969
254 986 286 986
254 987 286 987
254 999 286 999
255 25 287 25
255 33 287 33
255 34 270 35
255 49 257 59
255 82 265 84
255 86 265 88
255 89 265 91
255 182 287 182
255 188 265 190
255 242 265 244
255 283 265 285
255 286 265 288
255 289 265 291
255 292 287 292
255 293 287 293
255 373 265 375
255 388 265 390
255 391 265 393
255 394 287 394
255 434 287 434
255 454 265 456
255 574 265 576
255 577 265 579
255 580 265 582
255 596 265 598
255 605 257 615
255 618 265 620
255 621 265 623
255 636 257 646
255 699 287 699
255 700 287 700
255 851 287 851
255 852 287 852
255 853 265 855
255 856 265 858
255 859 287 859
255 870 257 880
255 911 265 913
255 922 287 922
255 923 287 923
255 950 265 952
255 993 270 994
256 22 266 24
256 28 284 28
256 29 288 29
256 80 288 80
256 81 288 81
256 197 288 197
256 235 266 237
256 238 266 240
256 254 266 256
256 353 266 355
256 586 266 588
256 589 266 591
256 655 266 657
256 669 288 669
256 770 266 772
256 780 288 780
256 920 271 921
256 938 258 948
256 978 288 978
257 3 289 3
257 4 289 4
257 5 289 5
257 12 264 15
257 30 289 30
257 37 289 37
257 38 289 38
257 61 267 63
257 113 289 113
257 114 289 114
257 200 267 202
257 206 267 208
257 209 289 209
257 213 267 215
257 336 266 338
257 339 289 339
257 341 289 341
257 376 289 376
257 399 267 401
257 436 267 438
257 439 267 441
257 442 289 442
257 443 289 443
257 473 267 475
257 476 267 478
257 482 259 492
257 493 259 503
257 650 267 652
257 792 259 802
257 803 259 813
257 819 267 821
257 822 267 824
257 834 259 844
257 849 289 849
258 0 268 2
258 8 290 8
258 9 290 9
258 49 260 59
258 125 290 125
259 172 268 174
259 175 268 177
259 178 268 180
257 167 258 181
258 313 290 313
258 365 268 367
258 370 290 370
258 413 268 415
258 417 268 419
258 433 286 433
258 540 268 542
258 605 260 615
258 628 290 628
258 636 260 646
258 670 290 670
258 688 268 690
258 716 268 718
258 786 268 788
258 814 268 816
258 866 268 868
258 870 260 880
258 905 268 907
258 909 290 909
258 925 268 927
258 980 268 982
258 990 268 992
258 995 290 995
259 40 291 40
259 121 291 121
259 138 269 140
259 157 291 157
259 158 291 158
259 159 291 159
259 160 291 160
259 167 269 169
259 170 291 170
259 171 291 171
259 186 291 186
259 187 291 187
259 192 291 192
259 193 291 193
259 245 269 247
259 248 291 248
259 249 291 249
259 250 269 252
259 253 291 253
259 280 291 280
259 281 291 281
259 294 269 296
259 297 269 299
259 342 269 344
259 395 269 397
259 421 291 421
259 653 291 653
259 654 291 654
259 722 291 722
259 724 291 724
258 755 290 755
259 757 291 757
259 833 291 833
259 938 261 948
260 321 270 323
260 346 270 348
260 357 270 359
260 482 262 492
260 493 262 503
260 513 270 515
260 562 292 562
260 698 292 698
260 759 262 769
260 792 262 802
260 803 262 813
260 834 262 844
260 929 270 931
260 932 270 934
260 954 270 956
260 961 292 961
260 970 270 972
260 976 292 976
260 977 292 977
261 42 293 42
261 49 263 59
261 105 271 107
261 108 271 110
261 231 293 231
261 266 293 266
261 267 293 267
261 363 293 363
261 364 293 364
261 425 271 427
261 429 271 431
261 480 293 480
261 481 293 481
261 517 293 517
259 538 291 538
261 603 293 603
261 605 263 615
261 636 263 646
261 676 271 678
261 679 293 679
261 680 293 680
261 693 293 693
261 694 293 694
261 730 290 730
257 747 289 747
261 748 293 748
261 870 263 880
261 881 271 883
261 898 293 898
261 899 271 901
261 902 292 902
261 924 293 924
262 65 294 65
262 66 294 66
262 94 272 96
262 97 272 99
262 100 272 102
262 126 272 128
262 129 272 131
262 132 291 132
262 133 291 133
262 143 272 145
262 146 272 148
262 166 294 166
262 222 272 224
262 324 272 326
262 327 272 329
262 330 294 330
262 377 272 379
262 380 272 382
262 554 272 556
262 632 294 632
262 633 294 633
262 634 294 634
262 635 294 635
262 862 272 864
262 865 294 865
262 938 264 948
262 984 277 985
263 149 295 149
263 150 295 150
263 210 295 210
263 211 295 211
263 406 273 408
263 409 295 409
263 410 295 410
263 411 295 411
263 416 295 416
263 448 295 448
263 449 295 449
263 482 273 484
263 485 265 495
263 496 273 498
263 499 273 501
263 502 278 503
263 506 273 508
263 510 295 510
263 511 295 511
263 563 295 563
263 592 273 594
263 738 295 738
263 739 295 739
263 759 265 769
263 792 265 802
263 803 265 813
263 834 265 844
263 886 295 886
263 887 295 887
263 914 273 916
263 917 271 919
264 46 296 46
264 49 266 57
264 58 274 60
264 73 274 75
264 76 296 76
264 115 274 117
264 118 274 120
264 307 274 309
264 310 296 310
264 311 296 311
264 460 274 462
264 518 274 520
264 521 274 523
264 524 296 524
264 525 296 525
264 559 274 561
264 569 274 571
264 605 266 615
264 636 266 646
264 663 274 665
264 673 296 673
264 682 296 682
264 683 296 683
264 756 296 756
264 827 274 829
264 846 274 848
264 870 266 880
264 888 274 890
264 891 274 893
264 896 296 896
264 897 295 897
264 996 296 996
265 7 297 7
265 12 275 14
265 15 297 15
265 17 275 19
265 183 297 183
265 184 297 184
265 185 297 185
265 258 275 260
264 261 296 261
265 263 297 263
265 268 275 270
265 271 275 273
265 274 296 274
265 277 275 279
265 333 297 333
265 334 297 334
265 447 297 447
265 451 297 451
265 452 297 452
265 472 297 472
265 530 275 532
265 533 297 533
265 534 275 536
265 537 291 537
265 545 297 545
265 567 297 567
265 568 297 568
265 626 297 626
265 647 275 649
265 708 275 710
265 711 275 713
265 749 275 751
265 781 275 783
265 784 297 784
265 785 297 785
265 791 296 791
265 938 267 948
265 965 275 967
266 36 298 36
266 82 276 84
266 86 276 88
266 89 276 91
266 137 298 137
266 188 276 190
266 212 298 212
266 242 276 244
266 283 276 285
266 286 276 288
266 289 276 291
266 373 276 375
266 388 276 390
266 391 276 393
266 420 298 420
266 454 276 456
266 485 268 495
266 527 298 527
266 574 276 576
266 577 276 579
266 580 276 582
266 596 276 598
266 618 276 620
266 621 276 623
266 759 268 769
266 792 268 802
266 803 268 813
266 834 268 844
266 853 276 855
266 856 276 858
266 860 298 860
266 912 298 912
266 913 298 913
266 950 276 952
267 22 277 24
267 49 299 49
267 50 277 52
267 53 277 55
267 56 299 56
267 57 299 57
267 154 299 154
267 162 299 162
267 228 299 228
267 235 277 237
267 238 277 240
267 241 299 241
267 254 277 256
267 257 299 257
267 304 299 304
267 306 299 306
267 353 277 355
267 586 271 591
267 605 269 615
267 636 269 646
267 655 277 657
267 658 299 658
267 668 299 668
267 672 299 672
267 770 277 772
267 775 299 775
267 779 299 779
267 870 277 872
267 873 277 875
267 876 277 878
267 879 299 879
267 880 299 880
267 960 299 960
268 6 300 6
268 61 278 63
268 67 278 69
268 79 300 79
268 196 300 196
268 200 278 202
268 206 278 208
268 213 278 215
268 218 300 218
268 219 300 219
268 221 300 221
268 312 300 312
276 336 300 336
267 336 275 338
268 399 278 401
268 436 278 438
268 439 278 441
268 458 300 458
268 459 300 459
268 464 278 466
268 473 278 475
268 476 278 478
268 509 300 509
268 584 300 584
268 650 278 652
268 701 300 701
268 721 300 721
268 723 300 723
268 790 300 790
268 819 278 821
268 822 278 824
268 938 270 948
269 0 279 2
269 151 301 151
269 172 279 174
269 175 279 177
269 178 276 181
268 352 300 352
269 365 279 367
269 413 279 415
269 417 279 419
269 467 301 467
269 485 271 495
269 539 279 541
269 542 279 544
269 688 301 688
269 689 279 691
269 692 301 692
269 695 301 695
269 716 279 718
269 731 301 731
269 759 271 769
269 786 279 788
269 792 271 802
269 803 271 813
269 814 279 816
269 817 301 817
269 818 301 818
269 834 271 844
269 866 279 868
269 869 301 869
269 905 279 907
269 925 279 927
269 937 301 937
269 980 279 982
269 990 279 992
270 16 302 16
270 138 302 138
270 139 285 140
270 163 302 163
264 165 296 165
270 167 280 169
270 245 280 247
270 250 280 252
270 294 302 294
270 295 280 297
270 298 280 300
270 331 302 331
270 332 302 332
270 342 280 344
270 395 280 397
270 398 302 398
270 402 302 402
270 403 302 403
270 528 302 528
270 566 302 566
270 600 302 600
270 605 272 615
270 630 302 630
270 636 272 646
270 661 285 662
270 702 280 704
270 705 302 705
270 725 280 727
270 736 302 736
270 737 302 737
268 758 300 758
270 832 302 832
270 959 302 959
271 32 303 32
271 34 303 34
271 35 303 35
271 220 303 220
271 318 303 318
271 321 281 323
271 346 281 348
271 349 303 349
271 350 303 350
271 357 281 359
271 362 293 362
271 422 303 422
271 423 303 423
271 453 303 453
271 471 303 471
271 513 281 515
271 601 302 601
271 602 302 602
271 697 303 697
271 929 281 931
271 932 281 934
271 938 273 948
271 954 281 956
271 970 281 972
271 993 286 994
272 105 282 107
272 108 304 108
272 109 304 109
272 110 304 110
272 226 304 226
272 227 304 227
272 305 304 305
272 425 282 427
272 428 282 430
272 431 304 431
272 432 304 432
272 435 304 435
272 485 274 495
272 586 282 588
272 589 282 591
272 629 304 629
272 671 304 671
272 676 282 678
272 685 304 685
272 686 304 686
272 729 304 729
272 744 287 745
272 759 274 769
272 792 282 794
272 795 274 805
272 806 282 808
272 809 282 811
272 812 304 812
272 813 304 813
272 834 274 844
272 881 282 883
272 899 282 901
272 910 304 910
272 917 279 920
272 921 304 921
273 94 305 94
273 95 283 97
273 98 283 100
273 101 305 101
273 102 305 102
273 126 283 128
273 129 283 131
273 143 283 145
273 146 283 148
273 152 305 152
273 153 305 153
273 198 288 199
273 222 283 224
273 324 283 326
273 327 283 329
273 377 283 379
273 380 283 382
273 383 283 385
273 386 300 386
273 479 299 479
273 552 305 552
273 554 283 556
273 605 305 605
273 606 283 608
273 609 283 611
273 612 283 614
273 615 305 615
273 617 305 617
273 627 305 627
273 636 275 646
273 666 305 666
273 720 305 720
273 825 305 825
273 826 305 826
273 862 283 864
273 911 305 911
273 964 305 964
274 77 306 77
274 78 306 78
274 204 306 204
274 275 306 275
274 340 306 340
274 345 306 345
274 406 284 408
274 412 306 412
274 482 284 484
274 496 284 498
274 499 284 501
274 506 284 508
274 512 306 512
274 546 284 548
274 592 284 594
274 740 289 741
274 746 306 746
274 774 306 774
274 914 284 916
274 938 276 948
274 968 306 968
275 43 307 43
275 44 307 44
275 47 307 47
275 58 285 60
275 73 307 73
275 74 307 74
275 75 307 75
275 115 285 117
275 118 285 120
275 141 307 141
275 142 307 142
275 155 307 155
275 156 307 156
275 205 306 205
275 234 307 234
275 307 285 309
275 444 285 446
275 460 283 462
275 463 307 463
275 485 285 487
275 488 285 490
275 491 285 493
275 494 307 494
275 495 307 495
275 504 307 504
275 505 307 505
275 518 285 520
275 521 285 523
275 529 307 529
275 559 285 561
275 569 285 571
275 663 285 665
275 684 307 684
274 706 306 706
275 728 307 728
275 759 277 769
275 795 277 805
275 827 285 829
275 834 277 844
275 846 285 848
275 850 307 850
275 888 285 890
275 891 285 893
275 894 307 894
275 895 307 895
275 997 307 997
276 10 308 10
276 12 286 14
276 17 286 19
276 258 286 260
276 268 308 268
276 269 308 269
276 270 291 271
276 272 303 272
276 276 286 278
276 279 308 279
276 335 308 335
276 337 308 337
276 338 308 338
276 468 308 468
276 530 286 532
276 534 286 536
276 636 278 646
276 647 286 649
276 687 308 687
276 708 286 710
276 711 286 713
276 714 308 714
276 715 308 715
276 749 286 751
276 773 308 773
276 781 286 783
276 965 286 967
276 988 308 988
276 989 308 989
277 82 287 84
277 86 287 88
277 89 287 91
277 92 309 92
277 134 309 134
277 164 309 164
277 188 287 190
277 230 309 230
277 242 287 244
277 283 287 285
277 286 287 288
277 289 287 291
277 303 309 303
277 368 292 369
277 373 287 375
277 388 287 390
277 391 287 393
277 454 287 456
277 574 287 576
277 577 287 579
277 580 287 582
277 583 309 583
277 596 287 598
276 604 308 604
277 618 287 620
277 621 287 623
277 624 309 624
277 681 309 681
277 719 309 719
277 742 309 742
277 853 287 855
277 856 287 858
277 938 279 948
277 950 287 952
277 953 308 953
278 22 288 24
278 26 310 26
278 31 310 31
278 50 288 52
278 53 288 55
278 85 310 85
278 229 310 229
278 235 288 237
278 238 288 240
278 254 288 256
278 353 288 355
278 356 306 356
278 553 310 553
278 655 288 657
278 667 310 667
278 674 310 674
278 759 280 769
278 770 288 772
278 776 310 776
278 777 310 777
278 795 280 805
278 834 280 844
278 845 310 845
278 870 288 872
278 873 288 875
278 876 288 878
278 984 310 984
278 985 310 985
279 61 289 63
279 64 311 64
279 67 289 69
279 104 311 104
279 178 286 181
279 200 311 200
279 201 311 201
279 202 311 202
279 206 311 206
279 207 311 207
279 208 311 208
279 213 289 215
279 273 311 273
279 387 311 387
279 399 289 401
279 436 289 438
279 439 289 441
279 457 309 457
279 464 289 466
279 473 289 475
279 476 289 478
279 502 311 502
279 503 311 503
279 526 311 526
279 636 281 646
279 650 289 652
279 819 289 821
279 822 289 824
279 861 311 861
280 0 290 2
280 172 290 174
280 175 290 177
280 191 312 191
280 265 312 265
280 282 312 282
280 314 312 314
280 315 312 315
280 351 312 351
280 365 290 367
280 413 290 415
280 417 290 419
278 424 310 424
280 469 312 469
280 470 312 470
280 539 290 541
280 542 290 544
280 689 290 691
280 716 290 718
280 786 290 788
280 814 290 816
280 866 290 868
280 903 290 905
280 906 290 908
280 917 290 919
280 925 290 927
280 928 312 928
280 938 282 948
280 949 312 949
280 980 312 980
280 981 312 981
280 982 312 982
280 983 312 983
280 990 290 992
281 20 296 21
279 39 311 39
281 70 313 70
281 71 313 71
281 122 313 122
281 123 313 123
281 167 291 169
281 245 291 247
281 250 312 250
281 251 296 252
281 295 291 297
281 298 291 300
281 342 291 344
281 395 291 397
281 659 313 659
281 702 313 702
281 703 313 703
281 707 313 707
281 725 291 727
281 752 313 752
281 754 313 754
281 759 283 769
281 789 313 789
281 795 283 805
281 834 283 844
281 962 313 962
281 963 313 963
282 41 314 41
282 45 314 45
278 124 310 124
282 135 297 136
282 321 292 323
282 346 292 348
282 357 292 359
282 360 313 360
282 450 314 450
282 513 292 515
282 516 314 516
282 599 314 599
282 636 284 646
282 704 314 704
282 735 314 735
282 929 292 931
282 932 292 934
282 954 292 956
282 957 297 958
282 970 292 972
282 973 314 973
282 974 314 974
283 105 293 107
283 111 315 111
283 112 315 112
283 194 315 194
283 195 315 195
283 372 315 372
283 425 293 427
283 428 293 430
283 586 293 588
283 589 315 589
283 591 315 591
283 676 293 678
283 696 315 696
283 753 313 753
283 792 293 794
283 806 293 808
283 809 293 811
283 881 293 883
293 884 315 884
280 884 292 885
283 899 293 901
283 920 315 920
283 938 285 948
283 975 315 975
283 998 315 998
284 72 316 72
284 93 316 93
284 95 294 97
284 98 294 100
284 103 316 103
284 126 294 128
284 129 294 131
284 143 294 145
284 146 294 148
284 161 316 161
284 203 316 203
284 216 316 216
284 217 316 217
284 222 294 224
284 324 294 326
284 327 294 329
284 371 316 371
284 377 294 379
284 380 294 382
284 383 294 385
284 550 299 551
284 554 294 556
284 557 316 557
284 558 316 558
284 606 294 608
284 609 294 611
284 612 294 614
284 616 316 616
281 675 313 675
284 759 286 769
284 778 314 778
284 795 286 805
284 834 286 844
284 862 294 864
285 27 300 28
285 225 317 225
285 406 295 408
285 482 295 484
285 496 295 498
285 499 295 501
285 506 295 508
285 546 295 548
285 572 317 572
285 573 317 573
285 585 317 585
285 592 295 594
285 595 317 595
285 636 287 646
285 914 295 916
286 11 318 11
286 48 318 48
286 58 296 60
286 115 296 117
286 118 296 120
286 139 301 140
286 301 318 301
286 302 318 302
286 307 296 309
286 316 318 316
286 317 318 317
286 404 318 404
286 405 318 405
286 444 296 446
284 460 294 462
286 485 296 487
286 488 296 490
286 491 296 493
286 518 296 520
286 521 296 523
286 559 296 561
286 564 318 564
283 565 315 565
286 569 296 571
286 625 318 625
286 660 296 662
286 663 296 665
286 827 318 827
286 828 318 828
286 829 318 829
286 830 318 830
286 831 318 831
286 846 296 848
286 888 296 890
286 891 296 893
286 938 288 948
284 979 316 979
287 12 297 14
287 17 319 17
287 18 319 18
287 19 319 19
287 178 297 180
287 181 319 181
287 258 297 260
287 262 319 262
287 264 319 264
287 276 297 278
287 319 302 320
287 530 297 532
287 534 297 536
287 549 319 549
287 631 319 631
287 647 297 649
287 708 297 710
287 711 297 713
287 732 297 734
287 743 319 743
287 749 297 751
287 759 289 769
287 781 297 783
287 795 289 805
287 834 289 844
287 935 319 935
287 936 319 936
287 965 297 967
287 969 319 969
287 986 319 986
287 987 319 987
287 993 302 994
287 999 315 999
288 25 320 25
288 33 320 33
288 82 298 84
288 86 298 88
288 89 298 91
288 182 320 182
288 188 298 190
288 232 320 232
288 242 298 244
288 283 290 293
288 373 298 375
288 388 298 390
288 391 298 393
288 394 320 394
288 434 320 434
288 454 298 456
288 574 298 576
288 577 298 579
288 580 298 582
288 596 298 598
288 618 298 620
288 621 298 623
288 636 290 646
288 699 320 699
288 700 319 700
288 744 320 744
288 745 309 745
288 851 320 851
288 852 298 854
288 855 298 857
288 858 320 858
288 859 320 859
288 922 320 922
288 923 320 923
288 950 298 952
289 22 299 24
289 29 321 29
289 50 299 52
289 53 299 55
289 80 319 80
289 81 315 81
289 197 299 199
289 235 299 237
289 238 299 240
289 254 299 256
289 353 299 355
289 655 299 657
289 669 321 669
289 770 299 772
289 780 321 780
289 870 299 872
289 873 299 875
289 876 299 878
289 938 291 948
289 978 321 978
290 3 300 5
290 30 322 30
290 37 322 37
290 38 313 38
290 61 300 63
290 67 300 69
290 113 322 113
290 114 321 114
290 209 322 209
290 213 300 215
290 339 322 339
290 341 322 341
290 376 322 376
290 399 300 401
290 436 300 438
290 439 300 441
290 442 322 442
290 443 322 443
290 464 300 466
290 473 300 475
290 476 300 478
290 650 300 652
290 740 322 740
290 741 322 741
290 747 322 747
290 759 292 769
290 795 292 805
290 819 300 821
290 822 300 824
290 834 292 844
290 849 322 849
291 0 301 2
291 8 323 8
291 9 323 9
291 125 323 125
291 172 301 174
291 175 301 177
291 283 293 293
291 313 323 313
291 365 301 367
291 370 323 370
291 413 298 415
291 417 301 419
287 433 319 433
291 539 301 541
291 542 301 544
291 628 323 628
291 636 301 638
291 639 301 641
291 642 301 644
291 645 323 645
291 646 323 646
291 670 323 670
291 689 301 691
291 716 301 718
291 755 323 755
291 786 301 788
291 814 301 816
291 866 301 868
291 903 301 905
291 906 301 908
291 909 323 909
291 917 301 919
291 925 301 927
291 990 301 992
291 995 323 995
292 40 324 40
292 121 324 121
292 157 302 159
292 160 324 160
292 167 302 169
292 170 324 170
292 171 324 171
292 186 324 186
292 187 324 187
292 192 324 192
292 245 302 247
292 248 324 248
292 249 324 249
292 253 324 253
292 270 324 270
292 271 324 271
292 280 324 280
292 281 324 281
292 295 302 297
292 298 302 300
292 342 302 344
292 395 302 397
292 421 324 421
292 537 307 538
292 653 324 653
292 654 324 654
292 722 324 722
292 724 299 727
292 757 324 757
292 833 324 833
292 938 294 948
293 321 303 323
293 346 303 348
293 357 303 359
293 368 325 368
293 369 325 369
293 513 303 515
293 562 325 562
293 698 325 698
293 759 295 769
293 795 295 805
293 834 295 844
293 885 325 885
293 929 303 931
293 932 303 934
293 954 303 956
293 961 325 961
293 970 303 972
293 976 325 976
293 977 325 977
294 42 326 42
294 105 304 107
294 231 326 231
294 233 326 233
294 266 326 266
294 267 326 267
294 283 296 293
294 361 304 363
294 364 326 364
294 425 304 427
294 428 304 430
294 480 326 480
294 481 326 481
294 517 326 517
294 586 326 586
294 587 326 587
294 588 326 588
294 603 326 603
294 676 304 678
294 679 326 679
294 680 326 680
294 693 326 693
294 694 326 694
291 730 323 730
294 748 326 748
294 792 304 794
294 806 304 808
294 809 304 811
294 881 304 883
294 898 304 900
294 901 326 901
293 902 325 902
294 924 326 924
295 65 326 65
295 66 326 66
295 95 305 97
295 98 305 100
295 126 305 128
295 129 305 131
306 132 327 132
292 132 305 133
295 143 305 145
295 146 305 148
295 166 327 166
295 222 327 222
295 223 327 223
295 224 327 224
295 324 305 326
295 327 305 329
295 330 327 330
295 377 305 379
295 380 305 382
295 383 305 385
295 460 305 462
295 554 305 556
295 606 305 608
295 609 300 613
295 614 323 614
295 632 305 634
295 635 327 635
295 862 305 864
295 865 327 865
295 938 297 948
296 149 328 149
296 150 328 150
296 210 328 210
296 211 328 211
296 406 306 408
296 409 306 411
296 448 328 448
296 449 328 449
296 482 306 484
296 496 306 498
296 499 306 501
296 506 306 508
296 510 328 510
296 511 328 511
296 546 306 548
296 563 328 563
296 590 328 590
296 592 306 594
296 738 311 739
296 759 298 769
296 795 298 805
296 834 298 844
296 886 328 886
296 887 328 887
296 914 306 916
297 20 329 20
297 46 329 46
297 58 307 60
297 76 329 76
297 115 307 117
297 118 307 120
297 165 329 165
297 251 312 252
297 261 329 261
297 283 299 293
297 307 307 309
297 310 329 310
297 311 329 311
297 444 307 446
297 485 307 487
297 488 307 490
297 491 307 493
297 518 307 520
297 521 307 523
297 524 329 524
297 525 329 525
297 559 307 561
297 569 307 571
297 660 307 662
297 663 307 665
297 673 329 673
297 682 329 682
297 683 329 683
297 756 329 756
297 846 307 848
297 888 307 890
297 891 307 893
297 896 329 896
296 897 328 897
297 996 323 996
298 7 330 7
298 12 308 14
298 15 330 15
298 21 330 21
298 135 330 135
298 136 330 136
298 178 308 180
298 183 308 185
298 258 308 260
298 263 330 263
297 274 329 274
298 277 330 277
298 278 330 278
298 333 330 333
298 334 330 334
298 447 330 447
298 451 330 451
298 452 330 452
298 472 330 472
298 530 308 532
298 533 308 535
298 536 330 536
298 545 330 545
298 567 330 567
298 568 330 568
298 626 329 626
298 647 308 649
298 708 308 710
298 711 308 713
298 732 308 734
298 749 308 751
298 781 308 783
298 784 330 784
298 785 330 785
297 791 329 791
298 938 300 948
298 957 328 957
298 958 328 958
298 965 308 967
299 36 331 36
299 82 309 84
299 86 309 88
299 89 309 91
299 137 331 137
299 189 329 189
299 190 329 190
299 212 331 212
299 242 309 244
299 373 309 375
299 388 309 390
299 391 309 393
299 413 306 416
299 420 331 420
299 454 309 456
299 527 331 527
299 574 309 576
299 577 309 579
299 580 309 582
299 596 331 596
299 597 331 597
299 598 331 598
299 618 309 620
299 621 309 623
299 759 301 769
299 795 301 805
299 834 301 844
299 852 309 854
299 855 309 857
299 860 331 860
299 912 331 912
299 913 331 913
299 950 309 952
300 22 310 24
300 49 310 51
300 52 310 54
300 55 310 57
300 154 332 154
300 162 332 162
300 197 310 199
300 228 332 228
300 235 310 237
300 238 310 240
300 241 332 241
300 254 310 255
300 256 315 257
300 283 302 293
300 304 332 304
300 306 332 306
300 353 332 353
300 355 332 355
300 550 332 550
300 551 331 551
300 655 310 657
300 658 332 658
300 668 332 668
300 672 332 672
300 724 332 724
300 725 310 727
300 770 310 772
300 775 332 775
300 779 332 779
300 870 302 880
300 960 332 960
301 3 311 5
301 6 333 6
301 27 333 27
301 28 333 28
301 61 311 63
301 67 311 69
301 79 333 79
301 188 333 188
301 196 333 196
301 213 311 215
301 218 333 218
301 219 333 219
301 221 333 221
301 312 333 312
301 336 333 336
301 352 333 352
301 399 311 401
301 436 311 438
301 439 311 441
301 458 327 458
301 459 327 459
301 464 311 466
301 473 311 475
301 476 311 478
301 509 333 509
301 584 333 584
301 609 311 611
301 612 333 612
301 613 333 613
301 650 311 652
301 701 333 701
301 721 333 721
301 723 333 723
301 790 333 790
301 819 311 821
301 822 311 824
301 938 303 948
302 0 312 2
302 139 334 139
302 140 334 140
302 151 334 151
302 172 312 174
302 175 312 177
302 365 312 367
302 417 334 417
302 418 334 418
302 419 334 419
302 467 334 467
302 539 312 541
302 542 312 544
302 636 312 638
302 639 312 641
302 642 312 644
302 688 312 690
302 691 334 691
302 692 334 692
302 695 334 695
302 716 312 718
302 731 334 731
302 758 304 768
302 769 334 769
302 786 312 788
302 795 304 805
302 814 312 816
302 817 334 817
302 818 334 818
302 834 304 844
302 866 312 868
302 869 334 869
302 903 312 905
302 906 312 908
302 917 312 919
302 925 312 927
302 937 334 937
302 990 312 992
303 16 335 16
303 138 335 138
303 157 313 159
303 163 335 163
303 167 313 169
303 245 313 247
303 283 305 293
303 294 313 296
303 297 313 299
303 300 335 300
303 319 335 319
303 320 335 320
303 331 335 331
303 332 335 332
303 342 313 344
303 395 313 397
303 398 335 398
303 402 335 402
303 403 335 403
303 528 335 528
303 566 335 566
312 600 335 600
303 630 335 630
303 705 335 705
303 736 335 736
303 737 335 737
303 832 335 832
303 870 305 880
303 959 335 959
303 993 335 993
303 994 335 994
304 32 336 32
304 34 336 34
304 35 336 35
304 220 333 220
304 318 336 318
304 321 314 323
304 346 314 348
304 349 336 349
304 350 336 350
304 357 314 359
304 422 336 422
304 423 336 423
304 453 336 453
304 471 336 471
304 513 314 515
312 601 336 601
303 600 311 602
304 697 336 697
304 929 314 931
304 932 314 934
304 938 314 940
304 941 314 943
304 944 314 946
304 947 336 947
304 948 336 948
304 954 314 956
304 970 314 972
305 105 315 107
305 108 315 110
305 226 337 226
305 227 337 227
305 305 328 305
305 361 315 363
305 425 315 427
305 428 315 430
305 431 337 431
305 432 337 432
305 435 337 435
305 629 337 629
305 671 337 671
305 676 315 678
305 685 337 685
305 686 337 686
305 729 337 729
305 758 307 768
305 792 307 802
305 803 307 813
305 834 307 844
305 881 315 883
305 898 315 900
305 910 336 910
305 921 337 921
306 94 316 96
306 97 316 99
306 100 316 102
306 126 316 128
306 129 316 131
306 133 338 133
306 143 316 145
306 146 316 148
306 152 338 152
306 153 338 153
306 283 308 293
306 324 316 326
306 327 316 329
306 377 316 379
306 380 316 382
306 383 316 385
301 386 333 386
306 460 316 462
300 479 332 479
306 552 338 552
306 554 316 556
306 605 316 607
306 608 338 608
306 615 338 615
306 617 338 617
306 627 338 627
306 632 316 634
306 666 338 666
306 720 338 720
306 825 338 825
306 826 338 826
306 862 316 864
306 870 308 880
306 911 338 911
306 964 338 964
307 77 339 77
307 78 339 78
307 193 339 193
307 204 322 205
307 275 333 275
307 340 339 340
307 345 339 345
307 406 309 416
307 482 317 484
307 496 317 498
307 499 317 501
307 506 317 508
307 512 339 512
307 546 317 548
307 592 339 592
307 593 339 593
307 594 339 594
307 706 339 706
307 746 339 746
307 774 339 774
307 914 339 914
307 915 339 915
307 916 339 916
307 968 339 968
308 43 340 43
308 44 340 44
308 47 340 47
308 58 318 60
308 73 340 73
308 74 340 74
308 75 340 75
308 115 318 117
308 118 318 120
308 141 323 142
308 155 340 155
308 156 340 156
308 234 340 234
308 307 318 309
308 444 318 446
308 463 340 463
308 485 310 495
308 504 340 504
308 505 340 505
308 518 318 520
308 521 318 523
308 537 340 537
308 538 340 538
308 559 318 561
308 569 318 571
308 660 318 662
308 663 318 665
308 684 340 684
308 728 340 728
308 758 310 768
308 792 310 802
308 803 310 813
308 834 310 844
308 846 318 848
308 850 340 850
308 888 340 888
308 889 318 891
308 892 318 894
308 895 340 895
308 997 339 997
309 10 341 10
309 12 319 14
309 178 319 180
309 183 319 185
309 258 319 260
309 268 341 268
309 269 341 269
304 272 336 272
309 276 341 276
309 279 341 279
309 283 311 293
309 335 341 335
309 337 341 337
309 338 341 338
309 468 341 468
309 529 319 531
309 532 319 534
309 535 341 535
309 604 341 604
309 647 319 649
309 687 341 687
309 708 319 710
309 711 319 713
309 714 341 714
309 715 341 715
309 732 319 734
309 749 319 751
309 773 341 773
309 781 319 783
309 870 311 880
309 965 319 967
309 988 341 988
309 989 341 989
310 82 320 84
310 86 320 88
310 89 320 91
310 92 342 92
310 134 339 134
310 164 342 164
310 230 342 230
310 242 320 244
310 303 342 303
310 354 342 354
310 373 320 375
310 388 320 390
310 391 320 393
310 406 312 416
310 454 317 457
310 574 320 576
310 577 320 579
310 580 320 582
310 583 342 583
310 618 320 620
310 621 320 623
310 624 342 624
310 681 342 681
310 719 342 719
310 742 342 742
310 852 320 854
310 855 320 857
310 950 320 952
309 953 341 953
311 22 321 24
311 26 343 26
311 31 343 31
311 49 321 51
311 52 321 54
311 55 321 57
311 85 334 85
311 124 343 124
311 197 321 199
311 229 343 229
311 235 321 237
311 238 321 240
311 254 343 254
311 255 343 255
307 356 339 356
311 424 343 424
311 485 313 495
311 553 343 553
311 655 321 657
311 667 343 667
311 674 343 674
311 725 321 727
311 758 313 768
311 770 321 772
311 776 343 776
311 777 343 777
311 792 313 802
311 803 313 813
311 834 313 844
311 845 343 845
311 984 343 984
311 985 343 985
312 3 322 5
312 61 322 63
312 64 344 64
312 67 322 69
312 104 344 104
312 200 344 200
312 201 344 201
312 202 344 202
312 206 322 208
312 213 322 215
312 273 344 273
312 283 314 293
312 387 344 387
312 399 343 399
312 400 343 400
312 401 343 401
312 436 322 438
312 439 322 441
312 464 322 466
312 473 322 475
312 476 322 478
312 502 344 502
312 503 344 503
312 526 344 526
312 609 322 611
312 650 322 652
312 738 344 738
312 739 344 739
312 819 322 821
312 822 322 824
312 861 344 861
312 870 314 880
313 0 323 2
313 172 323 174
313 175 323 177
313 250 323 252
313 265 345 265
313 282 345 282
313 314 345 314
313 315 345 315
313 351 345 351
313 367 345 367
313 406 315 416
313 469 328 470
313 539 323 541
313 542 323 544
313 636 323 638
313 639 323 641
313 642 323 644
313 688 323 690
313 716 323 718
313 786 323 788
313 814 323 816
313 866 323 868
313 903 323 905
313 906 323 908
313 917 323 919
313 925 323 927
313 928 345 928
313 980 345 980
313 981 323 983
313 990 323 992
314 38 329 39
314 70 346 70
314 71 346 71
314 122 346 122
314 123 346 123
314 157 324 159
314 167 324 169
314 191 346 191
314 245 324 247
314 294 324 296
314 297 324 299
314 342 324 344
314 365 346 365
314 395 324 397
314 487 316 495
314 659 346 659
314 675 346 675
314 702 346 702
314 703 346 703
314 707 346 707
314 752 324 754
314 758 316 768
314 789 346 789
314 792 316 802
314 803 316 813
314 834 316 844
314 962 346 962
314 963 346 963
315 41 347 41
315 45 347 45
315 283 317 293
315 321 325 323
315 346 325 348
315 357 325 359
314 360 346 360
315 450 347 450
315 513 325 515
315 516 347 516
315 599 347 599
315 602 347 602
315 704 347 704
315 735 347 735
315 870 317 880
315 929 325 931
315 932 325 934
315 938 325 940
315 941 325 943
315 944 325 946
315 954 325 956
315 970 325 972
315 973 347 973
315 974 347 974
316 105 326 107
316 108 326 110
316 111 348 111
316 112 348 112
316 194 348 194
316 195 348 195
316 256 348 256
316 257 348 257
316 361 331 362
316 363 348 363
316 372 348 372
316 406 318 416
316 425 326 427
316 428 326 430
316 565 348 565
316 589 348 589
316 676 326 678
316 696 348 696
316 881 348 881
316 882 348 882
316 883 331 884
316 898 326 900
316 920 348 920
316 975 348 975
316 998 331 999
317 72 349 72
317 93 319 103
317 126 327 128
317 129 327 131
317 143 327 145
317 146 327 148
317 161 349 161
317 203 349 203
317 216 349 216
317 217 349 217
317 324 327 326
317 327 327 329
317 371 349 371
317 377 327 379
317 380 327 382
317 383 327 385
317 460 327 462
317 487 319 495
317 554 327 556
317 557 349 557
317 558 349 558
317 605 327 607
317 616 349 616
317 632 327 634
317 758 319 768
315 778 347 778
317 792 327 794
317 795 319 805
317 806 327 808
317 809 327 811
317 812 349 812
317 813 348 813
317 834 319 844
317 862 327 864
317 949 349 949
317 979 349 979
318 225 350 225
318 283 320 293
318 454 325 457
318 482 328 484
318 496 328 498
318 499 328 501
318 506 328 508
318 546 328 548
318 572 350 572
318 573 350 573
318 585 350 585
318 595 350 595
318 870 320 880
319 11 350 11
319 48 351 48
319 58 329 60
319 115 329 117
319 118 329 120
319 301 351 301
319 302 351 302
319 307 329 309
319 316 351 316
319 317 351 317
319 366 351 366
319 404 321 414
319 415 351 415
319 416 351 416
319 444 329 446
319 518 329 520
319 521 351 521
319 522 351 522
319 523 351 523
319 559 329 561
319 564 351 564
319 569 329 571
319 625 351 625
319 660 329 662
319 663 351 663
319 664 351 664
319 827 351 827
319 828 329 830
319 831 351 831
319 846 351 846
319 847 351 847
319 848 351 848
319 889 329 891
319 892 329 894
320 12 330 14
320 17 330 19
320 93 322 103
320 178 330 180
320 181 352 181
320 183 330 185
320 258 330 260
320 262 352 262
320 264 352 264
320 433 352 433
330 485 352 485
314 485 329 486
320 487 330 489
320 490 352 490
320 491 352 491
320 492 330 494
320 495 352 495
320 529 352 529
320 530 327 533
320 534 352 534
320 549 352 549
320 591 352 591
320 631 352 631
320 647 330 649
320 708 352 708
320 709 330 711
320 712 352 712
320 713 352 713
320 732 330 734
320 743 352 743
320 749 330 751
320 758 322 768
320 781 330 783
320 795 322 805
320 834 322 844
320 935 352 935
320 936 352 936
320 965 330 967
320 969 352 969
320 986 352 986
320 987 352 987
321 25 353 25
321 33 353 33
321 82 331 84
321 86 331 88
321 89 331 91
321 182 353 182
321 232 353 232
321 242 331 244
321 283 323 293
321 373 331 375
321 388 331 390
321 391 331 393
321 394 353 394
321 434 353 434
321 574 353 574
321 575 353 575
321 576 353 576
321 577 331 579
321 580 331 582
321 618 331 620
321 621 331 623
321 699 353 699
320 700 352 700
321 744 353 744
310 745 342 745
321 851 353 851
321 852 353 852
321 853 331 855
321 856 331 858
321 859 353 859
321 870 323 880
321 922 353 922
321 923 353 923
321 950 331 952
322 22 332 24
322 29 354 29
322 49 332 51
322 52 332 54
322 55 332 57
320 80 352 80
316 81 348 81
322 197 332 199
322 235 332 237
322 238 332 240
322 404 324 414
322 655 332 657
322 669 354 669
322 725 332 727
322 770 332 772
322 780 354 780
322 978 354 978
323 3 333 5
323 30 355 30
323 37 355 37
323 61 333 63
323 67 333 69
323 93 325 103
323 113 355 113
322 114 354 114
323 204 333 206
323 207 333 209
323 213 333 215
323 339 355 339
323 341 350 341
323 376 355 376
323 436 333 438
323 439 333 441
323 442 355 442
323 443 355 443
323 464 333 466
323 473 333 475
323 476 333 478
323 609 333 611
323 650 333 652
323 740 355 740
323 741 355 741
323 747 355 747
323 758 325 768
323 795 325 805
323 819 333 821
323 822 333 824
323 834 325 844
323 849 355 849
324 0 334 2
324 8 356 8
324 9 356 9
324 125 356 125
324 141 356 141
324 142 356 142
324 172 334 174
324 175 334 177
324 250 334 252
324 283 326 293
324 313 356 313
324 370 356 370
324 539 334 541
324 542 334 544
324 628 356 628
324 636 326 646
324 665 356 665
324 670 356 670
324 688 334 690
324 716 334 718
324 730 356 730
324 755 356 755
324 786 334 788
324 814 334 816
324 866 334 868
324 870 326 880
324 903 334 905
324 906 334 908
324 909 356 909
324 917 334 919
324 925 334 927
324 981 334 983
324 990 334 992
324 995 339 996
325 40 357 40
325 121 357 121
325 157 335 159
325 160 354 160
325 167 335 169
325 170 357 170
325 171 357 171
325 186 357 186
325 187 357 187
325 192 357 192
325 245 335 247
325 248 357 248
325 249 357 249
325 253 357 253
325 270 357 270
325 271 351 271
325 280 357 280
325 281 357 281
325 294 335 296
325 297 335 299
325 342 350 342
325 343 357 343
325 344 357 344
325 395 335 397
325 404 327 414
325 421 357 421
325 653 357 653
325 654 357 654
325 722 357 722
325 752 335 754
325 757 357 757
325 833 356 833
326 93 336 95
326 96 336 98
326 99 357 99
326 101 336 103
326 321 336 323
326 346 358 346
326 347 358 347
326 348 358 348
326 357 336 359
326 368 358 368
326 369 358 369
326 454 336 456
326 513 336 515
326 562 358 562
326 698 358 698
326 758 328 768
326 795 328 805
326 834 328 844
326 885 358 885
326 902 358 902
326 929 336 931
326 932 336 934
326 938 358 938
326 939 336 941
326 942 336 944
326 945 358 945
326 946 358 946
326 954 336 956
326 961 358 961
326 970 336 972
326 976 358 976
326 977 358 977
327 42 359 42
327 105 337 107
327 108 337 110
327 231 359 231
327 233 359 233
327 266 359 266
327 267 359 267
327 283 337 285
327 286 337 288
327 289 359 289
327 291 337 293
327 364 359 364
327 425 337 427
327 428 337 430
327 480 359 480
327 481 359 481
327 517 359 517
327 586 337 588
327 636 329 646
327 676 337 678
327 679 359 679
327 680 359 680
327 693 359 693
327 694 359 694
327 748 354 748
327 870 329 880
327 898 337 900
327 901 359 901
327 924 359 924
339 65 360 65
327 65 338 66
328 126 338 128
328 129 343 130
328 131 360 131
328 132 355 132
328 143 338 145
328 146 338 148
328 166 360 166
328 222 338 224
328 324 338 326
328 327 338 329
328 330 360 330
328 377 338 379
328 380 338 382
328 383 338 385
328 404 330 414
328 457 338 459
328 460 338 462
328 530 338 532
328 533 360 533
328 554 338 556
328 603 360 603
328 605 338 607
324 614 356 614
328 632 338 634
328 635 360 635
328 792 338 794
328 806 360 806
328 807 360 807
328 808 360 808
328 809 338 811
328 862 338 864
328 865 360 865
329 149 361 149
329 150 361 150
329 210 357 210
329 211 357 211
329 448 361 448
329 449 361 449
329 469 344 470
329 482 339 484
329 496 339 498
329 499 339 501
329 506 339 508
329 510 361 510
329 511 361 511
329 546 361 546
329 547 361 547
329 548 361 548
329 563 361 563
329 590 356 590
329 758 331 768
329 795 339 797
329 798 339 800
329 801 339 803
329 804 361 804
329 805 361 805
329 834 331 844
329 886 361 886
329 887 361 887
329 897 361 897
330 20 362 20
330 39 361 39
330 46 362 46
330 58 340 60
330 76 362 76
330 100 362 100
330 115 362 115
330 116 335 120
330 165 362 165
330 261 362 261
330 274 362 274
330 290 362 290
330 307 340 309
330 310 345 311
330 444 340 446
330 518 362 518
330 519 362 519
330 520 362 520
330 524 362 524
330 525 362 525
330 559 340 561
330 569 340 571
330 636 332 646
330 660 340 662
330 673 362 673
330 682 362 682
330 683 362 683
330 756 362 756
330 791 362 791
330 828 340 830
330 870 332 880
330 889 340 891
330 892 340 894
330 896 362 896
331 7 363 7
331 12 341 14
331 15 363 15
331 17 341 19
331 21 363 21
331 135 363 135
331 136 363 136
331 178 341 180
331 183 341 185
331 258 341 260
331 263 363 263
331 277 363 277
331 278 363 278
331 333 363 333
331 334 363 334
331 404 333 414
331 447 363 447
331 451 363 451
331 452 363 452
331 472 363 472
331 486 341 488
331 489 363 489
331 492 363 492
331 493 363 493
331 494 363 494
331 536 362 536
331 545 363 545
331 567 363 567
331 568 363 568
330 626 362 626
331 647 341 649
331 709 341 711
331 732 341 734
331 749 341 751
331 781 341 783
331 784 363 784
331 785 363 785
329 957 344 958
331 965 341 967
332 36 361 36
332 38 364 38
332 82 342 84
332 86 342 88
332 89 342 91
332 137 363 137
343 189 364 189
330 189 342 190
332 212 364 212
332 242 342 244
332 361 364 361
332 362 364 362
332 373 342 375
332 388 342 390
332 391 342 393
332 420 364 420
332 527 364 527
332 577 342 579
332 580 342 582
332 596 342 598
332 618 342 620
332 621 342 623
332 758 334 768
332 834 334 844
332 853 342 855
332 856 342 858
332 860 364 860
332 883 364 883
332 884 364 884
332 912 364 912
332 913 364 913
332 950 342 952
332 998 364 998
332 999 364 999
333 22 343 24
333 49 343 51
333 52 343 54
333 55 343 57
333 154 365 154
333 162 365 162
333 197 343 199
333 228 365 228
333 235 343 237
333 238 343 240
333 241 365 241
333 304 365 304
333 306 365 306
333 353 365 353
333 355 365 355
333 479 365 479
333 550 365 550
332 551 364 551
333 636 335 646
333 655 365 655
333 656 343 658
333 668 365 668
333 672 365 672
333 724 343 726
333 727 365 727
333 770 343 772
333 775 365 775
333 779 365 779
333 870 335 880
333 960 365 960
334 3 344 5
334 6 366 6
334 27 366 27
334 28 366 28
334 61 344 63
334 67 341 69
334 79 366 79
334 188 364 188
334 196 366 196
334 204 344 206
334 207 366 207
334 208 366 208
334 209 366 209
334 213 344 215
334 218 366 218
334 219 366 219
334 220 349 221
334 312 366 312
334 336 364 336
334 352 366 352
334 386 366 386
334 404 336 414
334 436 344 438
334 439 344 441
334 464 344 466
334 473 366 473
334 474 344 476
334 477 349 478
334 509 366 509
334 584 366 584
334 609 344 611
334 612 366 612
334 613 366 613
334 650 344 652
334 701 366 701
334 721 366 721
334 723 366 723
334 790 366 790
334 819 344 821
334 822 344 824
335 0 345 2
335 139 367 139
335 140 367 140
335 151 367 151
335 172 345 174
335 175 345 177
335 250 345 252
335 417 345 419
335 467 367 467
335 539 345 541
335 542 345 544
335 688 345 690
335 691 367 691
335 692 367 692
335 695 367 695
335 716 345 718
335 731 367 731
335 758 337 768
335 769 367 769
335 786 345 788
335 814 345 816
335 817 367 817
335 818 367 818
335 834 337 844
335 866 345 868
335 869 365 869
335 903 345 905
335 906 345 908
335 917 345 919
335 925 345 927
335 937 366 937
335 981 345 983
335 990 345 992
336 16 368 16
336 116 368 116
336 117 346 119
336 120 368 120
336 138 368 138
336 157 346 159
336 163 365 163
336 167 346 169
336 245 346 247
336 294 346 296
336 297 346 299
336 300 368 300
336 319 368 319
336 320 368 320
336 331 368 331
336 332 368 332
336 395 346 397
336 398 368 398
336 402 368 402
336 403 368 403
336 528 367 528
336 566 368 566
336 600 368 600
336 630 368 630
336 636 338 646
336 705 368 705
336 736 351 737
336 752 346 754
336 832 368 832
336 870 338 880
336 959 368 959
336 993 368 993
336 994 368 994
337 32 369 32
337 34 369 34
337 35 369 35
337 93 347 95
337 96 347 98
337 101 347 103
337 272 369 272
337 318 368 318
337 321 347 323
337 349 369 349
337 350 369 350
337 357 347 359
337 404 339 414
337 422 369 422
337 423 369 423
337 453 347 455
337 513 347 515
337 601 369 601
337 697 362 697
337 929 347 931
337 932 347 934
337 939 347 941
337 942 347 944
337 947 369 947
337 948 369 948
337 954 347 956
337 970 347 972
338 105 348 107
338 108 348 110
338 226 368 226
338 227 368 227
338 283 348 285
338 286 348 288
338 291 348 293
329 305 361 305
338 425 348 427
338 428 348 430
338 431 370 431
338 432 370 432
338 435 369 435
338 586 348 588
338 629 370 629
338 671 370 671
338 676 348 678
338 685 370 685
338 686 370 686
338 729 370 729
338 758 340 768
338 834 340 844
338 898 348 900
337 910 369 910
338 921 370 921
339 126 349 128
339 143 349 145
339 146 349 148
339 152 354 153
339 222 349 224
339 324 349 326
339 327 371 327
339 328 371 328
339 329 371 329
339 377 349 379
339 380 349 382
339 383 348 385
339 456 349 458
339 459 349 461
339 462 371 462
339 530 349 532
339 552 371 552
339 554 349 556
339 605 349 607
339 608 371 608
339 615 371 615
339 617 371 617
339 627 369 627
339 632 349 634
339 636 341 646
339 666 371 666
339 720 371 720
339 792 349 794
339 809 371 809
339 810 371 810
339 811 371 811
339 825 371 825
339 826 371 826
339 862 349 864
339 870 349 872
339 873 349 875
339 876 349 878
339 879 371 879
339 880 371 880
339 911 371 911
339 964 371 964
340 77 372 77
340 78 372 78
340 133 355 134
340 193 371 193
334 275 366 275
340 340 372 340
340 345 372 345
340 356 372 356
340 404 342 414
340 482 372 482
340 483 372 483
340 484 372 484
340 496 355 497
340 498 372 498
340 499 350 501
340 506 350 508
340 512 372 512
340 592 350 594
340 706 372 706
340 746 372 746
340 774 372 774
340 795 350 797
340 798 350 800
340 801 372 801
340 802 372 802
340 803 372 803
340 914 350 916
340 968 372 968
340 995 350 997
341 43 373 43
341 44 373 44
341 47 373 47
341 58 351 60
341 73 351 75
341 155 373 155
341 156 373 156
341 234 362 234
341 307 351 309
341 444 351 446
341 463 373 463
341 504 356 505
341 537 373 537
341 538 373 538
341 559 351 561
341 569 351 571
341 660 351 662
341 684 373 684
341 728 373 728
341 758 343 768
341 828 351 830
341 834 343 844
341 850 373 850
341 888 351 890
341 891 351 893
341 894 373 894
341 895 373 895
342 10 374 10
342 12 352 14
342 17 352 19
342 66 349 69
342 178 352 180
342 183 352 185
342 258 352 260
342 268 374 268
342 279 374 279
342 335 374 335
342 337 374 337
342 338 374 338
342 468 374 468
342 487 374 487
342 488 374 488
342 535 374 535
342 604 374 604
342 636 344 646
342 647 352 649
342 687 374 687
342 709 352 711
342 714 374 714
342 715 374 715
342 732 352 734
342 749 352 751
342 773 374 773
342 781 352 783
342 953 374 953
342 965 352 967
342 988 374 988
342 989 374 989
343 82 353 84
343 86 353 88
343 89 353 91
343 92 375 92
343 164 375 164
343 230 375 230
343 242 353 244
343 303 375 303
343 373 353 375
343 388 353 390
343 391 353 393
343 404 345 414
343 577 347 582
343 583 375 583
343 596 353 598
343 618 353 620
343 621 353 623
343 624 375 624
343 681 375 681
343 719 371 719
343 742 373 742
343 745 375 745
343 853 353 855
343 856 353 858
343 950 353 952
344 22 354 24
344 26 376 26
344 31 376 31
344 49 354 51
344 52 354 54
344 55 354 57
335 85 367 85
344 124 376 124
344 129 376 129
344 130 373 130
344 197 354 199
344 229 376 229
344 235 354 237
344 238 354 240
344 254 359 255
344 354 376 354
344 424 376 424
344 553 376 553
344 656 354 658
344 667 376 667
344 674 376 674
344 724 354 726
344 758 346 768
344 770 354 772
344 776 365 776
344 777 373 777
344 834 346 844
344 845 376 845
344 984 376 984
344 985 376 985
345 3 355 5
345 61 355 63
345 64 377 64
345 104 370 104
345 200 355 202
345 204 355 206
345 213 355 215
345 273 377 273
345 387 377 387
344 399 354 401
345 436 355 438
345 439 355 441
345 464 355 466
345 469 377 469
345 470 377 470
345 474 355 476
345 502 377 502
345 503 377 503
345 526 377 526
345 609 355 611
345 636 355 638
345 639 355 641
345 642 355 644
345 645 377 645
345 646 377 646
345 650 355 652
345 738 368 738
345 739 377 739
345 819 355 821
345 822 355 824
345 861 377 861
345 957 377 957
346 0 356 2
346 172 378 172
346 173 356 175
346 176 378 176
346 177 378 177
346 250 356 252
346 265 378 265
346 282 378 282
346 310 378 310
346 311 378 311
346 314 378 314
346 315 378 315
346 351 378 351
346 367 378 367
346 404 348 414
346 417 356 419
346 539 356 541
346 542 356 544
346 688 356 690
346 716 356 718
346 786 356 788
346 814 356 816
346 866 356 868
346 903 356 905
346 906 356 908
346 917 356 919
346 925 356 926
346 927 361 928
346 980 356 982
346 983 378 983
346 990 356 992
347 70 379 70
347 71 379 71
347 117 357 119
347 122 379 122
347 123 379 123
347 157 357 159
347 167 357 169
347 190 362 191
347 245 357 247
347 294 357 296
347 297 362 298
347 299 379 299
347 360 379 360
347 365 378 365
347 395 357 397
347 659 379 659
347 675 379 675
347 702 379 702
347 703 379 703
347 707 379 707
347 752 357 754
347 758 349 768
347 789 379 789
347 834 349 844
347 962 379 962
347 963 379 963
348 41 380 41
348 45 380 45
348 93 358 95
348 96 358 98
348 101 358 103
348 269 380 269
348 321 358 323
348 357 358 359
348 450 380 450
348 453 358 455
348 513 358 515
348 516 380 516
348 577 355 580
348 581 380 581
348 582 380 582
348 599 380 599
348 602 380 602
348 704 379 704
348 735 380 735
348 778 373 778
348 929 358 931
348 932 358 934
348 939 358 941
348 942 358 944
348 954 358 956
348 970 358 972
348 973 380 973
348 974 380 974
349 81 381 81
349 105 359 107
349 108 359 110
349 111 381 111
349 112 381 112
349 194 381 194
349 195 381 195
349 256 381 256
349 257 381 257
349 276 381 276
349 283 356 286
349 287 381 287
349 288 381 288
349 291 359 293
349 363 381 363
349 372 381 372
349 404 351 414
349 425 359 427
349 428 359 430
349 565 381 565
349 586 359 588
349 676 359 678
349 696 381 696
349 881 381 881
349 882 381 882
349 898 359 900
349 975 381 975
350 66 360 68
350 69 382 69
350 72 382 72
350 126 360 128
350 143 360 145
350 146 360 148
350 161 382 161
350 203 382 203
350 216 382 216
350 217 382 217
350 220 360 222
350 223 382 223
350 224 382 224
350 324 360 326
350 371 382 371
350 377 360 379
350 380 360 382
349 383 359 385
350 456 360 458
350 459 360 461
350 477 365 478
350 530 360 532
350 554 360 556
350 557 382 557
350 558 382 558
350 605 360 607
350 616 382 616
350 632 360 634
350 758 352 768
350 792 360 794
350 812 382 812
349 813 381 813
350 834 352 844
350 862 360 864
350 870 360 872
350 873 360 875
350 876 360 878
350 949 382 949
350 979 382 979
351 225 383 225
351 471 383 471
351 486 383 486
351 499 361 501
351 506 361 508
351 572 383 572
351 573 383 573
351 585 383 585
351 592 361 594
351 595 383 595
351 795 361 797
351 798 361 800
351 914 361 916
351 995 361 997
351 11 383 11
352 48 384 48
352 58 362 60
352 73 362 75
352 301 384 301
352 302 384 302
352 307 362 309
352 316 384 316
352 317 384 317
352 366 378 366
352 404 354 414
352 415 384 415
352 416 384 416
352 444 362 446
352 521 362 523
352 559 362 561
352 564 384 564
352 569 362 571
352 625 384 625
352 660 362 662
352 663 367 664
352 736 367 737
352 827 362 829
352 830 373 830
352 831 382 831
352 846 362 848
352 888 362 890
352 891 384 891
352 892 384 892
352 893 384 893
353 12 363 14
353 17 363 19
353 80 385 80
353 178 363 180
353 181 385 181
353 183 363 185
353 258 363 260
353 262 384 262
353 264 385 264
353 433 385 433
353 485 385 485
353 490 385 490
353 491 385 491
353 495 385 495
353 529 385 529
353 534 385 534
353 549 385 549
353 591 385 591
353 631 385 631
353 647 363 649
353 700 385 700
353 708 363 710
353 711 363 713
353 732 363 734
353 743 385 743
353 749 363 751
353 758 355 768
353 781 385 781
353 782 385 782
353 783 385 783
353 834 355 844
353 920 385 920
353 935 385 935
353 936 385 936
353 965 363 967
353 969 385 969
353 986 385 986
354 25 386 25
354 33 386 33
354 82 364 84
354 86 364 88
354 89 386 89
354 90 386 90
354 91 386 91
354 182 385 182
354 232 386 232
354 242 364 244
354 373 364 375
354 388 364 390
354 391 364 393
354 394 386 394
354 434 386 434
354 574 364 576
354 596 364 598
354 618 364 620
354 621 364 623
354 699 386 699
354 744 386 744
354 851 364 853
354 854 364 856
354 857 364 859
354 922 386 922
354 923 386 923
354 950 364 952
355 22 365 24
355 29 387 29
355 49 365 51
355 52 365 54
355 55 365 57
355 114 387 114
355 197 365 199
355 235 365 237
355 238 365 240
355 400 387 400
355 401 387 401
355 404 357 414
355 656 365 658
355 669 387 669
355 724 365 726
355 770 365 772
355 780 382 780
355 978 387 978
356 3 366 5
356 30 388 30
356 37 388 37
356 61 366 63
356 113 388 113
356 132 366 134
356 200 366 202
356 204 366 206
356 213 366 215
356 339 388 339
351 341 366 342
356 376 388 376
356 436 366 438
356 439 366 441
356 442 388 442
356 443 388 443
356 464 366 466
356 474 366 476
356 496 388 496
356 497 388 497
356 577 363 580
356 609 366 611
356 636 366 638
356 639 366 641
356 642 366 644
356 650 366 652
356 740 388 740
356 741 388 741
356 747 387 747
356 758 358 768
356 819 366 821
356 822 366 824
356 834 358 844
356 849 388 849
357 0 367 2
357 8 389 8
357 9 389 9
357 125 389 125
357 141 372 142
357 173 367 175
357 250 367 252
357 283 367 285
357 286 389 286
357 313 386 313
357 370 389 370
357 417 367 419
357 505 389 505
357 539 389 539
357 540 367 542
357 543 372 544
357 589 372 590
357 614 389 614
357 628 389 628
357 665 389 665
357 670 389 670
357 688 367 690
357 716 367 718
357 730 389 730
357 755 389 755
357 786 367 788
357 814 389 814
357 815 389 815
357 816 389 816
357 866 367 868
357 903 389 903
357 904 367 906
357 907 367 909
357 917 367 919
357 925 389 925
357 926 389 926
357 980 389 980
357 981 389 981
357 982 389 982
357 990 367 992
358 40 390 40
358 117 368 119
358 121 390 121
358 152 390 152
358 157 368 159
355 160 382 160
358 167 368 169
358 170 388 170
358 171 388 171
358 186 390 186
358 187 390 187
358 192 390 192
358 245 368 247
358 248 390 248
358 249 390 249
358 253 390 253
358 270 390 270
352 271 384 271
358 280 390 280
358 281 390 281
358 294 368 296
358 343 390 343
358 344 390 344
358 395 368 397
358 399 390 399
358 404 360 414
358 421 390 421
358 653 390 653
358 654 390 654
358 722 385 722
358 752 368 754
358 757 390 757
357 833 389 833
359 93 369 95
359 96 369 98
358 99 390 99
359 101 369 103
359 321 369 323
359 346 369 348
359 357 369 359
359 368 391 368
359 369 391 369
359 453 369 455
359 513 369 515
359 562 391 562
359 698 391 698
359 758 361 768
359 834 361 844
359 885 391 885
359 902 391 902
359 929 369 931
359 932 369 934
359 938 369 940
359 941 369 943
359 944 369 946
359 954 369 956
359 961 391 961
359 970 369 972
359 976 391 976
359 977 391 977
360 42 392 42
360 105 392 105
360 106 375 107
360 108 370 110
360 231 392 231
360 254 392 254
360 266 392 266
360 267 392 267
360 289 392 289
360 291 370 293
360 364 389 364
360 383 370 385
360 425 370 427
360 428 370 430
360 480 392 480
360 481 392 481
360 517 392 517
360 586 370 588
360 676 370 678
360 679 392 679
360 680 392 680
360 693 392 693
360 694 388 694
355 748 387 748
360 898 370 900
360 901 392 901
360 924 392 924
360 958 392 958
360 987 392 987
361 65 371 67
361 68 393 68
361 126 371 128
361 131 393 131
361 143 371 145
361 146 371 148
361 166 393 166
361 220 371 222
361 255 393 255
361 324 371 326
361 330 393 330
361 377 371 379
361 380 371 382
361 404 363 414
361 456 371 458
361 459 371 461
361 530 371 532
361 533 393 533
361 554 371 556
361 603 393 603
361 605 371 607
361 632 371 634
361 635 393 635
361 792 371 794
361 806 371 808
361 862 371 864
361 865 393 865
361 870 371 872
361 873 371 875
361 876 371 878
362 149 394 149
362 150 394 150
373 210 394 210
358 210 372 211
362 305 394 305
362 448 394 448
362 449 394 449
362 499 372 501
362 504 394 504
362 506 372 508
362 510 394 510
362 511 392 511
362 546 372 548
362 563 394 563
362 592 372 594
362 758 364 768
362 795 372 797
362 798 372 800
362 804 394 804
362 805 394 805
362 834 364 844
362 886 394 886
362 887 394 887
362 897 394 897
362 914 372 916
362 927 394 927
362 928 394 928
362 995 372 997
363 20 395 20
362 39 394 39
363 46 395 46
363 58 373 60
363 73 373 75
363 76 393 76
363 100 395 100
363 115 395 115
363 165 395 165
363 191 395 191
363 233 378 234
363 261 395 261
363 274 395 274
363 290 395 290
363 297 395 297
363 298 395 298
363 307 373 309
363 444 373 446
363 518 373 520
363 521 373 523
363 524 395 524
363 525 395 525
363 559 373 561
363 569 373 571
363 626 395 626
363 660 373 662
363 673 395 673
363 682 395 682
363 683 395 683
363 756 395 756
363 791 395 791
363 827 373 829
363 846 373 848
363 888 373 890
363 896 395 896
364 7 396 7
364 12 374 14
364 15 396 15
364 17 374 19
364 21 396 21
364 135 374 137
364 153 396 153
364 178 374 180
364 183 374 185
364 258 374 260
364 263 396 263
364 277 396 277
364 278 396 278
364 333 396 333
364 334 396 334
364 404 374 406
364 407 374 409
364 410 374 412
364 413 396 413
364 414 396 414
364 447 396 447
364 451 392 451
364 452 392 452
364 472 396 472
364 489 396 489
364 492 374 494
363 536 395 536
364 545 396 545
364 567 396 567
364 568 396 568
364 577 374 579
364 580 396 580
364 647 374 649
364 708 374 710
364 711 374 713
364 732 374 734
364 749 374 751
364 784 396 784
364 785 396 785
364 965 374 967
362 36 394 36
365 38 397 38
365 82 375 84
365 86 375 88
365 188 375 190
365 212 397 212
365 242 375 244
365 361 397 361
365 362 397 362
365 373 375 375
365 388 375 390
365 391 375 393
365 420 397 420
365 551 397 551
365 574 375 576
365 596 375 598
365 618 375 620
365 621 375 623
365 758 367 768
365 834 367 844
365 851 375 853
365 854 375 856
365 857 375 859
365 860 397 860
365 883 397 883
365 884 397 884
365 912 397 912
365 913 397 913
365 950 375 952
365 998 392 998
365 999 392 999
366 22 376 24
366 49 376 51
366 52 398 52
366 53 376 55
366 56 398 56
366 57 398 57
366 154 398 154
366 162 381 163
366 197 376 199
366 228 398 228
366 235 376 237
366 238 376 240
366 241 398 241
366 304 394 304
366 306 394 306
366 353 398 353
366 355 398 355
366 477 376 479
366 550 398 550
366 655 376 657
366 658 398 658
366 668 398 668
366 672 398 672
366 724 376 726
366 727 398 727
366 770 376 772
366 775 381 776
366 960 398 960
367 3 377 5
367 6 399 6
367 27 399 27
367 28 399 28
367 61 377 63
367 79 399 79
367 132 399 132
367 134 399 134
367 196 399 196
367 200 377 202
367 204 377 206
367 207 377 209
367 213 399 213
367 214 399 214
367 215 399 215
367 218 399 218
367 219 399 219
367 312 399 312
365 336 397 336
367 341 399 341
367 342 399 342
367 352 399 352
367 386 399 386
367 436 377 438
367 439 377 441
367 464 377 466
367 473 377 475
367 476 399 476
367 509 399 509
367 584 399 584
367 609 377 611
367 612 399 612
367 613 399 613
367 636 377 638
367 639 377 641
367 642 377 644
367 650 377 652
367 701 399 701
367 721 399 721
367 723 399 723
367 790 399 790
367 819 377 821
367 822 377 824
368 0 378 2
368 85 400 85
368 139 400 139
368 140 400 140
368 151 400 151
368 173 378 175
368 250 378 252
368 275 400 275
368 283 378 285
368 417 378 419
368 467 400 467
368 527 383 528
368 540 378 542
368 663 383 664
368 688 378 690
368 691 400 691
368 692 400 692
368 695 400 695
368 716 378 718
368 731 400 731
368 736 400 736
368 758 370 768
368 769 400 769
368 786 378 788
368 817 400 817
368 818 400 818
368 834 370 844
368 866 378 868
366 869 398 869
368 904 378 906
368 907 378 909
368 917 378 919
367 937 399 937
368 990 378 992
369 16 401 16
369 116 379 118
369 119 401 119
369 120 401 120
369 138 401 138
369 157 379 159
369 167 379 169
369 245 379 247
369 294 379 296
369 300 401 300
369 318 379 320
369 331 401 331
369 332 401 332
369 395 379 397
369 398 401 398
369 402 401 402
369 403 401 403
369 566 396 566
369 600 401 600
369 630 401 630
369 705 401 705
369 737 383 738
369 752 384 753
369 754 401 754
369 832 401 832
369 959 401 959
369 993 400 993
369 994 401 994
370 32 399 32
370 34 402 34
370 35 402 35
370 93 380 95
370 96 380 98
370 101 380 103
370 272 402 272
370 321 380 323
370 346 380 348
370 349 402 349
370 350 402 350
370 357 402 357
370 358 402 358
370 422 402 422
370 423 402 423
370 453 380 455
370 513 380 515
370 601 401 601
363 697 395 697
370 910 402 910
370 929 380 931
370 932 380 934
370 938 402 938
370 939 402 939
370 940 380 942
370 943 380 945
370 946 380 948
370 954 380 956
370 970 380 972
371 108 381 110
381 226 396 227
369 226 380 227
371 291 381 293
371 383 381 385
371 425 381 427
371 428 381 430
371 431 403 431
371 432 403 432
370 435 402 435
371 586 381 588
371 629 403 629
371 671 403 671
371 676 381 678
371 685 403 685
371 686 403 686
371 729 403 729
371 758 373 768
371 834 373 844
371 898 381 900
371 921 403 921
372 65 387 66
372 126 382 128
372 143 382 145
372 146 382 148
372 220 382 222
372 324 382 326
372 327 382 329
372 377 382 379
372 380 382 382
372 456 382 458
372 459 404 459
372 460 404 460
372 461 404 461
372 462 404 462
372 530 382 532
372 552 404 552
372 554 382 556
372 605 382 607
372 608 404 608
372 615 404 615
372 617 402 617
370 627 402 627
372 632 382 634
372 666 404 666
372 719 387 720
372 792 382 794
372 806 382 808
372 809 382 811
372 825 404 825
372 826 404 826
372 862 382 864
372 870 374 880
372 911 404 911
372 964 404 964
373 77 405 77
373 78 405 78
373 133 405 133
373 142 405 142
372 193 404 193
373 211 405 211
373 340 405 340
373 345 402 345
373 356 405 356
373 482 405 482
373 483 405 483
373 484 405 484
373 498 380 501
373 506 383 508
373 512 405 512
373 543 388 544
373 546 405 546
373 547 405 547
373 589 405 589
373 590 405 590
373 592 383 594
373 706 405 706
373 746 403 746
373 774 405 774
373 795 383 797
373 798 383 800
373 801 383 803
373 914 383 916
373 968 405 968
373 995 383 997
374 43 406 43
374 44 406 44
374 47 406 47
374 58 384 60
374 73 384 75
374 141 406 141
374 155 406 155
374 156 406 156
374 307 384 309
374 444 384 446
374 463 406 463
374 518 384 520
374 521 384 523
374 537 406 537
374 538 406 538
374 548 406 548
374 559 384 561
374 569 384 571
374 660 384 662
374 684 406 684
374 728 406 728
374 758 376 768
374 777 384 779
374 827 406 827
374 828 406 828
374 829 389 830
374 834 376 844
374 846 384 848
374 850 406 850
374 888 384 890
374 894 405 894
374 895 406 895
375 10 407 10
375 12 385 14
375 17 385 19
375 135 385 137
375 178 385 180
375 183 407 183
375 184 407 184
375 258 385 260
375 268 403 268
375 279 407 279
375 335 407 335
375 337 407 337
375 338 407 338
375 359 407 359
375 404 385 406
375 407 385 409
375 410 385 412
375 468 407 468
375 487 407 487
375 488 407 488
375 492 385 494
375 535 407 535
375 577 385 579
375 604 407 604
375 647 385 649
375 687 407 687
375 708 385 710
375 711 385 713
375 714 407 714
375 715 407 715
375 732 385 734
375 749 385 751
375 773 407 773
375 870 377 880
375 953 407 953
375 965 385 967
375 988 407 988
375 989 407 989
376 67 408 67
376 82 386 84
376 86 386 88
376 92 408 92
376 106 408 106
376 107 408 107
376 164 408 164
376 188 408 188
376 190 408 190
376 230 408 230
376 242 386 244
376 303 408 303
376 373 386 375
376 388 386 390
376 391 386 393
376 574 386 576
376 583 408 583
376 596 386 598
376 618 386 620
376 621 386 623
376 624 408 624
376 681 408 681
374 742 406 742
376 745 403 745
376 851 408 851
376 852 386 854
376 855 408 855
376 856 386 858
376 859 408 859
376 950 386 952
377 22 387 24
377 26 409 26
377 31 409 31
377 49 387 51
377 53 387 55
377 124 409 124
377 129 409 129
374 130 406 130
377 197 387 199
377 229 409 229
377 235 409 235
377 236 409 236
377 237 387 239
377 240 409 240
377 424 409 424
377 477 387 479
377 553 409 553
377 655 387 657
377 667 409 667
377 674 409 674
377 724 387 726
377 758 387 760
377 761 387 763
377 764 387 766
377 767 409 767
377 768 409 768
377 770 387 772
377 834 379 844
377 845 409 845
377 984 409 984
377 985 409 985
378 3 410 3
378 4 410 4
378 5 410 5
378 61 388 63
378 64 410 64
371 104 403 104
378 200 388 202
378 204 388 206
378 207 388 209
378 273 410 273
378 387 410 387
378 436 388 438
378 439 388 441
378 464 388 466
378 469 410 469
378 470 410 470
378 473 388 475
378 502 410 502
378 503 410 503
378 526 410 526
378 609 388 611
378 636 380 646
378 650 388 652
378 739 410 739
378 819 388 821
378 822 388 824
378 861 410 861
378 870 380 880
378 957 410 957
379 0 389 2
379 172 389 174
379 175 389 177
379 233 411 233
379 234 411 234
379 250 389 252
379 265 411 265
379 282 389 284
379 285 411 285
379 310 411 310
379 311 411 311
379 314 411 314
379 315 411 315
379 351 411 351
379 354 411 354
379 365 389 367
379 417 389 419
379 540 389 542
379 688 389 690
379 716 389 718
379 786 389 788
379 866 389 868
379 904 389 906
379 907 389 909
379 917 389 919
379 983 411 983
379 990 389 992
380 70 412 70
380 71 412 71
380 116 390 118
380 122 412 122
380 123 412 123
380 157 390 159
380 167 390 169
380 245 390 247
380 294 390 296
380 299 412 299
380 318 390 320
380 360 412 360
380 395 390 397
380 659 412 659
380 675 411 675
380 702 390 704
380 707 412 707
380 789 412 789
380 834 382 844
380 962 412 962
380 963 408 963
381 41 413 41
381 45 413 45
381 93 391 95
381 96 391 98
381 101 391 103
381 269 413 269
381 321 391 323
381 346 391 348
381 450 408 450
381 453 391 455
381 498 388 501
381 513 391 515
381 516 413 516
381 581 413 581
381 582 413 582
381 599 413 599
381 602 413 602
381 636 383 646
381 735 413 735
381 870 383 880
381 929 391 931
381 932 391 934
381 940 391 942
381 943 391 945
381 946 391 948
381 954 413 954
381 955 413 955
381 956 413 956
381 970 391 972
381 973 413 973
381 974 413 974
382 81 414 81
382 108 392 110
382 111 414 111
382 112 410 112
382 162 414 162
382 163 414 163
382 194 414 194
382 195 414 195
382 256 414 256
382 257 414 257
382 276 414 276
382 287 414 287
382 288 414 288
382 291 392 293
382 363 414 363
382 372 414 372
382 383 392 385
382 425 392 427
382 428 414 428
382 429 414 429
382 430 414 430
382 565 406 565
382 586 392 588
382 676 392 678
382 696 414 696
382 775 397 776
382 813 414 813
382 881 414 881
382 882 414 882
382 898 392 900
382 975 414 975
383 69 415 69
383 72 415 72
383 126 393 128
383 143 393 145
383 146 393 148
383 160 398 161
383 203 415 203
383 216 415 216
383 217 415 217
383 220 393 222
383 223 415 223
383 224 415 224
383 324 393 326
383 327 393 329
383 371 415 371
383 377 393 379
383 380 393 382
383 456 393 458
383 530 393 532
383 554 415 554
383 555 390 558
383 605 415 605
383 607 415 607
383 616 415 616
383 632 393 634
383 792 393 794
383 806 415 806
383 807 393 809
383 810 393 812
383 834 385 844
383 862 393 864
383 949 415 949
383 979 415 979
384 11 416 11
384 225 416 225
384 471 416 471
384 486 416 486
384 506 394 508
384 527 416 527
384 528 416 528
384 572 416 572
384 573 416 573
384 585 416 585
384 592 394 594
384 595 416 595
384 636 386 646
384 663 416 663
384 664 416 664
384 795 394 797
384 798 394 800
384 801 394 803
384 870 386 880
384 914 394 916
384 995 394 997
385 48 415 48
385 58 395 60
385 73 395 75
385 271 417 271
385 301 417 301
385 302 417 302
385 307 395 309
385 316 417 316
385 317 417 317
385 415 411 415
385 416 417 416
385 444 395 446
385 518 395 520
385 521 395 523
385 559 395 561
385 564 417 564
385 569 417 569
385 570 417 570
385 571 417 571
385 625 417 625
385 660 395 662
384 737 399 738
385 752 417 752
385 753 417 753
385 777 395 779
383 831 415 831
385 846 395 848
385 888 395 890
385 891 395 893
386 12 396 14
386 17 396 19
386 80 414 80
386 135 396 137
386 178 396 179
397 181 418 181
386 258 396 260
385 262 417 262
386 264 418 264
386 404 396 406
386 407 396 409
386 410 396 412
386 433 418 433
386 485 418 485
386 490 396 492
386 493 396 495
386 529 418 529
386 534 418 534
386 549 418 549
386 577 396 579
386 591 418 591
386 631 418 631
386 647 401 648
386 649 418 649
386 700 418 700
386 708 396 710
386 711 396 713
386 732 396 734
386 743 418 743
386 749 418 749
386 750 418 750
386 751 418 751
386 781 396 783
386 834 396 836
386 837 396 839
386 840 396 842
386 843 418 843
386 844 418 844
386 920 418 920
386 935 418 935
386 936 418 936
386 965 396 967
386 969 411 969
386 986 418 986
387 25 419 25
387 33 419 33
387 82 397 84
387 86 397 88
387 89 397 91
386 180 396 182
387 185 419 185
387 232 419 232
387 242 397 244
387 373 397 375
387 388 391 393
387 394 419 394
387 434 419 434
387 574 397 576
387 596 397 598
387 618 397 620
387 621 397 623
387 636 389 646
387 699 419 699
387 744 419 744
387 852 397 854
387 856 397 858
387 870 389 880
387 922 419 922
387 923 419 923
387 950 397 952
388 22 420 22
388 23 420 23
388 24 420 24
388 29 420 29
388 49 398 51
388 53 398 55
388 65 420 65
388 66 420 66
388 114 420 114
388 197 398 199
388 237 398 239
388 400 420 400
388 401 420 401
388 477 398 479
388 655 398 657
388 669 420 669
388 719 420 719
388 720 420 720
388 724 398 726
388 747 403 748
388 758 398 760
388 761 398 763
388 764 398 766
388 770 398 772
383 780 415 780
388 978 420 978
389 30 421 30
389 37 421 37
389 61 399 63
389 113 421 113
389 200 399 202
389 204 399 206
389 207 399 209
389 339 421 339
389 376 421 376
389 436 399 438
389 439 421 439
389 440 421 440
389 441 399 443
389 464 399 466
389 473 399 475
389 496 399 498
389 499 399 501
389 543 421 543
389 544 421 544
389 609 399 611
389 650 399 652
389 740 421 740
389 741 421 741
389 819 399 821
389 822 399 824
389 849 421 849
390 0 400 2
390 8 422 8
390 9 422 9
390 125 419 125
390 172 400 174
390 175 400 177
390 250 400 252
390 282 400 284
390 286 422 286
387 313 419 313
398 365 422 365
390 364 397 367
390 370 422 370
390 417 400 419
390 505 422 505
390 539 400 541
390 542 422 542
390 606 422 606
390 614 422 614
390 628 421 628
390 636 392 646
390 665 420 665
390 670 422 670
390 688 400 690
390 716 400 718
390 730 422 730
390 755 422 755
390 786 400 788
390 814 400 816
390 829 422 829
390 830 422 830
390 833 415 833
390 866 400 868
390 870 392 880
390 903 400 905
390 906 400 908
390 909 422 909
390 918 422 918
390 925 422 925
390 926 422 926
390 980 400 982
390 990 400 992
391 40 423 40
391 99 423 99
391 116 401 118
391 121 422 121
391 152 423 152
391 157 423 157
391 159 423 159
391 167 401 169
389 170 404 171
391 186 423 186
391 187 423 187
391 192 423 192
391 245 401 247
391 248 423 248
391 249 423 249
391 253 423 253
391 270 423 270
391 280 423 280
391 281 423 281
391 294 401 296
391 318 401 320
391 343 423 343
391 344 423 344
391 395 401 397
391 399 423 399
391 421 422 421
391 556 423 556
391 557 423 557
391 558 423 558
391 653 421 653
391 654 423 654
391 702 401 704
386 722 418 722
391 757 423 757
392 93 402 95
392 96 402 98
392 101 402 103
392 321 402 323
392 346 402 348
392 368 424 368
392 369 424 369
392 388 402 390
392 391 402 393
392 453 402 455
392 513 402 515
392 562 424 562
392 698 424 698
392 885 424 885
392 902 424 902
392 929 402 931
392 932 402 934
392 940 402 942
392 943 402 945
392 946 402 948
392 961 424 961
392 970 402 972
392 976 424 976
392 977 423 977
393 42 425 42
393 105 425 105
393 108 403 110
393 231 425 231
393 254 425 254
393 266 425 266
393 267 425 267
393 289 425 289
393 291 403 293
393 383 403 385
393 425 403 427
393 480 425 480
393 481 425 481
393 517 425 517
393 586 403 588
393 636 395 646
393 676 400 678
393 679 425 679
393 680 425 680
393 693 425 693
389 694 421 694
393 870 395 880
393 898 403 900
393 901 425 901
393 924 425 924
393 958 425 958
393 987 425 987
394 68 426 68
394 126 404 128
394 131 426 131
394 143 404 145
394 146 404 148
394 166 426 166
394 220 404 222
394 255 426 255
394 324 426 324
394 325 426 325
394 326 404 328
394 329 426 329
394 330 426 330
394 377 426 377
394 378 404 380
394 381 426 381
394 382 426 382
394 456 404 458
394 530 426 530
394 531 426 531
394 533 426 533
394 603 426 603
394 632 404 634
394 635 426 635
394 792 404 794
394 807 404 809
394 810 404 812
394 862 404 864
394 865 426 865
395 36 427 36
395 39 427 39
395 149 427 149
395 150 427 150
395 158 427 158
395 189 427 189
395 210 427 210
405 305 427 305
395 448 427 448
395 449 427 449
395 504 427 504
395 506 405 508
395 510 425 510
393 511 425 511
395 563 427 563
395 592 405 594
395 795 397 805
395 886 427 886
395 887 427 887
395 897 427 897
395 914 405 915
395 916 410 917
395 927 427 927
395 928 427 928
395 995 405 997
396 20 428 20
396 46 428 46
396 58 406 60
396 73 406 75
394 76 426 76
396 100 428 100
396 115 428 115
396 165 428 165
396 191 427 191
396 261 428 261
396 274 428 274
396 290 428 290
396 297 428 297
396 298 428 298
396 307 428 307
396 308 428 308
396 309 428 309
396 444 428 444
396 445 428 445
396 446 428 446
396 518 406 520
396 521 406 523
396 524 428 524
396 525 428 525
396 536 428 536
396 559 406 561
396 626 428 626
396 636 398 646
396 660 406 662
396 673 428 673
396 682 428 682
396 683 428 683
396 697 428 697
396 756 428 756
396 777 406 779
396 791 428 791
396 846 406 848
396 870 398 879
396 888 406 890
396 891 406 893
396 896 428 896
396 919 428 919
397 7 429 7
397 12 407 14
397 15 429 15
397 17 407 19
397 21 429 21
397 135 406 137
397 153 429 153
397 178 407 180
397 182 429 182
397 258 407 260
397 263 429 263
397 277 429 277
397 278 429 278
397 333 429 333
397 334 429 334
397 404 399 414
397 447 429 447
393 451 408 452
397 472 429 472
397 489 407 491
397 492 407 494
397 495 429 495
397 545 429 545
397 555 429 555
407 567 429 567
397 566 406 568
397 577 407 579
397 580 429 580
397 708 407 710
397 711 407 713
397 732 407 734
397 781 407 783
397 784 429 784
397 785 429 785
397 834 407 836
397 837 412 838
397 839 407 841
397 842 429 842
397 965 405 967
398 38 430 38
398 82 408 84
398 86 408 88
398 89 408 91
398 212 430 212
398 242 408 244
398 336 430 336
398 361 430 361
398 362 430 362
398 364 430 364
398 367 430 367
398 373 430 373
398 374 430 374
398 375 430 375
398 420 422 420
398 551 430 551
398 574 408 576
398 596 408 598
398 618 408 620
398 621 408 623
398 775 430 775
398 776 430 776
398 795 400 805
398 852 408 854
398 856 408 858
398 860 430 860
398 883 430 883
398 884 430 884
398 912 430 912
398 913 430 913
398 950 408 952
407 998 430 998
393 998 406 999
399 49 409 51
399 52 409 54
399 55 409 57
399 154 431 154
399 160 431 160
399 161 431 161
399 197 409 199
399 228 431 228
399 237 409 239
399 241 431 241
395 304 404 306
399 353 431 353
399 355 431 355
399 366 431 366
399 477 409 479
399 532 431 532
399 550 431 550
399 636 401 646
399 655 409 657
399 658 431 658
399 668 431 668
399 672 429 672
399 724 409 726
399 727 431 727
399 758 409 760
399 761 431 761
399 762 409 764
399 765 431 765
399 766 431 766
399 770 409 772
399 869 401 878
396 880 428 880
399 960 431 960
400 6 432 6
400 27 415 28
400 61 410 63
400 79 430 79
400 132 432 132
400 196 432 196
400 200 410 202
400 204 410 206
400 207 410 209
400 213 410 215
400 218 432 218
400 219 432 219
400 312 432 312
400 341 432 341
400 342 432 342
400 352 432 352
400 386 432 386
400 404 402 414
400 436 410 438
400 441 410 443
400 464 410 466
400 473 410 475
400 476 432 476
400 496 432 496
400 497 410 499
400 500 432 500
400 501 432 501
400 509 432 509
400 584 432 584
400 609 410 611
400 612 432 612
400 613 432 613
400 650 410 652
400 701 432 701
400 721 432 721
400 723 432 723
400 737 432 737
400 738 432 738
400 790 432 790
400 819 410 821
400 822 410 824
400 937 431 937
401 0 411 2
401 85 431 85
401 139 433 139
401 140 433 140
401 151 433 151
401 172 411 174
401 175 411 177
401 250 411 252
401 275 433 275
401 282 411 284
401 417 411 419
401 467 433 467
401 539 411 541
401 688 411 690
401 691 433 691
401 692 433 692
401 695 433 695
401 716 411 718
401 731 433 731
401 736 433 736
401 769 433 769
401 786 411 788
401 795 403 805
401 814 411 816
401 817 433 817
401 818 433 818
401 866 411 868
401 903 411 905
401 906 411 908
401 980 411 982
401 990 433 990
401 991 411 993
402 16 434 16
402 116 412 118
402 119 434 119
402 120 434 120
402 138 434 138
402 167 412 169
402 227 434 227
402 245 412 247
402 294 434 294
402 295 434 295
402 296 434 296
402 300 434 300
402 318 412 320
402 331 434 331
402 332 434 332
402 395 412 397
402 398 434 398
402 402 434 402
402 403 434 403
402 600 417 601
402 630 434 630
402 636 404 646
402 647 434 647
402 648 434 648
402 702 412 704
402 705 434 705
402 754 434 754
402 832 434 832
402 869 404 878
402 959 434 959
402 994 433 994
400 32 432 32
403 34 435 34
403 35 435 35
403 93 413 95
403 96 413 98
403 101 413 103
403 272 435 272
403 321 413 323
403 345 410 348
403 349 418 350
403 357 435 357
403 358 435 358
403 388 435 388
403 389 413 391
403 392 435 392
403 404 405 414
403 422 435 422
403 423 435 423
403 435 435 435
403 453 413 455
403 513 413 515
403 627 435 627
403 910 435 910
403 929 413 931
403 932 413 934
403 938 405 948
403 970 413 972
404 104 436 104
404 108 414 110
404 226 436 226
404 291 414 293
404 383 414 385
404 425 414 427
404 431 436 431
404 432 436 432
404 586 414 588
404 629 436 629
404 671 436 671
411 676 436 676
411 677 436 677
401 676 410 678
404 685 436 685
404 686 436 686
404 729 436 729
412 747 436 747
404 745 411 748
404 795 406 805
404 898 414 900
404 921 436 921
405 126 415 128
405 143 437 143
405 144 415 146
405 147 437 147
405 148 437 148
405 170 437 170
405 171 437 171
405 193 437 193
405 220 415 222
405 304 437 304
405 306 437 306
405 326 415 328
405 378 415 380
405 456 415 458
405 459 415 461
405 462 437 462
405 552 437 552
405 608 437 608
405 615 437 615
403 617 431 617
405 632 415 634
405 636 407 646
405 666 435 666
405 792 415 794
405 807 412 810
405 811 420 812
405 825 437 825
405 826 437 826
405 862 415 864
405 869 415 871
405 872 437 872
405 873 437 873
405 874 437 874
405 875 415 877
405 878 437 878
399 879 431 879
405 911 437 911
406 77 438 77
406 78 438 78
406 133 438 133
406 142 438 142
406 211 438 211
406 340 438 340
406 356 432 356
406 393 438 393
406 404 408 414
406 482 416 484
406 506 438 506
406 507 438 507
406 508 438 508
406 512 438 512
406 546 438 546
406 547 438 547
406 589 438 589
406 590 438 590
406 592 416 594
406 706 438 706
406 774 438 774
406 914 438 914
406 915 438 915
406 938 416 940
406 941 416 943
406 944 416 946
406 947 438 947
406 948 438 948
406 964 411 968
406 995 416 997
407 43 439 43
407 44 439 44
407 47 439 47
407 58 417 60
407 73 417 75
407 130 439 130
407 134 414 137
407 141 439 141
407 155 437 155
407 156 437 156
407 463 439 463
407 518 417 520
407 521 417 523
407 537 439 537
407 538 439 538
407 548 439 548
407 559 417 561
407 565 422 566
407 660 417 662
407 684 439 684
407 728 439 728
407 742 439 742
407 777 417 779
407 795 409 805
407 827 439 827
407 828 439 828
407 846 417 848
407 850 439 850
407 888 417 890
407 891 417 893
406 894 437 894
407 895 437 895
407 999 439 999
408 10 440 10
408 12 418 14
408 17 418 19
408 178 418 180
408 183 440 183
408 184 440 184
408 258 418 260
404 268 436 268
408 279 440 279
408 335 440 335
408 337 440 337
408 338 440 338
408 359 440 359
408 468 440 468
408 487 418 489
408 490 418 492
408 493 440 493
408 494 440 494
408 535 440 535
408 577 417 579
408 604 440 604
408 636 410 646
408 687 440 687
408 708 418 710
408 711 418 713
408 714 440 714
408 715 440 715
408 732 418 734
408 773 440 773
408 781 418 783
408 834 418 836
408 839 418 841
408 953 440 953
408 988 440 988
408 989 440 989
409 67 441 67
409 82 419 84
409 86 419 88
409 89 419 91
409 92 441 92
409 106 441 106
409 107 441 107
409 164 441 164
409 188 439 188
409 190 441 190
409 230 441 230
409 242 419 244
409 303 441 303
409 404 411 414
409 450 419 452
409 574 441 574
409 575 441 575
409 576 441 576
409 583 441 583
409 596 419 598
409 618 419 620
409 621 419 623
409 624 441 624
409 681 441 681
409 851 419 853
409 854 419 856
409 857 419 859
409 950 419 952
410 26 442 26
410 31 442 31
410 49 420 51
410 52 420 54
410 55 420 57
410 124 442 124
410 129 442 129
410 197 420 199
410 229 441 229
410 235 420 237
410 238 420 240
410 424 442 424
410 477 420 479
410 553 442 553
410 655 420 657
410 667 442 667
410 674 442 674
410 724 420 726
410 758 420 760
410 762 420 764
410 767 442 767
410 768 442 768
410 770 420 772
410 795 412 805
410 845 442 845
410 984 442 984
410 985 442 985
411 3 421 5
411 61 421 63
411 64 443 64
411 200 419 202
411 204 421 206
411 207 421 209
411 213 421 215
411 273 443 273
411 345 418 348
411 387 441 387
411 436 421 438
411 441 421 443
411 464 421 466
411 469 443 469
411 470 443 470
411 473 421 475
411 497 421 499
411 502 443 502
411 503 443 503
411 526 443 526
411 609 421 611
411 636 413 646
411 650 421 652
411 678 443 678
411 739 443 739
411 819 421 821
411 822 421 824
411 861 443 861
411 916 443 916
411 917 443 917
411 957 443 957
412 0 422 2
412 172 422 174
412 175 422 177
412 233 444 233
412 234 444 234
412 250 422 252
412 265 444 265
412 282 422 284
412 285 444 285
412 310 444 310
412 311 444 311
412 314 427 315
412 351 444 351
412 354 444 354
412 404 422 406
412 407 422 409
412 410 422 412
412 413 444 413
412 414 427 415
412 417 422 419
412 539 422 541
412 688 422 690
412 716 420 718
412 745 444 745
412 746 444 746
412 748 444 748
412 786 422 788
412 814 422 816
412 866 422 868
412 903 422 905
412 906 422 908
412 964 422 966
412 967 422 969
412 980 422 982
412 983 444 983
412 991 422 993
413 70 445 70
413 71 445 71
413 116 423 118
413 122 445 122
413 123 445 123
413 167 445 167
413 168 445 168
413 169 445 169
413 245 421 247
413 299 445 299
413 318 423 320
413 360 445 360
413 395 423 397
413 568 445 568
413 659 445 659
412 675 444 675
413 702 423 704
413 707 445 707
413 789 445 789
413 795 415 805
413 807 423 809
413 810 445 810
413 837 445 837
413 838 445 838
413 962 445 962
409 963 441 963
414 41 446 41
414 45 446 45
414 93 424 95
414 96 424 98
414 101 424 103
414 269 446 269
414 321 424 323
414 389 424 391
414 453 424 455
414 513 424 515
414 516 446 516
414 581 429 582
414 599 446 599
414 602 446 602
414 636 416 646
414 735 446 735
414 929 424 931
414 932 424 934
414 954 424 956
414 970 424 972
414 973 446 973
414 974 446 974
415 80 430 81
415 108 447 108
415 109 425 111
411 112 443 112
415 134 425 136
415 137 447 137
415 162 447 162
415 163 447 163
415 194 447 194
415 195 447 195
415 256 447 256
415 257 447 257
415 276 447 276
415 287 447 287
415 288 447 288
415 291 425 293
415 363 447 363
415 372 447 372
415 383 447 383
415 384 447 384
415 385 447 385
415 425 425 427
415 428 425 430
415 586 425 588
415 696 447 696
415 813 447 813
415 881 447 881
415 898 425 900
415 975 447 975
416 27 448 27
416 28 448 28
416 69 448 69
416 72 448 72
416 126 426 128
416 144 426 146
416 203 448 203
416 216 448 216
416 217 448 217
416 220 426 222
416 223 448 223
416 224 448 224
416 326 426 328
416 371 448 371
416 378 426 380
416 456 426 458
416 459 426 461
416 554 448 554
416 605 448 605
416 607 448 607
416 616 447 616
416 632 426 634
416 780 448 780
416 792 418 802
416 803 426 805
416 806 448 806
416 831 448 831
416 862 426 864
416 869 426 871
416 875 426 877
416 949 447 949
416 979 448 979
417 11 443 11
417 225 449 225
417 471 449 471
417 482 427 484
417 486 449 486
417 527 449 527
417 528 449 528
417 572 449 572
417 573 449 573
417 585 449 585
417 592 427 594
417 595 449 595
417 636 419 646
417 663 449 663
417 664 449 664
417 938 427 940
417 941 427 943
417 944 427 946
417 995 427 997
416 48 448 48
418 58 428 60
418 73 428 75
418 262 445 262
418 271 450 271
418 301 450 301
418 302 450 302
418 316 450 316
418 317 450 317
418 416 450 416
418 518 428 520
418 521 428 523
418 559 428 561
418 564 450 564
418 569 428 571
418 600 450 600
418 601 450 601
418 625 450 625
418 660 428 662
418 752 450 752
418 753 450 753
418 777 428 779
418 846 428 848
418 888 428 890
418 891 428 893
419 12 429 14
419 17 429 19
419 178 429 180
419 181 451 181
419 258 429 260
419 264 451 264
419 345 429 347
419 348 429 350
419 433 451 433
419 485 451 485
419 487 429 489
419 490 429 492
419 529 447 529
419 534 451 534
419 549 451 549
428 577 451 577
418 577 427 579
419 591 451 591
419 631 450 631
419 649 451 649
419 700 451 700
419 708 429 710
419 711 429 713
419 722 451 722
419 732 429 734
419 743 451 743
419 749 429 751
419 781 429 783
419 792 421 802
419 834 429 836
419 839 429 841
419 843 451 843
419 844 451 844
419 920 451 920
419 935 451 935
419 936 451 936
419 986 451 986
420 25 452 25
420 33 452 33
420 82 430 84
420 86 430 88
420 89 430 91
420 185 452 185
420 232 452 232
420 242 452 242
420 243 452 243
420 313 452 313
420 394 452 394
420 434 452 434
420 450 452 450
420 451 452 451
420 452 452 452
420 596 430 598
420 618 430 620
420 621 430 623
420 636 422 646
420 699 452 699
420 744 452 744
420 851 430 853
420 854 430 856
420 857 430 859
420 922 452 922
420 923 452 923
420 950 430 952
421 22 431 24
421 29 453 29
421 49 428 51
421 52 428 55
421 56 451 56
421 57 451 57
421 65 448 65
421 66 448 66
421 114 453 114
421 197 431 199
421 235 431 237
421 238 431 240
421 400 453 400
421 401 453 401
421 477 431 479
421 655 431 657
421 669 453 669
427 719 453 719
421 716 426 720
421 724 431 726
421 758 431 760
421 762 431 764
421 770 431 772
421 811 445 811
421 812 453 812
421 882 453 882
421 978 453 978
422 3 432 5
422 30 454 30
422 37 454 37
422 61 432 63
422 113 454 113
430 200 454 200
420 200 429 202
422 204 432 206
422 207 432 209
422 213 432 215
422 244 429 247
422 339 454 339
422 376 454 376
422 436 432 438
422 439 432 441
422 442 454 442
422 443 454 443
422 464 432 466
422 473 432 475
422 497 432 499
422 543 454 543
422 544 454 544
422 609 432 611
422 650 429 653
422 694 454 694
422 740 454 740
422 741 454 741
422 792 424 802
422 819 432 821
422 822 432 824
422 849 454 849
423 0 433 2
423 8 455 8
423 9 455 9
420 125 452 125
423 172 433 174
423 175 433 177
423 250 431 252
423 282 433 284
423 286 455 286
423 365 455 365
423 370 455 370
423 404 433 406
423 407 433 409
423 410 433 412
423 417 455 417
423 418 430 421
423 505 455 505
423 539 433 541
423 542 455 542
423 565 455 565
423 566 455 566
423 606 455 606
423 614 455 614
422 628 454 628
423 636 425 646
421 665 453 665
423 670 455 670
423 688 433 690
423 730 455 730
423 786 433 788
423 814 433 816
423 829 455 829
423 830 455 830
416 833 448 833
423 866 433 868
423 903 433 905
423 906 433 908
423 909 455 909
423 918 455 918
423 925 451 925
423 926 455 926
423 965 455 965
423 966 455 966
423 967 433 969
423 980 433 982
423 991 433 993
424 40 456 40
424 99 456 99
424 116 434 118
423 121 455 121
424 152 456 152
424 157 456 157
424 159 456 159
424 186 456 186
424 187 456 187
424 192 456 192
424 248 456 248
424 249 456 249
424 253 456 253
424 270 456 270
424 280 456 280
424 281 456 281
424 318 434 320
424 343 456 343
424 344 456 344
424 395 434 397
424 399 456 399
424 556 434 558
424 654 456 654
424 702 434 704
424 757 456 757
424 807 434 809
425 93 435 95
425 96 435 98
425 101 435 103
425 321 435 323
425 368 457 368
425 369 457 369
425 389 435 391
425 453 435 455
425 513 435 515
425 562 457 562
425 698 453 698
425 792 428 799
425 800 457 800
425 801 457 801
425 802 457 802
425 885 457 885
425 902 457 902
425 929 435 931
425 932 435 934
425 954 435 956
425 961 457 961
425 970 435 972
425 976 457 976
424 977 456 977
426 42 458 42
426 105 458 105
426 109 436 111
426 134 436 136
426 231 458 231
426 254 456 254
426 266 458 266
426 267 458 267
426 289 458 289
426 291 436 293
426 425 458 425
426 426 436 428
426 429 458 429
426 430 458 430
426 480 458 480
426 481 458 481
426 510 441 511
426 517 458 517
426 586 456 586
426 587 456 587
426 588 456 588
426 636 436 638
426 639 436 641
426 642 436 644
426 645 458 645
426 646 458 646
426 679 458 679
426 680 458 680
426 693 458 693
426 898 436 900
426 901 458 901
426 924 458 924
426 958 458 958
426 987 458 987
427 68 459 68
427 76 459 76
427 126 437 128
427 131 459 131
427 144 437 146
427 166 459 166
427 220 437 222
427 255 459 255
427 324 437 326
427 327 437 329
427 330 459 330
427 377 437 379
427 380 437 382
427 456 437 458
427 459 437 461
427 530 459 530
427 531 459 531
427 533 459 533
427 603 459 603
427 632 437 634
427 635 459 635
427 716 437 718
427 755 459 755
427 803 437 805
427 862 437 864
427 865 459 865
427 869 437 871
427 875 437 877
428 36 456 36
428 39 460 39
428 149 460 149
428 150 460 150
428 158 449 158
428 189 460 189
428 210 460 210
428 305 460 305
428 314 460 314
428 315 460 315
428 414 460 414
428 415 460 415
428 448 460 448
428 449 460 449
428 482 460 482
428 483 460 483
428 484 460 484
428 504 460 504
428 563 460 563
428 578 443 579
428 592 438 594
428 886 460 886
428 887 460 887
428 897 460 897
428 927 460 927
428 928 460 928
428 938 438 940
428 941 438 943
428 944 438 946
428 995 438 997
429 20 461 20
429 46 461 46
429 49 436 52
429 53 439 55
429 58 439 60
429 73 439 75
429 100 461 100
429 115 461 115
429 165 461 165
428 191 460 191
429 261 461 261
429 274 456 274
429 290 461 290
429 297 461 297
429 298 461 298
429 307 439 309
429 444 439 446
429 518 461 518
429 519 439 521
429 522 439 524
429 525 461 525
429 536 461 536
429 559 439 561
429 569 439 571
429 626 461 626
429 660 439 662
429 673 461 673
429 682 461 682
429 683 461 683
429 697 453 697
429 756 461 756
429 777 439 779
429 792 461 792
429 793 461 793
429 794 439 796
429 797 439 799
429 846 461 846
429 847 461 847
429 848 461 848
429 880 461 880
429 888 439 890
429 891 437 893
429 896 461 896
429 919 461 919
430 7 462 7
430 12 440 14
430 15 462 15
430 17 462 17
430 18 462 18
430 19 462 19
430 21 462 21
430 153 462 153
430 178 440 180
430 182 462 182
430 244 440 246
430 247 462 247
430 258 440 260
430 263 462 263
430 277 461 277
430 278 461 278
430 333 462 333
430 334 453 334
430 345 440 347
430 348 440 350
430 447 462 447
430 472 462 472
430 487 440 489
430 490 440 492
430 495 462 495
430 545 460 545
430 555 462 555
430 567 462 567
430 580 440 582
430 650 440 652
430 653 462 653
430 708 440 710
430 711 440 713
430 732 440 734
430 749 462 749
430 750 462 750
430 751 462 751
430 781 440 783
430 784 462 784
430 785 462 785
430 834 440 836
430 839 440 841
430 842 462 842
430 964 462 964
431 38 459 38
431 79 446 80
431 81 441 83
431 86 441 88
431 89 441 91
431 212 463 212
431 336 463 336
431 361 463 361
431 362 463 362
431 364 463 364
431 367 463 367
431 373 463 373
431 374 463 374
431 375 463 375
431 418 441 420
431 421 463 421
431 551 463 551
431 596 441 598
431 619 463 619
431 620 441 622
431 623 463 623
431 775 463 775
431 776 463 776
431 851 441 853
431 854 441 856
431 857 441 859
431 860 463 860
431 883 463 883
431 884 461 884
431 912 463 912
431 913 463 913
431 950 441 952
431 998 463 998
432 22 442 24
432 84 447 85
432 154 464 154
432 160 464 160
432 161 464 161
432 197 442 199
432 228 464 228
432 235 442 237
432 238 442 240
432 241 464 241
432 353 464 353
432 355 464 355
432 366 464 366
432 477 442 479
432 532 464 532
432 550 464 550
432 617 447 618
432 655 442 657
432 658 464 658
432 668 464 668
430 672 462 672
432 724 442 726
432 727 464 727
432 758 442 760
432 761 442 763
432 764 442 766
432 770 442 772
432 879 464 879
432 960 459 960
433 3 443 5
433 6 465 6
433 32 465 32
433 61 465 61
433 62 465 62
433 63 465 63
433 132 465 132
433 196 465 196
433 201 465 201
433 204 440 207
433 208 465 208
433 209 465 209
433 213 443 215
433 218 465 218
433 219 465 219
433 312 465 312
433 341 465 341
433 342 465 342
433 352 465 352
433 386 465 386
433 436 443 438
433 439 443 441
433 464 443 466
433 473 443 475
433 476 465 476
433 496 443 498
433 499 443 501
433 509 465 509
433 584 465 584
433 609 443 611
433 612 465 612
433 613 465 613
433 701 465 701
433 721 465 721
433 723 465 723
433 737 465 737
433 738 465 738
433 790 465 790
433 819 465 819
433 820 465 820
433 821 443 823
433 824 465 824
432 937 464 937
434 0 444 2
434 139 466 139
434 140 466 140
434 151 466 151
434 172 444 174
434 175 444 177
434 202 466 202
432 250 442 252
434 275 466 275
434 282 444 284
434 404 444 406
434 407 444 409
434 410 444 412
434 467 466 467
434 539 444 541
434 688 444 690
434 691 466 691
434 692 466 692
434 695 466 695
434 731 466 731
434 736 466 736
434 769 466 769
434 786 444 788
434 814 444 816
434 817 466 817
434 818 466 818
434 866 444 868
434 903 444 905
434 906 444 908
434 967 444 969
434 980 444 982
434 990 444 991
434 992 444 994
435 16 467 16
435 116 445 118
435 119 467 119
435 120 467 120
435 138 466 138
435 227 464 227
435 294 445 296
435 300 467 300
435 318 445 320
435 331 467 331
435 332 461 332
435 395 445 397
435 398 467 398
435 402 467 402
435 403 467 403
435 556 445 558
435 630 467 630
435 647 467 647
435 648 467 648
435 702 445 704
435 705 467 705
435 754 467 754
435 807 445 809
435 832 467 832
435 959 459 959
436 34 468 34
436 35 468 35
436 93 446 95
436 96 446 98
436 101 446 103
436 272 468 272
436 321 446 323
436 357 468 357
436 358 468 358
436 388 446 390
436 391 468 391
436 392 468 392
436 422 463 422
436 423 468 423
436 435 468 435
436 453 446 455
436 513 446 515
436 627 468 627
436 910 468 910
436 929 446 931
436 932 446 934
436 954 446 956
436 970 446 972
437 49 447 51
437 104 469 104
437 109 447 111
437 134 447 136
437 226 469 226
437 268 469 268
437 291 447 293
437 426 447 428
437 431 469 431
437 432 469 432
437 629 469 629
437 636 447 638
437 639 447 641
437 642 447 644
437 671 469 671
437 676 469 676
437 677 469 677
437 685 469 685
437 686 469 686
437 729 469 729
437 747 469 747
437 898 447 900
437 921 469 921
438 52 470 52
438 126 448 128
438 143 470 143
438 144 448 146
438 147 470 147
438 148 470 148
438 170 470 170
438 171 462 171
438 193 470 193
438 220 448 222
438 304 470 304
438 306 470 306
438 324 448 326
438 327 448 329
438 377 448 379
438 380 448 382
438 456 448 458
438 459 448 461
438 462 470 462
438 552 470 552
438 608 470 608
438 615 463 615
438 632 448 634
436 666 468 666
438 716 448 718
438 803 448 805
438 825 470 825
438 826 470 826
438 862 448 864
438 869 448 871
438 872 448 874
438 875 448 877
438 878 470 878
438 911 470 911
439 77 471 77
439 78 471 78
439 133 471 133
439 142 471 142
439 211 471 211
439 340 471 340
433 356 465 356
439 393 471 393
439 506 449 508
439 512 471 512
439 546 471 546
439 547 471 547
439 589 471 589
439 590 471 590
439 592 471 592
439 593 471 593
439 594 471 594
439 706 471 706
439 774 471 774
439 791 471 791
443 894 471 894
439 914 471 914
439 915 471 915
439 938 441 948
439 995 449 997
440 43 472 43
440 44 472 44
440 47 472 47
440 53 450 55
440 58 450 60
440 73 450 75
440 130 472 130
440 141 472 141
438 155 453 156
440 307 450 309
440 444 472 444
440 445 472 445
440 446 472 446
440 463 472 463
440 519 450 521
440 522 450 524
440 537 472 537
440 538 472 538
440 548 472 548
440 559 450 561
440 569 450 571
440 660 450 662
440 728 472 728
440 742 472 742
440 777 450 779
440 794 450 796
440 797 450 799
440 827 472 827
440 828 472 828
440 850 472 850
440 888 450 890
443 891 450 893
438 891 442 895
440 999 472 999
441 10 470 10
441 13 473 13
441 14 473 14
441 178 451 180
441 183 473 183
441 184 473 184
441 204 451 206
441 207 473 207
441 244 451 246
441 258 451 260
441 279 473 279
441 337 473 337
441 338 473 338
441 345 451 347
441 348 451 350
441 359 473 359
441 468 471 468
441 487 451 489
441 490 451 492
441 493 473 493
441 494 473 494
441 535 473 535
441 580 451 582
441 604 472 604
441 650 451 652
441 687 473 687
441 708 451 710
441 711 451 713
441 714 456 715
441 732 451 734
441 773 473 773
441 781 473 781
441 782 473 782
441 834 451 836
441 839 451 841
441 953 473 953
441 988 473 988
441 989 473 989
442 67 474 67
442 81 452 83
442 86 452 88
442 89 452 91
442 92 473 92
442 106 474 106
442 107 474 107
442 164 474 164
440 188 472 188
442 190 474 190
442 229 457 230
442 303 474 303
442 418 452 420
442 510 474 510
442 511 474 511
442 574 452 576
442 583 474 583
442 596 452 598
442 620 452 622
442 624 473 624
442 681 474 681
442 684 474 684
442 851 452 853
442 854 452 856
442 857 452 859
442 938 444 948
442 950 452 952
442 963 474 963
443 22 453 24
443 26 475 26
443 31 475 31
443 124 475 124
443 129 475 129
443 197 453 199
443 235 453 237
443 238 453 240
443 250 453 252
443 424 475 424
443 477 453 479
443 553 475 553
443 655 453 657
443 667 475 667
443 674 475 674
443 724 453 726
443 759 453 761
443 762 475 762
443 763 447 768
443 770 453 772
443 845 466 845
443 984 475 984
443 985 475 985
444 3 454 5
444 11 459 12
444 64 476 64
444 112 476 112
444 213 454 215
444 273 476 273
442 387 474 387
444 436 454 438
444 439 454 441
444 464 454 466
444 469 476 469
444 470 476 470
444 473 454 475
444 496 454 498
444 499 454 501
444 502 476 502
444 503 476 503
444 526 476 526
444 578 476 578
444 579 476 579
444 609 454 611
444 678 476 678
444 739 476 739
444 821 454 823
444 861 476 861
444 916 476 916
444 917 474 917
444 957 476 957
445 0 455 2
445 172 455 174
445 175 455 177
445 233 477 233
445 234 477 234
445 265 477 265
445 282 455 284
445 285 477 285
445 310 477 310
445 311 477 311
445 351 477 351
445 354 477 354
445 404 455 406
445 407 455 409
445 410 455 411
445 412 460 413
445 539 455 541
445 675 477 675
445 688 455 690
445 745 477 745
445 746 477 746
445 748 477 748
445 786 455 788
445 814 455 816
445 866 455 868
445 895 477 895
445 903 455 905
445 906 455 908
445 938 447 948
445 967 455 969
445 980 455 982
445 983 477 983
445 990 455 992
445 993 477 993
445 994 477 994
446 70 478 70
446 71 478 71
446 116 456 118
446 122 478 122
446 123 475 123
446 167 456 169
446 294 456 296
446 299 478 299
446 318 456 320
446 360 478 360
446 395 456 397
446 556 456 558
446 659 472 659
446 702 456 704
446 707 478 707
446 789 478 789
446 807 456 809
446 810 461 811
446 837 478 837
446 838 478 838
446 962 478 962
447 41 479 41
447 45 479 45
447 80 479 80
447 93 457 95
447 96 457 98
447 101 457 103
447 269 479 269
447 321 457 323
447 388 457 390
447 453 457 455
447 513 457 515
447 516 479 516
447 599 479 599
447 602 479 602
447 735 472 735
447 929 457 931
447 932 457 934
447 954 457 956
447 970 455 972
447 973 479 973
447 974 479 974
448 49 458 51
448 84 480 84
448 85 477 85
448 108 458 109
448 110 463 111
448 134 458 136
448 137 469 137
448 162 480 162
448 163 480 163
448 194 463 195
448 256 480 256
448 257 480 257
448 276 480 276
448 287 480 287
448 288 480 288
448 291 458 293
448 372 480 372
448 383 458 385
448 426 458 428
448 616 463 617
448 618 480 618
448 636 458 638
448 639 463 640
448 641 480 641
448 642 458 644
448 696 480 696
448 763 458 765
448 766 458 768
448 813 480 813
448 881 480 881
448 898 458 900
448 938 450 947
448 975 480 975
449 27 481 27
449 28 481 28
449 48 475 48
449 69 481 69
449 72 481 72
449 126 459 128
449 144 459 146
449 203 481 203
449 216 481 216
449 217 481 217
449 220 459 222
449 223 481 223
449 224 481 224
449 324 459 326
449 327 459 329
449 371 481 371
449 377 459 379
449 380 459 382
449 456 459 458
449 459 459 461
449 554 481 554
449 605 481 605
449 607 481 607
449 632 459 634
449 716 459 718
449 720 481 720
449 780 481 780
449 783 481 783
449 803 459 805
449 831 481 831
449 833 481 833
449 862 459 864
449 869 459 871
449 872 459 874
449 875 459 877
448 948 463 949
449 979 481 979
450 225 482 225
450 471 482 471
450 486 482 486
450 506 460 508
450 527 480 527
450 528 480 528
450 572 482 572
450 573 482 573
450 585 482 585
450 595 482 595
450 663 482 663
450 664 482 664
450 995 460 997
451 53 461 55
451 58 461 60
451 73 461 75
446 262 478 262
451 271 483 271
451 301 483 301
451 302 483 302
451 307 461 309
451 316 483 316
451 317 483 317
451 416 483 416
451 519 461 521
451 522 461 524
451 559 461 561
451 564 483 564
451 568 461 570
451 571 483 571
451 600 483 600
451 601 483 601
451 625 482 625
451 660 461 662
451 752 483 752
451 753 483 753
451 758 483 758
451 777 461 779
451 794 461 796
451 797 461 799
451 888 461 890
451 891 481 891
451 892 481 892
451 893 481 893
451 938 461 940
451 941 461 942
451 943 466 944
451 945 483 945
451 946 483 946
451 947 483 947
452 178 462 180
452 181 484 181
452 204 484 204
452 205 484 205
452 206 484 206
452 244 462 246
452 258 462 260
452 264 484 264
452 345 462 347
452 348 462 350
452 363 484 363
452 433 484 433
452 485 484 485
452 487 462 489
452 490 462 492
448 529 480 529
452 534 484 534
452 549 484 549
452 577 484 577
452 580 462 582
452 591 484 591
451 631 483 631
452 649 462 651
452 652 483 652
452 700 484 700
452 708 462 710
452 711 462 713
452 722 480 722
452 732 462 734
452 743 484 743
452 834 462 836
452 839 462 841
452 843 482 843
452 844 484 844
452 920 484 920
452 935 484 935
452 936 484 936
452 986 484 986
453 25 485 25
453 33 485 33
453 81 463 83
453 86 463 88
453 89 485 89
453 90 485 90
453 91 485 91
453 125 485 125
453 185 485 185
453 232 485 232
453 242 468 243
453 313 483 313
453 394 485 394
453 418 463 420
453 434 485 434
453 450 485 450
453 451 485 451
453 452 485 452
453 574 463 576
453 596 463 598
453 620 463 622
453 744 485 744
453 806 485 806
453 851 463 853
453 854 463 856
453 857 463 859
453 922 485 922
453 923 484 923
453 950 463 952
454 22 464 24
454 29 479 29
452 56 467 57
461 65 486 65
449 65 460 66
454 79 486 79
454 114 486 114
454 155 486 155
454 156 486 156
454 197 464 199
454 235 464 237
454 238 464 240
454 250 464 252
454 334 469 335
454 400 486 400
454 401 486 401
454 477 464 479
454 655 464 657
454 665 486 665
454 669 486 669
454 697 464 699
454 719 486 719
454 724 464 726
454 759 464 761
454 770 464 772
454 812 486 812
454 882 486 882
454 978 486 978
455 3 465 5
455 30 479 30
455 37 487 37
455 113 486 113
455 200 487 200
455 214 487 214
455 215 487 215
455 339 487 339
455 376 487 376
455 436 465 438
455 439 465 441
455 442 487 442
455 443 487 443
455 464 465 466
455 473 465 475
455 496 465 498
455 499 465 501
455 543 487 543
455 544 487 544
455 609 465 611
455 628 487 628
455 694 487 694
455 740 487 740
455 741 487 741
455 821 465 823
455 849 487 849
456 0 488 0
456 2 487 2
456 8 470 9
456 121 488 121
456 172 488 172
456 173 488 173
456 174 471 175
456 176 488 176
456 177 488 177
456 282 466 284
456 286 488 286
456 365 488 365
456 370 488 370
456 404 466 406
456 407 466 409
456 410 488 410
456 411 488 411
456 417 485 417
456 505 488 505
456 539 466 541
456 542 488 542
456 565 488 565
456 566 488 566
456 614 488 614
456 670 488 670
456 688 466 690
456 730 488 730
456 786 471 787
456 814 466 816
456 829 486 829
456 830 488 830
456 866 466 868
456 903 466 905
456 906 466 908
456 909 488 909
456 918 488 918
452 925 484 925
456 926 488 926
456 965 466 967
456 968 488 968
456 969 463 972
456 980 466 982
456 990 466 992
457 40 489 40
457 99 489 99
457 116 467 118
457 152 489 152
457 157 489 157
457 159 489 159
457 167 467 169
457 186 485 186
457 187 489 187
457 192 489 192
457 248 489 248
457 249 489 249
457 253 472 254
457 270 489 270
457 280 489 280
457 281 489 281
457 294 467 296
457 318 467 320
457 343 489 343
457 344 489 344
457 395 467 397
457 399 489 399
457 556 489 556
457 654 489 654
457 702 467 704
457 715 489 715
457 757 489 757
457 807 467 809
457 977 489 977
458 93 468 95
458 96 468 98
458 101 468 103
458 213 490 213
458 229 490 229
458 230 490 230
458 321 468 323
458 368 490 368
458 369 490 369
458 388 468 390
458 453 468 455
458 513 468 515
458 562 490 562
458 606 490 606
458 800 468 802
458 885 490 885
458 902 490 902
458 929 468 931
458 932 468 934
458 954 468 956
458 961 490 961
458 976 490 976
459 42 491 42
459 49 474 50
459 51 491 51
459 105 491 105
459 108 491 108
459 109 491 109
459 134 469 136
459 231 491 231
459 266 491 266
459 267 491 267
459 289 491 289
459 291 469 293
459 383 469 385
459 425 469 427
459 428 469 430
459 480 491 480
459 481 491 481
459 517 491 517
468 586 491 586
457 586 467 588
459 636 469 638
459 642 469 644
459 645 491 645
459 646 491 646
459 679 491 679
459 680 491 680
459 693 491 693
459 763 469 765
459 766 469 768
459 898 469 900
459 901 491 901
459 924 484 924
459 987 491 987
460 11 492 11
460 12 492 12
460 68 492 68
460 76 492 76
460 126 470 128
460 131 492 131
460 144 470 146
460 166 492 166
460 220 470 222
460 255 492 255
460 324 470 326
460 327 470 329
460 330 492 330
460 377 470 379
460 380 470 382
460 456 470 458
460 460 492 460
460 461 492 461
460 530 492 530
460 531 492 531
460 533 492 533
460 603 492 603
460 632 470 634
460 635 492 635
460 716 470 718
460 755 492 755
460 803 470 805
460 862 470 864
460 865 488 865
460 869 492 869
460 870 467 873
460 874 470 876
460 877 492 877
460 958 470 960
457 36 489 36
461 39 493 39
461 66 493 66
461 149 493 149
461 150 493 150
450 158 482 158
461 189 493 189
461 191 493 191
461 210 493 210
461 305 493 305
461 314 493 314
461 315 493 315
461 412 471 414
461 415 493 415
461 448 476 449
461 482 471 484
461 504 491 504
461 506 471 508
461 563 493 563
461 714 493 714
461 886 493 886
461 887 493 887
461 897 493 897
461 927 488 927
461 928 493 928
461 995 471 997
462 20 493 20
462 46 491 46
462 53 470 55
462 58 472 60
462 73 472 75
462 100 494 100
462 115 494 115
462 165 494 165
462 261 494 261
457 274 489 274
462 290 494 290
462 297 493 297
462 298 493 298
462 307 472 309
462 518 472 520
462 521 472 523
462 524 494 524
462 525 494 525
462 536 494 536
462 559 472 561
462 568 472 570
462 626 494 626
462 660 472 662
462 673 494 673
462 682 494 682
462 683 494 683
462 756 494 756
462 777 472 779
462 792 472 794
462 795 472 797
462 798 494 798
462 799 494 799
462 810 494 810
462 811 494 811
462 846 472 848
462 880 494 880
462 888 472 890
462 896 487 896
462 919 494 919
462 938 472 940
462 941 494 941
462 942 494 942
463 7 495 7
463 15 495 15
463 17 473 19
463 21 493 21
463 153 495 153
463 178 473 180
463 182 495 182
463 244 473 246
463 247 495 247
463 258 473 260
463 263 495 263
462 277 477 278
463 333 495 333
463 345 473 347
463 348 473 350
463 447 494 447
463 472 495 472
463 487 473 489
463 490 473 492
463 495 495 495
461 545 493 545
463 555 495 555
463 567 495 567
463 580 473 582
463 649 473 651
463 653 495 653
463 672 495 672
463 708 473 710
463 711 473 713
463 732 495 732
463 734 495 734
463 749 473 751
463 784 478 785
463 834 473 836
463 839 473 841
463 842 495 842
463 964 495 964
460 38 492 38
464 81 474 83
464 86 474 88
464 110 496 110
464 194 479 195
464 212 495 212
464 336 496 336
464 361 496 361
464 362 496 362
464 364 496 364
464 367 496 367
464 373 474 375
464 418 474 420
464 421 479 422
464 551 494 551
464 574 496 574
464 575 496 575
464 576 496 576
464 596 474 598
472 616 487 617
464 615 471 617
464 619 474 621
464 622 496 622
464 623 496 623
464 639 496 639
464 640 496 640
464 775 496 775
464 776 496 776
464 851 474 853
464 854 474 856
464 857 474 859
464 860 496 860
464 883 496 883
462 884 494 884
464 912 496 912
464 913 496 913
464 948 496 948
464 949 474 951
464 952 496 952
464 969 471 971
464 972 496 972
464 998 496 998
465 22 475 24
465 154 497 154
465 160 480 161
465 197 475 199
465 227 480 228
465 235 475 237
465 238 475 240
465 241 497 241
465 250 475 252
465 353 497 353
465 355 497 355
465 366 496 366
465 477 475 479
465 532 497 532
465 550 497 550
465 558 497 558
465 655 475 657
465 658 497 658
465 668 497 668
465 697 475 699
465 724 475 726
465 727 497 727
465 759 475 761
465 770 475 772
465 879 497 879
465 937 497 937
466 3 473 6
466 32 498 32
466 61 476 63
466 132 498 132
466 196 490 196
466 201 498 201
466 208 498 208
466 209 498 209
466 218 498 218
466 219 498 219
466 312 498 312
466 341 498 341
466 342 498 342
466 352 498 352
466 356 498 356
466 386 498 386
466 436 476 438
466 439 476 441
466 464 475 466
466 473 476 475
466 476 498 476
466 496 476 498
466 499 476 501
466 509 498 509
466 584 498 584
466 609 476 611
466 612 498 612
466 613 498 613
466 701 498 701
466 721 498 721
466 723 498 723
466 733 498 733
466 737 498 737
466 738 498 738
466 790 498 790
466 819 476 821
466 822 476 824
467 138 477 140
467 151 499 151
467 202 499 202
467 275 490 275
467 282 477 284
467 404 477 406
467 407 477 409
467 539 477 541
467 557 499 557
467 688 477 690
467 691 496 691
467 692 496 692
467 695 499 695
467 731 499 731
467 736 499 736
467 769 499 769
467 814 477 816
467 817 499 817
467 818 498 818
467 866 477 868
467 903 477 905
467 906 477 908
467 943 499 943
467 944 499 944
467 965 477 967
467 980 477 982
467 990 499 990
467 992 499 992
468 16 500 16
468 57 500 57
468 116 478 118
468 119 500 119
468 120 500 120
468 167 478 169
468 294 478 296
468 318 478 320
468 331 500 331
462 332 494 332
468 395 478 397
468 398 500 398
468 402 500 402
468 403 499 403
468 587 483 588
468 630 500 630
468 647 500 647
468 648 500 648
468 702 478 704
468 705 500 705
468 754 500 754
468 807 478 809
468 832 500 832
468 870 478 872
468 873 492 873
469 34 501 34
469 35 501 35
469 93 479 95
469 96 479 98
469 101 479 103
469 243 501 243
469 272 501 272
469 300 501 300
469 321 479 323
469 357 501 357
469 358 501 358
469 388 501 388
469 389 479 391
469 392 497 392
469 423 501 423
469 435 501 435
469 453 479 455
469 513 479 515
469 627 501 627
469 666 501 666
469 788 501 788
469 800 479 802
469 910 501 910
469 929 479 931
469 932 479 934
469 954 479 956
470 104 502 104
470 134 502 134
470 135 502 135
470 136 485 137
470 226 502 226
470 268 502 268
470 291 480 293
470 334 502 334
470 335 502 335
470 383 480 385
470 425 480 427
470 428 502 428
470 429 480 431
470 432 502 432
470 629 502 629
470 636 480 638
470 642 480 644
470 671 502 671
470 676 502 676
470 677 502 677
470 685 502 685
470 686 502 686
470 729 502 729
470 747 502 747
470 763 480 765
470 766 480 768
470 898 480 900
470 921 502 921
471 52 503 52
471 53 478 56
471 126 481 128
471 143 481 145
471 146 481 148
471 170 503 170
463 171 495 171
471 193 503 193
471 220 481 222
471 304 503 304
471 306 503 306
471 324 481 326
471 327 481 329
471 377 481 379
471 380 481 382
471 456 481 458
471 462 503 462
471 552 494 552
471 608 503 608
471 632 481 634
471 716 481 718
471 803 481 805
471 825 503 825
471 826 503 826
471 862 481 864
471 874 481 876
471 878 503 878
471 911 503 911
471 958 481 960
471 8 481 10
472 77 504 77
472 78 504 78
472 111 504 111
472 133 504 133
472 142 499 142
472 174 487 175
472 211 504 211
472 340 504 340
472 393 504 393
472 412 482 414
472 482 482 484
472 506 482 508
472 512 504 512
472 546 504 546
472 547 504 547
472 589 504 589
472 590 504 590
472 592 482 594
472 615 504 615
472 706 504 706
472 774 504 774
472 786 504 786
472 787 504 787
472 791 503 791
472 894 504 894
472 914 504 914
472 915 504 915
472 995 504 995
472 996 504 996
472 997 504 997
473 43 505 43
473 44 505 44
473 58 483 60
473 73 481 75
473 130 505 130
473 141 499 141
473 188 505 188
473 254 505 254
473 307 483 309
473 444 483 446
473 459 505 459
473 463 505 463
473 518 483 520
473 521 483 523
473 537 505 537
473 538 505 538
473 548 505 548
473 559 483 561
473 568 483 570
473 659 480 662
473 728 505 728
473 742 505 742
473 777 483 779
473 792 483 794
473 795 483 797
473 827 504 827
473 828 505 828
473 846 483 848
473 850 505 850
473 888 481 890
473 938 483 940
473 999 505 999
474 1 506 1
474 13 506 13
474 14 506 14
474 17 484 19
474 178 484 180
474 183 489 184
474 207 506 207
474 244 484 246
474 253 506 253
474 258 484 260
474 279 506 279
474 337 506 337
474 338 506 338
474 345 484 347
474 348 484 350
474 359 506 359
472 468 504 468
474 487 484 489
474 490 484 492
474 493 506 493
474 494 506 494
474 535 506 535
474 580 484 582
473 604 505 604
474 649 484 651
474 687 501 687
474 708 506 708
474 709 506 709
474 710 484 712
474 713 506 713
474 749 484 751
474 773 506 773
474 781 502 781
474 782 506 782
474 834 484 836
474 839 484 841
474 953 504 953
474 988 506 988
474 989 506 989
475 3 482 6
475 49 507 49
475 81 485 83
475 86 485 88
474 92 506 92
475 106 507 106
475 107 507 107
475 164 507 164
475 190 507 190
475 303 507 303
475 373 485 375
475 387 507 387
475 418 485 420
475 510 507 510
475 511 507 511
475 583 507 583
475 596 485 598
475 620 489 621
474 624 506 624
475 681 507 681
475 684 507 684
475 851 485 853
475 854 485 856
475 857 485 859
475 949 485 951
475 963 507 963
472 969 482 971
475 991 507 991
476 22 486 24
476 26 508 26
476 31 508 31
476 47 491 48
476 123 491 124
476 129 508 129
476 197 486 199
476 235 486 237
476 238 486 240
476 250 486 252
476 424 508 424
476 464 483 467
476 477 486 479
476 553 508 553
476 655 486 657
476 667 508 667
476 674 508 674
476 697 508 697
476 698 491 699
476 724 486 726
476 759 486 761
476 762 508 762
476 770 486 772
467 845 499 845
476 984 508 984
476 985 508 985
477 61 509 61
477 62 487 64
477 112 509 112
477 273 509 273
477 436 487 438
477 439 487 441
477 448 509 448
477 449 509 449
477 469 509 469
477 470 509 470
477 473 487 475
477 496 487 498
477 499 487 501
477 502 509 502
477 503 509 503
477 526 509 526
477 578 509 578
477 579 509 579
477 609 484 611
477 678 509 678
477 739 509 739
477 819 487 821
477 822 487 824
477 861 509 861
477 916 509 916
475 917 507 917
477 957 509 957
478 67 510 67
478 138 488 140
478 233 509 233
478 234 509 234
478 265 510 265
478 277 510 277
478 282 488 284
478 285 510 285
478 310 510 310
478 311 510 311
478 351 510 351
478 354 510 354
478 404 488 406
478 407 488 409
478 539 488 541
478 675 510 675
478 688 488 690
478 745 510 745
478 746 510 746
478 748 510 748
478 814 488 816
478 866 488 868
478 903 488 905
478 906 488 908
478 965 510 965
478 966 493 967
478 980 488 982
478 983 510 983
478 993 510 993
478 994 510 994
479 53 489 55
479 70 511 70
479 71 511 71
479 116 489 118
479 122 511 122
479 167 489 169
479 262 511 262
479 294 489 296
479 299 511 299
479 318 489 320
479 360 508 360
479 395 489 397
479 702 489 704
479 707 511 707
479 784 511 784
479 785 511 785
479 789 511 789
479 807 489 809
479 837 511 837
479 838 511 838
479 870 489 872
479 962 511 962
480 41 512 41
480 45 512 45
480 56 512 56
480 80 512 80
480 93 490 95
480 96 489 98
480 101 490 103
480 194 512 194
480 269 512 269
480 321 490 323
480 389 490 391
480 421 512 421
480 422 502 422
480 453 512 453
480 454 512 454
480 455 512 455
480 513 488 515
480 516 512 516
480 599 512 599
480 602 512 602
473 735 505 735
480 800 490 802
480 929 490 931
480 932 490 934
480 954 512 954
480 955 512 955
480 956 512 956
480 973 512 973
480 974 512 974
481 84 513 84
478 85 510 85
481 160 491 162
481 163 509 163
481 227 513 227
481 228 513 228
481 256 513 256
481 257 513 257
481 276 513 276
481 287 513 287
481 288 513 288
481 291 491 293
481 372 513 372
481 383 491 385
481 425 491 427
481 429 491 431
481 527 491 529
481 618 513 618
481 636 491 638
481 641 491 643
481 644 513 644
481 659 488 662
481 696 513 696
481 763 491 765
481 766 491 768
481 813 513 813
481 881 513 881
481 899 496 900
481 975 513 975
482 8 492 10
482 27 514 27
482 28 514 28
482 69 514 69
490 72 514 72
482 126 492 128
482 143 492 145
482 146 492 148
482 203 514 203
482 216 514 216
482 217 514 217
482 220 492 222
482 223 514 223
482 224 514 224
482 242 514 242
482 324 492 326
482 327 492 329
482 371 514 371
482 377 492 379
482 380 492 382
482 456 492 458
482 554 514 554
482 605 514 605
482 607 514 607
482 632 492 634
482 716 492 718
482 720 514 720
482 780 514 780
482 783 514 783
482 803 492 805
482 831 514 831
482 833 514 833
482 862 492 864
482 874 492 876
482 958 492 960
482 979 514 979
483 3 493 5
483 158 515 158
483 225 515 225
483 412 493 414
483 471 515 471
483 482 493 484
483 486 515 486
483 506 515 506
483 507 515 507
483 508 515 508
483 572 515 572
483 573 515 573
483 585 515 585
483 592 493 594
483 595 515 595
483 663 515 663
483 664 515 664
483 898 515 898
483 969 515 969
483 970 515 970
483 971 515 971
484 58 494 60
490 73 516 73
482 72 489 75
484 271 516 271
484 301 516 301
484 302 516 302
484 307 494 309
484 316 516 316
484 317 516 317
484 416 516 416
484 444 494 446
484 464 494 466
484 518 494 520
484 521 494 523
484 559 494 561
484 564 516 564
484 568 494 570
484 588 516 588
484 600 516 600
484 601 516 601
483 625 515 625
484 631 516 631
484 752 516 752
484 753 516 753
484 758 516 758
484 777 494 779
484 792 494 794
484 795 494 797
484 846 494 848
486 888 494 890
486 891 516 891
486 892 516 892
482 888 485 893
484 938 494 940
484 945 494 947
485 17 493 19
485 178 495 180
485 181 517 181
485 204 495 206
485 244 495 246
485 258 495 260
485 264 517 264
485 278 517 278
485 345 495 347
485 348 495 350
485 363 517 363
485 433 517 433
485 485 515 485
485 487 495 489
485 490 495 492
485 534 517 534
485 549 517 549
485 577 517 577
485 580 495 582
485 591 517 591
485 649 495 651
484 652 516 652
485 700 517 700
485 710 495 712
481 722 513 722
485 749 495 751
485 834 495 836
485 839 495 841
483 843 515 843
485 844 517 844
485 920 517 920
485 923 495 925
485 935 517 935
485 936 517 936
485 986 517 986
486 25 518 25
486 33 518 33
486 50 518 50
486 81 518 81
486 82 518 82
486 83 518 83
486 86 518 86
486 87 496 89
486 90 518 90
486 91 518 91
486 125 518 125
486 136 518 136
486 137 518 137
486 185 501 186
486 232 518 232
484 313 516 313
486 373 496 375
486 394 518 394
494 418 518 418
494 419 518 419
486 417 493 420
486 434 518 434
486 450 496 452
486 596 518 596
486 597 518 597
486 598 518 598
475 619 507 619
490 620 518 620
486 743 518 743
486 806 518 806
486 851 518 851
486 852 496 854
486 855 496 857
486 858 518 858
486 859 518 859
486 922 518 922
486 949 496 951
487 22 497 24
495 29 519 29
487 65 519 65
487 79 512 79
487 113 502 114
487 155 519 155
487 156 519 156
487 197 497 199
487 235 497 237
487 238 497 240
487 250 497 252
487 400 519 400
487 401 519 401
487 477 497 479
487 655 497 657
487 665 519 665
487 669 519 669
487 719 519 719
487 724 497 726
487 744 519 744
487 759 497 761
487 770 497 772
487 812 519 812
487 882 519 882
487 978 519 978
480 29 494 30
488 37 520 37
488 62 498 64
488 174 520 174
488 175 520 175
488 200 520 200
488 214 520 214
488 215 520 215
488 339 520 339
488 376 520 376
488 436 498 438
488 439 498 441
488 442 520 442
488 443 520 443
488 467 520 467
488 473 498 475
488 496 498 498
488 499 498 501
488 543 520 543
488 544 520 544
488 587 520 587
496 609 520 609
485 609 495 611
488 628 520 628
488 694 520 694
488 740 520 740
488 741 520 741
488 819 498 821
488 822 498 824
488 849 520 849
488 895 503 896
489 0 521 0
488 2 520 2
489 121 521 121
489 138 499 140
489 172 521 172
489 173 521 173
489 176 520 176
489 177 520 177
489 282 499 284
489 286 521 286
489 365 514 365
489 370 521 370
489 404 521 404
489 405 499 407
489 408 499 410
489 411 521 411
489 505 521 505
489 539 499 541
489 542 521 542
489 565 521 565
489 566 521 566
489 571 521 571
489 614 521 614
489 659 499 661
489 662 521 662
489 670 521 670
489 688 499 690
489 730 521 730
489 814 499 816
487 829 519 829
489 830 521 830
489 866 499 868
489 903 499 905
489 906 499 908
489 909 521 909
489 918 521 918
489 926 504 927
489 968 521 968
489 980 499 982
490 6 522 6
490 36 522 36
490 40 522 40
490 53 500 55
490 74 505 75
490 96 497 99
490 116 500 118
490 152 522 152
490 157 522 157
490 159 522 159
490 167 500 169
490 183 505 184
490 187 522 187
490 192 522 192
490 248 522 248
490 249 522 249
490 270 522 270
490 280 522 280
490 281 522 281
490 294 500 296
490 318 500 320
490 343 522 343
490 344 522 344
490 395 500 397
490 399 522 399
490 556 522 556
490 617 522 617
490 621 522 621
490 654 522 654
490 702 500 704
490 715 522 715
490 757 522 757
490 807 500 809
490 870 522 870
490 871 522 871
490 977 522 977
491 93 501 95
491 101 501 103
491 195 506 196
491 213 512 213
491 229 523 229
491 230 523 230
491 274 506 275
491 321 501 323
491 368 523 368
491 369 523 369
491 389 501 391
489 513 499 515
491 562 517 562
491 606 523 606
491 800 501 802
491 885 523 885
491 902 523 902
491 929 501 931
491 932 501 934
491 961 523 961
491 976 523 976
492 42 524 42
492 46 502 48
492 51 524 51
492 105 524 105
492 108 524 108
492 109 524 109
492 123 524 123
492 124 524 124
492 160 502 162
492 231 524 231
492 266 524 266
492 267 522 267
492 289 524 289
492 291 502 293
492 383 502 385
492 425 502 427
492 429 502 431
492 480 524 480
492 481 523 481
492 517 515 517
492 527 502 529
492 586 524 586
492 636 502 638
492 641 502 643
492 645 524 645
492 646 524 646
492 679 524 679
492 680 524 680
492 698 507 699
492 763 502 765
492 766 502 768
492 901 524 901
492 987 524 987
493 8 525 8
493 9 503 11
493 12 525 12
493 68 525 68
493 76 525 76
493 126 503 128
493 131 525 131
493 143 503 145
493 146 525 146
493 147 525 147
493 148 525 148
493 166 525 166
493 220 503 222
493 255 525 255
493 324 503 326
493 327 503 329
493 330 525 330
493 377 503 379
493 380 503 382
493 456 503 458
493 460 525 460
493 461 525 461
493 530 525 530
493 531 523 531
493 533 525 533
493 603 525 603
493 632 503 634
493 635 525 635
493 716 503 718
493 755 525 755
493 803 503 805
493 862 503 864
489 865 521 865
493 869 525 869
493 872 508 873
493 874 503 876
493 877 525 877
493 958 503 960
494 3 504 5
494 39 526 39
494 66 517 66
494 149 526 149
494 150 526 150
494 189 526 189
494 191 526 191
494 210 526 210
494 305 526 305
494 314 526 314
494 315 526 315
494 412 504 414
494 415 526 415
494 417 526 417
494 482 504 484
492 504 524 504
494 545 526 545
494 563 517 563
494 592 504 594
494 714 526 714
494 886 526 886
494 887 526 887
494 893 526 893
494 897 526 897
494 928 526 928
494 966 526 966
494 967 526 967
494 17 501 20
495 58 505 60
495 100 527 100
495 115 527 115
495 165 527 165
495 261 527 261
495 290 527 290
494 297 509 298
495 307 505 309
495 332 527 332
495 444 502 447
495 464 505 466
495 518 505 520
495 521 505 523
495 524 527 524
495 525 527 525
495 536 527 536
495 559 505 561
495 568 505 570
495 626 527 626
495 673 527 673
495 682 527 682
495 683 527 683
495 756 522 756
495 777 505 779
495 792 505 794
495 795 505 797
495 798 527 798
495 799 527 799
495 810 527 810
495 811 527 811
495 846 505 848
495 880 527 880
495 884 527 884
495 888 505 890
495 919 527 919
495 938 505 940
495 941 527 941
495 942 527 942
495 945 505 947
496 7 522 7
496 15 528 15
494 21 526 21
496 153 528 153
496 171 528 171
496 178 506 180
496 204 506 206
496 244 506 246
496 247 528 247
496 258 506 260
496 333 528 333
496 345 506 347
496 348 506 350
496 472 528 472
496 487 506 489
496 490 528 490
496 492 527 492
496 495 528 495
496 555 528 555
496 567 528 567
496 580 506 582
496 610 511 611
496 649 506 651
496 653 528 653
496 672 528 672
496 710 506 712
496 732 528 732
496 749 506 751
496 834 506 836
496 839 506 841
496 842 528 842
496 923 528 923
496 924 528 924
496 925 528 925
496 964 528 964
497 87 507 89
497 110 529 110
496 212 528 212
497 336 529 336
497 361 529 361
497 362 529 362
497 364 529 364
497 367 529 367
497 373 507 375
497 450 507 452
508 551 529 551
497 574 507 576
493 616 525 616
497 622 529 622
497 623 529 623
497 639 529 639
497 640 529 640
497 691 507 693
497 734 529 734
497 775 529 775
497 776 529 776
497 852 507 854
497 855 507 857
497 860 529 860
497 883 529 883
497 899 529 899
497 900 529 900
497 912 529 912
497 913 520 913
497 948 507 950
497 951 529 951
497 952 529 952
497 972 529 972
497 998 529 998
498 22 508 24
498 96 508 98
498 99 530 99
498 154 530 154
498 197 530 197
498 198 530 198
498 199 530 199
498 235 508 237
498 238 508 240
498 241 530 241
498 250 508 252
498 353 530 353
498 355 530 355
497 366 529 366
498 420 530 420
498 477 530 477
498 478 530 478
498 479 530 479
498 532 530 532
498 550 530 550
498 655 508 657
498 658 530 658
498 668 530 668
498 724 508 726
498 727 530 727
498 759 508 761
498 770 530 770
498 771 530 771
498 772 530 772
498 879 530 879
498 937 530 937
499 32 531 32
499 62 509 64
499 132 531 132
499 201 531 201
499 208 531 208
499 209 531 209
499 218 531 218
499 219 531 219
499 312 531 312
499 341 531 341
499 352 531 352
499 356 527 356
499 386 531 386
499 436 509 438
499 439 509 441
499 473 509 475
499 476 531 476
499 496 509 498
499 499 509 501
499 509 531 509
499 584 528 584
499 612 531 612
499 613 531 613
499 701 531 701
499 721 531 721
499 723 531 723
499 733 531 733
499 737 531 737
499 738 531 738
499 790 531 790
499 818 509 820
499 821 509 823
499 824 531 824
500 138 510 139
500 151 529 151
500 202 532 202
500 282 510 284
500 405 510 407
500 408 510 410
500 513 515 514
500 515 532 515
500 539 507 541
500 557 532 557
500 558 532 558
500 659 510 661
500 688 510 690
500 695 532 695
500 731 532 731
500 736 532 736
500 769 532 769
500 814 510 816
500 845 532 845
500 866 510 868
500 903 510 905
500 906 510 908
500 943 532 943
500 944 532 944
500 980 510 982
500 990 532 990
500 992 532 992
501 16 533 16
501 30 533 30
501 53 511 55
501 57 533 57
501 116 511 118
501 119 533 119
501 120 533 120
501 167 511 169
501 294 511 296
501 318 511 320
501 331 533 331
501 395 511 397
501 398 533 398
501 402 533 402
500 403 532 403
501 630 533 630
501 647 533 647
501 648 533 648
501 702 508 705
501 754 533 754
501 807 511 809
502 17 510 19
502 34 534 34
502 35 534 35
502 93 512 95
502 101 512 103
502 185 534 185
502 186 534 186
502 243 534 243
502 272 534 272
502 300 534 300
502 321 512 323
502 357 517 358
502 388 512 390
502 391 534 391
498 392 530 392
502 435 534 435
502 491 534 491
502 627 534 627
502 666 534 666
502 788 534 788
502 800 512 802
502 832 534 832
502 910 534 910
502 929 512 931
502 932 512 934
503 38 535 38
503 46 513 48
503 104 535 104
503 113 535 113
503 134 535 134
503 135 535 135
503 160 535 160
503 161 535 161
503 226 535 226
503 263 535 263
503 268 535 268
503 291 513 293
503 334 535 334
503 335 535 335
503 383 513 385
503 422 518 423
503 425 513 427
503 428 513 430
503 431 535 431
503 432 535 432
503 527 513 529
503 629 535 629
503 636 513 638
503 641 513 643
503 671 535 671
503 676 535 676
503 677 535 677
503 685 535 685
503 686 535 686
503 729 535 729
503 747 535 747
503 763 513 765
503 766 513 768
503 921 535 921
504 9 514 11
504 52 536 52
504 126 514 128
504 143 514 145
504 170 536 170
504 193 536 193
504 220 536 220
504 221 536 221
504 222 536 222
504 304 536 304
504 306 533 306
504 324 514 326
504 327 514 329
504 377 514 379
504 380 514 382
504 456 514 458
504 462 536 462
495 551 507 552
504 608 536 608
504 632 514 634
504 716 514 718
504 803 514 805
504 825 519 826
504 862 514 864
504 874 514 876
504 878 530 878
504 895 536 895
504 896 536 896
504 911 536 911
504 958 514 960
505 3 515 5
505 77 537 77
505 78 537 78
505 111 537 111
511 142 537 142
505 211 537 211
505 340 537 340
505 393 537 393
505 412 515 414
505 444 512 447
505 468 537 468
505 482 515 484
505 512 537 512
505 546 537 546
505 547 537 547
505 589 537 589
505 590 537 590
505 592 515 594
505 615 537 615
505 706 537 706
505 774 537 774
505 786 520 787
504 791 536 791
505 817 537 817
505 894 537 894
505 914 520 915
505 927 537 927
505 995 515 997
506 43 538 43
506 44 538 44
506 58 516 60
506 74 538 74
506 75 538 75
506 130 538 130
500 140 510 142
506 184 538 184
506 188 538 188
506 254 538 254
506 307 516 309
506 459 538 459
506 463 516 465
506 466 538 466
506 518 516 520
506 521 516 523
506 537 538 537
506 538 534 538
506 548 538 548
506 559 516 561
506 568 516 570
506 728 538 728
506 735 532 735
506 742 538 742
506 777 516 779
506 792 516 794
506 795 516 797
505 827 537 827
506 828 538 828
506 846 516 848
506 850 538 850
506 888 516 890
506 926 538 926
506 938 516 940
506 945 516 947
506 999 538 999
507 13 539 13
507 14 539 14
507 92 539 92
507 178 517 180
507 195 539 195
507 196 539 196
507 204 517 206
507 207 539 207
507 244 517 246
507 253 539 253
507 258 517 260
507 274 539 274
507 275 539 275
507 279 539 279
507 337 539 337
507 338 539 338
507 345 517 347
507 348 517 350
507 359 539 359
507 487 517 489
507 493 539 493
507 494 539 494
507 535 539 535
507 580 517 582
507 604 539 604
507 624 539 624
507 649 517 651
502 687 534 687
507 708 517 710
507 711 517 713
507 749 517 751
507 773 539 773
503 781 535 781
507 782 539 782
507 834 517 836
507 839 517 841
505 953 537 953
507 988 539 988
507 989 539 989
508 49 540 49
508 87 518 89
508 106 540 106
508 107 540 107
508 114 540 114
508 164 540 164
508 190 540 190
508 303 540 303
508 373 518 375
508 387 540 387
508 450 518 452
508 510 540 510
508 511 540 511
508 552 540 552
508 574 518 576
508 583 540 583
508 619 540 619
508 681 540 681
508 684 540 684
508 691 540 691
508 692 540 692
508 698 540 698
508 852 518 854
508 855 518 857
508 917 540 917
508 948 518 950
508 963 540 963
508 991 536 991
509 1 541 1
509 22 519 24
509 26 541 26
509 31 541 31
509 96 519 98
509 129 541 129
509 235 519 237
509 238 519 240
509 250 519 252
509 424 541 424
509 553 541 553
509 655 519 657
509 667 541 667
509 674 538 674
509 702 519 704
509 705 541 705
509 724 519 726
509 759 519 761
509 762 541 762
509 872 541 872
509 873 541 873
509 984 541 984
509 985 534 985
510 61 520 63
510 64 542 64
510 162 525 163
510 273 542 273
510 297 542 297
510 298 542 298
510 342 542 342
510 436 520 438
510 439 520 441
510 448 542 448
510 469 525 470
510 473 520 475
510 496 542 496
510 497 542 497
510 498 520 500
510 501 520 503
510 526 542 526
510 578 542 578
510 579 542 579
510 678 542 678
510 697 542 697
510 739 542 739
510 818 520 820
510 821 520 823
510 861 542 861
510 916 542 916
510 957 542 957
511 17 518 20
511 85 543 85
511 138 521 140
511 141 543 141
510 233 525 234
511 265 543 265
511 277 543 277
511 282 521 284
511 285 543 285
511 310 543 310
511 351 539 351
511 354 543 354
511 405 521 407
511 408 543 408
511 409 543 409
511 410 543 410
508 539 518 541
511 659 521 661
511 675 538 675
511 688 521 690
511 745 543 745
511 746 543 746
511 748 543 748
511 814 521 816
511 866 521 868
511 903 521 905
511 906 521 908
511 965 543 965
511 980 521 982
511 983 543 983
511 993 543 993
511 994 543 994
512 53 519 55
512 70 544 70
512 71 544 71
512 116 544 116
512 117 544 117
512 118 544 118
512 122 544 122
512 167 522 169
512 262 544 262
512 294 522 296
512 299 544 299
512 318 522 320
509 360 541 360
512 395 522 397
512 610 544 610
512 611 540 611
512 707 544 707
512 784 544 784
512 785 544 785
512 789 544 789
512 807 522 809
512 837 544 837
512 838 544 838
512 962 544 962
513 41 545 41
513 45 545 45
513 79 526 80
513 93 523 95
513 101 523 103
513 194 545 194
513 269 540 269
513 311 545 311
513 321 523 323
513 388 523 390
513 421 545 421
513 444 520 447
513 453 545 453
513 454 545 454
513 455 545 455
513 599 545 599
513 602 545 602
513 800 523 802
513 929 523 931
513 932 523 934
513 954 523 956
513 973 545 973
513 974 545 974
514 46 524 48
514 84 546 84
514 227 546 227
514 228 546 228
514 256 546 256
514 257 546 257
514 276 546 276
514 287 546 287
514 288 546 288
514 291 546 291
514 292 546 292
514 293 546 293
514 372 546 372
514 383 524 385
514 425 524 427
514 428 524 430
514 527 524 529
514 618 546 618
514 636 524 638
514 641 524 643
514 644 546 644
514 696 546 696
514 722 546 722
514 763 524 765
514 766 524 768
514 813 546 813
514 881 546 881
514 975 546 975
515 9 525 11
515 27 547 27
515 28 547 28
515 69 547 69
515 72 547 72
515 112 547 112
515 126 525 128
515 143 525 145
515 183 547 183
515 203 547 203
515 216 547 216
515 217 547 217
515 223 547 223
515 224 547 224
515 242 547 242
515 324 525 326
515 327 525 329
515 371 547 371
515 377 525 379
515 380 525 382
515 456 525 458
515 554 547 554
515 605 547 605
515 632 525 634
515 693 547 693
515 716 525 718
515 720 547 720
515 780 547 780
515 783 547 783
515 803 525 805
515 831 547 831
515 833 547 833
515 862 522 864
515 874 525 876
515 958 525 960
515 979 547 979
516 3 526 5
516 158 548 158
516 182 548 182
516 225 548 225
516 412 526 414
516 471 548 471
516 482 526 484
516 485 531 486
516 506 526 508
516 513 531 514
516 516 548 516
516 572 548 572
516 573 548 573
516 585 548 585
516 592 526 594
516 595 548 595
516 625 546 625
516 663 548 663
516 664 547 664
516 843 548 843
516 898 548 898
516 969 526 971
516 995 526 997
517 58 527 60
517 73 549 73
517 133 549 133
517 271 549 271
517 301 542 301
517 302 542 302
517 307 527 309
517 313 549 313
517 316 549 316
517 317 549 317
517 416 549 416
517 449 549 449
517 463 525 465
517 518 527 520
517 521 527 523
517 559 549 559
517 560 549 560
517 564 549 564
517 568 527 570
517 588 549 588
517 600 549 600
517 601 549 601
517 607 549 607
517 631 549 631
517 652 549 652
517 752 532 753
517 758 549 758
517 777 527 779
517 792 527 794
517 795 527 797
517 846 527 848
517 888 524 891
517 892 549 892
517 938 527 940
517 945 527 947
518 66 533 67
518 178 528 180
518 181 550 181
518 204 528 206
518 244 528 246
518 258 528 260
518 264 550 264
518 278 550 278
518 345 528 347
518 348 528 350
518 357 550 357
518 358 550 358
518 363 550 363
518 433 550 433
518 487 528 489
518 534 550 534
518 549 550 549
518 561 528 563
518 577 550 577
518 580 528 582
518 591 550 591
518 649 528 651
518 700 550 700
518 708 528 710
518 711 528 713
518 749 528 751
518 834 547 834
518 835 547 835
518 836 550 836
518 839 528 841
518 844 550 844
518 920 550 920
518 935 545 935
518 936 545 936
518 986 550 986
519 17 529 19
519 25 551 25
519 33 551 33
519 50 551 50
519 81 526 83
519 86 529 88
519 89 529 91
519 125 551 125
519 136 551 136
519 137 551 137
519 232 551 232
519 373 529 375
519 394 551 394
519 418 551 418
519 419 551 419
519 422 545 422
519 423 543 423
519 434 551 434
519 450 529 452
519 539 529 541
519 574 529 576
519 596 529 598
519 620 551 620
519 743 551 743
519 806 551 806
519 851 529 853
519 854 529 856
519 857 529 859
519 922 551 922
519 948 529 950
520 22 530 24
520 29 545 29
520 53 527 56
520 65 552 65
520 96 530 98
520 155 552 155
520 156 552 156
520 235 530 237
520 238 530 240
520 250 530 252
520 400 552 400
520 401 551 401
520 655 530 657
520 665 552 665
520 669 552 669
520 702 530 704
520 719 552 719
520 724 530 726
520 744 552 744
520 759 530 761
520 812 552 812
520 825 552 825
520 826 552 826
520 829 552 829
520 882 552 882
520 978 552 978
521 2 553 2
521 20 553 20
521 37 553 37
521 61 531 63
521 174 553 174
521 175 529 177
521 200 553 200
521 214 553 214
521 215 553 215
521 339 553 339
521 376 553 376
521 436 531 438
521 439 531 441
521 442 553 442
521 443 553 443
521 444 528 447
521 467 553 467
521 473 531 475
521 498 531 500
521 501 531 503
521 543 553 543
521 544 553 544
521 587 553 587
521 609 553 609
521 628 553 628
521 694 553 694
521 740 553 740
521 741 553 741
521 786 553 786
521 787 553 787
521 818 531 820
521 821 531 823
521 849 553 849
521 913 536 914
521 915 553 915
522 0 554 0
522 121 554 121
522 138 532 140
522 172 554 172
522 173 554 173
522 282 532 284
522 286 554 286
515 365 547 365
522 370 554 370
522 404 532 406
522 407 554 407
522 505 554 505
522 542 554 542
522 565 554 565
522 566 554 566
522 571 554 571
522 614 554 614
522 659 532 661
522 662 554 662
522 670 554 670
522 688 532 690
522 699 554 699
522 730 554 730
522 814 532 816
522 830 549 830
522 865 532 867
522 868 554 868
522 903 532 905
522 906 532 908
522 909 554 909
522 918 554 918
522 968 554 968
522 980 532 982
523 6 538 7
523 36 555 36
523 40 555 40
523 152 555 152
523 157 555 157
523 159 555 159
523 167 555 167
523 168 555 168
523 169 555 169
523 187 555 187
523 192 555 192
523 248 555 248
523 249 555 249
523 270 555 270
523 280 555 280
523 281 555 281
523 294 533 296
523 318 533 320
523 343 555 343
523 344 555 344
523 395 533 397
523 399 555 399
523 556 555 556
523 617 555 617
523 621 555 621
523 654 555 654
523 715 555 715
523 756 538 757
523 807 533 809
523 870 555 870
523 871 555 871
523 977 555 977
524 93 534 95
524 101 556 101
524 102 556 102
513 213 545 213
524 229 556 229
524 230 556 230
524 321 534 323
524 368 556 368
524 369 556 369
524 388 534 390
524 411 556 411
524 606 556 606
524 800 534 802
524 885 556 885
524 902 556 902
524 929 534 931
524 932 534 934
524 954 534 956
524 961 545 961
524 976 556 976
525 42 557 42
525 46 535 48
525 51 556 51
525 105 557 105
525 108 557 108
525 109 557 109
525 123 557 123
525 124 557 124
525 231 557 231
525 266 557 266
523 267 555 267
525 289 557 289
525 383 535 385
525 425 535 427
525 428 535 430
525 480 557 480
524 481 556 481
525 504 557 504
516 517 548 517
525 527 535 529
525 586 557 586
525 636 535 638
525 641 535 643
525 645 557 645
525 646 556 646
525 679 557 679
525 680 557 680
525 763 535 765
525 766 535 768
525 888 535 890
525 891 557 891
525 901 557 901
525 987 557 987
526 8 536 10
526 11 558 11
526 12 558 12
526 68 558 68
526 76 558 76
526 126 536 128
526 131 558 131
526 143 536 145
526 146 536 148
526 162 558 162
526 163 558 163
526 166 558 166
526 234 558 234
526 255 558 255
526 324 536 326
526 327 536 329
526 330 558 330
526 377 558 377
526 378 558 378
526 379 536 381
526 382 558 382
526 456 536 458
526 460 558 460
526 461 558 461
526 469 541 470
526 530 558 530
524 531 556 531
526 533 558 533
526 603 558 603
526 632 541 633
526 634 558 634
526 635 558 635
526 716 536 718
526 755 558 755
526 803 536 805
534 862 558 862
523 862 533 864
526 869 558 869
526 874 536 876
526 877 558 877
526 958 536 960
527 3 559 3
527 4 559 4
527 5 559 5
527 21 559 21
527 39 559 39
527 149 559 149
527 150 559 150
527 189 559 189
527 191 559 191
527 210 559 210
527 233 559 233
527 305 559 305
527 314 559 314
527 315 559 315
527 412 537 414
527 415 559 415
527 417 559 417
527 482 537 484
527 506 537 508
527 545 559 545
527 592 537 594
527 714 559 714
527 886 556 886
527 887 559 887
527 893 559 893
527 897 559 897
527 928 559 928
527 966 559 966
527 967 559 967
527 969 537 971
527 995 537 997
528 53 538 54
528 55 543 56
528 58 538 60
528 100 560 100
528 115 560 115
528 165 560 165
528 261 560 261
528 290 560 290
528 307 538 309
528 332 560 332
526 463 536 465
528 518 560 518
528 519 538 521
528 522 538 524
528 525 560 525
528 536 560 536
528 568 560 568
528 569 560 569
528 570 560 570
528 626 560 626
528 673 560 673
528 682 560 682
528 683 560 683
528 777 538 779
528 792 538 794
528 795 538 797
528 798 560 798
528 799 560 799
528 810 560 810
528 811 560 811
528 846 538 848
528 880 560 880
528 884 560 884
528 919 560 919
528 938 538 940
528 941 560 941
528 942 560 942
528 945 538 947
529 15 561 15
533 79 561 79
527 79 532 83
529 153 561 153
529 171 561 171
529 178 539 180
529 204 539 206
529 212 557 212
529 244 539 246
529 247 561 247
529 258 539 260
529 333 561 333
529 345 539 347
529 348 539 350
529 444 539 446
529 472 561 472
529 487 539 489
529 490 561 490
528 492 560 492
529 495 561 495
529 555 561 555
529 561 539 563
529 567 561 567
529 580 539 582
529 649 539 651
529 653 561 653
529 672 561 672
529 708 539 710
529 711 539 713
529 732 561 732
529 749 539 751
529 839 539 841
529 842 561 842
529 923 539 925
529 964 561 964
530 17 540 19
530 86 540 88
530 89 539 91
530 110 562 110
530 336 562 336
530 361 562 361
530 362 558 362
530 364 562 364
530 366 562 366
530 367 562 367
530 373 540 375
530 450 562 450
530 451 562 451
530 452 562 452
530 540 562 540
530 541 562 541
530 551 562 551
530 574 562 574
530 576 562 576
530 596 540 598
526 616 558 616
530 622 562 622
530 623 562 623
530 639 562 639
530 640 562 640
530 734 562 734
530 775 562 775
530 776 562 776
530 851 540 853
530 854 540 856
530 857 540 859
530 860 562 860
530 883 562 883
530 899 562 899
530 900 562 900
530 912 562 912
530 948 538 950
530 951 562 951
530 952 562 952
530 972 562 972
530 998 562 998
531 22 541 24
531 96 541 98
531 99 563 99
531 154 563 154
531 197 541 199
531 235 541 237
531 238 541 240
531 241 563 241
531 250 541 252
531 353 563 353
531 355 563 355
531 392 563 392
531 420 561 420
531 477 541 479
531 532 563 532
531 550 562 550
531 655 541 657
531 658 563 658
531 668 563 668
531 702 563 702
531 703 563 703
531 704 563 704
531 724 541 726
531 727 563 727
531 759 541 761
531 770 541 772
531 878 546 879
531 937 563 937
532 32 555 32
532 61 542 63
532 132 564 132
530 175 540 177
532 201 564 201
532 208 564 208
532 209 564 209
532 218 547 219
532 312 564 312
532 341 564 341
532 352 555 352
528 356 560 356
532 386 564 386
532 436 542 438
532 439 542 441
532 447 564 447
532 473 541 475
532 476 564 476
532 485 564 485
532 486 557 486
532 498 542 500
532 501 542 503
532 509 564 509
532 513 564 513
532 514 564 514
529 584 561 584
532 612 564 612
532 613 564 613
532 701 564 701
532 721 564 721
532 733 564 733
532 737 564 737
532 738 564 738
532 790 564 790
532 818 542 820
532 821 542 823
532 824 558 824
533 80 565 80
533 81 543 83
533 138 565 138
533 139 565 139
533 140 565 140
530 151 562 151
533 202 565 202
533 282 543 284
533 403 543 405
533 406 565 406
533 515 565 515
533 557 565 557
533 558 565 558
533 659 565 659
533 660 565 660
533 661 565 661
533 688 543 690
533 695 565 695
533 731 565 731
533 735 548 736
533 752 565 752
533 753 565 753
533 769 565 769
533 814 543 816
533 845 565 845
533 865 543 867
533 903 543 905
533 906 543 908
533 943 565 943
533 944 565 944
533 980 543 982
533 990 565 990
533 992 563 992
534 16 561 16
534 30 566 30
534 57 566 57
534 66 566 66
534 67 566 67
534 119 566 119
534 120 566 120
534 294 544 296
534 318 566 318
534 319 566 319
534 320 566 320
534 331 566 331
534 395 544 397
534 398 566 398
534 402 566 402
534 630 566 630
534 647 566 647
534 648 566 648
534 754 566 754
534 807 544 809
534 863 549 864
535 34 567 34
535 35 567 35
535 93 545 95
535 103 567 103
535 185 567 185
535 186 567 186
535 243 567 243
535 272 566 272
535 300 567 300
535 321 545 323
535 388 545 390
535 391 567 391
535 435 567 435
535 491 567 491
535 538 550 539
535 627 567 627
535 666 567 666
535 687 567 687
535 788 557 788
535 800 545 802
535 832 567 832
535 910 567 910
535 929 545 931
535 932 545 934
535 954 545 956
536 38 568 38
536 46 546 48
536 104 568 104
536 113 568 113
536 134 568 134
536 135 568 135
536 160 564 160
536 161 564 161
536 226 568 226
536 268 568 268
536 334 568 334
536 335 568 335
536 383 546 385
536 425 546 427
536 428 546 430
536 431 568 431
536 432 568 432
536 527 546 529
536 629 568 629
536 636 546 638
536 641 568 641
536 642 568 642
536 643 568 643
536 671 568 671
536 676 568 676
536 677 568 677
536 686 568 686
536 729 568 729
536 747 568 747
536 763 546 765
536 766 546 768
536 781 568 781
536 888 568 888
536 889 568 889
536 890 568 890
536 921 568 921
537 8 547 10
537 52 569 52
537 126 547 128
537 143 547 145
537 146 547 148
537 170 569 170
537 193 569 193
537 220 547 222
537 263 569 263
537 304 569 304
534 306 566 306
537 324 547 326
537 327 547 329
537 379 547 381
537 456 547 458
537 462 569 462
537 464 569 464
537 465 569 465
537 608 569 608
537 716 547 718
537 791 569 791
537 803 547 805
537 874 569 874
537 875 569 875
537 876 569 876
537 895 569 895
537 896 569 896
537 911 569 911
537 913 569 913
537 958 547 960
538 77 570 77
538 78 570 78
538 111 570 111
538 142 570 142
538 211 570 211
538 340 570 340
538 393 570 393
538 412 548 414
538 468 570 468
538 482 548 484
538 506 546 508
538 512 570 512
538 546 570 546
538 547 570 547
538 589 570 589
538 590 570 590
538 592 548 594
538 615 561 615
538 685 570 685
538 706 570 706
538 774 570 774
538 817 570 817
538 827 568 827
538 894 570 894
538 927 570 927
538 953 570 953
538 969 570 969
538 970 570 970
538 971 570 971
538 995 548 997
539 6 571 6
539 7 571 7
539 43 571 43
539 44 571 44
539 53 571 53
539 54 571 54
539 58 549 60
539 74 571 74
539 75 571 75
539 130 571 130
539 184 571 184
539 188 571 188
539 254 571 254
539 307 549 309
539 459 571 459
539 466 571 466
539 519 549 521
539 522 549 524
539 537 571 537
539 548 571 548
539 723 571 723
539 728 571 728
539 742 571 742
539 756 571 756
539 777 549 779
539 792 549 794
539 795 549 797
539 828 571 828
539 846 549 848
539 850 571 850
539 926 571 926
539 938 549 940
539 945 571 945
539 946 544 950
539 999 571 999
540 13 572 13
540 14 572 14
540 89 547 92
540 178 550 180
540 195 572 195
540 196 572 196
540 204 550 206
540 207 572 207
540 244 550 246
540 253 572 253
540 258 550 260
540 274 572 274
540 275 572 275
540 279 572 279
540 337 572 337
540 338 572 338
540 345 550 347
540 348 550 349
540 359 572 359
540 444 572 444
540 445 572 445
540 446 572 446
540 487 550 489
540 493 572 493
540 494 572 494
540 535 572 535
540 561 550 563
540 580 550 582
540 604 572 604
540 624 572 624
540 649 550 651
540 708 550 710
540 711 550 713
540 749 550 751
540 773 572 773
540 782 572 782
540 839 550 841
540 923 550 925
540 988 572 988
540 989 572 989
541 17 573 17
541 18 573 18
541 19 573 19
541 49 573 49
541 86 551 88
541 106 573 106
541 107 573 107
541 114 573 114
541 164 573 164
541 175 551 177
541 190 573 190
541 373 551 375
541 387 573 387
541 463 573 463
541 510 573 510
541 511 573 511
541 552 571 552
541 583 573 583
541 596 573 596
541 597 556 598
541 619 573 619
541 681 573 681
541 684 573 684
541 691 573 691
541 692 573 692
541 698 573 698
541 851 551 853
541 854 551 856
541 857 551 859
541 917 573 917
541 963 572 963
537 991 569 991
542 1 574 1
542 22 552 24
542 26 574 26
542 31 574 31
542 96 552 98
542 129 574 129
542 197 552 199
542 235 552 237
542 238 552 240
542 250 552 252
542 360 574 360
542 469 574 469
542 470 574 470
542 477 552 479
542 553 574 553
542 632 574 632
542 633 574 633
542 655 552 657
542 667 574 667
539 674 554 675
542 705 574 705
542 724 552 726
542 757 574 757
542 759 552 761
542 762 574 762
542 770 552 772
542 872 574 872
542 873 574 873
542 984 574 984
535 985 567 985
543 61 575 61
543 62 553 64
543 273 566 273
543 297 575 297
543 298 575 298
543 301 553 303
543 342 574 342
543 436 553 438
543 439 553 441
543 448 575 448
542 473 552 475
543 496 553 498
543 499 553 501
543 502 575 502
543 503 575 503
543 526 575 526
543 578 575 578
543 579 575 579
543 678 575 678
543 697 575 697
543 739 575 739
543 818 553 820
543 821 553 823
543 861 568 861
543 916 575 916
543 957 575 957
544 55 576 55
544 56 576 56
544 81 554 83
544 85 576 85
544 141 576 141
544 265 571 265
544 277 576 277
544 282 554 284
544 285 576 285
544 310 576 310
540 350 555 351
544 354 576 354
544 403 554 405
544 408 554 410
544 423 559 424
544 688 554 690
544 745 576 745
544 746 576 746
544 748 576 748
544 814 554 816
544 865 554 867
544 903 554 905
544 906 554 908
544 965 576 965
544 980 554 982
544 983 576 983
544 993 576 993
544 994 576 994
545 70 577 70
545 71 577 71
545 116 555 118
545 122 577 122
545 262 577 262
545 294 555 296
545 299 577 299
545 395 555 397
545 610 577 610
541 611 573 611
545 707 577 707
545 784 577 784
545 785 577 785
545 789 577 789
545 807 555 809
545 837 560 838
545 946 577 946
545 947 577 947
545 948 555 950
546 41 578 41
546 45 578 45
546 93 555 95
546 194 578 194
541 269 573 269
546 311 578 311
546 321 578 321
546 322 578 322
546 323 578 323
546 388 556 390
546 421 561 422
546 453 556 455
546 599 578 599
546 602 578 602
546 800 556 802
546 929 556 931
546 932 556 934
546 954 556 956
546 961 561 962
546 973 578 973
546 974 578 974
547 46 557 48
547 84 579 84
547 227 579 227
547 228 579 228
547 256 579 256
547 257 579 257
547 276 579 276
547 287 579 287
547 288 579 288
547 291 557 293
547 372 579 372
547 383 557 385
547 425 557 427
547 428 557 430
547 527 557 529
547 618 579 618
547 636 557 638
547 644 579 644
547 696 579 696
547 722 579 722
547 763 557 765
547 766 557 768
547 813 579 813
547 878 579 878
547 879 579 879
547 881 579 881
547 975 579 975
548 8 558 10
548 27 580 27
548 28 580 28
548 69 580 69
548 72 580 72
548 89 558 91
548 112 580 112
548 126 558 128
548 143 558 145
548 146 558 148
548 183 580 183
548 203 580 203
548 216 558 218
548 219 558 221
548 222 558 224
548 242 580 242
548 324 558 326
548 327 558 329
548 365 580 365
548 371 580 371
548 379 558 381
548 456 558 458
548 554 578 554
548 605 580 605
548 693 580 693
548 716 558 718
548 720 580 720
548 780 580 780
548 783 580 783
548 803 558 805
548 833 558 835
548 958 558 960
548 979 580 979
549 158 581 158
549 182 581 182
549 213 581 213
549 225 581 225
549 412 557 414
549 471 574 471
549 482 559 484
547 506 557 508
549 516 581 516
549 517 581 517
549 572 581 572
549 573 581 573
549 585 581 585
549 592 559 594
549 595 581 595
547 625 579 625
549 663 581 663
548 664 580 664
549 735 581 735
549 736 581 736
549 843 581 843
549 898 580 898
549 995 559 997
550 58 560 60
550 73 580 73
550 133 582 133
550 271 582 271
550 307 560 309
550 313 582 313
550 316 582 316
550 317 582 317
550 416 582 416
550 449 582 449
550 519 560 521
550 522 560 524
550 559 582 559
550 560 582 560
550 564 582 564
550 588 582 588
550 600 582 600
550 601 581 601
550 607 582 607
550 631 582 631
550 652 582 652
550 758 582 758
550 777 560 779
550 792 560 794
550 795 560 797
550 830 561 831
550 846 560 848
550 864 582 864
550 892 582 892
550 914 582 914
550 938 560 940
551 178 561 180
551 181 583 181
551 204 561 206
551 244 561 246
551 258 561 260
551 264 583 264
551 278 583 278
551 345 561 347
551 348 583 348
551 349 583 349
551 357 583 357
551 358 583 358
551 363 583 363
551 433 583 433
551 487 561 489
551 534 583 534
551 538 583 538
551 539 583 539
551 549 583 549
551 561 561 563
551 577 583 577
551 580 561 582
551 591 581 591
551 649 561 651
551 700 583 700
551 708 561 710
551 711 561 713
551 749 561 751
551 836 583 836
551 839 583 839
551 840 581 840
551 844 583 844
551 863 583 863
551 920 583 920
551 923 561 925
546 935 561 936
551 986 583 986
552 25 584 25
552 33 584 33
552 50 584 50
552 86 562 88
552 125 584 125
552 136 584 136
552 137 584 137
552 175 562 177
552 232 584 232
552 373 562 375
552 394 584 394
552 418 584 418
552 419 584 419
552 434 584 434
552 620 584 620
552 743 584 743
552 806 584 806
552 851 562 853
552 854 562 856
552 857 562 859
552 922 584 922
553 22 563 24
546 29 578 29
553 65 585 65
553 96 585 96
553 97 568 98
553 155 585 155
553 156 585 156
553 197 563 199
553 235 563 237
553 238 563 240
553 250 563 252
553 400 585 400
552 401 584 401
553 473 563 475
553 477 563 479
553 655 563 657
553 665 585 665
553 669 585 669
553 719 585 719
553 724 563 726
553 744 579 744
553 759 563 761
553 770 563 772
553 812 585 812
553 825 585 825
553 829 585 829
553 882 585 882
553 978 585 978
554 2 586 2
554 20 586 20
554 37 586 37
554 62 564 64
554 174 586 174
554 200 586 200
554 214 586 214
554 215 586 215
554 301 564 303
554 339 586 339
554 376 586 376
554 436 564 438
554 439 564 441
554 442 586 442
554 443 586 443
554 467 586 467
554 496 564 498
554 499 564 501
554 543 586 543
554 544 586 544
554 587 586 587
554 609 586 609
554 628 586 628
554 694 586 694
554 740 586 740
554 741 582 741
554 786 586 786
554 818 564 820
554 821 569 822
554 841 586 841
554 849 586 849
554 915 586 915
555 0 587 0
555 81 565 83
555 121 587 121
555 172 587 172
555 173 587 173
555 282 565 284
555 286 587 286
555 370 587 370
555 403 565 405
555 407 565 409
555 410 587 410
555 505 587 505
555 542 587 542
555 565 587 565
555 566 587 566
555 571 576 571
555 614 587 614
555 662 587 662
555 670 587 670
555 674 587 674
555 675 587 675
555 688 565 690
555 730 587 730
555 814 565 816
555 865 565 867
555 868 587 868
555 903 565 905
555 906 565 908
555 909 580 909
555 918 587 918
555 968 587 968
555 980 565 982
556 36 588 36
556 40 588 40
556 92 563 95
556 116 566 118
556 152 588 152
556 157 588 157
556 159 586 159
556 167 566 169
556 187 588 187
556 192 588 192
556 248 588 248
556 249 588 249
556 267 588 267
556 270 588 270
556 280 581 280
556 281 581 281
556 294 566 296
556 343 588 343
556 344 588 344
556 350 588 350
556 351 571 352
556 395 566 397
556 399 588 399
556 556 588 556
556 617 588 617
556 621 588 621
556 654 588 654
556 715 588 715
556 807 566 809
556 870 588 870
556 871 581 871
556 948 566 950
556 977 588 977
557 101 589 101
557 102 589 102
557 229 589 229
557 230 589 230
557 368 589 368
557 369 589 369
557 388 567 390
557 453 567 455
557 481 585 481
557 531 589 531
557 575 589 575
557 597 572 598
557 606 589 606
557 800 567 802
557 885 589 885
557 902 589 902
557 929 567 931
557 932 567 934
557 954 567 956
557 976 589 976
558 42 590 42
558 46 568 48
557 51 589 51
558 105 590 105
558 108 590 108
558 109 590 109
558 123 590 123
558 124 588 124
558 289 590 289
558 291 568 293
558 383 568 385
558 411 565 414
558 425 568 427
558 428 590 428
558 429 590 429
558 430 590 430
558 480 585 480
558 504 590 504
558 506 568 508
558 527 590 527
558 528 590 528
558 529 590 529
558 586 590 586
558 636 568 638
558 645 590 645
557 646 589 646
558 679 590 679
558 680 590 680
558 763 568 765
558 766 568 768
558 787 573 788
558 891 590 891
558 901 590 901
558 987 590 987
559 8 569 10
559 11 574 12
559 68 591 68
559 76 591 76
559 89 569 91
559 126 569 128
559 131 591 131
559 143 569 145
559 146 569 148
559 162 587 162
559 163 591 163
559 166 591 166
559 216 569 218
559 219 569 221
559 222 569 224
559 234 590 234
559 255 591 255
559 324 569 326
559 327 569 329
559 330 591 330
559 377 569 379
559 380 569 382
559 456 569 458
559 460 591 460
559 461 591 461
559 530 591 530
559 533 591 533
559 603 591 603
559 634 574 635
559 699 591 699
559 716 569 718
559 755 591 755
559 803 569 805
559 823 574 824
559 833 569 835
559 862 591 862
559 869 589 869
559 877 591 877
559 958 569 960
560 3 570 5
560 21 592 21
560 39 592 39
560 149 575 150
560 189 592 189
560 191 592 191
560 210 592 210
560 233 592 233
560 305 592 305
560 314 592 314
560 315 592 315
560 415 592 415
560 417 592 417
560 423 592 423
560 424 592 424
560 482 570 484
560 545 592 545
560 592 570 594
560 714 592 714
557 886 589 886
560 887 592 887
560 893 592 893
560 897 592 897
560 928 592 928
560 966 575 967
560 995 570 997
561 58 571 60
561 100 593 100
561 115 593 115
561 165 588 165
561 261 593 261
561 290 593 290
561 307 571 309
561 332 593 332
561 356 593 356
561 492 593 492
561 518 571 520
561 521 571 523
561 524 593 524
561 525 593 525
561 536 593 536
561 568 571 570
561 626 593 626
561 673 593 673
561 682 593 682
561 683 593 683
561 777 571 779
561 792 571 794
561 795 571 797
561 798 593 798
561 799 593 799
561 810 593 810
561 811 593 811
561 837 593 837
561 838 593 838
561 846 571 848
561 880 593 880
561 884 593 884
561 919 593 919
561 938 571 940
561 941 593 941
561 942 593 942
562 15 594 15
562 79 594 79
562 153 594 153
562 171 594 171
562 178 572 180
562 204 572 206
558 212 590 212
562 244 572 246
562 247 594 247
562 258 572 260
562 333 594 333
562 345 572 347
562 420 572 422
562 472 594 472
562 487 572 489
562 490 594 490
562 495 589 495
562 555 594 555
562 561 572 563
562 567 594 567
562 580 572 582
562 584 594 584
562 615 577 616
562 649 572 651
562 653 594 653
562 672 594 672
562 708 572 710
562 711 572 713
562 732 594 732
562 749 572 751
562 842 594 842
562 923 572 925
562 935 594 935
562 936 594 936
562 961 586 961
562 964 588 964
563 86 573 88
563 110 595 110
563 175 573 177
563 336 595 336
563 361 591 361
559 362 591 362
563 364 595 364
563 366 595 366
563 367 589 367
563 373 573 375
563 450 595 450
563 452 595 452
563 540 595 540
563 541 595 541
563 550 578 551
563 574 595 574
563 576 595 576
563 622 595 622
563 623 595 623
563 639 595 639
563 640 595 640
563 734 595 734
563 775 595 775
563 776 595 776
563 851 573 853
563 854 595 854
563 855 573 857
563 858 573 860
563 883 595 883
563 899 595 899
563 900 595 900
563 912 595 912
563 951 595 951
563 952 595 952
563 972 595 972
563 998 595 998
564 22 574 24
564 92 572 94
564 95 596 95
564 99 596 99
564 151 596 151
564 154 596 154
564 197 574 199
564 235 574 237
564 238 574 240
564 241 596 241
564 250 574 252
564 353 596 353
564 355 596 355
564 392 596 392
564 473 574 475
564 477 574 479
564 532 587 532
564 655 574 657
564 658 596 658
564 668 596 668
564 702 574 704
564 724 574 726
564 727 596 727
564 759 596 759
564 760 596 760
564 761 596 761
564 770 574 772
564 937 596 937
556 32 588 32
565 62 575 64
565 132 597 132
565 201 597 201
565 208 597 208
565 209 597 209
565 301 575 303
565 312 597 312
565 341 597 341
565 386 597 386
565 436 575 438
565 439 575 441
565 447 597 447
565 476 597 476
565 485 597 485
558 486 590 486
565 496 575 498
565 499 575 501
565 509 596 509
565 513 597 513
565 514 597 514
565 612 597 612
565 613 597 613
565 701 597 701
565 721 597 721
565 733 592 733
565 737 597 737
565 738 597 738
565 790 597 790
565 818 575 820
566 80 576 82
566 83 598 83
566 138 576 140
566 202 598 202
566 282 576 284
566 403 598 403
566 404 576 406
566 407 598 407
566 409 598 409
566 412 598 412
566 413 598 413
566 515 598 515
566 557 598 557
566 558 598 558
566 659 576 661
566 688 576 690
566 695 598 695
566 731 598 731
566 752 597 752
566 753 597 753
566 769 598 769
566 814 576 816
577 830 598 830
562 830 576 831
566 845 598 845
566 865 576 867
566 903 576 905
566 906 576 908
566 943 598 943
566 944 598 944
566 980 576 982
566 990 598 990
564 992 596 992
562 16 594 16
567 30 599 30
567 57 599 57
567 66 599 66
567 67 599 67
567 116 577 118
567 119 599 119
567 120 599 120
567 167 577 169
567 294 577 296
567 306 599 306
567 318 577 320
567 331 599 331
567 395 577 397
567 398 599 398
567 402 599 402
567 408 599 408
567 630 599 630
567 647 599 647
567 648 599 648
567 754 597 754
567 807 577 809
567 948 577 950
568 34 583 35
568 103 600 103
568 185 600 185
568 186 600 186
568 243 600 243
567 272 582 273
568 300 600 300
568 388 578 390
568 391 600 391
568 435 600 435
568 453 578 455
568 491 600 491
568 627 600 627
568 666 600 666
568 687 600 687
568 800 578 802
568 832 600 832
568 910 600 910
568 929 578 931
568 932 578 934
568 954 575 956
568 985 600 985
569 38 600 38
569 46 578 48
569 97 601 97
569 98 601 98
569 104 601 104
569 113 601 113
569 134 601 134
569 135 601 135
578 160 601 160
565 160 577 161
569 226 593 226
569 268 601 268
569 291 579 293
569 334 601 334
569 383 579 385
569 425 579 427
569 431 601 431
569 432 601 432
569 506 579 508
569 629 601 629
569 636 579 638
569 641 579 643
569 671 601 671
569 676 601 676
569 677 601 677
569 686 601 686
569 729 601 729
569 747 601 747
569 763 579 765
569 766 579 768
569 781 601 781
569 826 584 827
569 888 579 890
569 921 601 921
570 8 580 10
570 52 602 52
570 89 602 89
570 90 602 90
570 91 602 91
570 126 580 128
570 143 580 145
570 146 580 148
570 170 602 170
570 193 602 193
570 216 580 218
570 219 580 221
570 222 580 224
570 263 602 263
570 304 602 304
570 324 580 326
570 327 580 329
570 377 580 379
570 380 580 382
570 411 602 411
570 456 580 458
570 462 602 462
570 464 602 464
570 465 602 465
570 608 602 608
570 716 580 718
570 791 597 791
570 803 580 805
570 821 602 821
570 822 602 822
570 833 580 835
570 874 580 876
570 895 602 895
570 896 602 896
570 911 602 911
570 913 602 913
570 958 602 958
570 959 602 959
570 960 602 960
570 991 602 991
571 3 581 5
571 77 596 77
571 78 596 78
571 111 603 111
571 142 603 142
571 211 603 211
571 340 602 340
571 393 603 393
571 482 581 484
571 512 603 512
571 546 603 546
571 547 603 547
571 589 603 589
571 590 603 590
571 592 581 594
571 685 603 685
571 706 603 706
571 774 603 774
571 817 598 817
571 894 603 894
571 927 603 927
571 953 603 953
571 969 580 971
571 995 581 997
572 6 604 6
572 7 604 7
572 43 604 43
572 44 604 44
572 53 604 53
572 54 604 54
572 58 582 60
572 74 604 74
572 75 604 75
572 130 604 130
572 184 604 184
572 188 604 188
572 254 604 254
572 265 587 266
572 307 582 309
572 351 587 352
572 459 604 459
572 466 604 466
572 518 582 520
572 521 604 521
572 522 604 522
572 537 604 537
572 548 604 548
572 568 582 570
572 723 604 723
572 728 604 728
572 742 604 742
572 756 604 756
572 777 582 779
572 792 582 794
572 795 582 797
572 828 604 828
572 846 582 848
572 850 604 850
572 926 604 926
572 938 582 940
572 945 604 945
572 999 604 999
573 13 605 13
573 14 605 14
573 178 583 180
573 195 605 195
573 196 605 196
573 204 583 206
573 207 605 207
573 231 605 231
573 244 583 246
573 253 605 253
573 258 605 258
573 259 605 259
573 260 605 260
573 274 605 274
573 275 605 275
573 279 605 279
573 337 605 337
573 338 605 338
573 345 583 347
573 359 605 359
573 420 583 422
573 444 583 446
573 487 583 489
573 493 605 493
573 494 605 494
573 523 605 523
573 535 605 535
573 561 583 563
573 580 583 582
573 597 605 597
573 598 605 598
573 604 605 604
573 624 605 624
573 649 583 651
573 708 583 710
573 711 583 713
573 749 583 751
573 773 605 773
573 782 602 782
573 923 583 925
573 962 588 963
573 988 605 988
573 989 602 989
574 17 584 19
574 49 606 49
574 86 584 88
574 106 606 106
574 107 606 107
574 114 606 114
574 164 606 164
574 175 584 177
574 190 606 190
574 269 606 269
574 373 584 375
574 387 606 387
574 463 606 463
574 510 606 510
574 511 606 511
572 552 604 552
574 583 606 583
574 596 606 596
574 611 606 611
574 619 606 619
574 681 606 681
574 684 606 684
574 691 606 691
574 692 606 692
574 698 606 698
574 787 589 788
574 851 584 853
574 855 584 857
574 858 584 860
574 917 606 917
575 1 607 1
575 11 605 11
575 12 605 12
575 22 585 24
575 26 607 26
575 31 607 31
573 92 583 94
575 129 607 129
575 197 585 199
575 235 585 237
575 238 585 240
575 250 585 252
575 360 607 360
575 468 582 471
575 473 585 475
575 477 585 479
575 553 607 553
575 632 585 634
575 635 607 635
575 655 585 657
575 667 607 667
575 702 585 704
575 705 607 705
575 724 585 726
575 757 607 757
575 762 607 762
575 770 585 772
575 823 607 823
575 872 607 872
575 873 607 873
575 984 607 984
576 61 586 63
576 64 608 64
576 150 608 150
576 297 591 298
576 301 586 303
575 342 607 342
576 436 586 438
576 439 586 441
576 448 608 448
576 496 586 498
576 499 586 501
576 502 608 502
576 503 608 503
576 526 608 526
576 578 608 578
576 579 608 579
576 678 608 678
576 697 608 697
576 739 608 739
576 818 608 818
576 819 608 819
569 861 601 861
576 916 608 916
576 954 583 957
576 966 608 966
576 967 608 967
577 55 609 55
577 56 601 56
577 80 587 82
577 85 609 85
577 138 587 140
577 141 609 141
577 149 609 149
577 277 609 277
577 283 587 285
577 310 609 310
577 354 609 354
577 404 587 406
577 659 587 661
577 688 587 690
577 745 609 745
577 746 609 746
577 748 609 748
577 814 587 816
577 820 609 820
577 824 609 824
577 831 609 831
577 865 587 867
577 903 587 905
577 906 587 908
577 965 609 965
577 980 587 982
577 983 609 983
577 993 609 993
577 994 609 994
578 70 610 70
578 71 610 71
578 116 610 116
578 117 610 117
578 118 610 118
578 122 610 122
578 167 588 169
578 262 610 262
578 294 588 296
578 299 610 299
578 318 588 320
578 395 588 397
578 610 610 610
578 615 610 615
578 616 610 616
578 707 610 707
578 784 610 784
578 785 610 785
578 789 610 789
578 807 610 807
578 809 610 809
578 946 608 946
578 947 588 949
578 950 610 950
579 29 609 29
579 41 611 41
579 45 586 48
579 194 611 194
579 311 611 311
579 321 589 323
579 388 589 390
579 414 611 414
579 453 589 455
579 550 611 550
579 599 611 599
579 602 611 602
579 800 589 802
579 808 611 808
579 929 611 929
579 930 589 932
579 933 611 933
579 934 611 934
579 973 611 973
579 974 611 974
580 84 612 84
580 227 612 227
580 228 612 228
580 256 612 256
580 257 612 257
580 276 612 276
580 287 612 287
580 288 612 288
580 291 590 293
580 372 612 372
580 383 590 385
580 425 590 427
580 506 590 508
580 618 606 618
580 625 610 625
580 636 590 638
580 641 590 643
580 644 612 644
580 696 612 696
580 722 612 722
580 763 590 765
580 766 590 768
580 813 612 813
580 878 612 878
580 879 612 879
580 881 612 881
580 888 590 890
580 975 612 975
581 8 591 10
581 27 613 27
581 28 613 28
581 69 613 69
581 72 610 72
581 112 613 112
581 126 591 128
581 143 591 145
581 146 591 148
581 183 613 183
581 203 613 203
581 216 591 218
581 219 591 221
581 222 591 224
581 242 613 242
581 324 591 326
581 327 591 329
581 365 613 365
581 371 613 371
581 377 591 379
581 380 591 382
581 456 591 458
579 554 611 554
581 605 613 605
581 664 613 664
581 693 613 693
581 716 591 718
581 720 613 720
581 780 613 780
581 783 613 783
581 803 613 803
581 804 613 804
581 805 613 805
581 833 591 835
581 874 596 875
581 876 613 876
581 979 613 979
582 3 592 5
582 158 614 158
582 182 614 182
582 213 614 213
582 225 614 225
582 280 592 282
582 482 592 484
582 516 614 516
582 517 614 517
582 572 613 572
582 573 613 573
582 585 612 585
593 592 614 592
582 591 592 593
582 594 614 594
582 595 614 595
582 663 614 663
582 735 614 735
582 736 614 736
582 843 614 843
581 898 613 898
581 969 591 971
582 995 592 997
583 58 593 60
581 73 610 73
583 133 615 133
583 271 615 271
583 272 615 272
583 273 615 273
583 307 593 309
583 313 615 313
583 316 615 316
583 317 615 317
583 416 615 416
583 449 615 449
583 468 593 470
583 471 615 471
583 518 593 520
583 559 615 559
583 560 615 560
583 564 615 564
583 568 593 570
583 588 615 588
583 600 615 600
582 601 614 601
583 607 615 607
583 631 615 631
583 652 615 652
583 758 615 758
583 777 593 779
583 792 593 794
583 795 593 797
583 846 593 848
583 864 615 864
583 892 615 892
583 914 615 914
583 938 593 940
584 34 616 34
584 35 616 35
584 92 594 94
584 178 594 180
584 181 616 181
584 204 594 206
584 244 594 246
584 264 616 264
584 278 616 278
584 345 594 347
584 348 616 348
584 349 616 349
584 357 616 357
584 358 616 358
584 363 616 363
584 420 594 422
584 433 616 433
584 444 594 446
584 487 594 489
584 534 616 534
584 538 616 538
584 539 616 539
584 549 616 549
584 561 594 563
584 577 616 577
584 580 594 582
584 649 599 650
584 651 616 651
584 700 616 700
584 708 594 710
584 711 594 713
584 749 594 751
584 836 616 836
584 839 616 839
582 840 614 840
584 844 616 844
584 863 616 863
584 920 616 920
584 923 594 925
584 954 591 957
584 986 616 986
585 17 595 19
585 25 617 25
585 33 617 33
585 50 617 50
585 86 595 88
585 125 617 125
585 136 617 136
585 137 617 137
585 175 595 177
585 232 617 232
585 373 595 375
585 394 617 394
585 401 617 401
585 418 617 418
585 419 617 419
585 434 617 434
585 451 617 451
585 620 614 620
585 743 617 743
585 806 617 806
585 826 617 826
585 827 617 827
585 851 595 853
585 855 595 857
585 858 595 860
585 922 617 922
586 22 596 24
586 65 618 65
586 96 618 96
586 155 618 155
586 156 618 156
586 197 596 199
586 235 590 240
586 250 596 252
586 400 618 400
586 473 596 475
586 477 618 477
586 478 618 478
586 479 596 481
586 632 596 634
586 655 596 657
586 665 618 665
586 669 617 669
586 702 596 704
586 719 618 719
586 724 596 726
580 744 612 744
586 770 596 772
586 812 618 812
586 825 618 825
586 829 618 829
586 882 618 882
586 978 618 978
587 2 619 2
587 20 619 20
587 37 619 37
587 46 619 46
587 47 619 47
587 61 597 63
587 174 619 174
587 200 617 200
587 214 619 214
587 215 619 215
587 301 597 303
587 339 619 339
587 376 617 376
587 436 597 438
587 439 597 441
587 442 619 442
587 443 619 443
587 467 619 467
587 496 597 498
587 499 597 501
587 543 619 543
587 544 619 544
587 551 619 551
587 587 612 587
587 609 619 609
587 628 619 628
587 694 619 694
587 740 619 740
583 741 615 741
587 786 619 786
587 841 619 841
587 849 619 849
587 915 619 915
588 0 620 0
588 80 598 82
588 121 620 121
588 138 598 140
588 161 603 162
588 172 620 172
588 173 620 173
588 265 620 265
588 266 620 266
588 283 598 285
588 286 620 286
588 351 620 351
588 352 620 352
588 370 620 370
588 404 598 406
588 410 620 410
588 505 620 505
588 542 620 542
588 565 603 566
577 571 609 571
588 614 620 614
588 659 598 661
588 662 620 662
588 670 620 670
588 674 620 674
588 675 620 675
588 688 598 690
588 730 620 730
588 814 598 816
588 865 598 867
588 868 620 868
588 903 598 905
588 906 598 908
581 909 613 909
588 918 616 918
588 968 620 968
588 980 598 982
589 32 617 32
589 36 621 36
589 40 621 40
589 152 621 152
589 157 621 157
587 159 619 159
589 167 599 169
589 187 621 187
589 192 618 192
589 248 621 248
589 249 621 249
589 267 621 267
589 270 621 270
589 294 599 296
589 318 599 320
589 343 619 343
589 344 621 344
589 350 621 350
589 395 599 397
589 399 621 399
589 556 621 556
589 617 621 617
589 621 621 621
589 654 621 654
589 715 621 715
589 870 621 870
582 871 614 871
589 947 621 947
589 948 621 948
589 962 621 962
589 963 604 964
589 977 621 977
590 51 622 51
590 101 622 101
590 102 622 102
590 229 622 229
590 230 622 230
590 321 600 323
590 367 600 369
590 388 600 390
590 453 600 455
590 531 622 531
590 575 622 575
590 606 622 606
590 646 622 646
590 787 622 787
590 788 622 788
590 800 622 800
590 801 622 801
590 802 622 802
590 885 622 885
590 886 622 886
590 902 622 902
590 930 622 930
590 931 622 931
590 932 622 932
590 976 616 976
591 42 623 42
591 105 623 105
591 108 623 108
591 109 623 109
591 123 623 123
589 124 621 124
591 212 622 212
591 234 601 236
591 237 623 237
591 238 623 238
591 239 606 240
591 289 623 289
591 291 601 293
591 383 601 385
591 425 601 427
591 428 601 430
591 486 616 486
591 504 623 504
591 506 601 508
591 527 601 529
591 586 612 586
591 636 601 638
591 641 601 643
591 645 623 645
591 679 623 679
591 680 623 680
591 763 601 765
591 766 601 768
591 888 601 890
591 891 623 891
591 901 620 901
591 987 623 987
592 8 602 10
592 68 624 68
592 76 624 76
592 126 602 128
592 131 624 131
592 143 602 145
592 146 602 148
592 163 624 163
592 166 624 166
592 216 602 218
592 219 602 221
592 222 602 224
592 255 624 255
592 297 624 297
592 298 624 298
592 324 602 326
592 327 602 329
592 330 624 330
592 361 607 362
592 377 602 379
592 380 602 382
592 456 602 458
592 460 607 461
592 530 624 530
592 533 624 533
592 603 624 603
592 699 624 699
592 716 602 718
592 755 624 755
592 833 602 835
592 862 624 862
590 869 622 869
592 877 624 877
592 954 599 957
592 969 602 971
593 3 603 5
593 21 625 21
593 39 625 39
593 45 625 45
593 189 625 189
593 191 625 191
593 210 625 210
593 233 625 233
593 280 603 282
593 305 625 305
593 314 625 314
593 335 625 335
593 415 625 415
593 417 625 417
593 423 616 423
593 424 625 424
593 482 603 484
593 545 625 545
593 591 625 591
593 593 625 593
593 714 625 714
593 887 625 887
593 893 625 893
593 897 625 897
593 928 625 928
593 995 603 997
594 48 626 48
594 58 604 60
594 100 626 100
594 115 626 115
589 165 621 165
594 261 626 261
594 290 626 290
594 307 604 309
594 332 626 332
594 356 626 356
594 468 626 468
594 469 626 469
594 470 626 470
594 518 604 520
594 524 626 524
594 525 626 525
594 536 626 536
594 568 604 570
594 626 626 626
594 673 626 673
594 682 626 682
594 683 626 683
594 777 604 779
594 792 604 794
594 795 604 797
594 798 626 798
594 799 626 799
594 810 626 810
594 811 626 811
594 837 626 837
594 838 626 838
594 846 626 846
594 880 626 880
594 884 626 884
594 919 626 919
594 938 604 940
594 941 609 942
595 15 627 15
595 16 627 16
595 92 605 94
595 153 627 153
595 171 627 171
595 178 605 180
595 204 605 206
595 244 605 246
595 247 627 247
595 315 627 315
595 333 627 333
595 345 605 347
595 420 605 422
595 444 605 446
595 472 627 472
595 487 605 489
595 490 627 490
590 495 622 495
595 555 627 555
595 561 605 563
595 567 627 567
595 580 627 580
595 581 627 581
595 582 627 582
595 584 623 584
595 653 627 653
595 672 627 672
595 708 605 710
595 711 605 713
595 732 627 732
595 749 605 751
595 847 610 848
595 923 605 925
595 935 627 935
595 936 627 936
587 961 619 961
596 17 606 19
596 86 606 88
596 110 628 110
596 175 606 177
596 336 628 336
596 364 628 364
596 366 628 366
596 373 606 375
596 450 628 450
596 452 628 452
596 492 628 492
596 540 611 541
596 574 628 574
596 576 628 576
596 622 628 622
596 623 628 623
596 639 628 639
596 640 628 640
596 734 628 734
596 775 628 775
596 776 628 776
596 851 606 853
596 854 606 856
596 857 606 859
596 860 628 860
596 883 628 883
596 899 628 899
596 900 628 900
596 912 628 912
596 951 628 951
596 952 628 952
596 972 628 972
596 998 628 998
597 22 607 24
597 77 607 79
597 95 626 95
597 99 629 99
597 151 629 151
597 154 629 154
597 197 607 199
597 241 629 241
597 250 607 252
597 353 629 353
597 355 629 355
597 392 625 392
597 473 607 475
597 479 607 481
588 532 620 532
597 632 607 634
597 655 607 657
597 658 629 658
597 668 629 668
597 702 607 704
597 724 607 726
597 727 629 727
597 759 607 761
597 770 607 772
597 842 629 842
597 874 629 874
597 875 629 875
597 937 629 937
597 992 629 992
598 61 608 63
598 132 630 132
598 201 630 201
598 208 630 208
598 209 630 209
598 301 608 303
598 312 630 312
598 341 630 341
598 386 630 386
598 436 608 438
598 439 608 441
598 447 630 447
598 476 630 476
598 485 630 485
598 496 608 498
598 499 608 501
597 509 629 509
598 513 630 513
598 514 630 514
598 612 630 612
598 613 630 613
598 701 630 701
598 721 630 721
593 733 625 733
598 737 630 737
598 738 630 738
598 790 630 790
598 949 630 949
599 80 609 82
599 83 631 83
599 138 609 140
599 202 630 202
599 283 607 285
599 403 609 405
599 406 631 406
599 407 631 407
599 409 631 409
599 412 631 412
599 413 631 413
599 515 631 515
599 557 631 557
599 558 631 558
599 659 609 661
599 688 609 690
599 695 631 695
599 731 631 731
609 752 630 752
598 752 608 754
599 769 631 769
599 814 631 814
599 815 609 817
599 830 631 830
599 845 631 845
599 865 609 867
599 903 609 905
599 906 609 908
599 943 631 943
599 944 631 944
599 980 609 982
599 990 631 990
600 30 632 30
600 57 632 57
600 66 615 67
600 119 632 119
600 120 632 120
600 167 610 169
600 294 610 296
600 306 632 306
600 318 610 320
600 331 632 331
600 395 610 397
600 398 632 398
600 402 632 402
600 408 631 408
600 630 632 630
600 647 610 649
600 650 632 650
600 954 610 956
600 957 632 957
601 103 633 103
601 185 633 185
601 186 633 186
601 243 632 243
601 300 633 300
601 321 611 323
601 367 611 369
601 388 611 390
601 391 633 391
601 435 633 435
601 453 611 455
601 491 633 491
601 627 633 627
601 666 633 666
601 687 633 687
601 832 625 832
601 910 633 910
601 985 633 985
601 38 633 38
602 97 634 97
602 98 634 98
602 104 634 104
602 113 634 113
602 134 634 134
602 135 634 135
602 160 634 160
594 226 626 226
602 234 612 236
602 268 634 268
602 291 612 293
602 334 627 334
602 383 612 385
602 425 612 427
602 428 612 430
602 431 634 431
602 432 634 432
602 506 612 508
602 527 612 529
602 629 634 629
602 636 612 638
602 641 612 643
602 671 634 671
602 676 634 676
602 677 634 677
602 686 634 686
602 729 634 729
602 747 634 747
602 763 612 765
602 766 612 768
602 781 634 781
602 888 612 890
602 921 634 921
603 8 613 10
603 52 635 52
603 89 613 91
603 126 613 128
603 143 613 145
603 146 613 148
603 170 635 170
603 193 635 193
603 216 613 218
603 219 613 221
603 222 635 222
603 223 635 223
603 224 635 224
603 263 635 263
603 304 635 304
603 324 612 326
603 327 613 329
603 377 613 379
603 380 613 382
603 411 635 411
603 456 613 458
603 462 635 462
603 464 635 464
603 465 635 465
603 608 635 608
603 716 613 718
598 791 630 791
603 821 635 821
603 822 635 822
603 833 613 835
603 895 635 895
603 896 635 896
603 911 635 911
603 913 635 913
603 958 613 960
603 969 613 971
603 991 633 991
604 3 614 5
604 111 636 111
604 142 636 142
604 161 636 161
604 162 636 162
604 211 636 211
604 281 636 281
603 340 635 340
604 393 636 393
604 482 614 484
604 512 636 512
604 546 619 547
604 565 636 565
604 566 636 566
604 589 636 589
604 590 636 590
604 685 636 685
604 706 636 706
604 774 636 774
604 894 636 894
604 927 636 927
604 953 636 953
604 995 614 997
605 6 620 7
605 43 637 43
605 44 637 44
605 53 637 53
605 54 637 54
605 58 615 60
605 74 637 74
605 75 637 75
605 130 637 130
605 184 637 184
605 188 637 188
605 254 637 254
605 307 615 309
605 459 637 459
605 466 637 466
605 518 615 520
605 521 637 521
605 522 637 522
605 537 637 537
605 548 637 548
605 552 637 552
605 568 615 570
605 723 637 723
605 728 637 728
605 742 637 742
605 756 637 756
605 777 615 779
605 792 615 794
605 795 615 797
605 828 637 828
605 850 637 850
605 926 637 926
605 938 615 940
605 945 637 945
605 963 637 963
605 964 637 964
605 999 637 999
614 13 638 13
606 11 613 14
606 92 616 94
606 178 616 180
606 195 638 195
606 196 638 196
606 204 616 206
606 207 638 207
606 231 638 231
606 244 616 246
606 253 638 253
606 258 616 260
606 274 638 274
606 275 638 275
606 279 638 279
606 337 621 338
606 345 616 347
606 359 632 359
606 420 616 422
606 444 616 446
606 487 616 489
606 493 638 493
606 494 638 494
606 523 638 523
606 535 638 535
606 561 615 563
606 597 638 597
606 598 638 598
606 604 631 604
606 624 638 624
606 708 616 710
606 711 616 713
606 749 616 751
606 773 636 773
603 782 635 782
606 923 638 923
606 924 638 924
606 988 638 988
603 989 635 989
607 17 617 19
607 49 637 49
607 86 617 88
607 106 636 106
607 107 639 107
607 114 639 114
607 164 639 164
607 175 639 175
607 176 639 176
607 177 639 177
607 190 639 190
607 239 639 239
607 240 639 240
607 269 639 269
607 373 617 375
607 387 639 387
607 463 639 463
607 510 639 510
607 511 639 511
607 583 639 583
607 596 639 596
607 611 639 611
607 619 639 619
607 681 639 681
607 684 636 684
607 691 639 691
607 692 639 692
607 698 637 698
607 851 617 853
607 854 617 856
607 857 617 859
607 861 639 861
607 917 639 917
608 1 640 1
608 22 618 24
608 26 640 26
608 77 618 79
608 129 640 129
608 197 617 199
608 250 618 252
608 280 640 280
608 282 615 285
608 360 618 362
608 460 623 461
608 473 618 475
608 479 618 481
608 553 640 553
608 632 618 634
608 635 640 635
608 655 618 657
608 667 640 667
608 702 618 704
608 705 640 705
608 724 618 726
608 757 640 757
608 759 618 761
608 762 640 762
608 770 618 772
608 823 640 823
608 872 640 872
608 873 640 873
608 925 640 925
608 984 640 984
609 61 619 63
609 64 641 64
609 150 641 150
609 301 619 303
609 436 619 438
609 439 619 441
609 448 641 448
609 496 619 498
609 499 619 501
620 502 641 502
609 502 619 503
609 526 641 526
609 578 641 578
609 579 641 579
609 678 641 678
609 697 641 697
609 739 641 739
609 753 624 754
609 818 641 818
609 819 641 819
609 916 641 916
609 966 641 966
609 967 641 967
610 55 642 55
602 56 634 56
610 80 620 82
610 85 642 85
610 138 620 140
610 141 642 141
610 149 642 149
610 277 642 277
610 310 642 310
610 354 642 354
610 403 620 405
610 571 642 571
610 659 620 661
610 688 620 690
610 745 642 745
610 746 641 746
610 748 642 748
610 815 620 817
610 820 642 820
610 824 642 824
610 831 642 831
610 865 620 867
610 903 620 905
610 906 620 908
610 941 642 941
610 965 642 965
610 980 620 982
610 983 642 983
610 993 642 993
610 994 642 994
611 70 643 70
621 71 643 71
611 116 621 118
611 122 643 122
611 167 621 169
611 262 643 262
611 294 621 296
611 299 643 299
611 318 621 320
611 395 621 397
611 610 643 610
611 615 643 615
611 616 643 616
611 647 621 649
611 707 643 707
611 784 643 784
611 785 643 785
611 789 643 789
611 807 643 807
611 809 643 809
611 847 643 847
611 848 643 848
609 946 641 946
611 950 643 950
611 954 621 956
610 29 642 29
612 41 644 41
612 194 644 194
612 311 644 311
612 321 644 321
612 322 644 322
612 367 622 369
612 388 644 388
612 389 644 389
612 414 644 414
612 453 622 455
612 540 644 540
612 541 644 541
612 550 644 550
612 554 644 554
612 602 644 602
612 929 644 929
612 933 644 933
612 934 644 934
612 942 644 942
612 973 644 973
612 974 644 974
613 84 645 84
613 227 628 228
613 234 623 236
613 256 645 256
613 257 645 257
613 276 645 276
613 287 645 287
613 288 645 288
613 291 623 293
613 323 620 326
613 372 645 372
613 383 623 385
613 425 623 427
613 428 623 430
613 506 623 508
613 527 623 529
607 618 639 618
611 625 643 625
613 636 623 638
613 641 623 643
613 644 645 644
613 696 645 696
613 722 645 722
613 744 645 744
613 763 623 765
613 766 645 766
613 767 645 767
613 768 645 768
613 813 640 813
613 878 645 878
613 879 645 879
613 881 645 881
613 888 645 888
613 889 645 889
613 890 645 890
613 975 645 975
614 8 624 10
614 11 627 12
614 27 646 27
614 28 646 28
614 69 646 69
621 72 646 72
611 71 620 73
614 89 624 91
614 126 624 128
614 143 624 145
614 146 624 148
614 183 646 183
614 203 645 203
614 216 621 218
614 219 624 221
614 242 646 242
614 327 624 329
614 365 646 365
614 371 643 371
614 377 624 379
614 380 624 382
614 456 624 458
614 605 646 605
614 664 646 664
614 693 646 693
614 716 624 718
614 720 646 720
614 780 646 780
614 783 646 783
614 803 624 805
614 808 646 808
614 833 624 835
614 876 645 876
614 898 646 898
614 909 646 909
614 958 624 960
614 969 624 971
614 979 646 979
615 3 625 5
615 14 647 14
615 112 647 112
615 158 647 158
615 182 647 182
615 213 647 213
615 225 647 225
615 482 625 484
615 516 647 516
615 517 647 517
614 572 629 573
613 585 623 587
615 592 647 592
615 594 647 594
615 595 647 595
615 601 647 601
615 663 647 663
615 735 647 735
615 736 647 736
615 840 647 840
615 871 647 871
615 995 625 997
616 58 626 60
616 66 648 66
616 67 648 67
616 133 648 133
616 271 626 273
616 282 626 284
616 285 648 285
616 307 648 307
616 309 648 309
616 313 648 313
616 316 648 316
616 317 648 317
616 390 648 390
616 416 648 416
616 449 648 449
616 471 648 471
616 518 626 520
616 559 620 564
616 568 626 570
616 588 643 588
616 600 648 600
616 607 648 607
616 631 648 631
616 652 648 652
616 741 648 741
616 758 648 758
616 777 626 779
616 792 626 794
616 795 626 797
616 864 648 864
616 892 648 892
616 914 648 914
616 938 626 940
617 34 649 34
617 35 649 35
617 92 627 94
617 178 627 180
617 181 647 181
617 204 649 204
617 205 649 205
617 206 649 206
617 244 627 246
617 258 627 260
617 264 649 264
617 278 649 278
617 345 627 347
617 348 649 348
617 349 649 349
617 357 649 357
617 358 649 358
617 363 649 363
617 420 649 420
617 421 627 423
617 433 649 433
617 444 627 446
617 486 627 488
617 489 649 489
617 534 649 534
617 538 649 538
617 539 649 539
617 549 649 549
617 577 649 577
617 651 649 651
617 700 649 700
617 708 627 710
617 711 627 713
617 749 627 751
617 836 649 836
617 839 649 839
617 844 649 844
617 863 649 863
617 920 649 920
617 986 649 986
618 17 628 19
618 25 650 25
618 31 626 33
618 50 650 50
618 86 628 88
618 125 650 125
618 136 650 136
618 137 650 137
618 232 650 232
618 373 650 373
618 374 628 376
618 394 650 394
618 401 650 401
618 418 650 418
618 419 650 419
618 434 650 434
618 451 650 451
618 599 650 599
615 620 647 620
618 743 650 743
618 806 650 806
618 826 650 826
618 827 650 827
618 851 628 853
618 854 628 856
618 857 628 859
618 922 649 922
619 22 629 24
619 65 651 65
619 77 629 79
619 96 651 96
619 155 651 155
619 156 651 156
626 197 651 197
618 197 625 200
619 250 629 252
619 360 629 362
619 400 651 400
619 473 629 475
619 477 629 479
619 480 651 480
619 481 651 481
619 632 629 634
619 655 629 657
619 665 651 665
618 669 650 669
619 702 629 704
619 719 651 719
619 724 629 726
619 759 629 761
619 770 629 772
619 812 651 812
619 825 651 825
619 829 651 829
619 882 651 882
619 978 651 978
620 20 652 20
620 37 651 37
620 46 652 46
620 47 652 47
620 61 630 63
620 159 652 159
620 174 652 174
620 214 652 214
620 301 630 303
620 339 652 339
620 342 635 343
620 436 630 438
620 439 630 441
620 442 652 442
620 443 652 443
620 467 652 467
620 496 630 498
620 499 652 499
620 500 652 500
620 501 652 501
620 503 652 503
620 543 652 543
620 544 652 544
620 546 652 546
620 551 652 551
620 609 652 609
620 628 652 628
620 694 652 694
620 740 652 740
620 786 652 786
620 841 652 841
620 849 652 849
620 915 652 915
620 961 652 961
621 0 653 0
621 6 653 6
621 7 653 7
621 80 631 82
621 121 653 121
621 138 631 140
621 172 653 172
621 173 653 173
621 265 653 265
621 266 653 266
621 286 653 286
621 308 653 308
621 323 631 325
621 326 653 326
621 351 653 351
621 352 653 352
621 370 653 370
621 403 631 405
621 410 653 410
621 505 653 505
621 532 653 532
621 542 653 542
621 559 631 561
621 562 631 564
621 614 653 614
621 659 631 661
621 662 647 662
621 670 649 670
621 674 653 674
621 675 653 675
621 688 631 690
621 730 653 730
621 815 631 817
621 843 653 843
621 865 631 867
621 868 653 868
621 903 631 905
621 906 631 908
617 918 649 918
621 968 653 968
621 980 631 982
622 36 654 36
622 40 654 40
622 73 654 73
622 116 632 118
622 124 654 124
622 152 654 152
622 157 654 157
622 165 654 165
622 167 632 169
622 187 654 187
619 192 651 192
622 215 629 218
622 248 654 248
622 249 654 249
622 267 654 267
622 270 654 270
622 294 632 296
622 318 632 320
622 337 654 337
622 338 654 338
622 344 654 344
622 350 654 350
622 395 632 397
622 399 654 399
622 547 654 547
622 556 654 556
622 617 654 617
622 621 654 621
622 647 632 649
622 654 654 654
622 715 654 715
622 870 654 870
622 947 654 947
622 948 654 948
622 954 632 956
622 962 654 962
622 977 654 977
623 51 655 51
623 101 655 101
623 102 655 102
623 229 654 229
623 230 654 230
623 367 633 369
623 453 633 455
623 495 655 495
623 531 655 531
623 575 655 575
623 606 655 606
623 646 655 646
623 787 655 787
623 788 655 788
623 800 633 802
623 869 655 869
623 885 655 885
623 886 655 886
623 902 653 902
623 930 633 932
617 976 649 976
624 42 656 42
624 105 656 105
624 108 656 108
624 109 656 109
624 123 656 123
623 212 655 212
624 234 634 236
624 237 656 237
624 238 656 238
624 289 656 289
624 291 634 293
624 383 634 385
624 425 634 427
624 428 634 430
624 460 639 461
624 504 656 504
624 506 656 506
624 507 656 507
624 508 656 508
624 527 634 529
624 584 634 586
624 587 656 587
624 636 634 638
624 641 634 643
624 645 652 645
624 679 656 679
624 680 656 680
624 763 634 765
624 891 656 891
621 901 653 901
624 987 656 987
625 8 635 10
625 68 654 68
625 76 657 76
625 89 635 91
625 126 635 128
625 131 657 131
625 143 635 145
625 146 635 148
625 163 657 163
625 219 635 221
625 255 657 255
625 297 657 297
625 298 657 298
625 327 635 329
625 330 652 330
625 377 635 379
625 380 635 382
625 456 635 458
625 530 657 530
625 533 657 533
625 603 657 603
625 699 657 699
625 716 635 718
625 753 657 753
625 754 657 754
625 755 657 755
625 803 635 805
625 833 635 835
625 862 657 862
625 877 657 877
625 958 635 960
625 969 635 971
626 3 636 5
626 21 658 21
626 39 658 39
626 45 658 45
626 189 658 189
626 191 658 191
626 198 636 200
626 210 658 210
626 233 658 233
626 305 658 305
626 314 658 314
626 335 654 335
626 415 658 415
626 417 658 417
626 424 649 424
626 482 636 484
626 545 658 545
626 593 658 593
626 714 658 714
626 733 658 733
626 887 656 887
626 893 658 893
626 897 658 897
626 928 658 928
626 995 636 997
627 48 659 48
627 58 637 60
627 100 655 100
627 115 659 115
627 166 659 166
627 261 659 261
627 271 659 271
627 272 659 272
627 273 659 273
627 282 637 284
627 290 659 290
627 332 659 332
627 356 659 356
627 468 637 470
627 518 637 520
627 524 659 524
627 525 659 525
627 536 659 536
627 568 637 570
627 626 659 626
627 673 659 673
627 682 659 682
627 683 659 683
627 777 637 779
627 792 637 794
627 795 637 797
627 798 659 798
627 799 659 799
627 810 659 810
627 811 659 811
627 837 659 837
627 838 659 838
627 846 659 846
627 880 659 880
627 884 659 884
627 938 637 940
628 2 660 2
628 15 660 15
628 16 660 16
628 92 638 94
628 153 660 153
628 171 660 171
628 178 638 180
628 244 638 246
628 247 654 247
628 258 638 260
628 315 660 315
628 333 660 333
628 345 638 347
628 421 638 423
628 444 638 446
628 472 660 472
628 486 638 488
628 490 660 490
628 555 660 555
628 567 660 567
628 580 638 582
628 653 660 653
628 672 660 672
628 708 638 710
628 711 638 713
628 732 660 732
628 749 638 751
628 935 660 935
628 936 660 936
629 17 639 19
627 31 637 33
629 86 639 88
629 110 661 110
629 226 639 228
629 336 654 336
629 364 661 364
629 366 661 366
629 374 639 376
629 450 655 450
629 452 661 452
629 492 660 492
629 574 661 574
629 576 659 576
629 622 661 622
629 623 661 623
629 639 661 639
629 640 661 640
629 734 661 734
629 775 661 775
629 776 661 776
629 851 639 853
629 854 639 856
629 857 639 859
629 860 661 860
629 883 661 883
629 899 661 899
629 900 661 900
629 912 661 912
629 951 661 951
629 952 661 952
629 972 661 972
629 998 661 998
628 11 643 12
630 22 640 24
630 77 640 79
627 95 659 95
630 99 662 99
630 151 662 151
630 154 662 154
630 215 640 217
630 218 657 218
630 241 662 241
630 250 640 252
630 353 662 353
630 355 662 355
630 360 640 362
626 392 658 392
630 473 640 475
630 477 640 479
630 509 662 509
630 572 645 573
630 591 662 591
630 632 640 634
630 655 640 657
630 658 662 658
630 668 662 668
630 702 640 704
630 724 640 726
630 727 662 727
630 759 640 761
630 770 640 772
630 842 651 842
630 874 662 874
630 875 662 875
630 937 662 937
630 992 662 992
631 61 641 63
631 132 663 132
631 201 645 202
631 208 663 208
631 209 663 209
631 301 641 303
631 312 663 312
631 341 663 341
631 386 663 386
631 436 641 438
631 439 641 441
631 447 663 447
631 476 663 476
631 485 663 485
631 496 641 498
631 513 663 513
631 514 663 514
631 612 663 612
631 613 663 613
631 701 663 701
631 721 663 721
631 737 663 737
631 738 663 738
631 790 662 790
631 791 663 791
631 949 663 949
632 80 642 82
632 83 664 83
632 138 642 140
632 323 642 325
632 403 642 405
632 406 662 406
632 407 642 409
632 412 664 412
632 413 664 413
632 515 664 515
632 557 642 559
632 560 639 562
632 563 664 563
632 564 664 564
632 659 642 661
632 688 642 690
632 695 664 695
632 731 664 731
631 752 663 752
632 769 664 769
632 814 642 816
632 817 661 817
632 830 664 830
632 845 664 845
632 865 664 865
632 866 664 866
632 867 664 867
632 903 642 905
632 906 642 908
632 943 664 943
632 944 664 944
632 980 642 982
632 990 664 990
633 30 665 30
633 57 665 57
633 116 643 118
633 119 665 119
633 120 665 120
633 167 643 169
633 294 665 294
633 295 665 295
633 296 665 296
633 306 665 306
633 318 643 320
633 331 665 331
633 395 643 397
633 398 665 398
633 402 665 402
633 630 665 630
633 647 665 647
633 648 643 650
633 919 665 919
633 954 643 956
633 957 665 957
634 103 666 103
634 185 666 185
634 186 666 186
633 243 665 243
634 300 666 300
634 367 644 369
634 391 666 391
634 435 666 435
634 453 644 455
634 491 665 491
634 627 666 627
634 666 666 666
634 687 666 687
634 800 644 802
626 832 658 832
634 910 666 910
634 930 644 932
634 985 663 985
635 56 665 56
635 97 667 97
635 98 667 98
635 104 667 104
635 113 667 113
635 134 667 134
635 135 667 135
635 160 667 160
635 234 645 236
635 268 667 268
635 291 645 293
628 334 660 334
635 383 645 385
635 425 645 427
635 428 645 430
635 431 667 431
635 432 667 432
635 527 645 529
635 584 645 586
635 629 667 629
635 636 645 638
635 641 645 643
635 671 667 671
635 676 667 676
635 677 667 677
635 686 667 686
635 729 667 729
635 747 667 747
635 763 645 765
635 781 659 781
635 921 667 921
636 8 646 10
636 52 668 52
636 89 646 91
636 126 646 128
636 143 646 145
636 146 646 148
636 170 663 170
636 193 668 193
636 219 646 221
636 222 646 224
636 263 668 263
636 304 668 304
636 327 646 329
636 340 668 340
636 342 668 342
636 343 668 343
636 377 646 379
636 380 646 382
636 411 668 411
636 456 646 458
636 462 668 462
636 464 668 464
636 465 668 465
636 608 668 608
636 716 646 718
636 782 668 782
636 803 646 805
636 821 668 821
636 822 668 822
636 833 646 835
636 895 668 895
636 896 665 896
636 911 668 911
636 913 668 913
636 958 646 960
636 969 646 971
636 989 668 989
634 991 666 991
637 3 669 3
637 4 669 4
637 5 669 5
637 111 669 111
637 142 669 142
637 161 669 161
637 162 669 162
637 198 647 200
637 211 669 211
637 281 668 281
637 393 665 393
637 482 647 484
637 512 669 512
637 565 669 565
637 566 669 566
637 589 669 589
637 590 668 590
637 684 652 685
637 706 669 706
637 773 652 774
637 894 669 894
637 927 669 927
637 953 667 953
637 995 647 997
638 31 648 33
638 43 670 43
638 44 670 44
638 53 670 53
638 54 670 54
638 58 648 60
638 74 670 74
638 75 667 75
638 130 670 130
638 184 670 184
638 188 670 188
638 254 669 254
638 282 648 284
638 459 670 459
638 466 670 466
638 468 648 470
638 518 670 518
638 519 670 519
638 520 648 522
638 537 670 537
638 548 670 548
638 552 670 552
638 568 648 570
638 723 670 723
638 728 664 728
638 742 670 742
638 756 670 756
638 777 670 777
638 778 653 779
638 792 648 794
638 795 648 797
638 828 670 828
638 850 670 850
638 938 648 940
638 945 670 945
638 963 670 963
638 964 670 964
638 999 670 999
639 13 671 13
639 92 649 94
639 178 649 180
639 195 671 195
639 196 671 196
639 207 671 207
639 231 670 231
639 244 649 246
639 253 671 253
639 258 649 260
639 274 671 274
639 275 671 275
639 279 671 279
639 345 649 347
633 359 665 359
639 421 649 423
639 444 649 446
639 486 649 488
639 493 671 493
639 494 671 494
639 523 671 523
639 535 671 535
639 580 649 582
639 597 671 597
639 598 671 598
632 604 664 604
639 624 671 624
639 708 649 710
639 711 649 713
639 749 649 751
639 923 671 923
639 924 671 924
639 926 671 926
639 988 671 988
640 17 650 19
638 49 670 49
640 86 650 88
637 106 669 106
640 107 669 107
640 114 672 114
640 164 672 164
640 175 650 177
640 190 672 190
640 226 650 228
640 239 672 239
640 240 672 240
640 269 672 269
640 374 650 376
640 387 672 387
640 460 672 460
640 461 672 461
640 463 672 463
640 510 672 510
640 511 672 511
640 583 670 583
640 596 672 596
640 611 672 611
640 618 672 618
640 619 672 619
640 681 672 681
640 691 672 691
640 692 672 692
638 698 670 698
640 851 650 853
640 854 650 856
640 857 650 859
640 861 667 861
640 917 672 917
641 1 673 1
641 22 651 24
641 26 673 26
641 77 673 77
641 78 673 78
641 79 673 79
641 129 667 129
641 215 651 217
641 250 651 252
641 280 673 280
641 360 651 362
641 473 651 475
641 478 673 478
641 479 673 479
641 553 673 553
641 632 651 634
641 635 673 635
641 655 651 657
641 667 673 667
641 702 651 704
641 705 673 705
641 724 651 726
641 757 673 757
641 759 651 761
641 762 673 762
641 770 673 770
641 771 673 771
641 772 673 772
641 823 673 823
641 872 673 872
641 925 673 925
641 984 673 984
642 61 652 62
642 63 657 64
642 150 674 150
642 301 674 301
642 302 674 302
642 436 652 438
642 439 652 441
642 448 674 448
642 477 674 477
642 496 652 498
642 502 674 502
642 526 674 526
642 578 674 578
642 579 674 579
642 678 674 678
642 697 674 697
642 739 674 739
642 818 674 818
642 819 674 819
642 916 674 916
642 966 674 966
642 967 674 967
643 29 675 29
643 55 675 55
643 80 653 82
643 85 675 85
643 138 653 140
643 141 675 141
643 149 674 149
643 277 675 277
643 310 675 310
643 323 653 325
643 354 675 354
643 403 651 405
643 407 653 409
643 557 653 559
651 560 675 560
651 561 675 561
640 560 650 562
643 571 675 571
643 659 675 659
643 660 675 660
643 661 675 661
643 688 675 688
643 689 675 689
643 690 675 690
643 745 675 745
642 746 674 746
643 748 675 748
643 814 653 816
643 820 675 820
643 824 674 824
643 831 675 831
643 903 653 905
643 906 653 908
643 941 675 941
643 946 675 946
643 965 675 965
643 980 653 982
643 983 675 983
643 993 675 993
643 994 675 994
644 11 676 11
644 12 676 12
644 70 676 70
644 71 676 71
644 116 654 118
644 122 676 122
644 167 654 169
644 262 676 262
644 299 676 299
644 318 654 320
644 395 654 397
644 610 676 610
644 615 676 615
644 616 676 616
644 625 676 625
644 648 654 650
644 707 676 707
644 784 676 784
644 785 676 785
644 789 676 789
644 807 676 807
644 809 676 809
644 847 676 847
644 848 676 848
644 950 676 950
644 954 654 956
645 38 677 38
645 41 677 41
645 194 677 194
645 311 677 311
645 321 677 321
645 322 677 322
645 367 655 369
645 388 674 388
645 389 677 389
645 414 677 414
645 453 655 455
645 540 677 540
645 541 677 541
645 550 677 550
645 554 677 554
645 602 677 602
645 800 655 802
645 929 655 931
645 932 655 934
645 942 677 942
645 973 677 973
645 974 677 974
646 84 678 84
646 234 656 236
646 256 678 256
646 257 678 257
646 276 678 276
646 287 678 287
646 288 678 288
646 291 656 293
646 372 677 372
646 383 656 385
646 425 656 427
646 428 656 430
646 527 656 529
646 572 675 572
646 573 675 573
646 584 656 586
646 636 656 638
646 641 656 643
646 644 678 644
646 696 678 696
646 722 678 722
646 744 678 744
646 763 678 763
646 764 656 766
646 767 678 767
646 768 678 768
641 813 673 813
646 878 678 878
646 879 678 879
646 881 677 881
646 888 656 890
646 975 678 975
647 8 655 10
647 27 679 27
647 28 679 28
647 69 679 69
647 72 679 72
647 89 657 91
647 126 679 126
647 127 679 127
647 143 657 145
647 146 679 146
647 147 679 147
647 148 679 148
647 183 679 183
646 201 656 203
647 219 657 221
647 222 657 224
647 242 679 242
647 303 679 303
647 327 657 329
644 371 676 371
647 377 657 379
647 380 657 382
647 456 677 456
647 457 679 457
647 458 679 458
647 605 679 605
647 664 679 664
647 693 679 693
647 716 657 718
647 720 679 720
647 780 679 780
647 783 679 783
647 803 657 805
647 808 679 808
647 833 657 835
646 876 678 876
647 898 679 898
647 909 679 909
647 958 657 960
647 969 657 971
647 979 679 979
648 14 680 14
648 112 680 112
648 158 680 158
648 182 680 182
648 198 658 200
648 213 680 213
648 225 680 225
648 482 658 484
648 516 680 516
648 517 680 517
648 592 680 592
648 594 680 594
648 595 680 595
648 601 680 601
648 620 680 620
648 662 663 663
648 735 680 735
648 736 680 736
648 840 680 840
648 871 680 871
648 873 680 873
648 995 658 997
649 31 659 33
649 58 659 60
649 66 681 66
649 128 681 128
649 133 681 133
649 282 681 282
649 283 681 283
649 284 681 284
649 285 681 285
649 307 681 307
649 309 681 309
649 313 681 313
649 316 681 316
649 317 681 317
649 390 681 390
649 416 681 416
649 449 681 449
649 468 659 470
649 471 681 471
649 520 659 522
649 568 659 570
644 588 676 588
649 600 681 600
649 607 681 607
649 631 673 631
649 652 681 652
649 741 681 741
649 758 681 758
649 792 659 794
649 795 659 797
649 864 681 864
649 892 681 892
649 914 681 914
649 938 659 940
650 34 682 34
650 35 682 35
650 92 659 94
650 178 660 180
648 181 680 181
650 204 660 206
650 244 660 246
650 258 660 260
650 264 682 264
650 278 682 278
650 345 660 347
650 348 682 348
650 349 682 349
650 357 665 358
650 363 682 363
650 365 682 365
650 420 660 422
650 423 665 424
650 433 682 433
650 444 660 446
650 486 660 488
650 489 682 489
650 534 682 534
650 538 682 538
650 539 682 539
650 549 682 549
650 577 682 577
650 580 660 582
650 651 682 651
650 700 682 700
650 708 660 710
650 711 660 713
650 749 660 751
650 836 682 836
650 839 682 839
650 844 682 844
650 863 681 863
650 918 682 918
650 920 682 920
650 976 678 976
650 986 682 986
651 17 661 19
651 25 683 25
651 50 683 50
651 86 661 88
651 125 683 125
651 136 683 136
651 137 683 137
651 175 661 177
651 226 661 228
651 232 683 232
651 373 661 375
651 376 683 376
651 394 683 394
651 401 683 401
651 418 683 418
651 419 683 419
651 434 682 434
651 451 683 451
651 562 683 562
651 599 683 599
651 669 682 669
651 743 683 743
651 806 683 806
651 826 683 826
651 827 683 827
651 851 661 853
651 854 661 856
651 857 661 859
650 922 682 922
652 22 662 24
652 65 684 65
652 96 684 96
652 155 684 155
652 156 684 156
652 192 684 192
652 197 684 197
652 215 662 217
652 250 662 252
652 360 662 362
652 400 684 400
652 473 662 475
652 480 684 480
652 481 684 481
652 632 662 634
652 655 662 657
652 665 684 665
652 702 662 704
652 719 684 719
652 724 662 726
652 759 662 761
652 812 684 812
652 825 684 825
652 829 684 829
652 882 684 882
652 978 684 978
653 20 685 20
652 37 684 37
653 46 684 46
653 47 684 47
653 61 685 61
653 62 685 62
653 159 685 159
653 174 685 174
653 214 680 214
653 339 684 339
653 436 663 438
653 439 685 439
653 440 663 442
653 443 685 443
653 467 685 467
653 496 663 498
653 499 660 501
653 503 685 503
653 543 678 543
653 544 685 544
653 546 685 546
653 551 685 551
653 609 685 609
653 628 685 628
653 684 685 684
653 685 685 685
653 694 685 694
653 740 685 740
653 773 685 773
653 774 685 774
653 786 685 786
653 841 685 841
653 849 685 849
653 915 685 915
653 961 685 961
654 0 686 0
654 6 686 6
654 7 686 7
654 80 664 82
654 121 686 121
654 138 664 140
654 172 686 172
654 173 686 173
654 265 686 265
654 266 686 266
654 286 686 286
654 308 686 308
654 323 664 325
654 326 686 326
654 351 686 351
654 352 686 352
654 370 677 370
652 403 662 405
654 407 664 409
654 410 686 410
654 505 686 505
654 532 686 532
654 542 678 542
654 557 664 559
654 614 686 614
650 670 682 670
654 674 686 674
654 675 683 675
654 730 686 730
654 778 686 778
654 779 685 779
654 814 664 816
654 843 686 843
654 868 675 868
654 901 664 903
654 904 664 906
654 907 686 907
654 908 686 908
654 968 686 968
654 980 664 982
655 36 687 36
655 40 687 40
655 67 670 68
655 73 687 73
655 116 665 118
655 124 687 124
655 152 687 152
655 157 687 157
655 165 687 165
655 167 665 169
655 187 687 187
666 248 688 248
655 247 665 249
655 267 687 267
655 270 687 270
655 318 665 320
663 337 687 337
655 335 662 338
655 344 687 344
655 350 687 350
655 395 665 397
655 399 687 399
655 547 687 547
655 556 687 556
655 617 687 617
655 621 687 621
655 648 665 650
655 654 687 654
655 715 687 715
655 870 687 870
655 947 687 947
655 948 687 948
655 954 665 956
655 962 687 962
655 977 678 977
656 51 688 51
656 100 671 101
656 102 688 102
656 212 688 212
655 229 670 230
656 367 666 369
656 453 666 455
656 495 688 495
656 531 688 531
656 575 688 575
656 606 688 606
656 646 688 646
656 787 688 787
656 788 688 788
656 800 666 802
656 869 688 869
656 885 688 885
656 886 688 886
656 929 666 931
656 932 666 934
657 42 689 42
657 105 689 105
657 108 689 108
657 109 689 109
657 123 689 123
657 201 667 203
657 234 667 236
657 237 689 237
657 238 689 238
657 289 689 289
657 291 667 293
657 383 667 385
657 425 667 427
657 428 667 430
657 504 689 504
657 506 667 508
657 527 667 529
657 584 664 587
657 636 667 638
657 641 667 643
653 645 685 645
657 679 689 679
657 680 689 680
657 764 667 766
657 888 667 890
657 891 686 891
657 987 689 987
656 8 666 10
658 63 690 63
658 64 687 64
658 76 690 76
658 89 668 91
658 131 690 131
658 143 673 144
658 145 690 145
658 163 690 163
658 218 668 220
658 221 690 221
658 222 668 224
658 255 690 255
658 297 690 297
658 298 690 298
658 327 690 327
658 328 690 328
658 329 690 329
653 330 685 330
658 377 668 379
658 380 668 382
658 530 688 530
658 533 690 533
658 603 690 603
658 699 690 699
658 716 668 718
658 753 668 755
658 803 668 805
658 833 668 835
658 862 681 862
658 877 690 877
658 958 668 960
658 969 668 971
659 21 688 21
659 39 691 39
659 45 691 45
659 189 691 189
659 191 691 191
659 198 669 200
659 210 691 210
659 233 691 233
659 305 691 305
659 314 691 314
659 392 691 392
659 415 688 415
659 417 691 417
659 482 669 484
659 545 691 545
659 593 691 593
659 714 691 714
659 733 691 733
659 832 691 832
657 887 686 887
659 893 691 893
659 897 691 897
659 928 691 928
659 995 691 995
659 996 691 996
659 997 691 997
660 31 670 33
660 48 692 48
660 58 670 60
660 95 690 95
660 115 692 115
660 166 692 166
660 261 692 261
660 271 670 273
660 290 692 290
660 332 692 332
660 356 692 356
660 468 670 470
660 520 670 522
660 524 692 524
660 525 692 525
660 536 692 536
660 568 670 570
660 626 692 626
660 673 692 673
660 682 692 682
660 792 670 794
660 795 670 797
660 798 692 798
660 799 692 799
660 810 692 810
660 811 692 811
660 837 692 837
660 838 692 838
660 846 690 846
660 880 692 880
660 884 692 884
660 938 670 940
661 2 693 2
661 15 693 15
661 16 693 16
671 92 686 93
660 92 670 94
661 153 693 153
661 171 693 171
661 178 671 180
661 204 671 206
661 244 671 246
661 258 671 260
661 315 693 315
661 333 693 333
661 334 693 334
661 345 671 347
661 420 693 420
661 421 693 421
661 422 693 422
661 444 693 444
661 445 676 446
661 472 693 472
661 486 671 488
661 490 693 490
661 555 693 555
661 567 693 567
661 580 670 582
661 653 693 653
661 672 693 672
661 683 693 683
661 708 671 710
661 711 671 713
661 732 693 732
661 749 671 751
661 935 693 935
661 936 693 936
662 17 672 19
662 86 672 88
662 110 694 110
662 175 672 177
662 226 672 228
662 364 694 364
662 366 694 366
662 373 672 375
656 450 688 450
662 452 694 452
661 492 693 492
662 574 694 574
660 576 692 576
662 622 694 622
662 623 689 623
662 639 689 639
662 640 689 640
662 734 694 734
662 775 694 775
662 776 694 776
662 851 672 853
662 854 672 856
662 857 694 857
662 858 694 858
662 859 694 859
662 860 694 860
662 883 693 883
662 899 694 899
662 900 694 900
662 912 694 912
662 951 694 951
662 952 694 952
662 972 694 972
662 998 694 998
663 22 673 24
663 99 695 99
663 151 695 151
663 154 694 154
663 215 673 217
663 241 695 241
663 250 673 252
663 335 695 335
663 338 695 338
663 353 695 353
663 355 695 355
663 360 672 362
663 403 670 406
663 473 673 475
663 509 695 509
663 591 695 591
663 632 673 634
663 655 673 657
663 658 695 658
663 668 695 668
663 702 673 704
663 724 673 726
663 759 673 761
652 842 684 842
663 874 694 874
663 875 694 875
663 937 695 937
663 992 695 992
664 132 696 132
664 208 696 208
664 209 696 209
664 312 696 312
664 336 696 336
664 341 696 341
664 386 696 386
664 436 674 438
664 440 674 442
664 447 696 447
664 476 695 476
664 485 696 485
664 496 674 498
672 499 697 499
661 499 671 501
664 513 696 513
664 514 696 514
664 612 696 612
664 613 693 613
664 662 696 662
664 701 696 701
664 721 696 721
664 737 696 737
664 738 696 738
664 752 696 752
663 790 695 790
664 791 696 791
664 949 696 949
665 80 675 82
665 83 697 83
665 138 675 140
665 323 675 325
665 407 675 409
665 412 697 412
665 413 697 413
665 515 697 515
665 557 675 559
665 563 680 564
665 584 670 587
665 604 697 604
665 695 697 695
665 727 680 728
665 731 697 731
665 769 697 769
665 814 675 816
662 817 694 817
665 830 697 830
665 845 697 845
665 865 675 867
665 901 675 903
665 904 675 906
665 943 697 943
665 944 693 944
665 980 675 982
665 990 697 990
666 30 698 30
666 56 681 57
666 116 676 118
666 119 698 119
666 120 698 120
666 167 698 167
666 169 698 169
666 243 698 243
666 247 688 247
666 294 676 296
666 306 698 306
666 318 676 320
666 331 698 331
666 357 676 359
666 395 676 397
666 398 698 398
666 402 698 402
666 423 698 423
666 424 698 424
666 630 694 630
666 647 676 649
666 650 698 650
666 919 698 919
666 954 676 956
666 957 698 957
667 8 677 10
667 103 699 103
667 185 699 185
667 186 699 186
667 300 699 300
667 367 699 367
667 368 699 368
667 391 693 391
667 435 699 435
667 453 677 455
666 491 698 491
667 627 699 627
667 666 699 666
667 687 699 687
667 800 677 802
667 910 699 910
667 929 677 931
667 932 677 934
664 985 696 985
667 991 697 991
668 97 700 97
668 98 700 98
668 104 700 104
668 113 700 113
668 134 700 134
668 135 700 135
668 160 700 160
668 201 678 203
668 234 678 236
668 268 700 268
668 291 678 293
668 369 700 369
668 383 678 385
668 425 678 427
668 428 678 430
668 431 700 431
668 432 700 432
668 506 678 508
668 527 678 529
668 629 694 629
668 636 678 638
668 641 678 643
668 671 700 671
668 676 700 676
668 677 700 677
668 686 700 686
668 729 700 729
668 747 700 747
668 764 678 766
660 781 692 781
668 888 678 890
668 921 700 921
669 52 701 52
669 89 679 91
664 170 696 170
669 193 701 193
669 218 679 220
669 222 679 224
669 263 701 263
669 304 701 304
669 340 701 340
669 342 701 342
669 343 701 343
669 377 679 379
669 380 679 382
669 411 701 411
669 462 701 462
669 464 701 464
669 465 701 465
669 608 701 608
669 663 701 663
669 716 679 718
669 753 679 755
669 782 701 782
669 803 679 805
669 821 701 821
669 822 701 822
669 833 679 835
669 895 701 895
666 896 698 896
669 911 701 911
669 913 701 913
669 958 684 959
669 960 701 960
669 969 679 971
669 989 701 989
670 3 680 5
670 106 685 107
670 111 702 111
670 142 702 142
670 161 702 161
670 162 702 162
670 198 680 200
670 211 702 211
670 249 702 249
669 281 701 281
666 393 698 393
670 482 680 484
670 512 702 512
670 565 702 565
670 566 702 566
670 589 702 589
669 590 701 590
670 706 702 706
670 894 702 894
670 927 702 927
668 953 700 953
671 31 681 33
671 43 703 43
671 44 703 44
671 49 703 49
671 53 703 53
671 54 703 54
671 58 681 60
671 67 703 67
671 68 703 68
671 74 703 74
668 75 700 75
671 94 703 94
671 130 703 130
671 184 703 184
671 188 703 188
671 229 681 231
670 254 702 254
671 271 681 273
671 403 703 403
671 404 681 406
671 459 703 459
671 466 703 466
671 468 681 470
671 518 703 518
671 519 681 521
671 522 703 522
671 537 703 537
671 548 703 548
671 552 703 552
671 568 681 570
671 698 703 698
671 723 703 723
671 742 703 742
671 756 703 756
671 777 703 777
671 792 681 794
671 795 681 797
671 828 703 828
671 850 703 850
671 938 681 940
671 945 693 945
671 963 686 964
671 999 703 999
672 13 704 13
672 100 704 100
672 101 704 101
672 178 682 180
672 195 704 195
672 196 704 196
672 204 682 206
672 207 704 207
672 244 682 246
672 253 704 253
672 258 682 260
672 274 704 274
672 275 704 275
672 279 704 279
672 345 682 347
672 486 682 488
672 493 704 493
672 494 704 494
672 501 704 501
672 523 704 523
672 535 704 535
674 580 682 582
672 597 704 597
672 598 704 598
672 624 704 624
672 708 682 710
672 711 681 713
672 749 682 751
672 923 704 923
672 924 704 924
672 926 704 926
672 988 703 988
673 17 683 19
673 86 683 88
673 114 705 114
673 164 705 164
673 175 683 177
673 190 705 190
673 226 705 226
673 227 688 228
673 239 705 239
673 240 705 240
673 269 705 269
673 373 683 375
673 460 705 460
673 461 705 461
673 463 705 463
673 510 705 510
673 511 705 511
674 583 683 585
674 586 705 586
671 580 673 587
673 596 705 596
673 611 705 611
673 618 705 618
673 619 705 619
673 681 705 681
673 691 705 691
673 692 705 692
673 851 705 851
673 852 683 854
673 855 705 855
673 856 705 856
668 861 700 861
673 917 705 917
674 1 702 1
674 22 684 24
674 26 706 26
674 77 684 79
668 129 700 129
674 143 706 143
674 144 706 144
674 215 684 217
674 250 684 252
674 280 701 280
673 360 683 362
674 473 684 475
674 478 689 479
674 553 706 553
685 632 706 632
674 631 684 633
674 634 706 634
674 635 705 635
674 655 684 657
674 667 706 667
674 702 684 704
674 705 702 705
674 724 684 726
674 757 706 757
674 759 684 761
674 762 701 762
674 770 684 772
674 813 706 813
674 823 706 823
674 872 706 872
674 925 704 925
674 984 706 984
675 149 690 150
675 301 707 301
675 302 707 302
675 387 690 388
675 436 685 438
675 440 685 442
675 448 707 448
675 477 707 477
675 496 685 498
675 502 707 502
675 526 707 526
675 578 707 578
675 579 707 579
675 678 707 678
675 697 707 697
675 739 707 739
675 746 707 746
675 818 707 818
675 819 707 819
675 916 707 916
675 966 705 966
675 967 705 967
676 29 708 29
676 55 703 55
676 80 686 82
676 85 708 85
676 138 686 140
676 141 708 141
676 277 708 277
676 310 708 310
676 323 686 325
676 354 708 354
676 407 686 409
676 557 686 559
676 560 708 560
676 561 708 561
676 571 686 573
676 659 686 661
676 688 686 690
676 745 708 745
676 748 708 748
676 814 686 816
676 820 708 820
675 824 707 824
676 831 708 831
676 866 708 866
676 867 691 868
676 901 686 903
676 904 686 906
676 941 708 941
676 946 708 946
676 965 705 965
676 980 686 982
676 983 708 983
676 993 708 993
676 994 708 994
677 11 709 11
677 12 709 12
677 70 709 70
677 71 709 71
677 116 687 118
677 122 709 122
677 262 709 262
677 294 687 296
677 299 709 299
677 318 687 320
677 357 687 359
677 395 687 397
677 445 709 445
677 588 709 588
677 610 709 610
677 615 709 615
677 616 709 616
677 625 709 625
677 647 687 649
677 707 709 707
677 784 709 784
677 785 709 785
677 789 709 789
677 807 709 807
677 809 709 809
677 847 709 847
677 848 709 848
677 950 709 950
677 954 687 956
678 8 688 10
678 38 710 38
678 41 710 41
678 194 710 194
678 311 710 311
678 321 710 321
678 322 710 322
678 370 688 372
678 389 710 389
678 414 710 414
678 453 710 453
678 454 710 454
678 455 693 456
678 540 710 540
678 550 710 550
678 554 710 554
678 602 710 602
678 800 688 802
678 929 688 931
678 932 688 934
678 942 710 942
678 973 710 973
678 974 710 974
679 84 709 84
679 201 689 203
679 234 689 236
679 256 711 256
679 257 711 257
679 276 711 276
679 287 711 287
679 291 711 291
679 292 711 292
679 293 711 293
679 383 689 385
679 425 689 427
679 428 689 430
679 506 689 508
679 527 689 529
679 541 689 543
679 636 689 638
679 641 689 643
679 644 711 644
679 696 711 696
679 722 711 722
679 744 711 744
679 763 689 765
679 766 689 768
679 876 710 876
679 878 711 878
679 879 711 879
678 881 710 881
679 888 686 890
679 975 689 977
680 27 694 28
680 69 709 69
680 72 710 72
680 89 690 91
680 126 712 126
680 127 712 127
680 146 690 148
680 183 712 183
680 218 690 220
680 222 690 224
680 242 712 242
680 288 712 288
680 303 712 303
680 377 690 379
680 380 690 382
680 457 712 457
680 458 712 458
680 500 712 500
680 605 712 605
680 664 712 664
680 693 712 693
680 716 690 718
680 720 712 720
680 753 690 755
680 780 712 780
680 783 712 783
680 803 690 805
680 808 712 808
680 833 690 835
680 898 712 898
680 909 712 909
680 969 690 971
680 979 712 979
681 3 713 3
681 4 713 4
681 5 713 5
681 14 713 14
681 112 713 112
681 158 713 158
681 181 713 181
681 182 713 182
681 198 691 200
681 213 696 214
681 225 713 225
681 446 713 446
681 482 691 484
681 516 713 516
681 517 713 517
681 563 713 563
681 564 713 564
681 592 713 592
681 594 713 594
681 595 713 595
681 601 713 601
681 620 713 620
681 727 713 727
681 728 713 728
681 735 713 735
681 736 713 736
681 840 713 840
681 871 713 871
681 873 713 873
682 31 692 33
682 56 692 58
682 59 714 59
682 60 714 60
682 66 714 66
682 128 714 128
682 133 714 133
682 229 697 230
682 271 692 273
682 282 692 284
682 285 714 285
682 307 714 307
682 309 714 309
682 313 714 313
682 316 714 316
682 317 714 317
682 390 714 390
682 404 692 406
682 416 714 416
682 449 714 449
682 468 692 470
682 471 713 471
682 519 692 521
682 568 692 570
682 600 714 600
682 607 714 607
682 652 714 652
682 741 714 741
682 758 714 758
682 792 692 794
682 795 692 797
682 862 692 864
682 892 714 892
682 914 714 914
682 938 692 940
683 34 715 34
683 35 715 35
683 168 715 168
683 178 693 180
683 204 693 206
683 244 693 246
683 258 693 260
683 264 713 264
683 278 715 278
683 345 693 347
683 348 715 348
683 349 715 349
683 363 715 363
683 365 715 365
683 433 715 433
683 486 693 488
683 489 715 489
683 534 715 534
683 538 715 538
683 539 715 539
683 549 715 549
683 577 715 577
683 580 693 582
683 651 715 651
683 669 698 670
683 700 715 700
683 708 693 710
682 711 692 713
683 749 693 751
683 836 715 836
683 839 715 839
683 844 714 844
683 918 715 918
683 920 715 920
683 922 715 922
683 986 715 986
684 17 694 19
684 25 716 25
684 50 716 50
684 86 694 88
684 125 716 125
684 136 716 136
684 137 716 137
684 175 694 177
684 231 699 232
684 360 699 361
684 362 715 362
684 373 694 375
684 376 716 376
684 394 716 394
684 401 716 401
684 418 716 418
684 419 716 419
683 434 715 434
684 451 716 451
684 583 694 585
684 599 716 599
684 743 716 743
684 806 712 806
684 826 716 826
684 827 716 827
684 852 694 854
685 22 695 24
685 37 717 37
685 65 717 65
685 77 695 79
685 96 717 96
685 155 717 155
685 156 717 156
685 192 717 192
685 197 717 197
685 215 695 217
685 250 695 252
685 400 717 400
685 473 695 475
685 480 717 480
685 481 712 481
685 633 717 633
685 655 695 657
685 665 717 665
685 702 695 704
685 719 717 719
685 724 695 726
685 759 695 761
685 770 695 772
685 812 717 812
685 825 717 825
685 829 717 829
685 882 717 882
685 959 717 959
685 978 717 978
686 20 718 20
685 46 700 47
686 61 701 62
687 93 718 93
686 106 718 106
686 107 718 107
686 159 718 159
686 174 718 174
686 330 718 330
685 339 717 339
686 436 696 438
686 439 696 441
686 442 718 442
686 443 718 443
686 467 718 467
686 496 718 496
686 497 718 497
686 498 718 498
686 503 718 503
686 544 718 544
686 546 718 546
686 551 710 551
686 609 718 609
686 645 718 645
686 684 718 684
686 685 718 685
686 694 718 694
686 740 718 740
686 773 718 773
686 774 718 774
686 786 718 786
686 841 718 841
686 849 718 849
686 915 718 915
686 958 718 958
686 961 718 961
687 0 719 0
687 6 719 6
687 7 719 7
687 80 697 82
687 121 719 121
687 138 697 140
687 172 719 172
687 173 719 173
687 265 719 265
687 266 718 266
687 308 719 308
687 323 697 325
687 326 717 326
687 351 719 351
687 407 719 407
687 408 719 408
687 409 719 409
687 410 719 410
687 505 719 505
687 532 719 532
687 557 719 557
687 558 719 558
687 559 719 559
687 562 719 562
687 571 697 573
687 628 719 628
687 659 697 661
687 674 719 674
684 675 716 675
687 688 697 690
687 730 719 730
687 778 719 778
686 779 718 779
687 814 697 816
687 843 719 843
687 901 697 903
687 904 719 904
687 905 694 908
687 963 717 963
687 964 717 964
687 968 719 968
687 980 697 982
688 36 720 36
688 40 720 40
688 73 720 73
688 116 698 118
688 124 720 124
688 152 720 152
688 157 720 157
688 165 720 165
688 187 720 187
688 267 719 267
688 270 720 270
688 294 698 296
688 318 698 320
688 337 720 337
688 344 720 344
688 350 720 350
688 357 698 359
688 395 698 397
688 399 720 399
688 547 720 547
688 556 720 556
688 617 720 617
688 621 720 621
688 631 720 631
688 647 720 647
688 648 720 648
688 649 720 649
688 654 717 654
688 715 720 715
688 870 720 870
688 947 720 947
688 948 720 948
688 954 698 956
688 962 717 962
689 8 699 10
689 51 718 51
689 102 721 102
689 212 721 212
689 227 704 228
689 247 704 248
689 370 699 372
689 450 721 450
689 495 721 495
689 531 721 531
689 575 721 575
689 606 721 606
689 646 721 646
689 787 721 787
689 788 721 788
689 800 699 802
689 865 721 865
689 869 721 869
689 885 721 885
689 886 721 886
689 929 699 931
689 932 699 934
690 42 722 42
690 105 722 105
690 108 722 108
690 109 718 109
690 123 722 123
690 201 700 203
690 234 700 236
690 237 722 237
690 238 722 238
690 289 722 289
690 383 700 385
690 425 700 427
690 428 700 430
690 478 705 479
690 504 722 504
690 506 722 506
690 507 722 507
690 508 722 508
690 527 700 529
690 542 722 542
690 587 722 587
690 636 722 636
690 637 722 637
690 638 700 640
690 641 700 643
690 679 722 679
690 680 722 680
690 763 700 765
690 766 700 768
693 887 700 889
693 890 718 890
687 887 692 891
690 975 700 977
690 987 722 987
688 64 720 64
691 76 723 76
691 89 701 91
691 131 723 131
691 145 701 147
691 148 723 148
691 150 723 150
691 163 723 163
691 218 701 220
691 221 701 223
691 224 723 224
691 255 723 255
691 297 723 297
691 298 723 298
691 327 701 329
691 377 701 379
691 380 701 382
691 387 723 387
691 388 723 388
689 530 721 530
691 533 723 533
691 603 723 603
691 699 723 699
691 716 701 718
691 753 701 755
691 803 701 805
691 833 701 835
691 877 723 877
691 969 701 971
689 21 721 21
692 39 724 39
692 45 724 45
692 189 724 189
692 191 724 191
692 198 702 200
692 210 724 210
692 233 724 233
692 286 724 286
692 305 724 305
692 314 724 314
692 392 724 392
689 415 721 415
692 417 724 417
692 482 702 484
692 545 724 545
692 593 724 593
692 714 724 714
692 733 724 733
692 832 724 832
692 867 724 867
692 868 724 868
692 893 724 893
692 897 724 897
692 928 724 928
692 995 702 997
693 31 703 33
693 48 725 48
693 56 703 58
693 63 725 63
691 95 723 95
693 115 725 115
693 166 725 166
693 261 725 261
693 271 703 273
693 282 703 284
693 290 725 290
693 332 725 332
693 356 725 356
693 404 703 406
693 468 702 470
693 519 703 521
693 524 725 524
693 525 725 525
693 536 725 536
693 568 703 570
693 626 725 626
693 673 725 673
693 682 725 682
693 711 703 713
693 781 725 781
693 792 703 794
693 795 703 797
693 798 722 798
693 799 722 799
693 810 725 810
693 811 725 811
693 837 725 837
693 838 725 838
691 846 723 846
693 862 703 864
693 880 725 880
693 884 725 884
693 938 725 938
693 939 725 939
693 940 725 940
694 2 726 2
694 15 709 16
694 92 726 92
694 153 726 153
694 171 726 171
694 178 704 180
694 204 704 206
694 244 704 246
694 258 704 260
694 315 726 315
694 333 726 333
694 334 726 334
694 345 704 347
694 420 704 422
694 444 726 444
694 455 726 455
694 456 721 456
694 472 726 472
694 486 704 488
694 490 723 490
694 492 726 492
694 541 726 541
694 555 726 555
694 567 726 567
694 576 726 576
694 580 704 582
694 613 709 614
694 653 726 653
694 672 726 672
694 683 726 683
694 708 704 710
694 732 726 732
694 749 704 751
694 935 726 935
694 936 726 936
695 17 705 19
695 86 705 88
695 110 727 110
695 175 705 177
695 364 727 364
695 366 727 366
695 373 705 375
695 452 727 452
695 574 727 574
695 583 705 585
695 622 727 622
690 623 722 623
695 734 727 734
695 775 727 775
695 776 727 776
695 817 727 817
695 852 705 854
695 857 705 859
694 883 726 883
695 899 727 899
695 900 727 900
695 905 705 907
695 908 727 908
695 912 727 912
695 951 727 951
695 952 725 952
695 972 727 972
695 998 727 998
696 22 706 24
695 27 710 28
696 77 706 79
696 99 728 99
696 151 728 151
695 154 727 154
696 215 706 217
696 241 728 241
696 250 706 252
696 335 726 335
696 338 728 338
696 353 728 353
696 355 728 355
696 473 706 475
696 509 728 509
696 591 728 591
696 655 706 657
696 658 728 658
696 668 728 668
696 702 706 704
696 724 703 726
696 759 706 761
696 770 706 772
696 790 728 790
695 874 710 875
696 937 726 937
696 992 728 992
697 132 729 132
697 170 729 170
697 208 729 208
697 209 729 209
697 213 729 213
697 214 726 214
697 312 729 312
697 336 729 336
697 341 729 341
697 386 729 386
697 436 707 438
697 439 729 439
697 440 729 440
697 441 729 441
697 447 729 447
696 476 728 476
697 485 729 485
697 513 729 513
697 514 729 514
697 612 729 612
697 662 729 662
697 701 729 701
697 721 729 721
697 737 712 738
697 752 729 752
697 791 728 791
697 949 729 949
697 985 729 985
698 80 708 82
698 83 727 83
698 138 708 140
698 229 730 229
698 230 730 230
698 323 708 325
698 412 730 412
698 413 730 413
698 499 730 499
698 515 730 515
698 571 708 573
698 604 730 604
698 659 708 661
698 688 708 690
698 695 730 695
698 731 730 731
698 769 730 769
698 814 708 816
698 830 730 830
698 845 730 845
698 901 708 903
698 943 730 943
694 944 709 945
698 980 708 982
698 990 713 991
699 30 731 30
699 116 731 116
699 117 709 119
699 120 731 120
699 167 731 167
699 169 731 169
699 243 731 243
699 294 709 296
699 306 731 306
699 318 709 320
699 331 731 331
699 357 709 359
699 393 731 393
699 395 709 397
699 398 731 398
699 402 731 402
699 423 731 423
699 424 731 424
699 491 731 491
709 629 724 630
699 650 731 650
699 669 731 669
699 670 731 670
699 896 729 896
699 919 731 919
699 954 709 956
699 957 731 957
700 8 710 10
700 103 732 103
700 185 732 185
700 186 732 186
700 231 732 231
700 232 732 232
700 300 732 300
700 360 715 361
700 367 732 367
700 368 732 368
700 370 710 372
694 391 726 391
700 435 732 435
700 627 732 627
700 666 732 666
700 687 732 687
700 800 710 802
700 910 732 910
700 929 710 931
700 932 710 934
701 46 733 46
701 47 733 47
701 97 733 97
701 98 733 98
701 104 733 104
701 113 733 113
701 129 733 129
701 134 733 134
701 135 733 135
701 160 733 160
701 201 711 203
701 234 711 236
701 268 733 268
701 369 733 369
701 383 711 385
701 425 711 427
701 428 711 430
701 431 733 431
701 432 733 432
701 527 711 529
701 543 733 543
695 629 708 630
701 638 711 640
701 641 733 641
701 642 733 642
701 643 733 643
701 671 733 671
701 676 716 677
701 686 733 686
701 729 733 729
701 747 733 747
701 763 711 765
701 766 711 768
701 861 733 861
701 887 711 889
701 921 733 921
701 953 733 953
701 975 711 977
702 52 734 52
702 61 734 61
702 62 734 62
702 89 712 91
702 145 712 147
702 193 730 193
702 218 712 220
702 221 712 223
702 280 717 281
702 304 734 304
702 327 712 329
702 340 734 340
702 342 734 342
702 343 734 343
702 377 712 379
702 380 712 382
702 411 734 411
702 462 734 462
702 464 734 464
702 465 734 465
702 590 734 590
702 608 734 608
702 663 734 663
702 716 712 718
702 753 712 755
702 782 734 782
702 803 712 805
702 821 734 821
702 822 734 822
702 833 712 835
702 842 734 842
702 860 734 860
702 895 734 895
702 911 734 911
702 913 734 913
702 960 734 960
702 969 712 971
702 989 734 989
703 111 735 111
703 142 735 142
703 161 735 161
703 162 735 162
703 198 713 200
703 211 735 211
703 249 735 249
703 254 735 254
703 482 713 484
703 512 735 512
703 565 735 565
703 566 735 566
703 589 735 589
703 705 717 706
703 891 735 891
703 894 735 894
703 927 735 927
703 995 713 997
704 31 714 33
704 43 727 43
704 44 736 44
704 49 736 49
704 53 736 53
704 54 714 56
704 57 736 57
704 58 736 58
704 67 736 67
704 68 736 68
704 74 736 74
704 94 736 94
704 130 736 130
704 149 736 149
704 184 736 184
704 188 736 188
704 271 714 273
704 282 714 284
704 403 714 405
704 406 733 406
704 459 736 459
704 466 736 466
714 468 743 468
703 468 713 470
704 518 736 518
704 519 714 521
704 522 736 522
704 537 736 537
704 548 736 548
704 552 736 552
704 569 736 569
704 570 736 570
704 698 736 698
704 711 714 713
704 723 736 723
704 742 736 742
704 756 736 756
704 777 736 777
704 792 714 794
704 795 714 797
704 828 736 828
704 850 726 850
704 862 714 864
704 999 736 999
705 13 737 13
705 75 737 75
705 100 737 100
705 178 715 180
705 195 720 196
705 204 715 206
705 207 737 207
705 227 737 227
705 228 737 228
705 244 715 246
705 247 737 247
705 248 737 248
705 258 715 260
705 274 737 274
705 275 737 275
705 279 737 279
705 345 715 347
705 352 737 352
705 420 715 422
705 486 715 488
705 493 737 493
705 494 737 494
705 501 737 501
705 523 737 523
705 535 737 535
705 580 712 582
705 597 737 597
705 598 737 598
705 624 737 624
705 708 715 710
705 749 715 751
705 923 737 923
705 924 715 926
704 988 736 988
706 17 716 19
706 86 716 88
706 114 738 114
706 164 738 164
706 175 716 177
706 190 738 190
706 226 738 226
706 239 738 239
706 240 738 240
706 269 738 269
706 373 716 375
706 460 738 460
706 461 738 461
706 463 738 463
706 478 738 478
706 479 738 479
706 510 738 510
706 511 738 511
706 583 738 583
706 584 716 586
706 596 738 596
706 611 738 611
706 618 720 619
706 681 738 681
706 691 738 691
706 692 737 692
706 851 716 853
706 854 716 856
706 857 716 859
706 906 738 906
706 907 738 907
706 917 738 917
703 1 735 1
707 22 716 24
707 26 739 26
707 77 717 79
707 143 739 143
707 144 738 144
707 215 739 215
707 216 739 216
707 217 739 217
707 250 714 253
707 473 717 475
707 553 739 553
707 568 739 568
707 632 739 632
707 634 739 634
706 635 738 635
707 655 717 657
707 667 739 667
707 702 717 704
714 724 739 724
714 725 739 725
704 724 713 726
707 757 739 757
707 759 717 761
702 762 734 762
707 770 717 772
707 813 739 813
707 823 739 823
707 872 739 872
707 984 739 984
708 301 740 301
708 302 740 302
708 436 718 438
708 448 740 448
708 477 740 477
708 502 740 502
708 526 740 526
708 578 737 578
708 678 740 678
708 697 740 697
708 739 740 739
708 746 740 746
708 818 740 818
708 819 740 819
708 824 740 824
708 916 740 916
714 966 740 966
706 965 713 967
709 29 741 29
709 80 719 82
709 85 738 85
709 138 719 140
709 141 738 141
709 277 741 277
709 310 741 310
709 323 719 325
709 354 741 354
709 560 741 560
709 561 741 561
709 571 719 573
709 659 719 661
709 688 719 690
709 745 741 745
709 748 741 748
709 814 719 816
709 820 741 820
709 831 741 831
709 866 733 866
709 901 717 903
709 905 741 905
709 941 741 941
709 946 741 946
709 980 719 982
709 983 741 983
709 993 741 993
709 994 741 994
710 11 742 11
710 12 742 12
710 15 742 15
710 16 742 16
718 70 742 70
710 69 717 71
710 117 720 119
710 122 742 122
710 262 742 262
710 294 720 296
710 299 735 299
710 318 720 320
710 357 720 359
710 395 720 397
710 445 742 445
710 588 742 588
710 610 742 610
710 613 720 615
710 616 742 616
710 625 742 625
710 707 742 707
710 784 742 784
710 785 742 785
710 789 742 789
710 807 742 807
710 809 742 809
710 847 742 847
710 848 742 848
710 945 742 945
710 950 742 950
710 954 720 956
711 8 721 10
711 27 743 27
711 28 743 28
711 38 737 38
711 41 743 41
711 101 743 101
711 194 743 194
711 311 743 311
711 321 743 321
711 322 743 322
711 370 721 372
711 389 743 389
711 414 743 414
711 453 743 453
711 454 743 454
711 540 743 540
711 550 726 551
711 554 743 554
711 602 743 602
711 800 721 802
711 874 739 874
711 875 726 876
711 881 743 881
711 929 721 931
711 932 721 934
711 942 743 942
711 973 743 973
711 974 743 974
710 84 738 84
712 201 722 203
712 234 722 236
712 256 744 256
712 257 744 257
712 276 744 276
712 287 744 287
712 291 722 293
712 383 722 385
712 425 722 427
712 428 722 430
712 527 722 529
712 638 722 640
712 644 741 644
712 696 744 696
712 722 744 722
712 744 744 744
712 763 744 763
712 764 722 766
712 767 727 768
712 878 744 878
712 879 744 879
712 887 722 889
712 975 744 975
712 976 744 976
712 977 744 977
711 72 743 72
713 89 723 91
713 126 728 127
713 145 723 147
713 183 736 183
713 218 723 220
713 221 723 223
713 242 745 242
713 288 745 288
713 303 745 303
713 327 723 329
713 377 717 382
713 457 745 457
713 458 743 458
713 500 745 500
713 579 720 582
713 605 745 605
713 664 745 664
713 693 745 693
713 716 723 718
713 720 745 720
713 737 740 737
713 738 740 738
713 753 723 755
713 780 745 780
713 783 745 783
713 803 720 806
713 833 723 835
713 898 745 898
713 909 745 909
713 944 745 944
713 969 723 971
713 979 745 979
714 3 724 5
714 14 746 14
714 112 746 112
714 158 746 158
714 181 746 181
714 182 746 182
714 198 724 200
714 225 746 225
714 263 729 264
714 446 746 446
714 469 724 471
714 482 724 484
714 516 746 516
714 517 744 517
714 563 746 563
714 564 746 564
714 592 746 592
714 594 746 594
714 595 746 595
714 601 746 601
714 620 746 620
714 726 724 728
714 735 738 735
714 736 740 736
714 840 746 840
714 871 746 871
714 873 739 873
714 965 737 965
714 967 746 967
714 990 729 991
714 995 724 997
715 31 725 33
715 54 725 56
715 59 747 59
715 60 747 60
715 66 747 66
715 133 747 133
715 271 725 273
715 282 725 284
715 285 747 285
715 307 747 307
715 309 747 309
715 313 747 313
715 316 747 316
715 317 747 317
715 390 747 390
715 403 725 405
715 416 747 416
715 449 747 449
715 519 725 521
715 600 747 600
715 607 747 607
715 652 747 652
715 711 725 713
715 741 747 741
715 758 747 758
715 792 725 794
715 795 725 797
715 862 723 864
715 892 747 892
715 914 747 914
716 34 748 34
716 35 748 35
716 168 748 168
716 178 726 180
716 204 726 206
716 244 726 246
716 250 723 253
716 258 726 260
716 278 748 278
716 345 726 347
716 348 731 349
716 360 726 362
716 363 745 363
716 365 748 365
716 420 726 422
716 433 748 433
716 434 748 434
716 486 726 488
716 489 748 489
716 534 748 534
716 538 748 538
716 539 748 539
716 549 748 549
716 577 748 577
716 651 748 651
716 700 748 700
716 708 726 710
716 749 748 749
716 750 748 750
716 751 748 751
716 836 748 836
716 839 748 839
715 844 747 844
716 918 748 918
716 920 744 920
716 922 748 922
716 924 744 924
716 925 744 925
716 926 744 926
716 986 748 986
717 17 727 19
717 22 724 25
717 50 749 50
717 86 727 88
717 125 749 125
717 136 749 136
717 137 749 137
717 175 727 177
717 373 727 375
717 394 749 394
717 401 749 401
717 418 749 418
717 419 749 419
717 451 748 451
717 584 727 586
717 599 749 599
717 675 727 677
717 743 749 743
717 826 749 826
717 827 749 827
717 851 749 851
717 852 749 852
717 853 727 855
717 856 727 858
717 859 749 859
718 37 750 37
718 65 750 65
718 69 742 69
718 77 728 79
718 96 750 96
718 128 750 128
718 155 750 155
718 156 750 156
718 192 750 192
718 197 750 197
718 280 750 280
718 281 750 281
718 339 750 339
718 376 728 378
718 379 728 381
718 382 750 382
718 400 750 400
718 473 728 475
718 480 750 480
713 481 745 481
718 633 750 633
718 654 726 656
718 657 750 657
718 665 750 665
718 702 728 703
718 719 750 719
718 759 728 761
718 770 728 772
718 812 750 812
718 825 750 825
718 829 750 829
718 882 750 882
718 959 750 959
718 978 750 978
719 20 751 20
719 93 751 93
719 106 751 106
719 107 751 107
719 159 751 159
719 174 751 174
719 330 751 330
719 436 729 438
719 442 751 442
719 443 751 443
719 467 751 467
719 496 729 498
719 503 748 503
719 544 751 544
719 546 751 546
719 609 751 609
719 645 751 645
719 684 751 684
719 685 751 685
719 694 751 694
729 705 751 705
718 704 728 706
719 773 751 773
719 774 751 774
719 779 751 779
719 786 744 786
719 841 751 841
719 915 751 915
719 958 750 958
719 961 751 961
720 0 752 0
720 6 752 6
720 7 752 7
720 80 727 82
720 121 752 121
720 138 730 140
720 172 752 172
720 173 752 173
720 265 745 265
719 266 751 266
720 308 752 308
720 323 730 325
718 326 750 326
720 351 752 351
720 407 730 409
720 410 750 410
720 505 752 505
720 532 752 532
720 557 730 559
720 571 730 573
720 628 752 628
725 629 752 629
720 659 730 661
720 674 752 674
720 688 730 690
720 730 752 730
720 778 751 778
720 814 730 816
720 843 752 843
718 901 728 903
720 904 752 904
729 963 752 963
718 962 728 964
720 980 730 982
721 36 753 36
721 40 753 40
721 64 753 64
721 73 753 73
721 117 731 119
721 124 753 124
721 152 753 152
721 165 753 165
721 187 753 187
721 195 753 195
721 196 753 196
720 267 752 267
721 270 753 270
721 294 731 296
721 318 731 320
721 337 753 337
721 344 753 344
721 350 753 350
721 357 731 359
721 395 731 397
721 399 753 399
721 547 753 547
721 556 753 556
721 579 731 581
721 582 753 582
721 613 731 615
731 617 753 617
721 621 753 621
721 631 753 631
721 647 731 649
721 715 753 715
721 803 728 806
721 870 753 870
721 947 753 947
721 948 751 948
721 954 731 956
722 8 732 10
722 21 754 21
719 51 751 51
722 102 754 102
722 212 754 212
722 370 732 372
722 415 754 415
722 450 748 450
722 495 754 495
722 530 754 530
722 531 754 531
722 575 754 575
722 606 754 606
721 617 730 619
722 646 754 646
722 787 754 787
722 788 754 788
722 800 732 802
722 869 754 869
722 885 754 885
722 886 754 886
722 929 732 931
722 932 732 934
723 105 755 105
723 108 755 108
719 109 751 109
723 123 755 123
723 201 733 203
723 234 733 236
723 237 755 237
723 238 754 238
723 289 755 289
723 291 733 293
723 383 733 385
723 425 733 427
723 428 733 430
723 504 755 504
723 506 733 508
723 527 733 529
723 542 755 542
723 562 755 562
723 587 755 587
723 623 755 623
723 636 733 638
723 639 755 639
723 640 755 640
723 679 755 679
723 680 755 680
723 764 733 766
723 887 733 889
719 890 751 890
723 987 755 987
724 76 756 76
724 89 734 91
724 131 756 131
724 145 734 147
724 148 756 148
724 150 756 150
724 163 756 163
724 218 734 220
724 221 734 223
724 224 756 224
724 250 756 250
724 251 756 251
724 252 756 252
724 255 756 255
724 297 735 298
724 327 756 327
724 328 756 328
724 387 756 387
724 388 756 388
724 533 756 533
724 603 756 603
724 716 734 718
724 753 734 755
724 808 756 808
724 833 734 835
724 846 756 846
724 862 731 865
724 877 756 877
724 968 734 970
724 971 756 971
725 3 735 5
725 22 735 24
725 25 757 25
725 39 757 39
725 45 757 45
725 71 757 71
725 189 757 189
725 191 757 191
725 198 735 200
725 210 757 210
725 233 757 233
725 286 755 286
725 305 757 305
725 314 757 314
725 392 757 392
725 417 757 417
725 469 735 471
725 482 735 484
725 545 757 545
725 593 757 593
725 714 757 714
725 726 735 728
725 733 757 733
725 832 757 832
725 867 757 867
725 868 757 868
725 893 757 893
725 897 755 897
725 928 752 928
725 995 735 997
726 31 758 31
726 32 758 32
726 33 758 33
726 48 758 48
726 54 736 56
726 63 758 63
726 95 758 95
726 115 758 115
726 166 758 166
726 261 758 261
726 271 758 271
726 272 758 272
726 273 758 273
726 282 758 282
726 283 758 283
726 284 758 284
726 290 758 290
726 332 758 332
726 356 758 356
726 403 733 405
726 519 736 521
726 525 758 525
726 536 758 536
726 626 758 626
726 682 758 682
726 711 736 713
726 781 758 781
726 792 758 792
726 793 736 795
726 796 758 796
726 797 758 797
723 798 738 799
726 810 758 810
726 811 758 811
726 837 741 838
726 880 758 880
726 884 758 884
726 938 736 940
727 2 759 2
727 92 759 92
727 153 759 153
727 171 759 171
727 178 737 180
727 204 737 206
727 244 737 246
727 258 737 260
727 315 759 315
727 333 737 335
727 345 737 347
727 360 737 362
727 420 737 422
727 444 759 444
727 455 759 455
722 456 754 456
727 472 759 472
727 486 737 488
724 490 756 490
727 492 759 492
727 541 755 541
727 550 759 550
727 551 759 551
727 555 759 555
727 567 759 567
727 653 759 653
727 672 759 672
727 683 759 683
727 708 737 710
727 732 759 732
727 849 742 850
727 883 759 883
727 935 759 935
727 936 742 937
728 17 738 19
728 42 743 43
728 86 738 88
728 110 760 110
728 154 760 154
728 175 738 177
728 329 760 329
728 364 760 364
728 366 760 366
728 373 738 375
728 391 760 391
728 452 760 452
728 574 760 574
728 584 738 586
728 622 760 622
728 675 738 677
728 699 760 699
728 734 760 734
728 767 760 767
728 768 760 768
728 775 760 775
728 776 760 776
728 817 760 817
728 853 738 855
728 856 738 858
728 899 760 899
728 900 760 900
728 908 760 908
728 912 760 912
728 951 760 951
726 952 758 952
728 972 760 972
728 998 760 998
729 77 739 79
729 99 761 99
729 126 744 127
729 151 761 151
729 241 761 241
729 338 761 338
729 353 761 353
729 355 761 355
729 376 739 378
729 379 739 381
729 473 739 475
729 476 761 476
729 509 761 509
729 591 761 591
727 654 737 656
729 658 761 658
729 668 761 668
729 702 739 704
729 740 761 740
729 759 761 759
729 760 761 760
729 761 761 761
729 770 739 772
729 790 744 791
729 803 739 805
729 806 761 806
729 901 739 903
729 962 761 962
729 992 761 992
730 132 762 132
730 170 762 170
730 208 762 208
730 209 762 209
730 213 762 213
727 214 759 214
730 253 762 253
730 263 745 264
730 312 762 312
730 336 762 336
730 341 762 341
730 386 762 386
730 436 740 438
730 439 740 441
730 447 762 447
730 485 762 485
730 496 740 498
730 513 762 513
730 514 762 514
730 612 762 612
730 662 762 662
730 701 762 701
730 721 762 721
730 752 762 752
730 949 751 949
730 985 762 985
730 990 745 991
734 80 741 82
728 80 733 83
731 138 741 140
731 229 763 229
731 230 763 230
731 323 741 325
731 407 741 409
731 412 763 412
731 413 763 413
731 499 763 499
731 515 761 515
731 557 741 559
731 571 741 573
731 604 763 604
731 618 763 618
731 619 763 619
731 659 741 661
731 688 741 690
731 695 763 695
731 731 763 731
731 769 763 769
731 814 741 816
731 830 763 830
731 845 763 845
731 943 763 943
731 980 741 982
732 30 764 30
732 116 742 118
732 119 764 119
732 120 764 120
732 167 764 167
732 169 764 169
732 243 762 243
732 294 764 294
732 295 764 295
732 306 764 306
732 318 742 320
732 331 764 331
732 357 742 359
732 393 764 393
732 395 742 397
732 398 764 398
732 402 764 402
732 423 764 423
732 424 764 424
732 491 764 491
732 524 764 524
732 580 764 580
732 581 764 581
732 613 742 615
732 630 764 630
732 647 742 649
732 650 764 650
732 669 764 669
732 670 764 670
732 862 742 864
732 865 764 865
730 896 762 896
732 919 764 919
732 954 742 956
732 957 764 957
733 8 743 10
733 103 765 103
733 185 765 185
733 186 765 186
733 231 748 232
733 300 756 300
733 367 765 367
733 368 765 368
733 370 743 372
733 435 765 435
733 627 765 627
733 666 765 666
733 687 765 687
733 706 765 706
733 800 743 802
733 910 765 910
733 929 743 931
733 932 743 934
734 46 766 46
734 47 766 47
734 97 766 97
734 98 766 98
734 104 766 104
734 113 766 113
734 129 766 129
734 134 766 134
734 135 766 135
734 160 766 160
734 201 744 203
734 234 744 236
734 268 766 268
734 291 744 293
734 348 766 348
734 369 766 369
734 383 744 385
734 425 744 427
734 428 744 430
734 431 766 431
734 432 766 432
734 506 744 508
734 527 744 529
734 543 766 543
734 636 744 638
734 641 744 643
734 671 766 671
734 686 766 686
734 729 766 729
734 747 766 747
734 764 744 766
734 861 766 861
734 876 766 876
734 887 744 889
734 921 766 921
734 953 766 953
735 52 767 52
735 61 767 61
735 62 767 62
735 89 745 91
735 145 745 147
731 193 763 193
735 218 745 220
735 221 745 223
735 304 767 304
735 340 767 340
735 342 767 342
735 343 767 343
735 411 767 411
735 462 767 462
735 464 767 464
735 465 767 465
735 590 767 590
735 608 767 608
735 663 767 663
735 716 745 718
735 753 745 755
735 762 767 762
735 782 767 782
735 821 767 821
735 822 767 822
735 833 745 835
735 842 767 842
735 860 767 860
735 895 767 895
735 911 763 911
735 913 767 913
735 960 766 960
735 968 745 970
735 989 767 989
736 1 768 1
736 3 768 3
736 4 768 4
736 5 768 5
736 22 746 24
736 111 768 111
736 142 768 142
736 157 768 157
736 161 768 161
736 162 768 162
736 198 746 200
736 211 768 211
736 249 768 249
736 254 768 254
736 296 743 299
736 349 768 349
736 469 746 471
736 482 746 484
736 512 768 512
736 565 749 566
736 589 768 589
736 726 746 728
736 891 764 891
736 894 768 894
736 995 746 997
737 44 769 44
737 49 769 49
737 53 744 56
737 57 769 57
737 58 769 58
737 67 769 67
737 68 769 68
737 74 769 74
737 94 769 94
737 130 768 130
737 149 769 149
737 183 752 184
737 188 769 188
740 403 747 406
734 403 739 406
737 459 769 459
737 466 769 466
737 518 747 520
737 521 769 521
737 522 769 522
737 537 769 537
737 548 769 548
737 552 769 552
737 569 769 569
737 570 769 570
737 698 769 698
737 711 747 713
737 723 768 723
737 742 769 742
737 756 769 756
737 777 767 777
737 793 747 795
737 828 769 828
737 938 747 940
737 988 769 988
737 999 769 999
738 13 770 13
738 75 770 75
738 100 770 100
738 178 748 180
738 204 748 206
738 207 770 207
738 227 770 227
738 228 770 228
738 244 748 246
738 247 770 247
738 258 748 260
738 274 770 274
738 275 770 275
738 279 770 279
738 333 748 335
738 345 748 347
738 360 748 362
738 420 748 422
738 486 748 488
738 493 770 493
738 494 770 494
738 501 770 501
738 523 770 523
738 535 770 535
738 578 753 579
738 597 770 597
738 598 762 598
738 624 770 624
738 655 770 655
738 708 748 710
738 923 770 923
738 964 753 965
739 17 749 19
739 83 749 85
739 86 749 88
739 114 771 114
739 164 771 164
739 175 749 177
739 190 771 190
739 226 771 226
739 239 754 240
739 269 771 269
739 352 771 352
739 373 771 373
739 374 771 374
739 375 771 375
739 460 771 460
739 461 771 461
739 463 771 463
739 478 771 478
739 479 771 479
739 510 771 510
739 511 771 511
739 583 749 585
739 586 771 586
739 596 771 596
739 611 771 611
739 635 768 635
739 675 749 677
739 681 771 681
739 691 771 691
738 692 770 692
739 798 771 798
739 799 771 799
739 853 749 855
739 856 749 858
739 906 771 906
739 907 771 907
739 917 771 917
740 26 772 26
740 77 750 79
740 143 772 143
739 144 771 144
740 215 750 217
740 376 750 378
740 379 750 381
740 473 750 475
740 553 772 553
740 568 772 568
740 632 772 632
740 634 772 634
740 654 772 654
740 656 772 656
740 667 772 667
740 702 750 704
740 724 772 724
740 725 772 725
740 757 772 757
740 770 750 772
740 803 750 805
740 813 772 813
740 823 772 823
740 872 772 872
740 901 750 903
740 984 769 984
741 301 756 302
748 406 773 406
741 436 751 438
741 439 773 439
741 440 756 441
741 448 773 448
741 477 773 477
741 496 751 498
741 502 773 502
741 526 773 526
741 678 773 678
741 697 773 697
741 739 773 739
741 746 773 746
741 818 773 818
741 819 773 819
741 824 773 824
741 916 773 916
741 966 773 966
742 29 774 29
742 80 752 82
742 138 752 140
739 141 771 141
742 277 774 277
742 310 774 310
742 323 752 325
742 407 752 409
742 557 752 559
742 560 774 560
742 561 774 561
742 571 752 573
742 576 774 576
742 659 752 661
742 688 752 690
742 745 774 745
742 748 774 748
742 814 752 816
742 820 774 820
742 831 774 831
742 837 774 837
742 838 774 838
734 866 766 866
742 905 774 905
742 941 774 941
742 946 774 946
742 980 752 982
742 983 774 983
742 993 774 993
742 994 774 994
743 11 775 11
743 12 775 12
743 15 775 15
743 16 775 16
743 69 758 70
743 116 753 118
743 122 775 122
743 262 775 262
743 318 753 320
743 357 753 359
743 395 753 397
743 445 775 445
743 588 775 588
743 610 775 610
743 613 775 613
743 614 753 616
743 625 775 625
743 647 753 649
743 673 775 673
743 707 775 707
743 784 775 784
743 789 775 789
743 807 775 807
743 809 775 809
743 847 753 849
743 850 775 850
743 862 753 864
743 936 775 936
743 937 775 937
743 945 775 945
743 950 774 950
743 954 753 956
744 8 754 10
744 27 776 27
744 28 776 28
738 38 770 38
744 41 754 43
744 72 776 72
744 101 776 101
744 194 776 194
744 248 776 248
744 296 776 296
744 298 776 298
744 299 776 299
744 311 776 311
744 321 776 321
744 322 776 322
744 370 754 372
744 389 776 389
744 414 776 414
744 453 776 453
744 454 776 454
744 468 776 468
744 540 776 540
744 554 776 554
744 602 776 602
744 800 754 802
751 874 776 874
751 875 776 875
744 881 776 881
744 929 752 931
744 932 754 934
744 942 776 942
744 973 776 973
744 974 776 974
745 53 755 55
745 56 777 56
745 126 777 126
745 127 777 127
745 201 755 203
745 234 755 236
745 256 777 256
745 257 777 257
745 276 777 276
745 287 777 287
745 291 755 293
745 383 755 385
745 425 755 427
745 428 755 430
745 506 755 508
745 527 755 529
745 636 755 638
745 641 755 643
742 644 774 644
745 696 777 696
745 722 777 722
745 744 777 744
745 763 755 765
745 766 777 766
745 785 760 786
745 790 777 790
745 791 777 791
745 878 760 879
745 887 752 889
745 924 752 927
745 975 755 977
746 89 756 91
746 145 756 147
746 218 756 220
746 221 756 223
746 242 778 242
746 263 756 265
746 288 778 288
746 303 778 303
746 457 778 457
744 458 776 458
746 481 777 481
746 500 778 500
746 605 778 605
746 664 778 664
746 693 771 693
746 716 756 718
746 720 778 720
749 736 764 737
749 738 777 738
746 753 756 755
746 780 778 780
746 783 774 783
746 833 756 835
746 898 778 898
746 909 778 909
746 944 778 944
746 968 756 970
746 979 778 979
746 990 778 990
746 991 778 991
747 14 779 14
747 22 757 24
747 112 779 112
747 158 779 158
747 181 762 182
747 198 757 200
747 225 779 225
747 297 779 297
747 446 779 446
747 469 757 471
747 482 757 484
747 516 779 516
745 517 777 517
747 563 779 563
747 592 779 592
747 594 779 594
747 595 779 595
747 601 779 601
747 620 779 620
747 726 757 728
739 735 771 735
741 736 748 738
747 840 779 840
747 871 779 871
740 873 750 875
747 967 779 967
747 995 757 997
748 59 780 59
748 60 780 60
748 66 780 66
748 133 780 133
748 285 780 285
748 307 780 307
748 309 780 309
748 313 780 313
748 316 780 316
748 317 780 317
748 390 780 390
748 403 758 405
748 416 780 416
748 518 758 520
748 600 780 600
748 607 780 607
748 652 780 652
748 711 758 713
748 741 780 741
748 758 780 758
748 793 758 795
748 844 780 844
748 892 780 892
748 914 780 914
748 938 758 940
749 34 781 34
749 35 781 35
749 168 781 168
749 178 759 180
749 204 759 206
749 231 764 232
749 244 781 244
749 246 781 246
749 258 759 260
749 278 781 278
749 333 759 335
749 345 759 347
749 360 759 362
746 363 778 363
749 365 781 365
749 420 759 422
749 433 781 433
749 434 781 434
749 449 759 451
749 486 759 488
749 489 774 489
749 534 778 534
749 538 781 538
749 539 781 539
749 549 781 549
749 577 781 577
749 651 781 651
749 700 781 700
749 708 759 710
749 749 759 751
749 836 781 836
749 839 781 839
749 918 781 918
745 920 777 920
749 922 781 922
749 986 781 986
750 17 760 19
750 50 782 50
750 83 760 85
750 86 760 88
750 125 782 125
750 136 782 136
750 137 782 137
750 175 760 177
750 394 782 394
750 401 782 401
750 418 782 418
750 419 782 419
750 564 760 566
750 583 760 585
750 599 782 599
750 675 760 677
750 826 782 826
750 827 782 827
750 851 760 853
750 854 760 856
750 857 760 859
751 37 783 37
751 65 778 65
751 77 761 79
751 96 783 96
751 128 783 128
751 155 783 155
751 156 783 156
751 192 783 192
751 197 783 197
751 215 761 217
751 280 766 281
751 326 783 326
751 339 783 339
751 376 761 378
751 379 761 381
751 382 783 382
751 400 783 400
751 473 761 475
751 480 783 480
751 633 783 633
751 657 783 657
751 665 783 665
751 702 761 704
751 719 783 719
751 770 761 772
751 803 761 805
751 812 783 812
751 825 783 825
751 829 783 829
751 873 783 873
751 882 783 882
751 901 761 903
751 958 766 959
751 978 783 978
752 20 784 20
752 51 784 51
752 93 784 93
752 106 784 106
752 107 784 107
752 109 784 109
752 159 784 159
752 174 784 174
752 266 784 266
752 330 784 330
752 436 762 438
752 442 784 442
752 443 784 443
752 467 784 467
752 496 762 498
749 503 781 503
752 544 784 544
752 546 784 546
752 609 784 609
752 645 784 645
752 684 784 684
752 685 784 685
752 694 784 694
752 705 784 705
752 773 784 773
752 774 784 774
752 778 767 779
752 841 784 841
752 915 784 915
752 961 784 961
753 0 785 0
753 6 785 6
753 7 785 7
753 80 763 82
753 121 785 121
753 138 763 140
753 172 785 172
753 173 785 173
753 183 785 183
753 184 785 184
753 267 785 267
753 308 780 308
753 323 763 324
753 351 785 351
753 407 763 409
751 410 783 410
753 505 785 505
753 532 785 532
753 557 763 559
753 571 763 573
753 628 785 628
753 629 785 629
753 659 763 661
753 674 785 674
753 688 763 690
753 814 763 816
753 843 785 843
753 887 760 890
753 904 785 904
753 924 763 926
753 927 758 931
753 963 785 963
753 980 763 982
754 36 786 36
754 40 786 40
754 64 786 64
754 73 786 73
754 116 764 118
754 124 786 124
754 152 786 152
754 165 786 165
754 187 786 187
754 195 786 195
754 196 786 196
754 270 786 270
754 318 764 320
754 337 786 337
754 344 786 344
754 350 786 350
754 357 764 359
754 395 764 397
754 399 786 399
754 547 786 547
754 556 786 556
754 578 786 578
754 579 786 579
754 582 786 582
754 614 764 616
754 617 786 617
754 621 786 621
754 631 786 631
754 647 764 649
754 715 786 715
754 847 764 849
754 862 764 864
754 870 786 870
754 947 786 947
752 948 767 949
754 954 764 956
754 964 786 964
754 965 786 965
755 8 765 10
755 21 787 21
755 41 765 43
755 102 787 102
755 212 782 212
755 238 765 240
755 370 765 372
755 415 787 415
755 456 787 456
755 495 787 495
755 530 777 530
755 531 777 531
755 575 787 575
755 606 787 606
755 646 787 646
755 787 787 787
755 788 787 788
755 800 765 802
755 869 787 869
755 885 785 885
755 886 787 886
755 932 765 934
756 53 766 55
756 105 788 105
756 108 788 108
756 201 766 203
756 234 766 236
756 237 788 237
756 289 788 289
756 291 766 293
756 383 766 385
756 425 766 427
756 428 766 430
756 504 788 504
756 506 766 508
756 527 766 529
756 542 788 542
756 562 784 562
756 587 788 587
756 623 788 623
756 636 766 638
756 639 766 641
756 642 788 642
756 643 788 643
756 679 788 679
756 680 788 680
756 763 766 765
756 975 766 977
756 987 788 987
757 76 789 76
757 89 767 91
757 131 789 131
757 145 767 147
757 148 789 148
757 150 787 150
757 163 789 163
757 218 767 220
757 221 767 223
757 224 789 224
757 250 767 252
757 255 789 255
757 264 767 265
757 300 767 302
757 327 789 327
757 328 789 328
757 387 789 387
757 388 789 388
757 440 789 440
757 441 789 441
757 490 789 490
757 533 789 533
757 603 789 603
757 716 767 718
757 753 767 755
757 808 780 808
757 833 767 835
757 846 789 846
757 877 789 877
757 968 767 970
757 971 789 971
758 22 768 24
758 25 790 25
758 39 790 39
758 45 790 45
758 71 790 71
758 189 790 189
758 191 790 191
758 198 768 200
758 210 790 210
758 233 783 233
758 245 790 245
756 286 788 286
758 305 790 305
758 314 790 314
758 392 790 392
758 417 790 417
758 469 768 471
758 482 768 484
758 593 790 593
758 714 784 714
758 726 766 728
758 733 790 733
758 832 790 832
758 867 790 867
758 868 788 868
758 893 790 893
756 897 788 897
758 995 768 997
759 31 769 33
759 48 791 48
759 63 791 63
759 69 791 69
759 70 791 70
759 95 791 95
759 115 791 115
759 166 791 166
759 261 790 261
759 271 769 273
759 282 769 284
759 290 791 290
759 332 791 332
759 356 791 356
759 403 769 405
759 518 769 520
759 525 791 525
759 626 784 626
759 682 791 682
759 711 769 713
759 781 791 781
759 792 769 794
759 795 769 797
759 810 791 810
759 811 791 811
759 880 791 880
759 884 790 884
759 927 769 929
759 930 791 930
759 931 791 931
759 938 769 940
759 952 791 952
760 2 792 2
760 92 792 92
760 153 792 153
760 171 792 171
760 178 770 180
760 204 770 206
760 214 792 214
760 258 770 260
760 315 792 315
760 333 770 335
760 345 769 347
760 360 770 362
760 420 770 422
760 444 792 444
760 449 770 451
760 455 792 455
760 472 790 472
760 486 770 488
760 492 792 492
756 541 788 541
760 550 792 550
760 551 792 551
760 555 792 555
760 567 792 567
760 653 792 653
760 672 792 672
760 683 792 683
760 708 770 710
760 732 792 732
760 749 770 751
760 883 792 883
760 935 792 935
761 17 771 19
761 83 771 85
761 86 771 88
761 110 793 110
761 154 793 154
761 175 771 177
761 364 793 364
761 366 793 366
761 391 793 391
761 452 793 452
761 545 793 545
761 564 771 566
761 574 793 574
761 583 771 585
761 622 793 622
761 675 771 677
761 699 793 699
761 734 793 734
761 767 793 767
761 768 793 768
761 775 793 775
761 776 793 776
761 785 790 785
761 786 790 786
761 817 793 817
761 851 771 853
761 854 771 856
761 857 771 859
761 878 793 878
761 879 793 879
761 887 771 889
761 899 793 899
761 900 793 900
761 908 793 908
761 912 793 912
761 951 793 951
761 972 793 972
761 998 793 998
762 77 772 79
762 99 794 99
762 151 794 151
762 215 772 217
762 241 794 241
762 338 794 338
762 353 794 353
762 354 794 354
762 355 794 355
762 376 772 378
762 379 772 381
762 473 772 475
762 476 794 476
762 509 794 509
762 591 790 591
762 658 794 658
762 668 794 668
762 702 794 702
762 703 794 703
762 740 794 740
762 759 772 761
762 770 772 772
762 803 772 805
762 806 794 806
762 901 772 903
762 962 785 962
762 992 794 992
763 132 795 132
763 170 795 170
763 182 795 182
763 208 795 208
763 209 795 209
763 253 795 253
763 312 795 312
763 336 795 336
763 341 795 341
763 386 795 386
763 436 773 438
763 447 795 447
763 485 795 485
763 496 773 498
763 513 795 513
763 514 795 514
763 612 792 612
763 662 795 662
763 701 795 701
763 721 795 721
763 752 795 752
763 896 795 896
763 985 795 985
764 80 774 82
764 138 774 140
764 193 794 193
764 229 779 230
764 323 796 323
764 324 796 324
753 325 785 325
764 407 774 409
764 412 796 412
764 413 796 413
764 499 796 499
762 515 794 515
764 557 774 559
764 571 774 573
764 604 796 604
764 618 788 618
764 619 796 619
764 659 774 661
764 688 774 690
764 695 796 695
764 704 796 704
764 731 796 731
764 769 796 769
764 814 774 816
764 830 796 830
764 845 796 845
764 924 774 926
764 943 796 943
764 980 774 982
765 30 797 30
765 116 775 118
765 119 797 119
765 120 797 120
765 167 797 167
765 169 797 169
765 181 797 181
765 231 797 231
765 232 797 232
763 243 795 243
765 294 780 295
765 306 797 306
765 318 775 320
765 331 797 331
765 357 775 359
765 393 797 393
765 395 775 397
765 398 797 398
765 402 797 402
765 423 797 423
765 424 797 424
765 491 797 491
765 524 797 524
765 580 797 580
765 581 797 581
765 614 775 616
765 630 797 630
765 647 775 649
765 650 797 650
765 669 797 669
765 670 797 670
765 743 797 743
765 847 775 849
765 862 775 864
765 865 797 865
765 890 780 891
765 919 797 919
765 954 775 956
765 957 797 957
766 8 798 8
766 9 798 9
766 10 798 10
766 41 776 43
766 103 798 103
766 123 798 123
766 185 798 185
766 186 798 186
766 238 776 240
766 367 798 367
766 368 798 368
766 370 776 372
766 435 798 435
766 627 792 627
766 666 798 666
766 687 798 687
766 706 798 706
766 730 798 730
766 800 776 802
766 910 798 910
766 932 776 934
767 46 799 46
767 47 799 47
767 53 777 55
767 97 799 97
767 98 799 98
767 104 799 104
767 113 799 113
767 129 799 129
767 134 799 134
767 135 799 135
767 160 799 160
767 201 777 203
767 234 777 236
767 268 799 268
767 280 782 281
767 291 777 293
767 348 799 348
767 369 799 369
767 383 777 385
767 425 777 427
767 428 799 428
767 429 777 431
767 432 799 432
767 506 777 508
767 527 777 529
767 543 799 543
767 636 777 638
767 639 777 641
767 671 799 671
767 686 799 686
767 726 774 729
767 747 799 747
767 763 777 765
767 861 799 861
767 876 799 876
767 921 799 921
767 953 799 953
767 958 777 960
767 975 777 977
768 52 800 52
768 61 799 61
768 62 799 62
768 89 778 91
768 145 778 147
768 218 778 220
768 221 778 223
768 250 778 252
757 263 789 263
768 264 793 264
768 265 793 265
768 300 783 301
768 302 800 302
768 304 800 304
768 329 800 329
768 340 800 340
768 342 800 342
768 343 795 343
768 411 800 411
768 462 800 462
768 464 800 464
768 465 800 465
768 590 800 590
768 608 800 608
768 663 800 663
768 716 778 718
768 753 778 755
768 762 800 762
779 778 800 778
768 777 778 779
768 782 800 782
768 821 800 821
768 822 800 822
768 833 778 835
768 842 800 842
768 860 800 860
768 895 800 895
764 911 796 911
768 913 800 913
768 948 800 948
768 949 800 949
768 968 778 970
768 989 800 989
769 1 801 1
769 3 779 5
769 22 779 24
769 111 801 111
769 142 801 142
769 157 801 157
769 161 801 161
769 162 801 162
769 198 779 200
769 211 801 211
769 249 801 249
769 254 801 254
769 349 801 349
769 469 779 471
769 482 777 484
769 512 801 512
769 589 801 589
769 894 801 894
769 995 779 997
770 31 780 33
770 44 802 44
770 49 802 49
770 57 802 57
770 58 802 58
770 67 802 67
770 68 802 68
770 74 802 74
770 94 802 94
769 130 801 130
770 149 802 149
770 188 802 188
770 271 780 273
770 282 780 284
770 403 780 405
770 459 802 459
770 466 802 466
770 518 780 520
770 521 802 521
770 522 802 522
770 537 802 537
770 548 802 548
770 552 802 552
770 569 802 569
770 570 802 570
770 698 802 698
770 711 780 713
769 723 801 723
770 742 802 742
770 756 802 756
770 792 780 794
770 795 780 797
770 828 802 828
770 866 802 866
770 927 780 929
770 938 780 940
770 988 802 988
770 999 802 999
771 13 803 13
771 38 803 38
771 75 803 75
771 100 803 100
771 178 781 180
771 204 781 206
771 207 803 207
771 227 803 227
771 228 803 228
771 247 803 247
771 258 781 260
771 274 803 274
771 275 803 275
771 279 803 279
771 333 803 333
771 334 786 335
770 345 780 347
771 360 781 362
771 420 781 422
771 449 781 451
771 486 781 488
771 493 803 493
771 494 803 494
771 501 800 501
771 535 803 535
771 597 803 597
763 598 795 598
771 624 803 624
771 655 803 655
771 708 781 710
771 749 781 751
771 923 803 923
772 17 782 19
772 83 782 85
772 86 782 88
772 114 804 114
772 141 799 141
772 144 804 144
772 164 804 164
772 175 782 177
772 190 804 190
772 226 804 226
772 269 804 269
772 352 804 352
772 373 782 375
772 460 804 460
772 461 804 461
772 463 804 463
772 478 804 478
772 479 804 479
772 510 804 510
772 511 804 511
772 523 804 523
772 564 782 566
772 583 782 585
772 586 803 586
772 596 804 596
772 611 804 611
769 635 801 635
772 675 782 677
772 681 804 681
772 691 804 691
772 692 787 693
772 735 804 735
772 798 804 798
772 799 804 799
772 851 782 853
772 854 782 856
772 857 782 859
772 887 782 889
772 906 804 906
772 907 804 907
772 917 804 917
773 26 805 26
773 77 783 79
773 143 805 143
773 215 783 217
773 376 783 378
773 379 783 381
773 473 783 475
773 553 805 553
773 568 805 568
773 632 805 632
773 634 805 634
773 654 805 654
773 656 805 656
773 667 805 667
773 724 805 724
773 725 805 725
773 757 805 757
773 759 783 761
773 770 783 772
773 803 783 805
773 813 805 813
773 823 805 823
773 872 805 872
773 901 805 901
773 902 788 903
770 984 802 984
774 406 806 406
774 436 784 438
774 439 806 439
774 448 806 448
774 477 806 477
774 496 784 498
774 502 806 502
774 526 806 526
774 678 806 678
774 697 806 697
774 739 806 739
774 746 806 746
774 818 806 818
774 819 806 819
774 824 806 824
774 916 804 916
774 966 806 966
775 29 807 29
775 80 785 82
775 138 785 140
775 277 807 277
775 310 807 310
775 407 807 407
775 408 807 408
775 409 807 409
775 557 785 559
775 560 807 560
775 561 807 561
775 571 785 573
775 576 807 576
775 644 807 644
775 659 785 661
775 688 785 690
775 726 782 729
775 745 807 745
775 748 807 748
775 814 785 816
775 820 807 820
775 831 797 831
775 837 807 837
775 838 807 838
775 905 807 905
775 924 785 926
775 941 807 941
775 946 807 946
775 980 785 982
775 983 807 983
775 993 790 994
776 11 808 11
776 12 808 12
776 15 808 15
776 16 808 16
776 116 786 118
776 122 808 122
776 262 808 262
776 318 786 320
776 357 786 359
776 395 786 397
776 445 808 445
776 588 808 588
776 610 808 610
776 613 808 613
776 614 791 615
776 616 808 616
776 625 808 625
776 647 786 649
776 673 808 673
776 707 808 707
776 784 808 784
776 789 808 789
776 809 808 809
776 847 786 849
776 850 808 850
776 862 786 864
776 936 808 936
776 937 808 937
776 945 808 945
775 950 807 950
776 954 786 956
777 27 809 27
777 28 809 28
777 41 787 43
777 72 809 72
777 101 809 101
777 194 809 194
777 238 787 240
777 248 809 248
777 296 807 296
777 298 809 298
777 299 809 299
777 311 809 311
777 321 809 321
777 322 809 322
777 370 787 372
777 389 809 389
777 414 809 414
777 453 809 453
777 454 809 454
777 458 809 458
777 468 809 468
777 540 809 540
777 554 809 554
777 602 809 602
777 800 792 801
777 802 809 802
777 874 809 874
777 875 809 875
777 881 809 881
777 932 787 934
777 942 809 942
777 973 809 973
777 974 809 974
778 53 788 55
778 56 810 56
778 126 810 126
778 127 810 127
778 201 788 203
778 234 788 236
778 256 810 256
778 257 810 257
778 276 810 276
778 287 810 287
778 291 788 293
778 383 788 385
778 425 788 427
778 429 788 431
778 506 788 508
778 517 810 517
778 527 810 527
778 528 810 528
778 529 788 531
778 636 788 638
778 639 788 641
778 696 810 696
778 722 810 722
778 736 788 738
778 763 788 765
778 766 810 766
778 790 810 790
778 791 810 791
778 920 810 920
778 958 788 960
778 975 788 977
779 89 789 91
779 145 789 147
779 218 789 220
779 221 789 223
779 242 811 242
779 250 789 252
779 288 811 288
779 303 811 303
779 363 811 363
779 457 811 457
786 481 811 481
779 500 811 500
779 536 811 536
779 605 811 605
779 664 811 664
779 716 789 718
779 720 811 720
779 753 789 755
779 777 811 777
779 779 811 779
779 780 811 780
775 783 807 783
779 833 789 835
779 898 811 898
779 909 811 909
779 944 811 944
779 968 789 970
779 979 811 979
779 990 811 990
779 991 811 991
780 3 790 5
780 14 812 14
780 22 790 24
780 112 812 112
780 158 812 158
780 198 790 200
780 225 812 225
780 229 812 229
780 230 812 230
780 297 807 297
780 446 812 446
780 469 790 471
786 482 812 482
778 481 785 484
780 516 810 516
780 563 812 563
780 592 812 592
780 594 812 594
780 595 812 595
780 601 811 601
780 620 812 620
780 840 812 840
780 871 812 871
780 967 812 967
780 995 790 997
781 31 791 33
781 59 813 59
781 60 813 60
781 66 811 66
781 133 813 133
781 271 791 273
781 282 791 284
781 285 813 285
781 294 796 295
781 307 813 307
781 308 796 309
781 313 813 313
781 316 796 317
781 345 791 347
781 390 813 390
781 403 791 405
781 416 813 416
781 518 791 520
781 600 811 600
781 607 813 607
781 652 813 652
781 711 791 713
781 741 813 741
781 758 813 758
781 792 791 794
781 795 791 797
781 807 796 808
781 844 813 844
781 890 791 892
781 914 813 914
781 927 791 929
781 938 791 940
782 34 814 34
782 35 814 35
782 168 814 168
782 178 792 180
782 204 792 206
782 244 814 244
782 246 814 246
782 258 792 260
782 278 814 278
782 360 814 360
782 361 814 361
782 362 814 362
782 365 814 365
782 420 814 420
782 421 814 421
782 422 814 422
782 433 814 433
782 434 814 434
782 449 792 451
782 486 792 488
775 489 807 489
782 503 814 503
779 534 811 534
782 538 814 538
782 539 814 539
782 549 814 549
782 577 814 577
782 651 814 651
782 700 814 700
782 708 792 710
782 749 792 751
782 836 814 836
782 839 814 839
782 918 814 918
782 922 814 922
782 986 814 986
783 17 793 19
783 50 815 50
783 83 793 85
783 86 793 88
783 125 812 125
783 136 815 136
783 137 815 137
783 175 793 177
783 212 798 213
783 280 815 280
783 281 815 281
783 373 793 375
783 394 815 394
783 401 815 401
783 418 815 418
783 419 815 419
783 564 793 566
783 583 793 585
783 599 815 599
783 675 793 677
783 826 815 826
783 827 815 827
783 851 793 853
783 854 793 856
783 857 793 859
783 887 793 889
784 37 816 37
779 65 811 65
784 77 794 79
784 96 816 96
784 128 816 128
784 155 816 155
784 156 816 156
784 192 816 192
784 197 814 197
784 215 794 217
784 300 816 300
784 301 816 301
784 326 816 326
784 339 816 339
784 376 794 378
784 379 816 379
784 380 794 382
784 400 816 400
784 410 815 410
784 473 794 475
784 480 816 480
784 633 815 633
784 657 816 657
784 665 816 665
784 719 816 719
784 726 791 729
784 744 816 744
784 759 816 759
784 770 794 772
784 803 794 805
784 812 816 812
784 825 816 825
784 829 816 829
784 873 816 873
784 882 816 882
784 978 816 978
785 20 817 20
785 51 817 51
785 93 817 93
785 106 817 106
785 107 817 107
785 109 817 109
785 159 817 159
785 174 817 174
785 266 817 266
785 330 817 330
785 436 795 438
785 442 817 442
785 443 817 443
785 467 817 467
785 496 795 498
785 544 817 544
785 546 817 546
785 609 817 609
785 645 817 645
785 684 800 685
785 694 817 694
785 705 817 705
785 773 817 773
785 774 817 774
785 841 817 841
785 915 817 915
785 961 814 961
786 0 818 0
786 6 818 6
786 7 818 7
786 80 796 82
786 121 812 121
786 138 796 140
786 172 818 172
786 173 818 173
786 183 801 184
786 267 817 267
786 325 818 325
786 351 818 351
786 484 818 484
786 505 818 505
786 532 818 532
786 557 796 559
786 571 796 573
786 628 818 628
786 629 818 629
786 659 796 661
786 674 818 674
786 688 796 690
786 814 796 816
786 843 818 843
786 904 818 904
786 924 796 926
786 963 814 963
786 980 796 982
787 36 819 36
787 40 819 40
787 64 819 64
787 73 819 73
787 116 797 118
787 124 819 124
787 152 819 152
787 165 819 165
787 187 819 187
787 195 814 195
787 196 814 196
787 270 819 270
787 318 797 320
787 335 819 335
787 337 819 337
787 344 819 344
787 350 819 350
787 357 797 359
787 395 797 397
787 399 819 399
787 547 819 547
787 556 819 556
787 578 819 578
787 579 819 579
787 582 819 582
787 621 819 621
787 631 819 631
787 647 797 649
787 715 819 715
787 847 797 849
787 862 797 864
787 870 819 870
787 947 819 947
787 954 797 956
787 964 814 964
787 965 819 965
788 21 820 21
788 41 798 43
788 102 820 102
788 238 798 240
788 334 820 334
788 370 798 372
788 415 820 415
788 456 820 456
788 495 820 495
788 575 820 575
788 606 813 606
788 646 817 646
788 693 820 693
788 787 820 787
788 788 820 788
788 869 820 869
786 885 818 885
788 932 798 934
789 53 798 55
789 105 821 105
789 108 821 108
789 201 821 201
789 202 821 202
789 203 821 203
789 234 799 236
789 237 821 237
789 289 821 289
789 291 799 293
789 383 799 385
789 425 799 427
789 429 799 431
789 504 821 504
789 506 799 508
789 529 799 531
789 541 821 541
789 542 821 542
785 562 817 562
789 587 815 587
789 617 804 618
789 623 821 623
789 636 799 638
789 639 799 641
789 642 821 642
789 643 821 643
789 679 821 679
789 680 821 680
789 736 799 738
789 760 821 760
789 761 821 761
789 763 812 763
789 764 804 765
789 897 821 897
789 902 821 902
789 903 821 903
789 958 799 960
789 975 799 977
789 987 821 987
790 76 822 76
790 89 800 91
790 131 822 131
790 145 822 145
790 146 822 146
790 147 822 147
790 148 822 148
788 150 820 150
790 163 822 163
790 218 800 220
790 221 800 223
790 224 813 224
790 250 800 252
790 255 822 255
790 327 822 327
790 328 822 328
790 387 822 387
790 388 822 388
790 440 822 440
790 441 822 441
790 490 822 490
790 533 822 533
790 603 822 603
790 716 800 718
790 753 800 755
790 833 800 835
790 846 822 846
790 877 822 877
790 968 800 970
790 971 822 971
791 3 801 5
791 22 801 24
791 25 823 25
791 39 823 39
791 45 814 45
791 71 823 71
791 189 823 189
791 191 823 191
791 198 801 200
791 210 823 210
784 233 816 233
791 245 823 245
791 305 823 305
791 314 823 314
791 392 823 392
791 417 823 417
791 469 801 471
791 593 823 593
785 714 817 714
791 733 823 733
791 867 823 867
789 868 821 868
791 886 823 886
791 893 823 893
791 993 823 993
791 994 801 996
791 997 823 997
792 31 802 33
792 48 824 48
792 63 824 63
792 69 824 69
792 70 824 70
792 95 824 95
792 115 824 115
792 166 824 166
791 261 823 261
792 271 802 273
792 282 802 284
792 290 824 290
792 332 824 332
792 345 802 347
792 356 824 356
792 403 802 405
792 518 802 520
792 525 824 525
792 614 824 614
792 615 824 615
785 626 817 626
792 682 824 682
792 711 824 711
792 712 824 712
792 713 824 713
792 726 802 728
792 781 824 781
792 792 802 794
792 795 802 797
792 810 824 810
792 811 824 811
792 880 824 880
791 884 823 884
792 890 802 892
792 927 802 929
792 930 824 930
792 931 824 931
792 938 802 940
792 952 824 952
793 2 825 2
793 92 825 92
793 153 825 153
793 171 825 171
793 178 803 180
793 204 803 206
793 214 825 214
793 258 803 260
793 315 825 315
793 444 825 444
793 449 803 451
793 455 825 455
791 472 823 472
793 486 803 488
793 492 825 492
793 550 808 551
793 555 825 555
793 567 825 567
793 653 825 653
793 672 825 672
793 683 825 683
793 708 803 710
793 732 825 732
793 749 803 751
793 800 825 800
793 801 817 801
793 883 825 883
793 935 820 935
794 17 804 19
794 83 804 85
794 86 804 88
794 110 826 110
794 154 826 154
794 175 804 177
794 263 804 265
794 364 826 364
794 366 826 366
794 373 804 375
794 391 826 391
794 452 826 452
794 545 824 545
794 564 804 566
794 574 820 574
794 584 826 584
794 585 826 585
794 622 826 622
794 675 826 675
794 676 826 676
794 677 826 677
794 699 826 699
794 734 826 734
794 767 826 767
794 768 826 768
794 775 826 775
794 776 826 776
791 785 806 786
794 817 826 817
794 851 804 853
794 854 804 856
794 857 803 859
794 878 826 878
794 879 826 879
794 887 804 889
794 899 826 899
794 900 826 900
794 908 826 908
794 912 826 912
794 951 826 951
794 972 826 972
794 998 826 998
795 77 805 79
795 99 827 99
795 151 827 151
795 215 805 217
795 241 827 241
795 338 827 338
795 353 805 355
795 376 805 378
795 380 805 382
795 473 805 475
795 476 827 476
795 509 827 509
795 515 827 515
791 591 823 591
795 658 827 658
795 668 827 668
795 702 827 702
795 703 827 703
795 740 827 740
795 770 805 772
795 803 805 805
795 806 827 806
786 962 814 962
795 992 827 992
796 132 828 132
796 170 828 170
796 182 828 182
807 208 828 208
796 208 806 209
796 243 828 243
796 253 828 253
796 312 828 312
796 336 828 336
796 341 828 341
796 386 828 386
796 436 806 438
796 447 828 447
796 485 828 485
796 496 806 498
796 513 828 513
796 514 828 514
796 598 828 598
793 612 825 612
796 662 828 662
796 701 828 701
796 721 828 721
796 752 828 752
796 896 828 896
796 985 828 985
797 80 807 82
797 138 807 140
795 193 827 193
797 286 829 286
797 294 829 294
797 295 829 295
797 308 829 308
797 309 829 309
797 316 829 316
797 317 829 317
797 323 829 323
797 324 829 324
797 412 829 412
797 413 829 413
797 499 829 499
797 557 807 559
797 571 807 573
797 604 829 604
797 619 829 619
797 660 812 661
797 688 807 690
797 695 829 695
797 704 829 704
797 731 829 731
797 769 829 769
797 808 829 808
797 814 807 816
797 830 829 830
797 845 823 845
797 911 829 911
797 924 807 926
797 943 828 943
797 980 807 982
798 30 830 30
798 116 808 118
798 119 830 119
798 120 830 120
798 167 829 167
798 169 830 169
798 181 830 181
798 231 830 231
798 232 830 232
798 306 830 306
798 318 808 320
798 331 830 331
798 357 808 359
798 393 830 393
798 395 808 397
798 398 830 398
798 402 830 402
798 423 830 423
798 424 829 424
798 483 830 483
798 491 830 491
798 524 830 524
798 580 830 580
798 581 830 581
798 630 830 630
798 647 808 649
798 650 830 650
798 659 830 659
798 669 830 669
798 670 830 670
798 743 830 743
798 807 830 807
798 831 813 832
798 847 808 849
798 862 808 864
798 865 830 865
798 919 830 919
798 954 808 956
798 957 830 957
799 8 809 10
799 41 809 43
799 103 826 103
799 123 831 123
799 185 831 185
799 186 831 186
799 212 831 212
799 213 831 213
799 238 809 240
799 367 831 367
799 368 831 368
799 370 809 372
799 435 831 435
793 627 825 627
799 666 831 666
799 687 831 687
799 706 831 706
799 729 814 730
799 910 831 910
799 932 809 934
800 46 832 46
800 47 832 47
810 53 832 53
810 54 832 54
799 53 809 55
800 97 832 97
800 98 832 98
800 104 826 104
800 113 832 113
800 129 832 129
800 134 832 134
800 135 832 135
800 160 832 160
800 234 810 236
800 291 832 291
800 292 832 292
800 293 832 293
800 348 831 348
800 369 831 369
800 383 810 385
800 425 810 427
800 428 810 430
800 431 832 431
800 432 832 432
800 506 810 508
800 529 810 531
800 543 832 543
800 636 810 638
800 639 810 641
800 671 832 671
800 686 832 686
800 736 832 736
800 737 832 737
800 738 832 738
800 747 832 747
800 861 832 861
800 876 832 876
800 921 830 921
800 953 832 953
800 958 810 960
800 975 810 977
801 52 828 52
800 61 815 62
801 89 816 90
801 218 811 220
801 221 811 223
801 250 811 252
801 302 833 302
801 304 833 304
801 329 833 329
801 340 833 340
801 342 828 342
796 343 828 343
801 411 833 411
801 462 833 462
801 464 833 464
801 465 832 465
801 590 833 590
801 608 833 608
801 663 833 663
801 684 833 684
801 685 833 685
801 716 811 718
801 753 811 755
801 778 833 778
801 782 832 782
801 821 816 822
801 833 811 835
801 842 833 842
801 860 832 860
801 895 833 895
801 913 833 913
801 948 833 948
801 949 833 949
801 968 811 970
801 989 829 989
802 1 834 1
802 3 812 5
802 22 812 24
802 111 834 111
802 130 834 130
802 142 834 142
802 157 834 157
802 161 834 161
802 162 834 162
802 183 834 183
802 184 834 184
802 198 812 200
802 211 834 211
802 249 834 249
802 254 834 254
802 349 834 349
802 469 812 471
802 512 834 512
802 589 834 589
802 635 832 635
802 723 834 723
802 894 834 894
802 994 812 996
803 31 813 33
803 44 835 44
803 49 835 49
803 57 835 57
803 58 835 58
803 67 835 67
803 68 835 68
803 74 835 74
803 94 835 94
803 149 835 149
803 188 835 188
803 271 813 273
803 282 818 283
803 284 835 284
803 345 813 347
803 403 813 405
803 459 835 459
803 466 835 466
803 518 813 520
803 521 835 521
803 522 835 522
803 537 835 537
803 548 835 548
803 552 835 552
803 569 818 570
803 692 835 692
803 698 835 698
803 726 813 728
803 742 835 742
803 756 835 756
803 792 813 794
803 795 813 797
803 828 835 828
803 866 835 866
803 890 813 892
803 927 813 929
803 938 813 940
803 984 835 984
803 988 835 988
803 999 835 999
804 13 836 13
804 38 836 38
804 75 836 75
804 100 836 100
804 178 814 180
804 204 814 206
804 207 836 207
804 227 836 227
804 228 836 228
804 247 836 247
804 258 814 260
804 268 836 268
804 274 836 274
804 275 836 275
804 279 836 279
804 333 836 333
804 449 814 451
804 486 814 488
804 493 836 493
804 494 834 494
801 501 833 501
804 535 836 535
804 583 836 583
804 597 836 597
804 624 836 624
804 655 836 655
804 708 814 710
804 749 814 751
804 923 836 923
805 17 815 19
805 83 815 85
805 86 815 88
805 114 837 114
800 141 832 141
805 144 837 144
805 164 837 164
805 175 815 177
805 190 837 190
805 226 837 226
805 263 815 265
805 269 837 269
805 352 837 352
805 373 815 375
805 460 837 460
805 461 837 461
805 463 837 463
805 478 837 478
805 479 837 479
805 510 837 510
805 511 837 511
805 523 833 523
805 564 815 566
804 586 836 586
805 596 836 596
805 611 837 611
805 617 837 617
805 618 837 618
805 681 837 681
805 735 837 735
805 764 820 765
805 798 837 798
805 799 837 799
805 851 815 853
805 854 815 856
804 857 814 859
805 887 815 889
805 906 837 906
805 907 837 907
805 916 820 917
806 26 838 26
806 77 816 79
806 143 838 143
806 215 816 217
806 353 816 355
806 376 816 378
806 380 816 382
806 473 816 475
806 553 838 553
806 568 838 568
806 632 838 632
806 634 838 634
806 654 838 654
806 656 838 656
806 667 838 667
806 724 838 724
806 725 838 725
806 757 838 757
806 770 816 772
806 803 838 803
806 804 838 804
806 805 838 805
806 813 838 813
806 823 838 823
806 872 838 872
806 901 838 901
807 91 839 91
807 406 839 406
807 436 817 438
807 439 839 439
807 448 839 448
807 477 839 477
807 496 817 498
807 502 839 502
807 526 839 526
807 678 839 678
807 697 838 697
807 739 839 739
807 746 839 746
807 785 839 785
807 786 839 786
807 818 839 818
807 819 839 819
807 824 839 824
807 966 839 966
808 29 840 29
808 80 818 82
808 138 840 138
808 139 840 139
808 140 840 140
808 277 838 277
808 310 840 310
808 407 815 409
808 489 840 489
808 557 818 559
808 560 840 560
808 561 840 561
808 571 818 573
808 576 840 576
808 644 840 644
808 688 818 689
808 690 823 691
808 745 840 745
808 748 840 748
808 783 840 783
808 814 840 814
808 815 823 816
808 820 839 820
808 837 840 837
808 838 840 838
808 905 840 905
808 924 818 926
808 941 840 941
808 946 840 946
808 950 840 950
808 980 818 982
808 983 840 983
809 11 824 12
809 15 841 15
809 16 841 16
809 116 819 118
809 122 841 122
809 262 841 262
809 318 819 320
809 357 819 359
809 395 819 397
809 445 841 445
809 550 841 550
809 551 840 551
809 610 841 610
809 613 841 613
809 616 841 616
809 625 841 625
809 647 819 649
809 673 841 673
809 707 834 707
809 784 841 784
809 789 841 789
809 809 838 809
809 847 819 849
809 850 841 850
809 862 819 864
809 936 837 936
809 937 841 937
809 945 840 945
809 954 818 956
810 8 820 10
810 27 842 27
810 28 842 28
810 41 842 41
810 42 842 42
810 43 842 43
810 55 842 55
810 72 842 72
810 101 842 101
810 238 820 240
810 248 842 248
821 296 842 296
810 298 842 298
810 299 842 299
810 311 842 311
810 321 842 321
810 322 842 322
810 370 820 372
810 389 842 389
810 414 842 414
810 453 842 453
810 454 842 454
810 458 842 458
810 468 842 468
810 540 842 540
810 554 842 554
810 602 842 602
810 802 842 802
810 874 842 874
810 875 842 875
810 881 842 881
810 932 820 934
810 942 842 942
810 973 842 973
810 974 841 974
811 56 843 56
811 126 843 126
811 127 843 127
811 209 843 209
811 234 821 236
811 256 843 256
811 257 843 257
811 276 843 276
811 287 843 287
811 383 821 385
811 425 821 427
811 428 821 430
811 506 821 508
811 517 843 517
811 527 821 529
811 530 843 530
811 531 843 531
811 636 821 638
811 639 821 641
811 696 843 696
811 722 843 722
811 766 843 766
811 790 843 790
811 791 836 791
811 920 843 920
811 958 821 960
811 975 821 977
812 65 844 65
812 218 822 220
812 221 822 223
812 242 844 242
812 250 822 252
812 288 844 288
812 303 844 303
812 363 844 363
812 457 844 457
812 481 844 481
812 500 833 500
812 534 844 534
812 536 844 536
812 605 844 605
812 664 844 664
812 716 822 718
812 720 844 720
812 753 822 755
812 777 844 777
812 779 844 779
812 780 843 780
812 833 822 835
812 898 844 898
812 909 844 909
812 944 844 944
812 968 822 970
812 979 842 979
812 990 844 990
812 991 844 991
813 3 845 3
813 4 845 4
813 5 845 5
813 14 845 14
813 22 823 24
813 112 845 112
813 158 845 158
813 198 823 200
813 229 845 229
813 230 845 230
808 296 820 297
813 446 845 446
813 469 823 471
813 482 845 482
811 516 843 516
813 563 845 563
813 592 845 592
813 594 845 594
813 595 845 595
812 600 827 601
813 620 845 620
813 762 828 763
813 840 845 840
813 871 845 871
813 967 845 967
813 994 823 996
814 31 824 33
814 59 846 59
814 60 846 60
812 66 844 66
814 133 846 133
814 224 829 225
814 271 824 273
814 285 846 285
814 307 846 307
814 313 846 313
814 345 824 347
814 390 842 390
814 403 824 405
814 416 846 416
814 518 824 520
814 606 829 607
814 652 842 652
814 726 824 728
814 741 846 741
814 758 844 758
814 792 824 794
814 795 824 797
814 831 846 831
814 844 846 844
814 890 824 892
814 914 846 914
814 927 846 927
814 928 846 928
814 929 846 929
814 938 824 940
815 34 847 34
815 35 847 35
815 168 847 168
815 178 845 178
815 180 847 180
815 194 822 197
815 204 825 206
815 244 847 244
815 246 847 246
815 258 825 260
815 278 838 278
815 360 825 362
815 365 847 365
815 420 825 422
815 433 847 433
815 434 847 434
815 449 825 451
815 486 825 488
815 503 847 503
815 538 847 538
815 539 847 539
815 549 847 549
815 577 847 577
815 651 847 651
815 700 847 700
815 708 825 710
815 729 847 729
815 730 847 730
815 749 825 751
815 836 847 836
815 839 847 839
815 858 847 858
815 859 847 859
815 918 847 918
815 922 847 922
815 986 847 986
816 17 826 19
816 50 848 50
816 62 848 62
816 83 826 85
816 86 826 88
813 125 845 125
816 136 848 136
816 137 848 137
816 175 826 177
816 263 826 265
816 280 848 280
816 281 848 281
816 373 826 375
816 394 848 394
816 401 848 401
816 418 831 419
816 564 826 566
816 587 831 588
816 599 848 599
816 826 848 826
816 827 848 827
816 851 826 853
816 854 826 856
816 887 826 889
817 37 849 37
817 77 827 79
817 89 849 89
817 90 849 90
817 96 849 96
817 128 849 128
817 155 849 155
817 156 849 156
817 192 849 192
817 215 827 217
817 233 849 233
817 300 849 300
817 301 849 301
817 326 848 326
817 339 849 339
817 353 827 355
817 376 827 378
817 379 827 381
817 382 849 382
817 400 849 400
816 407 823 410
817 473 827 475
817 480 849 480
816 633 848 633
817 657 849 657
817 665 849 665
817 719 846 719
817 744 849 744
817 759 849 759
817 770 827 772
817 812 849 812
817 822 849 822
817 825 849 825
817 829 849 829
817 873 849 873
817 882 849 882
817 978 849 978
818 20 850 20
818 51 850 51
818 61 850 61
818 93 850 93
818 106 850 106
818 107 850 107
818 109 850 109
818 159 850 159
818 174 850 174
818 266 833 267
818 330 850 330
818 436 828 438
818 442 850 442
818 443 850 443
818 467 850 467
818 496 828 498
818 544 850 544
818 546 850 546
818 562 850 562
818 609 850 609
818 626 850 626
818 645 850 645
818 694 850 694
818 705 850 705
818 714 850 714
818 773 849 773
818 774 850 774
818 841 850 841
818 915 850 915
815 961 822 964
819 0 851 0
819 6 851 6
819 7 851 7
819 80 829 82
813 121 845 121
819 172 851 172
819 173 851 173
819 282 851 282
819 283 851 283
819 325 850 325
819 351 851 351
819 484 851 484
819 505 851 505
819 532 851 532
819 557 829 559
819 569 829 571
819 572 851 572
819 573 851 573
819 628 851 628
819 629 851 629
819 674 851 674
819 688 834 689
819 843 851 843
819 885 851 885
819 904 851 904
819 924 829 926
819 980 829 982
820 36 852 36
820 40 852 40
820 64 852 64
820 73 852 73
820 116 830 118
820 124 852 124
820 152 852 152
820 165 852 165
820 187 852 187
820 270 852 270
820 318 830 320
820 335 852 335
820 337 850 337
820 344 852 344
820 350 852 350
820 357 830 359
820 395 830 397
820 399 852 399
820 547 852 547
820 556 852 556
820 578 852 578
820 579 852 579
820 582 852 582
820 621 852 621
820 631 852 631
820 647 830 649
820 715 852 715
820 847 830 849
820 857 852 857
820 862 830 864
820 870 852 870
820 947 847 947
819 954 829 956
820 965 852 965
821 8 831 10
821 21 853 21
821 102 853 102
821 150 853 150
821 238 853 238
821 239 853 239
821 240 853 240
821 297 853 297
821 370 831 372
821 415 853 415
821 456 849 456
821 495 853 495
821 574 836 575
818 646 850 646
821 693 853 693
821 764 853 764
821 787 853 787
821 788 853 788
821 869 853 869
821 916 853 916
821 917 853 917
821 932 828 935
822 105 854 105
822 108 851 108
822 201 832 203
822 234 832 236
822 237 854 237
822 289 854 289
822 383 832 385
822 425 832 427
822 428 832 430
822 504 854 504
822 506 832 508
822 527 832 529
822 541 854 541
822 542 854 542
822 623 854 623
822 636 832 638
822 639 832 641
822 642 854 642
822 643 854 643
822 679 854 679
822 680 854 680
822 760 854 760
822 761 854 761
822 821 854 821
822 832 854 832
822 868 853 868
822 897 854 897
822 902 837 903
822 958 832 960
822 975 832 977
822 987 854 987
823 76 855 76
823 131 855 131
823 145 833 147
823 148 855 148
823 163 855 163
823 194 833 196
823 197 855 197
823 218 833 220
823 221 833 223
823 250 833 252
823 255 855 255
823 327 855 327
823 328 855 328
823 334 855 334
823 387 855 387
823 388 855 388
823 440 846 440
823 441 855 441
823 533 855 533
823 603 855 603
823 660 838 661
823 716 833 718
823 753 833 755
823 833 833 835
823 846 855 846
823 877 855 877
823 961 833 963
823 964 855 964
823 968 833 970
823 971 855 971
824 22 834 24
824 25 856 25
824 39 856 39
815 45 847 45
824 71 856 71
824 189 856 189
824 191 856 191
824 198 834 200
824 210 856 210
824 245 853 245
824 261 856 261
824 305 856 305
824 314 856 314
824 392 856 392
824 407 834 409
824 410 856 410
824 417 856 417
824 469 834 471
824 472 856 472
824 591 856 591
824 593 856 593
824 690 856 690
824 733 856 733
824 815 856 815
824 816 856 816
824 867 856 867
824 884 856 884
824 886 856 886
824 893 856 893
824 993 834 995
824 996 856 996
824 997 856 997
825 11 857 11
825 12 857 12
825 31 835 33
825 48 857 48
825 63 857 63
825 69 840 70
825 95 857 95
825 115 857 115
825 166 857 166
825 271 835 273
825 290 854 290
825 332 857 332
825 345 833 347
825 356 857 356
825 403 835 405
825 518 857 518
825 519 857 519
825 525 857 525
825 614 857 614
825 615 857 615
825 682 857 682
825 691 857 691
825 711 835 713
825 726 835 728
825 781 857 781
825 792 835 794
825 795 835 797
825 810 857 810
825 811 857 811
825 880 857 880
825 890 835 892
825 930 857 930
825 931 857 931
825 938 835 940
825 952 857 952
826 2 858 2
826 92 858 92
826 153 858 153
826 171 858 171
826 179 858 179
826 204 836 206
826 214 858 214
826 258 836 260
826 315 858 315
826 360 836 362
826 420 836 422
826 444 858 444
826 449 836 451
826 455 858 455
826 486 836 488
826 492 858 492
826 555 858 555
826 567 858 567
826 612 857 612
826 627 858 627
826 653 858 653
826 672 858 672
826 683 858 683
826 708 836 710
826 732 858 732
826 749 836 751
826 800 858 800
818 801 850 801
826 883 858 883
827 17 837 19
827 83 837 85
827 86 837 88
827 110 859 110
827 154 858 154
827 175 837 177
827 263 837 264
827 364 859 364
827 366 859 366
827 373 837 375
827 391 859 391
827 452 859 452
827 520 859 520
825 545 857 545
827 564 837 566
827 584 859 584
827 585 859 585
827 622 859 622
827 675 859 675
827 676 859 676
827 699 859 699
827 734 859 734
827 767 859 767
827 768 859 768
827 775 859 775
827 776 859 776
827 817 859 817
827 851 837 853
827 854 837 856
827 878 859 878
827 879 859 879
827 887 837 889
827 899 842 900
827 908 849 908
827 912 859 912
827 951 859 951
827 972 859 972
827 998 859 998
828 77 838 79
828 99 860 99
828 151 860 151
828 193 860 193
828 215 838 217
828 241 860 241
828 338 860 338
828 353 838 355
828 376 838 378
828 379 838 381
828 473 838 475
828 476 860 476
828 509 860 509
828 515 860 515
828 600 860 600
828 601 860 601
828 658 860 658
828 668 860 668
828 677 860 677
828 702 860 702
828 703 860 703
828 740 860 740
828 770 838 772
828 806 860 806
828 992 860 992
829 132 861 132
829 170 861 170
829 182 861 182
829 208 861 208
829 243 861 243
829 253 861 253
829 312 861 312
829 336 861 336
838 341 861 341
838 343 861 343
829 386 861 386
829 436 861 436
829 437 861 437
829 438 861 438
829 447 861 447
829 485 861 485
829 496 839 498
829 513 861 513
829 514 861 514
829 598 861 598
829 662 861 662
829 701 861 701
829 721 861 721
829 752 860 752
829 762 861 762
829 763 861 763
829 896 861 896
829 985 860 985
830 80 840 82
830 224 862 224
830 225 862 225
830 286 862 286
830 294 855 294
830 295 855 295
830 308 862 308
830 309 862 309
830 316 862 316
830 317 862 317
830 323 859 323
830 324 859 324
830 412 845 413
830 490 862 490
830 557 840 559
830 569 840 571
830 604 862 604
830 606 862 606
830 607 862 607
830 619 862 619
830 695 862 695
830 704 862 704
830 731 862 731
830 765 862 765
830 769 862 769
830 830 862 830
824 845 856 845
830 911 862 911
830 924 840 926
830 932 837 935
829 943 861 943
830 954 840 956
830 980 840 982
831 30 863 30
831 116 841 118
831 119 863 119
831 120 863 120
830 167 862 167
831 169 857 169
831 181 863 181
831 231 863 231
831 232 863 232
831 306 863 306
831 318 841 320
831 357 841 359
831 393 863 393
831 395 841 397
831 398 863 398
831 402 863 402
831 423 855 423
830 424 862 424
831 483 863 483
831 491 863 491
831 524 863 524
831 580 863 580
831 581 863 581
831 630 863 630
831 647 841 649
831 650 863 650
831 659 863 659
831 669 863 669
831 670 863 670
831 743 863 743
831 807 863 807
831 847 846 848
831 849 863 849
831 862 841 864
831 865 863 865
831 919 863 919
831 957 863 957
832 8 842 10
843 103 875 103
832 123 864 123
832 185 864 185
832 186 864 186
832 212 864 212
832 213 864 213
832 367 842 369
832 370 842 372
832 418 864 418
832 419 864 419
832 435 864 435
832 587 859 587
832 588 864 588
832 666 864 666
832 687 864 687
832 910 864 910
833 46 865 46
833 47 865 47
833 53 862 53
833 54 865 54
833 97 865 97
833 98 865 98
827 103 842 104
833 113 865 113
833 129 865 129
833 134 865 134
833 135 865 135
833 141 865 141
833 160 865 160
833 201 865 201
833 202 865 202
833 203 865 203
833 234 843 236
833 291 843 293
832 348 864 348
833 383 843 385
833 425 843 427
833 428 843 430
833 431 865 431
833 432 865 432
833 506 843 508
833 527 843 529
833 543 865 543
833 636 843 638
833 639 843 641
833 671 865 671
833 686 865 686
833 736 865 736
833 737 865 737
833 738 865 738
833 747 865 747
833 860 848 861
833 876 865 876
831 921 863 921
833 953 865 953
833 958 843 960
833 975 843 977
829 52 861 52
834 145 844 147
834 194 844 196
834 218 844 220
834 221 844 223
834 250 844 252
834 266 866 266
834 267 866 267
834 302 866 302
834 304 866 304
834 329 866 329
834 340 866 340
829 341 837 343
834 411 866 411
834 462 866 462
834 464 866 464
833 465 865 465
834 499 844 501
834 590 866 590
834 608 866 608
834 663 866 663
834 684 866 684
834 685 866 685
834 716 844 718
834 753 844 755
834 778 866 778
833 782 865 782
834 833 844 835
834 842 866 842
834 895 866 895
834 913 866 913
834 948 866 948
834 949 866 949
834 961 844 963
834 968 844 970
830 989 862 989
835 1 867 1
835 22 845 24
835 111 867 111
835 130 867 130
835 142 867 142
835 157 867 157
835 161 867 161
835 162 867 162
835 183 867 183
835 184 867 184
835 198 867 198
835 199 867 199
835 211 867 211
835 249 867 249
835 254 867 254
835 349 867 349
835 407 845 409
835 469 845 471
835 512 867 512
833 635 865 635
835 688 867 688
835 689 867 689
835 706 850 707
835 723 867 723
835 894 867 894
835 993 845 995
836 31 846 33
836 44 868 44
836 49 868 49
836 57 868 57
836 58 868 58
836 67 868 67
836 68 868 68
836 74 868 74
836 94 868 94
836 149 868 149
836 188 868 188
836 200 868 200
836 271 846 273
836 284 868 284
836 331 868 331
845 345 868 345
834 345 844 347
836 403 846 405
836 459 868 459
836 466 868 466
836 521 868 521
836 522 868 522
836 537 868 537
836 548 868 548
836 552 868 552
836 692 868 692
836 698 868 698
836 711 846 713
836 726 846 728
836 742 868 742
836 756 868 756
836 792 868 792
836 793 868 793
836 794 843 797
836 828 868 828
836 866 863 866
836 890 846 892
836 938 868 938
836 939 868 939
836 940 868 940
836 984 868 984
836 988 868 988
836 999 868 999
837 13 869 13
837 38 869 38
837 75 869 75
837 100 869 100
837 204 847 206
837 207 869 207
837 227 869 227
837 228 869 228
837 247 869 247
837 258 847 260
837 274 869 274
837 275 869 275
837 333 869 333
837 360 847 362
837 420 847 422
837 449 847 451
837 486 847 488
837 493 869 493
835 494 867 494
837 535 869 535
837 574 869 574
837 575 869 575
837 583 869 583
837 586 869 586
837 596 851 597
837 624 869 624
837 655 869 655
837 708 847 710
837 749 847 751
837 923 869 923
838 17 848 19
838 83 848 85
838 86 848 88
838 114 870 114
838 144 870 144
838 175 867 175
838 176 870 176
838 177 870 177
838 190 870 190
838 226 870 226
838 263 870 263
838 264 870 264
827 265 859 265
838 352 870 352
838 373 848 375
838 460 870 460
838 461 870 461
838 463 870 463
838 478 870 478
838 479 870 479
838 510 870 510
838 511 870 511
834 523 866 523
838 564 848 566
838 611 870 611
838 617 868 617
838 618 868 618
838 681 870 681
838 735 870 735
838 798 870 798
838 799 870 799
838 851 848 853
838 854 848 856
838 887 848 889
838 902 870 902
838 903 870 903
838 906 870 906
838 907 870 907
838 932 848 934
838 935 853 936
839 26 871 26
839 77 849 79
839 143 871 143
839 164 871 164
839 215 849 217
839 277 849 279
839 353 849 355
839 376 849 378
839 379 849 381
839 473 849 475
839 553 871 553
839 568 871 568
839 632 871 632
839 634 871 634
839 654 871 654
839 656 871 656
839 660 871 660
839 667 871 667
839 724 871 724
839 725 871 725
839 757 871 757
839 770 849 772
839 803 849 805
839 808 854 809
839 813 871 813
839 823 871 823
839 872 871 872
839 901 871 901
840 91 872 91
840 406 872 406
840 448 872 448
840 477 872 477
840 496 850 498
840 502 872 502
840 526 872 526
840 589 872 589
840 678 872 678
839 697 871 697
840 739 872 739
840 746 872 746
840 785 872 785
840 786 872 786
849 818 872 818
849 819 872 819
840 824 872 824
840 966 866 966
841 29 873 29
841 69 856 70
841 80 851 82
841 138 851 140
841 268 873 268
841 310 873 310
841 489 873 489
841 557 873 557
841 558 851 560
841 561 873 561
841 569 851 571
841 576 873 576
841 644 873 644
841 745 873 745
841 748 873 748
841 783 873 783
841 814 873 814
840 818 848 820
841 837 856 838
841 905 873 905
841 924 851 926
841 941 873 941
841 946 871 946
841 950 873 950
841 954 851 956
841 980 851 982
841 983 870 983
842 15 874 15
842 16 874 16
842 116 852 118
842 122 874 122
842 262 874 262
842 318 852 320
842 357 852 359
842 395 852 397
842 445 874 445
842 550 874 550
841 551 873 551
842 610 874 610
842 613 874 613
842 616 868 616
842 625 874 625
842 647 850 649
842 661 874 661
842 673 874 673
842 784 874 784
842 789 874 789
842 850 874 850
842 862 849 864
842 937 874 937
841 945 873 945
843 8 853 10
843 27 875 27
843 28 875 28
843 41 853 43
843 55 875 55
843 72 875 72
843 101 875 101
843 248 875 248
843 296 875 296
843 298 875 298
843 299 875 299
843 321 875 321
843 322 875 322
843 367 875 367
843 368 853 370
843 371 875 371
843 372 875 372
843 389 858 390
843 414 875 414
843 453 875 453
843 454 875 454
843 458 875 458
843 468 875 468
843 540 875 540
843 554 875 554
843 602 875 602
843 802 875 802
843 874 875 874
843 875 875 875
843 881 875 881
843 900 875 900
843 942 875 942
843 973 875 973
842 974 874 974
844 56 876 56
844 126 876 126
844 127 876 127
844 209 876 209
844 234 854 236
844 256 876 256
844 257 876 257
844 276 876 276
844 287 865 287
844 291 854 293
844 383 854 385
844 425 854 427
844 428 854 430
844 506 854 508
844 516 876 516
844 517 876 517
844 527 854 529
844 530 873 530
844 531 873 531
844 636 854 638
844 639 854 641
844 696 876 696
844 722 876 722
844 766 876 766
844 790 876 790
837 791 869 791
844 794 854 796
844 797 876 797
844 920 876 920
844 958 854 960
844 975 854 977
845 65 877 65
845 66 877 66
845 145 855 147
845 194 855 196
845 218 855 220
845 221 855 223
845 242 877 242
845 250 855 252
845 288 877 288
845 303 877 303
845 311 877 311
845 346 877 346
845 347 877 347
845 363 877 363
845 481 877 481
845 499 855 501
845 534 877 534
845 536 877 536
845 605 877 605
845 664 877 664
845 716 877 716
845 717 877 717
845 720 873 720
845 753 860 754
845 755 877 755
845 777 877 777
845 779 877 779
844 780 876 780
845 833 855 835
845 898 877 898
845 909 877 909
845 944 877 944
845 961 855 963
845 968 855 970
843 979 875 979
845 990 877 990
845 991 877 991
846 3 856 5
846 14 878 14
846 22 856 24
846 112 878 112
846 121 878 121
846 125 878 125
846 158 878 158
846 229 878 229
846 230 878 230
846 269 878 269
846 407 856 409
846 446 871 446
846 469 856 471
846 482 878 482
846 563 878 563
846 592 878 592
846 594 878 594
846 595 878 595
846 620 878 620
846 840 878 840
846 871 878 871
846 967 878 967
846 993 856 995
847 31 857 33
847 59 879 59
847 60 879 60
847 133 879 133
847 271 857 273
847 285 879 285
847 307 877 307
847 313 879 313
847 403 857 405
847 416 879 416
847 439 862 440
843 652 875 652
847 711 857 713
847 718 862 719
847 726 857 728
847 741 879 741
845 758 877 758
847 831 879 831
847 844 879 844
847 847 879 847
847 848 879 848
847 890 857 892
847 914 875 914
847 927 857 929
848 34 880 34
848 35 880 35
848 45 880 45
848 168 880 168
846 178 878 178
848 180 880 180
848 204 858 206
848 244 880 244
848 246 880 246
848 258 858 260
848 360 858 362
848 365 880 365
848 413 880 413
848 420 855 422
848 433 880 433
848 434 880 434
848 449 858 451
848 486 858 488
848 503 880 503
848 538 863 539
848 549 880 549
848 577 880 577
848 651 880 651
848 700 880 700
848 708 858 710
848 729 880 729
848 730 879 730
848 749 858 751
848 836 880 836
848 839 880 839
848 858 873 858
848 859 879 859
848 918 880 918
848 922 880 922
848 986 880 986
849 17 859 19
849 50 881 50
849 62 881 62
849 83 859 85
849 86 859 88
849 136 881 136
849 137 881 137
849 280 881 280
849 281 881 281
849 342 881 342
849 373 859 375
849 394 881 394
849 401 881 401
849 564 859 566
849 599 881 599
849 633 881 633
849 826 875 826
849 827 875 827
849 851 859 853
849 854 859 856
849 887 859 889
849 932 859 934
850 37 882 37
850 77 860 79
850 89 882 89
850 90 882 90
850 96 882 96
850 104 882 104
850 128 882 128
850 155 882 155
850 156 882 156
850 192 882 192
850 215 860 217
850 233 882 233
850 277 882 277
850 300 882 300
850 301 882 301
849 326 881 326
850 339 882 339
850 353 860 355
850 376 860 378
850 379 860 381
850 382 882 382
850 400 880 400
850 412 882 412
850 456 865 457
850 473 860 475
850 480 882 480
850 657 882 657
850 744 882 744
850 759 882 759
850 770 882 770
850 771 860 773
850 803 860 805
850 812 882 812
850 822 871 822
850 825 882 825
850 829 882 829
850 860 855 864
850 873 882 873
850 882 875 882
850 899 882 899
850 978 882 978
851 20 883 20
851 51 883 51
851 61 883 61
851 93 883 93
851 106 883 106
851 109 883 109
851 159 883 159
851 174 883 174
851 279 883 279
851 330 882 330
851 442 883 442
851 443 883 443
851 467 883 467
851 496 861 498
851 544 883 544
851 546 883 546
851 562 883 562
851 609 883 609
851 626 883 626
851 645 879 645
851 646 858 649
851 694 883 694
851 705 861 707
851 714 883 714
851 774 882 774
851 801 883 801
851 841 881 841
851 915 883 915
852 0 884 0
852 6 884 6
852 7 884 7
852 80 862 82
852 107 866 108
852 138 862 140
852 172 884 172
852 173 884 173
852 282 884 282
852 283 884 283
851 325 883 325
852 351 884 351
852 484 884 484
852 505 884 505
852 532 884 532
852 558 862 560
852 569 862 571
852 572 884 572
852 573 884 573
852 628 884 628
852 629 884 629
852 674 884 674
852 843 884 843
852 885 884 885
852 904 884 904
852 924 862 926
852 954 862 956
852 980 862 982
853 36 885 36
853 40 885 40
853 64 885 64
853 73 885 73
853 116 863 118
853 124 884 124
853 152 885 152
853 165 876 165
853 187 885 187
853 270 885 270
853 318 863 320
853 335 885 335
851 337 883 337
853 344 885 344
853 350 885 350
853 357 863 359
853 395 863 397
853 399 885 399
853 547 885 547
853 556 885 556
853 578 885 578
853 579 885 579
853 582 885 582
852 596 867 597
853 621 883 621
853 631 885 631
853 715 885 715
853 857 885 857
853 870 885 870
848 947 880 947
853 965 885 965
854 8 864 10
854 21 886 21
854 41 864 43
854 102 880 102
854 150 886 150
854 238 864 240
854 297 886 297
854 368 864 370
854 415 886 415
854 495 886 495
854 693 886 693
854 764 886 764
854 787 886 787
854 788 886 788
854 868 869 869
854 916 886 916
854 917 886 917
854 935 869 936
855 105 887 105
855 234 865 236
855 237 887 237
855 289 865 291
855 292 887 292
855 383 865 385
855 425 865 427
855 428 865 430
855 504 884 504
855 506 865 508
855 527 865 529
855 541 887 541
855 542 887 542
855 623 887 623
855 636 865 638
855 639 865 641
855 642 887 642
855 643 887 643
855 665 887 665
855 679 887 679
855 680 887 680
855 760 887 760
855 761 887 761
855 794 865 796
855 808 887 808
855 809 887 809
855 820 870 821
855 832 887 832
855 897 887 897
855 958 865 960
855 975 865 977
855 987 887 987
856 76 888 76
856 131 888 131
856 145 866 147
856 148 888 148
856 163 888 163
856 194 866 196
856 197 888 197
856 218 866 220
856 221 866 223
856 250 888 250
856 251 888 251
856 252 888 252
856 255 888 255
856 293 866 295
856 327 888 327
856 328 882 328
856 334 888 334
856 387 888 387
856 388 888 388
856 441 888 441
856 499 888 499
856 500 888 500
856 501 888 501
856 533 888 533
856 603 888 603
856 833 866 835
856 846 888 846
856 860 863 863
856 864 888 864
856 877 888 877
856 961 866 963
856 964 885 964
856 968 866 970
856 971 888 971
857 3 867 5
865 22 889 22
857 22 864 25
857 39 889 39
857 69 867 71
857 189 886 189
857 191 889 191
857 210 889 210
854 245 886 245
857 261 889 261
857 305 889 305
857 314 889 314
857 392 889 392
857 407 867 409
857 410 889 410
857 417 889 417
857 469 867 471
857 472 889 472
857 591 889 591
857 593 889 593
857 690 889 690
857 733 889 733
857 815 889 815
857 816 889 816
857 837 889 837
857 838 889 838
857 845 889 845
857 867 889 867
857 884 888 884
857 886 889 886
857 893 889 893
857 993 889 993
857 994 867 996
857 997 889 997
858 11 881 11
858 12 890 12
858 31 868 33
858 48 890 48
858 63 890 63
858 95 887 95
858 115 890 115
858 166 890 166
858 271 868 273
858 332 890 332
858 356 890 356
858 403 868 405
858 518 890 518
858 519 890 519
858 525 890 525
858 545 890 545
858 614 873 615
858 682 890 682
858 691 890 691
858 711 868 713
858 726 868 728
858 781 890 781
858 810 890 810
858 811 890 811
858 880 890 880
858 890 868 892
858 927 868 929
858 930 890 930
858 931 890 931
858 952 890 952
859 2 891 2
859 92 891 92
859 153 874 154
859 171 891 171
859 179 891 179
859 204 869 206
859 214 891 214
859 258 869 260
859 315 891 315
859 360 891 360
859 361 891 361
859 362 891 362
859 389 887 389
859 390 891 390
864 420 891 420
864 421 891 421
856 420 863 423
859 444 891 444
859 449 869 451
859 455 887 455
859 486 869 488
859 492 891 492
859 555 891 555
859 567 891 567
858 612 890 612
859 627 891 627
859 646 891 646
859 647 869 649
859 653 891 653
859 672 891 672
859 683 891 683
859 708 869 710
859 732 891 732
859 749 869 751
859 800 891 800
859 883 891 883
860 17 870 19
860 83 870 85
860 86 870 88
860 110 892 110
860 265 892 265
860 364 892 364
860 366 892 366
860 373 870 375
860 391 892 391
860 452 887 452
860 520 892 520
860 564 870 566
860 584 892 584
860 585 892 585
860 622 892 622
860 675 892 675
860 676 892 676
860 699 892 699
860 734 892 734
860 767 892 767
860 768 892 768
860 775 892 775
860 776 892 776
860 817 892 817
860 851 870 853
860 854 870 856
860 878 892 878
860 879 892 879
860 887 892 887
860 888 892 888
860 889 892 889
850 908 882 908
860 912 892 912
860 932 870 934
860 951 888 951
860 972 892 972
860 998 892 998
861 77 871 79
861 99 889 99
861 151 893 151
861 193 893 193
861 215 871 217
861 241 890 241
861 338 893 338
861 353 871 355
861 376 871 378
861 379 871 381
861 473 871 475
861 476 893 476
861 509 893 509
861 515 893 515
861 600 893 600
861 601 893 601
861 658 893 658
861 668 893 668
861 677 892 677
861 702 893 702
861 703 893 703
861 740 893 740
861 752 871 754
861 771 871 773
861 803 871 805
861 806 893 806
861 992 890 992
862 132 894 132
862 170 894 170
862 182 894 182
862 208 894 208
862 243 894 243
862 253 894 253
862 312 894 312
862 336 894 336
862 341 894 341
862 343 894 343
862 386 894 386
862 436 894 436
862 437 894 437
862 438 894 438
862 447 894 447
862 485 894 485
862 496 872 498
862 513 894 513
862 514 894 514
862 598 894 598
862 662 894 662
862 701 894 701
862 705 872 707
862 721 894 721
862 762 894 762
862 763 894 763
862 896 894 896
862 943 894 943
861 985 893 985
863 52 878 53
863 80 873 82
863 138 873 140
863 167 895 167
863 224 895 224
863 225 895 225
863 308 878 309
863 316 895 316
863 317 895 317
860 323 875 324
863 424 895 424
863 439 886 439
863 440 886 440
863 490 895 490
863 558 873 560
863 569 873 571
863 604 895 604
863 606 895 606
863 607 895 607
863 619 895 619
863 695 895 695
863 704 895 704
863 718 895 718
863 719 895 719
863 731 895 731
863 765 895 765
863 769 892 769
863 830 895 830
863 911 895 911
863 924 873 926
863 954 873 956
863 980 873 982
863 989 895 989
864 30 896 30
864 116 874 118
864 119 896 119
864 120 896 120
858 169 890 169
864 181 894 181
864 231 896 231
864 232 896 232
864 306 896 306
864 318 874 320
864 357 874 359
864 393 896 393
864 395 874 397
864 398 896 398
864 402 896 402
864 422 896 422
864 423 896 423
864 483 896 483
864 491 896 491
864 524 896 524
864 538 896 538
864 539 896 539
864 580 896 580
864 581 896 581
864 630 896 630
864 650 896 650
864 659 896 659
864 669 896 669
864 670 896 670
864 743 896 743
864 807 896 807
864 849 896 849
864 860 879 861
864 863 896 863
864 865 879 866
864 919 896 919
864 921 896 921
864 957 896 957
865 8 875 10
865 23 896 23
865 24 880 25
865 41 875 43
865 123 895 123
865 185 897 185
865 186 897 186
865 212 897 212
865 213 897 213
865 238 875 240
865 348 897 348
865 368 875 370
865 418 897 418
865 419 897 419
865 435 897 435
860 587 892 587
865 666 897 666
865 687 897 687
865 910 897 910
866 46 898 46
866 47 898 47
866 54 898 54
866 97 898 97
866 98 889 98
866 113 898 113
866 129 898 129
866 134 898 134
866 135 898 135
866 141 898 141
866 160 898 160
866 201 876 203
866 234 876 236
866 278 898 278
866 286 881 287
866 289 898 289
866 290 898 290
866 291 898 291
866 383 876 385
866 425 876 427
866 428 898 428
866 429 876 431
866 432 898 432
866 456 898 456
866 457 898 457
866 465 898 465
866 506 876 508
866 527 873 529
866 543 898 543
866 588 898 588
866 635 876 637
866 638 898 638
866 639 898 639
866 640 898 640
866 641 898 641
866 671 898 671
866 686 898 686
866 736 876 738
866 747 898 747
866 782 898 782
866 794 876 796
866 876 898 876
866 953 898 953
866 958 876 960
866 975 876 977
867 145 877 147
867 194 877 196
867 218 877 220
867 221 877 223
867 266 899 266
867 267 899 267
867 294 899 294
867 295 899 295
867 302 899 302
867 304 899 304
867 329 899 329
867 340 899 340
867 411 896 411
867 462 899 462
867 464 899 464
867 523 899 523
867 590 899 590
867 608 899 608
867 663 899 663
867 684 899 684
867 685 899 685
867 778 899 778
867 833 877 835
867 842 899 842
867 895 899 895
867 913 899 913
867 948 899 948
867 949 899 949
867 961 877 963
867 968 877 970
868 1 900 1
868 3 878 5
868 69 878 71
867 107 882 108
868 111 900 111
868 130 900 130
868 142 900 142
868 157 900 157
868 161 900 161
868 162 900 162
868 183 894 183
868 184 900 184
868 198 900 198
868 199 900 199
868 211 900 211
868 249 900 249
868 254 900 254
868 349 900 349
868 407 878 409
868 469 878 471
868 494 900 494
868 512 900 512
868 596 900 596
868 597 900 597
868 688 900 688
868 689 900 689
868 723 900 723
868 862 900 862
868 994 878 996
869 31 879 33
869 44 901 44
869 49 901 49
869 57 901 57
869 58 901 58
869 67 901 67
869 68 901 68
869 74 901 74
869 94 901 94
869 149 901 149
869 188 901 188
869 271 879 273
869 284 901 284
869 331 901 331
869 345 901 345
869 403 879 405
869 459 901 459
869 466 901 466
869 521 901 521
869 522 901 522
869 537 901 537
869 548 901 548
869 552 898 552
869 692 901 692
869 698 901 698
869 711 879 713
869 726 879 728
869 742 901 742
869 756 901 756
869 792 884 793
869 890 879 892
869 927 879 929
869 938 879 940
869 988 901 988
869 999 901 999
870 13 902 13
870 38 902 38
870 75 899 75
870 100 902 100
870 204 880 206
870 207 902 207
870 227 902 227
870 228 902 228
870 247 900 247
870 258 880 260
870 274 902 274
870 275 902 275
870 333 902 333
870 449 880 451
870 486 880 488
870 493 902 493
870 535 902 535
870 574 902 574
870 575 902 575
870 583 902 583
870 586 902 586
870 624 902 624
870 647 880 649
870 655 902 655
870 708 880 710
870 749 880 751
870 791 899 791
870 868 902 868
870 869 902 869
870 923 902 923
870 935 902 935
870 936 902 936
871 17 881 19
871 83 881 85
871 86 881 88
871 114 903 114
871 144 903 144
868 175 900 175
871 176 903 176
871 177 903 177
871 190 903 190
871 226 903 226
871 263 903 263
871 264 903 264
871 352 903 352
871 373 881 375
871 460 903 460
871 461 903 461
871 463 903 463
871 478 903 478
871 479 903 479
871 510 903 510
871 511 903 511
871 564 881 566
871 611 903 611
879 617 903 617
869 616 878 618
871 681 903 681
871 735 903 735
871 798 903 798
871 799 903 799
871 820 902 820
871 851 881 853
871 854 881 856
871 902 903 902
871 903 903 903
871 906 903 906
871 907 903 907
871 932 903 932
871 934 903 934
871 983 886 984
872 26 904 26
872 77 882 79
872 143 904 143
872 215 882 217
872 353 882 355
872 376 882 378
872 379 882 381
872 473 882 475
872 553 904 553
872 568 904 568
872 632 904 632
872 634 904 634
872 654 904 654
872 656 904 656
872 660 904 660
872 697 904 697
872 724 904 724
872 725 904 725
872 752 904 752
872 754 904 754
872 757 904 757
872 771 882 773
872 803 882 805
872 813 904 813
872 821 887 822
872 823 904 823
872 872 904 872
872 901 904 901
873 91 905 91
873 406 905 406
873 448 905 448
873 477 905 477
873 496 905 496
873 497 905 497
873 502 905 502
873 526 905 526
873 589 905 589
873 678 905 678
873 705 883 707
873 739 905 739
873 746 905 746
873 785 905 785
873 786 905 786
873 818 905 818
873 819 904 819
873 824 905 824
867 966 899 966
874 29 906 29
874 80 884 82
874 138 884 140
874 200 906 200
874 268 906 268
874 310 906 310
874 489 906 489
874 551 906 551
874 557 884 559
874 560 906 560
874 561 906 561
874 569 884 571
874 576 906 576
874 614 906 614
874 615 906 615
874 644 906 644
874 745 906 745
874 748 906 748
874 753 906 753
874 783 906 783
874 814 906 814
874 905 906 905
874 924 884 926
874 941 906 941
874 945 906 945
872 946 904 946
874 950 906 950
874 954 884 956
874 980 884 982
875 15 907 15
875 16 907 16
875 116 885 118
875 122 907 122
875 154 907 154
875 262 907 262
875 318 885 320
875 357 885 359
875 395 885 397
875 445 907 445
875 498 907 498
875 550 907 550
875 610 907 610
875 613 907 613
875 625 907 625
875 661 907 661
875 673 907 673
875 784 907 784
875 789 907 789
875 850 907 850
875 937 907 937
875 974 907 974
876 8 908 8
876 9 908 9
876 27 908 27
876 28 908 28
876 41 886 43
876 55 908 55
876 72 908 72
876 101 908 101
876 238 886 240
876 248 908 248
876 296 908 296
876 298 908 298
876 299 908 299
876 321 886 323
876 324 908 324
876 367 886 369
876 370 886 372
876 414 908 414
876 453 887 454
876 458 908 458
876 468 908 468
876 540 908 540
876 554 908 554
876 602 908 602
876 652 908 652
876 826 886 828
876 874 908 874
876 875 908 875
876 881 891 882
876 900 908 900
876 942 908 942
876 973 908 973
876 979 908 979
877 56 909 56
877 126 909 126
877 127 909 127
877 164 892 165
877 201 909 201
877 202 909 202
877 203 909 203
877 209 909 209
877 234 887 236
877 256 909 256
877 257 909 257
877 276 909 276
877 383 887 385
877 425 887 427
877 429 887 431
877 506 887 508
877 516 909 516
877 517 909 517
880 527 909 527
874 527 879 531
877 635 887 637
877 696 909 696
877 722 909 722
877 736 887 738
877 766 909 766
877 780 909 780
877 790 909 790
877 794 887 796
877 797 909 797
877 920 909 920
877 958 887 960
877 975 909 975
877 976 909 976
877 977 909 977
878 65 910 65
878 66 910 66
878 145 888 147
878 194 888 196
878 218 888 220
878 221 888 223
878 242 910 242
878 288 910 288
878 303 910 303
878 311 910 311
878 347 910 347
878 363 910 363
878 481 910 481
878 534 910 534
878 536 910 536
878 605 910 605
878 664 910 664
878 716 910 716
878 717 910 717
874 720 906 720
878 755 910 755
878 758 910 758
878 777 910 777
878 779 910 779
878 833 888 835
878 898 910 898
878 909 910 909
878 944 910 944
878 961 888 963
878 968 888 970
878 990 910 990
878 991 910 991
879 14 905 14
879 52 911 52
879 53 911 53
879 69 889 71
879 112 911 112
879 121 911 121
879 125 911 125
879 158 910 158
879 178 911 178
879 229 911 229
879 230 911 230
879 269 911 269
879 293 911 293
879 308 911 308
879 309 911 309
879 346 911 346
879 407 889 409
872 446 904 446
879 469 889 471
879 482 911 482
879 563 911 563
879 592 911 592
879 594 911 594
879 595 911 595
879 616 911 616
879 618 911 618
879 620 911 620
879 667 911 667
879 840 911 840
879 871 911 871
879 967 911 967
879 994 889 996
880 5 912 5
880 31 890 33
880 59 912 59
880 60 912 60
880 133 912 133
880 271 890 273
880 285 912 285
878 307 910 307
880 313 912 313
880 403 890 405
880 416 912 416
880 528 912 528
880 529 890 531
880 711 890 713
880 726 890 728
880 741 912 741
880 831 912 831
880 844 912 844
880 847 912 847
880 848 912 848
880 859 890 861
880 865 912 865
880 866 912 866
880 890 890 892
876 914 908 914
880 927 890 929
880 938 890 940
881 3 913 3
881 24 896 25
881 34 913 34
881 35 913 35
881 45 913 45
881 102 896 103
881 168 913 168
881 180 905 180
881 204 891 206
881 244 913 244
881 246 913 246
881 258 891 260
881 365 913 365
881 413 913 413
881 433 913 433
881 434 913 434
881 449 913 449
881 450 913 450
881 451 913 451
881 486 891 488
881 503 913 503
881 549 913 549
881 577 913 577
881 647 891 649
881 651 913 651
881 700 913 700
881 708 891 710
881 729 913 729
880 730 912 730
881 749 891 751
881 836 913 836
881 839 913 839
874 858 906 858
881 918 913 918
881 922 913 922
881 947 913 947
881 986 913 986
882 10 897 11
882 17 892 19
882 50 914 50
882 62 914 62
882 83 892 85
882 86 892 88
882 136 914 136
882 137 914 137
882 280 914 280
882 281 914 281
882 286 914 286
882 287 914 287
882 326 914 326
882 342 914 342
882 373 892 375
882 394 913 394
882 401 914 401
882 564 892 566
882 599 914 599
882 633 914 633
882 851 892 853
882 854 892 856
882 933 914 933
883 37 915 37
883 77 893 79
883 89 915 89
883 90 915 90
883 96 910 96
883 104 915 104
883 107 915 107
883 128 915 128
883 155 915 155
883 156 915 156
883 192 915 192
883 215 893 217
883 233 915 233
883 277 915 277
883 300 915 300
883 301 915 301
883 339 915 339
883 353 893 355
883 376 893 378
883 379 893 381
883 382 915 382
881 400 913 400
883 473 915 473
883 474 915 474
883 475 915 475
883 480 915 480
883 657 915 657
883 744 915 744
883 759 915 759
883 770 893 772
883 773 898 774
883 803 915 803
883 804 915 804
883 805 915 805
883 812 915 812
883 829 915 829
883 873 907 873
883 899 915 899
883 908 915 908
883 978 915 978
884 20 916 20
884 51 916 51
884 61 916 61
884 93 916 93
884 106 916 106
884 109 916 109
884 159 916 159
884 174 916 174
884 279 916 279
884 325 916 325
883 330 915 330
884 337 916 337
884 442 916 442
884 443 916 443
884 467 916 467
884 544 916 544
884 546 916 546
884 562 916 562
884 609 916 609
884 626 916 626
880 645 912 645
884 694 916 694
884 705 894 707
884 714 916 714
884 801 916 801
882 841 914 841
884 915 916 915
885 0 917 0
885 6 917 6
885 7 917 7
885 80 895 82
885 108 917 108
885 138 895 140
885 172 917 172
885 173 917 173
885 282 917 282
885 283 917 283
885 351 917 351
885 484 917 484
885 504 900 505
885 532 917 532
885 557 895 559
885 569 895 571
885 572 917 572
885 573 917 573
885 628 917 628
885 629 917 629
885 674 917 674
885 792 900 793
885 802 917 802
885 843 917 843
885 885 917 885
885 904 917 904
885 924 895 926
885 954 895 956
885 980 895 982
886 36 918 36
886 40 918 40
886 64 918 64
886 73 918 73
886 116 896 118
885 124 917 124
886 152 918 152
886 187 918 187
886 270 918 270
886 318 896 320
886 335 918 335
886 344 918 344
886 350 918 350
886 357 896 359
886 395 896 397
886 399 918 399
886 547 918 547
886 556 918 556
886 578 918 578
886 579 918 579
886 582 918 582
884 621 916 621
886 631 918 631
886 715 918 715
886 857 918 857
886 870 918 870
886 894 918 894
886 964 901 965
887 21 919 21
887 41 897 43
887 150 919 150
887 238 897 240
887 245 919 245
887 297 919 297
887 321 897 323
887 367 897 369
887 370 897 372
887 415 914 415
887 495 919 495
887 693 919 693
887 764 919 764
887 787 919 787
887 788 919 788
887 825 894 828
887 916 919 916
887 917 919 917
887 983 919 983
887 984 919 984
888 105 920 105
888 234 898 236
888 237 920 237
888 292 920 292
888 383 898 385
888 425 898 427
888 429 898 431
888 506 898 508
888 541 920 541
888 542 920 542
888 623 920 623
888 635 920 635
888 636 920 636
888 637 920 637
888 642 903 643
888 665 920 665
888 679 920 679
888 680 920 680
888 736 898 738
888 760 920 760
888 761 920 761
888 794 898 796
888 808 920 808
888 809 920 809
888 821 920 821
888 822 920 822
888 832 920 832
888 897 920 897
888 958 898 960
888 987 920 987
889 4 921 4
889 76 921 76
889 131 921 131
889 145 899 147
889 148 921 148
889 153 921 153
889 163 921 163
889 194 899 196
889 197 921 197
889 218 899 220
889 221 899 223
889 250 899 252
889 255 921 255
889 327 914 327
883 328 914 328
889 334 918 334
889 387 921 387
889 388 921 388
889 441 921 441
889 499 899 501
889 533 921 533
889 603 921 603
889 833 899 835
889 846 921 846
889 864 921 864
889 877 921 877
889 961 899 963
889 968 899 970
889 971 921 971
890 22 922 22
890 39 922 39
890 69 900 71
887 189 919 189
890 191 922 191
890 210 922 210
890 261 922 261
890 305 922 305
890 314 922 314
890 392 922 392
890 407 900 409
890 410 922 410
890 417 922 417
890 469 900 471
890 472 915 472
890 591 922 591
890 593 922 593
890 690 922 690
890 733 922 733
890 815 922 815
890 816 922 816
890 837 922 837
890 838 922 838
890 845 922 845
890 867 922 867
889 884 920 884
890 886 922 886
890 893 922 893
890 993 922 993
890 994 922 994
890 995 900 997
891 12 921 12
891 31 901 33
891 48 923 48
891 63 923 63
888 95 920 95
891 115 923 115
891 166 923 166
891 169 923 169
891 271 901 273
891 332 923 332
891 356 923 356
891 403 901 405
891 518 923 518
891 519 923 519
891 525 923 525
891 529 901 531
891 545 920 545
891 612 923 612
891 682 923 682
891 691 923 691
891 711 901 713
891 726 901 728
891 781 923 781
891 810 923 810
891 811 923 811
891 859 901 861
891 880 923 880
891 890 901 892
891 927 901 929
891 930 906 931
891 938 901 940
891 952 923 952
892 2 924 2
892 92 924 92
892 171 924 171
892 179 924 179
892 204 902 206
892 214 924 214
892 258 902 260
892 315 923 315
892 360 902 362
888 389 920 389
892 390 924 390
892 412 924 412
892 420 924 420
892 421 924 421
892 444 924 444
888 452 895 455
892 486 902 488
892 492 924 492
892 555 924 555
892 567 922 567
892 627 924 627
892 646 902 648
892 649 924 649
892 653 924 653
892 672 924 672
892 683 924 683
892 708 924 708
892 709 924 709
892 710 924 710
892 732 922 732
892 749 902 751
892 800 924 800
892 881 902 883
893 17 903 19
893 83 925 83
893 84 925 84
893 85 900 88
893 110 925 110
893 164 925 164
893 165 925 165
893 265 925 265
893 364 925 364
893 366 925 366
893 373 903 375
893 391 925 391
893 520 925 520
893 564 903 566
893 584 925 584
893 585 925 585
893 587 925 587
893 622 925 622
893 675 925 675
893 676 908 677
893 699 925 699
893 734 925 734
893 767 903 769
893 775 925 775
893 776 925 776
893 817 925 817
893 851 925 851
893 852 903 854
893 855 925 855
893 856 925 856
893 878 925 878
893 879 925 879
893 887 903 889
893 912 925 912
889 951 921 951
893 972 925 972
893 998 925 998
894 77 904 79
904 98 919 99
894 151 926 151
894 193 926 193
894 215 904 217
891 241 923 241
894 338 926 338
894 353 904 355
894 376 904 378
894 379 904 381
894 476 926 476
894 509 926 509
894 515 926 515
894 600 926 600
894 601 926 601
894 658 926 658
894 668 926 668
894 702 926 702
894 703 926 703
894 740 926 740
894 770 904 772
894 806 926 806
894 985 926 985
891 992 923 992
895 132 927 132
895 170 927 170
906 182 927 182
895 208 927 208
895 243 927 243
895 253 927 253
895 312 927 312
895 336 927 336
895 341 926 341
895 343 927 343
895 386 927 386
895 436 903 438
895 447 927 447
895 485 927 485
895 513 927 513
895 514 926 514
895 598 927 598
895 662 927 662
895 701 927 701
895 705 905 707
895 721 927 721
895 762 927 762
895 763 927 763
895 825 905 827
895 828 927 828
895 896 927 896
895 943 927 943
896 80 906 82
896 138 928 138
896 139 928 139
896 140 928 140
896 167 928 167
896 224 928 224
896 225 928 225
896 316 928 316
896 317 928 317
896 424 928 424
887 439 902 440
896 452 928 452
896 453 911 454
896 455 928 455
896 490 928 490
896 557 906 559
896 569 906 571
896 604 928 604
896 606 928 606
896 607 928 607
896 619 928 619
896 695 928 695
896 704 928 704
896 719 928 719
896 731 928 731
896 765 928 765
896 830 928 830
896 911 928 911
896 924 906 926
896 954 906 956
896 980 906 982
896 989 928 989
897 23 907 25
897 30 929 30
897 102 929 102
897 116 907 118
897 119 912 120
895 181 905 183
897 231 929 231
897 232 929 232
897 306 929 306
897 318 929 318
897 319 929 319
897 320 929 320
897 357 907 359
897 393 929 393
897 395 907 397
897 398 929 398
897 402 929 402
897 422 924 422
897 423 929 423
897 483 929 483
897 491 928 491
897 524 929 524
897 538 929 538
897 539 929 539
897 580 929 580
897 581 929 581
897 630 926 630
897 650 929 650
897 659 929 659
897 669 929 669
897 670 929 670
897 743 929 743
897 807 929 807
897 849 929 849
897 863 929 863
897 919 929 919
897 921 929 921
897 957 929 957
898 10 930 10
898 41 908 43
898 103 930 103
896 123 928 123
898 185 930 185
898 186 930 186
898 212 930 212
898 213 930 213
898 238 913 239
898 240 930 240
898 321 908 323
898 348 930 348
898 367 908 369
898 370 908 372
898 418 913 419
898 435 930 435
898 666 930 666
898 687 930 687
898 910 930 910
899 46 931 46
899 47 931 47
899 54 931 54
899 97 923 97
890 98 903 99
899 113 931 113
899 129 924 129
899 134 931 134
899 135 931 135
899 141 931 141
899 160 931 160
899 234 909 236
899 289 931 289
899 290 929 290
899 291 931 291
899 383 909 385
899 425 909 427
899 428 909 430
899 431 931 431
899 432 931 432
899 456 931 456
899 457 931 457
899 465 931 465
899 506 909 508
899 543 931 543
899 588 931 588
899 638 909 640
899 641 931 641
899 671 931 671
899 686 930 686
899 736 914 737
899 738 931 738
899 773 931 773
899 774 931 774
899 782 931 782
899 794 909 796
899 876 923 876
899 953 931 953
899 958 909 960
900 145 910 147
900 194 910 196
900 218 910 220
900 221 932 221
900 222 932 222
900 223 932 223
900 250 910 252
900 266 932 266
900 267 932 267
900 278 932 278
900 294 915 295
900 302 932 302
900 304 932 304
900 329 932 329
900 340 926 340
897 411 929 411
900 462 932 462
900 464 932 464
900 499 910 501
900 523 932 523
900 590 932 590
900 608 931 608
900 663 932 663
900 684 932 684
900 685 932 685
900 747 932 747
900 778 932 778
900 833 910 835
900 842 932 842
900 895 932 895
900 913 932 913
900 948 932 948
900 949 932 949
900 961 910 963
900 966 932 966
900 968 910 970
901 1 933 1
901 69 911 71
901 85 933 85
901 86 911 88
901 111 933 111
901 130 933 130
901 142 933 142
901 157 933 157
901 161 916 162
901 175 933 175
901 184 933 184
901 198 933 198
901 199 933 199
901 211 933 211
901 249 933 249
901 254 933 254
901 349 933 349
901 407 911 409
901 469 911 471
901 494 933 494
901 505 933 505
901 512 933 512
901 596 933 596
901 597 933 597
901 688 933 688
901 689 933 689
901 723 933 723
901 792 933 792
901 793 933 793
901 862 933 862
901 995 911 997
902 31 912 33
902 44 934 44
902 49 934 49
902 57 934 57
902 58 934 58
902 67 934 67
902 68 934 68
902 74 934 74
902 94 934 94
902 149 934 149
902 188 934 188
902 271 912 273
902 284 934 284
902 331 934 331
902 345 933 345
902 403 912 405
902 459 934 459
902 466 934 466
902 521 934 521
902 522 934 522
902 529 912 531
902 537 934 537
902 548 934 548
899 552 931 552
902 692 934 692
902 698 934 698
902 711 912 713
902 726 912 728
902 742 934 742
902 756 934 756
902 859 912 861
902 890 912 892
902 927 912 929
902 938 912 940
902 964 934 964
902 965 934 965
902 988 928 988
903 38 935 38
900 75 932 75
903 100 935 100
903 204 913 206
903 207 935 207
903 227 935 227
903 228 935 228
901 247 933 247
903 258 913 260
903 274 935 274
903 275 935 275
903 333 935 333
903 360 913 362
903 440 932 440
903 486 913 488
903 493 935 493
903 535 935 535
903 574 935 574
903 575 935 575
903 583 935 583
903 586 935 586
903 624 935 624
903 646 912 648
903 655 935 655
903 749 913 751
900 791 932 791
903 868 935 868
903 869 935 869
903 881 913 883
903 923 935 923
903 935 935 935
903 936 935 936
904 17 936 17
904 18 936 18
904 19 936 19
904 114 936 114
904 144 936 144
904 176 936 176
904 177 936 177
904 190 936 190
904 226 936 226
904 263 936 263
904 264 936 264
904 352 936 352
904 373 914 375
904 436 911 439
904 460 936 460
904 461 936 461
904 463 936 463
904 478 936 478
904 479 925 479
904 504 936 504
904 510 936 510
904 511 933 511
904 564 914 566
904 611 936 611
904 617 936 617
904 642 936 642
904 643 936 643
904 681 936 681
904 735 936 735
904 767 936 767
904 768 936 768
904 769 936 769
904 798 936 798
904 799 936 799
903 820 935 820
904 852 914 854
904 887 914 889
904 902 936 902
904 903 936 903
904 906 936 906
904 907 936 907
904 932 936 932
904 934 936 934
905 26 937 26
905 77 915 79
905 143 937 143
905 215 937 215
905 216 937 216
905 217 937 217
905 353 915 355
905 376 915 378
905 379 915 381
905 446 937 446
905 553 937 553
905 632 937 632
905 634 937 634
905 654 937 654
905 656 937 656
905 660 937 660
905 697 937 697
905 718 937 718
905 724 937 724
905 725 937 725
905 752 937 752
905 754 937 754
905 757 937 757
905 770 937 770
905 771 937 771
905 772 937 772
905 813 937 813
905 823 937 823
905 872 937 872
905 901 937 901
905 946 937 946
906 13 921 14
906 91 938 91
906 180 921 181
906 183 938 183
906 406 938 406
906 448 938 448
906 477 938 477
906 496 938 496
906 497 938 497
906 502 938 502
906 526 938 526
906 589 938 589
906 678 938 678
906 705 916 707
906 739 938 739
906 746 938 746
906 785 938 785
906 786 938 786
906 818 938 818
905 819 937 819
906 824 938 824
906 825 916 827
907 11 939 11
907 29 939 29
907 80 917 82
907 200 939 200
907 268 939 268
907 310 939 310
907 489 939 489
907 551 939 551
907 557 917 559
907 560 939 560
907 561 939 561
907 568 922 569
907 570 932 570
907 571 939 571
907 576 939 576
907 614 939 614
907 615 939 615
907 644 928 644
907 720 939 720
907 745 939 745
907 748 939 748
907 753 939 753
907 783 939 783
907 814 939 814
907 858 939 858
907 905 939 905
907 924 917 926
907 930 922 931
907 941 939 941
907 945 939 945
907 950 939 950
907 954 917 956
907 980 917 982
908 15 940 15
908 16 940 16
908 23 940 23
908 24 940 24
908 25 937 25
908 116 918 118
908 122 940 122
908 154 940 154
908 262 940 262
908 357 918 359
908 395 940 395
908 397 940 397
908 445 940 445
908 498 940 498
908 550 940 550
908 610 940 610
908 613 940 613
908 625 940 625
908 661 940 661
908 673 940 673
908 784 938 784
908 789 940 789
908 850 940 850
908 937 940 937
908 974 940 974
909 8 941 8
909 9 941 9
909 27 941 27
909 28 941 28
909 41 919 43
909 55 941 55
909 72 941 72
909 101 941 101
909 248 933 248
909 296 941 296
909 298 924 299
909 321 919 323
909 324 941 324
909 367 919 369
909 370 919 372
909 414 941 414
909 458 941 458
909 468 941 468
909 540 941 540
909 554 941 554
909 602 939 602
909 652 941 652
909 676 936 676
909 874 923 875
909 900 941 900
909 914 941 914
909 942 941 942
909 973 940 973
909 979 941 979
910 56 942 56
910 126 942 126
910 127 942 127
910 201 942 201
910 202 942 202
910 203 942 203
910 209 942 209
910 234 918 236
910 256 942 256
910 257 942 257
910 276 942 276
910 383 920 385
910 425 942 425
910 426 942 426
910 427 942 427
910 428 920 430
910 506 920 508
910 516 942 516
910 517 942 517
910 527 942 527
910 638 920 640
910 696 942 696
910 722 942 722
910 780 942 780
910 790 942 790
910 794 920 796
910 797 942 797
910 920 942 920
910 958 920 960
910 975 920 977
911 65 943 65
911 66 943 66
911 145 921 147
911 194 921 196
911 218 921 220
911 242 943 242
911 250 921 252
911 288 943 288
911 303 943 303
911 307 943 307
911 347 943 347
911 363 943 363
911 481 943 481
911 499 921 501
911 534 943 534
911 536 943 536
911 605 943 605
911 664 943 664
911 716 943 716
911 717 943 717
911 755 943 755
911 758 943 758
911 777 943 777
911 779 943 779
911 833 921 835
911 898 943 898
911 909 943 909
911 944 943 944
911 961 921 963
911 968 921 970
911 990 932 990
911 991 943 991
912 52 944 52
912 53 944 53
912 69 922 71
912 86 922 88
912 112 944 112
912 121 944 121
912 125 944 125
911 158 943 158
912 178 944 178
912 229 927 230
912 269 944 269
912 293 944 293
912 308 944 308
912 309 944 309
912 346 943 346
912 407 944 407
912 408 944 408
912 436 922 438
912 454 944 454
912 469 922 471
912 482 944 482
912 563 944 563
912 592 944 592
912 594 944 594
912 595 944 595
912 616 944 616
912 618 944 618
912 620 944 620
912 667 944 667
912 840 944 840
912 871 944 871
912 967 944 967
912 995 922 997
913 5 945 5
913 31 923 33
913 59 945 59
913 60 945 60
913 119 942 119
913 120 942 120
913 133 945 133
913 271 923 273
913 285 945 285
913 313 945 313
913 403 923 405
913 416 945 416
913 528 923 530
913 531 945 531
913 645 919 648
913 711 923 713
913 726 923 728
913 730 945 730
913 741 945 741
913 831 945 831
913 844 945 844
913 847 945 847
913 848 945 848
913 859 923 861
913 865 945 865
913 866 945 866
913 890 923 892
913 927 945 927
913 929 945 929
913 938 923 940
913 999 945 999
914 3 946 3
914 34 946 34
914 35 946 35
914 45 946 45
914 168 946 168
914 204 924 206
914 238 946 238
914 239 946 239
914 244 946 244
914 246 943 246
914 258 924 260
914 360 924 362
914 365 946 365
914 400 946 400
914 413 946 413
914 418 924 419
914 433 946 433
914 434 946 434
914 439 946 439
914 449 924 451
914 486 924 488
914 503 946 503
914 549 946 549
914 577 946 577
914 651 946 651
914 700 946 700
914 729 946 729
914 749 924 751
914 836 946 836
914 839 944 839
914 881 946 881
914 882 946 882
914 918 946 918
914 922 946 922
914 947 946 947
914 986 946 986
915 50 947 50
915 62 947 62
915 136 947 136
915 137 947 137
915 280 947 280
915 281 947 281
915 286 947 286
915 287 947 287
915 326 925 328
915 342 947 342
915 373 925 375
914 394 946 394
915 401 947 401
915 453 947 453
915 564 925 566
915 599 947 599
915 633 947 633
915 736 947 736
915 737 947 737
915 766 947 766
915 852 925 854
915 887 947 887
915 888 930 889
915 933 947 933
916 37 946 37
916 77 926 79
916 89 948 89
916 90 948 90
911 96 943 96
916 104 948 104
916 107 948 107
916 128 942 128
916 155 948 155
916 156 948 156
916 192 948 192
916 277 948 277
916 294 948 294
916 295 948 295
916 300 948 300
916 301 948 301
916 311 948 311
916 330 948 330
916 339 948 339
916 353 923 355
916 376 926 378
916 379 948 379
916 380 926 382
916 396 948 396
916 472 923 475
916 657 948 657
916 744 948 744
916 759 948 759
916 803 926 805
916 812 948 812
916 829 948 829
916 841 948 841
908 873 940 873
916 899 948 899
916 908 948 908
916 978 948 978
917 20 949 20
917 51 949 51
917 61 949 61
917 93 949 93
917 106 949 106
917 109 949 109
917 159 949 159
917 161 931 162
917 174 949 174
917 279 949 279
917 337 949 337
917 409 949 409
917 442 949 442
917 443 949 443
917 544 949 544
917 546 949 546
917 562 949 562
917 609 949 609
917 621 949 621
917 626 949 626
917 694 949 694
917 705 927 707
917 714 949 714
917 801 949 801
917 825 927 827
917 915 949 915
918 0 950 0
918 6 950 6
918 7 950 7
918 80 928 82
918 108 950 108
918 124 950 124
918 172 949 172
918 173 949 173
918 282 950 282
918 283 950 283
918 351 950 351
918 484 950 484
918 532 950 532
918 557 950 557
918 558 950 558
918 559 950 559
918 572 933 573
918 628 933 629
918 674 950 674
918 802 950 802
918 843 950 843
918 885 950 885
918 904 950 904
918 924 928 926
918 954 928 956
918 980 928 982
919 36 946 36
919 40 951 40
919 64 951 64
919 73 951 73
919 116 929 118
919 152 951 152
919 187 951 187
919 233 926 236
919 270 951 270
919 334 934 335
919 344 951 344
919 350 951 350
919 357 929 359
919 399 951 399
919 547 951 547
919 556 951 556
919 578 951 578
919 579 951 579
919 582 951 582
919 715 951 715
919 857 951 857
919 870 951 870
919 894 951 894
920 21 952 21
920 41 930 43
920 150 946 150
920 189 952 189
920 245 951 245
920 297 952 297
920 321 930 323
920 367 930 369
920 370 930 372
915 415 947 415
920 495 952 495
920 693 952 693
920 764 952 764
920 787 952 787
920 788 952 788
920 916 952 916
920 917 952 917
920 983 952 983
920 984 947 984
921 95 953 95
921 105 953 105
921 237 953 237
921 292 953 292
921 383 931 385
921 389 953 389
921 428 931 430
921 506 931 508
921 541 953 541
921 542 953 542
921 623 953 623
921 635 931 637
921 638 931 640
920 645 927 648
921 665 953 665
921 679 936 680
921 760 953 760
921 761 953 761
921 794 931 796
921 808 953 808
921 809 953 809
921 821 953 821
921 822 953 822
921 832 953 832
921 883 936 884
921 897 953 897
921 958 931 960
921 976 953 976
921 977 953 977
922 4 954 4
922 12 937 13
922 14 954 14
922 76 954 76
922 131 954 131
922 145 932 147
922 148 954 148
922 153 954 153
922 163 954 163
922 180 954 180
922 181 954 181
922 194 932 196
922 197 954 197
922 218 932 220
922 250 932 252
922 255 954 255
922 387 954 387
922 388 954 388
922 441 954 441
922 499 932 501
922 533 954 533
922 603 954 603
922 833 932 835
922 846 954 846
922 864 954 864
922 877 954 877
922 951 954 951
922 961 932 963
922 968 932 970
922 971 952 971
923 22 955 22
923 39 955 39
923 69 933 71
923 86 933 88
923 191 955 191
923 210 955 210
923 261 955 261
923 305 955 305
923 314 955 314
923 392 955 392
923 410 955 410
923 417 955 417
923 436 933 438
923 467 955 467
923 469 933 471
933 568 955 568
923 567 932 569
923 591 955 591
923 593 955 593
923 690 955 690
923 732 938 733
923 815 955 815
923 816 955 816
923 837 955 837
923 838 955 838
923 845 955 845
923 867 955 867
923 886 955 886
923 893 955 893
923 930 955 930
923 931 955 931
923 993 933 995
923 996 955 996
923 997 955 997
924 31 934 32
924 48 956 48
924 63 956 63
924 97 939 98
924 115 956 115
924 166 956 166
924 169 956 169
924 241 956 241
924 271 934 273
924 332 956 332
924 353 931 356
924 403 934 405
924 472 931 475
924 518 956 518
924 519 956 519
924 525 956 525
924 528 934 530
921 545 953 545
924 612 956 612
924 682 956 682
924 691 956 691
924 711 934 713
924 726 934 728
924 781 956 781
924 810 956 810
924 811 956 811
924 859 934 861
924 880 956 880
924 890 934 892
924 928 956 928
924 938 934 940
924 952 956 952
924 975 956 975
924 992 956 992
925 2 957 2
925 92 957 92
925 171 949 171
925 179 957 179
925 204 935 206
925 214 957 214
925 258 935 260
925 298 957 298
925 299 957 299
924 315 956 315
925 360 935 362
925 390 957 390
925 412 957 412
931 420 957 420
931 421 957 421
925 444 957 444
925 449 935 451
925 486 935 488
925 492 957 492
925 555 957 555
925 627 957 627
925 649 957 649
925 653 957 653
925 672 957 672
925 683 957 683
925 708 935 710
925 749 935 751
925 800 949 800
924 874 934 876
926 83 958 83
926 84 958 84
926 110 958 110
926 164 958 164
926 165 956 165
926 265 958 265
926 326 936 328
926 364 958 364
926 366 958 366
926 373 935 375
926 391 958 391
926 479 941 480
926 520 958 520
926 564 936 566
926 584 958 584
926 585 958 585
926 587 958 587
926 622 958 622
926 675 958 675
926 677 958 677
926 699 958 699
926 734 958 734
926 775 958 775
926 776 958 776
926 817 958 817
926 851 936 853
926 854 936 856
926 878 958 878
926 879 958 879
926 912 958 912
926 972 958 972
926 998 958 998
927 77 937 79
927 99 959 99
927 151 956 151
927 193 959 193
927 233 937 235
927 236 959 236
927 338 959 338
927 376 937 378
927 380 937 382
927 476 959 476
927 509 953 509
938 515 959 515
927 600 959 600
927 601 959 601
927 630 942 631
927 658 959 658
927 668 959 668
927 702 959 702
927 703 959 703
927 740 959 740
927 803 937 805
927 806 959 806
927 985 959 985
928 132 960 132
928 170 960 170
928 182 960 182
928 208 960 208
928 229 943 230
928 243 960 243
928 253 956 253
928 312 960 312
928 336 960 336
927 340 942 341
928 343 953 343
928 386 960 386
928 447 960 447
928 485 960 485
928 513 960 513
927 514 937 515
928 598 960 598
928 646 938 648
928 662 960 662
928 701 960 701
928 705 938 707
928 721 960 721
928 762 960 762
928 763 960 763
928 825 938 827
928 828 960 828
928 896 960 896
928 943 960 943
929 80 939 82
929 123 961 123
929 138 939 140
929 167 961 167
929 224 961 224
929 225 961 225
929 316 961 316
929 317 961 317
929 424 954 424
929 452 961 452
929 455 961 455
929 490 944 491
929 604 961 604
929 606 961 606
929 607 961 607
929 619 961 619
929 644 944 645
929 695 961 695
929 704 961 704
929 719 961 719
929 731 957 731
929 765 958 765
929 830 961 830
929 911 961 911
929 924 939 926
929 954 939 956
929 980 939 982
929 987 944 988
930 30 962 30
930 116 940 118
930 231 962 231
930 232 962 232
930 306 962 306
930 318 940 320
930 357 940 359
930 393 962 393
930 398 953 398
930 402 962 402
930 411 962 411
925 418 930 422
930 423 954 423
930 483 962 483
930 524 962 524
930 538 962 538
930 539 962 539
930 580 958 580
930 581 962 581
930 650 957 650
930 659 962 659
930 669 962 669
930 670 962 670
930 743 962 743
930 807 962 807
930 849 962 849
930 863 962 863
930 919 962 919
930 921 962 921
930 957 962 957
931 10 963 10
931 41 941 43
931 102 946 103
931 185 963 185
931 186 963 186
931 212 963 212
931 213 963 213
931 240 963 240
931 321 962 321
931 322 962 322
931 323 963 323
931 325 963 325
931 348 963 348
931 367 941 369
931 370 941 372
931 419 963 419
931 435 963 435
931 666 963 666
931 686 946 687
931 888 963 888
931 889 963 889
931 910 963 910
932 46 964 46
932 47 964 47
932 54 964 54
932 113 964 113
925 129 957 129
932 134 964 134
932 135 964 135
932 141 964 141
932 160 942 162
932 289 964 289
930 290 962 290
932 291 964 291
932 353 942 355
932 356 962 356
932 383 942 385
932 428 942 430
932 431 964 431
932 432 964 432
932 456 964 456
932 457 964 457
932 465 964 465
932 472 939 475
932 506 942 508
932 543 964 543
932 552 964 552
932 588 964 588
932 635 942 637
932 638 942 640
932 641 964 641
932 671 964 671
932 738 964 738
932 773 964 773
932 774 964 774
932 782 964 782
932 794 942 796
932 953 964 953
932 958 942 960
933 75 965 75
933 145 943 147
933 194 943 196
933 218 943 220
933 221 943 223
933 251 944 252
933 266 965 266
933 267 965 267
933 278 965 278
933 302 965 302
933 304 965 304
933 329 965 329
933 462 965 462
933 464 965 464
933 499 943 501
933 523 965 523
933 567 965 567
933 569 948 570
933 590 960 590
932 608 964 608
933 663 965 663
933 684 965 684
933 685 965 685
933 747 965 747
933 778 965 778
933 791 965 791
933 833 942 835
933 842 965 842
933 895 965 895
933 913 965 913
933 948 965 948
933 949 965 949
933 961 964 961
933 962 965 962
933 963 965 963
933 966 965 966
933 968 943 970
933 989 948 990
934 1 966 1
934 69 944 71
934 85 966 85
934 86 944 88
934 111 966 111
934 130 966 130
934 142 966 142
934 157 966 157
934 175 966 175
934 184 966 184
934 198 966 198
934 199 966 199
934 211 966 211
934 247 943 249
934 254 966 254
934 349 966 349
934 436 944 438
934 469 944 471
934 494 966 494
934 505 956 505
934 511 949 512
934 572 949 573
934 596 966 596
934 597 966 597
934 628 949 629
934 688 966 688
934 689 966 689
934 723 966 723
934 792 966 792
934 793 966 793
934 862 966 862
934 993 944 995
935 31 967 31
935 32 967 32
924 33 956 33
935 44 967 44
935 49 967 49
935 57 967 57
935 58 967 58
935 67 967 67
935 68 967 68
935 74 964 74
935 94 967 94
935 149 967 149
935 188 967 188
935 271 945 273
935 284 967 284
935 331 967 331
935 334 967 334
935 335 967 335
934 345 966 345
935 403 945 405
935 459 967 459
935 466 967 466
935 521 967 521
935 522 967 522
935 528 945 530
935 537 967 537
935 548 967 548
935 692 967 692
935 698 967 698
935 711 945 713
935 726 945 728
935 742 967 742
935 756 967 756
935 859 945 861
935 874 967 874
935 876 967 876
935 890 945 892
935 938 945 940
935 964 965 964
935 965 963 965
936 38 968 38
936 100 968 100
936 204 946 206
936 207 968 207
936 227 968 227
936 228 968 228
936 258 946 260
936 274 968 274
936 275 968 275
936 333 967 333
936 360 946 362
936 418 968 418
933 440 965 440
936 449 946 451
936 486 945 488
936 493 966 493
936 535 968 535
936 574 968 574
936 575 968 575
936 583 968 583
936 586 961 586
936 624 968 624
936 655 968 655
936 708 946 710
936 749 946 751
936 820 968 820
936 868 968 868
936 869 968 869
936 923 968 923
936 935 968 935
936 936 968 936
937 17 947 19
937 114 969 114
937 144 969 144
937 176 969 176
937 177 969 177
937 190 958 190
937 226 968 226
937 263 969 263
937 264 969 264
937 326 947 328
937 352 969 352
936 373 946 375
937 460 969 460
937 461 967 461
937 463 969 463
937 478 962 478
937 504 969 504
937 510 969 510
937 564 947 566
937 611 969 611
937 617 969 617
937 642 969 642
937 643 969 643
937 679 947 681
937 735 969 735
937 767 947 769
937 798 965 798
937 799 965 799
937 851 947 853
937 854 947 856
937 883 969 883
937 884 969 884
937 902 969 902
937 903 969 903
937 906 969 906
937 907 969 907
937 932 969 932
937 934 968 934
938 12 970 12
938 25 953 26
938 77 948 79
938 143 969 143
938 215 948 217
938 233 948 235
938 376 948 378
938 380 948 382
938 446 970 446
938 553 970 553
938 632 970 632
938 634 970 634
938 654 968 654
938 656 970 656
938 660 970 660
938 697 970 697
938 724 970 724
938 725 970 725
938 752 970 752
938 754 970 754
938 757 970 757
938 770 948 772
938 803 948 805
938 813 970 813
938 819 970 819
938 823 970 823
938 872 970 872
938 875 970 875
938 901 969 901
938 946 966 946
939 91 971 91
939 183 971 183
939 406 971 406
939 448 971 448
939 477 962 477
939 496 971 496
939 497 971 497
939 502 971 502
939 514 971 514
939 526 971 526
939 589 971 589
939 646 949 648
939 678 970 678
939 705 949 707
939 718 971 718
939 732 971 732
939 739 971 739
939 746 971 746
939 785 971 785
939 786 971 786
939 818 962 818
939 824 970 824
939 825 949 827
940 11 970 11
940 29 972 29
940 80 950 82
940 97 972 97
940 98 972 98
940 138 950 140
940 200 968 200
940 268 972 268
940 310 972 310
940 472 950 474
940 475 971 475
940 551 972 551
940 560 972 560
940 561 972 561
940 571 972 571
940 576 972 576
940 614 972 614
940 615 972 615
940 720 972 720
940 745 972 745
940 748 972 748
940 753 970 753
940 783 972 783
940 814 970 814
940 858 972 858
940 905 972 905
940 924 950 926
940 941 972 941
940 945 968 945
940 950 972 950
940 954 950 956
940 980 950 982
941 15 973 15
941 16 973 16
941 23 973 23
941 24 973 24
941 116 970 116
941 117 972 117
941 118 973 118
941 122 973 122
941 154 973 154
941 262 972 262
941 318 951 320
941 357 951 359
941 395 973 395
941 397 973 397
941 422 973 422
941 445 970 445
941 498 969 498
941 550 972 550
941 610 973 610
941 613 970 613
941 625 968 625
941 661 970 661
941 673 973 673
939 784 971 784
941 789 963 789
941 850 973 850
941 873 970 873
941 937 973 937
942 8 974 8
942 9 974 9
942 27 974 27
942 28 972 28
942 41 952 43
942 55 974 55
942 72 969 72
942 101 974 101
942 296 974 296
942 324 965 324
942 367 952 369
942 370 952 372
942 414 974 414
942 458 972 458
942 468 972 468
942 479 973 479
942 480 974 480
942 540 969 540
942 554 974 554
940 602 972 602
942 652 974 652
937 676 969 676
942 900 974 900
942 914 974 914
942 942 972 942
941 973 973 973
942 979 974 979
943 56 974 56
943 126 965 126
943 127 958 128
943 160 953 162
943 201 953 203
943 209 971 209
943 256 975 256
943 257 975 257
943 276 975 276
943 340 975 340
943 341 975 341
943 353 953 355
943 383 953 385
943 425 953 427
943 428 953 430
943 506 953 508
943 516 975 516
943 517 975 517
943 527 971 527
943 630 975 630
943 631 975 631
943 635 953 637
943 638 953 640
943 696 975 696
943 722 971 722
943 780 975 780
943 790 967 790
943 794 953 796
943 797 972 797
943 920 970 920
943 958 953 960
944 65 976 65
944 66 976 66
944 96 976 96
944 145 954 147
944 158 976 158
944 194 976 194
944 195 976 195
944 196 976 196
944 218 954 220
944 221 954 223
944 229 976 229
944 230 976 230
944 242 976 242
933 250 965 250
945 251 976 251
944 288 976 288
944 303 976 303
944 307 976 307
944 347 976 347
944 363 976 363
944 481 974 481
944 499 954 501
944 534 972 534
944 536 976 536
944 605 976 605
944 664 976 664
944 716 959 717
944 755 976 755
944 758 976 758
944 777 976 777
944 779 975 779
943 833 953 835
944 898 974 898
944 909 976 909
944 944 974 944
944 968 954 970
944 991 973 991
945 52 977 52
945 53 977 53
945 69 977 69
945 70 960 71
945 86 955 88
945 112 977 112
945 121 973 121
945 125 976 125
945 178 977 178
944 246 951 249
945 252 977 252
945 269 972 269
945 293 977 293
945 308 976 308
945 309 976 309
944 346 976 346
945 407 973 407
945 436 955 438
945 454 977 454
945 469 955 471
945 482 977 482
945 490 977 490
945 491 977 491
945 563 977 563
945 592 977 592
945 594 977 594
945 595 977 595
945 616 972 616
945 618 977 618
945 620 973 620
945 644 975 644
945 645 975 645
945 667 975 667
945 840 977 840
945 871 977 871
945 967 974 967
945 974 977 974
945 987 977 987
945 988 977 988
945 993 955 995
946 5 978 5
946 59 978 59
946 60 978 60
943 119 958 120
946 133 977 133
946 271 956 273
946 285 978 285
946 313 978 313
946 403 978 403
946 404 978 404
946 405 978 405
946 416 978 416
946 486 953 489
946 528 956 530
946 531 978 531
946 711 956 713
946 726 956 728
946 730 978 730
946 733 978 733
946 741 974 741
946 844 978 844
946 847 978 847
946 848 978 848
946 859 956 861
946 865 978 865
946 866 978 866
946 890 956 892
946 927 977 927
946 929 975 929
946 938 956 940
947 3 979 3
947 34 976 34
947 35 957 37
947 45 977 45
947 103 979 103
947 168 979 168
947 204 957 206
947 238 979 238
947 239 979 239
947 244 979 244
947 258 957 260
947 360 957 362
947 365 975 365
947 373 962 374
947 375 979 375
947 394 970 394
947 400 979 400
947 413 974 413
947 433 979 433
947 434 979 434
947 439 977 439
947 449 957 451
947 503 974 503
947 549 979 549
947 577 972 577
947 651 974 651
947 686 975 686
947 700 971 700
947 708 957 710
947 729 978 729
947 749 957 751
947 831 979 831
947 836 979 836
945 839 977 839
947 881 979 881
947 882 979 882
947 918 977 918
947 922 977 922
947 947 979 947
947 986 972 986
947 999 979 999
948 17 958 19
948 50 970 50
948 62 980 62
948 136 980 136
948 137 980 137
948 280 980 280
948 281 980 281
948 286 978 286
948 287 976 287
948 326 958 328
948 342 977 342
948 401 979 401
948 415 978 415
948 453 978 453
948 564 958 566
948 599 980 599
948 679 958 681
948 736 975 736
948 737 980 737
948 766 958 768
948 769 980 769
948 851 958 853
948 854 958 856
948 887 970 887
948 933 977 933
949 13 981 13
949 77 959 79
949 89 981 89
949 90 981 90
949 104 979 104
949 107 981 107
949 155 981 155
949 156 981 156
949 192 981 192
949 215 959 217
949 233 959 235
949 277 975 277
949 294 977 294
949 295 981 295
949 300 981 300
949 301 981 301
949 311 976 311
949 330 977 330
949 339 981 339
949 376 959 378
949 379 959 381
949 382 979 382
949 396 981 396
949 408 981 408
949 569 981 569
949 570 981 570
949 657 971 657
949 744 976 744
949 759 981 759
949 770 959 772
949 803 959 805
949 812 981 812
949 829 981 829
949 841 975 841
949 899 974 899
949 908 976 908
949 978 974 978
949 989 981 989
949 990 981 990
950 20 982 20
950 51 982 51
950 61 980 61
950 93 974 93
950 106 981 106
950 109 982 109
950 159 976 159
950 171 957 174
950 279 977 279
950 337 982 337
950 409 981 409
950 442 982 442
950 443 982 443
950 511 982 511
950 512 982 512
950 544 971 544
950 546 982 546
950 562 977 562
950 572 982 572
950 573 982 573
950 609 982 609
950 621 982 621
950 626 982 626
950 629 974 629
950 646 960 648
950 694 982 694
950 705 960 707
950 714 981 714
950 800 965 801
950 825 982 825
950 826 982 826
950 827 982 827
950 915 982 915
951 0 983 0
951 6 978 6
951 7 983 7
951 80 961 82
951 108 982 108
951 124 976 124
951 138 961 140
951 282 983 282
951 283 983 283
951 351 983 351
951 472 961 474
951 484 983 484
951 532 978 532
951 557 961 559
951 674 977 674
951 843 978 843
951 885 983 885
951 904 980 904
951 924 961 926
951 954 961 956
951 980 961 982
952 40 984 40
952 64 984 64
952 73 973 73
952 102 984 102
952 152 984 152
952 187 976 187
952 246 983 246
952 247 984 247
952 248 984 248
952 249 984 249
952 318 962 320
952 344 984 344
952 350 983 350
952 357 962 359
952 547 982 547
952 556 984 556
952 578 976 578
952 582 983 582
952 715 981 715
952 802 984 802
952 857 984 857
952 870 982 870
952 894 984 894
953 21 982 21
953 41 963 43
947 150 979 150
952 245 983 245
953 297 975 297
953 367 985 367
953 368 963 370
953 371 985 371
953 372 985 372
953 495 982 495
953 693 982 693
953 764 977 764
953 787 977 787
953 916 982 916
953 917 985 917
953 983 980 983
948 984 980 984
954 25 986 25
954 95 986 95
954 105 979 105
954 160 964 162
954 201 986 201
954 202 986 202
954 203 986 203
954 237 986 237
954 292 986 292
954 353 964 355
954 383 964 385
954 389 986 389
954 398 969 399
954 425 964 427
954 428 964 430
954 486 961 489
954 507 964 509
954 541 986 541
954 542 986 542
954 545 986 545
954 623 982 623
954 635 964 637
954 638 964 640
954 665 986 665
954 760 981 760
954 761 986 761
954 794 964 796
954 808 986 808
954 809 986 809
954 821 986 821
954 822 986 822
954 832 964 834
954 835 979 835
954 897 986 897
954 958 964 960
954 976 986 976
954 977 986 977
955 4 979 4
955 14 987 14
955 76 987 76
955 131 987 131
955 145 965 147
955 148 987 148
955 153 985 153
955 163 985 163
955 180 987 180
955 181 987 181
955 197 987 197
955 218 965 220
955 221 965 223
955 255 987 255
955 387 986 387
955 388 986 388
955 441 987 441
955 499 965 501
955 533 987 533
955 603 987 603
955 846 987 846
955 864 978 864
955 877 987 877
955 951 984 951
955 968 965 970
953 971 985 971
956 22 982 22
956 39 988 39
956 86 966 88
956 191 981 191
956 210 988 210
956 261 977 261
956 305 988 305
956 314 978 314
956 392 988 392
956 410 988 410
956 417 988 417
956 436 966 438
956 467 988 467
956 469 966 471
956 568 988 568
956 591 988 591
956 593 988 593
956 690 987 690
956 815 986 815
956 816 984 816
956 837 979 837
956 838 988 838
956 845 978 845
956 867 988 867
956 893 984 893
956 930 987 930
956 931 987 931
956 993 988 993
956 994 988 994
956 995 988 995
956 996 988 996
956 997 988 997
957 48 989 48
957 63 987 63
957 115 989 115
957 166 989 166
957 169 987 169
957 241 978 241
957 271 967 273
957 315 989 315
957 332 989 332
957 505 972 506
957 518 989 518
957 519 989 519
957 525 987 525
957 528 967 530
957 612 989 612
957 628 989 628
957 682 989 682
957 691 987 691
957 711 967 713
957 726 967 728
957 781 989 781
957 810 986 810
957 811 981 811
957 859 967 861
957 880 987 880
957 890 967 892
957 928 989 928
957 938 967 940
957 952 984 952
957 975 986 975
957 992 989 992
958 2 990 2
958 35 968 37
958 92 990 92
958 129 982 129
958 171 965 173
958 174 990 174
958 179 987 179
958 204 968 206
958 214 990 214
958 258 968 260
958 298 986 298
958 299 986 299
958 360 990 360
958 361 990 361
958 362 990 362
958 390 988 390
958 412 988 412
958 420 987 420
958 421 987 421
958 444 986 444
958 449 968 451
958 492 987 492
958 555 990 555
958 627 990 627
958 649 973 650
958 653 989 653
958 672 990 672
958 683 990 683
958 687 990 687
958 708 968 710
958 749 968 751
959 17 969 19
959 83 988 83
959 84 988 84
959 110 991 110
959 120 990 120
959 164 985 164
957 165 989 165
959 189 974 190
959 265 990 265
959 326 969 328
959 364 980 364
959 366 985 366
959 391 988 391
959 520 983 520
959 564 969 566
959 579 974 580
959 584 991 584
959 585 991 585
959 622 991 622
959 675 991 675
959 677 991 677
959 679 969 681
959 699 991 699
959 734 984 734
959 767 969 768
959 775 986 775
959 776 986 776
959 817 984 817
959 851 988 851
959 852 988 852
959 853 969 855
959 856 988 856
959 878 987 878
959 879 987 879
959 912 991 912
959 972 991 972
959 998 990 998
960 26 992 26
960 33 992 33
960 77 970 79
960 99 988 99
960 119 992 119
957 151 983 151
960 193 987 193
960 215 970 217
960 233 970 235
960 236 987 236
960 338 984 338
960 376 970 378
960 379 970 381
960 515 992 515
960 600 983 600
960 601 983 601
960 633 992 633
960 658 987 658
960 668 992 668
960 702 992 702
960 703 992 703
960 716 975 717
960 740 992 740
960 770 970 772
960 803 970 805
960 806 991 806
960 985 992 985
961 70 993 70
961 71 993 71
961 182 993 182
961 208 993 208
961 243 993 243
957 253 985 253
961 312 993 312
961 336 982 336
954 343 984 343
961 386 993 386
961 447 993 447
961 513 993 513
961 598 993 598
961 646 971 648
961 662 993 662
961 701 993 701
961 705 971 707
961 721 993 721
961 762 993 762
961 763 993 763
961 896 986 896
961 943 993 943
962 80 972 82
962 123 990 123
962 138 972 140
962 167 994 167
962 224 990 224
962 225 990 225
962 316 992 316
962 317 992 317
971 424 994 424
962 452 990 452
962 455 994 455
962 472 972 474
962 485 967 489
962 557 972 559
962 586 977 587
962 604 987 604
962 606 994 606
962 607 994 607
962 619 985 619
962 695 994 695
962 704 992 704
962 719 994 719
958 731 990 731
959 765 973 766
962 830 994 830
962 911 991 911
962 924 969 926
962 954 972 956
962 980 972 982
963 30 985 30
963 231 992 231
963 232 992 232
963 290 995 290
963 306 995 306
963 318 994 318
963 319 994 319
963 320 973 322
963 356 973 358
963 359 990 359
963 373 994 373
963 374 994 374
963 393 995 393
963 402 995 402
963 411 988 411
955 423 970 424
963 476 973 478
963 483 984 483
963 524 994 524
963 538 989 538
963 539 995 539
963 581 995 581
963 659 995 659
963 669 990 669
963 670 990 670
963 743 995 743
963 807 991 807
963 849 995 849
963 863 989 863
963 919 995 919
963 921 995 921
963 957 994 957
964 10 991 10
964 41 974 43
964 185 996 185
964 186 996 186
964 212 991 212
964 213 991 213
964 240 993 240
964 323 994 323
964 348 991 348
964 368 974 370
964 419 990 419
964 435 991 435
964 666 996 666
964 788 979 789
964 828 996 828
964 888 996 888
964 889 996 889
964 910 991 910
965 46 989 46
965 47 989 47
965 54 989 54
965 113 997 113
965 134 997 134
965 135 997 135
965 141 997 141
965 160 975 162
965 270 997 270
965 289 997 289
965 291 997 291
965 325 997 325
965 353 975 355
965 383 975 385
965 425 975 427
965 428 975 430
965 431 997 431
965 432 991 432
965 456 994 456
965 457 994 457
965 465 991 465
965 507 975 509
965 543 997 543
965 552 997 552
965 588 997 588
965 608 997 608
965 635 975 637
965 638 975 640
965 641 997 641
965 671 990 671
965 738 997 738
965 773 990 773
965 774 990 774
965 782 994 782
965 794 975 796
965 832 997 832
965 834 990 834
965 953 994 953
965 958 997 958
965 959 975 961
966 75 998 75
966 126 976 128
966 145 976 147
966 170 973 172
966 218 976 220
966 221 976 223
966 250 998 250
966 266 990 266
966 267 990 267
966 278 990 278
966 302 998 302
966 304 998 304
966 329 998 329
966 462 998 462
966 464 991 464
966 499 976 501
966 523 994 523
966 567 994 567
961 590 993 590
966 663 998 663
966 684 997 684
966 685 997 685
966 747 998 747
966 778 998 778
966 791 995 791
974 800 999 800
966 798 973 801
966 842 998 842
966 895 998 895
966 913 998 913
966 948 998 948
966 949 998 949
966 962 994 962
966 963 981 964
966 966 998 966
966 968 976 970
967 1 996 1
967 85 977 87
967 88 999 88
967 111 995 111
967 130 993 130
967 132 999 132
967 142 999 142
967 157 988 157
967 175 992 175
967 184 999 184
967 198 999 198
967 199 999 199
967 211 991 211
967 254 999 254
967 345 999 345
967 349 991 349
967 436 977 438
967 469 999 469
967 471 999 471
967 493 982 494
967 596 999 596
967 597 999 597
967 688 997 688
967 689 999 689
967 723 999 723
967 792 995 792
967 793 995 793
967 862 989 862
968 31 983 32
968 44 997 44
968 49 999 49
968 57 983 58
968 67 983 68
965 74 997 74
968 94 999 94
968 149 999 149
968 188 994 188
968 271 978 273
968 284 999 284
968 331 995 331
968 333 978 335
968 459 999 459
968 466 991 466
968 521 983 522
968 528 978 530
968 537 989 537
968 548 990 548
968 692 999 692
968 698 997 698
968 711 977 713
968 726 978 728
968 742 999 742
968 756 999 756
968 859 978 861
968 874 999 874
968 876 995 876
968 890 978 892
968 938 978 940
964 965 996 965
969 35 976 38
969 100 999 100
969 204 979 206
969 207 999 207
969 226 979 228
969 258 984 259
969 260 999 260
969 274 984 275
969 418 990 418
969 449 979 451
969 485 974 489
969 535 999 535
969 574 984 575
969 624 982 625
969 654 984 655
969 708 979 710
969 749 979 751
969 820 997 820
969 868 984 869
969 934 979 936
970 17 980 19
970 114 999 114
970 143 985 144
970 176 985 177
970 263 984 264
970 326 980 328
970 352 999 352
970 399 999 399
970 460 999 460
968 461 999 461
970 463 999 463
970 504 999 504
970 510 991 510
970 564 980 566
970 611 998 611
970 617 998 617
970 642 985 643
970 676 997 676
970 679 980 681
970 735 999 735
970 767 985 768
970 853 980 855
970 883 983 884
970 901 980 903
970 906 985 907
970 923 977 926
970 932 999 932
971 11 981 12
971 77 981 79
971 215 981 217
971 233 981 235
971 376 979 378
971 379 979 381
971 445 986 446
971 553 999 553
971 632 995 632
971 634 995 634
971 660 986 661
971 697 997 697
971 724 986 725
971 752 981 754
971 757 999 757
971 770 980 772
971 803 981 805
971 813 986 814
971 819 997 819
971 823 986 824
971 872 986 873
971 875 995 875
971 886 986 887
967 946 999 946
972 91 999 91
972 183 999 183
972 406 999 406
972 448 999 448
972 496 987 497
972 502 999 502
972 514 996 514
972 526 987 527
972 589 999 589
972 646 982 648
972 656 987 657
971 678 997 678
972 705 981 707
972 718 999 718
972 732 999 732
972 739 999 739
972 746 999 746
972 784 982 786
963 818 995 818
973 28 987 29
973 80 983 82
973 97 988 98
973 138 983 140
969 200 999 200
973 268 988 269
973 310 999 310
973 472 983 474
972 475 999 475
973 505 984 506
973 550 988 551
973 557 984 558
973 559 983 561
973 571 999 571
973 576 999 576
973 602 999 602
973 614 983 616
973 720 999 720
973 745 999 745
973 748 999 748
973 783 994 783
973 858 999 858
973 905 999 905
973 941 988 942
969 945 999 945
973 950 999 950
973 954 983 956
973 980 983 982
974 15 987 16
974 23 986 24
971 116 999 116
973 117 999 117
974 121 989 122
974 154 999 154
974 170 984 172
966 173 998 173
973 262 999 262
974 320 984 322
974 356 982 358
974 395 999 395
974 397 989 398
974 477 984 479
970 498 999 498
974 610 998 610
971 613 998 613
974 649 989 650
974 673 999 673
974 798 987 799
974 850 996 850
974 937 999 937
975 8 987 9
975 27 999 27
975 41 984 43
975 55 989 56
970 72 999 72
975 101 999 101
975 189 990 190
966 324 998 324
975 368 985 370
975 413 990 414
973 458 999 458
973 468 999 468
975 480 987 481
975 485 982 488
970 540 999 540
975 554 999 554
975 580 999 580
975 651 989 652
974 765 989 766
975 899 990 900
975 914 999 914
975 978 990 979
976 160 986 162
972 209 999 209
976 256 987 257
976 276 990 277
976 296 991 297
976 340 991 341
976 353 986 355
976 383 986 385
976 422 991 423
976 425 986 427
976 428 986 430
976 508 991 509
976 516 989 517
976 630 991 631
976 635 986 637
976 638 986 640
976 696 999 696
976 716 991 717
972 722 999 722
976 779 989 780
968 790 995 790
976 794 986 796
973 797 999 797
971 920 999 920
976 959 986 961
977 34 987 36
977 37 992 38
977 65 992 66
977 96 999 96
977 124 987 126
977 145 985 147
977 158 988 159
977 194 987 196
977 218 987 220
977 221 987 223
977 229 992 230
977 251 999 251
977 287 992 288
977 307 987 309
977 346 991 347
977 499 987 501
973 534 999 534
977 578 992 579
977 605 999 605
977 664 999 664
977 755 999 755
977 758 999 758
977 777 999 777
975 898 999 898
977 908 991 909
975 944 999 944
977 968 985 970
974 991 999 991
978 52 989 53
978 69 999 69
978 85 988 87
978 112 999 112
978 178 999 178
978 293 993 294
974 407 999 407
978 436 988 438
978 439 993 440
978 489 987 491
978 562 991 563
978 586 991 587
978 592 999 592
978 594 993 595
974 620 998 620
976 644 991 645
976 667 999 667
978 839 991 840
978 923 983 927
975 967 999 967
978 973 993 974
978 987 993 988
979 5 991 6
979 59 994 60
978 133 999 133
979 241 993 242
979 271 989 273
979 285 992 286
979 313 992 314
979 333 989 335
979 403 989 405
979 415 991 416
979 453 994 454
979 528 989 530
979 531 994 532
978 711 988 713
979 726 988 728
979 729 990 730
975 741 999 741
979 843 989 845
979 847 994 848
979 859 994 860
979 864 989 866
979 890 989 892
976 929 999 929
979 938 988 940
980 3 991 4
978 45 999 45
980 103 990 105
980 204 990 206
980 226 990 228
980 238 995 239
976 365 999 365
980 375 983 382
971 394 999 394
980 400 995 401
980 433 991 434
980 449 990 451
975 503 999 503
973 577 999 577
976 686 997 686
972 700 997 700
980 708 990 710
980 749 990 751
980 788 995 789
980 835 990 837
980 881 995 882
978 918 999 918
978 922 999 922
980 934 988 936
973 986 997 986
981 17 990 19
971 50 999 50
981 61 996 62
981 136 996 137
981 280 996 281
981 326 991 328
978 342 999 342
981 363 996 364
981 564 991 566
981 679 989 681
976 736 999 736
981 769 988 772
981 853 988 855
981 901 988 904
978 933 999 933
981 983 994 984
982 11 991 13
982 77 991 79
982 89 997 90
982 106 995 107
982 155 997 156
982 191 994 192
982 215 990 217
982 233 992 235
982 300 997 301
977 311 999 311
978 330 999 330
982 408 997 409
982 569 994 570
977 744 999 744
982 752 991 754
982 759 997 760
982 803 991 805
982 811 997 812
976 841 999 841
982 963 994 964
982 989 997 990
983 20 993 22
975 93 999 93
983 108 995 109
983 127 993 129
978 279 999 279
983 336 995 337
983 442 996 443
983 493 992 495
983 511 996 512
972 544 999 544
983 546 998 547
983 572 998 573
983 623 990 626
975 629 999 629
983 646 992 648
983 693 998 694
982 705 992 707
982 714 997 715
983 784 993 786
983 825 991 827
983 870 997 871
983 915 998 916
984 57 999 58
984 67 999 68
984 80 994 82
984 138 994 140
984 150 999 151
984 244 994 246
984 282 999 283
984 350 999 351
984 375 994 377
984 378 994 380
984 381 996 382
984 472 991 474
984 484 999 485
984 520 994 522
984 559 994 561
984 582 999 583
984 599 994 601
984 614 998 615
978 674 999 674
984 883 991 885
984 926 999 927
984 954 994 956
984 980 994 982
985 40 991 43
974 73 999 73
985 170 995 172
977 187 999 187
985 247 994 249
985 258 999 259
985 274 999 275
985 320 994 322
985 338 999 339
985 343 999 344
983 356 993 358
985 476 995 478
985 482 999 483
985 505 995 507
985 556 994 558
985 574 999 575
985 654 996 655
985 733 999 734
985 868 997 869
985 893 999 894
986 30 999 31
986 143 991 147
986 152 999 153
986 252 999 253
985 263 999 264
986 366 993 369
986 370 996 372
986 618 998 619
986 642 999 643
978 764 999 764
986 767 999 768
978 787 999 787
986 906 999 907
986 968 993 971
987 23 994 25
987 160 997 162
987 201 997 203
987 353 994 355
987 383 996 385
987 387 996 389
987 425 994 427
987 428 997 430
987 444 996 446
987 541 999 542
987 635 995 637
987 638 997 640
987 660 999 661
987 724 999 725
987 794 997 796
987 808 997 810
987 813 997 815
987 821 997 823
987 872 999 873
987 896 999 897
987 975 997 977
988 7 996 9
988 14 998 16
988 34 997 36
988 63 999 64
988 124 998 126
986 163 999 164
988 168 999 169
988 179 998 181
988 195 998 197
988 218 998 220
988 221 998 223
988 236 999 237
988 255 998 257
988 307 998 309
988 479 998 481
988 487 992 492
988 496 999 497
988 499 998 501
988 525 998 527
988 603 999 604
988 656 996 658
988 877 995 880
985 951 999 952
988 28 999 29
989 86 999 87
989 97 999 99
978 261 999 261
989 390 999 392
989 410 999 412
989 436 999 438
988 690 999 691
989 711 999 713
989 769 999 771
985 816 997 817
989 854 996 857
986 923 996 925
988 930 999 931
989 938 996 941
989 993 999 995
990 46 999 48
990 51 999 53
990 271 999 273
990 332 995 335
990 403 999 405
990 516 996 519
990 528 999 530
990 536 999 538
990 649 995 653
990 679 997 682
989 726 999 728
990 779 999 781
988 798 999 799
990 843 997 846
990 861 997 863
990 890 999 892
989 901 999 903
990 54 999 56
991 120 998 123
991 204 999 206
991 214 998 217
991 224 996 228
991 265 998 268
987 298 999 299
991 359 998 362
991 417 999 419
988 420 999 421
991 449 998 452
991 548 998 551
991 625 998 628
991 669 998 672
991 708 999 710
991 729 999 731
991 749 999 751
991 772 999 774
991 833 999 835
990 864 997 867
989 934 999 936
991 996 998 999
992 2 996 6
991 17 999 19
992 39 997 43
992 76 999 79
989 83 999 85
992 102 999 105
992 143 999 146
992 210 999 213
991 276 999 278
992 326 999 328
992 413 999 416
992 464 999 467
992 508 999 510
992 562 999 565
992 584 999 587
987 775 999 776
992 801 999 804
992 824 999 827
992 836 999 839
989 851 996 853
992 883 999 886
992 908 999 911
992 10 999 13
989 157 999 159
993 174 999 177
988 193 999 194
993 229 996 235
993 285 999 288
993 313 998 317
992 346 999 349
993 491 998 495
993 644 998 648
993 702 997 707
992 752 999 754
992 805 999 807
994 127 999 131
994 240 999 243
994 292 998 297
994 366 999 369
994 968 998 973
995 20 999 25
995 188 999 192
995 244 999 249
995 353 999 358
995 373 998 380
995 422 999 427
995 453 999 457
992 472 999 474
995 520 999 524
995 555 999 560
995 566 999 570
995 782 999 786
995 953 999 957
995 959 999 964
995 978 997 985
996 106 999 111
995 318 999 323
992 432 999 435
996 630 999 637
996 788 999 793
997 0 999 9
997 224 999 234
997 381 999 389
997 439 999 447
997 511 999 519
997 649 999 659
997 847 999 857
996 875 999 882
998 32 999 44
996 331 999 337
998 675 999 688
998 697 999 707
998 808 999 823
998 859 999 871
998 974 999 989
999 606 999 628
