30461
174 825 206 825
206 227 238 227
653 774 685 774
238 932 248 934
178 89 188 91
314 395 324 397
727 345 737 347
292 157 302 159
742 837 774 837
78 635 88 637
593 423 616 423
329 590 356 590
853 578 885 578
165 663 175 665
940 310 972 310
448 383 458 385
89 725 121 725
431 81 441 83
278 985 310 985
754 954 764 956
622 547 654 547
51 538 83 538
34 954 36 964
130 129 140 131
654 674 686 674
895 943 927 943
907 568 922 569
803 518 813 520
955 968 965 970
75 627 107 627
845 346 877 346
157 905 157 937
936 275 968 275
838 190 870 190
518 534 550 534
31 147 33 157
168 658 200 658
109 447 119 449
767 97 799 97
472 590 504 590
512 167 522 169
644 848 676 848
326 346 358 346
739 374 771 374
631 312 663 312
370 272 402 272
940 475 971 475
235 790 267 790
399 366 431 366
808 815 823 816
982 300 997 301
498 197 530 197
876 8 908 8
836 537 868 537
168 779 200 779
744 973 776 973
232 20 247 21
475 86 485 88
494 315 526 315
70 196 80 198
131 447 141 449
528 290 560 290
885 532 917 532
924 472 931 475
718 37 750 37
902 31 912 33
19 517 21 527
803 284 835 284
636 782 668 782
560 315 592 315
71 829 71 861
21 869 21 901
52 526 67 527
574 175 584 177
403 970 413 972
386 258 396 260
256 669 288 669
174 826 206 826
606 561 615 563
967 469 999 469
432 366 464 366
117 954 149 954
105 871 105 903
679 425 689 427
573 92 583 94
147 473 157 475
862 132 894 132
528 846 538 848
216 958 248 958
235 200 245 202
639 926 671 926
23 759 25 769
19 321 29 323
119 161 151 161
146 235 156 237
927 376 937 378
341 850 373 850
331 709 341 711
876 875 908 875
28 340 28 372
699 402 731 402
852 173 884 173
515 979 547 979
618 17 628 19
186 914 196 916
227 762 237 764
53 269 53 301
828 99 860 99
565 476 597 476
513 929 523 931
61 484 71 486
437 432 469 432
225 49 227 59
396 444 428 444
971 724 986 725
58 25 68 27
372 324 382 326
279 503 311 503
132 569 142 571
749 839 781 839
728 775 760 775
868 994 878 996
581 909 613 909
573 711 583 713
723 636 733 638
562 961 577 962
211 188 221 190
64 338 96 338
450 158 482 158
142 592 152 594
93 377 95 387
225 8 257 8
359 101 369 103
103 64 113 66
93 794 93 826
859 258 869 260
813 563 845 563
473 559 483 561
806 813 838 813
152 905 152 937
911 145 921 147
678 41 710 41
646 584 656 586
726 95 758 95
253 565 282 565
449 48 475 48
224 341 256 341
861 509 893 509
544 994 576 994
292 295 302 297
677 395 687 397
273 153 305 153
775 831 797 831
154 317 186 317
945 293 977 293
598 61 608 63
39 653 49 655
939 825 949 827
180 616 212 616
581 456 591 458
430 244 440 246
815 433 847 433
690 527 700 529
703 162 735 162
864 921 896 921
334 220 349 221
610 903 620 905
50 136 60 138
445 990 455 992
204 49 206 59
96 794 96 826
222 700 254 700
311 984 343 984
436 435 468 435
86 721 96 723
119 867 119 899
397 708 407 710
497 912 529 912
138 662 170 662
172 947 204 947
429 673 461 673
443 22 453 24
931 686 946 687
50 191 52 201
606 204 616 206
754 964 786 964
807 785 839 785
30 340 30 372
338 629 370 629
433 612 465 612
484 600 516 600
809 937 841 937
544 403 554 405
860 564 870 566
834 267 866 267
705 708 715 710
647 958 657 960
318 506 328 508
449 780 481 780
786 351 818 351
11 147 11 179
327 924 359 924
386 549 418 549
291 786 301 788
902 927 912 929
687 778 719 778
728 154 760 154
289 80 319 80
413 122 445 122
505 590 537 590
834 948 866 948
346 906 356 908
860 391 892 391
894 740 926 740
420 854 430 856
836 94 868 94
617 264 649 264
948 453 978 453
878 944 910 944
778 958 788 960
212 553 244 553
262 330 294 330
767 921 799 921
255 580 265 582
165 518 197 518
437 134 447 136
366 353 398 353
279 819 289 821
93 36 125 36
210 876 220 878
120 878 122 888
344 667 376 667
9 576 9 608
470 629 502 629
746 833 756 835
333 655 365 655
325 186 357 186
227 938 237 940
53 874 53 906
248 493 250 503
299 388 309 390
44 93 46 103
643 824 674 824
537 465 569 465
748 938 758 940
630 99 662 99
719 890 751 890
470 425 480 427
971 632 995 632
655 267 687 267
726 880 758 880
148 863 179 863
59 81 91 81
456 2 487 2
860 373 870 375
932 465 964 465
257 747 289 747
295 635 327 635
603 222 635 222
292 298 302 300
149 123 181 123
123 786 123 818
465 937 497 937
526 463 536 465
323 376 355 376
225 413 235 415
218 161 250 161
339 666 371 666
433 439 443 441
678 929 688 931
967 597 999 597
263 482 273 484
416 780 448 780
292 249 324 249
21 340 21 372
273 383 283 385
591 291 601 293
428 897 460 897
88 572 120 572
36 556 43 558
814 518 824 520
553 96 585 96
530 361 562 361
199 732 209 734
869 331 901 331
622 870 654 870
462 942 494 942
242 155 274 155
94 401 104 403
684 175 694 177
358 757 390 757
407 155 437 155
325 171 357 171
406 546 438 546
860 622 892 622
475 373 485 375
23 429 23 461
669 895 701 895
581 969 591 971
753 963 785 963
222 699 254 699
281 250 312 250
804 258 814 260
141 552 173 552
13 642 13 674
7 69 7 101
403 96 413 98
402 869 404 878
557 229 589 229
8 274 8 306
25 913 25 945
271 349 303 349
851 705 861 707
376 242 386 244
5 258 7 268
349 813 381 813
551 363 583 363
157 213 159 223
510 697 542 697
889 961 899 963
530 857 540 859
453 452 485 452
630 770 640 772
522 138 532 140
212 102 244 102
6 384 8 394
4 307 4 339
343 230 375 230
697 386 729 386
653 841 685 841
761 879 793 879
891 271 901 273
914 34 946 34
151 194 183 194
366 162 381 163
587 436 597 438
459 291 469 293
413 167 445 167
495 942 527 942
106 871 106 903
902 331 934 331
466 61 476 63
784 301 816 301
534 320 566 320
29 935 29 967
305 671 337 671
710 807 742 807
884 705 894 707
0 638 0 670
783 599 815 599
634 985 663 985
398 883 430 883
499 821 509 823
363 683 395 683
860 587 892 587
521 442 553 442
290 213 300 215
565 312 597 312
515 69 547 69
429 525 461 525
614 28 646 28
53 49 53 81
937 676 969 676
539 728 571 728
495 880 527 880
706 583 738 583
764 407 774 409
876 652 908 652
132 870 134 880
32 814 32 846
887 415 914 415
772 269 804 269
643 965 675 965
941 498 969 498
23 473 25 483
512 71 544 71
373 592 383 594
264 46 296 46
41 800 41 832
214 981 224 983
635 383 645 385
273 636 275 646
978 918 999 918
732 865 764 865
297 444 307 446
278 53 288 55
97 133 129 133
178 188 210 188
320 529 352 529
944 909 976 909
862 312 894 312
363 297 395 297
440 47 472 47
79 388 89 390
575 360 607 360
398 596 408 598
939 183 971 183
738 13 770 13
764 830 796 830
978 839 991 840
492 429 502 431
228 480 260 480
727 567 759 567
77 674 79 684
562 178 572 180
258 814 268 816
37 186 47 188
864 393 896 393
798 395 808 397
43 517 45 527
116 123 148 123
162 188 169 190
627 115 659 115
23 258 33 260
632 563 664 563
34 708 44 710
728 364 760 364
24 274 24 306
822 760 854 760
99 528 101 538
644 167 654 169
36 246 68 246
157 11 159 21
5 550 5 582
495 518 505 520
741 736 751 738
575 823 607 823
900 685 932 685
135 608 145 610
730 990 745 991
163 132 195 132
916 37 946 37
787 116 797 118
38 932 38 964
69 174 69 204
570 465 602 465
85 795 85 827
821 297 853 297
15 69 15 101
870 586 902 586
112 605 144 605
459 645 491 645
448 636 458 638
258 636 260 646
83 159 93 161
471 8 481 10
902 271 912 273
877 256 909 256
562 420 572 422
405 869 415 871
22 869 22 901
674 280 701 280
28 776 38 778
89 371 121 371
240 384 272 384
449 324 459 326
171 49 173 59
616 316 648 316
830 604 862 604
218 792 220 802
840 448 872 448
193 13 203 15
913 120 942 120
329 547 361 547
305 425 315 427
35 627 35 659
683 651 715 651
529 333 561 333
427 76 459 76
680 69 709 69
143 141 175 141
233 420 265 420
337 357 347 359
597 668 629 668
233 596 243 598
343 856 353 858
243 647 253 649
637 4 669 4
67 261 77 263
907 644 928 644
901 175 933 175
259 138 269 140
657 584 664 587
256 353 266 355
143 622 153 624
727 315 759 315
737 698 769 698
738 523 770 523
786 481 796 483
649 58 659 60
94 155 109 156
705 598 737 598
111 546 143 546
478 993 510 993
864 30 896 30
855 105 887 105
146 553 178 553
975 944 999 944
759 332 791 332
56 267 56 299
116 657 126 659
79 881 81 891
446 70 478 70
270 636 272 646
248 707 280 707
210 277 220 279
239 493 241 503
365 391 375 393
430 333 462 333
275 460 283 462
251 161 283 161
325 187 357 187
353 781 385 781
935 698 967 698
474 178 484 180
449 607 481 607
805 144 837 144
134 925 144 927
596 899 628 899
908 116 918 118
947 577 972 577
142 340 174 340
680 833 690 835
594 307 604 309
237 566 269 566
77 115 87 117
818 107 850 107
137 892 147 894
389 822 399 824
965 465 991 465
6 576 8 586
744 932 754 934
231 682 263 682
579 554 611 554
489 138 499 140
881 102 896 103
456 903 466 905
358 192 390 192
673 596 705 596
108 964 140 964
655 648 665 650
172 797 182 799
235 218 267 218
407 521 417 523
44 118 54 120
869 44 901 44
428 483 460 483
776 357 786 359
876 942 908 942
650 357 665 358
620 849 652 849
905 724 937 724
136 556 146 558
871 932 903 932
268 459 300 459
679 292 711 292
190 81 222 81
17 803 17 835
654 266 686 266
143 74 175 74
35 800 35 832
621 266 653 266
197 416 229 416
147 455 157 457
16 113 26 115
705 580 715 582
866 141 898 141
204 165 236 165
713 288 745 288
836 742 868 742
830 569 840 571
585 50 617 50
867 684 899 684
282 357 292 359
896 911 928 911
362 36 394 36
288 242 298 244
69 306 101 306
339 879 371 879
963 232 992 232
360 481 392 481
321 851 353 851
667 666 699 666
151 172 161 174
120 49 122 59
473 521 483 523
301 790 333 790
319 118 329 120
39 833 39 865
967 157 988 157
671 945 693 945
714 967 746 967
42 143 52 145
797 499 829 499
575 655 585 657
124 236 134 238
145 283 155 285
383 324 393 326
718 901 728 903
590 931 622 931
835 894 867 894
143 234 175 234
458 976 490 976
131 509 141 511
859 315 891 315
456 177 488 177
308 569 318 571
287 708 297 710
344 49 354 51
972 406 999 406
980 934 988 936
435 807 445 809
679 257 711 257
212 238 222 240
778 127 810 127
297 682 329 682
903 228 935 228
524 229 556 229
872 654 904 654
614 327 624 329
3 869 3 901
462 626 494 626
619 724 629 726
185 830 192 833
959 584 991 584
634 910 666 910
34 712 66 712
255 373 265 375
39 122 49 124
126 899 158 899
555 505 587 505
28 192 30 202
103 455 113 457
497 364 529 364
182 39 214 39
326 99 357 99
140 433 155 434
72 136 81 138
789 53 798 55
516 513 531 514
966 949 998 949
28 307 30 317
433 464 443 466
694 749 704 751
550 271 582 271
843 321 875 321
748 316 780 316
302 866 312 868
31 340 31 372
152 126 162 128
503 781 535 781
334 213 344 215
954 425 964 427
978 562 991 563
578 318 588 320
226 171 256 171
451 73 461 75
938 380 948 382
582 516 614 516
602 135 634 135
556 267 588 267
355 114 387 114
156 135 166 137
651 25 683 25
39 758 71 758
800 425 810 427
753 557 763 559
793 612 825 612
82 895 84 905
767 747 799 747
161 573 193 573
833 636 843 638
817 156 849 156
365 188 375 190
566 688 576 690
768 342 800 342
263 406 273 408
966 948 998 948
798 957 830 957
302 418 334 418
891 992 923 992
298 7 330 7
133 928 135 938
961 662 993 662
238 357 248 359
281 245 291 247
630 702 640 704
465 235 475 237
271 422 303 422
441 487 451 489
736 891 764 891
386 750 418 750
183 41 215 41
833 129 865 129
847 59 879 59
444 213 454 215
78 714 110 714
295 609 300 613
798 116 808 118
308 118 318 120
309 279 341 279
375 711 385 713
850 400 880 400
318 482 328 484
778 528 810 528
522 404 532 406
142 786 142 818
670 249 702 249
971 379 979 381
471 862 481 864
769 249 801 249
19 66 19 98
809 647 819 649
560 189 592 189
681 564 713 564
983 693 998 694
433 63 465 63
702 462 734 462
292 121 324 121
223 586 233 588
268 399 278 401
391 556 423 556
617 534 649 534
14 31 46 31
166 21 198 21
706 461 738 461
620 37 651 37
367 213 399 213
137 543 169 543
958 92 990 92
640 17 650 19
542 470 574 470
174 172 176 182
831 318 841 320
553 155 585 155
15 373 17 383
188 638 220 638
385 891 395 893
599 815 609 817
39 630 71 630
49 627 59 629
297 118 307 120
230 210 262 210
924 315 956 315
850 376 860 378
69 539 76 541
883 156 915 156
657 105 689 105
286 302 318 302
923 815 955 815
505 393 537 393
526 234 558 234
555 565 587 565
950 409 981 409
54 797 54 829
239 425 249 427
974 937 999 937
52 329 54 339
899 428 909 430
383 456 393 458
64 863 64 895
92 702 105 703
542 984 574 984
730 336 762 336
916 379 948 379
1 99 1 131
710 809 742 809
723 108 755 108
496 924 528 924
705 345 715 347
234 655 244 657
248 71 280 71
290 759 292 769
471 878 503 878
714 995 724 997
29 340 29 372
9 274 9 306
363 673 395 673
129 244 161 244
378 3 410 3
1 395 1 427
24 567 56 567
944 242 976 242
178 624 210 624
37 155 69 155
784 759 816 759
333 779 365 779
348 932 358 934
803 742 835 742
473 568 483 570
260 562 292 562
462 524 494 524
334 650 344 652
0 891 0 923
396 58 406 60
37 0 39 10
926 84 958 84
621 901 653 901
872 660 904 660
162 517 194 517
110 569 120 571
879 346 911 346
361 792 371 794
831 669 863 669
39 166 49 168
56 93 66 95
379 250 389 252
556 807 566 809
911 65 943 65
515 216 547 216
772 611 804 611
821 869 853 869
956 993 988 993
465 724 475 726
117 972 127 974
236 493 238 503
160 755 192 755
375 279 407 279
205 929 215 931
679 878 711 878
145 391 155 393
44 272 44 304
50 797 50 829
580 506 590 508
957 271 967 273
420 243 452 243
157 586 167 588
887 150 919 150
410 235 420 237
22 49 24 59
282 135 297 136
707 473 717 475
345 502 377 502
52 594 52 626
143 444 153 446
456 968 488 968
526 327 536 329
882 633 914 633
69 896 69 928
825 31 835 33
620 786 652 786
896 139 928 139
705 195 720 196
623 646 655 646
761 17 771 19
356 822 366 824
315 41 347 41
613 768 645 768
551 539 583 539
454 697 464 699
67 797 69 807
618 743 650 743
621 370 653 370
831 659 863 659
503 686 535 686
915 280 947 280
453 857 463 859
328 862 338 864
258 786 268 788
6 719 6 751
568 627 600 627
638 945 670 945
109 871 109 903
594 792 604 794
496 732 528 732
372 126 382 128
314 365 346 365
224 37 256 37
639 598 671 598
401 85 431 85
452 925 484 925
876 900 908 900
812 363 844 363
177 687 209 687
111 460 121 462
85 895 85 927
62 863 62 895
581 780 613 780
491 389 501 391
792 726 802 728
416 69 448 69
583 652 615 652
392 885 424 885
49 896 49 928
21 803 21 835
472 174 487 175
386 135 396 137
658 753 668 755
388 24 420 24
954 105 979 105
281 725 291 727
67 770 69 780
12 869 12 901
751 901 761 903
543 739 575 739
704 406 733 406
682 133 714 133
517 73 549 73
349 881 381 881
516 663 548 663
14 539 24 541
12 274 12 306
261 266 293 266
370 932 380 934
824 591 856 591
976 383 986 385
754 318 764 320
174 152 206 152
522 662 554 662
947 413 974 413
118 867 118 899
412 404 422 406
893 85 900 88
400 613 432 613
270 725 280 727
743 850 775 850
143 786 143 818
615 213 647 213
507 834 517 836
838 510 870 510
94 167 104 169
248 248 258 250
171 630 203 630
254 803 256 813
833 686 865 686
582 594 614 594
856 328 882 328
351 914 361 916
111 634 121 636
66 830 66 862
874 941 906 941
911 716 943 716
939 91 971 91
455 543 487 543
589 399 621 399
820 631 852 631
427 632 437 634
933 962 965 962
560 39 592 39
687 80 697 82
653 214 680 214
246 819 256 821
37 701 69 701
890 417 922 417
474 348 484 350
99 118 109 120
867 961 877 963
624 507 656 507
269 695 301 695
890 314 922 314
535 34 567 34
495 673 527 673
729 668 761 668
671 568 681 570
357 250 367 252
613 763 623 765
284 327 294 329
572 518 582 520
416 949 447 949
21 147 21 179
747 592 779 592
520 156 552 156
947 373 962 374
792 927 802 929
739 17 749 19
538 817 570 817
75 321 85 323
137 869 169 869
194 759 204 761
424 249 456 249
255 950 265 952
126 36 158 36
338 898 348 900
7 351 9 361
336 736 351 737
22 569 32 571
461 189 493 189
43 506 45 516
971 233 981 235
459 425 469 427
432 355 464 355
308 75 340 75
825 691 857 691
784 156 816 156
333 770 343 772
187 520 197 522
234 283 236 293
597 770 607 772
432 758 442 760
136 464 168 464
668 268 700 268
529 244 539 246
652 978 684 978
26 703 58 703
477 436 487 438
659 39 691 39
861 77 871 79
146 668 156 670
787 350 819 350
612 974 644 974
328 865 360 865
381 582 413 582
650 178 660 180
863 225 895 225
787 357 797 359
665 83 697 83
903 586 935 586
874 557 884 559
255 89 265 91
211 911 221 913
781 345 791 347
579 808 611 808
938 215 948 217
116 492 148 492
105 167 115 169
244 583 276 583
406 774 438 774
813 5 845 5
739 141 771 141
70 327 72 337
231 559 241 561
484 945 494 947
679 696 711 696
811 791 836 791
588 614 620 614
101 942 111 944
216 321 248 321
239 910 271 910
145 86 155 88
681 727 713 727
844 517 876 517
838 114 870 114
669 833 679 835
20 340 20 372
647 377 657 379
155 264 187 264
884 109 916 109
973 954 983 956
112 867 112 899
943 160 953 162
375 359 407 359
488 473 498 475
711 72 743 72
580 975 612 975
217 975 249 975
5 935 5 967
455 30 479 30
726 781 758 781
726 525 758 525
26 666 26 692
412 314 427 315
521 37 553 37
82 716 92 718
6 935 6 967
127 171 159 171
672 926 704 926
409 82 419 84
808 820 839 820
253 938 255 948
933 329 965 329
267 228 299 228
172 948 204 948
453 313 483 313
574 611 606 611
746 457 778 457
594 469 626 469
82 365 91 367
471 552 494 552
154 663 164 665
931 322 962 322
811 287 843 287
767 369 799 369
88 405 120 405
258 365 268 367
912 121 944 121
48 896 48 928
405 878 437 878
643 690 675 690
312 201 344 201
799 53 809 55
180 436 190 438
16 66 16 98
950 546 982 546
987 444 996 446
640 240 672 240
37 789 47 791
936 936 968 936
561 518 571 520
83 398 93 400
67 11 69 21
907 571 939 571
53 17 63 19
724 578 737 579
257 114 289 114
168 655 178 657
118 189 128 191
396 880 428 880
818 801 850 801
79 953 111 953
834 685 866 685
362 914 372 916
336 832 368 832
893 587 925 587
319 848 351 848
153 905 153 937
105 657 115 659
78 989 110 989
384 585 416 585
606 773 636 773
869 271 879 273
775 644 807 644
965 291 997 291
24 627 24 659
306 632 316 634
65 180 65 212
985 654 996 655
170 731 202 731
120 648 152 648
937 854 947 856
176 520 186 522
294 361 304 363
891 545 920 545
258 0 268 2
814 285 846 285
116 167 126 169
464 81 474 83
945 616 972 616
861 379 871 381
47 202 49 212
690 636 722 636
736 589 768 589
190 238 200 240
824 815 856 815
710 588 742 588
600 57 632 57
146 839 148 849
34 800 34 832
312 439 322 441
839 77 849 79
345 64 377 64
771 247 803 247
821 788 853 788
328 635 360 635
94 660 126 660
210 324 220 326
726 115 758 115
47 236 79 236
275 888 285 890
960 770 970 772
916 295 948 295
720 121 752 121
907 945 939 945
720 628 752 628
533 406 565 406
339 459 349 461
591 901 620 901
488 741 520 741
14 340 14 372
818 841 850 841
538 412 548 414
506 999 538 999
937 461 967 461
17 147 17 179
10 406 20 408
685 65 717 65
610 688 620 690
384 471 416 471
846 446 871 446
16 803 16 835
250 105 260 107
682 519 692 521
514 527 524 529
96 370 126 370
71 866 103 866
674 872 706 872
476 667 508 667
296 406 306 408
967 793 995 793
526 874 536 876
747 297 779 297
80 473 82 483
481 257 513 257
153 149 163 151
884 467 916 467
454 978 486 978
546 41 578 41
928 705 938 707
598 752 608 754
492 527 502 529
981 901 988 904
116 654 126 656
988 499 998 501
762 77 772 79
115 688 125 690
470 898 480 900
668 129 700 129
350 216 382 216
554 339 586 339
744 454 776 454
745 506 755 508
833 738 865 738
201 668 233 668
555 282 565 284
288 434 320 434
602 56 634 56
816 827 848 827
641 705 673 705
29 529 39 531
363 697 395 697
195 901 227 901
920 367 930 369
191 341 223 341
396 777 406 779
271 357 281 359
456 814 466 816
783 281 815 281
297 559 307 561
463 653 495 653
12 798 44 798
968 859 978 861
313 265 345 265
163 980 173 982
603 411 635 411
43 833 43 865
270 402 302 402
197 739 229 739
92 827 124 827
988 193 999 194
899 113 931 113
749 651 781 651
523 40 555 40
493 68 525 68
674 705 702 705
111 982 121 984
49 863 49 895
146 554 178 554
249 973 281 973
448 881 480 881
1 957 1 989
216 322 248 322
196 166 228 166
575 477 585 479
945 309 976 309
622 337 654 337
210 548 242 548
535 666 567 666
562 936 594 936
6 192 6 224
123 908 133 910
983 915 998 916
23 803 23 835
904 504 936 504
927 77 937 79
578 294 588 296
455 821 465 823
830 704 862 704
506 466 538 466
50 776 60 778
263 563 295 563
944 346 976 346
299 212 331 212
197 210 229 210
474 493 506 493
143 666 173 666
489 980 499 982
466 208 498 208
588 918 616 918
518 839 528 841
181 282 213 282
113 277 121 279
698 980 708 982
748 844 780 844
583 313 615 313
235 221 267 221
34 317 66 317
216 360 248 360
365 388 375 390
646 696 678 696
735 462 767 462
211 135 221 137
639 92 649 94
826 315 858 315
388 724 398 726
736 4 768 4
674 759 684 761
785 915 817 915
828 600 860 600
37 49 37 81
177 711 187 713
265 781 275 783
462 884 494 884
825 12 857 12
36 273 38 283
80 237 90 239
539 742 571 742
977 170 987 172
932 588 964 588
460 755 492 755
616 282 626 284
977 307 987 309
911 605 943 605
717 451 748 451
820 715 852 715
422 741 454 741
481 813 513 813
514 722 546 722
275 234 307 234
169 455 179 457
708 678 740 678
456 565 488 565
923 191 955 191
428 482 460 482
27 451 29 461
689 886 721 886
116 122 148 122
181 9 213 9
225 995 257 995
950 279 977 279
871 17 881 19
76 796 76 828
117 955 149 955
620 500 652 500
304 697 336 697
982 714 997 715
653 543 678 543
183 974 215 974
638 58 648 60
320 487 330 489
519 136 551 136
312 3 322 5
615 482 625 484
92 354 94 362
352 316 384 316
52 830 52 862
249 516 281 516
527 886 556 886
34 310 44 312
792 271 802 273
807 439 839 439
229 126 239 128
192 172 202 174
268 352 300 352
203 803 205 813
122 638 154 638
71 688 81 690
620 61 630 63
723 383 733 385
206 898 216 900
574 17 584 19
473 828 505 828
911 194 921 196
460 456 470 458
778 291 788 293
328 554 338 556
133 574 135 584
589 350 621 350
599 903 609 905
54 90 64 92
136 480 162 480
884 279 916 279
945 644 975 644
269 786 279 788
991 449 998 452
248 803 250 813
797 324 829 324
626 897 658 897
450 528 480 528
96 523 106 525
617 421 627 423
461 897 493 897
782 420 814 420
245 27 277 27
543 957 575 957
713 377 717 382
472 211 504 211
545 395 555 397
78 631 88 633
837 655 869 655
492 291 502 293
21 727 23 737
27 236 29 246
912 563 944 563
313 469 328 470
276 604 308 604
206 435 238 435
60 628 92 628
879 616 911 616
172 422 204 422
5 451 7 461
335 175 345 177
111 903 143 903
358 421 390 421
463 834 473 836
266 853 276 855
705 486 715 488
674 22 684 24
845 990 877 990
620 544 652 544
609 967 641 967
989 505 999 507
331 486 341 488
650 749 660 751
611 616 643 616
126 266 128 276
207 49 209 59
318 573 350 573
231 444 241 446
77 795 77 827
583 133 615 133
448 642 458 644
234 93 244 95
398 375 430 375
175 340 207 340
894 515 926 515
225 9 257 9
4 869 4 901
322 725 332 727
344 197 354 199
146 27 178 27
941 357 951 359
984 244 994 246
794 391 826 391
792 290 824 290
590 885 622 885
627 799 659 799
154 938 156 948
635 921 667 921
691 377 701 379
475 511 507 511
115 436 117 446
736 5 768 5
910 209 942 209
547 84 579 84
467 980 477 982
970 564 980 566
56 631 66 633
651 561 675 561
360 693 392 693
211 719 243 719
310 164 342 164
680 127 712 127
552 125 584 125
587 544 619 544
576 578 608 578
654 308 686 308
602 160 634 160
976 630 991 631
932 456 964 456
663 473 673 475
337 35 369 35
141 786 141 818
529 732 561 732
394 220 404 222
71 878 81 880
686 443 718 443
167 82 177 84
305 898 315 900
669 89 679 91
988 877 995 880
287 935 319 935
240 627 272 627
564 655 574 657
239 686 271 686
559 126 569 128
872 725 904 725
185 381 195 383
959 817 984 817
201 235 211 237
574 858 584 860
228 481 260 481
781 316 796 317
923 261 955 261
356 37 388 37
663 99 695 99
400 27 415 28
442 510 474 510
482 831 514 831
445 866 455 868
31 82 33 92
19 0 21 10
878 605 910 605
381 599 413 599
170 352 202 352
848 360 858 362
244 681 276 681
844 766 876 766
378 5 410 5
834 895 866 895
572 938 582 940
161 805 163 815
118 696 150 696
607 177 639 177
64 830 64 862
468 702 478 704
817 978 849 978
233 860 265 860
210 732 220 734
983 784 993 786
139 574 141 584
290 399 300 401
63 267 63 299
680 72 710 72
851 106 883 106
441 359 473 359
965 774 990 774
311 49 321 51
133 294 165 294
635 98 667 98
143 663 153 665
580 878 612 878
106 954 116 956
883 89 915 89
891 356 923 356
570 464 602 464
651 451 683 451
733 103 765 103
343 853 353 855
748 313 780 313
176 600 203 600
400 219 432 219
645 311 677 311
28 147 28 179
78 687 110 687
94 187 126 187
94 794 94 826
526 461 558 461
868 723 900 723
637 5 669 5
744 942 776 942
56 965 66 967
342 268 374 268
104 343 114 345
451 947 483 947
932 671 964 671
795 515 827 515
664 514 696 514
104 871 104 903
348 942 358 944
937 902 969 902
108 792 108 824
469 954 479 956
429 569 439 571
604 211 636 211
918 124 950 124
821 21 853 21
59 180 59 212
739 164 771 164
641 759 651 761
522 980 532 982
110 234 142 234
437 636 447 638
535 910 567 910
963 402 995 402
157 614 167 616
14 759 16 769
253 830 285 830
195 693 227 693
834 716 844 718
97 455 99 465
77 993 109 993
870 868 902 868
945 618 977 618
259 249 291 249
958 749 968 751
119 129 129 131
300 197 310 199
396 100 428 100
307 345 339 345
315 944 325 946
473 43 505 43
422 497 432 499
299 759 301 769
220 115 230 117
6 495 6 527
563 86 573 88
585 851 595 853
271 220 303 220
155 460 165 462
900 250 910 252
631 737 663 737
714 198 724 200
406 512 438 512
553 719 585 719
274 499 284 501
533 769 565 769
345 204 355 206
151 430 183 430
311 424 343 424
764 618 788 618
505 340 537 340
455 464 465 466
290 834 292 844
926 677 958 677
948 769 980 769
579 800 589 802
521 849 553 849
182 395 192 397
344 130 373 130
414 321 424 323
750 418 782 418
325 752 335 754
25 660 29 665
143 680 175 680
266 860 298 860
970 463 999 463
924 33 956 33
720 778 751 778
650 92 659 94
108 80 123 81
181 866 191 868
104 923 136 923
204 726 236 726
327 266 359 266
165 619 173 621
729 760 761 760
403 34 435 34
686 645 718 645
784 410 815 410
512 789 544 789
600 119 632 119
163 549 173 551
118 340 120 350
647 380 657 382
35 254 45 256
366 550 398 550
57 251 67 253
524 800 534 802
986 898 996 900
818 915 850 915
957 880 987 880
580 425 590 427
149 661 174 661
550 588 582 588
31 307 33 317
281 754 313 754
329 211 357 211
613 425 623 427
675 818 707 818
357 417 367 419
227 357 237 359
323 3 333 5
60 716 70 718
940 753 970 753
672 924 704 924
638 756 670 756
163 877 173 879
388 197 398 199
794 775 826 775
717 584 727 586
779 242 811 242
916 376 926 378
795 740 827 740
956 469 966 471
315 941 325 943
958 214 990 214
851 109 883 109
185 161 217 161
857 407 867 409
405 872 437 872
524 606 556 606
480 599 512 599
896 924 906 926
105 377 107 387
974 407 999 407
400 200 410 202
956 997 988 997
639 988 671 988
649 449 681 449
526 131 558 131
447 45 479 45
64 11 66 21
504 222 536 222
74 663 76 673
198 283 200 293
534 630 566 630
192 283 194 293
95 340 97 350
578 809 610 809
25 472 57 472
556 36 588 36
951 484 983 484
833 203 865 203
240 324 250 326
380 157 390 159
10 902 10 934
792 890 802 892
879 293 911 293
163 144 173 146
969 574 984 575
589 963 604 964
4 616 4 648
269 542 279 544
526 146 536 148
122 93 132 95
519 373 529 375
958 179 987 179
642 967 674 967
247 925 257 927
497 952 529 952
331 494 363 494
495 290 527 290
51 529 61 531
966 266 990 266
842 974 874 974
872 215 882 217
42 932 42 964
853 870 885 870
824 198 834 200
352 893 384 893
435 630 467 630
840 786 872 786
66 60 98 60
699 393 731 393
583 600 615 600
595 561 605 563
107 871 107 903
526 869 558 869
178 844 188 846
909 41 919 43
777 389 809 389
464 361 496 361
144 714 176 714
741 439 773 439
658 862 681 862
319 559 329 561
487 65 519 65
685 215 695 217
158 473 168 475
169 400 201 400
231 663 241 665
291 370 323 370
517 564 549 564
726 519 736 521
10 36 10 68
192 181 224 181
840 502 872 502
765 919 797 919
75 153 107 153
320 647 330 649
99 313 109 315
586 96 618 96
115 469 147 469
561 165 588 165
572 307 582 309
125 197 156 197
732 402 764 402
815 918 847 918
229 324 239 326
474 988 506 988
118 194 150 194
562 487 572 489
833 201 865 201
117 867 117 899
759 261 790 261
226 396 236 398
8 147 8 179
715 60 747 60
787 195 814 195
353 743 385 743
163 870 173 872
276 270 291 271
784 77 794 79
828 702 860 702
494 417 526 417
55 72 87 72
22 671 22 703
56 982 66 984
92 639 102 641
325 342 350 342
633 919 665 919
744 414 776 414
836 49 868 49
856 441 888 441
584 420 594 422
432 353 464 353
100 634 110 636
49 929 49 961
629 639 661 639
88 73 120 73
399 655 409 657
860 768 892 768
423 8 455 8
160 496 170 498
126 628 158 628
383 555 390 558
789 108 821 108
629 623 661 623
77 118 87 120
595 420 605 422
607 861 639 861
610 403 620 405
586 882 618 882
846 22 856 24
665 584 670 587
295 223 327 223
171 502 181 504
492 636 502 638
542 197 552 199
921 821 953 821
928 243 960 243
296 449 328 449
764 943 796 943
688 954 698 956
931 41 941 43
848 918 880 918
365 912 397 912
452 348 462 350
420 744 452 744
969 226 979 228
497 899 529 899
561 941 593 941
849 17 859 19
422 822 432 824
615 592 647 592
44 556 47 563
673 360 683 362
190 670 205 671
36 143 38 153
776 847 786 849
697 737 712 738
235 219 267 219
399 197 409 199
222 577 232 579
277 856 287 858
356 577 363 580
78 283 80 293
767 98 799 98
753 628 785 628
515 456 525 458
27 803 27 835
507 279 539 279
320 549 352 549
831 120 863 120
116 490 148 490
422 543 454 543
526 8 536 10
61 755 71 757
250 753 282 753
572 795 582 797
890 838 922 838
116 163 126 165
246 861 278 861
430 472 462 472
329 957 344 958
888 642 903 643
39 398 49 400
283 920 315 920
23 711 33 713
684 806 712 806
672 253 704 253
198 310 208 312
860 912 892 912
336 138 368 138
691 131 723 131
868 688 900 688
3 616 3 648
243 870 245 880
261 676 271 678
461 886 493 886
961 71 993 71
70 556 80 558
439 590 471 590
260 759 262 769
592 216 602 218
523 192 555 192
245 235 255 237
518 749 528 751
82 134 114 134
566 515 598 515
874 980 884 982
562 842 594 842
79 436 81 446
963 524 994 524
613 323 620 326
302 716 312 718
50 863 50 895
650 244 660 246
27 49 27 81
617 357 649 357
502 832 534 832
39 401 49 403
921 958 931 960
400 312 432 312
5 192 5 224
41 99 43 109
820 165 852 165
371 383 381 385
434 967 444 969
824 71 856 71
595 584 623 584
792 403 802 405
96 368 111 369
597 241 629 241
219 410 229 412
227 803 229 813
278 238 288 240
251 222 261 224
601 367 611 369
291 689 301 691
846 469 856 471
948 766 958 768
40 585 72 585
618 394 650 394
411 502 443 502
814 938 824 940
520 669 552 669
107 473 109 483
815 836 847 836
657 891 686 891
501 398 533 398
89 854 99 856
242 663 252 665
301 509 333 509
304 272 336 272
306 627 338 627
910 425 942 425
61 830 61 862
482 223 514 223
856 327 888 327
97 722 112 723
50 166 60 168
639 708 649 710
208 409 240 409
867 462 899 462
71 417 81 419
41 493 43 503
902 988 928 988
110 473 120 475
763 752 795 752
946 847 978 847
94 657 104 659
158 37 190 37
305 686 337 686
597 655 607 657
572 184 604 184
52 372 84 372
77 234 109 234
313 903 323 905
734 432 766 432
501 402 533 402
352 846 362 848
415 383 447 383
543 298 575 298
578 785 610 785
36 156 68 156
425 513 435 515
544 688 554 690
913 831 945 831
724 221 734 223
948 737 980 737
649 864 681 864
207 222 217 224
785 330 817 330
770 271 780 273
491 929 501 931
110 792 110 824
563 858 573 860
273 152 305 152
341 569 351 571
423 417 455 417
311 254 343 254
327 289 359 289
653 496 663 498
7 307 9 317
240 327 250 329
462 165 494 165
924 682 956 682
737 58 769 58
181 8 213 8
370 970 380 972
817 128 849 128
960 119 992 119
649 284 681 284
892 444 924 444
20 594 22 604
311 985 343 985
284 606 294 608
643 29 675 29
364 785 396 785
607 611 639 611
111 989 143 989
93 269 95 279
559 146 569 148
902 726 912 728
793 749 803 751
968 537 989 537
911 481 943 481
714 966 740 966
729 476 761 476
462 799 494 799
837 75 869 75
56 638 88 638
735 411 767 411
301 6 333 6
467 731 499 731
471 146 481 148
164 639 174 641
640 583 670 583
729 962 761 962
188 344 214 344
745 53 755 55
971 872 986 873
191 336 201 338
745 878 760 879
513 800 523 802
751 770 761 772
808 561 840 561
180 213 190 215
863 52 878 53
291 670 323 670
958 687 990 687
848 922 880 922
646 383 656 385
886 894 918 894
464 373 474 375
947 836 979 836
738 964 753 965
38 691 70 691
667 991 697 991
662 859 694 859
624 645 652 645
726 284 758 284
108 129 118 131
573 420 583 422
102 377 104 387
638 742 670 742
588 865 598 867
322 655 332 657
981 280 996 281
92 473 94 483
146 776 178 776
81 497 91 499
105 172 107 182
956 845 978 845
707 823 739 823
220 11 252 11
652 632 662 634
302 467 334 467
32 971 42 973
623 902 653 902
779 991 811 991
520 155 552 155
334 204 344 206
395 928 427 928
248 122 280 122
849 818 872 818
187 116 197 118
51 830 51 862
77 340 79 350
94 33 126 33
748 60 780 60
600 120 632 120
109 415 141 415
29 533 61 533
188 268 198 270
836 828 868 828
874 950 906 950
676 310 708 310
723 764 733 766
631 301 641 303
264 636 266 646
235 68 267 68
363 559 373 561
49 605 51 615
352 888 362 890
58 830 58 862
442 81 452 83
368 275 400 275
929 225 961 225
734 369 766 369
416 869 426 871
81 61 91 63
838 932 848 934
297 274 329 274
888 809 920 809
676 748 708 748
366 668 398 668
64 645 74 647
185 558 217 558
530 623 562 623
684 86 694 88
886 318 896 320
557 531 589 531
82 688 92 690
440 73 450 75
583 588 615 588
78 94 110 94
78 881 78 913
506 130 538 130
218 222 228 224
624 987 656 987
590 388 600 390
904 463 936 463
307 506 317 508
869 466 901 466
395 158 427 158
85 693 95 695
485 577 517 577
693 568 703 570
172 453 204 453
907 954 917 956
412 172 422 174
958 627 990 627
43 971 53 973
426 958 458 958
782 918 814 918
304 513 314 515
534 119 566 119
937 190 958 190
398 367 430 367
365 621 375 623
849 932 859 934
805 611 837 611
447 970 455 972
929 317 961 317
104 919 136 919
161 192 176 193
791 245 823 245
184 885 216 885
191 822 201 824
343 681 375 681
833 428 843 430
992 801 999 804
274 204 306 204
545 70 577 70
755 456 787 456
311 52 321 54
389 740 421 740
768 52 800 52
556 152 588 152
406 915 438 915
401 980 411 982
231 897 263 897
830 954 840 956
485 609 495 611
26 147 26 179
937 767 947 769
535 687 567 687
393 289 425 289
382 363 414 363
223 22 233 24
33 935 33 967
197 738 229 738
850 155 882 155
404 586 414 588
103 329 105 339
7 495 7 527
873 819 904 819
655 399 687 399
626 424 649 424
540 749 550 751
669 462 701 462
297 488 307 490
477 578 509 578
152 797 154 807
548 69 580 69
715 133 747 133
156 596 166 598
480 602 512 602
406 706 438 706
1 924 1 956
914 749 924 751
363 569 373 571
458 321 468 323
539 53 571 53
987 813 997 815
108 552 140 552
3 158 3 190
712 201 722 203
176 119 208 119
784 376 794 378
607 692 639 692
405 632 415 634
248 297 258 299
8 192 8 224
247 424 277 424
180 219 190 221
956 996 988 996
395 916 410 917
448 287 480 287
366 672 398 672
800 97 832 97
428 578 443 579
616 518 626 520
135 771 145 773
214 980 246 980
780 230 812 230
70 786 80 788
554 821 569 822
550 58 560 60
551 178 561 180
161 801 193 801
198 896 230 896
865 186 897 186
760 749 770 751
628 472 660 472
710 616 742 616
380 962 412 962
413 168 445 168
197 211 229 211
469 666 501 666
272 792 282 794
247 314 279 314
120 611 122 621
299 950 309 952
902 67 934 67
358 249 390 249
416 607 448 607
800 958 810 960
663 702 673 704
80 230 112 230
176 827 186 829
363 791 395 791
686 503 718 503
122 634 132 636
383 616 415 616
217 111 249 111
839 656 871 656
908 25 937 25
89 726 121 726
299 913 331 913
348 778 373 778
478 407 488 409
914 449 924 451
872 77 882 79
838 263 870 263
143 681 175 681
665 769 697 769
80 229 112 229
34 49 34 81
912 454 944 454
973 80 983 82
811 276 843 276
506 538 534 538
943 56 974 56
5 517 5 549
942 458 972 458
755 415 787 415
717 743 749 743
133 962 165 962
410 724 420 726
276 12 286 14
233 911 243 913
767 383 777 385
911 158 943 158
304 349 336 349
503 671 535 671
104 692 136 692
933 948 965 948
127 395 137 397
71 691 103 691
16 147 16 179
719 774 751 774
291 175 301 177
556 281 581 281
17 340 17 372
632 688 642 690
13 143 23 145
291 365 301 367
314 803 316 813
604 953 636 953
954 832 964 834
16 675 16 707
656 102 688 102
730 447 762 447
579 311 611 311
528 811 560 811
548 27 580 27
352 663 367 664
471 874 481 876
767 671 799 671
18 225 18 257
707 655 717 657
734 98 766 98
454 655 464 657
225 994 254 994
486 91 518 91
510 64 542 64
234 238 244 240
649 795 659 797
42 17 52 19
168 608 170 618
774 477 806 477
345 200 355 202
629 86 639 88
724 252 756 252
847 927 857 929
272 227 304 227
104 539 136 539
498 658 530 658
154 905 154 937
19 192 19 224
604 774 636 774
551 844 583 844
75 796 75 828
34 316 66 316
5 102 7 112
912 620 944 620
127 186 159 186
425 698 453 698
753 571 763 573
276 269 308 269
487 197 497 199
477 739 509 739
913 285 945 285
535 491 567 491
73 957 83 959
35 248 45 250
603 170 635 170
66 7 98 7
141 199 173 199
273 479 299 479
529 649 539 651
721 73 753 73
794 899 826 899
678 455 693 456
806 805 838 805
401 814 411 816
266 621 276 623
369 119 401 119
752 107 784 107
392 346 402 348
992 824 999 827
205 761 237 761
9 462 9 494
268 758 300 758
887 238 897 240
920 150 946 150
446 299 478 299
459 636 469 638
104 466 114 468
491 274 506 275
864 957 896 957
924 711 934 713
759 781 791 781
385 777 395 779
758 305 790 305
551 433 583 433
694 580 704 582
103 639 113 641
494 592 504 594
237 300 269 300
756 763 766 765
466 436 476 438
374 758 376 768
838 478 870 478
116 491 148 491
703 891 735 891
972 739 999 739
671 999 703 999
583 914 615 914
600 630 632 630
94 141 109 142
540 773 572 773
12 390 22 392
312 67 322 69
104 694 128 694
61 506 63 516
609 439 619 441
836 57 868 57
353 969 385 969
433 821 443 823
89 108 99 110
297 165 329 165
357 786 367 788
412 234 444 234
24 568 56 568
257 61 267 63
259 160 291 160
340 512 372 512
764 138 774 140
776 122 808 122
459 289 491 289
121 622 131 624
538 142 570 142
922 971 952 971
700 435 732 435
133 781 165 781
416 72 448 72
772 675 782 677
66 8 98 8
283 809 293 811
625 833 635 835
398 374 430 374
965 383 975 385
289 197 299 199
12 462 12 494
110 871 110 903
218 203 250 203
557 388 567 390
248 792 250 802
100 784 132 784
178 918 180 928
320 749 330 751
474 773 506 773
982 233 992 235
425 321 435 323
352 73 362 75
311 235 321 237
646 288 678 288
805 175 815 177
406 547 438 547
96 244 128 244
958 420 987 420
95 451 105 453
653 849 685 849
293 346 303 348
926 164 958 164
893 622 925 622
385 753 417 753
4 803 4 835
379 917 389 919
676 557 686 559
264 870 266 880
96 735 106 737
702 989 734 989
616 416 648 416
708 739 740 739
426 645 458 645
400 342 432 342
317 949 349 949
926 622 958 622
239 629 271 629
420 86 430 88
244 950 254 952
926 998 958 998
975 368 985 370
935 32 967 32
17 671 17 703
464 860 496 860
300 775 332 775
584 444 594 446
701 428 711 430
836 984 868 984
330 524 362 524
519 854 529 856
570 822 602 822
317 460 327 462
518 577 550 577
649 133 681 133
770 44 802 44
730 662 762 662
687 963 717 963
666 393 698 393
838 461 870 461
703 254 735 254
191 213 201 215
952 152 984 152
313 539 323 541
863 980 873 982
14 576 14 608
489 814 499 816
672 258 682 260
27 116 37 118
142 547 174 547
764 571 774 573
204 528 236 528
724 716 734 718
67 830 67 862
677 848 709 848
608 762 640 762
314 360 346 360
169 464 201 464
622 267 654 267
32 974 42 976
877 506 887 508
133 965 143 967
790 877 822 877
537 464 569 464
417 595 449 595
15 675 15 707
540 14 572 14
963 374 994 374
240 632 250 634
108 98 118 100
191 219 201 221
133 296 165 296
39 39 49 41
92 38 124 38
925 672 957 672
928 312 960 312
802 211 834 211
204 13 214 15
902 711 912 713
698 814 708 816
557 481 585 481
326 562 358 562
26 376 58 376
666 919 698 919
935 964 965 964
559 533 591 533
463 153 495 153
879 125 911 125
192 892 194 902
51 960 83 960
396 308 428 308
893 878 925 878
894 601 926 601
826 171 858 171
468 398 500 398
884 915 916 915
125 455 135 457
431 86 441 88
425 970 435 972
427 456 437 458
566 769 598 769
595 204 605 206
243 709 253 711
627 777 637 779
804 247 836 247
88 317 120 317
363 46 395 46
852 954 862 956
320 264 352 264
443 762 475 762
314 675 346 675
644 954 654 956
457 192 489 192
849 819 872 819
12 749 22 751
862 336 894 336
291 866 301 868
445 748 477 748
121 572 153 572
561 115 593 115
482 780 514 780
526 469 541 470
814 890 824 892
93 126 96 133
272 305 304 305
220 625 252 625
113 425 115 435
819 980 829 982
83 401 93 403
296 211 328 211
116 160 148 160
701 47 733 47
907 310 939 310
551 649 561 651
78 988 110 988
383 377 393 379
279 502 311 502
549 182 581 182
863 317 895 317
119 126 129 128
785 544 817 544
125 200 135 202
510 473 520 475
783 17 793 19
908 661 940 661
34 713 66 713
570 821 602 821
508 619 540 619
249 917 254 920
50 171 82 171
680 183 712 183
568 985 600 985
214 542 224 544
804 227 836 227
311 255 343 255
644 847 676 847
225 125 257 125
713 716 723 718
249 321 259 323
399 879 431 879
308 850 340 850
256 589 266 591
725 867 757 867
160 757 192 757
966 684 981 685
131 642 141 644
891 63 923 63
174 666 206 666
440 446 472 446
181 466 213 466
400 61 410 63
69 377 71 387
880 59 912 59
815 538 847 538
171 11 186 12
676 745 708 745
407 518 417 520
474 535 506 535
336 319 368 319
367 584 399 584
88 574 90 584
890 845 922 845
683 669 698 670
901 247 933 247
902 466 934 466
439 594 471 594
337 321 347 323
537 126 547 128
753 505 785 505
52 0 54 10
131 206 141 208
452 244 462 246
944 536 976 536
213 650 223 652
852 172 884 172
553 477 563 479
663 335 695 335
550 607 582 607
588 903 598 905
474 839 484 841
201 306 233 306
725 314 757 314
982 11 991 13
734 887 744 889
974 23 986 24
792 332 824 332
89 259 99 261
734 861 766 861
897 957 929 957
207 479 239 479
639 421 649 423
64 339 96 339
232 536 264 536
270 403 302 403
617 549 649 549
358 40 390 40
941 318 951 320
396 261 428 261
513 213 545 213
642 818 674 818
946 133 977 133
676 80 686 82
457 556 489 556
21 33 21 65
237 294 247 296
760 420 770 422
666 167 698 167
830 412 845 413
120 639 130 641
647 808 679 808
499 737 531 737
68 125 78 127
527 149 559 149
495 568 505 570
934 184 966 184
911 250 921 252
352 444 362 446
475 991 507 991
618 197 625 200
57 759 67 761
852 505 884 505
397 837 412 838
830 765 862 765
452 580 462 582
960 33 992 33
574 692 606 692
108 871 108 903
116 487 126 489
254 533 264 535
793 550 808 551
781 403 791 405
739 175 749 177
66 267 66 299
659 893 691 893
281 963 313 963
809 15 841 15
511 277 543 277
554 436 564 438
100 506 102 516
267 779 299 779
315 929 325 931
12 576 12 608
434 980 444 982
985 258 999 259
768 895 800 895
380 963 408 963
49 445 59 447
642 916 674 916
669 782 701 782
95 493 97 503
589 948 621 948
75 721 85 723
334 386 366 386
277 188 287 190
257 38 289 38
722 530 754 530
540 258 550 260
47 354 49 364
808 946 840 946
651 826 683 826
248 834 250 844
279 200 311 200
690 766 700 768
368 139 400 139
259 157 291 157
899 383 909 385
959 110 991 110
390 665 420 665
969 260 999 260
369 120 401 120
385 73 395 75
319 847 351 847
137 919 147 921
335 769 367 769
163 985 195 985
421 758 431 760
527 39 559 39
0 99 0 131
641 655 651 657
718 719 750 719
158 455 168 457
181 790 196 791
199 965 209 967
354 373 364 375
971 678 997 678
44 833 44 865
298 749 308 751
684 362 715 362
229 327 239 329
913 5 945 5
444 502 476 502
39 642 41 652
11 642 11 674
398 364 430 364
24 566 56 566
189 182 221 182
447 93 457 95
120 585 152 585
595 732 627 732
814 792 824 794
336 167 346 169
37 932 37 964
363 536 395 536
718 281 750 281
728 734 760 734
759 811 791 811
972 502 999 502
595 708 605 710
470 136 485 137
776 789 808 789
22 340 22 372
257 5 289 5
213 200 223 202
564 770 574 772
796 496 806 498
69 237 79 239
818 562 850 562
671 466 703 466
626 189 658 189
440 53 450 55
856 971 888 971
881 947 913 947
900 663 932 663
987 429 999 430
110 993 131 993
244 368 276 368
751 96 783 96
899 465 931 465
745 257 777 257
433 509 465 509
663 337 687 337
780 620 812 620
208 968 240 968
7 803 7 835
6 528 6 560
663 591 695 591
372 870 374 880
609 64 641 64
245 493 247 503
259 248 291 248
933 523 965 523
744 554 776 554
166 460 176 462
985 40 991 43
703 566 735 566
668 953 700 953
306 870 308 880
566 814 576 816
428 484 460 484
698 571 708 573
717 859 749 859
593 887 625 887
790 89 800 91
281 703 313 703
517 758 549 758
830 980 840 982
613 722 645 722
950 106 981 106
124 979 153 979
410 124 442 124
43 412 75 412
411 473 421 475
928 513 960 513
806 553 838 553
702 590 734 590
89 340 91 350
983 511 996 512
565 485 597 485
242 118 252 120
77 663 79 673
185 778 217 778
363 100 395 100
77 473 79 483
723 506 733 508
682 741 714 741
424 807 434 809
914 700 946 700
897 670 929 670
792 711 824 711
735 304 767 304
665 413 697 413
430 650 440 652
748 600 780 600
61 863 61 895
539 795 549 797
229 166 261 166
931 185 963 185
30 318 40 320
329 305 361 305
747 620 779 620
2 726 4 736
622 152 654 152
18 66 18 98
930 232 962 232
901 995 911 997
330 58 340 60
315 778 347 778
520 29 545 29
502 93 512 95
531 355 563 355
806 380 816 382
80 840 82 850
651 806 683 806
208 206 218 208
991 417 999 419
436 666 468 666
70 213 72 223
33 627 33 659
184 429 194 431
238 206 245 209
478 85 510 85
94 39 104 41
660 846 690 846
592 969 602 971
49 506 51 516
68 874 70 884
249 49 251 59
951 557 961 559
129 603 161 603
46 302 56 304
668 527 678 529
442 164 474 164
456 670 488 670
247 866 257 868
177 460 187 462
18 535 28 537
603 989 635 989
432 154 464 154
620 159 652 159
497 734 529 734
59 592 59 624
463 555 495 555
979 453 994 454
492 42 524 42
571 685 603 685
47 830 47 862
577 824 609 824
62 202 64 212
717 827 749 827
227 562 259 562
959 972 991 972
537 52 569 52
373 543 388 544
104 693 128 693
40 529 50 531
428 191 460 191
601 910 633 910
735 89 745 91
194 977 226 977
88 177 90 187
122 460 132 462
94 661 126 661
839 568 871 568
399 353 431 353
117 124 149 124
781 600 811 600
917 51 949 51
545 789 577 789
782 434 814 434
77 44 109 44
913 313 945 313
288 700 319 700
622 954 632 956
693 290 725 290
743 673 775 673
122 969 154 969
805 798 837 798
101 794 101 826
709 571 719 573
344 22 354 24
360 291 370 293
92 74 102 76
143 75 175 75
718 829 750 829
292 170 324 170
276 272 303 272
136 574 138 584
67 782 99 782
801 462 833 462
393 901 425 901
455 439 465 441
661 580 670 582
441 650 451 652
851 694 883 694
881 749 891 751
863 769 892 769
902 459 934 459
322 29 354 29
940 200 968 200
426 480 458 480
526 143 536 145
903 749 913 751
479 360 508 360
773 143 805 143
377 553 409 553
105 353 112 356
620 546 652 546
105 401 115 403
871 190 903 190
806 757 838 757
548 456 558 458
646 276 678 276
419 792 421 802
892 800 924 800
162 363 194 363
363 888 373 890
511 354 543 354
250 194 282 194
120 645 130 647
623 495 655 495
722 450 748 450
915 50 947 50
179 191 211 191
894 215 904 217
520 235 530 237
543 502 575 502
347 245 357 247
447 929 457 931
276 749 286 751
79 795 79 827
751 874 776 874
402 705 434 705
34 82 36 92
283 372 315 372
616 66 648 66
745 744 777 744
631 613 663 613
978 586 991 587
949 770 959 772
657 527 667 529
876 370 886 372
112 302 144 302
99 991 131 991
905 725 937 725
654 542 678 542
916 300 948 300
89 840 99 842
934 505 956 505
936 373 946 375
374 521 384 523
192 539 202 541
829 943 861 943
992 472 999 474
681 182 713 182
766 367 798 367
736 254 768 254
446 116 456 118
895 701 927 701
992 883 999 886
603 219 613 221
75 152 107 152
59 863 59 895
493 958 503 960
784 719 816 719
677 12 709 12
833 671 865 671
962 606 994 606
143 839 145 849
313 367 345 367
353 711 363 713
654 323 664 325
360 901 392 901
75 552 107 552
217 194 249 194
48 563 80 563
637 927 669 927
691 95 723 95
94 398 104 400
879 994 889 996
564 759 596 759
657 888 667 890
475 387 507 387
810 322 842 322
724 163 756 163
964 348 991 348
14 803 14 835
258 370 290 370
117 786 117 818
579 321 589 323
8 759 10 769
626 714 658 714
611 70 643 70
245 589 255 591
506 43 538 43
750 599 782 599
936 749 946 751
679 256 711 256
107 425 109 435
700 8 710 10
159 466 169 468
411 678 443 678
292 248 324 248
890 690 922 690
881 451 913 451
781 607 813 607
931 435 963 435
935 876 967 876
145 951 155 953
676 407 686 409
576 150 608 150
273 552 305 552
55 830 55 862
371 729 403 729
584 487 594 489
603 52 635 52
299 391 309 393
462 673 494 673
287 549 319 549
236 925 246 927
207 126 217 128
89 965 99 967
168 774 200 774
5 373 5 405
965 141 997 141
622 338 654 338
959 84 988 84
309 268 341 268
854 495 886 495
106 422 138 422
985 274 999 275
867 590 899 590
88 232 120 232
750 675 760 677
699 318 709 320
508 164 540 164
396 682 428 682
243 605 245 615
477 526 509 526
433 473 443 475
598 447 630 447
530 775 562 775
201 586 211 588
361 635 393 635
719 107 751 107
569 97 601 97
745 127 777 127
64 648 74 650
47 896 47 928
685 339 717 339
573 274 605 274
966 966 998 966
783 419 815 419
68 212 100 212
905 901 937 901
493 131 525 131
84 124 116 124
445 895 477 895
855 527 865 529
473 141 499 141
507 839 517 841
666 248 688 248
564 937 596 937
679 766 689 768
961 701 993 701
83 653 93 655
547 644 579 644
697 170 729 170
704 777 736 777
516 969 526 971
286 444 296 446
45 863 45 895
718 77 728 79
447 513 457 515
137 365 147 367
954 976 986 976
500 558 532 558
966 895 998 895
218 72 250 72
17 638 17 670
183 929 193 931
744 296 776 296
523 617 555 617
50 395 60 397
812 288 844 288
625 456 635 458
946 416 978 416
607 164 639 164
329 449 361 449
477 957 509 957
704 466 736 466
345 739 377 739
614 803 624 805
830 932 837 935
308 559 318 561
433 721 465 721
383 220 393 222
946 405 978 405
303 320 335 320
13 902 13 934
890 410 922 410
867 833 877 835
349 882 381 882
112 945 144 945
342 781 352 783
396 791 428 791
851 496 861 498
971 770 980 772
113 667 123 669
901 494 933 494
183 605 215 605
998 808 999 823
230 918 240 920
314 752 324 754
136 79 168 79
177 634 187 636
818 544 850 544
62 340 64 350
585 434 617 434
995 566 999 570
198 827 208 829
153 416 185 416
939 718 971 718
264 888 274 890
753 184 785 184
447 269 479 269
924 166 956 166
603 465 635 465
925 449 935 451
748 416 780 416
272 813 304 813
760 92 792 92
538 340 570 340
314 122 346 122
319 523 351 523
24 373 34 375
952 73 973 73
876 826 886 828
418 577 427 579
368 417 378 419
726 938 736 940
370 350 402 350
151 536 161 538
474 989 506 989
660 524 692 524
720 980 730 982
691 218 701 220
617 358 649 358
533 202 565 202
405 666 435 666
212 26 244 26
247 949 279 949
937 883 969 883
138 33 148 35
550 133 582 133
344 31 376 31
746 605 778 605
559 823 574 824
171 402 203 402
112 792 112 824
382 975 414 975
469 800 479 802
548 72 580 72
467 845 499 845
395 995 405 997
709 748 741 748
156 89 166 91
578 807 610 807
762 806 794 806
302 869 334 869
102 611 104 621
125 30 157 30
409 86 419 88
845 250 855 252
346 351 378 351
410 52 420 54
853 318 863 320
168 49 170 59
408 708 418 710
141 272 151 274
201 775 233 775
118 324 120 334
814 606 829 607
3 836 3 868
914 839 944 839
715 54 725 56
261 49 263 59
788 932 798 934
668 671 700 671
749 258 759 260
11 102 13 112
421 655 431 657
881 836 913 836
480 954 512 954
578 299 610 299
596 734 628 734
861 193 893 193
426 588 456 588
520 400 552 400
587 200 617 200
628 444 638 446
759 626 784 626
437 729 469 729
115 282 147 282
119 843 121 853
172 349 204 349
71 863 81 865
28 869 28 901
505 786 520 787
805 617 837 617
69 553 79 555
705 493 737 493
849 326 881 326
965 773 990 773
693 939 725 939
14 429 14 461
842 15 874 15
690 234 700 236
615 620 647 620
616 471 648 471
985 951 999 952
666 357 676 359
270 702 280 704
221 986 253 986
626 733 658 733
321 853 331 855
661 672 693 672
89 857 99 859
695 86 705 88
541 107 573 107
629 574 661 574
686 773 718 773
309 269 341 269
900 778 932 778
559 255 591 255
864 357 874 359
277 596 287 598
279 822 289 824
372 146 382 148
240 153 272 153
401 736 433 736
789 764 804 765
375 953 407 953
269 980 279 982
247 315 279 315
491 321 501 323
429 846 461 846
691 148 723 148
83 425 85 435
597 658 629 658
128 797 130 807
666 402 698 402
155 724 165 726
636 803 646 805
782 449 792 451
823 145 833 147
509 872 541 872
685 22 695 24
85 191 95 193
879 469 889 471
170 365 180 367
744 453 776 453
535 627 567 627
960 658 987 658
242 684 274 684
614 958 624 960
146 555 178 555
20 561 23 568
12 147 12 179
614 909 646 909
551 278 583 278
739 853 749 855
796 243 828 243
243 533 253 535
11 576 11 608
19 274 19 306
786 688 796 690
255 33 287 33
443 197 453 199
441 244 451 246
466 209 498 209
61 797 61 829
737 723 768 723
162 364 194 364
929 224 961 224
238 602 270 602
366 49 376 51
628 11 643 12
423 404 433 406
21 429 21 461
70 896 70 928
162 283 164 293
860 888 892 888
660 332 692 332
620 740 652 740
67 982 99 982
898 367 908 369
375 714 407 714
689 8 699 10
390 606 422 606
452 591 484 591
297 673 329 673
186 917 218 917
629 860 661 860
570 143 580 145
979 271 989 273
475 963 507 963
6 620 6 652
117 450 127 452
269 814 279 816
534 294 544 296
799 367 831 367
191 104 201 106
323 834 325 844
673 461 705 461
160 653 192 653
934 511 949 512
725 392 757 392
320 80 352 80
277 454 287 456
886 335 918 335
158 231 190 231
679 527 689 529
326 939 336 941
946 866 978 866
863 619 895 619
54 85 64 87
188 327 220 327
255 922 287 922
755 932 765 934
391 249 423 249
545 948 555 950
866 639 898 639
700 232 732 232
0 132 0 164
981 564 991 566
455 339 487 339
799 8 809 10
28 60 28 92
431 38 459 38
841 69 856 70
1 572 1 604
69 980 101 980
419 708 429 710
922 12 937 13
747 840 779 840
594 100 626 100
68 527 100 527
942 101 974 101
563 373 573 375
753 183 785 183
749 168 781 168
545 785 577 785
379 786 389 788
178 369 210 369
617 363 649 363
837 258 847 260
70 783 102 783
534 807 544 809
982 989 997 990
907 614 939 614
251 324 261 326
221 834 223 844
725 39 757 39
650 651 682 651
345 822 355 824
104 663 106 673
4 796 35 796
953 297 985 297
215 157 225 159
13 147 15 157
412 991 422 993
892 421 924 421
273 129 283 131
202 465 234 465
887 439 902 440
116 251 126 253
50 707 82 707
426 109 436 111
583 777 593 779
930 116 940 118
558 425 568 427
238 349 270 349
739 586 771 586
263 511 295 511
737 793 747 795
198 663 208 665
343 583 375 583
817 376 827 378
1 638 1 670
930 669 962 669
736 3 768 3
844 257 876 257
402 636 404 646
68 373 78 375
251 557 283 557
808 941 840 941
159 990 169 992
259 245 269 247
217 112 249 112
573 649 583 651
474 338 506 338
903 440 932 440
211 368 243 368
980 400 995 401
21 902 21 934
782 538 814 538
393 383 403 385
595 923 605 925
956 410 988 410
183 613 193 615
835 254 867 254
518 836 550 836
373 506 383 508
382 586 392 588
340 803 372 803
45 546 77 546
177 724 187 726
619 22 629 24
85 327 87 337
249 970 259 972
485 244 495 246
149 496 159 498
323 740 355 740
418 888 428 890
200 921 210 923
778 766 810 766
300 22 310 24
708 697 740 697
50 659 60 661
868 469 878 471
789 291 799 293
36 594 36 626
655 948 687 948
201 672 233 672
60 592 60 624
67 896 67 928
85 998 117 998
117 172 119 182
148 466 158 468
798 743 830 743
939 705 949 707
927 233 937 235
117 335 127 337
57 797 57 829
832 687 864 687
519 17 529 19
401 172 411 174
207 275 239 275
174 283 176 293
551 345 561 347
249 124 277 124
291 716 301 718
360 364 389 364
763 170 795 170
492 586 524 586
214 282 246 282
687 6 719 6
149 122 181 122
321 577 331 579
968 742 999 742
41 110 43 120
930 919 962 919
875 16 907 16
935 965 963 965
866 429 876 431
23 982 33 984
133 782 143 784
409 107 441 107
146 786 146 818
75 793 107 793
26 702 58 702
387 950 397 952
923 996 955 996
844 531 873 531
709 277 741 277
702 380 712 382
642 61 652 62
8 550 10 560
556 92 563 95
982 705 992 707
272 435 304 435
590 575 622 575
587 587 612 587
68 340 70 350
960 702 992 702
555 670 587 670
81 269 83 279
361 533 393 533
75 377 77 387
87 447 97 449
510 578 542 578
792 930 824 930
456 286 488 286
734 431 766 431
222 49 224 59
738 486 748 488
751 326 783 326
848 859 879 859
136 465 168 465
47 104 49 114
426 510 441 511
57 741 59 751
162 172 164 182
823 163 855 163
243 468 275 468
518 708 528 710
435 832 467 832
666 30 698 30
710 11 742 11
792 795 802 797
898 238 913 239
507 535 539 535
233 135 248 136
813 230 845 230
92 37 124 37
899 671 931 671
507 348 517 350
180 822 190 824
365 373 375 375
975 967 999 967
127 324 137 326
96 520 106 522
825 938 835 940
253 831 285 831
888 680 920 680
954 794 964 796
976 716 991 717
607 106 636 106
212 103 244 103
990 271 999 273
596 639 628 639
943 340 975 340
638 963 670 963
112 942 122 944
526 803 536 805
662 364 694 364
544 965 576 965
849 280 881 280
856 420 863 423
743 784 775 784
752 51 784 51
35 191 37 201
24 269 34 271
124 786 126 796
340 78 372 78
878 288 910 288
742 941 774 941
481 696 513 696
957 682 989 682
43 90 53 92
467 557 499 557
715 449 747 449
401 275 433 275
415 194 447 194
310 742 342 742
238 220 270 220
757 150 787 150
2 528 2 560
379 354 411 354
838 479 870 479
585 25 617 25
553 665 585 665
467 769 499 769
742 138 752 140
515 831 547 831
755 8 765 10
593 424 625 424
558 383 568 385
97 905 99 915
499 613 531 613
834 345 844 347
350 146 360 148
499 738 531 738
661 749 671 751
382 428 414 428
557 800 567 802
570 193 602 193
167 566 177 568
948 564 958 566
302 0 312 2
649 309 681 309
459 679 491 679
707 984 739 984
490 72 514 72
354 857 364 859
46 594 46 626
797 412 829 412
335 903 345 905
619 65 651 65
188 781 198 783
169 200 179 202
721 954 731 956
469 358 501 358
421 56 451 56
676 571 686 573
48 49 48 81
158 484 160 494
373 589 405 589
72 377 74 387
748 66 780 66
525 480 557 480
67 61 69 71
504 958 514 960
144 988 176 988
622 249 654 249
537 958 547 960
750 564 760 566
261 730 290 730
928 662 960 662
94 171 126 171
583 741 615 741
622 344 654 344
99 1 109 3
9 935 9 967
25 594 25 626
333 238 343 240
53 830 53 862
922 131 954 131
936 535 968 535
435 120 467 120
793 672 825 672
311 776 343 776
685 770 695 772
162 881 172 883
16 132 18 142
573 523 605 523
610 983 642 983
391 248 423 248
849 281 881 281
363 274 395 274
667 453 677 455
402 300 434 300
662 857 694 857
262 865 294 865
704 862 714 864
966 791 995 791
701 686 733 686
623 885 655 885
412 747 436 747
584 538 616 538
490 40 522 40
751 873 783 873
938 654 968 654
129 364 161 364
648 592 680 592
599 659 609 661
926 326 936 328
583 471 615 471
466 613 498 613
853 335 885 335
668 135 700 135
660 810 692 810
814 313 846 313
735 608 767 608
356 741 388 741
564 235 574 237
205 362 237 362
719 645 751 645
12 803 12 835
533 79 561 79
396 445 428 445
552 394 584 394
610 141 642 141
831 423 855 423
626 21 658 21
482 377 492 379
100 318 102 328
232 334 264 334
258 313 290 313
468 754 500 754
757 263 789 263
925 683 957 683
407 463 439 463
436 357 468 357
275 73 307 73
119 808 121 818
51 957 61 959
111 108 121 110
535 272 566 272
838 463 870 463
179 22 189 24
542 770 552 772
496 348 506 350
526 460 558 460
293 932 303 934
507 989 539 989
399 636 401 646
387 621 397 623
374 559 384 561
927 702 959 702
217 195 249 195
426 517 458 517
97 147 129 147
935 874 967 874
789 975 799 977
991 749 999 751
222 923 254 923
221 493 223 503
140 786 140 818
435 227 464 227
319 444 329 446
377 834 379 844
874 200 906 200
62 673 64 683
290 473 300 475
40 329 42 339
642 477 674 477
154 683 186 683
513 974 545 974
515 223 547 223
730 752 762 752
355 770 365 772
407 58 417 60
105 39 115 41
965 794 975 796
948 326 958 328
855 761 887 761
90 566 122 566
621 688 631 690
170 796 202 796
531 99 563 99
191 313 223 313
742 29 774 29
143 142 175 142
216 45 248 45
325 757 357 757
320 713 352 713
709 745 741 745
752 961 784 961
331 183 341 185
691 221 701 223
839 757 871 757
430 672 462 672
839 277 849 279
515 9 525 11
275 495 307 495
700 370 710 372
128 450 138 452
664 485 696 485
106 702 121 703
403 357 435 357
963 319 994 319
262 327 272 329
345 738 368 738
331 965 341 967
814 271 824 273
676 85 708 85
33 429 33 461
330 520 362 520
943 353 953 355
90 269 92 279
138 245 148 247
552 434 584 434
910 201 942 201
63 377 65 387
294 364 326 364
181 1 191 3
25 28 57 28
713 218 723 220
544 906 554 908
775 748 807 748
333 355 365 355
507 244 517 246
695 622 727 622
570 52 602 52
425 961 457 961
379 175 389 177
442 89 452 91
818 159 850 159
854 245 886 245
15 727 17 737
27 274 27 306
878 242 910 242
181 892 191 894
265 965 275 967
730 213 762 213
725 832 757 832
336 398 368 398
248 962 280 962
30 803 32 813
593 592 614 592
924 63 956 63
44 994 54 996
43 899 43 931
916 380 926 382
912 308 944 308
335 539 345 541
727 555 759 555
210 880 242 880
176 115 208 115
286 11 318 11
266 283 276 285
501 630 533 630
998 697 999 707
821 370 831 372
118 732 128 734
170 695 202 695
844 975 854 977
895 513 927 513
399 668 431 668
153 642 185 642
37 506 39 516
910 56 942 56
109 406 119 408
409 190 441 190
313 990 323 992
51 124 83 124
497 951 529 951
500 138 510 139
757 968 767 970
788 606 813 606
830 695 862 695
133 857 143 859
852 282 884 282
547 227 579 227
501 57 533 57
496 171 528 171
563 640 595 640
395 592 405 594
500 736 532 736
130 550 162 550
74 914 74 946
794 86 804 88
841 945 873 945
864 232 896 232
286 491 296 493
852 351 884 351
160 655 167 658
224 200 234 202
460 327 470 329
435 116 445 118
900 842 932 842
23 660 23 692
204 959 236 959
13 429 13 461
147 65 179 65
387 394 419 394
825 545 857 545
598 208 630 208
739 144 771 144
747 601 779 601
702 280 717 281
647 898 679 898
182 168 192 170
561 938 571 940
934 211 966 211
274 506 284 508
761 675 771 677
546 388 556 390
9 495 9 527
798 169 830 169
960 233 970 235
286 521 296 523
813 871 845 871
743 789 775 789
456 174 471 175
524 976 556 976
30 627 30 659
517 133 549 133
97 928 107 930
672 204 682 206
575 757 607 757
197 415 224 415
475 510 507 510
792 115 824 115
883 301 915 301
236 990 246 992
628 244 638 246
710 847 742 847
661 421 693 421
206 980 213 983
797 557 807 559
28 836 28 868
639 207 671 207
73 327 75 337
220 118 230 120
855 832 887 832
543 818 553 820
810 321 842 321
815 922 847 922
708 477 740 477
534 57 566 57
172 0 174 10
528 58 538 60
517 752 532 753
61 121 93 121
28 122 38 124
307 78 339 78
381 954 413 954
406 592 416 594
449 216 481 216
571 211 603 211
102 235 134 235
415 291 425 293
327 901 359 901
834 462 866 462
986 767 999 768
107 502 139 502
26 913 26 945
150 45 182 45
16 429 16 461
88 626 120 626
561 524 593 524
31 429 31 461
113 722 145 722
737 742 769 742
637 142 669 142
690 201 700 203
817 873 849 873
956 392 988 392
514 766 524 768
559 163 591 163
332 758 334 768
72 586 74 596
573 749 583 751
764 80 774 82
831 862 841 864
36 175 68 175
156 78 188 78
617 349 649 349
949 294 964 295
713 327 723 329
809 262 841 262
563 623 595 623
132 6 142 8
910 696 942 696
629 450 655 450
304 948 336 948
819 484 851 484
16 609 16 641
822 234 832 236
222 619 232 621
787 36 819 36
167 391 177 393
23 274 23 306
686 498 718 498
599 403 609 405
687 173 719 173
23 693 25 703
224 113 256 113
320 492 330 494
588 688 598 690
911 991 943 991
805 511 837 511
636 821 668 821
907 29 939 29
366 355 398 355
30 321 40 323
471 911 503 911
339 146 349 148
621 662 647 662
527 887 559 887
50 122 82 122
80 240 90 242
287 936 319 936
729 740 761 740
97 794 97 826
267 306 299 306
106 339 138 339
653 61 685 61
729 790 744 791
810 55 842 55
160 42 192 42
261 680 293 680
453 394 485 394
368 769 400 769
294 694 326 694
745 256 777 256
66 996 98 996
990 779 999 781
960 806 991 806
298 21 330 21
857 994 867 996
308 684 340 684
414 41 446 41
635 268 667 268
338 227 368 227
341 537 373 537
388 401 420 401
938 875 970 875
186 172 188 182
508 552 540 552
339 911 371 911
363 524 395 524
412 716 420 718
188 736 220 736
519 422 545 422
506 559 516 561
77 5 109 5
444 473 454 475
755 869 787 869
551 580 561 582
778 126 810 126
323 819 333 821
264 891 274 893
554 741 582 741
47 863 47 895
355 238 365 240
608 770 618 772
165 519 197 519
677 809 709 809
98 493 100 503
933 968 943 970
411 464 421 466
7 225 7 257
148 949 180 949
687 558 719 558
711 974 743 974
12 782 22 784
198 518 208 520
781 59 813 59
319 569 329 571
222 33 232 35
252 914 262 916
525 289 557 289
614 11 627 12
255 621 265 623
123 391 133 393
281 298 291 300
572 548 604 548
516 664 547 664
240 385 272 385
815 246 847 246
628 315 660 315
45 307 55 309
721 621 753 621
267 238 277 240
234 228 266 228
464 883 496 883
599 83 631 83
179 770 189 772
71 892 71 924
441 178 451 180
480 453 512 453
414 96 424 98
600 408 631 408
42 152 74 152
39 492 71 492
279 64 311 64
116 248 126 250
88 72 120 72
287 12 297 14
461 315 493 315
896 980 906 982
590 531 622 531
276 687 308 687
423 636 425 646
472 791 503 791
307 496 317 498
776 262 808 262
842 784 874 784
72 139 82 141
649 892 681 892
925 179 957 179
107 699 139 699
429 847 461 847
385 521 395 523
590 976 616 976
735 342 767 342
447 599 479 599
216 929 226 931
374 569 384 571
110 313 120 315
325 121 357 121
893 391 925 391
780 601 811 601
858 356 890 356
823 328 855 328
522 173 554 173
369 994 401 994
484 601 516 601
1 209 1 241
681 112 713 112
673 373 683 375
566 980 576 982
884 626 916 626
871 144 903 144
468 395 478 397
108 49 110 59
751 128 783 128
207 152 239 152
249 929 259 931
291 755 323 755
425 96 435 98
773 656 805 656
110 997 142 997
271 929 281 931
88 404 120 404
40 581 50 583
34 910 34 942
22 225 22 257
660 468 670 470
175 407 185 409
852 283 884 283
581 146 591 148
585 922 617 922
636 895 668 895
336 294 346 296
6 758 38 758
12 711 22 713
913 999 945 999
191 495 193 505
47 547 79 547
606 244 616 246
801 949 833 949
653 330 685 330
684 360 699 361
166 530 176 532
986 923 996 925
288 744 320 744
859 486 869 488
44 428 46 438
944 288 976 288
412 746 444 746
695 998 727 998
674 635 705 635
590 102 622 102
959 853 969 855
382 162 414 162
12 714 44 714
792 282 802 284
157 780 189 780
774 436 784 438
650 538 682 538
920 189 952 189
712 428 722 430
264 827 274 829
654 121 686 121
194 941 226 941
672 345 682 347
92 199 102 201
309 604 341 604
40 0 42 10
495 795 505 797
423 121 455 121
625 330 652 330
125 198 140 199
834 833 844 835
437 431 469 431
778 53 788 55
882 373 892 375
738 333 748 335
806 724 838 724
162 890 194 890
720 557 730 559
803 938 813 940
537 324 547 326
619 192 651 192
343 404 345 414
484 301 516 301
527 714 559 714
489 177 520 177
921 808 953 808
8 935 8 967
441 494 473 494
346 172 378 172
866 160 898 160
0 396 0 428
680 288 712 288
963 476 973 478
933 842 965 842
195 429 205 431
939 496 971 496
539 307 549 309
393 680 425 680
39 173 71 173
330 519 362 519
468 587 483 588
324 636 326 646
367 436 377 438
457 586 467 588
752 841 784 841
132 473 135 480
693 356 725 356
487 155 519 155
44 49 44 81
872 632 904 632
482 716 492 718
638 130 670 130
35 910 35 942
358 167 368 169
800 747 832 747
956 261 977 261
838 617 868 617
487 238 497 240
782 178 792 180
516 843 548 843
423 9 455 9
449 605 481 605
785 609 817 609
605 466 637 466
311 85 334 85
284 129 294 131
371 921 403 921
441 714 456 715
882 287 914 287
418 518 428 520
534 395 544 397
196 985 228 985
899 141 931 141
503 160 535 160
426 639 436 641
439 512 471 512
501 119 533 119
135 870 137 880
309 749 319 751
770 984 802 984
504 862 514 864
101 284 111 286
12 989 44 989
176 444 186 446
54 416 86 416
708 818 740 818
866 278 898 278
561 810 593 810
721 350 753 350
835 157 867 157
928 229 943 230
60 267 60 299
555 865 565 867
682 568 692 570
182 138 192 140
7 836 7 868
710 395 720 397
309 714 341 714
808 745 840 745
71 947 81 949
773 813 805 813
223 197 255 197
447 516 479 516
282 932 292 934
252 595 284 595
546 973 578 973
511 142 537 142
984 484 999 485
537 456 547 458
269 731 301 731
308 792 310 802
701 383 711 385
291 8 323 8
830 490 862 490
907 783 939 783
480 455 512 455
593 593 625 593
661 555 693 555
817 155 849 155
321 870 323 880
922 218 932 220
959 164 985 164
340 404 342 414
783 887 793 889
393 517 425 517
801 89 816 90
10 708 10 740
132 377 134 387
793 653 825 653
5 307 5 339
924 781 956 781
183 938 193 940
883 770 893 772
605 723 637 723
788 102 820 102
728 900 760 900
393 267 425 267
442 67 474 67
238 350 270 350
485 17 493 19
855 428 865 430
404 108 414 110
591 289 623 289
518 920 550 920
326 321 336 323
510 469 525 470
481 228 513 228
632 515 664 515
695 175 705 177
683 349 715 349
74 685 106 685
89 111 99 113
170 188 177 191
584 651 616 651
536 890 568 890
460 533 492 533
261 881 271 883
507 649 517 651
386 485 418 485
650 920 682 920
233 33 243 35
642 302 674 302
625 68 654 68
10 495 10 527
431 623 463 623
653 915 685 915
267 235 277 237
146 353 156 355
476 697 508 697
9 968 11 978
475 619 507 619
696 353 728 353
287 18 319 18
739 596 771 596
660 798 692 798
727 732 759 732
4 192 4 224
134 840 136 850
237 959 269 959
91 237 101 239
861 803 871 805
449 803 459 805
134 420 166 420
511 688 521 690
101 738 111 740
393 425 403 427
138 659 148 661
18 274 18 306
954 383 964 385
143 0 153 2
218 147 250 147
261 898 293 898
463 672 495 672
61 704 71 706
930 957 962 957
146 667 178 667
777 932 787 934
400 32 432 32
692 733 724 733
295 129 305 131
391 399 423 399
386 965 396 967
394 632 404 634
451 519 461 521
260 357 270 359
899 552 931 552
11 795 43 795
716 836 748 836
236 818 268 818
460 144 470 146
328 131 360 131
453 81 463 83
329 448 361 448
829 985 860 985
877 976 909 976
944 307 976 307
881 34 913 34
517 302 542 302
26 594 26 626
92 231 124 231
273 98 283 100
638 282 648 284
103 82 105 92
1 539 1 571
172 318 182 320
318 283 320 293
675 496 685 498
317 812 349 812
951 843 978 843
932 782 964 782
4 406 6 416
805 906 837 906
217 898 227 900
402 630 434 630
471 52 503 52
583 607 615 607
333 52 343 54
115 213 117 223
904 887 914 889
665 515 697 515
911 968 921 970
918 0 950 0
182 704 192 706
578 616 610 616
732 580 764 580
554 609 586 609
277 618 287 620
540 487 550 489
996 875 999 882
66 586 68 596
871 798 903 798
596 336 628 336
233 580 243 582
241 149 251 151
380 702 390 704
302 139 334 139
958 444 986 444
107 735 138 735
792 712 824 712
312 473 322 475
82 351 92 353
779 968 789 970
22 638 22 670
122 703 154 703
331 258 341 260
324 995 339 996
509 424 541 424
41 899 41 931
456 866 466 868
287 264 319 264
369 403 401 403
638 795 648 797
160 502 170 504
350 554 360 556
95 961 127 961
461 887 493 887
191 38 223 38
161 816 193 816
950 337 982 337
916 353 923 355
293 368 325 368
954 160 964 162
786 138 796 140
146 240 178 240
706 190 738 190
199 708 209 710
69 49 71 59
441 184 473 184
901 130 933 130
596 883 628 883
359 369 391 369
368 907 378 909
870 575 902 575
157 611 167 613
385 58 395 60
713 979 745 979
874 527 879 531
259 757 291 757
952 247 984 247
850 379 860 381
710 15 742 15
658 297 690 297
795 353 805 355
408 989 440 989
988 236 999 237
829 341 837 343
408 714 440 714
497 776 529 776
140 178 150 180
327 428 337 430
254 709 264 711
29 532 61 532
555 662 587 662
309 258 319 260
821 8 831 10
848 244 880 244
387 596 397 598
933 194 943 196
364 135 374 137
380 116 390 118
212 99 222 101
933 685 965 685
634 491 665 491
205 488 215 490
166 781 176 783
639 274 671 274
824 884 856 884
352 301 384 301
9 642 9 674
14 559 43 559
933 778 965 778
790 833 800 835
315 735 347 735
806 872 838 872
816 83 826 85
858 519 890 519
48 561 76 561
311 238 321 240
547 46 557 48
786 172 818 172
275 494 307 494
978 787 999 787
610 820 642 820
160 213 162 223
881 258 891 260
694 613 709 614
957 726 967 728
44 354 46 364
433 62 465 62
372 530 382 532
945 252 977 252
298 472 330 472
716 278 748 278
671 184 703 184
53 645 63 647
969 624 982 625
808 138 840 138
90 586 92 596
280 542 290 544
800 383 810 385
565 613 597 613
587 961 619 961
108 172 110 182
834 608 866 608
750 419 782 419
131 149 141 151
350 632 360 634
780 229 812 229
309 337 341 337
973 310 999 310
426 646 458 646
895 312 927 312
665 904 675 906
232 271 242 273
119 101 129 103
207 199 239 199
442 851 452 853
305 685 337 685
820 64 852 64
402 116 412 118
484 316 516 316
813 620 845 620
424 192 456 192
945 490 977 490
913 59 945 59
287 258 297 260
470 135 502 135
743 847 753 849
909 55 941 55
343 373 353 375
529 923 539 925
419 711 429 713
284 222 294 224
177 732 187 734
947 986 972 986
607 681 639 681
296 210 328 210
291 990 301 992
654 172 686 172
534 863 549 864
396 891 406 893
980 449 990 451
544 983 576 983
388 23 420 23
808 571 818 573
720 410 750 410
516 482 526 484
21 981 53 981
234 254 244 256
768 250 778 252
572 58 582 60
453 86 463 88
456 410 488 410
506 735 532 735
761 817 793 817
1 825 1 857
470 383 480 385
935 335 967 335
288 232 320 232
134 86 144 88
471 803 481 805
110 663 142 663
439 546 471 546
959 564 969 566
57 592 57 624
685 473 695 475
485 181 517 181
199 460 209 462
269 365 279 367
452 345 462 347
757 163 789 163
922 833 932 835
701 98 733 98
350 477 365 478
605 926 637 926
610 571 642 571
259 193 291 193
183 797 193 799
536 677 568 677
744 311 776 311
79 946 111 946
528 53 538 54
947 360 957 362
889 864 921 864
617 178 627 180
492 766 502 768
244 391 254 393
940 11 970 11
418 302 450 302
872 771 882 773
892 732 922 732
390 830 422 830
271 471 303 471
203 937 235 937
522 830 549 830
225 539 235 541
347 789 379 789
944 194 976 194
330 673 362 673
803 68 835 68
166 268 176 270
53 720 63 722
270 398 302 398
334 790 366 790
956 816 984 816
922 864 954 864
571 111 603 111
685 829 717 829
485 839 495 841
387 744 419 744
572 53 604 53
845 961 855 963
957 241 978 241
34 943 36 953
539 828 571 828
909 942 941 942
226 13 236 15
807 819 839 819
39 752 49 754
339 862 349 864
339 327 371 327
8 836 8 868
870 574 902 574
342 488 374 488
958 555 990 555
686 61 701 62
753 407 763 409
424 99 456 99
445 814 455 816
493 755 525 755
381 93 391 95
784 726 791 729
847 848 879 848
617 244 627 246
77 881 77 913
774 502 806 502
150 732 154 737
957 166 989 166
931 367 941 369
25 465 35 467
970 735 999 735
625 716 635 718
226 245 236 247
128 970 138 972
674 813 706 813
967 211 991 211
917 337 949 337
78 968 88 970
231 283 233 293
33 594 33 626
606 444 616 446
216 599 248 599
332 950 342 952
316 256 348 256
641 925 673 925
552 857 562 859
239 881 249 883
323 204 333 206
605 963 637 963
526 12 558 12
168 905 168 937
272 744 287 745
866 135 898 135
589 249 621 249
319 522 351 522
436 513 446 515
696 151 728 151
739 906 771 906
523 977 555 977
434 990 444 991
248 963 280 963
57 131 67 133
631 513 663 513
22 517 24 527
735 340 767 340
222 1 246 1
127 574 129 584
390 918 422 918
628 247 654 247
877 257 909 257
31 169 33 179
471 126 481 128
273 95 283 97
455 740 487 740
699 491 731 491
912 592 944 592
219 595 251 595
374 155 406 155
430 653 462 653
511 282 521 284
259 250 269 252
151 195 183 195
144 857 154 859
99 990 131 990
370 938 402 938
301 473 311 475
168 283 170 293
968 271 978 273
53 918 55 928
72 39 82 41
57 176 67 178
102 245 104 253
70 500 80 502
828 509 860 509
549 572 581 572
803 466 835 466
345 469 377 469
577 745 609 745
386 493 396 495
443 655 453 657
265 7 297 7
579 453 589 455
295 632 305 634
266 391 276 393
506 463 516 465
265 784 297 784
225 925 235 927
199 631 209 633
11 836 11 868
282 599 314 599
489 370 521 370
255 856 265 858
464 364 496 364
116 12 126 14
646 572 675 572
25 22 35 24
12 988 44 988
790 131 822 131
23 708 33 710
66 971 68 981
908 937 940 937
723 562 755 562
361 862 371 864
772 851 782 853
805 523 833 523
193 757 225 757
902 890 912 892
368 904 378 906
436 392 468 392
883 155 915 155
689 530 721 530
763 336 795 336
303 994 335 994
971 752 981 754
515 605 547 605
853 116 863 118
349 276 381 276
478 965 510 965
14 28 24 30
252 605 254 615
594 470 626 470
656 788 688 788
966 170 976 172
113 670 123 672
956 591 988 591
396 524 428 524
593 897 625 897
889 197 921 197
508 583 540 583
43 329 45 339
856 252 888 252
755 212 782 212
345 646 377 646
654 6 686 6
551 349 583 349
739 478 771 478
790 388 822 388
82 128 92 130
434 407 444 409
100 472 132 472
923 591 955 591
471 716 481 718
254 482 256 492
313 250 323 252
930 30 962 30
414 970 424 972
269 178 276 181
465 22 475 24
817 480 849 480
319 521 351 521
12 495 12 527
145 92 177 92
341 156 373 156
923 69 933 71
928 485 960 485
715 390 747 390
333 775 365 775
138 402 170 402
17 561 17 593
175 0 177 10
258 866 268 868
904 642 936 642
140 518 150 520
453 620 463 622
688 116 698 118
992 562 999 565
182 294 192 296
113 553 123 555
370 954 380 956
877 635 887 637
980 708 990 710
716 168 748 168
308 504 340 504
568 388 578 390
154 660 186 660
377 22 387 24
751 215 761 217
737 67 769 67
755 885 785 885
493 380 503 382
819 885 851 885
890 407 900 409
510 579 542 579
113 22 123 24
521 818 531 820
78 643 110 643
172 360 182 362
431 620 441 622
77 990 87 992
306 825 338 825
272 812 304 812
225 178 235 180
76 174 78 184
685 978 717 978
116 39 126 41
56 592 56 624
990 843 997 846
284 383 294 385
265 791 296 791
619 400 651 400
420 313 452 313
798 357 808 359
139 454 171 454
479 395 489 397
129 694 161 694
605 792 615 794
812 481 844 481
942 72 969 72
768 968 778 970
65 148 96 148
488 467 520 467
50 139 60 141
321 580 331 582
584 844 616 844
695 452 727 452
10 642 10 674
312 526 344 526
344 656 354 658
490 757 522 757
240 199 272 199
489 670 521 670
10 147 10 179
359 961 391 961
754 870 786 870
850 104 882 104
588 675 620 675
575 872 607 872
979 864 989 866
400 436 410 438
533 980 543 982
406 77 438 77
397 17 407 19
145 303 177 303
192 417 202 419
753 843 785 843
929 138 939 140
625 755 657 755
155 986 187 986
943 341 975 341
845 779 877 779
638 850 670 850
215 789 247 789
542 872 574 872
166 451 198 451
696 591 728 591
668 234 678 236
227 792 229 802
393 998 406 999
973 268 988 269
702 821 734 821
580 744 612 744
917 562 949 562
955 387 986 387
166 20 198 20
981 853 988 855
868 161 900 161
445 172 455 174
463 178 473 180
648 213 680 213
472 133 504 133
215 294 225 296
193 752 203 754
643 661 675 661
245 776 277 776
306 97 316 99
827 878 859 878
71 936 73 946
442 596 452 598
288 33 320 33
919 233 926 236
460 530 492 530
702 411 734 411
443 763 447 768
429 794 439 796
566 83 598 83
861 703 893 703
220 564 252 564
887 370 897 372
698 659 708 661
827 17 837 19
108 104 140 104
759 403 769 405
381 516 413 516
74 97 76 107
705 420 715 422
285 636 287 646
195 918 199 923
234 589 244 591
36 306 68 306
751 156 783 156
232 732 242 734
716 918 748 918
757 148 789 148
788 787 820 787
48 559 80 559
938 233 948 235
604 162 636 162
792 166 824 166
95 360 105 362
169 219 179 221
565 513 597 513
886 116 896 118
767 975 777 977
79 951 111 951
955 441 987 441
302 990 312 992
513 421 545 421
429 793 461 793
169 216 179 218
901 512 933 512
695 110 727 110
713 738 740 738
97 148 129 148
723 105 755 105
870 207 902 207
333 241 365 241
117 377 119 387
493 220 503 222
763 513 795 513
498 355 530 355
156 391 166 393
775 993 790 994
945 112 977 112
666 957 698 957
539 674 554 675
444 609 454 611
275 75 307 75
22 902 22 934
967 184 999 184
400 497 410 499
385 301 417 301
169 819 179 821
188 533 198 535
158 93 168 95
795 473 805 475
731 515 761 515
365 361 397 361
814 914 846 914
34 125 36 135
459 481 491 481
674 583 683 585
216 763 226 765
528 165 560 165
388 400 420 400
264 460 274 462
364 410 374 412
368 834 370 844
891 115 923 115
836 756 868 756
848 503 880 503
757 250 767 252
258 9 290 9
853 582 885 582
645 929 655 931
200 581 210 583
246 387 278 387
106 794 106 826
280 903 290 905
914 35 946 35
136 928 138 938
23 261 33 263
832 8 842 10
354 699 386 699
807 477 839 477
25 553 35 555
197 206 207 208
457 702 467 704
949 408 981 408
3 395 3 427
778 527 810 527
800 506 810 508
712 763 744 763
839 724 871 724
355 978 387 978
356 439 366 441
313 980 345 980
806 215 816 217
104 866 136 866
43 425 53 427
485 258 495 260
192 77 207 78
549 471 574 471
650 534 682 534
935 74 964 74
745 636 755 638
174 627 206 627
652 215 662 217
627 282 637 284
637 995 647 997
517 307 527 309
459 42 491 42
2 737 2 769
904 226 936 226
214 928 246 928
561 792 571 794
763 436 773 438
519 394 551 394
750 86 760 88
408 839 418 841
190 773 222 773
728 329 760 329
405 875 415 877
459 517 491 517
187 523 197 525
899 738 931 738
968 726 978 728
88 609 120 609
204 758 236 758
253 518 263 520
26 429 26 461
893 584 925 584
0 297 0 329
378 609 388 611
570 913 602 913
800 141 832 141
490 270 522 270
650 580 660 582
351 341 366 342
512 294 522 296
521 443 553 443
882 854 892 856
356 642 366 644
710 262 742 262
56 542 66 544
515 632 525 634
148 9 150 19
829 598 861 598
372 193 404 193
813 121 845 121
973 576 988 577
992 39 997 43
379 172 389 174
198 116 208 118
607 596 639 596
664 662 696 662
616 559 620 564
885 628 917 628
400 6 432 6
584 954 591 957
780 995 790 997
117 318 149 318
681 840 713 840
955 153 985 153
15 528 17 538
339 329 371 329
558 429 590 429
20 225 20 257
293 970 303 972
212 655 222 657
337 910 369 910
172 918 174 928
811 56 843 56
463 708 473 710
769 111 801 111
117 323 149 323
98 206 108 208
257 376 289 376
746 500 778 500
775 561 807 561
249 283 251 293
201 770 211 772
621 72 646 72
129 192 160 192
47 929 47 961
27 902 27 934
436 423 468 423
77 425 79 435
959 878 987 878
483 573 515 573
507 345 517 347
697 312 729 312
205 972 237 972
691 969 701 971
586 250 596 252
965 270 997 270
441 183 473 183
369 566 396 566
320 935 352 935
779 363 811 363
856 218 866 220
842 613 874 613
495 444 502 447
724 297 735 298
204 600 236 600
257 493 259 503
358 343 390 343
120 447 130 449
659 198 669 200
897 318 929 318
161 954 171 956
796 132 828 132
992 464 999 467
754 337 786 337
720 173 752 173
992 102 999 105
787 582 819 582
405 147 437 147
294 881 304 883
303 630 335 630
67 785 99 785
783 418 815 418
199 749 209 751
724 388 756 388
276 711 286 713
433 356 465 356
978 342 999 342
320 743 352 743
533 139 565 139
671 518 703 518
902 284 934 284
466 132 498 132
145 574 147 584
753 927 758 931
456 906 466 908
940 905 972 905
67 962 77 964
192 925 202 927
217 998 249 998
589 621 621 621
510 497 542 497
170 466 180 468
718 65 750 65
387 33 419 33
346 903 356 905
120 889 122 899
939 497 971 497
165 520 175 522
308 758 310 768
40 535 50 537
433 218 465 218
34 594 34 626
574 684 606 684
907 200 939 200
923 997 955 997
458 562 490 562
519 419 551 419
522 172 554 172
17 505 49 505
445 175 455 177
372 460 404 460
592 361 607 362
825 48 857 48
839 667 871 667
68 421 100 421
349 898 359 900
866 640 898 640
918 532 950 532
967 471 999 471
244 454 254 456
862 438 894 438
331 545 363 545
505 211 537 211
742 310 774 310
384 595 416 595
540 782 572 782
591 237 623 237
396 683 428 683
270 395 280 397
359 929 369 931
325 653 357 653
866 506 876 508
466 439 476 441
288 574 298 576
822 642 854 642
17 935 17 967
548 146 558 148
825 11 857 11
46 329 48 339
589 617 621 617
726 332 758 332
92 794 92 826
669 218 679 220
319 307 329 309
930 659 962 659
1 770 3 780
345 645 377 645
914 168 946 168
71 455 81 457
759 884 790 884
601 435 633 435
14 495 14 527
496 580 506 582
503 268 535 268
584 561 594 563
495 464 505 466
113 255 145 255
481 766 491 768
481 641 491 643
368 786 378 788
41 191 43 201
391 167 401 169
140 215 150 217
199 258 209 260
795 241 827 241
456 730 488 730
225 866 235 868
556 344 588 344
749 434 781 434
744 321 776 321
772 510 804 510
245 777 277 777
309 781 319 783
786 505 818 505
407 728 439 728
883 328 914 328
206 729 238 729
103 506 105 516
86 759 88 769
24 378 34 380
46 929 46 961
684 599 716 599
450 527 480 527
136 340 138 350
590 802 622 802
356 339 388 339
385 48 415 48
419 743 451 743
517 313 549 313
73 454 105 454
103 786 113 788
647 143 657 145
188 271 198 273
689 450 721 450
10 69 10 101
689 102 721 102
956 815 986 815
647 148 679 148
560 592 570 594
963 320 973 322
478 310 510 310
192 467 202 469
81 559 113 559
140 432 172 432
664 341 696 341
631 439 641 441
362 39 394 39
833 639 843 641
336 630 368 630
792 811 824 811
901 505 933 505
473 44 505 44
318 496 328 498
230 206 237 208
600 402 632 402
266 834 268 844
435 294 445 296
656 885 688 885
728 675 738 677
7 869 7 901
592 699 624 699
952 102 984 102
587 740 619 740
72 741 74 751
108 607 140 607
912 53 944 53
1 66 1 98
905 823 937 823
794 908 826 908
989 993 999 995
703 198 713 200
428 305 460 305
911 218 921 220
762 668 794 668
165 115 175 117
50 929 50 961
284 126 294 128
496 609 520 609
288 855 298 857
9 836 9 868
934 142 966 142
157 668 167 670
76 149 86 151
21 836 21 868
405 126 415 128
908 673 940 673
166 938 168 948
405 462 437 462
854 917 886 917
28 139 38 141
99 872 99 904
77 759 79 769
660 525 692 525
114 77 124 79
723 428 733 430
169 556 178 558
122 854 132 856
443 26 475 26
672 597 704 597
479 294 489 296
118 221 128 223
173 96 175 106
285 572 317 572
178 373 188 375
952 249 984 249
965 294 977 295
607 463 639 463
533 752 565 752
428 448 460 448
747 158 779 158
672 749 682 751
451 946 483 946
334 613 366 613
494 563 517 563
150 360 160 362
844 506 854 508
382 881 414 881
761 391 793 391
961 762 993 762
558 645 590 645
840 91 872 91
415 696 447 696
108 825 140 825
636 143 646 145
337 954 347 956
496 653 528 653
588 980 598 982
876 27 908 27
96 872 98 882
428 449 460 449
164 759 166 769
517 58 527 60
252 636 254 646
293 369 325 369
785 93 817 93
878 66 910 66
455 628 487 628
298 785 330 785
780 967 812 967
931 321 962 321
707 770 717 772
291 125 323 125
874 945 906 945
732 670 764 670
115 466 125 468
378 436 388 438
709 866 733 866
762 740 794 740
531 878 546 879
636 896 665 896
409 242 419 244
333 724 343 726
612 929 644 929
717 125 749 125
148 134 180 134
850 480 882 480
469 453 479 455
324 539 334 541
926 110 958 110
515 112 547 112
899 794 909 796
589 36 621 36
663 509 695 509
900 278 932 278
437 109 447 111
682 60 714 60
618 25 650 25
450 663 482 663
497 948 507 950
97 931 107 933
199 530 209 532
795 380 805 382
680 780 712 780
767 53 777 55
386 969 411 969
235 3 245 5
485 178 495 180
330 636 332 646
910 426 942 426
689 885 721 885
308 444 318 446
527 150 559 150
799 41 809 43
389 113 421 113
736 469 746 471
277 953 308 953
675 678 707 678
888 389 920 389
255 605 257 615
752 442 784 442
557 51 589 51
958 449 968 451
710 16 742 16
30 847 30 879
913 403 923 405
824 690 856 690
924 975 956 975
930 650 957 650
187 835 197 837
650 489 682 489
949 379 959 381
445 285 477 285
143 73 175 73
569 826 584 827
888 383 898 385
273 612 283 614
217 696 249 696
342 965 352 967
841 783 873 783
702 969 712 971
423 407 433 409
818 109 850 109
423 175 433 177
154 564 186 564
622 350 654 350
683 486 693 488
248 752 280 752
730 253 762 253
5 803 5 835
511 675 538 675
758 210 790 210
356 132 366 134
59 673 61 683
641 22 651 24
767 639 777 641
129 243 161 243
169 110 201 110
336 16 368 16
936 820 968 820
107 766 117 768
452 485 484 485
863 138 873 140
149 399 157 401
188 732 198 734
887 917 919 917
279 473 289 475
650 839 682 839
968 790 995 790
703 468 713 470
487 477 497 479
539 777 549 779
182 297 192 299
492 763 502 765
315 973 347 973
409 576 441 576
452 487 462 489
529 839 539 841
738 247 770 247
67 631 77 633
445 539 455 541
862 182 894 182
850 301 882 301
956 314 978 314
171 13 181 15
383 224 415 224
244 574 254 576
529 555 561 555
843 900 875 900
564 22 574 24
558 289 590 289
693 31 703 33
882 286 914 286
810 414 842 414
633 647 665 647
54 49 54 81
593 733 625 733
523 187 555 187
659 714 691 714
643 946 675 946
305 629 337 629
379 540 389 542
114 822 124 824
332 38 364 38
314 707 346 707
28 780 60 780
354 744 386 744
519 922 551 922
916 156 948 156
951 954 961 956
609 739 641 739
123 82 133 84
649 283 681 283
949 311 976 311
243 715 275 715
140 889 172 889
264 49 266 57
706 857 716 859
367 214 399 214
592 533 624 533
614 377 624 379
482 28 514 28
852 596 867 597
468 832 500 832
127 167 159 167
568 185 600 185
839 26 871 26
266 454 276 456
384 664 416 664
943 126 953 128
886 270 918 270
368 731 400 731
842 862 849 864
974 15 987 16
734 425 744 427
694 576 726 576
695 373 705 375
643 941 675 941
105 49 107 59
302 542 312 544
827 364 859 364
411 64 443 64
17 755 27 757
130 166 162 166
24 147 24 179
156 905 156 937
915 342 947 342
161 357 171 359
660 811 692 811
616 313 648 313
78 914 78 946
525 680 557 680
181 993 213 993
375 715 407 715
148 469 180 469
303 342 313 344
248 70 280 70
831 581 863 581
36 245 68 245
786 325 818 325
170 827 172 837
6 573 16 575
51 269 51 301
144 724 154 726
140 884 148 886
591 383 601 385
381 940 391 942
665 407 675 409
796 752 828 752
901 161 916 162
517 559 549 559
79 601 89 603
230 447 240 449
78 49 80 59
722 788 754 788
204 157 214 159
89 297 99 299
465 727 497 727
652 473 662 475
583 938 593 940
830 80 840 82
320 183 330 185
681 14 713 14
833 747 865 747
756 542 788 542
354 618 364 620
780 871 812 871
968 756 999 756
704 31 714 33
210 271 220 273
882 86 892 88
462 846 472 848
841 29 873 29
823 846 855 846
694 92 726 92
686 20 718 20
973 458 999 458
146 586 156 588
169 822 179 824
176 155 208 155
456 121 488 121
495 682 527 682
236 413 246 415
847 718 862 719
901 689 933 689
947 503 974 503
458 229 490 229
866 290 898 290
881 204 891 206
521 175 529 177
757 76 789 76
273 386 300 386
183 49 185 59
460 460 492 460
580 288 612 288
553 744 579 744
131 808 133 818
254 732 286 732
326 348 358 348
263 803 265 813
486 83 518 83
362 798 372 800
462 798 494 798
3 902 3 934
487 79 512 79
305 881 315 883
8 686 8 718
726 166 758 166
932 289 964 289
231 73 241 75
11 429 11 461
836 698 868 698
663 632 673 634
729 338 761 338
70 267 70 299
730 341 762 341
236 937 268 937
332 373 342 375
877 276 909 276
834 499 844 501
683 580 693 582
37 550 47 552
603 327 613 329
484 317 516 317
700 231 732 231
35 844 35 876
745 428 755 430
438 147 470 147
388 719 420 719
789 902 821 902
66 990 76 992
914 549 946 549
651 137 683 137
699 331 731 331
808 296 820 297
598 737 630 737
552 419 584 419
319 317 351 317
587 443 619 443
462 297 493 297
794 734 826 734
39 899 39 931
798 847 808 849
355 235 365 237
700 687 732 687
286 828 318 828
58 267 58 299
777 974 809 974
6 570 16 572
41 202 43 212
510 821 520 823
76 11 78 21
116 786 116 818
562 495 589 495
356 464 366 466
445 786 455 788
973 720 999 720
205 759 237 759
710 954 720 956
80 425 82 435
396 518 406 520
874 561 906 561
666 294 676 296
839 803 849 805
933 499 943 501
300 304 332 304
561 838 593 838
947 434 979 434
275 569 285 571
179 235 189 237
164 406 174 408
422 339 454 339
325 343 357 343
378 502 410 502
947 831 979 831
877 201 909 201
101 759 103 769
476 984 508 984
847 844 879 844
47 594 47 626
792 931 824 931
494 66 517 66
985 733 999 734
813 4 845 4
324 903 334 905
893 734 925 734
598 301 608 303
253 11 285 11
438 193 470 193
397 178 407 180
273 146 283 148
149 138 159 140
529 842 561 842
66 377 68 387
281 962 313 962
555 688 565 690
827 887 837 889
93 994 125 994
856 221 866 223
374 660 384 662
318 585 350 585
523 168 555 168
856 968 866 970
372 459 404 459
845 288 877 288
43 88 75 88
508 698 540 698
778 425 788 427
926 675 958 675
640 917 672 917
129 517 161 517
320 490 352 490
866 457 898 457
632 990 664 990
238 929 248 931
529 672 561 672
105 183 137 183
302 769 334 769
237 725 269 725
260 977 292 977
343 577 347 582
35 274 35 306
277 373 287 375
64 321 74 323
687 409 719 409
250 938 252 948
378 503 410 503
232 263 264 263
623 367 633 369
946 403 978 403
220 663 230 665
72 398 82 400
197 149 207 151
400 701 432 701
955 423 970 424
664 440 674 442
706 17 716 19
966 968 976 970
891 927 901 929
253 310 263 312
514 763 524 765
780 563 812 563
124 670 134 672
751 978 783 978
44 571 76 571
353 591 385 591
173 305 205 305
72 892 72 924
939 786 971 786
220 569 230 571
915 287 947 287
726 792 758 792
456 0 488 0
375 988 407 988
100 455 102 465
652 197 684 197
894 353 904 355
260 792 262 802
423 965 455 965
385 316 417 316
721 318 731 320
671 777 703 777
368 85 400 85
905 654 937 654
606 923 638 923
683 278 715 278
133 851 143 853
273 377 283 379
569 425 579 427
275 115 285 117
389 170 404 171
386 178 396 179
73 422 105 422
428 927 460 927
895 763 927 763
506 518 516 520
227 929 237 931
529 247 561 247
569 861 601 861
988 496 999 497
485 749 495 751
843 875 875 875
749 420 759 422
976 644 991 645
268 938 270 948
955 163 985 163
433 819 465 819
837 360 847 362
237 705 269 705
219 149 229 151
911 944 943 944
897 395 907 397
244 92 276 92
391 152 423 152
653 684 685 684
636 193 668 193
964 240 993 240
630 874 662 874
664 132 696 132
307 340 339 340
23 627 23 659
605 828 637 828
428 36 456 36
832 212 864 212
397 12 407 14
577 56 601 56
157 29 189 29
107 765 139 765
472 774 504 774
685 96 717 96
835 199 867 199
285 546 295 548
48 929 48 961
313 981 323 983
486 185 501 186
965 457 994 457
910 958 920 960
33 997 40 999
457 757 489 757
339 456 349 458
58 157 68 159
819 628 851 628
240 964 272 964
554 215 586 215
507 14 539 14
723 234 733 236
909 458 941 458
904 511 933 511
367 609 377 611
333 154 365 154
820 40 852 40
320 433 352 433
350 792 360 794
729 379 739 381
789 202 821 202
848 258 858 260
822 105 854 105
448 616 463 617
472 393 504 393
143 619 153 621
595 749 605 751
843 8 853 10
350 66 360 68
864 423 896 423
598 513 630 513
83 759 85 769
193 138 203 140
291 413 298 415
478 994 510 994
644 12 676 12
992 76 999 79
282 45 314 45
636 377 646 379
810 540 842 540
883 104 915 104
617 577 649 577
132 619 142 621
42 651 74 651
693 468 702 470
517 777 527 779
340 345 372 345
676 941 708 941
283 696 315 696
782 278 814 278
594 799 626 799
58 553 68 555
22 147 22 179
275 488 285 490
822 975 832 977
935 938 945 940
518 244 528 246
985 263 999 264
17 869 17 901
296 590 328 590
182 71 214 71
435 119 467 119
629 492 660 492
502 435 534 435
489 565 521 565
843 371 875 371
814 345 824 347
781 416 813 416
649 938 659 940
829 52 861 52
275 155 307 155
789 425 799 427
426 429 458 429
355 52 365 54
973 941 988 942
973 745 999 745
364 414 396 414
299 598 331 598
193 251 203 253
842 789 874 789
315 346 325 348
588 968 620 968
535 832 567 832
528 810 560 810
608 823 640 823
478 354 510 354
480 29 494 30
423 926 455 926
67 724 77 726
588 662 620 662
734 97 766 97
88 585 119 585
389 376 421 376
839 473 849 475
387 618 397 620
706 907 738 907
11 180 13 190
12 971 14 981
177 327 187 329
956 837 979 837
530 860 562 860
737 57 769 57
754 152 786 152
603 716 613 718
265 452 297 452
588 266 620 266
103 318 105 328
677 807 709 807
978 439 993 440
935 149 967 149
656 886 688 886
125 67 135 69
890 469 900 471
467 990 499 990
597 702 607 704
41 594 41 626
759 70 791 70
687 7 719 7
582 182 614 182
926 83 958 83
865 419 897 419
662 17 672 19
974 356 982 358
598 476 630 476
265 183 297 183
714 601 746 601
311 803 313 813
452 181 484 181
397 834 407 836
605 74 637 74
947 103 979 103
959 391 988 391
6 902 6 934
502 932 512 934
910 516 942 516
433 352 465 352
708 302 740 302
312 861 344 861
587 439 597 441
493 716 503 718
559 324 569 326
483 595 515 595
578 615 610 615
636 465 668 465
781 890 791 892
883 657 915 657
771 420 781 422
142 341 157 342
974 850 996 850
593 305 625 305
686 439 696 441
236 731 268 731
679 744 711 744
65 147 96 147
394 255 426 255
680 753 690 755
715 914 747 914
613 766 645 766
636 969 646 971
613 291 623 293
675 149 690 150
3 225 3 257
321 744 353 744
951 108 982 108
148 265 180 265
658 63 690 63
606 11 613 14
25 506 27 516
135 241 167 241
172 954 182 956
971 77 981 79
135 786 135 818
521 439 531 441
342 715 374 715
740 553 772 553
809 16 841 16
712 291 722 293
425 885 457 885
647 803 657 805
4 550 4 582
83 155 93 157
533 515 565 515
852 558 862 560
201 304 233 304
365 884 397 884
958 390 988 390
428 414 460 414
151 431 183 431
516 592 526 594
160 752 170 754
314 245 324 247
451 53 461 55
630 759 640 761
950 827 982 827
513 602 545 602
36 800 36 832
50 202 52 212
662 972 694 972
606 345 616 347
784 192 816 192
184 975 216 975
456 688 466 690
466 701 498 701
649 317 681 317
137 417 147 419
155 987 187 987
783 175 793 177
595 472 627 472
678 942 710 942
202 701 234 701
367 218 399 218
202 67 212 69
6 429 8 439
843 389 858 390
110 43 142 43
828 703 860 703
721 631 753 631
46 125 56 127
53 723 74 723
278 759 280 769
647 219 657 221
719 694 751 694
432 235 442 237
30 429 30 461
377 761 387 763
363 76 393 76
472 997 504 997
305 431 337 431
499 733 531 733
738 501 770 501
83 704 93 706
477 502 509 502
379 716 389 718
641 478 673 478
104 716 114 718
204 168 214 170
389 339 421 339
72 611 74 621
542 667 574 667
494 39 526 39
334 612 366 612
443 31 475 31
761 564 771 566
382 429 414 429
912 618 944 618
303 736 335 736
269 0 279 2
111 988 143 988
912 594 944 594
589 977 621 977
237 398 269 398
760 455 792 455
596 492 628 492
374 829 389 830
431 883 463 883
184 696 216 696
903 204 913 206
320 969 352 969
708 578 723 579
209 118 219 120
232 709 242 711
135 960 167 960
597 250 607 252
444 917 474 917
635 763 645 765
378 4 410 4
4 787 36 787
825 95 857 95
381 973 413 973
538 592 548 594
954 25 986 25
626 233 658 233
196 143 206 145
778 276 810 276
265 472 297 472
3 296 3 328
0 363 0 395
734 201 744 203
463 345 473 347
86 318 96 320
483 482 493 484
895 825 905 827
61 36 69 38
919 344 951 344
879 14 905 14
44 800 44 832
630 218 657 218
241 340 273 340
530 734 562 734
226 251 236 253
245 26 277 26
752 174 784 174
517 463 525 465
804 857 814 859
161 786 163 796
731 323 741 325
384 11 416 11
521 215 553 215
447 96 457 98
272 881 282 883
175 406 207 406
965 588 997 588
920 495 952 495
550 519 560 521
867 966 899 966
324 8 356 8
600 395 610 397
955 76 987 76
812 664 844 664
57 250 89 250
835 211 867 211
604 161 636 161
587 551 619 551
278 235 288 237
636 89 646 91
14 32 46 32
126 611 128 621
542 238 552 240
637 566 669 566
199 626 231 626
239 745 271 745
45 272 45 304
685 812 717 812
595 580 627 580
898 666 930 666
433 32 465 32
720 532 752 532
123 905 133 907
33 869 33 901
228 898 238 900
938 656 970 656
0 825 0 857
603 822 635 822
345 464 355 466
804 100 836 100
236 178 246 180
349 428 359 430
594 356 626 356
127 121 159 121
103 213 105 223
51 49 51 81
231 846 241 848
55 574 87 574
971 697 997 697
848 420 855 422
754 947 786 947
375 337 407 337
398 884 430 884
847 726 857 728
208 746 240 746
523 152 555 152
432 161 464 161
630 473 640 475
796 721 828 721
857 997 889 997
913 60 945 60
806 568 838 568
754 556 786 556
550 777 560 779
427 865 459 865
647 458 679 458
469 392 497 392
995 953 999 957
263 592 273 594
278 85 310 85
547 506 557 508
920 370 930 372
687 172 719 172
115 470 147 470
729 963 752 963
247 365 257 367
791 39 823 39
816 599 848 599
523 556 555 556
690 504 722 504
53 797 53 829
581 365 613 365
846 592 878 592
931 325 963 325
868 198 900 198
646 763 678 763
412 675 444 675
673 226 705 226
831 670 863 670
127 752 137 754
997 0 999 9
737 68 769 68
515 72 547 72
303 167 313 169
551 863 583 863
202 216 212 218
775 983 807 983
9 69 9 101
243 530 253 532
305 227 337 227
920 984 947 984
151 9 153 19
120 739 130 741
670 566 702 566
30 324 40 326
430 487 440 489
50 104 52 114
51 473 61 475
212 777 244 777
918 885 950 885
448 766 458 768
40 800 40 832
321 923 353 923
454 477 464 479
242 307 252 309
944 347 976 347
808 560 840 560
825 781 857 781
298 784 330 784
193 370 224 370
706 618 720 619
933 949 965 949
78 548 110 548
114 867 114 899
472 78 504 78
889 533 921 533
725 893 757 893
757 145 767 147
375 178 385 180
791 261 823 261
459 898 469 900
277 388 287 390
949 978 974 978
639 244 649 246
115 786 115 818
196 133 228 133
954 95 986 95
681 181 713 181
239 429 249 431
806 656 838 656
530 883 562 883
854 150 886 150
850 822 871 822
455 609 465 611
956 995 988 995
552 806 584 806
445 906 455 908
758 482 768 484
59 639 69 641
820 344 852 344
676 993 708 993
258 605 260 615
233 834 235 844
297 311 329 311
964 965 996 965
302 731 334 731
102 306 134 306
463 784 478 785
38 49 38 81
312 213 322 215
289 780 321 780
864 919 896 919
415 108 447 108
618 851 628 853
869 742 901 742
169 62 179 64
255 574 265 576
4 770 6 780
709 354 741 354
291 917 301 919
630 842 651 842
696 658 728 658
73 829 73 861
238 362 270 362
26 803 26 835
391 557 423 557
216 485 226 487
35 143 35 175
627 884 659 884
401 140 433 140
597 77 607 79
639 493 671 493
745 887 752 889
207 552 239 552
693 940 725 940
225 172 235 174
339 126 349 128
171 608 173 618
841 980 851 982
728 584 738 586
632 865 664 865
339 964 371 964
506 548 538 548
544 993 576 993
679 506 689 508
713 183 736 183
617 348 649 348
2 192 2 224
858 403 868 405
430 18 462 18
438 891 442 895
715 313 747 313
863 316 895 316
436 358 468 358
265 17 275 19
59 702 91 702
721 124 753 124
755 886 787 886
851 801 883 801
166 334 198 334
298 451 330 451
342 66 349 69
272 809 282 811
522 614 554 614
297 310 329 310
375 10 407 10
793 258 803 260
880 865 912 865
621 6 653 6
898 687 930 687
784 326 816 326
925 653 957 653
812 944 844 944
619 655 629 657
962 455 994 455
186 903 188 913
310 92 342 92
317 862 327 864
614 216 621 218
872 901 904 901
873 739 905 739
560 928 592 928
859 361 891 361
922 499 932 501
907 720 939 720
194 945 226 945
773 902 788 903
695 27 710 28
845 194 855 196
892 214 924 214
857 472 889 472
469 627 501 627
767 47 799 47
865 687 897 687
236 866 246 868
342 647 352 649
252 447 262 449
335 925 345 927
310 574 320 576
112 436 114 446
947 400 979 400
711 881 743 881
773 473 783 475
881 700 913 700
364 404 374 406
514 975 546 975
445 994 477 994
324 981 334 983
752 467 784 467
255 618 265 620
559 162 587 162
754 73 786 73
63 697 73 699
338 686 370 686
94 18 126 18
136 441 168 441
400 341 432 341
378 822 388 824
616 914 648 914
603 462 635 462
698 515 730 515
834 302 866 302
791 867 823 867
512 395 522 397
616 741 648 741
354 434 386 434
673 269 705 269
61 136 71 138
789 623 821 623
707 568 739 568
609 502 619 503
863 424 895 424
610 965 642 965
856 500 888 500
518 649 528 651
860 998 892 998
655 229 670 230
213 185 242 185
973 138 983 140
425 801 457 801
568 687 600 687
405 459 415 461
271 34 303 34
715 309 747 309
380 834 382 844
882 137 914 137
303 600 311 602
473 728 505 728
641 770 673 770
552 743 584 743
435 16 467 16
841 644 873 644
76 436 78 446
714 263 729 264
513 932 523 934
421 22 431 24
108 826 140 826
739 681 771 681
628 580 638 582
817 379 827 381
656 531 688 531
440 999 472 999
749 836 781 836
440 828 472 828
412 745 444 745
622 248 654 248
830 607 862 607
674 580 682 582
482 720 514 720
765 670 797 670
828 740 860 740
447 80 479 80
12 429 12 461
937 799 965 799
353 495 385 495
74 267 74 299
624 234 634 236
652 759 662 761
981 769 988 772
471 143 481 145
65 143 96 143
468 402 500 402
778 481 785 484
11 990 21 992
75 49 77 59
536 46 546 48
844 794 854 796
964 368 974 370
246 440 256 442
275 521 285 523
940 80 950 82
796 336 828 336
899 54 931 54
844 780 876 780
466 386 498 386
944 777 976 777
857 884 888 884
72 829 72 861
55 592 55 624
868 407 878 409
866 686 898 686
411 207 421 209
801 716 811 718
131 865 163 865
671 94 703 94
200 135 210 137
787 40 819 40
259 833 291 833
532 209 564 209
724 968 734 970
913 133 945 133
296 506 306 508
596 576 628 576
875 498 907 498
176 997 208 997
649 631 673 631
107 523 117 525
654 7 686 7
490 183 505 184
448 426 458 428
364 567 396 567
838 352 870 352
593 39 625 39
142 336 149 339
65 82 75 84
776 11 808 11
787 715 819 715
852 885 884 885
160 905 160 937
251 129 261 131
281 759 283 769
145 89 155 91
118 372 150 372
393 105 425 105
52 213 54 223
389 650 399 652
237 758 267 758
935 94 967 94
2 143 12 145
6 404 21 405
346 786 356 788
497 900 529 900
408 781 418 783
335 542 345 544
94 905 96 915
404 729 436 729
796 598 828 598
896 607 928 607
775 783 807 783
414 929 424 931
800 738 832 738
682 471 713 471
257 476 267 478
342 687 374 687
782 922 814 922
104 843 106 853
876 101 908 101
666 169 698 169
550 522 560 524
812 457 844 457
885 138 895 140
493 324 503 326
933 961 964 961
228 694 260 694
738 204 748 206
587 301 597 303
338 729 370 729
592 380 602 382
151 905 151 937
944 968 954 970
711 321 743 321
594 846 626 846
900 267 932 267
395 886 427 886
265 938 267 948
280 925 290 927
819 6 851 6
981 136 996 137
401 906 411 908
967 723 999 723
96 837 106 839
317 377 327 379
422 628 454 628
6 340 8 350
138 399 148 401
69 154 101 154
692 995 702 997
254 268 264 270
329 887 361 887
672 196 704 196
562 935 594 935
529 749 539 751
625 146 635 148
67 819 69 829
10 192 12 202
822 761 854 761
225 10 257 10
865 8 875 10
929 731 957 731
618 374 628 376
332 420 364 420
764 193 794 193
168 254 200 254
336 403 368 403
18 340 18 372
493 635 525 635
743 936 775 936
802 635 832 635
901 198 933 198
638 466 670 466
97 506 99 516
716 34 748 34
834 329 866 329
590 788 622 788
851 174 883 174
329 834 331 844
232 277 242 279
673 856 705 856
81 283 83 293
17 484 27 486
895 598 927 598
710 625 742 625
298 278 330 278
168 162 200 162
411 822 421 824
948 401 979 401
765 306 797 306
669 464 701 464
673 17 683 19
474 649 484 651
851 93 883 93
289 50 299 52
323 443 355 443
976 365 999 365
772 114 804 114
249 136 281 136
843 298 875 298
687 266 718 266
521 694 553 694
881 3 913 3
583 416 615 416
787 954 797 956
806 26 838 26
536 160 564 160
124 770 156 770
164 509 174 511
21 192 21 224
782 258 792 260
510 498 520 500
32 913 32 945
737 569 769 569
102 240 112 242
159 786 159 818
751 376 761 378
0 924 0 956
408 773 440 773
847 439 862 440
681 735 713 735
134 425 136 435
231 460 241 462
577 688 587 690
741 824 773 824
390 8 422 8
20 429 20 461
87 269 89 279
1 0 1 32
17 759 19 769
638 184 670 184
369 737 383 738
494 966 526 966
525 42 557 42
942 468 972 468
241 512 273 512
186 225 218 225
654 557 664 559
492 481 523 481
225 670 257 670
719 436 729 438
411 345 418 348
792 69 824 69
408 953 440 953
268 61 278 63
241 78 273 78
960 379 970 381
59 80 91 80
492 46 502 48
580 879 612 879
916 192 948 192
559 634 574 635
813 158 845 158
745 924 752 927
772 478 804 478
685 250 695 252
806 901 838 901
510 739 542 739
353 783 385 783
718 326 750 326
357 539 389 539
114 526 146 526
699 670 731 670
815 961 822 964
800 291 832 291
46 131 56 133
687 121 719 121
45 741 47 751
804 268 836 268
711 370 721 372
838 906 870 906
917 915 949 915
853 857 885 857
741 477 773 477
451 945 483 945
654 675 683 675
930 398 953 398
475 917 507 917
135 238 145 240
149 33 159 35
358 281 390 281
169 196 201 196
268 721 300 721
209 997 241 997
836 548 868 548
379 282 389 284
486 859 518 859
648 517 680 517
909 101 941 101
422 464 432 466
575 12 605 12
770 742 802 742
27 429 29 439
913 528 923 530
16 318 18 328
14 675 14 707
270 528 302 528
29 836 29 868
125 37 157 37
89 473 91 483
811 975 821 977
777 248 809 248
506 459 538 459
695 899 727 899
203 731 235 731
10 869 10 901
561 777 571 779
179 669 189 671
479 785 511 785
14 285 16 295
531 241 563 241
591 425 601 427
908 122 940 122
68 759 70 769
744 194 776 194
958 204 968 206
548 379 558 381
682 59 714 59
406 211 438 211
650 918 682 918
336 959 368 959
331 647 341 649
367 613 399 613
153 643 163 645
35 251 45 253
632 943 664 943
461 191 493 191
24 381 34 383
465 366 496 366
762 515 794 515
164 838 166 848
682 468 692 470
446 789 478 789
516 412 526 414
27 684 37 686
970 498 999 498
704 68 736 68
599 409 631 409
386 647 401 648
621 7 653 7
135 22 145 24
566 80 576 82
558 527 590 527
941 395 973 395
637 590 668 590
541 19 573 19
420 923 452 923
660 682 692 682
670 512 702 512
473 463 505 463
535 321 545 323
51 479 61 481
480 513 488 515
432 724 442 726
617 204 649 204
52 797 52 829
567 398 599 398
429 444 439 446
209 728 241 728
849 826 875 826
465 197 475 199
260 513 270 515
308 44 340 44
631 949 663 949
11 69 11 101
290 3 300 5
334 312 366 312
444 11 459 12
705 228 737 228
464 913 496 913
384 592 394 594
950 573 982 573
399 550 431 550
321 856 331 858
972 589 999 589
461 482 471 484
843 27 875 27
602 431 634 431
490 870 522 870
843 874 875 874
323 30 355 30
759 282 769 284
286 663 296 665
988 798 999 799
259 171 291 171
851 337 883 337
689 51 718 51
368 818 400 818
572 459 604 459
166 545 198 545
784 37 816 37
249 346 259 348
684 125 716 125
295 146 305 148
630 250 640 252
838 511 870 511
142 412 152 414
536 641 568 641
930 411 962 411
7 147 7 179
852 7 884 7
864 231 896 231
667 367 699 367
969 449 979 451
481 288 513 288
809 610 841 610
541 49 573 49
487 250 497 252
56 301 88 301
798 581 830 581
294 587 326 587
78 586 80 596
128 977 160 977
902 698 934 698
242 895 274 895
188 329 220 329
614 146 624 148
932 432 964 432
436 35 468 35
993 702 997 707
692 867 724 867
265 333 297 333
381 41 413 41
598 499 608 501
145 596 155 598
501 807 511 809
593 189 625 189
126 377 128 387
430 447 462 447
473 999 505 999
694 732 726 732
775 837 807 837
27 192 27 224
465 550 497 550
829 447 861 447
856 501 888 501
45 727 47 737
615 663 647 663
129 363 161 363
802 183 834 183
183 957 215 957
290 30 322 30
771 360 781 362
549 735 581 735
357 816 389 816
6 686 6 718
770 828 802 828
275 491 285 493
170 692 202 692
536 113 568 113
242 728 274 728
332 362 364 362
188 460 198 462
655 962 687 962
182 123 214 123
966 302 998 302
962 607 994 607
423 967 433 969
119 98 129 100
965 953 994 953
902 938 912 940
640 511 672 511
775 905 807 905
146 356 178 356
36 174 68 174
548 126 558 128
922 14 954 14
569 98 601 98
751 65 778 65
958 299 986 299
597 509 629 509
36 462 46 464
592 222 602 224
785 443 817 443
551 204 561 206
73 796 73 828
552 33 584 33
590 367 600 369
56 371 88 371
798 167 829 167
689 787 721 787
363 521 373 523
370 627 402 627
725 210 757 210
874 748 906 748
629 17 639 19
815 34 847 34
52 684 62 686
280 982 312 982
426 636 436 638
847 285 879 285
18 429 18 461
496 258 506 260
430 784 462 784
46 759 56 761
40 899 40 931
573 275 605 275
415 287 447 287
533 688 543 690
116 843 118 853
59 789 69 791
56 202 58 212
471 304 503 304
87 149 97 151
585 373 595 375
576 819 608 819
974 991 999 991
836 58 868 58
690 542 722 542
485 649 495 651
869 890 879 892
42 727 44 737
751 410 783 410
542 96 552 98
348 101 358 103
636 833 646 835
312 870 314 880
605 568 615 570
0 539 0 571
141 198 173 198
740 215 750 217
427 862 437 864
386 781 396 783
943 920 970 920
229 377 239 379
958 298 986 298
275 44 307 44
320 708 352 708
409 857 419 859
547 766 557 768
357 730 389 730
679 888 686 890
410 767 442 767
39 755 49 757
246 64 278 64
277 283 287 285
964 435 991 435
48 792 58 794
906 497 938 497
918 484 950 484
243 268 253 270
656 932 666 934
619 632 629 634
154 0 156 10
805 735 837 735
573 204 583 206
400 937 431 937
403 358 435 358
490 702 500 704
331 749 341 751
203 786 213 788
874 560 906 560
667 627 699 627
401 139 433 139
132 664 142 666
664 513 696 513
31 627 31 659
954 202 986 202
575 635 607 635
420 450 452 450
408 335 440 335
880 847 912 847
504 895 536 895
933 462 965 462
812 968 822 970
381 956 413 956
407 888 417 890
888 760 920 760
983 623 990 626
415 80 430 81
587 628 619 628
454 79 486 79
148 786 148 818
742 80 752 82
768 464 800 464
390 833 415 833
123 86 133 88
721 870 753 870
587 174 619 174
536 636 546 638
55 587 65 589
163 480 195 480
943 794 953 796
498 937 530 937
106 436 108 446
683 258 693 260
558 766 568 768
571 547 603 547
394 377 426 377
281 707 313 707
103 556 113 558
702 218 712 220
996 331 999 337
761 851 771 853
528 777 538 779
511 980 521 982
6 836 6 868
257 443 289 443
750 857 760 859
521 786 553 786
95 972 105 974
624 383 634 385
576 436 586 438
228 49 230 59
376 618 386 620
581 73 610 73
526 11 558 11
752 159 784 159
923 838 955 838
951 0 983 0
403 272 435 272
441 781 473 781
760 315 792 315
973 559 983 561
559 958 569 960
329 563 361 563
330 444 340 446
328 460 338 462
266 242 276 244
747 22 757 24
858 95 887 95
155 737 187 737
594 468 626 468
649 128 681 128
865 418 897 418
444 469 476 469
584 749 594 751
136 77 168 77
374 307 384 309
576 579 608 579
496 567 528 567
719 915 751 915
683 204 693 206
955 218 965 220
620 503 652 503
739 511 771 511
265 184 297 184
22 572 54 572
430 580 440 582
597 479 607 481
195 887 197 897
390 926 422 926
55 506 57 516
9 192 9 224
704 698 736 698
868 184 900 184
768 842 800 842
376 583 408 583
875 318 885 320
493 461 525 461
937 798 965 798
816 281 848 281
377 424 409 424
949 812 981 812
376 190 408 190
520 759 530 761
25 517 27 527
91 226 123 226
681 736 713 736
779 779 811 779
172 971 182 973
66 611 68 621
638 537 670 537
266 188 276 190
232 636 242 638
316 111 348 111
659 233 691 233
778 975 788 977
314 157 324 159
29 627 29 659
203 539 213 541
410 197 420 199
170 417 180 419
535 932 545 934
759 115 791 115
47 157 57 159
293 885 325 885
806 804 838 804
195 924 227 924
62 592 62 624
345 213 355 215
22 48 54 48
415 363 447 363
592 530 624 530
945 993 955 995
64 327 66 337
550 864 582 864
877 56 909 56
279 399 289 401
711 311 743 311
719 773 751 773
0 996 10 998
933 567 965 567
329 795 339 797
891 691 923 691
906 477 938 477
550 416 582 416
426 42 458 42
924 874 934 876
245 803 247 813
175 592 185 594
938 946 966 946
606 196 638 196
687 351 719 351
158 759 160 769
317 216 349 216
228 105 238 107
475 164 507 164
616 568 626 570
689 865 721 865
765 580 797 580
862 437 894 437
293 321 303 323
796 208 806 209
347 659 379 659
170 990 180 992
533 80 565 80
152 72 184 72
402 167 412 169
957 859 967 861
828 215 838 217
844 696 876 696
861 806 893 806
377 477 387 479
892 672 924 672
321 86 331 88
120 592 130 594
390 980 400 982
379 315 411 315
592 755 624 755
482 327 492 329
161 802 171 804
123 867 123 899
323 339 355 339
38 428 40 438
247 540 257 542
374 846 384 848
764 604 796 604
559 833 569 835
429 682 461 682
888 761 920 761
649 652 681 652
147 715 179 715
523 267 555 267
763 447 795 447
144 460 154 462
245 553 277 553
141 97 151 99
610 138 620 140
500 731 532 731
352 521 362 523
189 4 196 7
119 106 151 106
151 696 183 696
507 624 539 624
93 688 103 690
424 116 434 118
267 879 299 879
89 999 121 999
891 682 923 682
367 439 377 441
135 673 145 675
19 561 19 593
375 335 407 335
450 506 460 508
818 330 850 330
983 442 996 443
445 675 477 675
739 675 749 677
298 136 330 136
617 918 649 918
839 654 871 654
487 882 519 882
333 162 365 162
781 31 791 33
926 165 956 165
140 227 172 227
443 845 466 845
457 344 489 344
334 209 366 209
122 108 154 108
478 351 510 351
107 534 117 536
970 853 980 855
264 311 296 311
256 22 266 24
310 618 320 620
868 254 900 254
563 775 595 775
935 859 945 861
711 932 721 934
658 327 690 327
595 582 627 582
390 614 422 614
201 655 211 657
556 187 588 187
803 726 813 728
937 510 969 510
881 549 913 549
563 851 573 853
787 318 797 320
708 301 740 301
10 576 10 608
945 974 977 974
959 879 987 879
694 456 721 456
220 681 230 683
227 941 237 943
805 681 837 681
3 66 3 98
435 398 467 398
881 24 896 25
962 138 972 140
326 101 336 103
671 31 681 33
22 60 22 92
462 568 472 570
482 979 514 979
684 401 716 401
173 744 205 744
209 679 219 681
688 649 720 649
521 200 553 200
197 797 199 807
108 97 140 97
17 395 27 397
345 387 377 387
449 377 459 379
796 312 828 312
528 536 560 536
370 929 380 931
820 647 830 649
55 49 65 51
325 654 357 654
906 818 938 818
784 379 816 379
407 47 439 47
84 696 94 698
326 347 358 347
124 226 139 227
51 581 61 583
597 95 626 95
808 576 840 576
506 521 516 523
661 315 693 315
769 130 801 130
7 338 39 338
159 36 191 36
582 585 612 585
843 973 875 973
228 42 260 42
924 726 934 728
70 36 80 38
785 106 817 106
493 126 503 128
748 403 758 405
388 53 398 55
124 586 134 588
995 978 997 985
74 629 106 629
806 632 838 632
561 799 593 799
670 565 702 565
628 258 638 260
930 670 962 670
788 334 820 334
38 866 38 898
232 537 264 537
878 347 910 347
94 157 126 157
874 954 884 956
315 516 347 516
91 892 91 924
184 426 194 428
423 906 433 908
90 892 90 924
944 65 976 65
28 398 38 400
812 242 844 242
869 927 879 929
107 530 117 532
85 872 87 882
501 318 511 320
945 125 976 125
181 539 191 541
71 458 81 460
265 277 275 279
199 333 231 333
829 662 861 662
38 627 48 629
3 362 3 394
327 480 359 480
751 339 783 339
765 743 797 743
602 677 634 677
96 586 98 596
987 201 997 203
692 286 724 286
429 792 461 792
799 186 831 186
383 792 393 794
181 467 191 469
39 484 49 486
253 118 263 120
835 22 845 24
91 9 93 19
488 496 498 498
400 404 402 414
229 673 261 673
665 138 675 140
24 836 24 868
175 410 185 412
464 615 471 617
443 250 453 252
24 60 24 92
244 388 254 390
48 741 50 751
652 825 684 825
564 658 596 658
277 574 287 576
594 795 604 797
638 964 670 964
433 61 465 61
536 161 564 161
239 803 241 813
699 395 709 397
770 570 802 570
892 881 902 883
904 932 936 932
374 828 406 828
746 145 756 147
586 473 596 475
298 965 308 967
53 648 63 650
112 738 119 741
703 589 735 589
265 785 297 785
246 457 278 457
800 113 832 113
883 829 915 829
505 817 537 817
422 544 454 544
143 759 145 769
661 258 671 260
988 124 998 126
584 433 616 433
523 715 555 715
226 342 258 342
961 721 993 721
671 963 686 964
886 964 901 965
248 123 280 123
664 336 696 336
881 246 913 246
382 287 414 287
122 860 154 860
12 340 12 372
587 915 619 915
880 31 890 33
720 730 752 730
705 749 715 751
857 867 889 867
899 291 931 291
448 291 458 293
113 723 145 723
899 773 931 773
698 80 708 82
904 735 936 735
335 688 345 690
178 189 210 189
932 638 942 640
883 744 915 744
883 812 915 812
627 272 659 272
973 614 983 616
571 142 603 142
459 901 491 901
226 833 258 833
419 722 451 722
191 37 223 37
330 660 340 662
389 496 399 498
410 674 442 674
448 618 480 618
287 262 319 262
776 673 808 673
25 0 27 10
419 534 451 534
13 0 15 10
174 870 176 880
355 404 357 414
55 6 65 8
17 605 17 637
92 196 102 198
753 7 785 7
466 3 473 6
186 206 196 208
949 104 979 104
88 569 98 571
662 574 694 574
583 559 615 559
2 495 2 527
605 850 637 850
718 770 728 772
583 564 615 564
635 629 667 629
457 36 489 36
341 73 351 75
679 276 711 276
369 332 401 332
734 671 766 671
481 276 513 276
490 318 500 320
695 857 705 859
924 528 934 530
802 198 812 200
551 591 581 591
286 891 296 893
18 147 18 179
455 442 487 442
375 12 385 14
777 299 809 299
882 564 892 566
913 844 945 844
165 49 167 59
613 428 623 430
431 367 463 367
460 324 470 326
972 646 982 648
620 543 652 543
53 673 55 683
714 871 746 871
462 896 487 896
584 700 616 700
675 697 707 697
697 513 729 513
940 98 972 98
264 683 296 683
59 500 69 502
517 560 549 560
246 605 248 615
714 182 746 182
869 58 901 58
12 836 12 868
345 470 377 470
954 897 986 897
139 928 141 938
367 27 399 27
2 627 2 659
423 786 433 788
844 256 876 256
673 691 705 691
838 903 870 903
459 383 469 385
310 621 320 623
2 957 2 989
617 839 649 839
754 614 764 616
904 510 936 510
321 859 353 859
292 395 302 397
372 327 382 329
324 990 334 992
589 294 599 296
101 375 133 375
228 693 260 693
671 74 703 74
553 250 563 252
667 8 677 10
312 104 344 104
900 145 910 147
925 708 935 710
22 593 54 593
123 611 125 621
347 962 379 962
284 324 294 326
325 170 357 170
26 836 26 868
65 797 65 829
333 960 365 960
140 729 172 729
74 686 106 686
912 52 944 52
514 84 546 84
242 521 252 523
921 809 953 809
913 31 923 33
351 499 361 501
190 22 200 24
811 234 821 236
753 887 760 890
408 468 440 468
169 213 179 215
52 631 55 638
906 785 938 785
333 306 365 306
148 574 150 584
869 67 901 67
640 164 672 164
193 830 203 832
372 615 404 615
975 41 984 43
331 404 333 414
441 782 473 782
23 594 23 626
60 180 60 212
97 103 107 105
57 125 67 127
35 216 45 218
50 448 52 458
968 548 990 548
16 722 46 722
849 887 859 889
61 180 61 212
637 393 665 393
558 46 568 48
48 186 58 188
528 799 560 799
746 898 778 898
241 204 273 204
0 957 0 989
292 653 324 653
870 708 880 710
831 847 846 848
321 574 353 574
449 69 481 69
573 260 605 260
786 628 818 628
881 577 913 577
116 15 126 17
456 172 488 172
808 748 840 748
283 105 293 107
915 766 947 766
73 439 75 449
579 934 611 934
165 905 165 937
201 658 233 658
935 68 967 68
340 914 350 916
10 274 10 306
97 132 129 132
456 417 485 417
25 556 35 558
3 693 3 725
28 773 38 775
39 491 71 491
511 405 521 407
456 173 488 173
482 632 492 634
116 9 126 11
257 206 267 208
79 307 81 317
393 870 395 880
176 482 178 492
290 37 322 37
5 616 5 648
676 141 708 141
251 377 261 379
793 708 803 710
492 641 502 643
883 277 915 277
864 181 894 181
53 146 61 148
398 913 430 913
40 833 40 865
74 674 76 684
56 708 66 710
842 318 852 320
367 312 399 312
481 527 491 529
341 891 351 893
288 636 290 646
2 440 4 450
654 265 686 265
198 525 230 525
521 741 553 741
897 919 929 919
278 777 310 777
314 167 324 169
629 226 639 228
542 22 552 24
66 115 76 117
848 486 858 488
227 493 229 503
578 70 610 70
632 866 664 866
927 803 937 805
661 204 671 206
673 511 705 511
445 967 455 969
556 617 588 617
40 125 42 135
346 927 361 928
969 35 976 38
565 447 597 447
184 922 194 924
685 400 717 400
451 601 483 601
400 822 410 824
104 695 136 695
446 838 478 838
666 398 698 398
626 593 658 593
669 465 701 465
67 711 77 713
377 236 409 236
110 47 142 47
92 77 102 79
243 467 268 467
4 132 6 142
445 745 477 745
485 923 495 925
432 250 442 252
629 851 639 853
966 798 973 801
73 770 75 780
87 409 97 411
801 968 811 970
643 323 653 325
974 395 999 395
860 951 888 951
342 183 352 185
978 922 999 922
214 949 246 949
766 8 798 8
776 954 786 956
238 938 240 948
903 820 935 820
313 0 323 2
807 739 839 739
753 532 785 532
787 270 819 270
41 833 41 865
80 32 105 32
761 899 793 899
116 484 126 486
57 267 57 299
581 876 613 876
322 404 324 414
493 874 503 876
34 340 34 372
801 342 828 342
373 914 383 916
590 869 622 869
415 163 447 163
129 49 131 59
441 732 451 734
353 708 363 710
156 86 166 88
240 222 250 224
823 327 855 327
427 803 437 805
353 920 385 920
851 915 883 915
797 731 829 731
312 202 344 202
871 934 903 934
391 245 401 247
372 554 382 556
263 834 265 844
434 688 444 690
681 516 713 516
668 98 700 98
958 360 990 360
55 269 55 301
541 851 551 853
941 397 973 397
326 932 336 934
839 823 871 823
311 485 313 495
113 225 145 225
493 255 525 255
392 943 402 945
781 313 813 313
429 559 439 561
812 600 827 601
954 822 986 822
800 369 831 369
10 836 10 868
168 353 178 355
253 625 285 625
232 567 264 567
584 923 594 925
68 448 70 458
366 724 376 726
550 307 560 309
165 622 173 624
341 307 351 309
154 316 186 316
14 225 14 257
412 417 422 419
900 791 932 791
559 89 569 91
759 927 769 929
794 366 826 366
207 380 217 382
465 532 497 532
616 67 648 67
600 167 610 169
638 568 648 570
781 271 791 273
768 340 800 340
864 395 874 397
335 151 367 151
653 443 685 443
982 811 997 812
392 93 402 95
847 847 879 847
580 722 612 722
121 233 153 233
527 417 559 417
660 166 692 166
329 150 361 150
507 204 517 206
981 983 994 984
821 932 828 935
35 202 37 212
504 791 536 791
129 272 136 275
866 641 898 641
262 222 272 224
226 280 258 280
78 711 88 713
516 595 548 595
42 866 42 898
362 795 372 797
532 208 564 208
188 258 198 260
287 781 297 783
254 965 264 967
714 595 746 595
107 533 139 533
679 291 711 291
428 592 438 594
188 96 190 106
881 839 913 839
654 779 685 779
785 174 817 174
666 120 698 120
995 244 999 249
974 121 989 122
102 981 129 981
284 759 286 769
253 316 285 316
280 983 312 983
955 180 987 180
472 77 504 77
607 86 617 88
198 722 203 726
862 341 894 341
708 526 740 526
5 869 5 901
765 424 797 424
334 473 366 473
299 574 309 576
939 784 971 784
869 988 901 988
626 305 658 305
760 444 792 444
731 604 763 604
615 594 647 594
942 41 952 43
161 961 193 961
688 617 720 617
73 213 75 223
401 990 433 990
739 635 768 635
121 569 131 571
867 663 899 663
978 133 999 133
364 784 396 784
110 839 142 839
140 727 172 727
492 680 524 680
514 641 524 643
129 676 161 676
216 488 226 490
921 794 931 796
495 938 505 940
707 553 739 553
472 996 504 996
950 171 957 174
436 929 446 931
625 969 635 971
407 827 439 827
300 235 310 237
15 902 15 934
26 493 28 503
541 681 573 681
976 340 991 341
212 31 244 31
933 267 965 267
582 595 614 595
334 61 344 63
686 774 718 774
438 143 470 143
225 688 257 688
688 344 720 344
613 227 628 228
624 291 634 293
395 510 425 510
369 402 401 402
92 363 95 370
911 717 943 717
923 930 955 930
711 454 743 454
438 304 470 304
79 950 111 950
415 195 447 195
673 460 705 460
470 636 480 638
248 754 280 754
52 998 84 998
909 914 941 914
432 879 464 879
268 473 278 475
439 593 471 593
869 552 898 552
816 394 848 394
857 690 889 690
1 285 3 295
782 539 814 539
206 431 238 431
917 20 949 20
372 65 387 66
682 128 714 128
861 215 871 217
15 576 15 608
745 641 755 643
87 895 87 927
721 395 731 397
146 31 178 31
223 589 233 591
460 877 492 877
230 834 232 844
446 707 478 707
885 904 917 904
719 685 751 685
483 592 493 594
319 48 351 48
612 367 622 369
46 506 48 516
190 978 222 978
99 310 109 312
789 643 821 643
418 262 445 262
181 10 213 10
3 33 3 65
460 874 470 876
427 635 459 635
864 539 896 539
210 192 225 193
690 507 722 507
330 756 362 756
915 136 947 136
897 102 929 102
396 290 428 290
509 674 538 674
863 954 873 956
661 486 671 488
682 758 714 758
70 829 70 861
962 317 992 317
240 129 250 131
85 194 117 194
71 925 73 935
816 418 831 419
342 258 352 260
852 6 884 6
356 113 388 113
188 482 190 492
84 283 86 293
412 410 422 412
106 360 116 362
91 213 93 223
947 749 957 751
732 954 742 956
333 197 343 199
930 538 962 538
573 923 583 925
332 912 364 912
132 481 164 481
182 70 214 70
565 733 592 733
3 484 3 516
569 432 601 432
388 764 398 766
688 350 720 350
277 391 287 393
515 27 547 27
727 444 759 444
151 175 161 177
352 559 362 561
729 509 761 509
598 386 630 386
440 307 450 309
654 138 664 140
496 610 511 611
262 635 294 635
562 964 588 964
609 946 641 946
700 360 715 361
614 203 645 203
394 382 426 382
805 190 837 190
884 694 916 694
671 43 703 43
339 792 349 794
547 636 557 638
129 748 161 748
734 46 766 46
437 629 469 629
463 182 495 182
437 685 469 685
426 587 456 587
649 468 659 470
169 574 171 583
317 632 327 634
56 797 56 829
53 149 61 151
63 741 65 751
123 394 155 394
216 957 248 957
495 846 505 848
878 833 888 835
257 200 267 202
273 126 283 128
693 525 725 525
110 600 142 600
210 49 212 59
751 882 783 882
441 839 451 841
29 803 29 835
19 462 21 472
420 242 452 242
795 215 805 217
440 58 450 60
772 141 799 141
722 929 732 931
35 763 67 763
337 404 339 414
647 780 679 780
125 443 157 443
548 324 558 326
378 870 380 880
19 340 19 372
805 226 837 226
27 340 27 372
972 746 999 746
895 132 927 132
91 227 123 227
327 105 337 107
890 995 900 997
91 795 91 827
866 289 898 289
162 603 194 603
358 157 368 159
820 350 852 350
890 815 922 815
71 673 73 683
271 453 303 453
320 591 352 591
507 773 539 773
99 794 99 826
627 524 659 524
947 439 977 439
891 781 923 781
834 684 866 684
877 975 909 975
280 365 290 367
731 571 741 573
386 591 418 591
154 565 186 565
503 161 535 161
89 301 121 301
974 320 984 322
456 926 488 926
638 468 648 470
330 525 362 525
10 236 12 246
179 482 181 492
747 181 762 182
833 47 865 47
196 381 206 383
581 216 591 218
687 968 719 968
348 516 380 516
977 346 991 347
220 444 230 446
813 469 823 471
704 570 736 570
728 622 760 622
423 991 433 993
611 262 643 262
860 854 870 856
752 736 762 738
795 151 827 151
965 635 975 637
40 517 42 527
434 736 466 736
932 431 964 431
724 753 734 755
769 142 801 142
113 242 145 242
13 169 15 179
372 826 404 826
469 96 479 98
418 559 428 561
303 705 335 705
137 692 169 692
388 655 398 657
9 803 9 835
687 905 694 908
680 457 712 457
339 608 371 608
368 140 400 140
548 143 558 145
239 678 249 680
956 593 988 593
369 294 379 296
430 263 462 263
135 553 145 555
794 373 804 375
904 373 914 375
137 539 169 539
205 32 237 32
204 245 214 247
718 962 728 964
548 780 580 780
827 817 859 817
831 119 863 119
936 923 968 923
17 490 27 492
261 108 271 110
216 283 218 293
676 983 708 983
80 236 112 236
745 517 777 517
462 888 472 890
214 417 224 419
946 486 953 489
70 74 80 76
288 25 320 25
139 735 149 737
670 162 702 162
396 673 428 673
465 697 475 699
346 716 356 718
518 834 547 834
584 244 594 246
622 215 629 218
106 213 108 223
789 203 821 203
490 53 500 55
638 728 664 728
483 843 515 843
701 671 733 671
25 468 35 470
301 650 311 652
397 472 429 472
672 101 704 101
764 499 796 499
841 489 873 489
49 49 49 81
445 233 477 233
901 688 933 688
682 600 714 600
228 881 238 883
198 996 230 996
740 984 769 984
819 351 851 351
78 546 110 546
815 244 847 244
936 228 968 228
12 985 22 987
608 873 640 873
319 415 351 415
191 442 223 442
396 919 428 919
136 307 138 317
183 516 215 516
898 103 930 103
176 156 208 156
105 159 115 161
900 949 932 949
288 182 320 182
506 792 516 794
973 97 988 98
481 291 491 293
467 202 499 202
264 682 296 682
669 222 679 224
122 749 132 751
866 747 898 747
710 84 738 84
89 354 91 364
726 272 758 272
565 509 596 509
35 219 45 221
246 206 256 208
839 813 871 813
671 792 681 794
914 360 924 362
320 178 330 180
735 833 745 835
79 895 81 905
382 111 414 111
208 204 240 204
649 282 681 282
13 803 13 835
186 209 196 211
224 792 226 802
259 40 291 40
765 167 797 167
433 737 465 737
30 957 32 967
823 877 855 877
727 653 759 653
836 711 846 713
133 110 143 112
350 217 382 217
548 219 558 221
748 133 780 133
104 349 114 351
702 782 734 782
963 393 995 393
378 61 388 63
926 854 936 856
570 960 602 960
109 436 111 446
577 404 587 406
127 786 127 818
650 433 682 433
534 402 566 402
32 429 32 461
105 490 115 492
425 93 435 95
36 877 36 909
946 733 978 733
562 333 594 333
761 545 793 545
972 526 987 527
765 120 797 120
935 548 967 548
160 0 162 10
988 959 992 964
419 549 451 549
726 811 758 811
892 390 924 390
353 732 363 734
916 104 948 104
940 138 950 140
525 124 557 124
320 181 352 181
623 930 633 932
875 116 885 118
820 337 850 337
841 551 873 551
304 947 336 947
130 126 140 128
60 896 60 928
408 490 418 492
909 296 941 296
424 186 456 186
690 109 718 109
841 138 851 140
173 827 175 837
28 203 30 213
850 803 860 805
119 934 129 936
760 333 770 335
907 941 939 941
704 149 736 149
770 188 802 188
472 111 504 111
57 392 89 392
628 653 660 653
661 178 671 180
293 562 325 562
277 719 309 719
415 257 447 257
232 268 242 270
549 592 559 594
864 398 896 398
155 732 165 734
152 786 154 796
766 730 798 730
345 439 355 441
768 949 800 949
204 639 206 649
30 814 30 846
575 11 605 11
756 425 766 427
112 950 122 952
284 550 299 551
179 26 211 26
193 704 203 706
622 395 632 397
541 463 573 463
34 313 44 315
308 803 310 813
150 124 182 124
964 788 979 789
738 692 770 692
63 694 73 696
196 862 228 862
661 472 693 472
338 431 370 431
147 387 179 387
316 898 326 900
189 911 199 913
957 811 981 811
520 744 552 744
214 424 246 424
927 380 937 382
896 452 928 452
879 563 911 563
652 403 662 405
892 315 923 315
232 785 264 785
178 950 188 952
167 827 169 837
656 212 688 212
398 551 430 551
824 210 856 210
818 61 850 61
728 899 760 899
4 517 4 549
923 392 955 392
647 222 657 224
408 636 410 646
836 692 868 692
103 459 135 459
945 987 977 987
974 620 998 620
890 733 922 733
287 711 297 713
365 336 397 336
649 471 681 471
169 439 179 441
118 786 118 818
885 282 917 282
337 929 347 931
409 450 419 452
85 727 95 729
631 436 641 438
614 808 646 808
312 819 322 821
210 988 242 988
421 811 445 811
933 302 965 302
718 128 750 128
936 38 968 38
192 688 202 690
139 970 149 972
308 58 318 60
673 855 705 855
973 468 999 468
49 351 59 353
455 443 487 443
706 692 737 692
693 524 725 524
421 57 451 57
50 752 60 754
20 542 22 552
547 527 557 529
299 527 331 527
187 316 219 316
363 682 395 682
387 388 391 393
696 790 728 790
954 545 986 545
926 479 941 480
518 358 550 358
687 814 697 816
933 464 965 464
900 462 932 462
790 328 822 328
202 219 234 219
165 313 190 313
481 722 513 722
149 881 152 886
218 148 250 148
696 770 706 772
308 307 318 309
786 963 814 963
0 0 0 32
278 655 288 657
473 888 481 890
647 27 679 27
51 537 83 537
816 136 848 136
269 151 301 151
177 965 187 967
941 154 973 154
23 60 23 92
789 506 799 508
565 436 575 438
218 129 228 131
15 340 15 372
353 534 385 534
517 607 549 607
209 310 219 312
883 805 915 805
302 636 312 638
502 243 534 243
427 869 437 871
157 574 159 584
288 391 298 393
762 476 794 476
203 716 235 716
112 135 122 137
532 733 564 733
139 360 149 362
556 654 588 654
872 803 882 805
785 714 817 714
473 518 483 520
627 31 637 33
648 736 680 736
99 377 101 387
304 423 336 423
180 216 190 218
247 786 257 788
515 377 525 379
540 350 555 351
50 169 82 169
791 472 823 472
494 893 526 893
106 357 116 359
11 902 11 934
583 631 615 631
751 473 761 475
651 136 683 136
744 299 776 299
302 692 334 692
320 712 352 712
515 203 547 203
337 32 369 32
730 514 762 514
816 17 826 19
464 551 494 551
212 776 244 776
280 469 312 469
191 759 193 769
890 837 922 837
932 457 964 457
626 191 658 191
946 730 978 730
237 630 269 630
503 685 535 685
103 458 135 458
480 194 512 194
224 437 234 439
224 339 256 339
187 679 197 681
177 268 187 270
725 198 735 200
800 636 810 638
134 391 144 393
874 905 906 905
734 129 766 129
786 904 818 904
542 757 574 757
490 294 500 296
944 481 974 481
396 165 428 165
680 218 690 220
391 395 401 397
571 817 598 817
78 795 78 827
24 423 56 423
653 20 685 20
574 691 606 691
581 605 613 605
711 800 721 802
198 893 208 895
534 306 566 306
940 97 972 97
67 635 77 637
416 605 448 605
366 53 376 55
177 192 209 192
427 875 437 877
308 728 340 728
754 582 786 582
84 738 86 748
84 528 86 538
932 774 964 774
50 49 50 81
871 226 903 226
726 261 758 261
638 828 670 828
877 516 909 516
685 156 717 156
251 146 261 148
53 191 55 201
209 44 241 44
593 482 603 484
694 333 726 333
228 425 238 427
310 454 317 457
287 743 319 743
575 762 607 762
56 896 56 928
312 200 344 200
952 857 984 857
333 353 365 353
810 389 842 389
705 523 737 523
151 975 183 975
177 271 187 273
389 441 399 443
272 109 304 109
28 490 38 492
570 716 580 718
55 797 55 829
200 575 210 577
298 12 308 14
960 515 992 515
622 157 654 157
30 660 37 662
410 31 442 31
255 188 265 190
348 602 380 602
47 468 57 470
107 503 139 503
652 192 684 192
794 83 804 85
246 104 278 104
382 676 392 678
35 340 35 372
532 201 564 201
71 97 73 107
25 192 25 224
576 954 583 957
128 976 160 976
188 277 198 279
120 149 130 151
205 482 215 484
816 851 826 853
336 332 368 332
384 801 394 803
32 627 32 659
758 868 788 868
263 449 295 449
635 160 667 160
330 76 362 76
326 513 336 515
588 138 598 140
457 186 485 186
432 617 447 618
369 138 401 138
53 719 81 719
618 232 650 232
57 393 89 393
31 274 31 306
185 550 217 550
313 917 323 919
689 869 721 869
104 920 114 922
793 153 825 153
653 551 685 551
416 792 418 802
181 793 191 795
121 479 131 481
36 225 38 235
251 143 261 145
969 820 997 820
7 935 7 967
55 0 65 2
89 294 99 296
103 794 103 826
979 729 990 730
760 204 770 206
306 911 338 911
745 763 755 765
364 489 396 489
572 723 604 723
880 831 912 831
930 290 962 290
262 129 272 131
863 440 886 440
498 770 530 770
128 973 138 975
547 288 579 288
725 189 757 189
482 27 514 27
337 601 369 601
158 339 190 339
511 409 543 409
391 121 422 121
662 226 672 228
954 623 982 623
453 851 463 853
725 469 735 471
52 896 52 928
75 607 107 607
140 685 172 685
767 129 799 129
811 722 843 722
779 221 789 223
306 552 338 552
279 202 311 202
929 695 961 695
697 949 729 949
82 466 92 468
17 594 19 604
655 654 687 654
111 563 143 563
980 749 990 751
313 866 323 868
628 935 660 935
294 806 304 808
393 108 403 110
873 502 905 502
729 591 761 591
864 659 896 659
790 716 800 718
603 126 613 128
930 524 962 524
75 914 75 946
7 620 7 652
838 611 870 611
699 169 731 169
422 207 432 209
568 243 600 243
255 700 287 700
283 591 315 591
580 228 612 228
44 991 54 993
639 444 649 446
976 160 986 162
409 230 441 230
622 187 654 187
790 603 822 603
441 204 451 206
880 726 890 728
695 972 727 972
217 105 227 107
925 298 957 298
336 157 346 159
646 201 656 203
917 825 927 827
231 76 263 76
573 989 602 989
719 467 751 467
630 477 640 479
881 35 913 35
630 215 640 217
959 265 990 265
56 863 56 895
733 627 765 627
24 225 26 235
50 755 60 757
121 20 153 20
742 576 774 576
316 998 331 999
481 429 491 431
341 728 373 728
509 655 519 657
863 989 895 989
804 749 814 751
529 204 539 206
138 786 138 818
702 464 734 464
673 510 705 510
478 983 510 983
583 795 593 797
110 667 112 677
869 459 901 459
391 253 423 253
761 699 793 699
835 494 867 494
940 576 972 576
575 238 585 240
964 10 991 10
633 57 665 57
658 218 668 220
860 775 892 775
763 312 795 312
506 777 516 779
544 81 554 83
327 291 337 293
75 642 77 652
506 850 538 850
648 225 680 225
344 674 376 674
833 876 865 876
390 0 400 2
941 973 973 973
736 482 746 484
905 772 937 772
148 351 180 351
724 490 756 490
626 887 656 887
462 525 494 525
87 283 89 293
496 204 506 206
1 671 1 703
399 672 429 672
881 244 913 244
834 590 866 590
453 91 485 91
84 959 94 961
420 851 430 853
255 49 257 59
623 101 655 101
787 647 797 649
296 499 306 501
966 329 998 329
577 746 609 746
938 872 970 872
540 839 550 841
58 863 58 895
506 75 538 75
68 267 68 299
301 459 327 459
102 586 112 588
433 209 465 209
554 849 586 849
401 175 411 177
799 932 809 934
94 170 126 170
482 220 492 222
378 470 410 470
493 147 525 147
89 300 121 300
241 746 273 746
937 463 969 463
500 403 532 403
430 200 454 200
33 590 65 590
136 701 168 701
796 513 828 513
126 417 136 419
640 861 667 861
144 782 154 784
906 786 938 786
289 81 315 81
644 71 676 71
243 283 245 293
280 980 312 980
62 180 64 190
124 574 126 584
21 980 53 980
855 292 887 292
658 255 690 255
203 869 235 869
629 776 661 776
911 961 921 963
690 506 722 506
838 175 867 175
90 247 92 257
784 770 794 772
330 485 352 485
482 958 492 960
683 836 715 836
816 887 826 889
101 663 103 673
291 814 301 816
810 54 832 54
661 334 693 334
577 149 609 149
172 350 204 350
946 313 978 313
859 455 887 455
767 861 799 861
516 506 526 508
860 676 892 676
625 327 635 329
325 245 335 247
16 225 16 257
433 820 465 820
400 496 432 496
777 881 809 881
739 479 771 479
121 185 146 185
531 668 563 668
482 224 514 224
644 11 676 11
218 380 228 382
540 708 550 710
726 837 741 838
251 803 253 813
418 564 450 564
167 847 199 847
874 80 884 82
173 432 205 432
178 92 210 92
340 795 350 797
783 401 815 401
19 616 19 648
659 415 688 415
641 479 673 479
482 146 492 148
246 650 256 652
670 198 680 200
412 866 422 868
827 154 858 154
575 705 607 705
857 591 889 591
630 22 640 24
123 567 155 567
902 94 934 94
859 800 891 800
636 340 668 340
561 683 593 683
759 31 769 33
968 149 999 149
280 413 290 415
997 649 999 659
696 724 703 726
253 979 283 979
314 485 329 486
991 276 999 278
674 478 689 479
677 299 709 299
985 343 999 344
376 950 386 952
621 670 649 670
716 433 748 433
133 711 143 713
59 794 91 794
5 269 12 271
591 486 616 486
536 729 568 729
796 662 828 662
659 21 688 21
616 588 643 588
364 711 374 713
291 172 301 174
206 93 208 103
588 565 603 566
702 62 734 62
10 609 10 641
713 909 745 909
600 66 615 67
671 67 703 67
942 55 974 55
669 663 701 663
558 411 565 414
975 914 999 914
605 742 637 742
986 152 999 153
818 442 850 442
460 603 492 603
267 658 299 658
377 49 387 51
845 944 877 944
174 153 206 153
784 339 816 339
259 538 291 538
626 3 636 5
313 175 323 177
210 711 220 713
598 613 630 613
426 291 436 293
572 756 604 756
364 258 374 260
342 953 374 953
291 542 301 544
524 93 534 95
39 932 39 964
944 246 951 249
81 199 91 201
1 891 1 923
361 632 371 634
467 691 496 691
256 197 288 197
58 28 90 28
225 542 235 544
92 556 102 558
555 918 587 918
405 305 427 305
793 455 825 455
62 448 64 458
889 833 899 835
554 818 564 820
690 508 722 508
598 201 630 201
199 451 231 451
860 851 870 853
205 942 215 944
855 289 865 291
750 851 760 853
768 782 800 782
162 49 164 59
745 975 755 977
605 254 637 254
402 331 434 331
748 607 780 607
182 163 192 165
83 340 85 350
936 655 968 655
323 341 350 341
65 90 75 92
756 237 788 237
682 652 714 652
794 972 826 972
177 870 209 870
266 137 298 137
801 302 833 302
778 506 788 508
662 900 694 900
837 275 869 275
937 352 969 352
660 781 692 781
71 759 73 769
582 591 592 593
382 425 392 427
344 26 376 26
315 321 325 323
435 754 467 754
416 979 448 979
82 575 84 585
365 834 367 844
623 575 655 575
879 618 911 618
395 210 427 210
977 664 999 664
859 2 891 2
52 997 76 997
284 380 294 382
108 597 133 597
685 192 717 192
145 302 170 302
609 818 641 818
62 797 62 829
36 627 36 659
263 506 273 508
16 414 26 416
84 269 86 279
552 854 562 856
967 688 982 689
856 197 888 197
435 705 467 705
826 444 858 444
20 102 22 112
110 425 112 435
466 473 476 475
35 102 37 112
323 93 325 103
649 390 681 390
969 654 984 655
634 185 666 185
797 660 812 661
115 920 125 922
656 800 666 802
968 94 999 94
815 258 825 260
126 867 136 869
7 902 7 934
188 724 197 726
903 493 935 493
850 759 882 759
289 353 299 355
990 861 997 863
420 857 430 859
367 28 399 28
711 38 737 38
224 38 256 38
678 322 710 322
771 178 781 180
334 336 364 336
701 729 733 729
947 449 957 451
388 758 398 760
769 157 801 157
372 806 382 808
751 480 783 480
302 642 312 644
107 759 117 761
914 922 946 922
129 530 139 532
421 114 453 114
58 506 60 516
167 844 177 846
123 388 133 390
317 217 349 217
892 360 902 362
638 31 648 33
771 334 786 335
421 52 428 55
46 176 56 178
973 262 999 262
772 479 804 479
221 533 231 535
819 904 851 904
280 470 312 470
808 139 840 139
522 906 532 908
910 127 942 127
923 410 955 410
308 997 339 997
342 17 352 19
423 866 433 868
213 61 223 63
936 935 968 935
437 104 469 104
608 655 618 657
772 83 782 85
210 460 219 462
851 330 882 330
78 749 88 751
621 352 653 352
590 606 622 606
395 449 427 449
956 690 987 690
314 294 324 296
984 954 994 956
381 453 391 455
799 729 814 730
785 774 817 774
763 736 773 738
4 373 4 405
391 192 423 192
817 192 849 192
390 814 400 816
809 613 841 613
471 632 481 634
755 575 787 575
177 330 209 330
348 582 380 582
866 113 898 113
96 269 98 279
414 954 424 956
712 425 722 427
555 868 587 868
722 787 754 787
507 359 539 359
824 245 853 245
176 307 186 309
404 685 436 685
424 280 456 280
463 263 495 263
791 993 823 993
632 769 664 769
452 258 462 260
833 431 865 431
246 870 248 880
150 957 182 957
93 539 103 541
473 792 483 794
508 691 540 691
875 613 907 613
472 914 504 914
651 226 661 228
246 636 248 646
512 707 544 707
263 496 273 498
797 943 828 943
242 850 274 850
306 132 327 132
829 436 861 436
541 86 551 88
248 789 280 789
167 596 177 598
325 160 354 160
521 587 553 587
643 85 675 85
955 388 986 388
526 716 536 718
800 135 832 135
974 765 989 766
474 624 506 624
947 700 971 700
623 102 655 102
286 829 318 829
357 926 389 926
987 160 997 162
797 619 829 619
224 61 234 63
331 278 363 278
654 351 686 351
193 395 203 397
256 81 288 81
639 749 649 751
779 250 789 252
316 881 348 881
122 828 124 838
86 851 88 861
416 144 426 146
214 786 246 786
921 760 953 760
638 698 670 698
617 844 649 844
233 574 243 576
370 357 402 357
758 832 790 832
668 431 700 431
119 107 151 107
34 726 66 726
685 37 717 37
966 523 994 523
83 484 93 486
75 549 85 551
836 552 868 552
618 401 650 401
500 845 532 845
701 676 716 677
523 294 533 296
813 14 845 14
243 989 275 989
29 335 39 337
152 129 162 131
86 549 96 551
107 528 137 528
488 819 498 821
281 167 291 169
938 901 969 901
893 165 925 165
426 266 458 266
88 928 90 938
277 938 279 948
573 597 605 597
727 333 737 335
284 616 316 616
478 67 510 67
400 650 410 652
945 454 977 454
939 678 970 678
877 920 909 920
21 977 31 979
621 323 631 325
299 597 331 597
298 567 330 567
419 178 429 180
345 526 377 526
666 119 698 119
125 819 135 821
485 935 517 935
773 553 805 553
579 930 589 932
603 958 613 960
539 6 571 6
105 662 137 662
767 268 799 268
223 93 233 95
140 188 150 190
527 233 559 233
364 965 374 967
814 416 846 416
919 579 951 579
493 533 525 533
622 948 654 948
118 215 128 217
678 550 710 550
317 554 327 556
668 641 678 643
399 355 431 355
245 93 247 103
53 642 63 644
833 506 843 508
81 586 83 596
166 330 176 332
283 881 293 883
842 395 852 397
546 935 561 936
105 755 115 757
263 759 265 769
835 198 867 198
762 379 772 381
588 659 598 661
261 517 293 517
886 36 918 36
699 650 731 650
276 10 308 10
118 517 128 519
557 885 589 885
320 709 330 711
263 510 295 510
332 999 364 999
12 968 22 970
6 351 6 383
753 629 785 629
586 477 618 477
504 874 514 876
405 193 437 193
682 229 697 230
844 530 873 530
99 992 131 992
674 925 704 925
666 395 676 397
444 273 476 273
498 154 530 154
741 448 773 448
79 213 81 223
523 871 555 871
624 504 656 504
605 522 637 522
295 222 327 222
917 106 949 106
953 916 982 916
583 449 615 449
298 957 328 957
219 639 221 649
694 153 726 153
267 57 299 57
466 737 498 737
492 646 524 646
352 827 362 829
763 208 795 208
459 428 469 430
672 274 704 274
235 819 245 821
608 197 617 199
490 807 500 809
457 152 489 152
273 617 305 617
915 415 947 415
871 611 903 611
486 888 494 890
96 364 128 364
830 731 862 731
31 913 31 945
354 621 364 623
613 767 645 767
732 630 764 630
341 559 351 561
647 146 679 146
461 504 491 504
514 425 524 427
908 498 940 498
336 528 367 528
474 244 484 246
21 974 31 976
911 303 943 303
179 353 189 355
222 918 229 921
86 144 96 146
848 549 880 549
661 16 693 16
440 559 450 561
773 215 783 217
31 49 31 81
404 745 411 748
85 372 117 372
466 819 476 821
68 940 70 950
665 604 697 604
609 752 630 752
903 486 913 488
736 111 768 111
89 708 99 710
237 704 269 704
530 951 562 951
385 317 417 317
547 425 557 427
715 519 725 521
929 954 939 956
829 485 861 485
751 665 783 665
33 591 65 591
613 84 645 84
393 480 425 480
647 8 655 10
334 67 341 69
669 822 701 822
317 487 319 495
575 468 582 471
764 695 796 695
430 732 440 734
747 482 757 484
731 619 763 619
507 196 539 196
406 482 416 484
561 919 593 919
75 720 107 720
367 790 399 790
561 880 593 880
105 487 115 489
647 979 679 979
35 594 35 626
595 244 605 246
649 313 681 313
704 67 736 67
189 851 199 853
280 175 290 177
465 154 497 154
492 698 507 699
400 352 432 352
291 645 323 645
917 409 949 409
581 371 613 371
922 250 932 252
210 989 242 989
302 639 312 641
439 547 471 547
397 404 399 414
949 657 971 657
613 383 623 385
40 594 40 626
533 138 565 138
334 188 364 188
908 16 940 16
406 948 438 948
820 579 852 579
718 882 750 882
244 580 254 582
883 804 915 804
28 33 38 35
701 268 733 268
174 552 206 552
298 958 328 958
609 819 641 819
681 4 713 4
373 78 405 78
654 286 686 286
106 335 116 337
781 807 796 808
338 291 348 293
825 63 857 63
437 226 469 226
463 839 473 841
597 937 629 937
680 500 712 500
308 660 318 662
83 490 93 492
851 20 883 20
828 677 860 677
558 109 590 109
680 380 690 382
586 829 618 829
227 3 234 6
792 518 802 520
95 357 105 359
249 974 281 974
664 170 696 170
915 286 947 286
954 761 986 761
171 39 181 41
299 420 331 420
339 720 371 720
897 539 929 539
205 760 237 760
813 994 823 996
191 231 223 231
888 679 920 679
991 729 999 731
172 935 187 936
589 947 621 947
429 896 461 896
601 243 632 243
449 833 481 833
629 899 661 899
381 955 413 955
607 114 639 114
760 672 792 672
573 487 583 489
361 377 371 379
606 258 616 260
353 965 363 967
884 325 916 325
489 539 499 541
116 425 118 435
905 660 937 660
691 803 701 805
255 699 287 699
6 752 16 754
734 291 744 293
991 772 999 774
249 41 281 41
712 887 722 889
888 452 895 455
772 887 782 889
100 213 102 223
795 338 827 338
396 525 428 525
727 541 755 541
578 116 610 116
699 306 731 306
24 251 34 253
462 777 472 779
587 786 619 786
980 3 991 4
582 225 614 225
66 597 68 607
355 400 387 400
183 606 215 606
325 344 357 344
176 529 208 529
726 793 736 795
55 10 87 10
628 936 660 936
748 914 780 914
421 235 431 237
784 480 816 480
519 857 529 859
879 667 911 667
901 184 933 184
912 840 944 840
779 500 811 500
14 609 14 641
531 235 541 237
581 324 591 326
227 765 237 767
257 822 267 824
540 649 550 651
546 800 556 802
428 210 460 210
801 860 832 860
17 192 17 224
482 862 492 864
362 305 394 305
187 678 219 678
905 216 937 216
990 890 999 892
258 905 268 907
768 265 793 265
39 36 49 38
521 20 553 20
400 500 432 500
855 383 865 385
246 49 248 59
576 966 608 966
25 25 35 27
265 545 297 545
177 193 209 193
951 980 961 982
628 334 660 334
135 377 137 387
829 312 861 312
649 741 681 741
536 643 568 643
766 706 798 706
1 801 33 801
739 463 771 463
190 780 222 780
642 578 674 578
69 267 69 299
642 63 657 64
810 311 842 311
154 313 164 315
603 193 635 193
231 678 238 681
16 517 18 527
547 878 579 878
852 80 862 82
424 399 456 399
709 560 741 560
748 758 780 758
19 33 19 65
778 56 810 56
688 337 720 337
286 831 318 831
316 81 348 81
662 373 672 375
514 256 546 256
298 15 330 15
695 817 727 817
936 100 968 100
548 216 558 218
492 123 524 123
650 549 682 549
607 190 639 190
681 601 713 601
810 299 842 299
531 197 541 199
185 147 217 147
164 207 174 209
904 478 936 478
286 827 318 827
18 727 20 737
737 53 744 56
8 719 8 751
612 388 644 388
200 838 202 848
92 892 92 924
167 212 199 212
158 38 190 38
7 686 7 718
220 232 252 232
599 202 630 202
607 684 636 684
266 36 298 36
70 70 102 70
264 756 296 756
748 406 773 406
138 163 148 165
857 392 889 392
396 446 428 446
937 735 969 735
293 929 303 931
286 518 296 520
394 381 426 381
183 172 185 182
49 269 49 301
515 716 525 718
101 939 111 941
195 42 227 42
297 524 329 524
466 219 498 219
525 231 557 231
879 308 911 308
104 794 104 826
434 282 444 284
936 868 968 868
485 345 495 347
780 297 807 297
826 708 836 710
973 505 988 506
975 741 999 741
56 830 56 862
57 830 57 862
910 920 942 920
942 414 974 414
749 333 759 335
861 601 893 601
598 701 630 701
129 518 139 520
243 466 267 466
686 849 718 849
386 920 418 920
962 911 991 911
698 138 708 140
591 586 612 586
505 468 537 468
122 261 132 263
366 56 398 56
588 265 620 265
903 936 935 936
139 602 171 602
904 263 936 263
908 610 940 610
984 150 999 151
530 948 538 950
512 122 544 122
538 774 570 774
395 506 405 508
211 604 243 604
288 621 298 623
549 843 581 843
826 420 836 422
618 419 650 419
827 767 859 767
517 316 549 316
614 219 624 221
795 702 827 702
474 258 484 260
361 404 363 414
454 197 464 199
961 705 971 707
785 546 817 546
262 862 272 864
464 857 474 859
793 214 825 214
40 479 50 481
238 32 270 32
861 658 893 658
588 906 598 908
943 833 953 835
300 306 332 306
478 282 488 284
650 670 682 670
801 465 832 465
314 963 346 963
272 108 304 108
781 60 813 60
762 992 794 992
201 589 211 591
301 476 311 478
343 89 353 91
674 634 706 634
622 962 654 962
696 702 706 704
96 189 106 191
317 557 349 557
909 9 941 9
891 518 923 518
720 267 752 267
707 667 739 667
457 715 489 715
906 739 938 739
178 82 188 84
451 58 461 60
632 731 664 731
476 762 508 762
864 669 896 669
530 952 562 952
70 497 80 499
364 708 374 710
749 34 781 34
850 277 882 277
581 716 591 718
65 267 65 299
643 831 675 831
892 683 924 683
674 473 684 475
926 564 936 566
641 772 673 772
202 110 212 112
439 938 441 948
369 116 379 118
518 363 550 363
699 669 731 669
550 313 582 313
378 439 388 441
572 828 604 828
70 494 80 496
433 201 465 201
430 490 440 492
347 675 379 675
782 749 792 751
690 428 700 430
743 954 753 956
232 533 242 535
177 172 179 182
376 851 408 851
511 866 521 868
222 283 224 293
909 652 941 652
77 267 77 299
504 896 536 896
904 460 936 460
231 896 263 896
275 850 307 850
572 777 582 779
929 452 961 452
323 758 325 768
927 806 959 806
776 616 808 616
110 307 120 309
832 370 842 372
126 49 128 59
163 938 165 948
6 869 6 901
540 444 572 444
56 300 88 300
166 333 198 333
750 854 760 856
890 98 905 99
592 76 624 76
355 401 387 401
667 910 699 910
317 371 349 371
195 426 205 428
158 851 160 861
736 162 768 162
874 858 906 858
420 596 430 598
889 221 899 223
747 995 757 997
42 60 42 92
629 640 661 640
705 100 737 100
949 841 975 841
280 884 292 885
848 749 858 751
336 600 368 600
716 922 748 922
253 48 285 48
677 122 709 122
250 696 282 696
129 193 160 193
761 887 771 889
528 795 538 797
627 792 637 794
219 585 251 585
266 289 276 291
921 761 953 761
489 176 520 176
307 594 339 594
723 123 755 123
870 936 902 936
140 887 172 887
408 988 440 988
233 577 243 579
836 938 868 938
240 666 272 666
254 834 256 844
542 655 552 657
170 866 180 868
493 330 525 330
232 261 263 261
561 332 593 332
883 300 915 300
872 553 904 553
302 175 312 177
332 577 342 579
152 980 162 982
935 44 967 44
246 213 256 215
655 167 665 169
662 622 694 622
207 129 217 131
69 25 79 27
691 297 723 297
63 225 65 235
11 993 21 995
628 92 638 94
749 922 781 922
104 947 114 949
127 487 137 489
34 390 44 392
6 567 16 569
286 405 318 405
269 172 279 174
31 17 41 19
888 808 920 808
946 859 956 861
126 920 136 922
233 950 243 952
959 120 990 120
122 109 154 109
61 398 71 400
620 628 652 628
344 985 376 985
704 271 714 273
920 21 952 21
865 238 875 240
451 307 461 309
627 271 659 271
668 104 700 104
14 274 16 284
220 559 230 561
945 839 977 839
287 19 319 19
284 862 294 864
751 382 783 382
377 197 387 199
600 318 610 320
382 276 414 276
100 859 132 859
559 380 569 382
156 394 188 394
929 987 944 988
783 394 815 394
120 867 122 877
695 734 727 734
316 363 348 363
471 456 481 458
439 589 471 589
14 553 24 555
477 470 509 470
787 337 819 337
954 398 969 399
761 786 790 786
586 669 617 669
806 654 838 654
794 951 826 951
945 308 976 308
958 361 990 361
267 353 277 355
854 935 869 936
833 98 865 98
346 311 378 311
458 606 490 606
534 120 566 120
40 476 50 478
623 788 655 788
881 647 891 649
395 914 405 915
430 178 440 180
915 737 947 737
726 682 758 682
959 585 991 585
278 667 310 667
58 797 58 829
909 874 923 875
464 639 496 639
490 248 522 248
990 51 999 53
681 225 713 225
641 667 673 667
107 762 117 764
235 822 245 824
540 337 572 337
780 22 790 24
982 155 997 156
611 294 621 296
434 786 444 788
393 231 425 231
115 542 125 544
86 106 118 106
992 679 997 683
988 170 998 172
630 355 662 355
129 732 139 734
398 242 408 244
750 17 760 19
252 592 262 594
836 44 868 44
507 13 539 13
797 481 811 482
636 343 668 343
112 592 119 595
606 195 638 195
359 698 391 698
694 171 726 171
807 678 839 678
564 761 596 761
86 473 88 483
28 752 38 754
522 566 554 566
816 86 826 88
648 601 680 601
821 787 853 787
352 891 384 891
405 220 415 222
701 160 733 160
90 290 122 290
756 108 788 108
357 9 389 9
112 925 122 927
560 887 592 887
235 464 267 464
976 428 986 430
154 307 164 309
79 605 111 605
334 477 349 478
783 675 793 677
71 473 73 483
875 661 907 661
498 532 530 532
695 952 725 952
687 408 719 408
13 836 13 868
113 353 123 355
26 192 26 224
894 338 926 338
503 334 535 334
677 357 687 359
742 980 752 982
280 938 282 948
11 675 11 707
531 22 541 24
534 331 566 331
537 327 547 329
717 22 724 25
577 80 587 82
304 471 336 471
506 568 516 570
298 708 308 710
367 341 399 341
411 3 421 5
276 338 308 338
726 796 758 796
474 345 484 347
307 204 322 205
427 330 459 330
470 642 480 644
891 859 901 861
490 617 522 617
831 357 841 359
697 439 729 439
682 31 692 33
770 569 802 569
661 732 693 732
563 776 595 776
666 116 676 118
250 998 282 998
523 395 533 397
519 86 529 88
566 845 598 845
472 615 504 615
893 879 925 879
20 180 22 190
557 606 589 606
721 64 753 64
900 913 932 913
237 167 247 169
200 596 210 598
670 589 702 589
423 925 451 925
559 222 569 224
199 781 209 783
24 257 56 257
175 510 185 512
284 557 316 557
509 873 541 873
294 603 326 603
786 924 796 926
634 930 644 932
868 596 900 596
122 840 124 850
804 333 836 333
412 413 444 413
768 89 778 91
551 258 561 260
613 889 645 889
455 741 487 741
493 166 525 166
608 705 640 705
402 754 434 754
12 609 12 641
760 171 792 171
84 49 86 59
292 654 324 654
636 911 668 911
725 868 757 868
702 61 734 61
33 93 43 95
226 724 258 724
691 298 723 298
223 238 233 240
41 324 51 326
632 138 642 140
22 96 32 98
951 7 983 7
138 251 170 251
585 86 595 88
335 917 345 919
356 819 366 821
720 688 730 690
498 759 508 761
312 464 322 466
607 387 639 387
828 338 860 338
69 741 71 751
839 872 871 872
589 395 599 397
221 320 253 320
845 303 877 303
405 148 437 148
396 309 428 309
1 802 33 802
683 244 693 246
508 511 540 511
833 97 865 97
67 267 67 299
497 87 507 89
922 148 954 148
958 419 990 419
627 48 659 48
121 6 131 8
957 505 972 506
37 627 37 659
805 907 837 907
219 509 229 511
634 687 666 687
584 358 616 358
614 69 646 69
374 518 384 520
421 49 428 51
640 86 650 88
353 529 385 529
693 115 725 115
101 925 111 927
752 609 784 609
770 698 802 698
466 476 498 476
740 376 750 378
954 638 964 640
210 749 220 751
768 753 778 755
139 973 149 975
496 244 506 246
883 330 915 330
320 495 352 495
589 270 621 270
259 167 269 169
916 812 948 812
938 660 970 660
607 49 637 49
693 63 725 63
266 618 276 620
876 458 908 458
83 674 85 684
174 983 205 983
488 175 520 175
391 757 423 757
309 532 319 534
178 719 210 719
638 723 670 723
309 283 311 293
582 573 613 573
302 691 334 691
396 274 428 274
493 148 525 148
223 99 233 101
200 618 210 620
88 872 90 882
325 297 335 299
347 360 379 360
524 369 556 369
915 933 947 933
650 264 682 264
789 958 799 960
879 620 911 620
16 723 46 723
947 729 978 729
202 458 234 458
326 970 336 972
785 626 817 626
608 473 618 475
499 473 509 475
338 226 368 226
567 306 599 306
663 154 694 154
442 107 474 107
94 327 96 337
383 223 415 223
746 968 756 970
614 780 646 780
254 264 286 264
191 342 214 342
713 944 745 944
903 258 913 260
712 977 744 977
995 318 999 323
50 773 60 775
149 502 159 504
306 617 338 617
103 465 135 465
280 172 290 174
594 226 626 226
194 485 204 487
268 67 278 69
933 75 965 75
508 681 540 681
862 436 894 436
880 528 912 528
55 118 65 120
532 818 542 820
435 959 459 959
47 269 47 301
290 849 322 849
427 603 459 603
702 895 734 895
246 437 256 439
42 648 52 650
301 701 333 701
228 283 230 293
201 639 203 649
300 49 310 51
34 261 44 263
946 929 975 929
757 877 789 877
489 866 499 868
665 943 697 943
827 263 837 264
839 901 871 901
937 903 969 903
546 29 578 29
453 33 485 33
362 449 394 449
67 542 76 544
703 482 713 484
556 248 588 248
262 984 277 985
517 938 527 940
549 995 559 997
141 147 173 147
410 229 441 229
310 624 342 624
716 925 744 925
900 608 931 608
522 282 532 284
708 448 740 448
899 97 923 97
324 125 356 125
232 258 242 260
548 112 580 112
431 212 463 212
747 469 757 471
552 25 584 25
724 148 756 148
684 17 694 19
318 870 320 880
627 810 659 810
191 650 201 652
149 827 151 837
541 552 571 552
800 861 832 861
405 306 437 306
965 431 997 431
112 905 122 907
68 388 78 390
481 636 491 638
104 540 136 540
658 958 668 960
668 134 700 134
298 781 308 783
935 331 967 331
927 740 959 740
895 514 926 514
686 159 718 159
948 984 980 984
407 684 439 684
567 948 577 950
683 922 715 922
891 890 901 892
117 956 127 958
163 166 195 166
175 738 185 740
351 506 361 508
627 568 637 570
67 180 67 212
218 550 250 550
464 86 474 88
803 984 835 984
426 693 458 693
64 797 64 829
761 622 793 622
180 61 190 63
230 921 255 921
388 761 398 763
523 280 555 280
462 811 494 811
319 625 351 625
200 808 202 818
288 388 298 390
663 658 695 658
438 826 470 826
501 395 511 397
449 554 481 554
738 624 770 624
561 626 593 626
428 415 460 415
165 523 175 525
676 277 708 277
857 3 867 5
232 451 264 451
204 183 236 183
323 61 333 63
599 558 631 558
211 230 243 230
879 121 911 121
482 605 514 605
408 338 440 338
212 770 222 772
895 662 927 662
882 83 892 85
635 781 659 781
641 724 651 726
706 917 738 917
116 704 126 706
671 938 681 940
890 191 922 191
914 486 924 488
536 428 546 430
330 682 362 682
567 318 577 320
934 111 966 111
593 314 625 314
947 204 957 206
284 377 294 379
6 803 6 835
621 351 653 351
146 777 178 777
598 514 630 514
8 258 10 268
530 574 562 574
81 738 83 748
771 493 803 493
235 440 245 442
384 573 416 573
962 719 994 719
430 711 440 713
695 17 705 19
743 15 775 15
520 665 552 665
186 738 196 740
168 586 178 588
618 136 650 136
124 73 131 76
606 535 638 535
455 849 487 849
476 123 491 124
269 692 301 692
206 428 216 430
261 364 293 364
913 866 945 866
453 854 463 856
770 149 802 149
201 228 233 228
371 685 403 685
265 271 275 273
129 182 161 182
383 780 415 780
987 635 995 637
588 868 620 868
335 814 345 816
498 879 530 879
406 356 432 356
844 639 854 641
143 493 145 503
307 275 333 275
627 100 655 100
566 944 598 944
232 545 264 545
867 294 899 294
915 326 925 328
687 505 719 505
631 208 663 208
340 340 372 340
131 506 141 508
571 589 603 589
165 569 175 571
215 342 225 344
226 121 258 121
242 569 252 571
742 946 774 946
529 348 539 350
688 64 720 64
203 365 213 367
980 835 990 837
483 572 515 572
855 794 865 796
473 130 505 130
28 401 38 403
782 986 814 986
508 574 518 576
456 566 488 566
592 68 624 68
195 364 227 364
612 934 644 934
924 169 956 169
973 602 999 602
563 576 595 576
939 824 970 824
405 636 407 646
797 845 823 845
180 715 209 715
497 639 529 639
183 360 193 362
3 935 3 967
366 57 398 57
871 463 903 463
970 114 999 114
555 173 587 173
36 49 36 81
866 527 873 529
587 37 619 37
72 752 82 754
903 655 935 655
424 556 434 558
919 334 934 335
570 958 602 958
89 638 121 638
432 241 464 241
827 998 859 998
751 379 761 381
635 56 665 56
346 282 378 282
578 946 608 946
192 990 202 992
474 253 506 253
418 625 450 625
731 413 763 413
768 663 800 663
836 403 846 405
815 577 847 577
533 735 548 736
234 779 266 779
831 580 863 580
854 415 886 415
260 954 270 956
367 215 399 215
523 6 538 7
861 338 893 338
897 357 907 359
41 932 41 964
724 971 756 971
261 42 293 42
693 626 725 626
38 666 40 676
896 606 928 606
797 317 829 317
601 391 633 391
966 462 998 462
766 41 776 43
58 592 58 624
139 32 171 32
262 554 272 556
307 916 339 916
869 726 879 728
360 383 370 385
947 35 957 37
469 300 501 300
350 605 360 607
949 396 981 396
118 436 120 446
295 460 305 462
263 410 295 410
775 310 807 310
188 261 198 263
641 79 673 79
260 976 292 976
754 350 786 350
542 477 552 479
834 842 866 842
589 318 599 320
307 706 339 706
113 31 145 31
202 336 212 338
101 872 101 904
532 436 542 438
912 595 944 595
72 395 82 397
326 93 336 95
961 70 993 70
739 86 749 88
12 902 12 934
838 564 848 566
317 605 327 607
874 489 906 489
620 443 652 443
491 230 523 230
537 895 569 895
488 443 520 443
68 420 100 420
168 306 200 306
735 911 763 911
789 679 821 679
408 487 418 489
273 222 283 224
93 947 103 949
693 332 725 332
422 740 454 740
247 983 279 983
166 261 176 263
912 469 922 471
422 204 432 206
908 262 940 262
615 3 625 5
276 336 300 336
653 467 685 467
698 83 727 83
130 984 162 984
540 348 550 349
879 967 911 967
63 734 73 736
866 465 898 465
554 214 586 214
736 142 768 142
553 825 585 825
811 958 821 960
45 310 55 312
836 200 868 200
786 183 801 184
453 450 485 450
844 790 876 790
284 72 316 72
792 792 802 794
636 958 646 960
141 100 151 102
14 192 14 224
553 473 563 475
932 641 964 641
401 769 433 769
973 571 999 571
22 0 24 10
286 301 318 301
158 819 168 821
649 914 681 914
390 925 422 925
69 231 76 234
245 834 247 844
244 373 254 375
468 116 478 118
970 176 985 177
65 830 65 862
140 700 172 700
382 775 397 776
537 803 547 805
257 436 267 438
194 488 204 490
300 256 315 257
231 521 241 523
704 188 736 188
769 349 801 349
693 798 722 798
499 132 531 132
735 989 767 989
203 93 205 103
225 689 257 689
968 874 999 874
695 905 705 907
963 957 994 957
929 80 939 82
696 668 728 668
979 938 989 940
880 416 912 416
516 182 548 182
858 12 890 12
857 410 889 410
76 267 76 299
795 703 827 703
363 58 373 60
700 932 710 934
668 428 678 430
177 331 209 331
906 705 916 707
625 533 657 533
672 598 704 598
180 93 190 95
207 283 209 293
216 49 218 59
67 808 69 818
330 116 335 120
595 487 605 489
68 302 78 304
728 853 738 855
936 575 968 575
94 121 126 121
479 702 489 704
538 685 570 685
897 650 929 650
45 594 45 626
401 731 433 731
632 817 661 817
359 321 369 323
958 35 968 37
756 289 788 289
377 655 387 657
743 357 753 359
469 34 501 34
950 109 982 109
299 413 306 416
883 379 893 381
845 777 877 777
902 692 934 692
102 872 102 904
202 790 234 790
373 547 405 547
236 539 268 539
970 932 999 932
647 456 677 456
469 35 501 35
462 683 494 683
543 916 575 916
25 471 57 471
302 417 334 417
241 345 273 345
631 790 662 790
873 589 905 589
992 752 999 754
730 949 751 949
745 920 777 920
357 589 372 590
586 478 618 478
424 654 456 654
440 569 450 571
518 591 550 591
503 104 535 104
90 602 122 602
332 212 364 212
415 134 425 136
602 766 612 768
38 630 38 662
475 854 485 856
477 62 487 64
409 106 441 106
258 433 286 433
658 833 668 835
716 926 744 926
417 573 449 573
219 447 229 449
592 146 602 148
45 313 55 315
62 830 62 862
283 899 293 901
505 615 537 615
21 406 31 408
278 834 280 844
99 60 131 60
138 704 148 706
944 991 973 991
335 786 345 788
893 564 903 566
244 938 246 948
803 692 835 692
504 716 514 718
594 536 626 536
790 250 800 252
416 203 448 203
905 376 915 378
891 930 906 931
802 162 834 162
554 439 564 441
943 201 953 203
38 439 48 441
383 831 415 831
774 496 784 498
234 241 266 241
328 404 330 414
825 332 857 332
242 803 244 813
946 927 977 927
399 154 431 154
165 481 195 481
518 549 550 549
319 58 329 60
781 282 791 284
77 828 109 828
28 142 60 142
111 749 121 751
434 175 444 177
480 96 489 98
296 759 298 769
502 800 512 802
126 895 136 897
199 268 209 270
655 187 687 187
192 175 202 177
383 160 398 161
100 858 132 858
96 517 106 519
229 862 239 864
466 32 498 32
379 311 411 311
120 209 152 209
660 938 670 940
924 691 956 691
630 655 640 657
659 191 691 191
485 348 495 350
934 436 944 438
891 711 901 713
820 124 852 124
869 49 901 49
129 499 139 501
349 372 381 372
28 575 30 585
833 958 843 960
228 924 260 924
544 354 576 354
205 350 237 350
885 484 917 484
607 698 637 698
929 167 961 167
664 447 696 447
808 557 818 559
307 915 339 915
223 669 255 669
38 688 48 690
410 238 420 240
167 900 177 902
616 309 648 309
590 800 622 800
492 108 524 108
93 995 125 995
335 467 367 467
631 701 663 701
520 22 530 24
71 267 71 299
303 138 335 138
127 755 137 757
290 442 322 442
911 990 932 990
138 377 140 387
20 473 22 483
590 101 622 101
688 654 717 654
788 788 820 788
314 123 346 123
913 847 945 847
650 348 682 348
94 186 126 186
935 537 967 537
659 314 691 314
79 566 89 568
933 569 948 570
144 93 154 95
363 444 373 446
960 740 992 740
168 154 200 154
866 428 898 428
164 865 195 865
388 49 398 51
54 384 56 394
431 336 463 336
979 843 989 845
898 186 930 186
618 418 650 418
7 332 17 334
528 626 560 626
848 449 858 451
100 905 102 915
726 31 758 31
284 558 316 558
721 803 728 806
584 345 594 347
326 795 328 805
351 995 361 997
265 567 297 567
805 596 836 596
635 428 645 430
27 669 37 671
121 72 151 72
351 585 383 585
377 770 387 772
15 36 15 68
439 915 471 915
531 154 563 154
328 533 360 533
309 708 319 710
711 554 743 554
354 923 386 923
875 262 907 262
879 229 911 229
764 845 796 845
904 643 936 643
499 499 509 501
901 792 933 792
539 74 571 74
858 811 890 811
732 393 764 393
824 417 856 417
127 39 137 41
381 498 388 501
414 93 424 95
804 493 836 493
436 272 468 272
214 539 224 541
46 830 46 862
449 28 481 28
400 79 430 79
841 268 873 268
570 895 602 895
618 373 650 373
495 29 519 29
68 885 70 895
966 145 976 147
904 617 936 617
614 242 646 242
89 425 91 435
729 473 739 475
740 901 750 903
544 748 576 748
887 916 919 916
12 715 44 715
216 639 218 649
462 559 472 561
485 920 517 920
339 377 349 379
109 206 119 208
236 544 268 544
640 239 672 239
255 182 287 182
782 700 814 700
973 748 999 748
211 391 221 393
490 395 500 397
617 836 649 836
112 388 122 390
47 340 49 350
494 297 509 298
876 979 908 979
808 407 815 409
690 680 722 680
426 481 458 481
112 953 144 953
569 888 579 890
386 529 418 529
462 307 472 309
47 243 79 243
599 830 631 830
355 197 365 199
330 189 342 190
804 708 814 710
949 233 959 235
457 977 489 977
223 80 255 80
823 533 855 533
676 980 686 982
544 814 554 816
761 452 793 452
85 188 95 190
285 573 317 573
862 705 872 707
535 538 550 539
462 536 494 536
23 340 23 372
107 496 139 496
585 33 617 33
459 642 469 644
571 894 603 894
381 602 413 602
509 762 541 762
606 487 616 489
909 468 941 468
479 71 511 71
523 248 555 248
707 217 739 217
159 365 169 367
758 417 790 417
710 318 720 320
500 557 532 557
254 935 286 935
615 112 647 112
514 813 546 813
779 833 789 835
6 587 6 619
274 406 284 408
850 192 882 192
292 537 307 538
454 29 479 29
247 172 256 174
805 854 815 856
450 995 460 997
494 545 526 545
68 673 70 683
838 83 848 85
145 9 147 19
636 411 668 411
557 976 589 976
228 364 260 364
214 788 246 788
171 16 203 16
593 335 625 335
815 360 825 362
838 460 870 460
648 516 680 516
438 170 470 170
588 161 603 162
227 976 259 976
812 979 842 979
785 773 817 773
258 49 260 59
381 974 413 974
418 301 450 301
530 366 562 366
292 187 324 187
950 51 982 51
872 946 904 946
916 339 948 339
955 864 978 864
734 348 766 348
945 269 972 269
523 36 555 36
485 844 517 844
670 894 702 894
681 3 713 3
394 76 426 76
195 730 227 730
948 415 978 415
159 377 161 386
628 421 638 423
93 247 95 257
311 674 343 674
632 564 664 564
102 25 112 27
735 464 767 464
462 73 472 75
386 264 418 264
954 353 964 355
314 70 346 70
375 338 407 338
610 994 642 994
311 55 321 57
897 630 926 630
884 159 916 159
304 422 336 422
823 660 838 661
522 918 554 918
592 716 602 718
382 291 392 293
695 951 727 951
133 70 148 71
621 865 631 867
760 258 770 260
620 499 652 499
848 433 880 433
436 101 446 103
169 465 201 465
362 927 394 927
10 770 12 780
522 121 554 121
783 826 815 826
477 469 509 469
509 235 519 237
959 699 991 699
803 403 813 405
557 230 589 230
137 731 169 731
793 315 825 315
412 983 444 983
234 306 266 306
794 857 803 859
452 363 484 363
0 671 0 703
488 694 520 694
860 887 892 887
341 58 351 60
756 286 788 286
353 631 385 631
901 469 911 471
990 516 996 519
409 618 419 620
836 522 868 522
768 343 795 343
908 397 940 397
365 854 375 856
258 716 268 718
456 969 463 972
785 562 817 562
764 413 796 413
184 919 194 921
498 235 508 237
487 235 497 237
218 558 250 558
369 600 401 600
473 938 483 940
919 36 946 36
905 77 915 79
297 261 329 261
936 586 961 586
130 549 162 549
438 327 448 329
674 655 684 657
38 417 48 419
281 295 291 297
871 86 881 88
435 648 467 648
42 14 52 16
822 902 837 903
300 725 310 727
277 303 309 303
178 574 210 574
74 517 84 519
444 678 476 678
51 727 53 737
733 800 743 802
710 357 720 359
850 812 882 812
512 299 544 299
867 304 899 304
954 821 986 821
576 818 608 818
816 564 826 566
792 614 824 614
396 660 406 662
571 393 603 393
624 425 634 427
453 242 468 243
507 988 539 988
963 373 994 373
489 918 521 918
79 373 89 375
749 360 759 362
285 406 295 408
947 881 979 881
602 432 634 432
602 686 634 686
275 529 307 529
244 242 254 244
143 115 153 117
344 776 365 776
875 445 907 445
323 650 333 652
957 519 989 519
949 339 981 339
826 449 836 451
759 880 791 880
399 55 409 57
188 634 198 636
209 891 219 893
904 681 936 681
927 236 959 236
660 799 692 799
863 604 895 604
357 313 386 313
475 106 507 106
601 388 611 390
727 849 742 850
427 530 459 530
937 504 969 504
261 267 293 267
816 401 848 401
111 297 143 297
571 953 603 953
866 46 898 46
560 995 570 997
916 759 948 759
172 423 204 423
680 969 690 971
255 577 265 579
502 788 534 788
837 535 869 535
970 540 999 540
866 383 876 385
378 469 410 469
688 647 720 647
447 101 457 103
777 28 809 28
178 621 188 623
408 834 418 836
930 318 940 320
59 896 59 928
352 892 384 892
590 801 622 801
234 639 236 649
909 370 919 372
906 526 938 526
819 674 851 674
129 677 161 677
368 695 400 695
149 707 181 707
810 932 820 934
236 814 246 816
798 865 830 865
317 558 349 558
212 27 244 27
274 340 306 340
385 444 395 446
45 985 55 987
217 884 249 884
204 16 236 16
133 93 143 95
949 155 981 155
896 225 928 225
790 148 822 148
140 426 150 428
483 625 515 625
531 392 563 392
969 535 999 535
742 561 774 561
830 224 862 224
387 89 397 91
448 137 469 137
601 687 633 687
807 502 839 502
666 423 698 423
26 550 36 552
899 736 914 737
247 417 257 419
317 143 327 145
641 771 673 771
216 124 248 124
42 738 44 748
50 163 60 165
368 540 378 542
796 182 828 182
794 452 826 452
744 974 776 974
109 209 119 211
400 584 432 584
19 803 19 835
419 591 451 591
514 291 546 291
834 250 844 252
324 175 334 177
905 718 937 718
781 294 796 295
387 922 419 922
177 749 187 751
945 251 976 251
166 537 198 537
357 543 372 544
277 368 292 369
945 595 977 595
138 487 148 489
447 321 457 323
467 407 477 409
490 715 522 715
373 77 405 77
818 546 850 546
413 837 445 837
301 458 327 458
279 67 289 69
699 167 731 167
843 368 853 370
298 178 308 180
111 611 113 621
312 273 344 273
127 401 137 403
716 365 748 365
520 702 530 704
570 959 602 959
964 888 996 888
257 439 267 441
526 330 558 330
660 520 670 522
11 759 13 769
559 131 591 131
335 250 345 252
311 725 321 727
536 425 546 427
841 837 856 838
126 916 136 918
838 735 870 735
120 642 130 644
4 660 4 692
244 82 254 84
544 423 559 424
9 869 9 901
792 525 824 525
242 706 273 706
570 91 602 91
957 691 987 691
493 632 503 634
760 732 792 732
386 711 396 713
693 887 700 889
406 894 437 894
588 674 620 674
576 64 608 64
581 377 591 379
445 282 455 284
821 917 853 917
733 370 743 372
742 905 774 905
972 656 987 657
2 191 34 191
911 288 943 288
786 571 796 573
244 89 254 91
280 265 312 265
170 805 172 815
555 675 587 675
145 728 175 728
581 783 613 783
940 720 972 720
34 274 34 306
264 73 274 75
245 238 255 240
337 947 369 947
379 233 411 233
100 785 132 785
784 380 794 382
83 122 115 122
807 824 839 824
504 632 514 634
965 54 989 54
816 826 848 826
868 689 900 689
777 942 809 942
299 795 301 805
126 947 136 949
726 32 758 32
372 964 404 964
494 314 526 314
448 529 480 529
943 256 975 256
918 924 928 926
252 509 262 511
948 50 970 50
607 691 639 691
902 859 912 861
940 924 950 926
913 741 945 741
169 697 201 697
979 859 994 860
57 420 67 421
338 432 370 432
718 702 728 703
809 318 819 320
668 764 678 766
745 722 777 722
704 49 736 49
106 972 116 974
670 254 702 254
26 759 28 769
2 594 2 626
533 660 565 660
28 779 60 779
98 340 100 350
259 281 291 281
789 105 821 105
519 539 529 541
811 790 843 790
78 266 88 268
989 934 999 936
248 13 256 15
36 154 68 154
893 83 925 83
111 792 111 824
940 268 972 268
421 812 453 812
187 184 219 184
865 435 897 435
511 408 543 408
273 862 283 864
344 229 376 229
573 604 605 604
311 229 343 229
443 984 475 984
362 150 394 150
585 806 617 806
769 161 801 161
518 357 550 357
719 442 751 442
617 708 627 710
891 810 923 810
513 101 523 103
706 478 738 478
803 149 835 149
668 861 700 861
178 900 188 902
394 126 404 128
706 681 738 681
647 127 679 127
511 410 543 410
82 795 82 827
188 874 198 876
519 851 529 853
314 792 316 802
770 521 802 521
135 235 145 237
950 629 974 629
970 504 999 504
27 417 37 419
692 233 724 233
691 327 701 329
863 490 895 490
604 546 619 547
146 493 148 503
336 245 346 247
795 770 805 772
918 954 928 956
23 384 33 386
567 807 577 809
410 768 442 768
603 143 613 145
612 550 644 550
647 833 657 835
871 799 903 799
938 143 969 143
125 827 127 837
683 538 715 538
852 980 862 982
8 902 8 934
878 777 910 777
587 159 619 159
651 560 675 560
831 650 863 650
717 851 749 851
693 166 725 166
384 870 386 880
174 199 206 199
507 711 517 713
430 842 462 842
97 166 129 166
511 814 521 816
461 927 488 927
868 142 900 142
354 854 364 856
984 378 994 380
16 642 16 674
517 416 549 416
481 975 513 975
80 555 112 555
166 452 198 452
772 463 804 463
595 936 627 936
658 222 668 224
272 105 282 107
632 980 642 982
86 324 96 326
699 919 731 919
954 343 984 343
290 747 322 747
260 321 270 323
326 946 358 946
611 954 621 956
314 703 346 703
44 43 76 43
850 96 882 96
696 937 726 937
242 792 244 802
229 132 261 132
389 436 399 438
687 532 719 532
659 997 691 997
380 71 412 71
930 743 962 743
405 825 437 825
870 275 902 275
803 188 835 188
177 548 209 548
142 9 144 19
734 764 744 766
370 35 402 35
306 826 338 826
408 493 440 493
744 929 752 931
560 423 592 423
899 46 931 46
942 370 952 372
473 850 505 850
744 298 776 298
322 197 332 199
276 468 308 468
787 152 819 152
984 472 991 474
791 994 801 996
126 995 158 995
4 788 14 790
651 599 683 599
422 694 454 694
397 447 429 447
560 482 570 484
420 394 452 394
287 732 297 734
172 929 182 931
277 289 287 291
328 126 338 128
64 720 74 722
796 386 828 386
655 395 665 397
683 489 715 489
81 49 83 59
290 339 322 339
670 706 702 706
215 168 225 170
152 161 184 161
654 532 686 532
579 974 611 974
768 762 800 762
990 528 999 530
807 818 839 818
552 175 562 177
265 258 275 260
628 672 660 672
468 648 500 648
922 968 932 970
46 767 56 769
702 377 712 379
199 277 209 279
810 453 842 453
694 883 726 883
962 980 972 982
969 274 984 275
381 735 413 735
390 990 400 992
507 274 539 274
663 875 694 875
472 915 504 915
780 516 810 516
433 609 443 611
478 748 510 748
138 168 170 168
339 605 349 607
562 830 576 831
632 412 664 412
556 399 588 399
824 816 856 816
749 549 781 549
113 26 145 26
857 838 889 838
577 903 587 905
504 380 514 382
982 759 997 760
939 818 962 818
924 810 956 810
374 895 406 895
539 459 571 459
263 886 295 886
161 721 193 721
0 440 0 472
242 834 244 844
269 467 301 467
871 352 903 352
541 190 573 190
653 440 663 442
797 604 829 604
640 510 672 510
743 588 775 588
80 97 82 107
326 96 336 98
834 913 866 913
601 103 633 103
661 420 693 420
560 314 592 314
961 513 993 513
774 819 806 819
215 659 247 659
502 357 517 358
964 185 996 185
816 854 826 856
662 860 694 860
960 668 992 668
39 273 39 305
426 425 458 425
67 738 77 740
258 870 260 880
452 534 484 534
732 318 742 320
360 231 392 231
956 467 988 467
95 843 97 853
330 870 332 880
156 566 166 568
216 973 248 973
282 929 292 931
677 785 709 785
321 388 331 390
693 880 725 880
709 946 741 946
983 493 993 495
176 142 208 142
761 900 793 900
45 830 45 862
39 866 39 898
937 144 969 144
227 514 237 516
107 794 107 826
96 747 128 747
286 888 296 890
135 154 167 154
898 185 930 185
838 176 870 176
694 334 726 334
837 708 847 710
14 258 16 268
272 795 274 805
345 861 377 861
688 556 720 556
476 47 491 48
670 3 680 5
15 738 17 748
29 869 29 901
192 909 223 909
379 904 389 906
411 436 421 438
613 644 645 644
498 392 530 392
132 622 142 624
630 668 662 668
833 432 865 432
483 471 515 471
83 505 115 505
754 165 786 165
390 906 400 908
503 766 513 768
175 968 207 968
266 373 276 375
482 126 492 128
801 685 833 685
353 262 384 262
169 336 179 338
948 137 980 137
904 798 936 798
44 104 46 114
226 157 236 159
346 417 356 419
569 135 601 135
156 951 166 953
988 255 998 257
656 8 666 10
934 688 966 688
623 51 655 51
987 975 997 977
292 342 302 344
791 3 801 5
742 407 752 409
301 336 333 336
80 971 90 973
964 910 991 910
5 69 5 101
528 332 560 332
261 693 293 693
3 550 3 582
677 445 709 445
701 104 733 104
717 852 749 852
136 786 136 818
326 368 358 368
80 795 80 827
333 636 335 646
381 513 391 515
40 584 72 584
714 225 746 225
421 197 431 199
198 559 208 561
976 276 990 277
668 75 700 75
31 192 31 224
554 543 586 543
609 753 624 754
938 724 970 724
461 305 493 305
910 202 942 202
968 459 999 459
810 298 842 298
161 818 193 818
845 481 877 481
749 244 781 244
814 307 846 307
371 108 381 110
309 12 319 14
138 248 148 250
334 196 366 196
827 366 859 366
367 650 377 652
278 876 288 878
208 77 240 77
824 993 834 995
416 632 426 634
945 69 977 69
564 532 587 532
821 764 853 764
275 518 285 520
628 333 660 333
228 901 260 901
492 160 502 162
606 231 638 231
578 784 610 784
432 668 464 668
530 451 562 451
802 142 834 142
37 575 39 585
867 464 899 464
233 86 243 88
764 557 774 559
911 363 943 363
359 938 369 940
19 935 21 945
963 818 995 818
769 3 779 5
313 639 323 641
995 188 999 192
968 49 999 49
400 473 410 475
1 33 1 65
288 188 298 190
386 433 418 433
166 536 198 536
947 686 975 686
398 618 408 620
563 734 595 734
950 694 982 694
779 944 811 944
699 398 731 398
70 307 72 317
893 972 925 972
870 204 880 206
811 636 821 638
392 513 402 515
900 221 932 221
651 743 683 743
248 138 258 140
466 499 476 501
678 554 710 554
133 724 143 726
347 157 357 159
540 178 550 180
933 833 942 835
210 330 220 332
134 373 144 375
658 298 690 298
280 314 312 314
44 340 46 350
98 674 100 684
317 327 327 329
770 795 780 797
417 225 449 225
845 716 877 716
834 194 844 196
24 192 24 224
703 995 713 997
372 462 404 462
104 365 114 367
977 187 999 187
922 951 954 951
768 716 778 718
39 631 41 641
212 191 244 191
354 232 386 232
643 557 653 559
746 242 778 242
337 513 347 515
490 74 505 75
245 655 255 657
138 396 148 398
243 781 253 783
69 156 78 158
264 310 296 310
855 809 887 809
676 138 686 140
130 9 132 19
511 85 543 85
509 759 519 761
851 841 881 841
346 980 356 982
354 394 386 394
412 265 444 265
846 407 856 409
519 50 551 50
49 213 51 223
174 49 176 59
514 257 546 257
740 770 750 772
937 932 969 932
893 856 925 856
448 256 480 256
824 392 856 392
160 786 160 818
520 250 530 252
207 153 239 153
329 758 331 768
25 575 27 585
707 26 739 26
146 26 178 26
67 307 69 317
792 938 802 940
291 906 301 908
626 832 658 832
585 419 617 419
935 522 967 522
517 945 527 947
236 817 268 817
0 231 0 263
453 25 485 25
647 126 679 126
638 254 669 254
162 276 194 276
45 982 55 984
606 337 621 338
794 854 804 856
446 122 478 122
106 454 138 454
479 807 489 809
510 861 542 861
13 132 15 142
93 863 103 865
643 660 675 660
181 903 183 913
292 186 324 186
123 900 133 902
848 947 880 947
122 965 132 967
505 995 515 997
749 449 759 451
55 991 65 993
364 732 374 734
221 965 231 967
963 807 991 807
194 491 226 491
224 114 256 114
4 737 4 769
220 316 252 316
655 270 687 270
621 80 631 82
574 855 584 857
334 3 344 5
205 321 215 323
662 639 689 639
510 678 542 678
366 477 376 479
633 648 643 650
418 316 450 316
102 228 134 228
233 212 265 212
780 840 812 840
88 506 90 516
698 604 730 604
370 423 402 423
972 514 996 514
212 229 244 229
656 495 688 495
845 345 868 345
88 895 88 927
573 178 583 180
214 365 224 367
823 440 846 440
581 183 613 183
692 305 724 305
580 372 612 372
567 119 599 119
298 333 330 333
354 596 364 598
965 782 994 782
85 506 87 516
449 72 481 72
83 33 93 35
383 807 393 809
899 782 931 782
39 800 39 832
327 108 337 110
177 17 209 17
190 80 222 80
878 65 910 65
509 702 519 704
328 146 338 148
660 576 692 576
329 149 361 149
2 147 4 157
888 736 898 738
614 783 646 783
602 113 634 113
247 716 257 718
787 196 814 196
110 482 142 482
171 499 181 501
643 141 675 141
403 627 435 627
179 759 181 769
337 101 347 103
397 135 406 137
322 978 354 978
347 294 357 296
934 993 944 995
541 164 573 164
179 27 211 27
757 846 789 846
388 720 420 720
585 125 617 125
66 0 76 2
605 521 637 521
47 49 47 81
229 865 261 865
362 510 394 510
428 504 460 504
357 283 367 285
835 162 867 162
68 863 70 873
777 454 809 454
485 580 495 582
577 980 587 982
180 819 190 821
571 706 603 706
870 486 880 488
192 1 202 3
102 772 134 772
83 752 93 754
975 485 982 488
784 829 816 829
938 770 948 772
563 110 595 110
944 66 976 66
975 413 990 414
358 248 390 248
251 834 253 844
800 293 832 293
513 269 540 269
460 12 492 12
850 90 882 90
910 383 920 385
101 373 133 373
727 683 759 683
648 620 680 620
650 836 682 836
167 848 199 848
938 725 970 725
265 647 275 649
161 800 193 800
51 384 53 394
869 938 879 940
497 623 529 623
838 264 870 264
720 571 730 573
352 48 384 48
872 724 904 724
805 618 837 618
650 976 678 976
567 754 597 754
461 928 493 928
620 502 641 502
240 552 272 552
364 21 396 21
494 17 501 20
476 31 508 31
492 109 524 109
125 838 157 838
433 219 465 219
917 109 949 109
278 353 288 355
627 525 659 525
886 578 918 578
24 143 34 145
327 231 359 231
451 943 466 944
242 846 252 848
559 699 591 699
413 116 423 118
319 828 329 830
789 504 821 504
428 189 460 189
683 168 715 168
311 792 313 802
897 483 929 483
416 326 426 328
767 234 777 236
686 551 710 551
769 894 801 894
181 470 213 470
548 958 558 960
190 235 200 237
225 370 257 370
910 722 942 722
960 99 988 99
553 156 585 156
1 440 1 472
710 12 742 12
853 64 885 64
349 586 359 588
870 869 902 869
51 947 61 949
429 683 461 683
400 790 432 790
141 144 151 146
525 645 557 645
316 194 348 194
346 314 378 314
321 575 353 575
743 625 775 625
169 111 201 111
326 885 358 885
145 286 155 288
687 964 717 964
911 499 921 501
433 436 443 438
411 526 443 526
107 663 109 673
697 213 729 213
718 376 728 378
223 28 255 28
422 213 432 215
168 22 178 24
93 528 95 538
858 271 868 273
168 241 200 241
116 504 148 504
894 702 926 702
74 796 74 828
845 898 877 898
517 317 549 317
594 682 626 682
366 770 376 772
394 326 404 328
411 861 443 861
923 837 955 837
772 164 804 164
409 621 419 623
502 17 510 19
813 595 845 595
729 759 761 759
357 990 367 992
33 225 35 235
407 660 417 662
561 525 593 525
365 883 397 883
6 564 16 566
570 90 602 90
980 238 995 239
486 922 518 922
105 654 115 656
838 86 848 88
379 365 389 367
892 708 924 708
850 233 882 233
425 802 457 802
40 506 42 516
177 708 187 710
202 459 234 459
603 456 613 458
678 454 710 454
966 778 998 778
950 572 982 572
654 352 686 352
394 865 426 865
869 999 901 999
34 264 44 266
924 811 956 811
209 850 241 850
617 711 627 713
774 697 806 697
262 380 272 382
445 688 455 690
409 854 419 856
480 929 490 931
610 85 642 85
689 932 699 934
72 490 82 492
574 583 606 583
911 534 943 534
877 202 909 202
306 324 316 326
775 29 807 29
909 27 941 27
107 499 117 501
688 395 698 397
937 326 947 328
387 185 419 185
710 785 742 785
976 667 999 667
978 112 999 112
788 495 820 495
776 707 808 707
14 556 24 558
769 254 801 254
94 213 96 223
438 615 463 615
206 671 238 671
379 866 389 868
897 402 929 402
329 510 361 510
746 991 778 991
415 385 447 385
498 420 530 420
62 267 62 299
883 773 898 774
694 204 704 206
320 795 322 805
266 759 268 769
897 320 929 320
327 680 359 680
979 528 989 530
688 270 720 270
940 745 972 745
669 716 679 718
150 357 160 359
607 17 617 19
709 323 719 325
535 103 567 103
833 543 865 543
871 263 903 263
44 493 46 503
552 851 562 853
560 191 592 191
523 344 555 344
949 829 981 829
345 273 377 273
114 74 123 76
596 175 606 177
90 291 100 293
737 552 769 552
181 265 213 265
771 708 781 710
61 395 71 397
729 770 739 772
717 373 727 375
905 771 937 771
503 291 513 293
542 759 552 761
937 884 969 884
855 237 887 237
267 870 277 872
135 162 167 162
909 8 941 8
270 600 302 600
374 47 406 47
533 140 565 140
569 383 579 385
358 117 368 119
214 178 224 180
941 23 973 23
493 327 503 329
199 21 231 21
225 417 235 419
452 577 484 577
65 340 67 350
899 432 931 432
32 102 34 112
933 895 965 895
802 349 834 349
596 540 611 541
655 152 687 152
530 450 562 450
275 759 277 769
0 198 0 230
598 790 630 790
150 513 160 515
612 389 644 389
971 813 986 814
405 826 437 826
464 952 496 952
14 560 43 560
29 493 31 503
279 457 309 457
88 990 98 992
236 792 238 802
819 843 851 843
284 979 316 979
947 918 977 918
731 229 763 229
165 307 175 309
54 413 64 415
524 929 534 931
945 436 955 438
665 412 697 412
390 628 421 628
105 794 105 826
271 993 286 994
540 535 572 535
776 784 808 784
70 11 72 21
815 449 825 451
310 230 342 230
83 504 115 504
266 420 298 420
233 89 243 91
487 724 497 726
579 29 609 29
215 754 247 754
596 574 628 574
819 80 829 82
106 423 138 423
634 186 666 186
405 873 437 873
178 86 188 88
358 395 368 397
328 377 338 379
215 752 247 752
515 365 547 365
326 902 358 902
679 84 709 84
849 564 859 566
478 277 510 277
79 185 81 195
837 791 869 791
134 388 144 390
315 938 325 940
61 329 63 339
182 40 214 40
162 744 172 746
633 243 665 243
451 571 483 571
419 181 451 181
117 322 149 322
181 315 213 315
686 740 718 740
287 834 289 844
216 450 248 450
505 547 537 547
75 318 85 320
7 192 7 224
235 721 267 721
96 732 106 734
603 833 613 835
96 692 103 695
845 347 877 347
743 807 775 807
569 781 601 781
434 731 466 731
607 619 639 619
59 830 59 862
840 785 872 785
704 57 736 57
232 626 264 626
332 596 342 598
887 693 919 693
496 925 528 925
131 827 133 837
646 256 678 256
707 250 714 253
552 418 584 418
685 655 695 657
345 503 377 503
158 30 190 30
342 12 352 14
574 164 606 164
505 774 537 774
445 351 477 351
687 265 719 265
873 91 905 91
987 896 999 897
710 299 735 299
309 178 319 180
18 693 20 703
710 789 742 789
122 987 154 987
867 194 877 196
262 632 294 632
689 227 704 228
896 569 906 571
978 279 999 279
244 303 276 303
502 627 534 627
933 221 943 223
148 470 180 470
299 137 331 137
904 934 936 934
701 129 733 129
425 101 435 103
771 501 800 501
224 336 234 338
295 95 305 97
876 973 908 973
196 984 228 984
75 267 75 299
66 896 66 928
448 134 458 136
826 486 836 488
941 262 972 262
629 912 661 912
709 659 719 661
661 244 671 246
36 468 46 470
400 737 432 737
968 44 997 44
794 175 804 177
316 108 326 110
380 789 412 789
325 248 357 248
491 976 523 976
681 446 713 446
559 755 591 755
860 366 892 366
570 833 580 835
6 755 16 757
197 740 229 740
88 307 98 309
852 924 862 926
912 293 944 293
179 722 194 723
861 985 893 985
134 942 144 944
968 284 999 284
437 747 469 747
236 803 238 813
290 740 322 740
314 191 346 191
891 519 923 519
712 879 744 879
494 150 526 150
801 684 833 684
463 711 473 713
562 555 594 555
971 424 994 424
583 271 615 271
419 844 451 844
874 615 906 615
264 846 274 848
12 935 12 967
485 487 495 489
11 935 11 967
603 464 635 464
742 560 774 560
359 346 369 348
434 139 466 139
285 496 295 498
164 409 174 411
373 801 383 803
764 229 779 230
57 257 89 257
838 177 870 177
876 55 908 55
9 902 9 934
339 826 371 826
275 141 307 141
421 762 431 764
175 506 207 506
259 178 268 180
2 924 2 956
724 862 731 865
716 920 744 920
858 169 890 169
747 112 779 112
261 924 293 924
684 419 716 419
406 340 438 340
386 986 418 986
603 377 613 379
377 129 409 129
631 201 645 202
373 345 402 345
77 43 109 43
12 708 22 710
916 155 948 155
214 315 246 315
451 938 461 940
502 929 512 931
0 858 0 890
405 326 415 328
72 267 72 299
441 10 470 10
797 138 807 140
794 545 824 545
100 782 132 782
491 195 506 196
709 983 741 983
515 217 547 217
967 946 999 946
140 881 148 883
875 784 907 784
106 975 116 977
392 369 424 369
188 805 190 815
518 178 528 180
488 628 520 628
3 803 3 835
673 175 683 177
254 733 286 733
405 874 437 874
5 147 5 179
155 634 165 636
954 389 986 389
313 636 323 638
943 696 975 696
164 96 166 106
368 283 378 285
176 663 186 665
466 584 498 584
266 82 276 84
474 782 506 782
526 324 536 326
528 942 560 942
821 693 853 693
448 194 463 195
295 862 305 864
677 610 709 610
258 688 268 690
784 215 794 217
317 161 349 161
978 489 987 491
820 862 830 864
769 995 779 997
536 383 546 385
38 800 38 832
270 332 302 332
94 159 104 161
28 121 60 121
467 695 499 695
310 134 339 134
721 948 751 948
577 820 609 820
21 671 21 703
11 351 11 383
869 31 879 33
836 940 868 940
871 461 903 461
23 390 33 392
557 453 567 455
735 968 745 970
686 174 718 174
530 912 562 912
183 954 193 956
425 453 435 455
389 499 399 501
694 653 726 653
463 487 473 489
659 996 691 996
100 711 110 713
555 814 565 816
391 343 423 343
921 292 953 292
575 250 585 252
97 82 99 92
97 143 129 143
48 863 48 895
556 715 588 715
192 866 202 868
630 360 640 362
408 12 418 14
607 107 639 107
621 843 653 843
927 658 959 658
857 261 889 261
878 968 888 970
970 767 985 768
488 62 498 64
925 360 935 362
924 880 956 880
829 336 861 336
363 191 395 191
67 781 99 781
159 995 191 995
819 688 834 689
978 293 993 294
727 935 759 935
733 932 743 934
773 26 805 26
414 602 446 602
923 867 955 867
30 147 30 179
664 476 695 476
730 485 762 485
524 230 556 230
891 938 901 940
425 562 457 562
899 290 929 290
735 343 767 343
837 227 869 227
757 387 789 387
352 564 384 564
161 756 193 756
280 906 290 908
702 221 712 223
812 777 844 777
648 735 680 735
533 659 565 659
561 536 593 536
547 881 579 881
765 402 797 402
562 580 572 582
731 688 741 690
905 819 937 819
91 327 93 337
790 971 822 971
486 855 496 857
324 909 356 909
885 629 917 629
767 348 799 348
810 458 842 458
872 697 904 697
12 797 44 797
386 751 418 751
718 192 750 192
899 160 931 160
469 93 479 95
591 504 623 504
82 417 92 419
380 675 411 675
226 421 258 421
87 412 97 414
486 949 496 951
187 310 197 312
799 666 831 666
565 737 597 737
585 17 595 19
956 931 987 931
30 738 32 748
306 133 338 133
617 258 627 260
686 442 718 442
241 968 273 968
176 141 208 141
438 825 470 825
787 547 819 547
555 286 587 286
796 896 828 896
779 780 811 780
876 602 908 602
459 105 491 105
527 506 537 508
785 705 817 705
513 194 545 194
968 188 994 188
530 972 562 972
127 334 159 334
537 896 569 896
396 20 428 20
136 458 168 458
822 541 854 541
235 69 267 69
827 768 859 768
526 378 558 378
458 932 468 934
368 0 378 2
79 604 111 604
274 546 284 548
17 704 27 706
830 606 862 606
444 464 454 466
324 870 326 880
317 146 327 148
278 770 288 772
725 629 752 629
70 185 72 195
255 923 287 923
720 843 752 843
831 743 863 743
859 204 869 206
186 149 196 151
578 160 601 160
254 320 286 320
594 332 626 332
339 811 371 811
527 893 559 893
206 803 208 813
677 954 687 956
863 704 895 704
466 721 498 721
934 199 966 199
10 414 12 424
66 180 66 212
64 592 64 624
183 450 215 450
524 411 556 411
581 242 613 242
682 449 714 449
813 3 845 3
704 756 736 756
106 324 108 334
450 664 482 664
400 441 410 443
912 967 944 967
38 191 40 201
940 615 972 615
645 932 655 934
394 533 426 533
442 684 474 684
331 489 363 489
34 781 44 783
804 279 836 279
625 377 635 379
563 912 595 912
299 834 301 844
83 139 93 141
353 549 385 549
268 476 278 478
897 423 929 423
691 846 723 846
123 292 155 292
752 93 784 93
156 49 158 59
542 553 574 553
480 454 512 454
346 176 378 176
422 849 454 849
416 224 448 224
887 984 919 984
8 272 40 272
123 89 133 91
893 164 925 164
276 337 308 337
205 947 237 947
892 486 902 488
571 340 602 340
25 770 27 780
393 586 403 588
213 526 245 526
402 120 434 120
377 758 387 760
33 738 35 748
161 905 161 937
650 278 682 278
367 219 399 219
958 731 990 731
726 797 758 797
203 903 213 905
790 224 813 224
945 988 977 988
992 326 999 328
138 327 148 329
69 981 101 981
628 708 638 710
5 726 5 758
616 449 648 449
272 759 274 769
741 526 773 526
673 114 705 114
729 901 739 903
778 234 788 236
879 53 911 53
934 862 966 862
467 814 477 816
893 366 925 366
843 602 875 602
595 171 627 171
195 283 197 293
394 810 404 812
503 46 513 48
33 727 35 737
737 999 769 999
746 288 778 288
285 592 295 594
414 516 446 516
756 587 788 587
862 701 894 701
155 258 165 260
268 439 278 441
825 880 857 880
54 594 54 626
96 528 98 538
35 428 35 460
878 664 910 664
891 241 923 241
281 71 313 71
554 62 564 64
410 667 442 667
306 94 316 96
879 52 911 52
506 74 538 74
88 1 98 3
287 795 289 805
180 650 190 652
360 428 370 430
569 747 601 747
309 989 341 989
276 534 286 536
729 99 761 99
109 792 109 824
496 834 506 836
255 292 287 292
397 492 407 494
400 819 410 821
773 724 805 724
984 282 999 283
819 505 851 505
568 391 600 391
954 635 964 637
502 101 512 103
798 670 830 670
997 511 999 519
46 134 78 134
42 272 42 304
316 975 348 975
120 412 130 414
672 13 704 13
27 99 37 101
122 113 154 113
401 151 433 151
408 494 440 494
13 36 13 68
337 349 369 349
61 167 93 167
53 863 55 873
257 213 267 215
366 960 398 960
789 763 812 763
452 205 484 205
142 449 174 449
441 490 451 492
477 449 509 449
737 94 769 94
531 702 563 702
320 758 322 768
625 803 635 805
874 576 906 576
18 192 18 224
107 498 139 498
477 579 509 579
35 420 45 422
991 996 998 999
231 827 241 829
636 716 646 718
644 615 676 615
58 539 68 541
551 487 561 489
203 717 235 717
886 870 918 870
834 961 844 963
978 52 989 53
172 903 179 906
153 406 163 408
864 860 879 861
250 885 279 885
961 896 986 896
335 758 337 768
65 473 67 483
350 862 360 864
9 609 9 641
832 213 864 213
885 0 917 0
32 847 32 879
970 923 977 926
156 388 166 390
275 834 277 844
279 636 281 646
240 383 272 383
527 210 559 210
293 513 303 515
446 294 456 296
743 937 775 937
592 954 599 957
649 285 681 285
844 126 876 126
627 166 659 166
445 903 455 905
688 621 720 621
841 814 873 814
495 888 505 890
920 788 952 788
581 805 613 805
642 739 674 739
169 401 201 401
139 453 171 453
252 406 262 408
146 614 156 616
124 978 156 978
788 575 820 575
731 557 741 559
880 271 890 273
56 114 88 114
431 374 463 374
880 403 890 405
537 146 547 148
136 67 146 69
150 625 164 626
711 973 743 973
989 726 999 728
112 92 144 92
963 30 985 30
367 473 377 475
251 94 261 96
775 688 785 690
596 452 628 452
208 149 218 151
193 163 203 165
49 616 51 626
775 980 785 982
962 452 990 452
73 450 105 450
389 30 421 30
471 825 503 825
632 413 664 413
215 71 247 71
711 194 743 194
937 460 969 460
283 195 315 195
467 817 499 817
530 639 562 639
491 93 501 95
872 446 904 446
591 891 623 891
550 317 582 317
189 581 199 583
295 383 305 385
861 668 893 668
129 215 139 217
416 616 447 616
797 80 807 82
950 621 982 621
169 77 191 77
80 759 82 769
757 441 789 441
329 798 339 800
739 735 771 735
790 968 800 970
219 225 251 225
830 294 855 294
210 873 220 875
50 653 60 655
168 256 200 256
783 125 812 125
514 287 546 287
477 439 487 441
626 415 658 415
561 846 571 848
153 646 163 648
818 705 850 705
180 387 212 387
493 877 525 877
115 340 117 350
460 68 492 68
6 462 6 494
818 20 850 20
171 183 203 183
787 124 819 124
452 206 484 206
277 580 287 582
885 7 917 7
740 823 772 823
570 791 597 791
306 143 316 145
599 865 609 867
390 417 400 419
901 407 911 409
580 881 612 881
974 610 998 610
281 342 291 344
353 782 385 782
739 460 771 460
818 106 850 106
949 899 974 899
281 795 283 805
220 307 230 309
549 225 581 225
539 548 571 548
468 119 500 119
697 209 729 209
264 897 295 897
439 142 471 142
654 901 664 903
192 995 224 995
503 335 535 335
164 861 179 862
497 366 529 366
801 778 833 778
90 741 100 743
836 331 868 331
142 645 152 647
95 698 127 698
682 66 714 66
400 721 432 721
132 49 134 59
734 876 766 876
592 603 624 603
926 817 958 817
654 407 664 409
356 747 387 747
464 948 496 948
616 133 648 133
924 115 956 115
786 962 814 962
965 608 997 608
164 805 166 815
89 749 99 751
180 526 212 526
155 371 184 371
483 585 515 585
514 288 546 288
500 151 529 151
195 517 227 517
210 280 225 281
543 62 553 64
633 398 665 398
872 656 904 656
707 144 738 144
729 702 739 704
504 324 514 326
773 759 783 761
403 435 435 435
457 343 489 343
524 368 556 368
432 770 442 772
239 792 241 802
643 80 653 82
326 961 358 961
287 986 319 986
713 221 723 223
671 130 703 130
287 987 319 987
336 402 368 402
344 845 376 845
360 289 392 289
401 991 411 993
404 226 436 226
108 606 140 606
221 332 253 332
472 706 504 706
65 406 75 408
35 373 45 375
750 826 782 826
379 688 389 690
55 55 65 57
355 22 365 24
537 8 547 10
476 674 508 674
743 614 753 616
208 914 218 916
143 6 153 8
270 605 272 615
646 291 656 293
584 35 616 35
106 957 116 959
687 0 719 0
416 862 426 864
827 676 859 676
890 22 922 22
528 518 560 518
698 413 730 413
646 881 677 881
141 627 173 627
262 634 294 634
170 786 180 788
547 257 579 257
113 586 123 588
636 146 646 148
344 724 354 726
668 425 678 427
41 667 51 669
146 722 178 722
68 131 78 133
844 291 854 293
159 905 159 937
986 143 991 147
276 715 308 715
969 258 984 259
708 916 740 916
152 203 184 203
727 2 759 2
962 954 972 956
430 277 461 277
931 102 946 103
963 849 995 849
278 776 310 776
253 307 263 309
161 976 193 976
269 539 279 541
135 779 167 779
716 651 748 651
346 542 356 544
230 914 240 916
718 978 750 978
792 356 824 356
340 802 372 802
807 966 839 966
909 248 933 248
479 122 511 122
383 632 393 634
567 648 599 648
240 144 250 146
308 895 340 895
54 82 64 84
768 62 799 62
296 409 306 411
310 406 312 416
36 157 46 159
185 203 217 203
505 412 515 414
90 567 122 567
440 728 472 728
65 863 65 895
625 89 635 91
182 96 184 106
118 499 128 501
269 866 279 868
224 401 256 401
271 35 303 35
0 33 0 65
530 17 540 19
518 258 528 260
413 71 445 71
237 726 269 726
262 324 272 326
508 539 518 541
853 36 885 36
615 840 647 840
437 676 469 676
488 436 498 438
46 413 53 416
589 157 621 157
374 130 406 130
176 75 208 75
206 629 238 629
554 841 586 841
110 118 120 120
14 836 14 868
359 976 391 976
538 589 570 589
762 703 794 703
529 444 539 446
260 493 262 503
520 812 552 812
566 413 598 413
451 892 481 892
281 20 296 21
772 692 787 693
637 106 669 106
855 808 887 808
680 808 712 808
53 143 61 145
770 522 802 522
709 85 738 85
261 363 293 363
213 616 245 616
818 51 850 51
397 566 406 568
28 11 30 21
912 482 944 482
286 404 318 404
356 3 366 5
577 965 609 965
662 817 694 817
728 951 760 951
32 493 34 503
393 291 403 293
916 472 923 475
815 986 847 986
568 435 600 435
310 86 320 88
515 183 547 183
940 858 972 858
304 350 336 350
646 767 678 767
205 613 215 615
592 255 624 255
362 499 372 501
967 130 993 130
104 924 136 924
333 479 365 479
35 381 45 383
864 581 896 581
437 642 447 644
255 289 265 291
334 436 344 438
537 462 569 462
340 798 350 800
664 985 696 985
489 405 499 407
176 759 178 769
385 271 417 271
725 995 735 997
810 602 842 602
155 104 157 114
16 99 26 101
864 318 874 320
268 464 278 466
366 52 398 52
446 702 456 704
866 958 876 960
295 865 327 865
654 778 686 778
921 665 953 665
674 702 684 704
863 718 895 718
644 784 676 784
3 329 3 361
277 681 309 681
402 295 434 295
427 531 459 531
991 265 998 268
408 535 440 535
520 655 530 657
868 3 878 5
621 659 631 661
744 458 776 458
321 922 353 922
137 895 147 897
57 896 57 928
511 17 518 20
566 659 576 661
836 466 868 466
362 506 372 508
544 408 554 410
102 596 133 596
182 482 184 492
683 539 715 539
297 663 307 665
148 990 158 992
807 448 839 448
389 473 399 475
317 813 348 813
448 898 458 900
941 610 973 610
848 434 880 434
680 222 690 224
320 258 330 260
900 222 932 222
843 802 875 802
902 521 934 521
492 289 524 289
752 544 784 544
278 50 288 52
975 580 999 580
140 629 172 629
569 134 601 134
837 38 869 38
889 194 899 196
273 606 283 608
210 715 242 715
233 242 243 244
486 450 496 452
932 160 942 162
374 728 406 728
887 297 919 297
717 599 749 599
937 176 969 176
241 509 251 511
674 757 706 757
966 842 998 842
235 722 258 722
230 149 240 151
247 469 279 469
331 15 363 15
708 819 740 819
361 330 393 330
371 425 381 427
605 130 637 130
311 845 343 845
211 854 221 856
283 806 293 808
629 854 639 856
394 862 404 864
927 476 959 476
199 533 209 535
844 920 876 920
914 503 946 503
721 187 753 187
23 268 55 268
441 337 473 337
291 0 301 2
135 586 145 588
249 735 281 735
57 767 67 769
405 171 437 171
279 387 311 387
390 866 400 868
723 237 755 237
352 736 367 737
414 269 446 269
880 60 912 60
145 82 155 84
987 794 997 796
127 331 137 333
908 15 940 15
441 953 473 953
304 321 314 323
675 526 707 526
819 7 851 7
537 193 569 193
527 314 559 314
911 536 943 536
847 890 857 892
604 393 636 393
525 51 556 51
245 667 277 667
298 135 330 135
740 634 772 634
712 976 744 976
361 456 371 458
912 112 944 112
528 798 560 798
540 207 572 207
45 258 55 260
199 536 231 536
466 612 498 612
511 993 543 993
805 510 837 510
469 243 501 243
355 669 387 669
47 539 57 541
158 399 168 401
790 221 800 223
105 484 115 486
536 135 568 135
737 938 747 940
661 2 693 2
150 971 160 973
241 914 251 916
298 533 308 535
742 571 752 573
93 49 95 59
963 659 995 659
679 636 689 638
72 796 72 828
424 318 434 320
678 932 688 934
775 407 807 407
186 411 196 413
60 445 70 447
147 69 179 69
364 263 396 263
257 482 259 492
595 345 605 347
522 286 554 286
329 548 361 548
356 497 388 497
82 506 84 516
43 974 53 976
950 826 982 826
817 665 849 665
566 906 576 908
654 410 686 410
242 482 244 492
474 183 489 184
991 17 999 19
390 286 422 286
64 318 74 320
687 843 719 843
13 274 13 306
764 323 796 323
514 428 524 430
62 428 64 438
574 269 606 269
187 233 219 233
541 373 551 375
255 917 262 919
213 213 223 215
774 818 806 818
25 29 57 29
701 638 711 640
278 553 310 553
616 271 626 273
532 509 564 509
124 808 126 818
639 597 671 597
440 777 450 779
697 341 729 341
302 151 334 151
363 626 395 626
395 887 427 887
90 49 92 59
266 580 276 582
291 283 293 293
283 194 315 194
563 364 595 364
361 459 371 461
437 426 447 428
877 794 887 796
746 979 778 979
388 29 420 29
147 526 179 526
833 953 865 953
928 896 960 896
894 379 904 381
992 584 999 587
910 257 942 257
466 352 498 352
493 869 525 869
477 609 484 611
812 605 844 605
323 436 333 438
186 414 196 416
798 120 830 120
75 792 107 792
834 266 866 266
127 138 137 140
173 729 205 729
343 745 375 745
734 268 766 268
762 215 772 217
368 692 400 692
441 338 473 338
940 571 972 571
630 353 662 353
318 595 350 595
155 851 157 861
836 792 868 792
543 678 575 678
798 483 830 483
935 334 967 334
643 310 675 310
52 863 52 895
251 778 283 778
147 61 179 61
336 320 368 320
685 155 717 155
574 917 606 917
279 206 311 206
412 980 422 982
423 830 455 830
49 797 49 829
193 168 203 170
626 417 658 417
555 909 580 909
347 70 379 70
617 35 649 35
82 125 92 127
608 22 618 24
553 97 568 98
413 838 445 838
122 999 154 999
831 807 863 807
835 407 845 409
388 66 420 66
294 676 304 678
219 741 251 741
802 589 834 589
47 31 79 31
232 749 242 751
395 504 427 504
448 372 480 372
897 393 929 393
427 380 437 382
918 173 949 173
169 938 171 948
61 39 71 41
430 839 440 841
966 267 990 267
374 894 405 894
303 993 335 993
623 230 654 230
748 741 780 741
839 697 871 697
226 830 236 832
777 322 809 322
725 286 755 286
431 860 463 860
80 977 90 979
70 506 72 516
513 444 520 447
665 901 675 903
129 521 139 523
844 428 854 430
22 803 22 835
244 618 254 620
937 643 969 643
737 537 769 537
584 580 594 582
877 958 887 960
436 627 468 627
987 775 999 776
950 61 980 61
926 734 958 734
934 572 949 573
895 762 927 762
100 111 110 113
449 65 460 66
505 592 515 594
77 97 79 107
803 988 835 988
963 290 995 290
92 61 102 63
706 854 716 856
687 571 697 573
536 686 568 686
776 937 808 937
231 118 241 120
605 307 615 309
171 496 181 498
434 818 466 818
832 348 864 348
297 491 307 493
18 682 20 692
530 373 540 375
276 647 286 649
784 825 816 825
797 286 829 286
49 365 59 367
618 669 650 669
860 110 892 110
80 22 90 24
788 41 798 43
309 647 319 649
218 557 250 557
402 318 412 320
668 383 678 385
662 623 689 623
829 243 861 243
977 229 992 230
564 250 574 252
605 777 615 779
570 380 580 382
403 929 413 931
463 348 473 350
302 814 312 816
817 657 849 657
842 647 850 649
494 967 526 967
486 806 518 806
414 101 424 103
460 531 492 531
937 478 962 478
302 539 312 541
536 431 568 431
185 384 195 386
483 508 515 508
350 979 382 979
259 938 261 948
884 443 916 443
167 841 177 843
105 251 115 253
772 564 782 566
264 307 274 309
811 257 843 257
213 104 245 104
269 759 271 769
234 775 266 775
815 486 825 488
363 233 378 234
226 170 256 170
789 639 799 641
732 243 762 243
954 428 964 430
288 745 309 745
183 932 193 934
735 842 767 842
499 356 527 356
979 726 988 728
928 721 960 721
570 896 602 896
867 685 899 685
153 585 185 585
388 22 420 22
405 862 415 864
982 569 994 570
226 721 234 723
862 943 894 943
337 350 369 350
115 864 130 865
52 694 62 696
317 324 327 326
474 13 506 13
434 140 466 140
849 86 859 88
579 414 611 414
817 770 827 772
306 153 338 153
547 975 579 975
335 716 345 718
590 886 622 886
661 567 693 567
827 775 859 775
608 925 640 925
873 785 905 785
960 26 992 26
907 615 939 615
358 253 390 253
644 116 654 118
94 872 94 904
691 833 701 835
328 324 338 326
350 223 382 223
395 304 404 306
39 33 49 35
474 709 506 709
715 652 747 652
392 368 424 368
383 862 393 864
874 745 906 745
824 261 856 261
948 599 980 599
925 486 935 488
782 421 814 421
689 788 721 788
979 403 989 405
979 531 994 532
502 321 512 323
578 789 610 789
449 632 459 634
190 589 200 591
452 652 483 652
883 192 915 192
191 107 201 109
762 803 772 805
821 239 853 239
236 906 246 908
298 568 330 568
992 805 999 807
442 229 457 230
171 168 181 170
193 171 225 171
136 200 146 202
669 304 701 304
181 351 213 351
50 340 52 350
353 258 363 260
294 428 304 430
771 100 803 100
690 623 722 623
65 436 75 438
14 102 16 112
122 371 154 371
836 793 868 793
355 780 382 780
901 69 911 71
983 546 998 547
81 494 91 496
546 599 578 599
924 31 934 32
359 932 369 934
671 580 673 587
104 473 106 483
684 743 716 743
865 666 897 666
936 449 946 451
552 232 584 232
303 297 313 299
939 448 971 448
131 412 141 414
187 979 219 979
361 554 371 556
770 58 802 58
944 898 974 898
909 324 941 324
525 108 557 108
595 333 627 333
581 804 613 804
151 188 161 190
393 511 425 511
327 636 329 646
164 851 166 860
759 931 791 931
838 226 870 226
893 520 925 520
191 67 201 69
12 528 14 538
255 391 265 393
557 101 589 101
67 784 99 784
881 413 913 413
112 915 144 915
266 212 298 212
522 542 554 542
829 182 861 182
132 990 147 991
474 708 506 708
841 950 873 950
933 747 965 747
236 543 268 543
883 90 915 90
326 698 358 698
728 856 738 858
735 716 745 718
136 650 146 652
625 297 657 297
153 49 155 59
464 623 496 623
282 957 297 958
906 824 938 824
370 101 380 103
789 542 821 542
393 693 425 693
901 142 933 142
69 977 79 979
823 221 833 223
446 360 478 360
741 739 773 739
402 994 433 994
897 580 929 580
873 678 905 678
48 225 50 235
602 527 612 529
245 674 277 674
869 68 901 68
455 473 465 475
703 705 717 706
2 296 2 328
349 283 356 286
854 8 864 10
882 326 914 326
194 766 204 768
253 564 285 564
548 783 580 783
496 672 528 672
352 569 362 571
88 20 120 20
987 821 997 823
177 283 179 293
591 766 601 768
654 968 686 968
218 383 228 385
529 584 561 584
400 612 432 612
638 188 670 188
932 134 964 134
297 569 307 571
535 243 567 243
423 814 433 816
39 49 39 81
608 282 615 285
913 416 945 416
357 688 367 690
621 906 631 908
975 93 999 93
209 663 219 665
123 293 155 293
22 575 24 585
575 873 607 873
222 596 232 598
892 204 902 206
859 646 891 646
398 860 430 860
810 874 842 874
417 995 427 997
91 928 93 938
592 298 624 298
55 213 57 223
199 274 231 274
792 345 802 347
939 739 971 739
302 834 304 844
262 146 272 148
544 56 576 56
950 825 982 825
816 280 848 280
879 482 911 482
442 106 474 106
183 318 193 320
161 759 163 769
342 989 374 989
358 245 368 247
247 470 279 470
215 830 225 832
407 846 417 848
916 803 926 805
860 699 892 699
367 352 399 352
59 74 69 76
126 542 136 544
799 910 831 910
640 226 650 228
759 938 769 940
189 434 221 434
973 557 984 558
144 281 176 281
148 282 180 282
391 280 423 280
55 73 87 73
673 86 683 88
775 941 807 941
678 973 710 973
911 96 943 96
564 92 572 94
316 105 326 107
761 775 793 775
829 496 839 498
878 716 910 716
579 388 589 390
298 545 330 545
112 742 144 742
770 68 802 68
412 250 422 252
472 340 504 340
691 150 723 150
808 950 840 950
350 324 360 326
727 936 742 937
147 556 157 558
436 96 446 98
875 789 907 789
348 41 380 41
779 605 811 605
758 191 790 191
690 42 722 42
113 673 123 675
937 114 969 114
802 184 834 184
88 625 120 625
778 763 788 765
944 221 954 223
323 473 333 475
483 971 515 971
54 409 64 411
934 689 966 689
82 542 114 542
546 961 561 962
886 357 896 359
662 175 672 177
609 966 641 966
766 368 798 368
806 725 838 725
486 50 518 50
686 496 718 496
294 586 326 586
728 912 760 912
655 547 687 547
42 642 52 644
34 428 34 460
932 958 942 960
532 132 564 132
661 171 693 171
176 74 208 74
320 93 322 103
571 592 581 594
249 765 259 767
705 275 737 275
374 58 384 60
248 157 258 159
6 653 6 685
900 223 932 223
114 455 124 457
692 417 724 417
595 315 627 315
595 581 627 581
82 947 92 949
523 318 533 320
205 602 237 602
601 832 625 832
790 255 822 255
442 511 474 511
354 922 386 922
651 86 661 88
713 481 745 481
90 795 90 827
716 360 726 362
464 912 496 912
257 849 289 849
328 383 338 385
924 992 956 992
653 694 685 694
530 362 558 362
121 564 153 564
441 604 472 604
194 513 204 515
350 456 360 458
52 670 62 672
879 840 911 840
510 61 520 63
370 422 402 422
127 9 129 19
726 536 758 536
46 128 56 130
963 539 995 539
563 951 595 951
901 211 933 211
586 632 596 634
309 687 341 687
582 735 614 735
935 31 967 31
500 539 507 541
587 214 619 214
19 324 29 326
133 191 165 191
86 321 96 323
460 461 492 461
430 781 440 783
396 870 398 879
778 529 788 531
364 413 396 413
332 82 342 84
47 32 79 32
272 686 304 686
96 730 128 730
335 869 365 869
546 311 578 311
141 607 173 607
170 691 202 691
215 245 225 247
348 581 380 581
427 719 453 719
192 786 202 788
111 687 143 687
193 167 225 167
586 770 596 772
867 145 877 147
140 759 142 769
714 469 724 471
446 318 456 320
605 795 615 797
298 530 308 532
955 181 987 181
555 403 565 405
77 994 92 995
789 383 799 385
958 649 973 650
345 474 355 476
585 401 617 401
982 77 991 79
96 748 128 748
388 65 420 65
743 950 774 950
154 115 164 117
599 406 631 406
343 86 353 88
928 762 960 762
129 870 131 880
418 271 450 271
533 814 543 816
79 892 89 894
108 611 110 621
914 365 946 365
669 52 701 52
15 495 15 527
620 339 652 339
38 442 48 444
636 222 646 224
653 773 685 773
791 22 801 24
500 140 510 142
569 763 579 765
949 192 981 192
445 993 477 993
880 844 912 844
638 519 670 519
914 918 946 918
548 693 580 693
532 352 555 352
790 846 822 846
560 21 592 21
258 925 268 927
460 380 470 382
83 123 115 123
271 362 293 362
620 841 652 841
143 600 175 600
533 731 565 731
719 93 751 93
460 11 492 11
413 702 423 704
770 518 780 520
885 885 917 885
209 463 241 463
90 283 100 285
420 451 452 451
221 736 236 737
682 307 714 307
434 903 444 905
265 451 297 451
164 827 166 837
154 232 186 232
103 460 110 463
104 691 136 691
211 33 221 35
537 876 569 876
188 936 220 936
346 917 356 919
184 881 194 883
698 731 730 731
665 695 697 695
195 881 205 883
331 492 363 492
507 604 539 604
171 704 181 706
754 187 786 187
817 89 849 89
957 151 983 151
590 453 600 455
977 251 999 251
441 279 473 279
211 577 221 579
821 916 853 916
63 727 73 729
53 202 55 212
532 32 555 32
965 135 997 135
577 55 609 55
232 781 242 783
955 603 987 603
730 513 762 513
604 685 636 685
690 478 705 479
721 196 753 196
494 897 526 897
78 294 88 296
96 744 106 746
638 518 670 518
364 153 396 153
232 712 264 712
967 345 999 345
377 26 409 26
821 238 853 238
89 114 121 114
80 917 82 927
995 353 999 358
903 333 935 333
526 76 558 76
488 442 520 442
778 791 810 791
692 832 724 832
427 131 459 131
748 59 780 59
802 157 834 157
793 627 825 627
554 442 586 442
657 764 667 766
695 775 727 775
317 616 349 616
240 617 272 617
429 290 461 290
85 436 87 446
846 112 878 112
686 915 718 915
62 354 64 364
14 25 24 27
596 623 628 623
167 89 177 91
73 461 75 470
539 466 571 466
294 588 326 588
13 307 15 317
330 20 362 20
472 894 504 894
873 496 905 496
868 162 900 162
967 792 995 792
393 254 425 254
676 814 686 816
771 749 781 751
550 795 560 797
815 700 847 700
675 824 707 824
506 938 516 940
329 801 339 803
756 428 766 430
151 307 153 317
753 6 785 6
332 551 364 551
927 340 942 341
366 154 398 154
246 200 256 202
191 805 193 815
565 721 597 721
606 523 638 523
3 979 5 989
70 796 70 828
539 130 571 130
508 692 540 692
531 658 563 658
591 428 601 430
902 537 934 537
220 310 230 312
831 849 863 849
432 160 464 160
208 78 240 78
445 410 455 411
544 865 554 867
313 925 323 927
631 612 663 612
616 317 648 317
0 264 0 296
37 866 37 898
580 641 590 643
51 797 51 829
616 792 626 794
286 559 296 561
616 307 648 307
141 103 151 105
188 871 198 873
938 752 970 752
864 116 874 118
130 981 140 983
124 553 134 555
599 138 609 140
973 905 999 905
898 435 930 435
556 270 588 270
532 439 542 441
971 116 999 116
946 741 974 741
881 45 913 45
289 770 299 772
144 280 176 280
718 400 750 400
97 100 107 102
900 340 926 340
738 535 770 535
376 373 386 375
606 420 616 422
271 601 302 601
65 425 67 435
644 707 676 707
466 342 498 342
700 666 732 666
641 762 673 762
443 124 475 124
497 367 529 367
739 226 771 226
415 384 447 384
243 277 253 279
709 831 741 831
957 938 967 940
103 862 131 862
48 727 50 737
362 887 394 887
182 248 192 250
867 968 877 970
701 642 733 642
686 961 718 961
542 473 552 475
257 167 258 181
80 974 90 976
98 794 98 826
7 462 7 494
739 114 771 114
98 406 108 408
875 122 907 122
674 144 706 144
662 776 694 776
582 213 614 213
528 115 560 115
430 247 462 247
631 485 663 485
765 630 797 630
826 492 858 492
344 399 354 401
499 476 531 476
128 961 160 961
193 755 225 755
273 964 305 964
418 521 428 523
964 828 996 828
548 720 580 720
465 227 480 228
36 340 36 370
829 762 861 762
901 349 933 349
631 514 663 514
827 879 859 879
758 593 790 593
254 277 264 279
139 307 141 317
154 622 164 624
594 880 626 880
662 775 694 775
375 577 385 579
558 506 568 508
918 802 950 802
95 354 104 356
173 699 205 699
112 900 122 902
915 62 947 62
610 310 642 310
412 786 422 788
693 811 725 811
819 569 829 571
487 655 497 657
890 816 922 816
135 611 145 613
423 282 433 284
328 808 360 808
782 362 814 362
331 784 363 784
615 517 647 517
439 774 471 774
141 148 173 148
900 499 910 501
166 724 176 726
171 758 203 758
798 331 830 331
144 903 171 903
936 204 946 206
301 613 333 613
809 116 819 118
659 897 691 897
780 3 790 5
540 338 572 338
67 708 77 710
912 229 927 230
668 677 700 677
421 401 453 401
827 734 859 734
148 307 150 317
597 992 629 992
21 225 21 257
826 555 858 555
198 756 230 756
511 265 543 265
58 318 60 328
476 235 486 237
490 344 522 344
548 365 580 365
357 907 367 909
943 630 975 630
50 33 60 35
657 123 689 123
918 572 933 573
385 660 395 662
890 867 922 867
592 297 624 297
764 704 796 704
820 318 830 320
565 790 597 790
149 163 159 165
844 425 854 427
159 994 191 994
222 86 232 88
474 580 484 582
257 473 267 475
898 418 913 419
37 125 39 135
541 597 556 598
651 434 682 434
651 669 682 669
976 841 999 841
530 541 562 541
192 903 202 905
886 395 896 397
962 224 990 224
179 655 189 657
124 589 134 591
528 938 538 940
883 128 915 128
6 979 8 989
688 40 720 40
351 595 383 595
467 903 477 905
75 324 85 326
714 158 746 158
227 768 259 768
402 600 417 601
627 332 659 332
812 909 844 909
440 445 472 445
375 184 407 184
401 786 411 788
555 906 565 908
113 281 143 281
48 183 58 185
177 546 209 546
390 829 422 829
81 789 91 791
343 82 353 84
649 66 681 66
845 755 877 755
179 553 211 553
132 992 147 993
720 505 752 505
191 443 223 443
895 386 927 386
934 175 966 175
952 894 984 894
636 170 663 170
16 836 16 868
872 634 904 634
303 294 313 296
569 671 601 671
167 388 177 390
16 576 16 608
672 923 704 923
172 601 204 601
25 307 27 317
28 125 30 135
414 45 446 45
272 226 304 226
441 468 471 468
115 916 125 918
386 749 418 749
268 790 300 790
497 640 529 640
578 961 586 963
763 701 795 701
643 745 675 745
771 13 803 13
533 282 543 284
998 859 999 871
178 596 188 598
724 218 734 220
890 472 915 472
858 691 890 691
969 708 979 710
803 927 813 929
95 759 97 769
818 646 850 646
412 539 422 541
204 662 236 662
322 22 332 24
687 674 719 674
226 160 258 160
518 580 528 582
470 226 502 226
399 765 431 765
454 882 486 882
290 741 322 741
585 418 617 418
822 108 851 108
24 803 24 835
91 777 101 779
126 898 158 898
892 92 924 92
558 124 588 124
818 694 850 694
22 274 22 306
558 529 590 529
725 593 757 593
242 234 274 234
853 547 885 547
476 655 486 657
264 76 296 76
138 403 170 403
14 935 14 967
554 496 564 498
530 551 562 551
75 586 77 596
958 653 989 653
857 191 889 191
10 462 10 494
327 267 359 267
810 875 842 875
118 493 128 495
772 226 804 226
755 21 787 21
917 61 949 61
597 724 607 726
504 143 514 145
995 520 999 524
962 225 990 225
593 210 625 210
4 836 4 868
871 511 903 511
168 775 200 775
507 493 539 493
359 357 369 359
350 224 382 224
39 656 49 658
694 345 704 347
252 738 262 740
344 984 376 984
413 789 445 789
3 258 4 272
758 733 790 733
640 461 672 461
580 625 610 625
199 711 209 713
734 921 766 921
216 323 248 323
331 568 363 568
727 178 737 180
200 93 202 103
702 822 734 822
393 679 425 679
548 203 580 203
262 133 291 133
520 238 530 240
4 158 4 190
795 992 827 992
858 518 890 518
170 484 172 494
776 809 808 809
394 456 404 458
572 999 604 999
683 34 715 34
358 171 388 171
774 916 804 916
469 101 479 103
118 998 150 998
558 486 590 486
219 917 248 917
240 554 250 556
256 238 266 240
469 321 479 323
62 581 72 583
237 248 247 250
140 530 150 532
309 335 341 335
629 998 661 998
77 205 109 205
139 956 149 958
850 908 882 908
374 537 406 537
447 932 457 934
403 938 405 948
487 22 497 24
43 82 53 84
486 125 518 125
345 609 355 611
139 471 171 471
339 632 349 634
424 343 456 343
313 642 323 644
153 377 155 386
653 503 685 503
799 185 831 185
672 195 704 195
100 749 110 751
399 160 431 160
616 58 626 60
718 339 750 339
864 422 896 422
430 21 462 21
859 362 891 362
980 204 990 206
889 968 899 970
643 138 653 140
741 746 773 746
288 618 298 620
211 574 221 576
712 257 744 257
262 633 294 633
397 489 407 491
74 833 106 833
898 213 930 213
699 120 731 120
284 95 294 97
469 513 479 515
48 594 48 626
669 989 701 989
409 575 441 575
547 287 579 287
850 37 882 37
115 324 117 334
458 513 468 515
711 322 743 322
382 257 414 257
503 641 513 643
723 542 755 542
528 884 560 884
767 46 799 46
574 851 584 853
746 218 756 220
321 82 331 84
341 888 351 890
319 518 329 520
658 699 690 699
699 957 731 957
411 676 436 676
978 85 988 87
972 700 997 700
138 301 170 301
641 553 673 553
977 755 999 755
683 549 715 549
363 756 395 756
848 365 880 365
105 752 115 754
254 702 269 703
848 45 880 45
441 687 473 687
894 151 926 151
605 75 637 75
672 178 682 180
383 72 415 72
529 258 539 260
298 277 330 277
51 534 61 536
306 380 316 382
209 234 241 234
138 528 170 528
794 699 826 699
74 520 84 522
773 634 805 634
773 770 783 772
757 327 789 327
511 659 521 661
434 151 466 151
917 159 949 159
952 715 981 715
69 830 69 862
361 603 393 603
945 53 977 53
908 625 940 625
267 22 277 24
473 188 505 188
270 630 302 630
473 742 505 742
893 265 925 265
811 639 821 641
947 922 977 922
709 820 741 820
128 425 130 435
933 663 965 663
842 262 874 262
197 93 199 103
39 594 39 626
288 283 290 293
140 493 142 503
127 330 159 330
844 234 854 236
473 548 505 548
412 906 422 908
814 831 846 831
24 340 24 372
738 258 748 260
688 267 719 267
407 850 439 850
672 244 682 246
200 911 210 913
482 371 514 371
284 460 294 462
189 618 199 620
931 10 963 10
850 829 882 829
727 672 759 672
817 400 849 400
81 74 91 76
146 723 178 723
505 111 537 111
909 676 936 676
892 258 902 260
984 138 994 140
432 197 442 199
724 251 756 251
664 312 696 312
221 17 231 19
706 460 738 460
205 607 215 609
855 760 887 760
215 251 225 253
936 419 946 421
791 733 823 733
571 78 596 78
411 497 421 499
36 371 51 372
449 720 481 720
979 285 992 286
175 507 185 509
17 542 19 552
972 183 999 183
217 881 227 883
712 287 744 287
536 432 568 432
745 234 755 236
5 836 5 868
53 340 55 350
714 594 746 594
686 544 718 544
253 660 285 660
873 786 905 786
823 964 855 964
107 736 122 737
247 814 257 816
178 618 188 620
43 0 45 10
13 11 15 21
744 370 754 372
846 121 878 121
36 553 46 555
70 67 80 69
732 424 764 424
37 428 37 460
643 688 675 688
659 45 691 45
908 850 940 850
621 410 653 410
637 211 669 211
231 605 233 615
528 941 560 941
238 765 248 767
587 2 619 2
915 736 947 736
898 240 930 240
868 597 900 597
666 424 698 424
340 484 372 484
688 152 720 152
556 948 566 950
907 814 939 814
732 398 764 398
591 680 623 680
651 376 683 376
445 983 477 983
973 797 999 797
150 49 152 59
875 357 885 359
716 244 726 246
683 178 693 180
899 289 931 289
795 509 827 509
496 333 528 333
877 127 909 127
657 291 667 293
50 830 50 862
888 897 920 897
292 40 324 40
888 958 898 960
253 559 263 561
150 974 182 974
842 550 874 550
64 896 64 928
785 961 814 961
22 11 24 21
249 759 259 761
370 349 402 349
110 44 142 44
127 163 137 165
390 636 392 646
765 862 775 864
721 270 753 270
220 233 252 233
16 11 18 21
727 550 759 550
859 492 891 492
561 795 571 797
108 126 118 128
415 813 447 813
695 912 727 912
36 242 46 244
300 550 332 550
666 647 676 649
440 850 472 850
236 540 246 542
431 851 441 853
459 108 491 108
616 795 626 797
460 635 492 635
775 560 807 560
284 612 294 614
92 663 94 673
686 436 696 438
960 985 992 985
65 149 75 151
373 484 405 484
756 506 766 508
171 752 181 754
798 318 808 320
379 314 411 314
613 276 645 276
826 92 858 92
879 595 911 595
637 589 669 589
983 336 995 337
63 830 63 862
640 190 672 190
29 594 29 626
699 896 729 896
862 721 894 721
753 904 785 904
938 553 970 553
665 865 675 867
424 159 456 159
661 333 693 333
210 533 220 535
334 822 344 824
799 238 809 240
796 514 828 514
928 825 938 827
96 363 128 363
621 326 653 326
683 918 715 918
461 65 486 65
624 428 634 430
88 455 90 465
467 404 477 406
829 438 861 438
896 695 928 695
585 743 617 743
671 404 681 406
869 711 879 713
484 521 494 523
459 646 491 646
337 939 347 941
664 752 696 752
438 632 448 634
539 522 549 524
289 870 299 872
263 914 273 916
869 692 901 692
6 69 6 101
454 334 469 335
615 601 647 601
932 506 942 508
528 492 560 492
25 11 27 21
25 803 25 835
658 64 687 64
45 929 45 961
548 242 580 242
891 169 923 169
295 224 327 224
524 481 556 481
456 505 488 505
842 16 874 16
549 516 581 516
655 116 665 118
186 410 218 410
826 455 858 455
332 242 342 244
176 559 186 561
8 22 10 32
713 803 720 806
701 134 733 134
139 9 141 19
727 204 737 206
782 549 814 549
697 662 729 662
15 609 15 641
189 172 191 181
913 929 945 929
846 840 878 840
573 598 605 598
222 188 232 190
772 17 782 19
971 376 979 378
58 240 68 242
209 846 219 848
198 60 230 60
203 178 213 180
592 143 602 145
147 66 157 68
22 836 22 868
46 378 56 380
4 786 36 786
809 395 819 397
643 571 675 571
561 673 593 673
422 819 432 821
287 993 302 994
814 133 846 133
17 180 19 190
103 697 135 697
984 582 999 583
631 447 663 447
94 752 104 754
141 880 173 880
327 425 337 427
216 346 226 348
235 216 250 217
356 496 388 496
482 69 514 69
421 882 453 882
34 147 34 179
923 993 933 995
760 683 792 683
185 675 217 675
699 243 731 243
878 307 910 307
940 614 972 614
254 999 286 999
492 517 515 517
658 221 690 221
280 981 312 981
372 911 404 911
41 697 51 699
304 954 314 956
726 271 758 271
721 715 753 715
945 52 977 52
626 482 636 484
785 266 817 266
255 852 287 852
752 266 784 266
957 628 989 628
765 957 797 957
251 100 261 102
107 729 139 729
88 21 120 21
15 642 15 674
518 204 528 206
0 66 0 98
237 662 269 662
817 37 849 37
517 795 527 797
892 555 924 555
577 85 609 85
540 253 572 253
576 697 608 697
747 726 757 728
691 388 723 388
633 167 643 169
765 119 797 119
347 297 362 298
709 688 719 690
128 360 138 362
640 611 672 611
330 39 361 39
800 134 832 134
279 207 311 207
794 585 826 585
158 905 158 937
198 209 230 209
506 58 516 60
826 179 858 179
676 659 686 661
646 428 656 430
776 12 808 12
435 403 467 403
174 380 206 380
586 978 618 978
716 700 748 700
918 6 950 6
443 238 453 240
362 928 394 928
263 411 295 411
308 521 318 523
725 191 757 191
926 585 958 585
45 962 55 964
576 916 608 916
702 145 712 147
80 554 112 554
569 636 579 638
290 795 292 805
410 758 420 760
107 537 139 537
578 167 588 169
36 428 36 460
921 237 953 237
876 540 908 540
386 708 396 710
72 630 104 630
899 134 931 134
359 562 391 562
813 125 845 125
982 408 997 409
286 485 296 487
751 633 783 633
680 303 712 303
815 839 847 839
488 544 520 544
24 561 32 563
688 399 720 399
987 23 994 25
272 586 282 588
518 844 550 844
140 218 150 220
573 258 605 258
108 934 118 936
234 605 236 615
895 181 905 183
940 950 972 950
709 814 719 816
38 351 48 353
24 429 24 461
331 451 363 451
853 73 885 73
757 89 767 91
262 126 272 128
225 605 227 615
280 814 290 816
640 460 672 460
625 8 635 10
436 34 468 34
238 601 270 601
211 921 221 923
481 84 513 84
558 480 585 480
74 523 84 525
816 263 826 265
169 905 169 937
515 833 547 833
361 131 393 131
49 688 59 690
922 533 954 533
780 469 790 471
662 858 694 858
92 425 94 435
729 77 739 79
805 352 837 352
110 828 112 838
590 932 622 932
311 777 343 777
597 632 607 634
703 512 735 512
387 313 419 313
731 193 763 193
870 227 902 227
644 789 676 789
566 407 598 407
801 52 828 52
391 187 423 187
619 156 651 156
837 100 869 100
467 138 477 140
203 352 235 352
543 496 553 498
786 814 796 816
146 229 178 229
438 380 448 382
364 407 374 409
35 493 37 503
270 661 285 662
982 106 995 107
605 188 637 188
515 28 547 28
454 812 486 812
846 14 878 14
503 677 535 677
899 457 931 457
804 13 836 13
771 228 803 228
565 738 597 738
891 811 923 811
361 380 371 382
938 823 970 823
153 881 161 883
248 93 250 103
607 583 639 583
78 377 80 387
393 676 400 678
19 327 51 327
109 513 116 516
624 527 634 529
458 902 490 902
850 339 882 339
680 979 712 979
410 985 442 985
927 151 956 151
589 556 621 556
77 0 109 0
624 584 634 586
484 588 516 588
976 794 986 796
947 258 957 260
947 244 979 244
288 86 298 88
303 300 335 300
277 583 309 583
522 670 554 670
399 766 431 766
727 654 737 656
572 74 604 74
788 370 798 372
650 444 660 446
402 402 434 402
310 681 342 681
233 82 243 84
7 719 7 751
58 237 68 239
913 271 923 273
508 373 518 375
690 383 700 385
296 887 328 887
761 154 793 154
703 894 735 894
140 744 150 746
941 550 972 550
924 353 931 356
738 227 770 227
83 707 115 707
763 985 795 985
562 244 572 246
698 845 730 845
436 388 446 390
57 566 67 568
947 882 979 882
810 53 832 53
39 776 49 778
252 741 273 741
51 932 61 934
509 360 541 360
340 746 372 746
407 141 439 141
836 521 868 521
460 330 492 330
42 153 74 153
633 630 665 630
511 748 543 748
944 363 976 363
903 38 935 38
948 17 958 19
347 167 357 169
582 736 614 736
628 15 660 15
368 716 378 718
247 980 257 982
406 508 438 508
722 606 754 606
275 43 307 43
324 542 334 544
52 269 52 301
553 882 585 882
209 521 219 523
863 695 895 695
100 108 110 110
721 947 753 947
316 112 348 112
1 858 1 890
354 182 385 182
22 132 24 142
66 797 66 829
317 380 327 382
793 449 803 451
638 999 670 999
705 244 715 246
835 706 850 707
315 283 317 293
558 987 590 987
254 262 286 262
358 280 390 280
897 398 929 398
676 29 708 29
922 194 932 196
863 719 895 719
397 278 429 278
36 163 38 173
690 237 722 237
17 398 27 400
822 868 853 868
203 175 213 177
925 492 957 492
588 542 620 542
874 753 906 753
503 763 513 765
567 66 599 66
831 491 863 491
657 679 689 679
588 410 620 410
861 473 871 475
858 682 890 682
917 705 927 707
581 27 613 27
965 543 997 543
540 923 550 925
6 36 6 68
882 50 914 50
829 701 861 701
193 187 225 187
127 307 129 317
527 3 559 3
472 512 504 512
876 298 908 298
990 864 997 867
347 703 379 703
87 416 119 416
303 403 335 403
652 250 662 252
257 4 289 4
588 173 620 173
199 784 231 784
654 980 664 982
499 208 531 208
503 383 513 385
896 140 928 140
462 810 494 810
857 837 889 837
71 439 72 454
91 436 93 446
923 690 955 690
400 204 410 206
176 310 186 312
124 353 134 355
177 343 209 343
549 412 557 414
86 895 86 927
46 863 46 895
767 876 799 876
1 782 11 784
427 166 459 166
654 868 675 868
822 639 832 641
633 954 643 956
530 776 562 776
284 795 286 805
642 436 652 438
693 884 725 884
413 169 445 169
41 354 43 364
453 744 485 744
888 987 920 987
489 566 521 566
142 335 174 335
204 297 214 299
661 445 676 446
403 101 413 103
540 345 550 347
681 517 713 517
955 877 987 877
465 355 497 355
394 792 404 794
555 730 587 730
602 98 634 98
889 334 918 334
457 99 489 99
369 993 400 993
818 496 828 498
761 854 771 856
363 846 373 848
138 169 170 169
825 930 857 930
385 307 395 309
22 574 54 574
350 143 360 145
230 738 240 740
810 454 842 454
804 586 836 586
685 197 717 197
704 184 736 184
18 335 28 337
734 104 766 104
51 863 51 895
132 115 142 117
794 998 826 998
166 732 176 734
625 380 635 382
734 234 744 236
268 196 300 196
333 870 335 880
466 218 498 218
597 759 607 761
853 621 883 621
689 21 721 21
107 497 139 497
168 668 200 668
598 341 630 341
274 706 306 706
127 704 137 706
267 636 269 646
643 906 653 908
705 207 737 207
254 734 286 734
968 521 983 522
126 881 128 891
117 266 119 276
182 245 192 247
71 692 95 692
933 266 965 266
131 797 133 807
134 950 144 952
629 374 639 376
368 527 383 528
521 543 553 543
845 221 855 223
624 763 634 765
758 995 768 997
709 310 741 310
329 805 361 805
155 702 187 702
608 632 618 634
801 590 833 590
214 688 224 690
456 614 488 614
619 96 651 96
444 957 476 957
361 143 371 145
298 938 300 948
305 676 315 678
682 282 692 284
799 213 831 213
807 436 817 438
210 258 220 260
831 393 863 393
297 20 329 20
596 366 628 366
499 341 531 341
399 532 431 532
595 490 627 490
723 887 733 889
596 857 606 859
923 732 938 733
121 626 149 626
342 468 374 468
367 476 399 476
531 238 541 240
29 60 29 92
313 688 323 690
39 136 49 138
92 80 107 81
73 892 73 924
78 962 88 964
314 342 324 344
883 978 915 978
468 586 491 586
373 795 383 797
275 156 307 156
895 447 927 447
733 185 765 185
320 834 322 844
449 380 459 382
866 97 898 97
467 965 477 967
866 635 876 637
717 675 727 677
300 241 332 241
509 238 519 240
851 645 879 645
904 177 936 177
834 411 866 411
449 223 481 223
121 307 123 317
899 431 931 431
239 105 249 107
17 258 19 268
579 973 611 973
801 753 811 755
228 902 260 902
371 834 373 844
874 783 906 783
376 596 386 598
167 135 177 137
59 497 69 499
672 279 704 279
34 517 36 527
654 814 664 816
713 500 745 500
663 790 695 790
30 225 32 235
620 301 630 303
523 654 555 654
259 654 291 654
843 299 875 299
575 770 585 772
414 973 446 973
72 755 82 757
765 423 797 423
777 27 809 27
426 924 458 924
916 294 948 294
937 177 969 177
613 879 645 879
17 752 27 754
805 269 837 269
944 716 959 717
433 499 443 501
840 824 872 824
870 274 902 274
73 575 75 585
644 809 676 809
525 766 535 768
176 569 186 571
907 753 939 753
9 979 11 989
875 937 907 937
493 616 525 616
891 525 923 525
419 348 429 350
680 126 712 126
423 0 433 2
509 250 519 252
489 571 521 571
623 886 655 886
921 883 936 884
150 958 182 958
70 639 80 641
768 590 800 590
288 923 320 923
680 89 690 91
871 906 903 906
288 851 320 851
716 708 726 710
721 547 753 547
272 431 304 431
988 14 998 16
948 679 958 681
924 97 939 98
106 471 138 471
545 837 560 838
244 621 254 623
398 795 400 805
274 774 306 774
55 626 87 626
432 937 464 937
533 81 543 83
359 513 369 515
31 594 31 626
599 944 631 944
18 332 28 334
269 925 279 927
465 250 475 252
400 207 410 209
237 528 269 528
916 89 948 89
832 186 864 186
853 399 885 399
845 499 855 501
5 759 7 769
123 172 125 182
151 178 161 180
566 557 598 557
122 708 132 710
55 874 55 906
517 518 527 520
140 521 150 523
968 711 977 713
538 482 548 484
541 691 573 691
989 157 999 159
155 277 165 279
85 830 95 832
462 756 494 756
538 78 570 78
82 539 92 541
113 792 113 824
38 594 38 626
957 169 987 169
224 476 234 478
721 647 731 649
674 553 706 553
354 89 386 89
715 317 747 317
54 741 56 751
197 510 207 512
397 555 429 555
924 403 934 405
722 456 754 456
858 11 881 11
440 463 472 463
262 938 264 948
429 49 436 52
753 351 785 351
993 174 999 177
424 187 456 187
7 373 9 383
334 464 344 466
709 901 717 903
117 360 127 362
211 622 221 624
641 702 651 704
206 685 238 685
928 447 960 447
821 415 853 415
9 429 9 461
531 704 563 704
538 506 546 508
41 272 41 304
732 919 764 919
926 373 935 375
799 435 831 435
62 575 72 577
580 287 612 287
884 337 916 337
165 996 197 996
652 37 684 37
93 125 125 125
328 143 338 145
988 690 999 691
418 416 450 416
308 663 318 665
353 178 363 180
608 724 618 726
833 425 843 427
189 83 221 83
9 36 9 68
713 783 745 783
175 661 207 661
690 289 722 289
547 291 557 293
720 308 752 308
466 196 490 196
337 96 347 98
346 310 378 310
601 186 633 186
556 167 566 169
282 970 292 972
770 792 780 794
536 781 568 781
517 301 542 301
296 886 328 886
723 291 733 293
90 601 122 601
598 738 630 738
61 42 93 42
748 317 780 317
183 357 193 359
333 235 343 237
589 654 621 654
39 172 71 172
632 557 642 559
269 175 279 177
890 591 922 591
612 540 644 540
463 171 495 171
14 869 14 901
448 975 480 975
65 592 65 624
705 75 737 75
779 664 811 664
299 621 309 623
325 192 357 192
107 829 109 839
509 22 519 24
209 205 241 205
709 629 724 630
437 671 469 671
770 459 802 459
129 884 139 886
634 300 666 300
950 443 982 443
325 421 357 421
247 178 256 180
470 921 502 921
476 553 508 553
893 699 925 699
516 625 546 625
496 839 506 841
218 803 220 813
169 0 171 10
275 142 307 142
434 814 444 816
531 703 563 703
899 958 909 960
28 704 38 706
540 580 550 582
694 490 723 490
830 619 862 619
759 930 791 930
294 693 326 693
289 22 299 24
976 508 991 509
400 213 410 215
701 766 711 768
968 938 978 940
669 380 679 382
303 398 335 398
905 215 937 215
527 967 559 967
45 797 45 829
695 776 727 776
953 367 985 367
35 179 67 179
936 574 968 574
137 786 137 818
206 744 238 744
385 415 411 415
690 637 722 637
76 327 78 337
847 313 879 313
876 238 886 240
241 412 273 412
163 324 165 334
551 840 581 840
166 213 168 223
474 17 484 19
109 149 119 151
647 720 679 720
573 988 605 988
108 152 140 152
423 909 455 909
53 594 53 626
808 783 840 783
646 644 678 644
895 253 927 253
955 145 965 147
723 527 733 529
603 821 635 821
421 29 453 29
513 311 545 311
770 403 780 405
177 714 209 714
463 749 473 751
354 388 364 390
260 932 270 934
790 146 822 146
856 603 888 603
175 574 177 583
621 308 653 308
191 473 201 475
192 906 202 908
941 116 970 116
475 949 485 951
421 978 453 978
680 377 690 379
317 126 327 128
78 280 88 282
791 392 823 392
849 827 875 827
203 495 205 505
450 572 482 572
199 568 231 568
527 969 537 971
74 425 76 435
577 983 609 983
516 572 548 572
450 225 482 225
391 421 422 421
337 272 369 272
659 995 691 995
862 762 894 762
721 152 753 152
294 679 326 679
678 881 710 881
744 540 776 540
809 11 824 12
867 107 882 108
46 517 48 527
175 907 177 917
149 495 181 495
828 770 838 772
614 27 646 27
111 631 121 633
847 831 879 831
166 905 166 937
360 42 392 42
883 803 915 803
20 192 20 224
749 278 781 278
84 906 84 938
616 631 648 631
814 795 824 797
875 974 907 974
568 103 600 103
273 198 288 199
468 318 478 320
539 850 571 850
160 370 192 370
640 851 650 853
456 786 471 787
726 283 758 283
819 629 851 629
771 227 803 227
754 124 786 124
159 898 191 898
107 686 139 686
559 11 574 12
226 281 258 281
433 204 440 207
366 238 376 240
840 589 872 589
892 649 924 649
257 3 289 3
343 742 373 742
601 321 611 323
700 910 732 910
670 161 702 161
129 747 161 747
899 774 931 774
680 898 712 898
50 269 50 301
399 960 431 960
189 900 191 910
198 569 208 571
211 950 221 952
542 469 574 469
307 746 339 746
890 39 922 39
960 600 983 600
357 614 389 614
775 924 785 926
804 38 836 38
758 45 790 45
438 324 448 326
682 892 714 892
412 351 444 351
126 125 158 125
182 495 184 505
751 829 783 829
980 788 995 789
360 108 370 110
706 226 738 226
956 417 988 417
660 626 692 626
407 156 437 156
230 416 262 416
423 418 430 421
937 226 968 226
716 204 726 206
207 666 239 666
945 592 977 592
406 589 438 589
733 687 765 687
225 365 235 367
208 661 240 661
491 562 517 562
969 934 979 936
532 514 564 514
100 781 132 781
237 13 247 15
955 951 984 951
867 340 899 340
530 452 562 452
544 310 576 310
476 26 508 26
386 700 418 700
590 902 622 902
22 44 32 46
576 503 608 503
144 786 144 818
336 300 368 300
261 425 271 427
660 95 690 95
926 520 958 520
109 82 111 92
464 574 496 574
639 275 671 275
483 898 515 898
797 316 829 316
158 436 168 438
955 131 987 131
354 391 364 393
859 389 887 389
898 910 930 910
544 746 576 746
316 676 326 678
871 735 903 735
324 172 334 174
120 506 130 508
462 46 491 46
307 592 339 592
62 957 72 959
881 180 905 180
112 914 144 914
708 436 718 438
828 151 860 151
814 31 824 33
362 886 394 886
299 190 329 190
379 265 411 265
593 415 625 415
733 435 765 435
765 865 797 865
4 935 4 967
62 940 64 950
752 546 784 546
965 832 997 832
565 386 597 386
60 439 70 441
333 656 343 658
196 980 205 982
771 258 781 260
137 691 169 691
136 9 138 19
451 301 483 301
803 67 835 67
486 137 518 137
824 22 834 24
363 827 373 829
914 239 946 239
544 277 576 277
47 93 49 103
902 529 912 531
978 987 993 988
956 191 981 191
138 324 148 326
664 386 696 386
389 61 399 63
131 840 133 850
827 622 859 622
586 197 596 199
56 428 58 438
335 417 345 419
369 157 379 159
47 673 49 683
580 257 612 257
813 594 845 594
570 146 580 148
11 274 11 306
427 144 437 146
667 932 677 934
466 723 498 723
984 375 994 377
897 581 929 581
331 493 363 493
614 716 624 718
815 549 847 549
433 723 465 723
862 496 872 498
538 547 570 547
329 469 344 470
938 515 959 515
789 903 821 903
852 674 884 674
680 803 690 805
188 631 198 633
290 439 300 441
671 92 686 93
171 398 203 398
911 777 943 777
571 590 603 590
299 855 309 857
952 578 976 578
7 339 39 339
191 482 193 492
848 651 880 651
886 40 918 40
646 425 656 427
922 388 954 388
396 896 428 896
693 837 725 837
825 271 835 273
153 592 163 594
692 897 724 897
46 49 46 81
896 557 906 559
268 819 278 821
64 770 66 780
35 49 35 81
188 711 198 713
287 759 289 769
202 64 212 66
556 343 588 343
929 980 939 982
797 294 829 294
779 534 811 534
477 273 509 273
392 940 402 942
801 329 833 329
320 732 330 734
816 50 848 50
820 621 852 621
264 118 274 120
92 64 102 66
99 622 109 624
194 495 196 505
871 854 881 856
572 54 604 54
642 526 674 526
392 321 402 323
595 935 627 935
579 45 586 48
869 616 878 618
611 395 621 397
256 938 258 948
432 228 464 228
676 866 708 866
279 201 311 201
792 615 824 615
807 786 839 786
918 674 950 674
505 894 537 894
975 503 999 503
516 516 548 516
382 696 414 696
166 327 176 329
357 980 389 980
57 391 89 391
120 738 152 738
328 632 338 634
789 636 799 638
18 836 18 868
661 708 671 710
313 928 345 928
118 534 128 536
310 745 342 745
265 334 297 334
925 299 957 299
65 448 67 458
169 66 179 68
935 711 945 713
94 436 96 446
503 676 535 676
706 635 738 635
40 866 40 898
658 145 690 145
789 736 799 738
673 852 683 854
320 986 352 986
721 165 753 165
748 892 780 892
254 549 286 549
826 653 858 653
426 586 456 586
786 267 817 267
697 436 707 438
872 26 904 26
302 786 312 788
671 850 703 850
660 536 692 536
348 974 380 974
535 800 545 802
368 917 378 919
161 838 163 848
675 578 707 578
326 369 358 369
875 610 907 610
34 724 66 724
323 849 355 849
991 120 998 123
543 342 574 342
842 122 874 122
1 786 3 796
528 683 560 683
381 269 413 269
943 722 971 722
47 448 49 458
495 810 527 810
950 626 982 626
770 938 780 940
200 918 210 920
933 590 960 590
810 973 842 973
827 912 859 912
363 307 373 309
912 407 944 407
669 263 701 263
522 0 554 0
544 903 554 905
167 905 167 937
725 733 757 733
784 197 814 197
240 862 250 864
215 396 225 398
506 307 516 309
344 424 376 424
198 835 208 837
38 365 48 367
220 521 230 523
393 924 425 924
237 605 239 615
506 728 538 728
110 678 120 680
311 124 343 124
674 26 706 26
382 882 414 882
810 42 842 42
567 331 599 331
748 518 758 520
344 235 354 237
222 922 254 922
846 967 878 967
176 205 208 205
902 345 933 345
129 178 139 180
966 218 976 220
12 642 12 674
574 190 606 190
645 602 677 602
8 180 10 190
382 256 414 256
767 160 799 160
229 635 261 635
602 291 612 293
645 942 677 942
908 613 940 613
47 237 57 239
455 544 487 544
550 631 582 631
31 814 31 846
866 47 898 47
39 490 71 490
444 499 454 501
392 970 402 972
461 39 493 39
557 597 572 598
528 568 560 568
852 532 884 532
493 146 525 146
210 631 220 633
129 881 139 883
611 707 643 707
51 929 61 931
614 876 645 876
669 608 701 608
17 102 19 112
518 936 545 936
822 289 854 289
5 484 5 516
421 238 431 240
686 684 718 684
638 49 670 49
946 865 978 865
702 913 734 913
181 925 191 927
567 272 582 273
2 33 2 65
545 784 577 784
348 939 358 941
311 655 321 657
782 361 814 361
853 579 885 579
25 836 25 868
967 493 982 494
539 519 549 521
975 101 999 101
348 269 380 269
895 341 926 341
641 250 651 252
391 40 423 40
175 413 185 415
510 496 542 496
183 283 185 293
196 863 206 865
730 439 740 441
46 797 46 829
540 195 572 195
408 687 440 687
733 367 765 367
637 894 669 894
704 58 736 58
33 340 33 372
630 591 662 591
317 203 349 203
9 528 11 538
73 528 83 530
68 830 68 862
609 301 619 303
866 543 898 543
985 482 999 483
26 627 26 659
507 178 517 180
27 727 29 737
641 984 673 984
309 870 311 880
700 103 732 103
326 938 358 938
835 161 867 161
963 231 992 231
966 464 991 464
768 264 793 264
572 75 604 75
782 577 814 577
499 386 531 386
749 35 781 35
346 250 356 252
474 494 506 494
924 612 956 612
834 523 866 523
584 181 616 181
479 116 489 118
39 659 49 661
224 473 234 475
627 356 659 356
59 267 59 299
477 503 509 503
214 814 224 816
685 480 717 480
214 172 224 174
172 357 182 359
651 373 661 375
639 195 671 195
281 789 313 789
383 126 393 128
457 654 489 654
397 545 429 545
557 646 589 646
608 757 640 757
854 868 869 869
387 86 397 88
78 965 88 967
175 643 185 645
242 115 252 117
740 757 772 757
732 295 764 295
310 242 320 244
965 160 975 162
541 583 573 583
283 753 313 753
74 834 84 836
894 985 926 985
104 688 114 690
905 553 937 553
684 25 716 25
266 388 276 390
98 409 108 411
754 631 786 631
551 708 561 710
702 753 712 755
399 758 409 760
566 404 576 406
856 145 866 147
691 699 723 699
449 456 459 458
103 464 135 464
962 472 972 474
554 37 586 37
769 1 801 1
268 458 300 458
253 317 285 317
168 235 178 237
525 109 557 109
515 554 547 554
488 849 520 849
132 3 142 5
456 370 488 370
782 204 792 206
779 65 811 65
111 298 143 298
975 480 987 481
767 527 777 529
796 341 828 341
651 857 661 859
823 961 833 963
257 113 289 113
926 364 958 364
327 283 337 285
651 401 683 401
782 839 814 839
63 737 95 737
125 425 127 435
274 496 284 498
353 12 363 14
327 679 359 679
768 411 800 411
972 718 999 718
26 180 36 182
263 887 295 887
205 319 220 320
719 20 751 20
166 626 198 626
817 812 849 812
499 824 531 824
637 281 668 281
167 951 177 953
919 40 951 40
955 255 987 255
8 36 8 68
190 770 200 772
121 664 131 666
554 499 564 501
773 725 805 725
778 696 810 696
98 209 108 211
21 569 21 593
396 297 428 297
128 335 138 337
229 133 261 133
359 96 369 98
217 372 249 372
484 568 494 570
970 617 998 617
385 570 417 570
161 518 164 525
25 539 35 541
89 262 121 262
746 990 778 990
121 565 153 565
701 432 733 432
263 150 295 150
627 58 637 60
743 395 753 397
48 550 58 552
386 837 396 839
192 639 194 649
871 176 903 176
399 762 409 764
470 429 480 431
760 449 770 451
411 441 421 443
736 211 768 211
73 267 73 299
898 41 908 43
936 869 968 869
278 873 288 875
265 708 275 710
484 792 494 794
950 20 982 20
326 834 328 844
420 950 430 952
916 908 948 908
142 509 152 511
570 411 602 411
430 345 440 347
373 482 405 482
896 138 928 138
417 663 449 663
392 946 402 948
173 686 205 686
259 421 291 421
204 403 236 403
435 647 467 647
590 230 622 230
23 264 33 266
301 938 303 948
143 679 175 679
148 938 150 948
556 870 588 870
510 297 542 297
495 521 505 523
425 954 435 956
768 860 800 860
797 769 829 769
34 258 44 260
761 734 793 734
315 974 347 974
138 300 170 300
949 107 981 107
145 368 177 368
945 469 955 471
392 96 402 98
203 691 235 691
420 33 452 33
777 973 809 973
149 396 159 398
738 597 770 597
699 424 731 424
953 764 977 764
469 929 479 931
807 746 839 746
878 303 910 303
694 567 726 567
911 664 943 664
706 239 738 239
466 738 498 738
310 89 320 91
105 611 107 621
327 364 359 364
308 888 340 888
346 177 378 177
282 513 292 515
832 666 864 666
947 375 979 375
732 524 764 524
702 304 734 304
426 254 456 254
463 15 495 15
727 92 759 92
25 429 25 461
527 412 537 414
525 527 535 529
177 280 209 280
97 549 107 551
784 300 816 300
782 433 814 433
516 158 548 158
174 549 184 551
822 425 832 427
554 376 586 376
744 41 754 43
456 8 470 9
812 780 843 780
370 32 399 32
836 939 868 939
102 528 103 538
893 817 925 817
269 417 279 419
363 298 395 298
935 284 967 284
358 294 368 296
391 99 423 99
694 178 704 180
783 136 815 136
331 178 341 180
515 327 525 329
579 602 611 602
11 203 11 235
154 619 164 621
474 359 506 359
604 927 636 927
630 572 645 573
681 871 713 871
293 954 303 956
816 137 848 137
696 335 726 335
54 971 56 981
857 469 867 471
151 530 161 532
920 917 952 917
371 686 403 686
237 157 247 159
556 280 581 280
414 599 446 599
725 45 757 45
871 114 903 114
764 911 796 911
241 738 251 740
69 225 79 227
559 530 591 530
723 238 754 238
859 92 891 92
919 350 951 350
228 730 260 730
672 493 704 493
904 461 936 461
794 851 804 853
935 67 967 67
409 303 441 303
206 432 238 432
348 735 380 735
708 502 740 502
79 598 89 600
257 834 259 844
804 275 836 275
596 912 628 912
693 838 725 838
517 521 527 523
141 720 173 720
48 180 58 182
34 968 44 970
842 445 874 445
162 905 162 937
746 944 778 944
818 773 849 773
755 788 787 788
550 601 581 601
916 744 948 744
40 932 40 964
148 716 158 718
572 43 604 43
911 758 943 758
902 58 934 58
149 331 159 333
724 250 756 250
440 742 472 742
255 242 265 244
520 829 552 829
919 187 951 187
650 345 660 347
743 862 753 864
53 448 55 458
809 673 841 673
916 277 948 277
551 749 561 751
348 93 358 95
81 715 113 715
922 603 954 603
55 9 87 9
593 893 625 893
470 766 480 768
181 134 213 134
171 158 181 160
704 711 714 713
495 941 527 941
775 726 782 729
555 172 587 172
932 54 964 54
339 617 371 617
486 596 518 596
658 143 673 144
888 237 920 237
618 137 650 137
425 929 435 931
398 82 408 84
623 800 633 802
617 206 649 206
860 889 892 889
266 286 276 288
889 951 921 951
645 540 677 540
92 674 94 684
956 436 966 438
802 161 834 161
770 548 802 548
254 17 264 19
820 73 852 73
596 900 628 900
203 814 213 816
161 971 171 973
798 232 830 232
728 767 760 767
901 862 933 862
10 132 12 142
175 639 185 641
480 93 490 95
260 970 270 972
155 736 187 736
74 840 76 850
46 256 78 256
44 570 76 570
991 359 998 362
178 742 210 742
922 197 954 197
8 803 8 835
811 696 843 696
776 15 808 15
815 420 825 422
57 302 67 304
258 8 290 8
327 676 337 678
722 885 754 885
214 787 246 787
536 335 568 335
716 538 748 538
944 158 976 158
294 267 326 267
316 195 348 195
542 26 574 26
220 518 230 520
567 30 599 30
438 155 453 156
190 586 200 588
254 749 264 751
740 632 772 632
536 763 546 765
78 644 88 646
749 700 781 700
195 898 205 900
307 406 309 416
864 491 896 491
457 395 467 397
915 401 947 401
239 428 271 428
794 17 804 19
536 334 568 334
418 752 450 752
865 185 897 185
478 311 510 311
621 138 631 140
918 7 950 7
778 256 810 256
386 840 396 842
79 125 81 135
364 580 396 580
470 676 502 676
34 785 66 785
556 192 588 192
380 122 412 122
733 186 765 186
786 173 818 173
939 785 971 785
936 274 968 274
384 225 416 225
404 425 414 427
342 487 374 487
707 702 717 704
90 388 100 390
647 457 679 457
734 134 766 134
390 9 422 9
810 802 842 802
782 244 814 244
297 58 307 60
62 951 70 953
403 423 435 423
588 286 620 286
621 674 653 674
662 366 694 366
779 777 811 777
820 965 852 965
425 389 435 391
52 506 54 516
341 538 373 538
856 250 888 250
776 945 808 945
488 740 520 740
242 891 252 893
205 971 237 971
543 273 566 273
7 587 7 619
658 89 668 91
382 430 414 430
962 619 985 619
267 241 299 241
628 16 660 16
429 297 461 297
139 786 139 818
156 377 158 386
507 258 517 260
65 896 65 928
259 724 291 724
666 630 694 630
77 206 81 211
334 352 366 352
629 857 639 859
507 253 539 253
426 134 436 136
102 794 102 826
835 130 867 130
653 961 685 961
237 600 269 600
297 251 312 252
380 123 412 123
979 313 992 314
354 851 364 853
815 859 847 859
376 303 408 303
351 795 361 797
834 753 844 755
271 954 281 956
622 654 654 654
75 881 75 913
416 371 448 371
462 290 494 290
298 447 330 447
988 195 998 197
882 10 897 11
760 935 792 935
864 630 896 630
295 143 305 145
889 4 921 4
335 817 367 817
295 377 305 379
198 76 230 76
573 259 605 259
237 402 269 402
178 907 180 917
959 364 980 364
523 249 555 249
486 90 518 90
141 152 173 152
359 368 391 368
61 487 71 489
197 914 207 916
147 819 157 821
685 724 695 726
373 546 405 546
761 776 793 776
166 785 198 785
155 297 165 299
629 576 659 576
787 847 797 849
838 17 848 19
230 803 232 813
145 786 145 818
665 731 697 731
267 304 299 304
551 711 561 713
443 674 475 674
859 683 891 683
120 509 130 511
508 87 518 89
357 866 367 868
28 487 38 489
122 786 122 818
848 246 880 246
897 491 928 491
12 36 12 68
178 851 188 853
593 928 625 928
211 742 243 742
835 512 867 512
112 224 144 224
507 580 517 582
13 69 13 101
528 570 560 570
500 903 510 905
17 225 17 257
897 921 929 921
504 462 536 462
995 959 999 964
176 830 183 833
220 302 252 302
639 923 671 923
41 866 41 898
858 931 890 931
36 22 46 24
148 905 148 937
303 402 335 402
371 671 403 671
815 708 825 710
830 309 862 309
266 792 268 802
728 998 760 998
267 49 299 49
374 43 406 43
344 777 373 777
193 248 203 250
718 654 726 656
181 542 191 544
830 324 859 324
459 480 491 480
84 795 84 827
276 989 308 989
936 493 966 493
635 104 667 104
225 903 235 905
242 997 274 997
856 293 866 295
22 192 22 224
258 670 290 670
591 239 606 240
887 787 919 787
317 792 327 794
463 490 473 492
742 983 774 983
798 119 830 119
220 404 252 404
342 773 374 773
825 345 833 347
332 834 334 844
964 889 996 889
131 864 163 864
80 674 82 684
536 889 568 889
562 16 594 16
528 792 538 794
554 740 586 740
560 417 592 417
661 422 693 422
54 425 64 427
573 561 583 563
963 919 995 919
340 193 371 193
832 123 864 123
122 277 132 279
39 738 41 748
829 170 861 170
606 178 616 180
741 496 751 498
187 572 219 572
718 197 750 197
200 621 210 623
693 890 718 890
603 896 635 896
272 834 274 844
679 722 711 722
845 311 877 311
193 186 225 186
907 551 939 551
81 196 91 198
319 889 329 891
473 846 483 848
215 834 217 844
87 611 89 621
133 749 143 751
164 786 166 796
240 126 250 128
828 241 860 241
681 482 691 484
716 749 748 749
745 56 777 56
652 724 662 726
106 453 138 453
185 805 187 815
889 603 921 603
170 792 202 792
683 839 715 839
608 872 640 872
560 714 592 714
347 365 378 365
349 565 381 565
212 845 244 845
514 636 524 638
557 902 589 902
176 728 208 728
41 666 73 666
322 669 354 669
170 937 202 937
920 916 952 916
26 788 36 790
335 818 367 818
331 536 362 536
375 487 407 487
770 67 802 67
920 787 952 787
755 370 765 372
940 945 968 945
509 129 541 129
669 958 684 959
469 388 501 388
850 382 882 382
146 225 169 225
28 594 28 626
505 78 537 78
433 584 465 584
470 677 502 677
614 693 646 693
353 936 385 936
864 420 891 420
706 373 716 375
669 960 701 960
851 467 883 467
638 520 648 522
468 705 500 705
27 836 27 868
4 121 6 131
510 501 520 503
659 928 691 928
487 744 519 744
309 988 341 988
279 464 289 466
705 248 737 248
166 11 170 16
695 583 705 585
83 158 115 158
265 530 275 532
586 155 618 155
507 275 539 275
231 888 241 890
897 319 929 319
106 82 108 92
375 404 385 406
989 769 999 771
129 611 131 621
418 891 428 893
275 205 306 205
146 771 156 773
829 253 861 253
232 274 264 274
833 465 865 465
304 944 314 946
911 779 943 779
385 518 395 520
811 920 843 920
345 819 355 821
865 41 875 43
138 395 170 395
224 834 226 844
156 373 166 375
241 938 243 948
971 823 986 824
938 819 970 819
394 329 426 329
449 869 459 871
759 356 791 356
337 948 369 948
292 253 324 253
221 530 231 532
27 738 29 748
534 318 566 318
270 295 280 297
480 956 512 956
801 464 833 464
308 43 340 43
574 698 606 698
630 658 662 658
728 175 738 177
572 728 604 728
945 840 977 840
800 736 832 736
197 411 207 413
276 988 308 988
72 662 104 662
828 376 838 378
739 917 771 917
856 255 888 255
332 137 363 137
254 987 286 987
169 473 179 475
730 721 762 721
674 823 706 823
431 373 463 373
92 30 124 30
163 905 163 937
25 462 35 464
689 370 699 372
319 831 351 831
234 960 266 960
693 261 725 261
179 586 189 588
658 530 688 530
304 453 336 453
235 476 245 478
408 258 418 260
480 955 512 955
412 175 422 177
635 747 667 747
535 788 557 788
194 932 204 934
858 952 890 952
35 269 45 271
673 463 705 463
370 940 380 942
978 178 999 178
399 770 409 772
914 836 946 836
168 669 178 671
409 164 441 164
407 43 439 43
38 368 48 370
896 317 928 317
303 283 305 293
874 310 906 310
252 225 284 225
480 45 512 45
142 574 144 584
889 388 921 388
580 383 590 385
433 213 443 215
951 138 961 140
769 162 801 162
449 862 459 864
96 883 98 893
579 599 611 599
6 147 6 179
846 871 878 871
270 294 302 294
652 829 684 829
121 678 153 678
126 365 136 367
177 19 209 19
281 70 313 70
292 281 324 281
742 993 774 993
755 531 777 531
189 841 199 843
715 741 747 741
54 269 54 301
647 72 679 72
743 12 775 12
613 890 645 890
536 888 568 888
905 632 937 632
151 938 153 948
676 323 686 325
711 540 743 540
66 225 68 235
312 476 322 478
134 596 144 598
137 695 169 695
290 341 322 341
518 935 545 935
267 586 271 591
552 620 584 620
725 3 735 5
825 726 835 728
133 277 143 279
419 258 429 260
262 377 272 379
594 777 604 779
239 729 271 729
463 567 495 567
556 871 581 871
704 53 736 53
378 64 410 64
241 77 273 77
544 141 576 141
176 116 186 118
121 232 153 232
476 985 508 985
347 123 379 123
106 338 138 338
422 61 432 63
99 269 101 279
637 482 647 484
179 777 211 777
127 168 137 170
46 135 78 135
630 154 662 154
370 358 402 358
559 461 591 461
476 238 486 240
561 811 593 811
778 920 810 920
212 353 222 355
639 258 649 260
546 93 555 95
495 884 527 884
618 31 626 33
353 834 355 844
176 835 186 837
274 275 306 275
133 295 165 295
397 334 429 334
431 776 463 776
922 4 954 4
478 539 488 541
109 324 111 334
451 753 483 753
211 953 243 953
438 377 448 379
259 121 291 121
931 910 963 910
148 540 158 542
498 353 530 353
577 310 609 310
932 141 964 141
883 107 915 107
525 504 557 504
595 16 627 16
67 327 69 337
846 482 878 482
226 40 258 40
353 485 385 485
574 787 589 788
502 185 534 185
726 952 758 952
173 629 205 629
10 351 10 383
59 30 91 30
143 529 175 529
236 691 268 691
362 448 394 448
516 517 548 517
962 695 994 695
851 61 883 61
132 46 164 46
310 950 320 952
997 224 999 234
116 707 148 707
256 28 284 28
910 428 920 430
162 427 172 429
690 679 722 679
323 741 355 741
176 494 208 494
470 729 502 729
237 830 252 831
82 307 84 317
80 547 112 547
567 647 599 647
776 850 808 850
668 201 678 203
428 39 460 39
848 729 880 729
34 546 44 548
719 174 751 174
794 768 826 768
388 114 420 114
131 639 141 641
794 767 826 767
267 775 299 775
295 554 305 556
797 571 807 573
767 113 799 113
476 770 486 772
503 432 535 432
402 227 434 227
971 50 999 50
870 647 880 649
488 37 520 37
476 250 486 252
692 45 724 45
764 412 796 412
705 274 737 274
876 367 886 369
871 983 886 984
210 714 242 714
412 310 444 310
780 198 790 200
32 759 34 769
843 322 875 322
405 304 437 304
490 159 522 159
808 29 840 29
724 145 734 147
143 561 175 561
983 127 993 129
581 143 591 145
477 499 487 501
735 762 767 762
409 624 441 624
381 946 391 948
374 742 406 742
773 376 783 378
546 974 578 974
861 702 893 702
386 649 418 649
301 721 333 721
172 321 182 323
841 946 871 946
291 639 301 641
848 700 880 700
333 228 365 228
803 569 818 570
781 795 791 797
677 647 687 649
866 876 898 876
303 737 335 737
821 495 853 495
504 327 514 329
860 767 892 767
633 402 665 402
74 699 106 699
878 311 910 311
296 738 311 739
572 188 604 188
698 230 730 230
606 359 632 359
947 947 979 947
561 568 571 570
682 862 692 864
411 469 443 469
361 65 371 67
736 296 743 299
250 884 279 884
52 663 62 665
527 545 559 545
962 167 994 167
582 601 614 601
655 977 678 977
855 897 887 897
177 332 209 332
171 403 203 403
351 798 361 800
952 187 976 187
576 678 608 678
669 281 701 281
400 609 410 611
737 74 769 74
381 943 391 945
776 610 808 610
653 174 685 174
301 312 333 312
773 823 805 823
800 234 810 236
844 287 865 287
182 251 192 253
93 922 103 924
953 917 985 917
635 636 645 638
413 659 445 659
274 412 306 412
655 124 687 124
375 407 385 409
13 869 13 901
619 250 629 252
177 258 187 260
680 720 712 720
770 999 802 999
52 697 62 699
449 126 459 128
803 890 813 892
462 660 472 662
415 898 425 900
254 986 286 986
823 148 855 148
627 468 637 470
321 33 353 33
200 578 210 580
664 791 696 791
553 235 563 237
197 495 199 505
260 346 270 348
559 869 589 869
636 462 668 462
978 594 993 595
247 191 279 191
60 365 70 367
707 215 739 215
667 186 699 186
942 324 965 324
342 338 374 338
581 874 596 875
936 360 946 362
466 341 498 341
515 874 525 876
18 538 50 538
627 837 659 837
438 552 470 552
615 158 647 158
774 824 806 824
430 278 461 278
300 52 310 54
517 568 527 570
171 283 173 293
578 950 610 950
85 195 117 195
445 412 460 413
246 65 261 66
33 96 43 98
431 998 463 998
388 978 420 978
80 851 82 861
555 407 565 409
680 27 694 28
893 855 925 855
196 126 206 128
782 503 814 503
792 682 824 682
493 803 503 805
878 221 888 223
713 126 728 127
146 242 178 242
824 886 856 886
719 786 744 786
657 506 667 508
955 4 979 4
26 542 29 549
342 732 352 734
800 292 832 292
222 851 232 853
174 964 206 964
525 425 535 427
822 542 854 542
467 818 498 818
24 594 24 626
841 748 873 748
868 211 900 211
148 417 158 419
376 86 386 88
492 231 524 231
183 513 193 515
701 234 711 236
784 657 816 657
668 676 700 676
479 299 511 299
472 589 504 589
924 519 956 519
344 254 359 255
25 340 25 372
814 224 829 225
767 134 799 134
888 665 920 665
659 482 669 484
369 395 379 397
731 138 741 140
213 216 223 218
911 307 943 307
617 278 649 278
497 775 529 775
373 774 405 774
347 834 349 844
464 367 496 367
94 487 104 489
487 812 519 812
166 274 198 274
879 269 911 269
900 895 932 895
386 722 418 722
639 494 671 494
501 294 511 296
794 900 826 900
917 714 949 714
803 522 835 522
911 898 943 898
108 277 112 282
277 742 309 742
255 434 287 434
205 357 215 358
312 650 322 652
355 55 365 57
424 270 456 270
352 831 382 831
203 866 213 868
449 875 459 877
612 973 644 973
994 240 999 243
198 521 208 523
117 357 127 359
47 191 49 201
548 554 578 554
673 619 705 619
636 464 668 464
499 219 531 219
373 995 383 997
214 993 246 993
505 546 537 546
734 506 744 508
43 89 75 89
6 225 6 257
982 803 991 805
375 687 407 687
943 276 975 276
393 898 403 900
181 365 191 367
914 881 946 881
515 242 547 242
902 964 934 964
482 456 492 458
56 634 88 634
430 785 462 785
725 25 757 25
697 208 729 208
231 49 233 59
67 258 77 260
419 485 451 485
728 391 760 391
671 756 703 756
57 247 67 249
906 502 938 502
358 752 368 754
914 651 946 651
884 801 916 801
555 410 587 410
332 36 361 36
58 896 58 928
667 391 693 391
862 253 894 253
600 650 632 650
276 636 278 646
301 27 333 27
802 22 812 24
375 749 385 751
194 318 204 320
570 377 580 379
562 749 572 751
830 295 855 295
163 129 173 131
223 235 233 237
572 351 587 352
372 552 404 552
145 743 177 743
268 312 300 312
31 517 33 527
869 188 901 188
213 387 245 387
801 989 829 989
562 649 572 651
220 565 252 565
771 494 803 494
27 719 37 721
89 843 91 853
957 165 989 165
391 281 423 281
522 505 554 505
837 274 869 274
134 421 166 421
19 506 21 516
632 403 642 405
1 737 1 769
493 377 503 379
482 874 492 876
264 673 296 673
538 971 570 971
58 29 90 29
59 556 69 558
98 843 100 853
523 756 538 757
224 399 256 399
573 535 605 535
41 305 73 305
147 377 149 386
286 58 296 60
644 395 654 397
174 606 176 616
647 783 679 783
372 605 382 607
903 535 935 535
652 360 662 362
254 183 264 185
905 946 937 946
306 146 316 148
618 854 628 856
800 671 832 671
831 402 863 402
146 827 148 837
571 77 596 77
250 429 260 431
474 710 484 712
731 617 753 617
292 724 299 727
282 973 314 973
493 531 523 531
712 383 722 385
150 786 150 818
885 173 917 173
961 598 993 598
232 452 264 452
457 399 489 399
914 729 946 729
995 20 999 25
221 749 231 751
181 990 191 992
325 404 327 414
883 233 915 233
397 732 407 734
856 76 888 76
37 517 39 527
465 353 497 353
573 493 605 493
495 524 527 524
403 422 435 422
642 496 652 498
261 870 263 880
978 592 999 592
258 125 290 125
773 568 805 568
97 721 129 721
552 136 584 136
476 698 491 699
982 191 994 192
27 113 37 115
321 434 353 434
965 641 997 641
439 77 471 77
644 588 676 588
103 74 113 76
574 463 606 463
438 144 448 146
378 273 410 273
821 240 853 240
737 130 768 130
313 786 323 788
496 923 528 923
41 684 51 686
265 534 275 536
304 32 336 32
550 600 582 600
633 318 643 320
889 145 899 147
221 261 231 263
727 360 737 362
520 978 552 978
202 107 212 109
677 11 709 11
542 129 574 129
516 225 548 225
200 420 232 420
323 67 333 69
752 330 784 330
449 783 481 783
538 953 570 953
754 617 786 617
596 640 628 640
438 306 470 306
161 360 171 362
923 210 955 210
172 346 182 348
706 906 738 906
690 238 722 238
884 621 916 621
43 800 43 832
1 362 1 394
113 589 123 591
758 22 768 24
716 345 726 347
961 243 993 243
707 813 739 813
371 629 403 629
767 425 777 427
730 132 762 132
775 408 807 408
208 406 218 408
957 975 986 975
611 789 643 789
77 608 87 610
723 639 755 639
734 135 766 135
268 200 278 202
815 729 847 729
891 880 923 880
295 166 327 166
257 341 289 341
588 172 620 172
853 270 885 270
599 990 631 990
314 659 346 659
496 490 528 490
912 69 922 71
616 652 648 652
731 407 741 409
207 720 239 720
735 960 766 960
422 473 432 475
2 225 2 249
290 67 300 69
26 274 26 306
617 486 627 488
740 725 772 725
947 651 974 651
879 407 889 409
758 189 790 189
154 682 186 682
572 7 604 7
101 741 111 743
307 593 339 593
815 45 847 45
65 413 75 415
586 812 618 812
251 72 283 72
912 125 944 125
584 348 616 348
373 512 405 512
688 648 720 648
627 518 637 520
413 810 445 810
171 377 173 386
526 126 536 128
596 851 606 853
171 248 181 250
852 629 884 629
537 874 569 874
316 696 348 696
480 422 502 422
125 439 135 441
438 872 448 874
472 592 482 594
246 526 278 526
348 357 358 359
595 92 605 94
666 247 688 247
207 198 239 198
81 77 91 79
138 49 140 59
717 17 727 19
204 402 236 402
181 417 191 419
903 881 913 883
862 514 894 514
629 452 661 452
147 436 157 438
700 367 732 367
634 453 644 455
76 213 78 223
808 277 838 277
166 963 198 963
136 440 168 440
765 650 797 650
671 44 703 44
833 975 843 977
891 31 901 33
469 788 501 788
934 793 966 793
288 580 298 582
22 592 54 592
24 880 24 912
30 913 30 945
652 665 684 665
751 155 783 155
90 528 92 538
432 22 442 24
532 513 564 513
299 912 331 912
737 988 769 988
394 143 404 145
30 60 30 92
627 795 637 797
424 344 456 344
685 702 695 704
349 404 351 414
223 81 255 81
383 327 393 329
279 526 311 526
967 85 977 87
564 477 574 479
168 172 170 182
664 436 674 438
589 124 621 124
651 125 683 125
302 925 312 927
18 33 18 65
711 929 721 931
176 44 208 44
27 225 29 235
934 247 943 249
573 337 605 337
652 156 684 156
914 204 924 206
659 210 691 210
800 348 831 348
617 345 627 347
249 599 281 599
244 854 254 856
427 126 437 128
675 967 705 967
872 353 882 355
728 42 743 43
539 756 571 756
393 958 425 958
166 749 176 751
880 927 890 929
689 495 721 495
759 792 769 794
523 621 555 621
283 565 315 565
796 985 828 985
40 49 42 59
842 625 874 625
466 822 476 824
985 816 997 817
878 145 888 147
515 371 547 371
929 765 958 765
985 247 994 249
85 213 87 223
627 682 659 682
499 721 531 721
166 271 176 273
242 444 274 444
695 154 727 154
559 234 590 234
694 15 709 16
251 551 283 551
915 887 947 887
158 336 168 338
800 975 810 977
650 365 682 365
511 745 543 745
862 343 894 343
152 759 154 769
606 711 616 713
759 95 791 95
205 318 237 318
280 191 312 191
775 820 807 820
600 398 632 398
454 665 486 665
244 86 254 88
273 627 305 627
665 830 697 830
16 116 26 118
537 913 569 913
496 345 506 347
599 407 631 407
473 254 505 254
672 275 704 275
28 935 28 967
585 232 617 232
872 143 904 143
179 356 211 356
921 105 953 105
214 466 224 468
251 103 283 103
231 60 263 60
325 271 351 271
369 331 401 331
992 210 999 213
133 460 143 462
649 607 681 607
249 762 259 764
562 79 594 79
155 749 165 751
463 495 495 495
995 453 999 457
704 459 736 459
553 669 585 669
94 183 104 185
417 585 449 585
918 843 950 843
76 447 86 449
539 254 571 254
880 866 912 866
258 980 268 982
150 905 150 937
896 704 928 704
83 906 83 938
4 902 4 934
76 307 78 317
830 424 862 424
135 774 167 774
143 205 175 205
522 909 554 909
694 541 726 541
919 556 951 556
731 845 763 845
971 553 999 553
594 941 609 942
861 476 893 476
627 273 659 273
396 559 406 561
368 250 378 252
858 332 890 332
612 453 622 455
884 51 916 51
460 803 470 805
526 255 558 255
987 298 999 299
606 92 616 94
592 877 624 877
974 673 999 673
742 748 774 748
669 340 701 340
243 749 253 751
799 370 809 372
853 40 885 40
37 180 47 182
490 399 522 399
612 541 644 541
808 140 840 140
206 425 216 427
560 149 575 150
409 67 441 67
891 166 923 166
463 244 473 246
914 413 946 413
940 602 972 602
370 601 401 601
850 300 882 300
453 950 463 952
325 249 357 249
312 64 344 64
316 882 348 882
253 115 263 117
537 875 569 875
724 76 756 76
863 439 886 439
547 228 579 228
636 342 668 342
188 702 220 702
910 975 920 977
346 315 378 315
489 688 499 690
214 866 224 868
669 753 679 755
728 80 733 83
169 436 179 438
878 481 910 481
112 743 144 743
929 316 961 316
648 995 658 997
462 919 494 919
987 425 994 428
914 400 946 400
17 493 19 503
514 227 546 227
924 518 956 518
273 101 305 101
48 830 48 862
239 834 241 844
429 100 461 100
256 770 266 772
570 991 602 991
467 943 499 943
907 745 939 745
523 159 555 159
827 564 837 566
702 911 734 911
845 534 877 534
734 47 766 47
81 786 91 788
85 734 95 736
567 408 599 408
643 820 675 820
315 704 347 704
835 723 867 723
558 291 568 293
691 255 723 255
550 560 582 560
387 242 397 244
735 221 745 223
896 604 928 604
794 564 804 566
23 225 23 257
692 714 724 714
695 574 727 574
339 880 371 880
398 38 430 38
283 428 293 430
470 334 502 334
752 106 784 106
398 856 408 858
87 738 89 748
88 233 120 233
823 441 855 441
259 159 291 159
273 324 283 326
710 294 720 296
551 920 583 920
918 282 950 282
951 924 961 926
271 970 281 972
136 476 146 478
162 244 194 244
431 619 463 619
231 518 241 520
9 741 11 751
102 776 112 778
909 554 941 554
28 803 28 835
547 383 557 385
607 175 639 175
746 693 771 693
4 340 4 372
250 678 260 680
114 786 114 818
838 887 848 889
641 813 673 813
123 950 133 952
44 899 44 931
646 287 678 287
605 756 637 756
23 147 23 179
926 366 958 366
100 71 132 71
159 899 191 899
453 90 485 90
419 345 429 347
66 741 68 751
842 937 874 937
66 6 98 6
598 949 630 949
217 885 249 885
173 759 175 769
152 808 154 818
795 193 827 193
9 340 11 350
69 611 71 621
129 493 139 495
297 307 307 309
503 425 513 427
127 340 129 350
870 100 902 100
636 126 646 128
273 666 305 666
100 962 132 962
235 465 242 468
122 425 124 435
458 368 490 368
321 852 353 852
971 819 997 819
826 153 858 153
571 546 603 546
335 695 367 695
242 493 244 503
402 16 434 16
596 854 606 856
830 557 840 559
306 554 316 556
702 465 734 465
801 842 833 842
960 376 970 378
667 103 699 103
34 844 34 876
286 569 296 571
973 783 994 783
351 11 383 11
378 739 410 739
557 932 567 934
168 377 170 386
346 866 356 868
992 413 999 416
155 905 155 937
683 348 715 348
194 961 226 961
83 354 85 364
479 262 511 262
726 884 758 884
425 368 457 368
513 388 523 390
514 292 546 292
188 530 198 532
440 660 450 662
843 554 875 554
656 450 688 450
740 143 772 143
814 928 846 928
113 239 123 241
34 982 44 984
50 484 60 486
243 465 267 465
865 123 895 123
366 228 398 228
205 485 215 487
372 825 404 825
63 863 63 895
669 342 701 342
529 567 561 567
476 759 486 761
275 559 285 561
245 22 255 24
209 505 241 505
253 233 285 233
854 787 886 787
143 155 175 155
187 317 219 317
569 113 601 113
14 902 14 934
433 738 465 738
626 210 658 210
151 744 161 746
743 809 775 809
982 89 997 90
380 299 412 299
907 560 939 560
348 954 358 956
316 428 326 430
248 251 258 253
18 803 18 835
661 15 693 15
762 702 794 702
772 461 804 461
356 639 366 641
135 257 167 257
428 928 460 928
416 806 448 806
642 819 674 819
780 594 812 594
857 210 889 210
894 376 904 378
3 517 3 549
10 410 20 412
251 550 283 550
615 516 647 516
354 86 364 88
141 479 173 479
222 605 224 615
288 922 320 922
13 495 13 527
767 432 799 432
56 635 66 637
832 435 864 435
832 185 864 185
241 409 251 411
889 846 921 846
522 659 532 661
383 554 415 554
716 420 726 422
902 548 934 548
923 567 932 569
822 237 854 237
855 639 865 641
160 245 170 247
657 504 689 504
641 77 673 77
454 235 464 237
300 770 310 772
815 204 825 206
89 711 99 713
668 506 678 508
645 389 677 389
448 813 480 813
707 872 739 872
576 739 608 739
439 706 471 706
785 645 817 645
562 345 572 347
443 129 475 129
912 178 944 178
192 910 223 910
586 702 596 704
492 383 502 385
946 848 978 848
940 560 972 560
870 333 902 333
467 736 499 736
977 221 987 223
213 399 223 401
451 302 483 302
343 621 353 623
922 846 954 846
880 285 912 285
556 249 588 249
465 655 475 657
28 484 38 486
942 9 974 9
670 106 685 107
108 627 140 627
904 768 936 768
970 901 980 903
862 598 894 598
731 230 763 230
845 145 855 147
590 646 622 646
408 178 418 180
638 74 670 74
815 278 838 278
83 840 85 850
163 559 175 560
122 265 147 265
946 59 978 59
947 3 979 3
972 732 999 732
831 181 863 181
640 269 672 269
776 16 808 16
209 569 219 571
696 241 728 241
544 55 576 55
348 970 358 972
390 870 392 880
32 406 42 408
713 457 745 457
327 693 359 693
277 86 287 88
679 541 689 543
196 222 206 224
532 738 564 738
874 644 906 644
775 838 807 838
221 277 231 279
929 619 961 619
632 560 639 562
481 383 491 385
978 45 999 45
524 321 534 323
736 161 768 161
127 187 159 187
537 263 569 263
145 562 160 563
93 916 103 918
117 45 149 45
949 376 959 378
622 124 654 124
289 669 321 669
787 862 797 864
167 420 199 420
58 61 60 71
828 77 838 79
719 503 748 503
332 527 364 527
765 294 780 295
970 143 985 144
476 477 486 479
583 892 615 892
377 229 409 229
194 976 226 976
452 56 467 57
358 187 390 187
938 446 970 446
965 456 994 456
37 899 37 931
671 271 681 273
32 410 42 412
119 959 134 960
98 412 108 414
157 770 167 772
418 777 428 779
304 938 314 940
72 401 82 403
523 862 533 864
798 862 808 864
225 175 235 177
882 281 914 281
725 545 757 545
142 409 152 411
407 998 430 998
590 930 622 930
809 784 841 784
625 753 657 753
596 860 628 860
518 835 547 835
313 814 323 816
669 911 701 911
754 965 786 965
817 353 827 355
113 256 145 256
827 584 859 584
455 499 465 501
290 443 322 443
302 140 334 140
272 729 304 729
564 392 596 392
674 250 684 252
856 961 866 963
887 41 897 43
866 736 876 738
514 372 546 372
123 289 133 291
244 577 254 579
4 417 6 427
27 672 37 674
10 203 10 235
896 765 928 765
58 160 68 162
180 64 190 66
890 593 922 593
651 419 683 419
885 172 917 172
817 382 849 382
157 235 167 237
943 780 975 780
903 646 912 648
932 291 964 291
144 687 176 687
296 496 306 498
479 838 511 838
728 776 760 776
555 566 587 566
920 321 930 323
175 335 207 335
56 448 58 458
101 135 111 137
622 270 654 270
170 542 180 544
836 31 846 33
973 980 983 982
651 562 683 562
331 136 363 136
175 345 207 345
154 678 186 678
137 922 147 924
729 151 761 151
350 459 360 461
444 503 476 503
765 491 797 491
545 610 577 610
953 41 963 43
988 179 998 181
284 93 316 93
220 460 230 462
762 759 772 761
217 425 227 427
178 743 210 743
648 14 680 14
822 527 832 529
274 746 306 746
793 2 825 2
987 383 996 385
100 644 110 646
487 156 519 156
256 80 288 80
977 777 999 777
763 386 795 386
137 716 147 718
191 339 223 339
827 972 859 972
331 135 363 135
762 473 772 475
591 645 623 645
610 980 620 982
395 563 427 563
22 770 24 780
331 567 363 567
352 660 362 662
322 114 354 114
917 544 949 544
921 679 936 680
563 952 595 952
401 467 433 467
751 197 783 197
559 803 569 805
380 395 390 397
294 283 296 293
460 862 470 864
160 396 170 398
491 369 523 369
274 914 284 916
466 733 498 733
319 892 329 894
609 61 619 63
569 686 601 686
499 312 531 312
225 433 257 433
324 866 334 868
301 79 333 79
585 620 614 620
103 701 135 701
493 872 508 873
949 89 981 89
569 677 601 677
169 584 201 584
230 482 232 492
538 468 570 468
604 142 636 142
83 656 93 658
296 448 328 448
715 271 725 273
697 441 729 441
787 187 819 187
239 432 271 432
364 334 396 334
45 548 77 548
696 215 706 217
417 592 427 594
158 200 168 202
935 271 945 273
588 370 620 370
841 576 873 576
653 339 684 339
179 674 211 674
740 473 750 475
370 946 380 948
735 465 767 465
827 699 859 699
920 297 952 297
135 670 145 672
142 448 174 448
429 626 461 626
251 126 261 128
909 973 940 973
647 183 679 183
100 280 107 282
136 697 168 697
34 784 66 784
847 60 879 60
510 273 542 273
348 453 358 455
623 453 633 455
544 85 576 85
549 517 581 517
652 655 662 657
593 714 625 714
199 876 209 878
436 391 468 391
294 901 326 901
25 121 27 131
904 852 914 854
376 859 408 859
411 819 421 821
57 373 67 375
615 182 647 182
704 44 736 44
210 268 220 270
189 639 191 649
933 278 965 278
390 670 422 670
215 248 225 250
239 685 271 685
724 387 756 387
51 225 53 235
230 592 240 594
794 584 826 584
610 746 641 746
881 651 913 651
820 116 830 118
704 54 714 56
134 786 134 818
861 99 889 99
1 132 3 142
907 950 939 950
316 565 348 565
964 323 994 323
767 726 774 729
793 883 825 883
186 639 188 649
680 242 712 242
293 976 325 976
261 105 271 107
723 587 755 587
868 494 900 494
652 702 662 704
597 727 629 727
283 586 293 588
702 89 712 91
236 572 251 573
95 425 97 435
113 229 145 229
26 473 28 483
320 987 352 987
188 637 220 637
454 724 464 726
342 535 374 535
379 417 389 419
814 758 844 758
756 680 788 680
304 318 336 318
512 70 544 70
294 898 304 900
122 264 154 264
45 896 45 928
427 459 437 461
738 655 770 655
140 175 150 177
59 493 91 493
22 33 24 43
70 199 80 201
752 20 784 20
666 243 698 243
845 753 860 754
902 74 934 74
562 567 594 567
914 258 924 260
433 196 465 196
893 364 925 364
966 567 994 567
876 414 908 414
236 695 268 695
26 186 36 188
811 516 843 516
907 489 939 489
777 453 809 453
474 687 501 687
823 250 833 252
138 630 170 630
352 416 384 416
291 995 323 995
870 449 880 451
407 828 439 828
502 272 534 272
797 924 807 926
290 209 322 209
680 909 712 909
602 97 634 97
756 623 788 623
543 526 575 526
67 545 99 545
367 937 399 937
4 794 36 794
604 281 636 281
595 178 605 180
496 472 528 472
535 954 545 956
927 703 959 703
63 517 73 519
724 255 756 255
79 174 81 184
921 897 953 897
794 879 826 879
213 336 223 338
821 574 836 575
893 373 903 375
164 738 174 740
80 243 95 244
493 603 525 603
399 237 409 239
413 962 445 962
444 526 476 526
508 114 540 114
92 202 102 204
432 658 464 658
424 248 456 248
928 763 960 763
963 359 990 359
419 649 451 649
103 200 113 202
153 210 185 210
635 97 667 97
589 248 621 248
865 213 897 213
170 716 180 718
636 380 646 382
205 970 237 970
110 843 112 853
298 263 330 263
100 794 100 826
125 867 125 899
333 672 365 672
402 296 434 296
578 707 610 707
174 129 184 131
933 966 965 966
451 758 483 758
102 592 111 594
484 307 494 309
80 354 82 364
1 329 1 361
609 150 641 150
463 21 493 21
227 961 259 961
621 903 631 905
577 748 609 748
145 604 177 604
563 540 595 540
362 897 394 897
784 873 816 873
655 556 687 556
14 36 14 68
101 674 103 684
273 720 305 720
612 311 644 311
971 920 999 920
311 667 343 667
276 708 286 710
698 412 730 412
460 958 470 960
871 820 902 820
665 80 675 82
190 353 200 355
882 841 914 841
390 542 422 542
416 378 426 380
654 370 677 370
462 880 494 880
185 146 217 146
804 583 836 583
320 12 330 14
155 637 187 637
839 215 849 217
308 892 318 894
34 711 66 711
225 181 256 181
280 786 290 788
97 144 107 146
423 566 455 566
618 806 650 806
828 601 860 601
785 109 817 109
853 715 885 715
446 810 461 811
175 646 185 648
357 8 389 8
144 546 176 546
500 906 510 908
785 496 795 498
107 685 139 685
234 154 266 154
541 963 573 963
3 473 5 483
900 961 910 963
654 505 686 505
468 870 478 872
727 472 759 472
462 277 477 278
319 846 351 846
907 570 932 570
205 954 215 956
675 502 707 502
650 922 682 922
829 208 861 208
29 274 29 306
432 764 442 766
360 987 392 987
348 599 380 599
360 898 370 900
649 316 681 316
495 626 527 626
287 530 297 532
337 422 369 422
542 762 574 762
700 185 732 185
429 848 461 848
657 636 667 638
555 968 587 968
683 749 693 751
142 506 152 508
183 802 193 804
192 365 202 367
465 668 497 668
243 687 275 687
846 125 878 125
185 495 187 505
892 646 902 648
275 997 307 997
693 536 725 536
202 196 234 196
515 803 525 805
571 969 580 971
604 995 614 997
479 870 489 872
171 395 181 397
846 158 878 158
876 554 908 554
707 143 739 143
31 0 33 10
646 84 678 84
286 830 318 830
883 96 910 96
389 819 399 821
235 723 267 723
131 592 141 594
411 470 443 470
142 149 152 151
984 559 994 561
622 73 654 73
133 785 165 785
378 207 388 209
234 304 266 304
686 779 718 779
158 113 190 113
418 317 450 317
629 110 661 110
169 112 201 112
246 283 248 293
832 587 859 587
867 329 899 329
10 11 12 21
803 459 835 459
808 837 840 837
486 136 518 136
398 362 430 362
890 261 922 261
15 192 15 224
877 203 909 203
609 436 619 438
434 539 444 541
411 650 421 652
435 332 461 332
123 939 133 941
829 763 861 763
559 8 569 10
777 802 809 802
734 686 766 686
749 708 759 710
294 42 326 42
675 819 707 819
663 215 673 217
445 310 477 310
249 957 281 957
444 861 476 861
656 51 688 51
282 974 314 974
813 22 823 24
971 875 995 875
784 978 816 978
428 563 460 563
529 711 539 713
954 507 964 509
539 7 571 7
543 499 553 501
170 904 170 936
116 158 148 158
481 160 491 162
715 607 747 607
453 185 485 185
499 701 531 701
604 111 636 111
188 708 198 710
146 589 156 591
307 512 339 512
672 494 704 494
866 456 898 456
868 199 900 199
977 578 992 579
678 8 688 10
720 138 730 140
166 324 176 326
837 624 869 624
604 566 636 566
681 563 713 563
515 780 547 780
822 680 854 680
759 63 791 63
179 96 181 106
883 382 915 382
715 862 723 864
772 596 804 596
18 605 20 615
251 482 253 492
870 258 880 260
875 395 885 397
593 417 625 417
230 410 240 412
857 305 889 305
959 912 991 912
176 120 208 120
496 964 528 964
27 440 29 450
795 77 805 79
701 887 711 889
798 580 830 580
650 34 682 34
36 284 38 294
381 932 391 934
460 869 492 869
327 586 337 588
193 245 203 247
79 254 89 256
607 854 617 856
882 280 914 280
773 632 805 632
271 513 281 515
356 650 366 652
205 454 232 454
34 549 66 549
225 466 234 468
547 372 579 372
319 663 351 663
508 387 540 387
129 377 131 387
531 937 563 937
527 21 559 21
896 424 928 424
375 647 385 649
870 38 902 38
621 71 643 71
728 373 738 375
278 26 310 26
55 48 87 48
26 189 58 189
488 376 520 376
617 34 649 34
663 338 695 338
601 627 633 627
397 333 429 333
579 41 611 41
949 908 976 908
779 720 811 720
5 180 7 190
918 904 950 904
45 708 55 710
429 20 461 20
428 941 438 943
648 594 680 594
508 551 529 551
926 584 958 584
866 54 898 54
867 218 877 220
722 874 737 875
529 495 561 495
657 201 667 203
352 271 384 271
155 631 165 633
778 257 810 257
673 227 688 228
929 644 944 645
865 23 896 23
209 493 211 503
387 373 397 375
137 352 169 352
581 126 591 128
396 846 406 848
252 409 262 411
123 925 133 927
815 194 822 197
413 318 423 320
644 262 676 262
0 737 0 769
104 493 106 503
440 522 450 524
890 886 922 886
872 379 882 381
192 628 224 628
959 622 991 622
508 684 540 684
833 736 865 736
914 882 946 882
186 222 195 224
237 245 247 247
462 298 493 298
771 274 803 274
321 242 331 244
957 63 987 63
939 514 971 514
422 609 432 611
949 215 959 217
772 86 782 88
869 74 901 74
814 390 842 390
616 777 626 779
217 108 227 110
301 213 311 215
718 959 750 959
565 132 597 132
929 490 944 491
910 256 942 256
104 340 114 342
575 1 607 1
105 704 115 706
942 28 972 28
235 61 245 63
745 291 755 293
767 291 777 293
718 633 750 633
397 181 418 181
459 51 491 51
59 354 61 364
140 533 150 535
726 810 758 810
679 383 689 385
32 340 32 372
622 165 654 165
164 905 164 937
540 196 572 196
450 585 482 585
13 192 13 224
473 73 481 75
166 533 176 535
8 539 10 549
141 143 173 143
251 217 283 217
212 254 222 256
851 279 883 279
91 979 123 979
148 365 158 367
283 425 293 427
610 824 642 824
395 39 427 39
479 707 511 707
752 684 784 684
472 616 487 617
341 894 373 894
704 850 726 850
620 501 652 501
950 159 976 159
483 225 515 225
913 726 923 728
786 885 818 885
23 192 23 224
644 318 654 320
558 528 590 528
203 542 213 544
525 266 557 266
587 215 619 215
357 141 372 142
922 76 954 76
772 175 782 177
203 990 213 992
244 230 276 230
338 425 348 427
73 11 75 21
717 136 749 136
498 771 530 771
512 318 522 320
114 64 124 66
199 785 231 785
402 647 434 647
478 866 488 868
788 456 820 456
230 406 240 408
20 902 20 934
691 753 701 755
542 235 552 237
22 996 32 998
263 485 265 495
206 686 238 686
519 137 551 137
688 73 720 73
292 167 302 169
173 700 205 700
989 854 996 857
827 373 837 375
173 805 175 815
497 373 507 375
893 585 925 585
111 263 121 265
423 565 455 565
165 118 175 120
393 451 408 452
8 440 8 472
206 226 238 226
532 612 564 612
595 711 605 713
847 133 879 133
703 565 735 565
446 556 456 558
29 476 39 478
770 345 780 347
47 719 52 723
581 720 613 720
433 208 465 208
532 701 564 701
5 693 5 725
86 663 88 673
987 638 997 640
885 557 895 559
351 592 361 594
575 724 585 726
190 655 200 657
846 620 878 620
34 627 34 659
382 898 392 900
638 792 648 794
201 673 228 673
692 198 702 200
25 627 25 659
602 383 612 385
83 39 93 41
278 124 310 124
730 436 740 438
923 469 933 471
110 205 142 205
153 885 183 885
143 483 175 483
683 434 715 434
910 527 942 527
943 209 971 209
908 550 940 550
127 398 137 400
116 867 116 899
129 759 139 761
732 669 764 669
683 365 715 365
602 636 612 638
713 833 723 835
954 665 986 665
872 376 882 378
904 176 936 176
357 925 389 925
893 852 903 854
830 316 862 316
821 150 853 150
532 341 564 341
378 526 410 526
627 938 637 940
714 736 740 736
41 673 43 683
394 324 426 324
714 14 746 14
564 99 596 99
46 255 78 255
242 827 252 829
897 669 929 669
250 112 282 112
722 869 754 869
262 97 272 99
949 570 981 570
134 135 144 137
220 827 230 829
896 989 928 989
789 642 821 642
349 195 381 195
460 131 492 131
129 887 139 889
248 39 278 39
816 407 823 410
665 980 675 982
3 462 5 472
439 340 471 340
602 641 612 643
184 903 185 918
762 354 794 354
311 834 313 844
857 22 864 25
482 554 514 554
101 302 111 304
915 852 925 854
218 778 250 778
158 114 190 114
175 204 207 204
324 250 334 252
721 36 753 36
656 606 688 606
433 341 465 341
568 954 575 956
315 357 325 359
543 503 575 503
606 494 638 494
222 854 232 856
324 313 356 313
280 866 290 868
362 546 372 548
714 725 739 725
249 958 281 958
702 803 712 805
840 818 848 820
398 86 408 88
493 862 503 864
363 73 373 75
116 159 148 159
120 266 122 276
454 114 486 114
907 980 917 982
110 115 120 117
553 829 585 829
977 758 999 758
863 765 895 765
552 922 584 922
968 461 999 461
351 573 383 573
493 143 503 145
848 34 880 34
608 360 618 362
346 404 348 414
322 780 354 780
361 220 371 222
582 843 614 843
814 844 846 844
92 376 124 376
199 452 231 452
316 425 326 427
813 229 845 229
80 553 112 553
83 169 93 171
398 373 430 373
451 316 483 316
433 613 465 613
224 216 234 218
165 314 180 315
551 700 583 700
45 714 77 714
654 843 686 843
520 96 530 98
922 163 954 163
152 484 154 494
716 534 748 534
193 654 225 654
195 363 227 363
781 844 813 844
204 251 214 253
633 296 665 296
333 668 365 668
679 428 689 430
169 93 179 95
974 154 999 154
536 134 568 134
142 206 152 208
29 473 39 475
395 149 427 149
979 241 993 242
475 851 485 853
873 497 905 497
871 903 903 903
636 8 646 10
149 839 151 849
885 954 895 956
429 274 456 274
332 884 364 884
506 537 538 537
832 910 864 910
599 769 631 769
126 870 128 880
810 28 842 28
529 487 539 489
699 116 731 116
633 359 665 359
208 547 240 547
799 687 831 687
331 785 363 785
582 517 614 517
953 495 982 495
78 724 88 726
199 873 209 875
215 122 247 122
458 369 490 369
513 41 545 41
878 898 910 898
819 172 851 172
163 0 165 10
895 243 927 243
210 546 242 546
662 952 694 952
540 244 550 246
617 205 649 205
413 807 423 809
386 410 396 412
587 61 597 63
884 106 916 106
411 677 436 677
292 833 324 833
591 506 601 508
266 596 276 598
473 827 504 827
87 586 89 596
242 445 274 445
470 268 502 268
463 732 495 732
603 913 635 913
208 335 240 335
71 867 78 870
653 499 660 501
332 580 342 582
69 240 79 242
873 477 905 477
37 792 47 794
63 670 73 672
356 609 366 611
841 745 873 745
270 245 280 247
984 381 996 382
699 117 709 119
646 573 675 573
770 49 802 49
455 215 487 215
985 320 994 322
360 924 392 924
621 675 653 675
29 329 39 331
312 601 336 601
246 822 256 824
118 195 150 195
307 482 317 484
33 236 35 246
247 938 249 948
671 698 703 698
493 456 503 458
831 957 863 957
141 877 151 879
796 343 828 343
574 681 606 681
453 922 485 922
481 256 513 256
462 20 493 20
142 307 144 317
534 862 558 862
347 122 379 122
613 881 645 881
165 377 167 386
876 248 908 248
761 175 771 177
488 2 520 2
172 471 204 471
339 554 349 556
181 688 191 690
38 716 48 718
886 582 918 582
219 406 229 408
639 253 671 253
153 207 163 209
89 647 99 649
551 839 583 839
523 281 555 281
155 839 157 849
646 722 678 722
183 970 193 972
744 27 776 27
364 7 396 7
108 377 110 387
641 1 673 1
972 209 999 209
650 363 682 363
309 338 341 338
590 229 622 229
792 781 824 781
638 777 670 777
11 996 21 998
574 596 606 596
800 61 815 62
849 62 881 62
320 936 352 936
539 188 571 188
365 950 375 952
789 529 799 531
111 463 143 463
273 554 283 556
817 473 827 475
74 305 106 305
486 33 518 33
942 367 952 369
276 17 286 19
396 307 428 307
273 327 283 329
967 1 996 1
551 264 583 264
235 6 267 6
105 245 115 247
895 170 927 170
914 434 946 434
284 216 316 216
558 108 590 108
535 185 567 185
746 664 778 664
843 41 853 43
855 820 870 821
904 264 936 264
317 795 319 805
763 341 795 341
485 710 495 712
85 575 87 585
908 395 940 395
633 30 665 30
180 336 190 338
747 595 779 595
482 203 514 203
767 953 799 953
791 884 823 884
287 631 319 631
360 958 392 958
735 782 767 782
18 902 18 934
860 86 870 88
521 467 553 467
932 552 964 552
725 417 757 417
63 520 73 522
655 67 670 68
521 339 553 339
792 713 824 713
652 65 684 65
389 741 421 741
677 615 709 615
737 183 752 184
357 716 367 718
941 16 973 16
337 318 368 318
270 139 285 140
74 354 76 364
543 297 575 297
383 143 393 145
917 801 949 801
394 378 404 380
761 857 771 859
985 868 997 869
949 330 977 330
794 912 826 912
874 814 906 814
802 249 834 249
273 911 305 911
679 879 711 879
716 363 745 363
180 67 190 69
343 164 375 164
462 518 472 520
713 753 723 755
497 574 507 576
719 266 751 266
449 224 481 224
104 425 106 435
749 918 781 918
348 513 358 515
8 473 8 505
797 911 829 911
293 834 295 844
173 685 205 685
556 351 571 352
398 336 430 336
499 584 528 584
976 929 999 929
493 76 525 76
442 620 452 622
739 611 771 611
620 46 652 46
704 552 736 552
247 413 257 415
6 307 6 339
539 537 571 537
479 53 489 55
626 197 651 197
464 575 496 575
478 675 510 675
480 800 490 802
471 306 503 306
327 42 359 42
357 670 389 670
19 328 51 328
12 675 12 707
728 699 760 699
973 550 988 551
893 17 903 19
718 156 750 156
16 462 18 472
954 203 986 203
516 585 548 585
258 540 268 542
313 542 323 544
786 980 796 982
563 366 595 366
284 609 294 611
728 768 760 768
840 739 872 739
767 543 799 543
411 273 443 273
828 658 860 658
202 61 212 63
456 407 466 409
99 115 109 117
301 28 333 28
400 196 432 196
511 906 521 908
641 473 651 475
61 142 93 142
496 153 528 153
574 511 606 511
214 0 246 0
809 551 840 551
968 876 995 876
67 213 69 223
365 860 397 860
280 0 290 2
365 574 375 576
218 675 250 675
677 789 709 789
943 631 975 631
406 506 438 506
312 283 314 293
444 3 454 5
340 496 355 497
843 248 875 248
777 602 809 602
209 559 219 561
93 417 103 419
265 15 297 15
345 636 355 638
202 819 212 821
176 684 208 684
431 884 461 884
259 170 291 170
828 473 838 475
564 724 574 726
866 671 898 671
276 773 308 773
333 22 343 24
921 95 953 95
441 493 473 493
911 66 943 66
325 157 335 159
547 696 579 696
753 980 763 982
831 647 841 649
323 747 355 747
976 256 987 257
319 316 351 316
81 639 91 641
155 786 155 818
908 873 940 873
949 156 981 156
912 667 944 667
606 988 638 988
817 301 849 301
912 995 922 997
758 25 790 25
988 525 998 527
434 404 444 406
520 65 552 65
973 117 999 117
618 827 650 827
446 71 478 71
78 642 110 642
395 897 427 897
26 791 36 793
367 701 399 701
735 145 745 147
685 46 700 47
935 521 967 521
594 290 626 290
693 682 725 682
821 296 842 296
66 608 76 610
504 52 536 52
823 603 855 603
477 448 509 448
841 569 851 571
34 575 36 585
173 427 183 429
479 837 511 837
649 600 681 600
815 539 847 539
550 73 580 73
306 152 338 152
982 684 997 685
651 175 661 177
326 976 358 976
82 455 84 465
916 311 948 311
858 63 890 63
758 71 790 71
888 635 920 635
843 979 875 979
204 722 214 724
830 769 862 769
962 123 990 123
658 163 690 163
900 684 932 684
710 784 742 784
662 854 672 856
361 873 371 875
319 564 351 564
393 481 425 481
389 849 421 849
171 172 173 182
631 476 663 476
336 331 368 331
369 16 401 16
714 724 739 724
619 882 651 882
449 217 481 217
222 182 254 182
234 22 244 24
202 220 234 220
315 970 325 972
854 693 886 693
824 845 856 845
415 881 447 881
551 244 561 246
929 607 961 607
323 822 333 824
790 327 822 327
560 545 592 545
512 962 544 962
490 36 522 36
270 16 302 16
105 138 115 140
33 46 65 46
831 921 863 921
143 44 175 44
555 903 565 905
57 394 89 394
709 141 738 141
540 279 572 279
635 134 667 134
209 43 241 43
446 123 475 123
34 985 44 987
946 271 956 273
701 201 711 203
507 494 539 494
704 999 736 999
811 517 843 517
621 173 653 173
349 291 359 293
138 653 148 655
420 89 430 91
205 513 215 515
436 970 446 972
201 779 233 779
298 536 330 536
991 708 999 710
412 903 422 905
470 291 480 293
918 628 933 629
753 173 785 173
651 50 683 50
275 795 277 805
194 492 226 492
801 782 832 782
164 412 174 414
252 870 254 880
947 708 957 710
100 854 110 856
243 636 245 646
521 2 553 2
712 638 722 640
490 187 522 187
507 338 539 338
471 170 503 170
101 287 133 287
440 548 472 548
288 89 298 91
992 508 999 510
829 752 860 752
531 727 563 727
504 220 536 220
140 429 150 431
326 758 328 768
63 732 95 732
805 764 820 765
415 425 425 427
527 995 537 997
578 71 610 71
401 817 433 817
486 232 518 232
544 282 554 284
612 602 644 602
640 463 672 463
660 290 692 290
376 107 408 107
879 871 911 871
540 494 572 494
244 857 254 859
483 969 515 969
193 121 225 121
598 439 608 441
122 110 132 112
869 756 901 756
9 708 9 740
677 71 709 71
922 153 954 153
859 449 869 451
951 6 978 6
438 456 448 458
602 104 634 104
715 711 725 713
33 803 33 835
569 729 601 729
683 345 693 347
601 491 633 491
410 770 420 772
399 228 431 228
753 674 785 674
246 476 256 478
645 554 677 554
539 75 571 75
716 258 726 260
50 93 52 103
586 655 596 657
754 196 786 196
39 770 49 772
763 721 795 721
483 970 515 970
978 69 999 69
419 843 451 843
185 759 187 769
358 722 385 722
923 305 955 305
49 424 81 424
642 746 674 746
490 192 522 192
429 298 461 298
538 995 548 997
825 166 857 166
462 58 472 60
347 190 362 191
724 224 756 224
819 532 851 532
530 900 562 900
25 147 25 179
893 110 925 110
530 86 540 88
944 534 972 534
884 714 916 714
651 854 661 856
69 246 101 246
429 73 439 75
692 392 724 392
885 6 917 6
50 354 52 364
562 708 572 710
820 357 830 359
659 189 691 189
657 428 667 430
309 953 341 953
155 965 165 967
342 337 374 337
151 213 153 223
467 692 496 692
27 627 27 659
627 798 659 798
909 72 941 72
682 792 692 794
523 270 555 270
100 982 110 984
177 533 187 535
270 566 302 566
629 336 654 336
272 917 279 920
26 30 58 30
861 677 892 677
819 325 850 325
702 663 734 663
687 138 697 140
645 38 677 38
689 929 699 931
957 612 989 612
420 699 452 699
789 761 821 761
866 588 898 588
586 22 596 24
224 909 235 910
164 643 174 645
144 297 154 299
937 851 947 853
751 77 761 79
750 175 760 177
510 233 525 234
827 103 842 104
123 377 125 387
108 549 118 551
550 758 582 758
312 600 335 600
848 180 880 180
318 499 328 501
410 795 412 805
661 935 693 935
423 542 455 542
490 654 522 654
532 501 542 503
946 938 956 940
416 459 426 461
446 659 472 659
243 271 253 273
947 999 979 999
471 220 481 222
589 192 618 192
896 490 928 490
37 183 47 185
64 267 64 299
827 908 849 908
190 197 222 197
757 388 789 388
423 980 433 982
485 204 495 206
944 195 976 195
190 669 222 669
150 451 165 452
338 105 348 107
972 91 999 91
34 192 34 224
123 942 133 944
971 394 999 394
334 404 336 414
820 847 830 849
754 195 786 195
102 779 134 779
593 545 625 545
791 785 806 786
277 853 287 855
837 486 847 488
801 948 833 948
913 711 923 713
941 118 973 118
71 716 81 718
247 904 279 904
517 792 527 794
152 873 162 875
750 137 782 137
701 135 733 135
189 391 199 393
143 482 175 482
596 86 606 88
145 463 177 463
115 867 115 899
798 181 830 181
857 39 889 39
159 417 169 419
459 693 491 693
858 31 868 33
556 977 588 977
707 757 739 757
583 58 593 60
50 401 60 403
835 111 867 111
107 700 139 700
497 855 507 857
886 715 918 715
825 952 857 952
293 977 325 977
397 965 405 967
460 716 470 718
13 935 13 967
746 716 756 718
990 46 999 48
957 781 989 781
224 493 226 503
59 786 69 788
533 903 543 905
620 609 652 609
776 613 808 613
846 993 856 995
965 738 997 738
603 380 613 382
130 340 132 350
672 535 704 535
494 418 518 418
330 100 362 100
727 420 737 422
881 708 891 710
711 602 743 602
921 383 931 385
489 404 521 404
899 686 930 686
373 706 405 706
563 550 578 551
555 980 565 982
922 255 954 255
933 568 955 568
129 221 139 223
693 673 725 673
743 116 753 118
334 275 366 275
551 561 561 563
804 597 836 597
737 44 769 44
454 669 486 669
888 636 920 636
899 456 931 456
492 266 524 266
752 774 784 774
862 485 894 485
420 922 452 922
242 43 274 43
89 266 99 268
718 280 750 280
342 749 352 751
787 64 819 64
258 990 268 992
712 975 744 975
92 493 94 503
349 287 381 287
528 880 560 880
449 203 481 203
907 561 939 561
356 436 366 438
122 982 129 985
895 485 927 485
221 873 231 875
857 893 889 893
281 251 296 252
947 150 979 150
558 42 590 42
216 482 226 484
712 722 744 722
485 591 517 591
518 66 533 67
981 326 991 328
317 93 319 103
857 189 886 189
610 29 642 29
934 1 966 1
337 93 347 95
877 780 909 780
209 93 211 103
812 898 844 898
314 487 316 495
841 561 873 561
35 877 35 909
791 305 823 305
250 372 282 372
753 323 763 324
247 928 279 928
34 384 44 386
380 167 390 169
29 102 31 112
322 55 332 57
851 546 883 546
77 354 79 364
234 99 244 101
780 158 812 158
435 300 467 300
965 958 997 958
327 748 354 748
508 106 540 106
169 399 201 399
392 101 402 103
705 501 737 501
451 797 461 799
612 322 644 322
472 969 482 971
199 962 231 962
376 67 408 67
547 618 579 618
166 277 176 279
955 14 987 14
282 636 284 646
84 45 116 45
295 330 327 330
931 213 963 213
759 48 791 48
537 220 547 222
731 618 763 618
426 105 458 105
97 97 107 99
519 743 551 743
244 719 276 719
975 55 989 56
449 144 459 146
416 456 426 458
832 367 842 369
203 718 235 718
907 268 939 268
94 506 96 516
835 184 867 184
259 158 291 158
86 674 88 684
315 602 347 602
486 598 518 598
134 827 136 837
632 406 662 406
968 698 997 698
286 846 296 848
71 875 81 877
267 50 277 52
783 137 815 137
255 86 265 88
888 105 920 105
12 799 44 799
838 341 861 341
221 935 253 935
174 143 184 145
430 19 462 19
822 383 832 385
422 113 454 113
205 349 237 349
737 149 769 149
260 929 270 931
535 35 567 35
231 46 263 46
489 662 521 662
221 631 253 631
864 524 896 524
941 789 963 789
687 407 719 407
825 115 857 115
98 425 100 435
168 257 200 257
567 57 599 57
7 121 9 131
662 951 694 951
293 902 325 902
121 3 131 5
324 665 356 665
291 642 301 644
740 724 772 724
665 845 697 845
460 220 470 222
878 909 910 909
896 316 928 316
621 121 653 121
57 971 59 981
741 436 751 438
900 218 910 220
963 411 988 411
199 271 209 273
485 700 517 700
684 418 716 418
596 998 628 998
528 356 560 356
625 958 635 960
581 112 613 112
406 914 438 914
771 38 803 38
606 708 616 710
217 428 227 430
452 986 484 986
932 472 939 475
850 825 882 825
173 887 183 889
181 4 188 7
881 400 913 400
777 458 809 458
472 547 504 547
335 172 345 174
12 69 12 101
722 886 754 886
429 518 461 518
264 663 274 665
72 484 82 486
798 306 830 306
765 647 775 649
873 705 883 707
350 873 360 875
60 442 70 444
583 316 615 316
941 15 973 15
109 905 111 915
439 78 471 78
906 91 938 91
730 701 762 701
213 457 245 457
977 37 992 38
171 33 181 35
389 207 399 209
241 774 273 774
813 482 845 482
671 68 703 68
350 203 382 203
72 173 104 173
67 986 99 986
376 852 386 854
374 44 406 44
691 224 723 224
499 218 531 218
224 822 234 824
186 510 196 512
312 503 344 503
935 58 967 58
254 936 286 936
625 76 657 76
886 73 918 73
675 387 690 388
113 776 145 776
149 158 159 160
938 25 953 26
923 314 955 314
309 715 341 715
658 716 668 718
543 821 553 823
228 747 256 747
678 800 688 802
287 181 319 181
362 834 364 844
734 160 766 160
878 755 910 755
428 886 460 886
619 719 651 719
826 214 858 214
56 310 66 312
544 980 554 982
729 806 761 806
171 662 203 662
587 841 619 841
27 687 37 689
172 938 182 940
818 645 850 645
470 134 502 134
665 727 680 728
199 634 209 636
188 969 220 969
368 817 400 817
657 887 686 887
618 451 650 451
749 538 781 538
859 672 891 672
855 679 887 679
300 283 302 293
88 436 90 446
392 961 424 961
256 920 271 921
254 271 264 273
346 814 356 816
420 185 452 185
317 809 327 811
782 246 814 246
753 924 763 926
102 49 104 59
737 466 769 466
627 536 659 536
588 283 598 285
575 702 585 704
272 806 282 808
713 969 723 971
951 674 977 674
834 340 866 340
117 516 149 516
249 636 251 646
102 154 134 154
941 613 970 613
937 906 969 906
988 7 996 9
620 961 652 961
373 590 405 590
434 692 466 692
697 214 726 214
142 512 174 512
78 95 110 95
110 684 142 684
33 836 33 868
830 308 862 308
728 86 738 88
94 19 126 19
595 153 627 153
353 181 385 181
375 135 385 137
398 420 422 420
156 25 188 25
699 954 709 956
655 870 687 870
221 703 253 703
367 207 377 209
620 442 652 442
191 93 193 103
189 950 199 952
753 121 785 121
535 435 567 435
687 628 719 628
207 143 217 145
306 720 338 720
944 96 976 96
300 658 332 658
52 49 52 81
289 938 291 948
428 150 460 150
864 119 896 119
682 313 714 313
24 254 34 256
72 172 104 172
100 985 110 987
359 902 391 902
627 880 659 880
319 664 351 664
585 451 617 451
411 917 443 917
112 728 144 728
463 17 473 19
478 234 509 234
680 693 712 693
938 12 970 12
814 60 846 60
416 803 426 805
367 721 399 721
739 352 771 352
756 53 766 55
558 763 568 765
419 264 451 264
599 814 631 814
669 803 679 805
210 634 220 636
762 355 794 355
932 608 964 608
68 251 78 253
571 995 581 997
614 979 646 979
436 93 446 95
223 29 255 29
532 218 547 219
59 494 69 496
452 935 484 935
191 61 201 63
726 282 758 282
445 746 477 746
487 401 519 401
765 357 775 359
770 756 802 756
921 506 931 508
639 711 649 713
738 178 748 180
20 869 20 901
407 795 409 805
620 342 635 343
982 215 990 217
279 61 289 63
986 642 999 643
569 291 579 293
198 887 208 889
647 242 679 242
226 757 258 757
895 343 927 343
63 684 73 686
492 679 524 679
870 923 902 923
47 462 57 464
878 717 910 717
743 262 775 262
583 846 593 848
398 912 430 912
7 417 9 427
158 822 168 824
573 253 605 253
853 556 885 556
264 605 266 615
803 552 835 552
768 608 800 608
70 701 102 701
756 105 788 105
421 770 431 772
481 372 513 372
681 592 713 592
511 994 543 994
940 980 950 982
987 660 999 661
196 377 206 379
921 428 931 430
149 786 149 818
717 394 749 394
493 460 525 460
277 577 287 579
789 541 821 541
925 800 949 800
508 190 540 190
290 38 313 38
518 487 528 489
818 714 850 714
242 141 274 141
177 877 187 879
845 66 877 66
656 787 688 787
279 436 289 438
77 914 77 946
409 583 441 583
199 20 231 20
805 461 837 461
470 671 502 671
699 423 731 423
617 538 649 538
570 219 580 221
354 950 364 952
277 82 287 84
635 113 667 113
238 514 248 516
857 845 889 845
676 561 708 561
286 488 296 490
638 44 670 44
11 803 11 835
22 935 22 967
945 121 973 121
781 758 813 758
22 993 32 995
672 486 682 488
323 207 333 209
275 663 285 665
268 701 300 701
198 524 230 524
621 172 653 172
943 527 971 527
47 493 49 503
551 181 583 181
202 104 212 106
356 200 366 202
727 258 737 260
292 280 324 280
738 244 748 246
875 550 907 550
648 198 658 200
57 377 59 387
185 126 195 128
538 77 570 77
42 800 42 832
419 834 429 836
752 496 762 498
784 665 816 665
541 18 573 18
270 298 280 300
177 989 209 989
614 605 646 605
32 49 32 81
904 902 936 902
576 61 586 63
42 899 42 931
775 659 785 661
403 93 413 95
960 601 983 601
499 62 509 64
922 877 954 877
710 610 742 610
977 968 985 970
429 536 461 536
45 542 55 544
36 160 46 162
421 716 426 720
812 250 822 252
864 306 896 306
977 605 999 605
365 913 397 913
4 274 4 306
304 941 314 943
444 470 476 470
648 158 680 158
50 673 52 683
55 404 87 404
823 716 833 718
247 351 279 351
524 388 534 390
373 340 405 340
438 878 470 878
943 797 972 797
121 625 149 625
490 157 522 157
139 346 149 348
567 167 577 169
891 726 901 728
491 606 523 606
751 657 783 657
641 872 673 872
580 618 606 618
608 553 640 553
777 321 809 321
535 929 545 931
513 453 545 453
838 373 848 375
856 864 888 864
749 433 781 433
484 464 494 466
282 704 314 704
988 487 992 492
484 795 494 797
525 123 557 123
582 840 614 840
531 477 541 479
225 981 235 983
472 546 504 546
177 988 209 988
496 495 528 495
749 204 759 206
390 370 422 370
498 22 508 24
933 145 943 147
715 316 747 316
886 857 918 857
736 198 746 200
537 379 547 381
526 377 558 377
254 647 264 649
538 590 570 590
185 129 195 131
738 874 750 875
224 213 234 215
522 571 554 571
608 984 640 984
845 758 877 758
588 404 598 406
817 719 846 719
341 828 351 830
142 739 152 741
220 678 230 680
706 611 738 611
638 548 670 548
25 49 25 81
928 132 960 132
671 403 703 403
150 599 182 599
442 190 474 190
310 580 320 582
194 954 204 956
175 547 207 547
881 729 913 729
426 901 458 901
418 73 428 75
965 428 975 430
75 741 77 751
344 834 346 844
607 857 617 859
226 248 236 250
232 784 264 784
183 45 215 45
250 881 260 883
114 639 116 649
34 506 36 516
421 400 453 400
792 880 824 880
534 67 566 67
58 329 60 339
954 237 986 237
257 209 289 209
324 670 356 670
62 531 72 533
621 403 631 405
267 960 299 960
723 798 738 799
922 961 932 963
186 447 196 449
344 238 354 240
774 448 806 448
482 143 492 145
283 676 293 678
314 789 346 789
673 681 705 681
401 818 433 818
698 688 708 690
213 283 215 293
200 854 210 856
650 423 665 424
267 254 277 256
21 605 21 637
833 383 843 385
81 563 110 563
492 51 524 51
570 89 602 89
155 999 187 999
30 274 30 306
619 759 629 761
916 107 948 107
125 822 135 824
149 659 181 659
278 674 310 674
852 0 884 0
565 514 597 514
48 789 58 791
538 927 570 927
103 204 135 204
236 903 246 905
287 319 302 320
768 833 778 835
302 365 312 367
140 305 172 305
830 317 862 317
323 795 325 805
725 897 755 897
660 795 670 797
158 341 190 341
624 641 634 643
406 938 416 940
291 9 323 9
325 833 356 833
287 17 319 17
561 521 571 523
352 366 378 366
202 200 212 202
272 432 304 432
715 416 747 416
317 806 327 808
284 217 316 217
878 991 910 991
780 592 812 592
129 525 160 525
961 646 971 648
729 355 761 355
893 775 925 775
511 285 543 285
568 910 600 910
506 742 538 742
355 49 365 51
347 702 379 702
299 577 309 579
146 611 156 613
4 0 6 10
797 808 829 808
23 935 23 967
944 218 954 220
693 810 725 810
261 429 271 431
650 349 682 349
957 332 989 332
703 161 735 161
213 436 223 438
642 966 674 966
205 601 237 601
101 388 111 390
169 107 179 109
622 167 632 169
87 209 97 211
826 360 836 362
541 684 573 684
830 830 862 830
860 364 892 364
265 263 297 263
2 825 2 857
223 780 255 780
750 83 760 85
461 563 493 563
416 217 448 217
956 86 966 88
507 337 539 337
368 173 378 175
221 999 253 999
486 373 496 375
415 428 425 430
701 369 733 369
925 92 957 92
229 331 253 331
669 913 701 913
76 185 78 195
693 56 703 58
154 184 186 184
757 264 767 265
918 351 950 351
369 832 401 832
387 636 389 646
680 716 690 718
562 561 572 563
244 596 254 598
910 506 920 508
170 789 180 791
42 645 52 647
753 267 785 267
725 726 735 728
88 316 120 316
526 166 558 166
166 784 198 784
700 627 732 627
480 974 512 974
437 677 469 677
312 502 344 502
431 854 441 856
804 274 836 274
397 577 407 579
166 17 176 19
657 234 667 236
417 482 427 484
884 609 916 609
947 239 979 239
209 835 211 845
109 506 119 508
308 141 323 142
722 575 754 575
297 660 307 662
504 825 519 826
558 679 590 679
13 225 13 257
157 80 189 80
592 862 624 862
34 307 44 309
519 574 529 576
455 694 487 694
905 353 915 355
818 626 850 626
51 476 61 478
833 141 865 141
426 267 458 267
592 219 602 221
78 258 88 260
813 446 845 446
90 394 122 394
330 896 362 896
110 476 120 478
203 695 235 695
339 876 349 878
412 233 444 233
124 80 156 80
334 218 366 218
591 527 601 529
1 143 1 175
637 111 669 111
456 542 488 542
824 305 856 305
107 744 117 746
93 466 103 468
819 572 851 572
720 6 752 6
364 15 396 15
144 377 146 387
301 188 333 188
306 283 308 293
800 543 832 543
884 93 916 93
235 67 267 67
334 28 366 28
843 540 875 540
178 854 188 856
19 225 19 257
466 356 498 356
248 482 250 492
793 178 803 180
685 633 717 633
819 557 829 559
764 980 774 982
784 473 794 475
910 234 918 236
512 117 544 117
211 373 221 375
136 64 146 66
527 482 537 484
245 85 277 85
36 25 46 27
660 115 692 115
364 277 396 277
339 636 341 646
815 749 825 751
805 17 815 19
784 803 794 805
39 169 49 171
216 954 226 956
937 617 969 617
624 506 656 506
577 993 609 993
48 797 48 829
541 619 573 619
954 977 986 977
375 870 377 880
525 641 535 643
967 862 989 862
709 980 719 982
803 57 835 57
498 479 530 479
282 41 314 41
290 819 300 821
550 792 560 794
792 31 802 33
620 20 652 20
300 55 310 57
959 775 986 775
508 917 540 917
758 233 783 233
547 722 579 722
150 970 182 970
484 58 494 60
259 294 269 296
610 80 620 82
51 950 61 952
430 334 453 334
803 521 835 521
375 410 385 412
46 420 56 422
968 466 991 466
10 425 20 427
392 562 424 562
512 262 544 262
82 174 84 184
225 313 257 313
72 33 82 35
137 544 169 544
254 530 264 532
954 958 964 960
350 530 360 532
643 659 675 659
53 354 55 364
742 994 774 994
879 617 903 617
35 764 45 766
899 425 909 427
787 964 814 964
17 487 27 489
137 540 147 542
1 785 33 785
955 221 965 223
402 245 412 247
712 234 722 236
553 770 563 772
173 484 175 494
915 281 947 281
221 702 253 702
724 150 756 150
241 661 269 661
309 183 319 185
419 17 429 19
571 774 603 774
69 205 76 208
138 755 148 757
383 69 415 69
303 245 313 247
731 830 763 830
707 22 716 24
10 121 12 131
655 73 687 73
122 300 137 301
856 860 863 863
569 334 601 334
246 3 256 5
19 121 21 131
686 106 718 106
534 66 566 66
786 6 818 6
477 861 509 861
113 230 145 230
794 887 804 889
381 346 391 348
970 676 997 676
484 564 516 564
247 282 279 282
216 932 226 934
468 16 500 16
204 704 236 704
330 518 362 518
81 611 83 621
127 157 159 157
610 941 642 941
216 766 226 768
570 608 602 608
576 297 591 298
803 828 835 828
635 291 645 293
405 144 415 146
89 663 91 673
793 492 825 492
475 857 485 859
899 641 931 641
689 531 721 531
790 218 800 220
134 286 144 288
819 954 829 956
402 648 434 648
479 318 489 320
549 573 581 573
334 208 366 208
40 473 50 475
195 276 227 276
919 715 951 715
946 528 956 530
775 571 785 573
809 616 841 616
139 319 149 321
255 870 257 880
760 486 770 488
687 659 697 661
284 161 316 161
235 196 267 196
417 944 427 946
615 871 647 871
608 702 618 704
590 51 622 51
659 417 691 417
940 561 972 561
183 958 215 958
959 767 969 768
216 938 226 940
862 170 894 170
509 31 541 31
799 103 826 103
33 587 43 589
33 990 65 990
621 968 653 968
20 569 20 593
168 770 178 772
179 238 189 240
243 258 253 260
777 72 809 72
591 987 623 987
618 125 650 125
550 830 561 831
110 141 142 141
218 377 228 379
734 80 741 82
949 300 981 300
463 258 473 260
679 763 689 765
178 463 208 463
513 454 545 454
823 753 833 755
203 906 213 908
581 72 610 72
364 333 396 333
594 58 604 60
114 67 124 69
22 990 32 992
54 830 54 862
275 118 285 120
463 580 473 582
212 674 244 674
206 727 238 727
490 621 522 621
364 472 396 472
709 29 741 29
11 462 11 494
274 968 306 968
887 245 919 245
826 883 858 883
239 305 271 305
38 493 40 503
382 194 414 194
499 790 531 790
388 747 403 748
580 813 612 813
322 770 332 772
996 555 999 561
949 744 976 744
859 360 891 360
859 179 891 179
244 742 276 742
586 65 618 65
611 647 621 649
848 836 880 836
650 844 682 844
212 834 214 844
950 800 965 801
598 485 630 485
186 407 196 409
646 878 678 878
998 675 999 689
725 233 757 233
364 178 374 180
743 707 775 707
111 714 143 714
396 191 427 191
783 564 793 566
160 938 162 948
931 212 963 212
366 304 394 304
0 473 0 505
189 854 199 856
215 39 247 39
567 402 599 402
398 212 430 212
129 266 139 268
885 569 895 571
167 421 192 421
843 103 875 103
41 321 51 323
687 93 718 93
259 653 291 653
900 747 932 747
325 253 357 253
206 881 216 883
23 869 23 901
306 126 316 128
231 115 241 117
424 395 434 397
105 12 115 14
730 208 762 208
925 2 957 2
198 307 208 309
722 932 732 934
383 217 415 217
934 723 966 723
461 995 471 997
246 61 256 63
68 896 68 928
367 723 399 723
2 362 2 394
107 769 139 769
2 395 2 427
277 164 309 164
330 307 340 309
76 506 78 516
129 730 161 730
627 811 659 811
795 803 805 805
926 851 936 853
787 965 819 965
572 537 604 537
668 160 700 160
702 960 734 960
954 486 961 489
559 219 569 221
653 544 685 544
694 492 726 492
112 939 122 941
978 711 988 713
710 707 742 707
97 574 99 584
727 708 737 710
519 89 529 91
767 506 777 508
77 231 87 233
944 196 976 196
347 395 357 397
803 58 835 58
856 334 888 334
59 77 69 79
395 150 427 150
12 738 14 748
329 499 339 501
678 602 710 602
563 998 595 998
223 770 233 772
400 501 432 501
789 897 821 897
47 22 57 24
301 221 333 221
31 125 33 135
560 233 592 233
357 755 389 755
37 340 37 370
664 613 693 613
638 778 653 779
88 610 120 610
842 357 852 359
145 289 155 291
701 113 733 113
238 346 248 348
736 249 768 249
187 565 219 565
627 683 659 683
769 469 779 471
739 583 749 585
89 674 91 684
253 302 285 302
199 963 231 963
6 398 16 400
337 423 369 423
341 758 343 768
99 611 101 621
202 650 212 652
438 148 470 148
262 66 294 66
876 874 908 874
379 990 389 992
942 652 974 652
948 887 970 887
430 17 462 17
403 389 413 391
582 572 613 572
95 872 95 904
438 52 470 52
787 395 797 397
182 759 184 769
61 168 93 168
220 48 252 48
70 461 72 471
706 510 738 510
28 0 30 10
442 418 452 420
709 138 719 140
88 565 120 565
339 222 349 224
195 538 227 538
457 116 467 118
844 127 876 127
584 92 594 94
810 942 842 942
762 338 794 338
984 67 999 68
478 404 488 406
67 968 77 970
386 404 396 406
202 822 212 824
434 410 444 412
94 138 104 140
504 456 514 458
243 49 245 59
872 823 904 823
916 128 942 128
240 198 272 198
902 49 934 49
495 777 505 779
761 574 793 574
806 634 838 634
150 318 160 320
405 143 437 143
215 792 217 802
228 428 238 430
521 740 553 740
880 938 890 940
120 409 130 411
765 116 775 118
211 618 243 618
489 906 499 908
614 664 646 664
978 933 999 933
742 277 774 277
934 69 944 71
533 944 565 944
178 838 188 840
61 462 63 472
477 916 509 916
514 276 546 276
673 611 705 611
375 965 385 967
499 509 531 509
572 742 604 742
784 400 816 400
534 319 566 319
287 749 297 751
407 565 422 566
611 318 621 320
682 914 714 914
695 874 710 875
104 904 136 904
690 763 700 765
277 950 287 952
361 530 371 532
709 941 741 941
852 843 884 843
329 804 361 804
408 337 440 337
36 295 38 305
556 32 588 32
757 221 767 223
402 398 434 398
354 90 386 90
646 636 656 638
859 627 891 627
681 595 713 595
794 622 826 622
750 50 782 50
745 785 760 786
759 810 791 810
749 486 759 488
31 20 63 20
843 881 875 881
118 759 128 761
741 818 773 818
143 47 175 47
124 867 124 899
36 910 36 942
1 605 1 637
669 821 701 821
234 96 244 98
324 755 356 755
952 350 983 350
684 852 694 854
110 483 142 483
384 486 416 486
409 950 419 952
536 642 568 642
940 783 972 783
756 642 788 642
228 266 260 266
111 294 121 296
77 47 109 47
702 608 734 608
327 286 337 288
156 900 166 902
442 86 452 88
870 624 902 624
374 548 406 548
62 97 64 107
130 143 140 145
216 974 248 974
785 841 817 841
374 834 376 844
495 307 505 309
700 929 710 931
977 908 991 909
820 399 852 399
864 421 891 421
712 744 744 744
908 154 940 154
782 836 814 836
228 517 260 517
339 143 349 145
32 274 32 306
746 780 778 780
248 167 256 169
152 877 162 879
591 888 601 890
207 863 217 865
10 318 12 328
209 888 219 890
495 683 527 683
386 936 418 936
35 762 67 762
820 556 852 556
965 959 975 961
831 169 857 169
65 929 67 939
381 96 391 98
771 207 803 207
637 161 669 161
512 807 522 809
249 360 281 360
965 552 997 552
421 669 453 669
170 224 185 225
72 653 82 655
301 3 311 5
874 551 906 551
139 422 171 422
891 48 923 48
540 274 572 274
69 159 78 161
455 3 465 5
862 208 894 208
772 691 804 691
643 354 675 354
530 596 540 598
761 972 793 972
843 468 875 468
448 85 477 85
531 96 541 98
328 792 338 794
798 650 830 650
97 129 107 131
503 428 513 430
924 271 934 273
869 345 901 345
809 954 818 956
601 985 633 985
329 506 339 508
592 327 602 329
490 556 522 556
449 716 459 718
384 737 399 738
743 318 753 320
455 376 487 376
363 290 395 290
400 738 432 738
987 808 997 810
516 3 526 5
20 147 20 179
330 310 345 311
613 527 623 529
162 676 194 676
366 658 398 658
189 86 199 88
596 110 628 110
264 524 296 524
444 916 476 916
265 533 297 533
268 213 278 215
459 267 491 267
108 931 118 933
222 2 246 2
760 883 792 883
626 335 654 335
524 101 556 101
403 345 410 348
310 583 342 583
668 369 700 369
179 554 184 558
207 627 239 627
677 847 709 847
663 655 673 657
574 107 606 107
925 412 957 412
26 340 26 372
184 884 216 884
792 70 824 70
391 653 421 653
738 75 770 75
18 528 28 530
220 12 252 12
837 333 869 333
251 792 253 802
942 914 974 914
100 840 110 842
587 376 617 376
526 958 536 960
213 819 223 821
894 509 926 509
639 624 671 624
941 422 973 422
539 945 571 945
290 476 300 478
791 469 801 471
949 990 981 990
596 364 628 364
771 279 803 279
629 364 661 364
628 171 660 171
117 513 149 513
913 848 945 848
738 420 748 422
78 264 110 264
860 584 892 584
566 990 598 990
902 756 934 756
694 486 704 488
335 139 367 139
913 890 923 892
581 8 591 10
358 653 390 653
145 900 155 902
978 764 999 764
541 917 573 917
841 983 870 983
685 759 695 761
883 215 893 217
172 941 182 943
672 501 704 501
399 869 401 878
486 417 493 420
358 170 388 170
969 418 990 418
875 154 907 154
754 116 764 118
339 152 354 153
802 469 812 471
441 989 473 989
215 70 247 70
950 705 960 707
917 174 949 174
88 118 98 120
312 387 344 387
403 404 405 414
588 505 620 505
375 488 407 488
919 582 951 582
875 625 907 625
473 795 483 797
126 994 158 994
588 532 620 532
411 204 421 206
858 612 890 612
308 834 310 844
781 792 791 794
76 770 78 780
797 295 829 295
331 12 341 14
522 868 554 868
457 159 489 159
244 134 276 134
490 281 522 281
490 249 522 249
151 533 161 535
24 660 24 692
550 564 582 564
454 719 486 719
551 549 583 549
652 812 684 812
739 510 771 510
854 916 886 916
620 174 652 174
67 965 77 967
517 631 549 631
720 674 752 674
325 395 335 397
324 141 356 141
256 586 266 588
465 160 480 161
341 463 373 463
100 82 102 92
957 890 967 892
100 650 110 652
566 138 576 140
548 183 580 183
569 268 601 268
605 728 637 728
745 696 777 696
83 487 93 489
959 17 969 19
262 100 272 102
396 756 428 756
851 562 883 562
253 405 285 405
541 106 573 106
382 163 414 163
423 410 433 412
610 745 642 745
953 371 985 371
112 89 122 91
42 652 74 652
910 797 942 797
196 554 206 556
0 999 32 999
222 373 232 375
391 159 423 159
367 61 377 63
327 481 359 481
736 349 768 349
205 938 215 940
864 807 896 807
430 751 462 751
464 362 496 362
760 492 792 492
370 96 380 98
44 795 76 795
164 149 174 151
472 995 504 995
994 292 998 297
746 89 756 91
302 758 304 768
732 357 742 359
739 461 771 461
916 899 948 899
750 401 782 401
354 82 364 84
642 439 652 441
735 62 767 62
38 692 70 692
694 555 726 555
798 919 830 919
288 699 320 699
548 327 558 329
441 580 451 582
248 395 258 397
434 202 466 202
407 895 437 895
357 814 389 814
391 702 401 704
736 995 746 997
988 168 999 169
53 493 55 503
923 22 955 22
261 902 292 902
467 866 477 868
90 738 100 740
402 395 412 397
738 493 770 493
961 943 993 943
975 189 990 190
293 795 295 805
262 143 272 145
213 455 228 456
238 954 248 956
858 880 890 880
202 79 234 79
557 886 589 886
78 93 110 93
257 336 266 338
228 363 260 363
729 353 761 353
538 211 570 211
825 519 857 519
404 686 436 686
548 89 558 91
900 302 932 302
944 145 954 147
17 274 17 306
944 499 954 501
708 746 740 746
655 40 687 40
180 455 190 457
258 755 290 755
754 40 786 40
443 667 475 667
370 939 402 939
349 288 381 288
937 679 947 681
376 745 403 745
86 107 118 107
727 171 759 171
843 942 875 942
896 719 928 719
800 104 826 104
635 527 645 529
851 626 883 626
921 542 953 542
500 814 510 816
429 777 439 779
989 711 999 713
668 747 700 747
956 210 988 210
628 486 638 488
909 540 941 540
645 453 655 455
204 705 236 705
123 568 155 568
632 903 642 905
127 248 137 250
84 586 86 596
14 296 16 306
341 155 373 155
281 702 313 702
827 391 859 391
831 395 841 397
13 318 15 328
380 294 390 296
912 269 944 269
892 710 924 710
147 822 157 824
153 412 163 414
151 427 161 429
983 688 997 689
688 870 720 870
167 854 177 856
36 738 38 748
167 786 169 796
417 486 449 486
914 577 946 577
764 924 774 926
566 282 576 284
678 414 710 414
395 927 427 927
776 614 791 615
715 758 747 758
23 836 23 868
502 910 534 910
205 422 237 422
353 700 385 700
62 143 64 151
503 431 535 431
738 360 748 362
28 42 60 42
908 784 938 784
746 783 774 783
961 590 993 590
305 108 315 110
447 602 479 602
375 604 407 604
11 36 11 68
644 616 676 616
912 616 944 616
464 596 474 598
498 241 530 241
757 300 767 302
895 705 905 707
383 530 393 532
378 204 388 206
838 902 870 902
397 495 429 495
22 429 22 461
367 6 399 6
16 473 16 505
1 797 11 799
395 448 427 448
188 759 190 769
441 258 451 260
334 27 366 27
670 111 702 111
10 413 37 413
342 604 374 604
978 674 999 674
580 696 612 696
82 883 92 885
610 906 620 908
253 404 285 404
755 102 787 102
314 38 329 39
599 413 631 413
682 271 692 273
662 110 694 110
991 669 998 672
514 383 524 385
562 204 572 206
753 138 763 140
684 231 699 232
798 30 830 30
399 477 409 479
95 957 105 959
772 373 782 375
562 672 594 672
373 483 405 483
803 345 813 347
515 720 547 720
498 478 530 478
221 732 231 734
665 563 680 564
62 191 64 201
160 574 162 584
213 49 215 59
729 658 761 658
177 631 187 633
372 380 382 382
905 656 937 656
536 104 568 104
765 581 797 581
608 250 618 252
251 493 253 503
230 506 240 508
505 927 537 927
368 151 400 151
257 442 289 442
302 419 334 419
367 196 399 196
667 185 699 185
575 197 585 199
581 803 613 803
381 581 413 581
812 66 844 66
514 696 546 696
824 469 834 471
485 490 495 492
735 913 767 913
60 688 70 690
702 833 712 835
214 470 246 470
966 75 998 75
594 838 626 838
269 905 279 907
793 486 803 488
54 406 64 408
589 870 621 870
765 331 797 331
772 352 804 352
237 832 269 832
268 79 300 79
942 8 974 8
626 928 658 928
825 792 835 794
158 62 168 64
319 660 329 662
574 106 606 106
340 482 372 482
351 471 383 471
279 208 311 208
170 793 180 795
802 3 812 5
205 948 237 948
871 83 881 85
777 238 787 240
739 856 749 858
480 421 512 421
670 482 680 484
688 124 720 124
357 665 389 665
934 86 944 88
255 293 287 293
846 594 878 594
474 207 506 207
938 77 948 79
94 15 104 17
900 75 932 75
381 101 391 103
443 770 453 772
532 485 564 485
310 577 320 579
331 333 363 333
251 371 283 371
746 263 756 265
167 96 169 106
811 527 821 529
573 494 605 494
196 384 206 386
64 324 74 326
227 834 229 844
988 930 999 931
130 985 162 985
41 428 43 438
962 830 994 830
471 327 481 329
411 213 421 215
688 157 720 157
682 285 714 285
844 797 876 797
778 636 788 638
789 237 821 237
530 998 562 998
880 645 912 645
380 360 412 360
826 258 836 260
2 146 34 146
276 530 286 532
291 909 323 909
297 791 329 791
544 265 571 265
166 297 176 299
878 990 910 990
195 603 227 603
431 912 463 912
331 17 341 19
839 353 849 355
643 980 653 982
265 12 275 14
657 425 667 427
110 681 120 683
634 103 666 103
675 916 707 916
765 181 797 181
877 790 909 790
464 336 496 336
489 0 521 0
233 454 243 456
621 265 653 265
113 304 145 304
751 702 761 704
980 226 990 228
967 199 999 199
85 455 87 465
903 624 935 624
277 242 287 244
390 688 400 690
588 670 620 670
573 231 605 231
30 594 30 626
908 23 940 23
88 48 120 48
573 195 605 195
841 557 873 557
688 962 717 962
663 151 695 151
342 178 352 180
38 110 40 120
779 716 789 718
252 572 284 572
429 756 461 756
669 343 701 343
51 961 83 961
573 207 605 207
935 403 945 405
258 417 268 419
180 439 190 441
847 711 857 713
720 814 730 816
233 36 265 36
100 259 110 261
306 862 316 864
918 80 928 82
427 255 459 255
504 170 536 170
189 283 191 293
916 77 926 79
840 678 872 678
385 846 395 848
389 204 399 206
430 348 440 350
801 833 811 835
297 518 307 520
289 876 299 878
103 905 105 915
482 783 514 783
134 911 144 913
742 745 774 745
744 72 776 72
805 263 815 265
4 225 4 257
327 65 338 66
541 269 573 269
151 786 151 818
372 608 404 608
647 716 657 718
884 174 916 174
637 162 669 162
701 921 733 921
742 688 752 690
640 114 672 114
485 834 495 836
467 944 499 944
142 928 144 938
486 25 518 25
725 482 735 484
612 942 644 942
536 766 546 768
316 406 318 416
108 105 140 105
232 17 242 19
630 509 662 509
678 321 710 321
356 204 366 206
535 388 545 390
577 831 609 831
345 61 355 63
540 204 550 206
125 650 135 652
313 282 345 282
294 924 326 924
214 886 229 887
264 518 274 520
878 194 888 196
952 40 984 40
606 604 631 604
515 958 525 960
61 163 71 165
180 200 190 202
591 123 623 123
461 714 493 714
19 770 21 780
346 688 356 690
542 705 574 705
966 663 998 663
338 286 348 288
79 224 111 224
283 589 315 589
161 797 171 799
95 971 127 971
290 464 300 466
324 716 334 718
542 633 574 633
275 485 285 487
224 400 256 400
374 888 384 890
961 182 993 182
140 732 149 734
931 666 963 666
397 15 429 15
954 126 964 128
559 603 591 603
127 42 159 42
905 217 937 217
659 733 691 733
328 605 338 607
399 761 431 761
166 711 176 713
706 175 716 177
758 867 790 867
236 365 246 367
839 379 849 381
431 79 446 80
726 290 758 290
16 770 18 780
619 481 651 481
271 602 302 602
420 452 452 452
419 433 451 433
485 534 517 534
677 707 709 707
694 936 726 936
444 436 454 438
976 425 986 427
160 33 170 35
953 21 982 21
713 145 723 147
747 14 779 14
401 903 411 905
492 267 522 267
653 685 685 685
183 973 215 973
630 632 640 634
560 415 592 415
570 911 602 911
525 891 557 891
300 724 332 724
391 186 423 186
596 775 628 775
645 194 677 194
822 821 854 821
144 261 154 263
473 444 483 446
297 683 329 683
133 854 143 856
412 964 422 966
689 646 721 646
212 235 222 237
712 696 744 696
577 277 609 277
485 936 517 936
626 545 658 545
79 155 82 161
494 419 518 419
6 561 16 563
549 736 581 736
716 35 748 35
103 77 113 79
385 571 417 571
573 708 583 710
562 923 572 925
416 28 448 28
663 250 673 252
962 485 967 489
678 370 688 372
275 58 285 60
66 622 76 624
818 266 833 267
83 795 83 827
896 619 928 619
91 240 101 242
281 675 313 675
194 613 204 615
715 792 725 794
717 401 749 401
331 334 363 334
200 527 232 527
828 379 838 381
836 74 868 74
705 352 737 352
134 289 144 291
350 834 352 844
518 264 550 264
338 283 348 285
973 858 999 858
627 290 659 290
549 158 581 158
629 883 661 883
814 403 824 405
660 884 692 884
872 872 904 872
585 136 617 136
957 525 987 525
477 473 487 475
468 167 478 169
2 329 2 361
316 883 331 884
92 786 102 788
894 703 926 703
812 833 822 835
650 863 681 863
330 828 340 830
55 572 87 572
545 299 577 299
67 987 99 987
728 452 760 452
782 365 814 365
209 115 219 117
646 876 678 876
60 225 62 235
598 612 630 612
523 169 555 169
721 294 731 296
834 949 866 949
339 627 369 627
511 983 543 983
189 49 191 59
195 902 227 902
138 253 170 253
155 344 187 344
602 763 612 765
562 732 594 732
938 754 970 754
735 218 745 220
472 142 499 142
815 730 847 730
406 507 438 507
104 528 106 538
840 526 872 526
413 70 445 70
538 393 570 393
681 594 713 594
270 342 280 344
608 77 618 79
481 425 491 427
41 670 51 672
294 231 326 231
529 708 539 710
329 482 339 484
696 759 706 761
405 170 437 170
456 365 488 365
121 473 131 475
602 629 634 629
986 906 999 907
288 852 298 854
689 800 699 802
437 268 469 268
764 324 796 324
120 649 152 649
883 908 915 908
806 353 816 355
157 197 189 197
684 137 716 137
39 773 49 775
384 636 386 646
800 432 832 432
841 954 851 956
109 409 119 411
512 610 544 610
891 952 923 952
625 862 657 862
385 416 417 416
94 455 96 465
977 287 992 288
618 86 628 88
701 46 733 46
317 834 319 844
967 142 999 142
498 198 530 198
765 30 797 30
123 266 125 276
798 231 830 231
537 991 569 991
107 493 117 495
377 764 387 766
714 726 724 728
993 576 999 579
2 891 2 923
332 856 342 858
624 636 634 638
742 814 752 816
293 759 295 769
148 424 180 424
472 787 504 787
191 114 223 114
400 723 432 723
647 303 679 303
392 932 402 934
803 795 813 797
231 525 263 525
227 769 259 769
516 573 548 573
720 265 745 265
65 97 67 107
418 58 428 60
675 477 707 477
369 630 401 630
966 747 998 747
907 11 939 11
944 779 975 779
69 586 71 596
89 861 121 861
969 207 999 207
149 499 159 501
634 367 644 369
263 149 295 149
166 472 198 472
148 993 180 993
703 1 735 1
181 314 213 314
622 621 654 621
822 504 854 504
851 774 882 774
857 815 889 815
883 475 915 475
863 924 873 926
913 531 945 531
820 947 847 947
226 294 236 296
16 33 16 65
509 553 541 553
900 304 932 304
858 890 868 892
926 972 958 972
639 178 649 180
887 788 919 788
746 753 756 755
336 120 368 120
220 888 230 890
432 655 442 657
622 399 654 399
185 980 195 982
810 468 842 468
252 585 284 585
41 318 51 320
970 510 991 510
764 619 796 619
323 442 355 442
479 70 511 70
732 119 764 119
550 652 582 652
713 720 745 720
178 391 188 393
966 278 990 278
255 911 265 913
849 401 881 401
85 520 95 522
921 389 953 389
495 756 522 756
305 361 315 363
235 458 267 458
131 409 141 411
344 124 376 124
866 638 898 638
78 111 88 113
633 306 665 306
73 506 75 516
789 617 804 618
670 211 702 211
180 107 190 109
36 844 36 876
653 609 685 609
976 736 999 736
609 697 641 697
28 506 30 516
384 663 416 663
284 554 294 556
319 366 351 366
790 490 822 490
925 129 957 129
866 201 876 203
782 34 814 34
209 156 241 156
505 482 515 484
694 455 726 455
225 283 227 293
698 769 730 769
753 325 785 325
666 306 698 306
658 533 690 533
231 996 263 996
942 27 974 27
740 667 772 667
742 659 752 661
250 111 282 111
226 755 257 755
808 980 818 982
467 282 477 284
594 524 626 524
772 144 804 144
367 509 399 509
720 7 752 7
916 301 948 301
237 49 239 59
658 603 690 603
82 82 84 92
809 707 834 707
26 190 58 190
794 574 820 574
540 988 572 988
451 564 483 564
930 849 962 849
359 944 369 946
118 218 128 220
186 49 188 59
374 463 406 463
90 286 100 288
602 134 634 134
446 837 478 837
746 221 756 223
528 682 560 682
904 144 936 144
918 558 950 558
878 363 910 363
737 49 769 49
56 673 58 683
891 529 901 531
3 737 3 769
467 539 477 541
561 492 593 492
674 586 705 586
722 370 732 372
346 925 356 926
751 280 766 281
731 412 763 412
540 446 572 446
816 175 826 177
831 630 863 630
367 386 399 386
802 254 834 254
441 345 451 347
717 418 749 418
443 985 475 985
738 708 748 710
562 247 594 247
707 759 717 761
117 599 149 599
871 907 903 907
286 317 318 317
121 608 131 610
120 206 130 208
569 46 578 48
106 506 108 516
827 452 859 452
754 862 764 864
512 785 544 785
753 688 763 690
204 248 214 250
587 694 619 694
564 992 596 992
59 703 91 703
654 80 664 82
510 818 520 820
164 484 166 494
85 177 87 187
967 349 991 349
71 881 73 891
863 224 895 224
334 6 366 6
754 621 786 621
715 282 725 284
424 157 456 157
624 680 656 680
590 321 600 323
778 790 810 790
30 236 32 246
556 556 588 556
531 724 541 726
119 562 144 562
38 719 46 721
149 656 159 658
958 421 987 421
852 569 862 571
194 573 219 573
882 851 892 853
900 329 932 329
5 902 5 934
42 833 42 865
102 771 134 771
791 210 823 210
453 89 485 89
80 663 82 673
121 405 153 405
386 407 396 409
718 69 742 69
715 600 747 600
125 840 127 850
244 953 276 953
754 578 786 578
58 213 60 223
4 791 14 793
89 795 89 827
740 403 747 406
470 686 502 686
532 790 564 790
390 125 419 125
218 493 220 503
743 16 775 16
934 157 966 157
488 822 498 824
262 65 294 65
208 509 218 511
718 825 750 825
722 102 754 102
663 724 673 726
358 344 390 344
298 258 308 260
263 211 295 211
941 117 972 117
357 370 389 370
691 380 701 382
255 34 270 35
201 154 233 154
783 583 793 585
968 67 983 68
817 882 849 882
159 716 169 718
799 123 831 123
560 210 592 210
382 108 392 110
667 368 699 368
219 914 229 916
98 149 108 151
121 682 153 682
174 377 184 379
184 998 216 998
185 551 217 551
616 600 648 600
642 678 674 678
63 797 63 829
170 895 180 897
719 496 729 498
928 646 938 648
994 968 998 973
233 803 235 813
94 12 104 14
188 566 198 568
64 166 96 166
811 425 821 427
711 101 743 101
478 903 488 905
485 986 517 986
458 93 468 95
113 777 145 777
572 254 604 254
240 825 272 825
193 294 203 296
422 3 432 5
984 926 999 927
948 851 958 853
947 549 979 549
418 601 450 601
361 126 371 128
520 882 552 882
128 698 160 698
365 212 397 212
591 238 623 238
342 709 352 711
657 237 689 237
701 641 733 641
577 865 587 867
112 911 122 913
611 116 621 118
361 806 371 808
6 968 8 978
347 707 379 707
88 310 98 312
542 250 552 252
772 907 804 907
397 7 429 7
966 173 998 173
50 770 60 772
580 256 612 256
319 404 321 414
777 311 809 311
516 471 548 471
834 221 844 223
748 711 758 713
152 839 154 849
851 325 883 325
261 748 293 748
773 757 805 757
944 758 976 758
973 472 983 474
222 89 232 91
919 64 951 64
209 47 241 47
784 882 816 882
486 858 518 858
942 540 969 540
411 636 413 646
237 251 247 253
961 312 993 312
653 786 685 786
581 693 613 693
805 799 837 799
941 445 970 445
623 531 655 531
346 173 356 175
15 971 17 981
793 732 825 732
965 46 989 46
233 622 243 624
728 972 760 972
656 453 666 455
477 496 487 498
761 366 793 366
83 97 85 107
854 764 886 764
482 380 492 382
90 942 100 944
691 387 723 387
50 656 60 658
128 319 138 321
441 711 451 713
440 794 450 796
39 225 41 235
554 544 586 544
278 31 310 31
854 238 864 240
349 81 381 81
475 596 485 598
107 520 117 522
75 598 78 605
203 692 235 692
850 412 882 412
122 711 132 713
410 553 442 553
184 195 216 195
888 234 898 236
664 612 696 612
852 138 862 140
220 660 252 660
462 682 494 682
13 340 13 372
965 425 975 427
490 96 497 99
845 242 877 242
295 327 305 329
677 588 709 588
538 827 568 827
176 493 208 493
298 183 308 185
452 722 480 722
554 915 586 915
244 188 254 190
440 141 472 141
410 655 420 657
718 473 728 475
776 588 808 588
888 623 920 623
962 557 972 559
749 503 781 503
891 332 923 332
165 283 167 293
923 467 955 467
109 509 119 511
411 200 419 202
309 773 341 773
905 752 937 752
740 568 772 568
960 703 992 703
547 428 557 430
903 360 913 362
763 132 795 132
773 379 783 381
910 638 920 640
166 294 176 296
313 315 345 315
867 949 899 949
449 371 481 371
749 539 781 539
833 202 865 202
389 543 421 543
910 276 942 276
177 281 209 281
294 266 326 266
704 792 714 794
540 445 572 445
804 535 836 535
272 899 282 901
465 558 497 558
250 195 282 195
526 456 536 458
572 568 582 570
816 587 831 588
345 3 355 5
572 6 604 6
291 903 301 905
694 258 704 260
114 266 116 276
484 271 516 271
257 792 259 802
393 636 395 646
95 960 118 960
527 4 559 4
130 574 132 584
602 334 627 334
530 851 540 853
425 800 457 800
358 654 390 654
16 935 16 967
88 770 90 780
569 676 601 676
961 386 993 386
602 747 634 747
298 732 308 734
660 880 692 880
678 389 710 389
649 758 681 758
635 677 667 677
822 201 832 203
211 388 221 390
883 759 915 759
3 649 5 659
838 681 870 681
712 764 722 766
85 837 95 839
430 750 462 750
452 711 462 713
721 399 753 399
683 577 715 577
886 64 918 64
490 280 522 280
855 504 884 504
635 234 645 236
955 499 965 501
777 875 809 875
363 896 395 896
942 979 974 979
499 439 509 441
515 693 547 693
5 225 5 257
283 792 293 794
791 25 823 25
587 442 619 442
639 535 671 535
14 542 16 552
691 603 723 603
416 27 448 27
783 212 798 213
775 745 807 745
199 334 231 334
855 958 865 960
833 54 865 54
455 436 465 438
398 776 430 776
551 986 583 986
409 851 419 853
52 523 62 525
295 324 305 326
686 609 718 609
861 992 890 992
365 551 397 551
434 695 466 695
500 943 532 943
773 872 805 872
378 200 388 202
747 516 779 516
897 231 929 231
233 188 243 190
453 434 485 434
1 506 1 538
266 86 276 88
564 473 574 475
272 589 282 591
850 89 882 89
173 727 205 727
813 840 845 840
695 364 727 364
607 510 639 510
649 307 681 307
767 763 777 765
726 63 758 63
528 525 560 525
50 123 82 123
592 833 602 835
350 380 360 382
303 566 335 566
413 245 421 247
866 425 876 427
605 537 637 537
433 132 465 132
619 155 651 155
906 13 921 14
559 456 569 458
473 537 505 537
907 557 917 559
255 636 257 646
440 44 472 44
316 920 348 920
877 517 909 517
925 418 930 422
334 207 366 207
757 218 767 220
414 932 424 934
45 261 55 263
763 514 795 514
757 603 789 603
286 48 318 48
503 134 535 134
485 433 517 433
860 675 892 675
136 439 168 439
789 201 821 201
490 343 522 343
442 950 452 952
103 70 132 70
823 971 855 971
4 11 6 21
892 749 902 751
675 739 707 739
422 792 424 802
61 896 61 928
570 222 580 224
512 838 544 838
539 938 549 940
545 807 555 809
532 486 557 486
727 486 737 488
141 873 151 875
305 803 307 813
572 130 604 130
373 133 405 133
306 377 316 379
489 411 521 411
385 302 417 302
935 742 967 742
878 961 888 963
384 572 416 572
605 459 637 459
311 553 343 553
465 658 497 658
808 838 840 838
563 622 595 622
415 256 447 256
372 377 382 379
302 917 312 919
115 365 125 367
633 957 665 957
562 711 572 713
312 822 322 824
23 267 55 267
235 697 267 697
86 340 88 350
519 25 551 25
788 693 820 693
175 207 185 209
414 581 429 582
11 609 11 641
792 952 824 952
584 34 616 34
438 875 448 877
635 676 667 676
833 860 848 861
300 655 310 657
312 61 322 63
185 96 187 106
733 666 765 666
738 207 770 207
768 145 778 147
840 746 872 746
253 827 263 829
906 98 921 99
762 509 794 509
381 321 391 323
137 688 147 690
105 630 137 630
357 505 389 505
291 539 301 541
69 228 79 230
877 209 909 209
933 304 965 304
657 108 689 108
579 929 611 929
687 887 692 891
669 377 679 379
779 909 811 909
694 672 726 672
147 559 162 560
358 399 390 399
783 854 793 856
591 763 601 765
113 236 123 238
814 927 846 927
70 770 72 780
614 126 624 128
824 867 856 867
147 62 157 64
204 163 236 163
387 25 419 25
176 850 208 850
3 99 3 131
488 587 520 587
793 800 825 800
671 58 681 60
172 932 182 934
576 439 586 441
523 167 555 167
949 759 981 759
630 937 662 937
401 688 411 690
340 774 372 774
969 945 999 945
825 69 840 70
469 423 501 423
935 466 967 466
100 436 102 446
448 49 458 51
963 743 995 743
903 100 935 100
809 122 841 122
452 834 462 836
455 200 487 200
722 415 754 415
639 486 649 488
762 151 794 151
626 392 658 392
884 562 916 562
494 149 526 149
817 829 849 829
655 157 687 157
365 758 367 768
227 698 259 698
526 755 558 755
190 29 222 29
48 631 51 638
364 12 374 14
243 714 275 714
694 2 726 2
254 743 286 743
300 960 332 960
51 938 61 940
881 450 913 450
517 449 549 449
997 439 999 447
838 907 870 907
804 75 836 75
719 841 751 841
476 424 508 424
31 158 33 168
727 492 759 492
885 674 917 674
480 80 512 80
357 173 367 175
942 900 974 900
338 758 340 768
986 163 999 164
519 418 551 418
737 518 747 520
906 183 938 183
294 481 326 481
95 473 97 483
576 301 586 303
562 653 594 653
592 131 624 131
831 524 863 524
252 573 284 573
171 245 181 247
686 467 718 467
675 436 685 438
948 136 980 136
74 837 84 839
382 288 414 288
263 917 271 919
513 93 523 95
62 896 62 928
588 352 620 352
203 172 213 174
649 31 659 33
811 530 843 530
301 822 311 824
621 868 653 868
610 354 642 354
411 957 443 957
300 870 302 880
153 409 163 411
608 479 618 481
443 424 475 424
685 481 712 481
396 521 406 523
286 660 296 662
800 686 832 686
629 734 661 734
902 522 934 522
213 473 223 475
954 292 986 292
771 655 803 655
615 736 647 736
822 623 854 623
143 3 153 5
963 318 994 318
335 85 367 85
870 791 899 791
448 639 463 640
158 443 190 443
639 196 671 196
97 126 107 128
873 448 905 448
582 482 592 484
355 29 387 29
691 163 723 163
804 655 836 655
767 428 799 428
468 57 500 57
30 663 40 665
387 574 397 576
646 744 678 744
737 570 769 570
800 639 810 641
509 984 541 984
985 338 999 339
836 459 868 459
832 588 864 588
207 617 239 617
606 274 638 274
616 607 648 607
375 468 407 468
385 569 417 569
265 268 275 270
604 706 636 706
887 825 894 828
558 123 590 123
910 780 942 780
155 484 157 494
679 293 711 293
307 77 339 77
149 755 159 757
624 237 656 237
934 597 966 597
129 534 139 536
757 716 767 718
678 974 710 974
752 705 784 705
812 720 844 720
82 886 92 888
116 395 126 397
735 61 767 61
858 115 890 115
610 748 642 748
345 957 377 957
272 425 282 427
38 459 70 459
28 39 38 41
703 249 735 249
244 369 276 369
876 299 908 299
161 698 193 698
512 611 540 611
953 372 985 372
468 647 500 647
446 167 456 169
541 387 573 387
452 920 484 920
8 869 8 901
965 325 997 325
68 929 70 939
434 769 466 769
928 701 960 701
155 93 157 103
291 628 323 628
817 77 827 79
573 279 605 279
752 778 767 779
377 31 409 31
45 968 55 970
863 80 873 82
815 858 847 858
805 86 815 88
235 701 267 701
716 750 748 750
259 342 269 344
331 277 363 277
267 655 277 657
423 614 455 614
483 412 493 414
407 73 417 75
144 749 154 751
40 575 50 577
860 878 892 878
559 166 591 166
301 723 333 723
105 248 115 250
683 920 715 920
917 443 949 443
547 276 579 276
467 151 499 151
632 867 664 867
613 696 645 696
491 213 512 213
803 94 835 94
38 448 40 458
922 145 932 147
165 46 197 46
390 505 422 505
221 969 253 969
128 827 130 837
496 649 506 651
272 629 304 629
4 693 4 725
796 253 828 253
277 134 309 134
184 372 216 372
568 300 600 300
285 914 295 916
117 49 119 59
651 418 683 418
732 331 764 331
617 651 649 651
904 479 925 479
349 105 359 107
82 719 111 719
765 890 780 891
120 172 122 182
48 556 58 558
336 163 365 163
497 852 507 854
821 456 849 456
589 40 621 40
145 307 147 317
880 5 912 5
592 166 624 166
464 775 496 775
473 307 483 309
151 426 183 426
755 530 777 530
136 203 151 204
457 248 489 248
900 464 932 464
520 724 530 726
45 738 55 740
269 688 301 688
791 191 823 191
18 373 20 383
103 783 132 783
719 609 751 609
724 533 756 533
455 113 486 113
630 992 662 992
952 547 982 547
278 229 310 229
11 258 13 268
835 688 867 688
930 807 962 807
853 165 876 165
131 739 141 741
237 16 269 16
264 559 274 561
501 53 511 55
869 149 901 149
13 269 23 271
96 894 98 904
709 905 741 905
722 212 754 212
358 186 390 186
192 793 202 795
426 231 458 231
579 550 611 550
145 605 177 605
643 814 653 816
801 304 833 304
459 680 491 680
352 317 384 317
367 134 399 134
333 55 343 57
452 936 484 936
278 356 306 356
173 425 205 425
177 606 179 616
194 610 204 612
810 974 841 974
341 895 373 895
901 85 933 85
100 872 100 904
4 583 4 615
738 598 762 598
392 391 402 393
474 749 484 751
613 506 623 508
143 850 175 850
435 138 466 138
269 413 279 415
351 572 383 572
810 72 842 72
825 931 857 931
391 116 401 118
306 615 338 615
911 755 943 755
905 379 915 381
934 628 949 629
82 135 89 138
59 97 61 107
189 844 199 846
636 989 668 989
2 858 2 890
853 344 885 344
475 81 485 83
374 777 384 779
177 261 187 263
694 244 704 246
588 121 620 121
599 695 631 695
422 439 432 441
371 586 381 588
920 693 952 693
103 436 105 446
714 965 737 965
261 679 293 679
984 614 998 615
681 728 713 728
298 334 330 334
597 22 607 24
870 935 902 935
130 132 162 132
257 399 267 401
171 251 181 253
174 980 184 982
683 844 714 844
256 29 288 29
116 505 148 505
243 17 253 19
271 32 303 32
50 170 82 170
404 383 414 385
641 215 651 217
632 944 664 944
367 342 399 342
243 732 253 734
143 43 175 43
390 282 400 284
781 927 791 929
704 518 736 518
597 874 629 874
760 214 792 214
736 1 768 1
299 454 309 456
932 47 964 47
803 74 835 74
744 881 776 881
939 746 971 746
495 261 527 261
474 1 506 1
701 861 733 861
943 383 953 385
385 888 395 890
940 551 972 551
146 239 178 239
180 473 190 475
594 518 604 520
543 578 575 578
710 445 742 445
36 727 38 737
243 546 273 546
805 916 820 917
463 7 495 7
97 318 99 328
365 242 375 244
482 8 492 10
321 283 323 293
442 574 452 576
563 450 595 450
154 233 186 233
392 976 424 976
115 351 147 351
719 958 750 958
593 280 603 282
220 405 252 405
611 785 643 785
476 22 486 24
779 753 789 755
423 966 455 966
462 332 494 332
377 53 387 55
411 112 443 112
705 279 737 279
566 753 597 753
594 810 626 810
188 986 220 986
606 624 638 624
701 431 733 431
269 803 271 813
308 74 340 74
259 395 269 397
438 462 470 462
928 182 960 182
776 936 808 936
96 727 106 729
610 993 642 993
523 870 555 870
211 857 221 859
298 711 308 713
336 566 368 566
952 802 984 802
25 132 27 142
130 133 162 133
628 490 660 490
406 947 438 947
274 512 306 512
218 371 250 371
655 715 687 715
837 493 869 493
41 693 73 693
274 740 289 741
986 252 999 253
457 157 489 157
692 314 724 314
349 194 381 194
945 667 975 667
836 188 868 188
234 49 236 59
185 377 195 379
678 311 710 311
25 880 25 912
144 631 154 633
984 520 994 522
959 579 974 580
91 978 123 978
223 353 233 355
897 116 907 118
141 153 173 153
330 889 340 891
494 412 504 414
785 467 817 467
112 303 144 303
201 960 233 960
756 636 766 638
139 357 149 359
259 253 291 253
446 807 456 809
140 536 150 538
0 990 10 992
163 574 165 584
877 696 909 696
725 71 757 71
43 272 43 304
420 25 452 25
902 44 934 44
541 698 573 698
142 639 152 641
775 277 807 277
31 880 31 912
272 910 304 910
43 866 43 898
363 115 395 115
723 640 755 640
534 30 566 30
622 947 654 947
936 486 945 488
132 444 142 446
221 636 231 638
534 16 561 16
123 911 133 913
440 827 472 827
19 869 19 901
29 479 39 481
837 575 869 575
621 614 653 614
966 324 998 324
789 868 821 868
145 135 155 137
77 840 79 850
686 685 718 685
144 711 154 713
507 92 539 92
919 547 951 547
238 453 270 453
735 822 767 822
417 527 449 527
631 209 663 209
60 417 70 419
452 708 462 710
397 263 429 263
698 901 708 903
304 357 314 359
30 880 30 912
942 480 974 480
339 809 371 809
211 743 243 743
212 667 244 667
387 434 419 434
412 282 422 284
861 353 871 355
772 511 804 511
931 888 963 888
464 110 496 110
698 695 730 695
188 324 198 326
510 448 542 448
749 231 764 232
449 459 459 461
54 727 56 737
81 67 91 69
698 943 730 943
845 909 877 909
499 209 531 209
251 327 261 329
251 97 261 99
921 976 953 976
696 476 728 476
313 351 345 351
55 58 65 60
15 791 25 793
662 899 694 899
725 928 752 928
29 902 29 934
742 838 774 838
592 126 602 128
61 656 71 658
738 494 770 494
14 22 24 24
384 528 416 528
18 971 20 981
320 491 352 491
509 724 519 726
438 803 448 805
764 731 796 731
15 225 15 257
585 175 595 177
623 229 654 229
305 729 337 729
696 509 728 509
13 576 13 608
845 605 877 605
118 523 128 525
117 611 119 621
301 612 333 612
988 603 999 604
354 25 386 25
539 44 571 44
195 694 227 694
919 857 951 857
979 333 989 335
246 336 256 338
140 699 172 699
856 846 888 846
5 36 5 68
824 997 856 997
851 51 883 51
830 924 840 926
667 300 699 300
587 543 619 543
72 758 104 758
99 247 101 257
646 764 656 766
687 308 719 308
226 186 258 186
658 329 690 329
860 585 892 585
888 821 920 821
236 981 246 983
886 547 918 547
183 124 215 124
526 163 558 163
754 36 786 36
848 708 858 710
684 373 694 375
580 227 612 227
379 351 411 351
771 624 803 624
263 416 295 416
521 609 553 609
222 82 232 84
617 92 627 94
861 376 871 378
15 803 15 835
644 299 676 299
819 0 851 0
578 122 610 122
23 724 33 726
559 862 591 862
406 393 438 393
706 269 738 269
702 342 734 342
266 950 276 952
345 650 355 652
526 382 558 382
321 182 353 182
256 978 288 978
767 280 782 281
41 700 73 700
779 898 811 898
61 318 63 328
589 267 621 267
367 3 377 5
207 377 217 379
54 874 54 906
33 274 33 306
280 315 312 315
849 342 881 342
120 595 152 595
289 655 299 657
772 190 804 190
940 814 970 814
932 428 942 430
240 386 272 386
888 425 898 427
811 428 821 430
586 825 618 825
849 83 859 85
66 118 76 120
292 270 324 270
9 147 9 179
336 752 346 754
531 353 563 353
311 197 321 199
965 126 975 128
65 144 74 146
180 476 190 478
493 9 503 11
887 367 897 369
416 220 426 222
696 22 706 24
944 230 976 230
936 624 968 624
807 496 817 498
60 741 62 751
935 57 967 57
20 493 22 503
333 304 365 304
70 77 80 79
970 326 980 328
572 265 587 266
682 607 714 607
831 306 863 306
445 938 447 948
569 506 579 508
564 727 596 727
867 267 899 267
200 857 210 859
766 103 798 103
110 561 142 561
291 417 301 419
759 711 769 713
578 117 610 117
621 980 631 982
697 132 729 132
178 190 210 190
2 0 2 32
330 165 362 165
431 857 441 859
572 926 604 926
625 143 635 145
362 149 394 149
378 650 388 652
381 636 383 646
854 102 880 102
264 261 296 261
749 749 759 751
737 188 769 188
510 342 542 342
948 342 977 342
939 732 971 732
74 473 76 483
916 829 948 829
718 382 750 382
189 135 199 137
123 49 125 59
242 47 274 47
377 768 409 768
222 950 232 952
300 254 310 255
415 975 447 975
545 947 577 947
555 674 587 674
562 153 594 153
285 506 295 508
119 931 129 933
466 201 498 201
56 781 66 783
778 639 788 641
242 156 274 156
341 684 373 684
542 724 552 726
586 479 596 481
958 672 990 672
509 985 534 985
798 807 830 807
240 826 272 826
898 370 908 372
457 274 489 274
621 0 653 0
491 961 523 961
114 611 116 621
125 38 157 38
397 21 429 21
457 280 489 280
906 825 916 827
473 777 483 779
927 99 959 99
744 28 776 28
630 727 662 727
116 245 126 247
92 789 102 791
160 121 192 121
989 83 999 85
850 873 882 873
963 538 989 538
450 486 482 486
484 518 494 520
419 487 429 489
529 15 561 15
259 722 291 722
956 994 988 994
646 372 677 372
797 980 807 982
903 583 935 583
510 957 542 957
874 138 884 140
275 307 285 309
724 89 734 91
889 250 899 252
411 916 443 916
963 670 990 670
426 987 458 987
806 143 838 143
331 7 363 7
910 427 942 427
176 47 208 47
349 112 381 112
493 8 525 8
805 479 837 479
130 307 132 317
661 492 693 492
92 843 94 853
578 947 588 949
176 523 186 525
919 578 951 578
564 154 596 154
841 905 873 905
549 585 581 585
602 676 634 676
825 810 857 810
546 322 578 322
820 582 852 582
596 450 628 450
271 321 281 323
831 398 863 398
833 113 865 113
758 314 790 314
403 453 413 455
607 176 639 176
122 986 154 986
359 453 369 455
824 191 856 191
687 557 719 557
711 550 726 551
466 464 475 466
34 0 36 10
893 767 903 769
100 266 110 268
474 781 502 781
802 512 834 512
528 261 560 261
874 720 906 720
431 596 441 598
379 907 389 909
51 575 61 577
344 354 376 354
761 878 793 878
547 625 579 625
203 792 205 802
398 89 408 91
139 423 171 423
226 654 258 654
626 39 658 39
651 232 683 232
359 885 391 885
51 935 61 937
498 96 508 98
54 225 56 235
51 45 83 45
873 746 905 746
210 283 212 293
528 673 560 673
605 54 637 54
712 767 727 768
618 857 628 859
984 599 994 601
71 351 81 353
847 271 857 273
392 977 423 977
181 949 213 949
864 670 896 670
471 53 478 56
272 676 282 678
442 387 474 387
0 814 2 824
187 444 197 446
513 599 545 599
776 625 808 625
101 527 133 527
540 275 572 275
201 283 203 293
259 186 291 186
644 785 676 785
110 0 120 2
167 851 177 853
929 704 961 704
882 136 914 136
416 126 426 128
657 680 689 680
824 472 856 472
974 397 989 398
520 53 527 56
640 854 650 856
735 895 767 895
974 477 984 479
936 258 946 260
897 422 924 422
224 30 256 30
334 79 366 79
813 967 845 967
280 917 290 919
541 114 573 114
641 632 651 634
232 530 242 532
554 443 586 443
816 373 826 375
877 234 887 236
637 684 652 685
158 342 190 342
944 229 976 229
540 989 572 989
545 116 555 118
434 906 444 908
722 800 732 802
401 417 411 419
29 482 61 482
197 808 199 818
822 958 832 960
848 986 880 986
28 274 28 306
717 137 749 137
640 175 650 177
231 891 241 893
44 191 46 201
486 434 518 434
199 537 231 537
68 566 78 568
140 172 150 174
60 830 60 862
974 649 989 650
431 364 463 364
254 319 286 319
733 300 756 300
878 758 910 758
822 636 832 638
154 979 186 979
107 538 139 538
434 275 466 275
696 473 706 475
519 81 526 83
861 515 893 515
943 635 953 637
628 732 660 732
225 814 235 816
657 238 689 238
142 345 174 345
869 94 901 94
399 52 409 54
857 417 889 417
463 447 494 447
141 275 173 275
55 61 57 71
542 873 574 873
142 343 174 343
75 611 77 621
661 444 693 444
386 12 396 14
776 862 786 864
110 3 120 5
472 482 482 484
731 943 763 943
105 163 115 165
685 719 717 719
806 803 838 803
731 695 763 695
560 424 592 424
709 80 719 82
112 391 122 393
314 702 346 702
152 272 161 274
189 596 199 598
62 955 94 955
822 679 854 679
943 506 953 508
77 4 109 4
644 807 676 807
551 534 583 534
776 647 786 649
408 711 418 713
30 727 32 737
537 791 569 791
50 896 50 928
957 952 984 952
914 439 946 439
422 443 454 443
752 773 784 773
843 28 875 28
76 881 76 913
42 11 52 13
28 36 38 38
130 101 140 103
488 339 520 339
768 61 799 61
327 898 337 900
613 878 645 878
301 399 311 401
211 369 243 369
46 248 56 250
394 146 404 148
107 305 139 305
489 865 521 865
149 245 159 247
570 462 602 462
113 85 145 85
913 927 945 927
194 93 196 103
459 231 491 231
463 247 495 247
835 689 867 689
806 667 838 667
631 791 663 791
702 343 734 343
949 277 975 277
647 693 679 693
137 840 139 850
377 984 409 984
531 655 541 657
725 22 735 24
613 234 623 236
600 331 632 331
514 881 546 881
124 29 156 29
895 436 903 438
297 521 307 523
74 759 76 769
908 445 940 445
583 272 615 272
676 994 708 994
811 126 843 126
599 688 609 690
376 621 386 623
386 490 396 492
94 177 104 179
771 449 781 451
692 928 724 928
819 173 851 173
182 158 192 160
31 11 41 13
644 950 676 950
390 716 400 718
704 569 736 569
147 476 157 478
212 493 214 503
197 407 207 409
497 883 529 883
692 210 724 210
89 983 99 985
125 61 135 63
209 307 219 309
88 564 120 564
916 978 948 978
610 815 620 817
533 906 543 908
966 304 998 304
88 795 88 827
138 252 170 252
872 757 904 757
178 578 188 580
645 367 655 369
664 208 696 208
408 359 440 359
358 404 360 414
892 2 924 2
28 395 38 397
464 972 496 972
433 476 465 476
568 34 583 35
760 345 769 347
924 859 934 861
256 235 266 237
117 515 149 515
324 925 334 927
768 302 800 302
440 888 450 890
735 860 767 860
224 650 234 652
682 711 692 713
397 842 429 842
911 347 943 347
976 635 986 637
584 836 616 836
182 33 191 35
896 455 928 455
468 403 499 403
555 370 587 370
922 441 954 441
459 49 474 50
808 814 840 814
521 544 553 544
582 663 614 663
100 857 132 857
19 318 29 320
686 497 718 497
576 967 608 967
851 646 858 649
486 86 518 86
711 8 721 10
82 327 84 337
13 770 15 780
902 68 934 68
928 343 953 343
141 606 173 606
150 516 182 516
942 479 973 479
99 6 109 8
566 695 598 695
354 574 364 576
274 77 306 77
739 269 771 269
253 232 285 232
719 961 751 961
696 77 706 79
588 80 598 82
122 294 132 296
265 185 297 185
420 200 429 202
430 708 440 710
151 266 161 268
651 827 683 827
496 212 528 212
907 80 917 82
264 58 274 60
124 780 156 780
229 632 239 634
797 323 829 323
583 307 593 309
739 373 771 373
877 766 909 766
809 847 819 849
356 636 366 638
736 512 768 512
819 283 851 283
581 833 591 835
320 262 352 262
888 542 920 542
789 289 821 289
15 788 25 790
723 623 755 623
895 336 927 336
211 242 221 244
943 958 953 960
286 625 318 625
817 825 849 825
364 447 396 447
47 244 79 244
924 890 934 892
320 700 352 700
200 373 210 375
294 680 326 680
491 932 501 934
496 555 528 555
494 305 526 305
714 840 746 840
521 501 531 503
146 238 178 238
532 447 564 447
67 111 77 113
415 137 447 137
66 993 76 995
955 846 987 846
843 101 875 101
642 448 674 448
769 22 779 24
800 953 832 953
798 491 830 491
414 974 446 974
305 432 337 432
968 57 983 58
639 924 671 924
587 47 619 47
198 49 200 59
640 692 672 692
444 821 454 823
657 109 689 109
482 803 492 805
392 388 402 390
26 693 36 695
591 234 601 236
561 261 593 261
77 539 81 544
442 624 473 624
706 851 716 853
292 938 294 948
858 525 890 525
533 753 565 753
300 154 332 154
963 921 995 921
498 199 530 199
898 348 930 348
499 818 509 820
897 232 929 232
760 360 770 362
534 398 566 398
390 909 422 909
573 13 605 13
217 753 249 753
774 439 806 439
907 905 939 905
527 897 559 897
302 937 334 937
191 849 223 849
367 822 377 824
779 979 811 979
339 328 371 328
692 189 724 189
377 674 409 674
474 490 484 492
859 555 891 555
594 568 604 570
448 288 480 288
636 263 668 263
664 721 696 721
963 581 995 581
872 754 904 754
186 283 188 293
532 613 564 613
922 387 954 387
665 944 693 944
120 416 152 416
77 561 109 561
868 349 900 349
791 893 823 893
362 504 394 504
905 813 937 813
134 283 144 285
155 735 182 735
539 58 549 60
111 172 113 182
117 639 119 649
535 93 545 95
402 294 434 294
144 708 154 710
332 883 364 883
106 450 116 452
269 485 271 495
379 234 411 234
627 626 659 626
595 847 610 848
901 86 911 88
432 960 459 960
781 938 791 940
22 605 22 637
661 711 671 713
291 925 301 927
585 855 595 857
860 972 892 972
785 442 817 442
648 182 680 182
301 584 333 584
184 194 216 194
442 92 473 92
943 119 958 120
135 667 145 669
554 587 586 587
521 787 553 787
16 506 18 516
603 146 613 148
493 530 525 530
798 424 829 424
16 417 26 419
823 76 855 76
403 392 435 392
5 660 5 692
521 214 553 214
552 86 562 88
749 534 778 534
883 873 907 873
960 193 987 193
617 986 649 986
790 753 800 755
219 592 229 594
719 330 751 330
959 83 988 83
704 795 714 797
687 730 719 730
146 22 156 24
145 224 169 224
753 80 763 82
434 0 444 2
711 942 743 942
222 434 254 434
993 229 996 235
555 542 587 542
805 114 837 114
644 70 676 70
201 49 203 59
841 924 851 926
394 603 426 603
336 994 368 994
482 888 485 893
154 404 186 404
594 115 626 115
658 131 690 131
631 738 663 738
79 302 89 304
479 784 511 784
428 577 451 577
498 250 508 252
200 495 202 505
951 283 983 283
760 653 792 653
558 504 590 504
55 405 87 405
368 866 378 868
775 409 807 409
679 975 689 977
883 474 915 474
636 608 668 608
565 439 575 441
677 318 687 320
971 803 981 805
674 770 684 772
47 160 57 162
612 321 644 321
3 583 3 615
748 652 780 652
911 909 943 909
756 987 788 987
85 11 87 21
344 758 346 768
857 816 889 816
209 792 211 802
749 246 781 246
859 444 891 444
876 28 908 28
286 316 318 316
513 973 545 973
584 577 616 577
857 314 889 314
715 403 725 405
921 638 931 640
338 676 348 678
550 316 582 316
273 825 305 825
260 482 262 492
892 709 924 709
18 616 18 648
864 483 896 483
525 646 556 646
389 609 399 611
527 966 559 966
16 902 16 934
273 826 305 826
575 235 585 237
529 472 561 472
495 58 505 60
739 239 754 240
22 121 24 131
484 938 494 940
781 914 813 914
266 577 276 579
389 464 399 466
668 888 678 890
387 82 397 84
472 468 504 468
242 460 252 462
601 300 633 300
557 368 589 368
573 196 605 196
26 49 26 81
918 980 928 982
687 980 697 982
890 893 922 893
418 600 450 600
807 208 828 208
468 294 478 296
5 440 7 450
521 913 536 914
328 327 338 329
959 998 990 998
522 565 554 565
53 14 63 16
752 443 784 443
732 116 742 118
222 639 224 649
119 928 129 930
608 460 623 461
153 206 185 206
897 306 929 306
539 846 549 848
273 102 305 102
515 862 522 864
140 221 150 223
320 631 352 631
492 645 524 645
21 638 21 670
916 841 948 841
694 472 726 472
320 534 352 534
481 618 513 618
437 639 447 641
233 388 243 390
375 268 403 268
582 995 592 997
398 621 408 623
892 567 922 567
895 721 927 721
957 711 967 713
304 35 336 35
850 978 882 978
221 711 231 713
141 980 151 982
713 605 745 605
923 436 933 438
104 759 106 769
308 115 318 117
178 303 210 303
205 763 215 765
777 800 792 801
406 78 438 78
619 702 629 704
965 432 991 432
313 314 345 314
45 384 47 394
717 175 727 177
40 60 40 92
770 537 802 537
161 318 171 320
138 959 170 959
599 943 631 943
490 977 522 977
989 390 999 392
444 578 476 578
542 31 574 31
930 402 962 402
273 380 283 382
662 912 694 912
96 611 98 621
413 123 445 123
60 971 62 981
321 394 353 394
528 100 560 100
224 849 256 849
728 574 760 574
45 49 45 81
622 40 654 40
518 181 550 181
663 360 672 362
720 659 730 661
174 126 184 128
127 370 159 370
882 62 914 62
247 175 256 177
160 167 192 167
943 516 975 516
734 641 744 643
377 985 409 985
24 913 24 945
758 714 784 714
967 175 992 175
204 566 236 566
308 156 340 156
925 204 935 206
802 994 812 996
279 861 311 861
127 327 137 329
566 558 598 558
11 550 13 560
870 655 902 655
46 373 56 375
27 935 27 967
328 457 338 459
747 446 779 446
484 846 494 848
686 786 718 786
18 531 28 533
609 579 641 579
554 200 586 200
444 739 476 739
188 328 220 328
374 827 406 827
604 589 636 589
61 139 71 141
568 832 600 832
592 8 602 10
45 265 77 265
893 912 925 912
339 380 349 382
724 833 734 835
908 357 918 359
970 642 985 643
758 392 790 392
474 713 506 713
850 215 860 217
596 952 628 952
202 213 212 215
642 502 674 502
403 513 413 515
370 346 380 348
290 822 300 824
390 755 422 755
605 184 637 184
88 82 90 92
769 198 779 200
570 803 580 805
815 35 847 35
59 340 61 350
575 31 607 31
239 727 269 727
427 377 437 379
909 979 941 979
331 21 363 21
376 681 408 681
350 870 360 872
94 490 104 492
762 591 790 591
17 504 49 504
563 854 595 854
472 412 482 414
555 0 587 0
112 604 144 604
514 293 546 293
565 201 597 201
334 723 366 723
172 944 182 946
126 172 128 182
548 664 580 664
244 604 275 604
751 192 783 192
228 276 260 276
191 30 223 30
88 213 90 223
789 429 799 431
586 156 618 156
730 312 762 312
96 192 128 192
919 116 929 118
404 291 414 293
946 844 978 844
191 113 223 113
500 944 532 944
892 492 924 492
498 724 508 726
453 125 485 125
518 561 528 563
978 973 993 974
463 333 495 333
500 659 510 661
844 516 876 516
652 155 684 155
338 428 348 430
527 315 559 315
320 781 330 783
683 35 715 35
567 395 577 397
785 51 817 51
584 357 616 357
594 919 626 919
962 586 977 587
949 382 979 382
610 277 642 277
632 845 664 845
212 586 222 588
254 493 256 503
760 178 770 180
954 760 981 760
754 579 786 579
256 254 266 256
716 986 748 986
856 194 866 196
875 850 907 850
918 557 950 557
174 479 206 479
267 876 277 878
729 126 744 127
603 89 613 91
541 511 573 511
82 11 84 21
621 532 653 532
766 10 798 10
512 53 519 55
211 851 221 853
356 376 388 376
255 851 287 851
175 447 185 449
775 557 785 559
751 875 776 875
372 862 382 864
77 1 87 3
444 579 476 579
129 175 139 177
919 152 951 152
519 232 551 232
422 37 454 37
396 697 428 697
841 941 873 941
0 605 0 637
212 480 227 481
606 924 638 924
84 451 94 453
19 946 21 956
506 945 516 947
706 479 738 479
974 800 999 800
495 811 527 811
348 929 358 931
686 694 718 694
952 582 983 582
160 138 170 140
594 626 626 626
430 749 462 749
293 884 315 884
484 753 516 753
365 851 375 853
446 395 456 397
369 318 379 320
209 142 241 142
916 90 948 90
740 702 750 704
517 601 549 601
736 157 768 157
145 925 147 935
654 0 686 0
407 44 439 44
640 619 672 619
211 92 243 92
344 55 354 57
770 31 780 33
423 250 431 252
867 895 899 895
668 686 700 686
429 53 439 55
839 553 871 553
412 414 427 415
529 561 539 563
128 840 130 850
448 108 458 109
300 353 332 353
157 589 167 591
419 490 429 492
738 345 748 347
625 255 657 255
97 213 99 223
385 226 400 227
310 388 320 390
530 151 562 151
324 814 334 816
629 952 661 952
571 482 581 484
888 541 920 541
598 132 630 132
917 694 949 694
515 324 525 326
381 970 391 972
281 752 313 752
693 795 703 797
905 770 937 770
147 185 179 185
369 754 401 754
156 434 188 434
115 417 125 419
941 937 973 937
631 132 663 132
770 57 802 57
610 149 642 149
783 827 815 827
140 266 150 268
135 614 145 616
950 915 982 915
656 575 688 575
301 67 311 69
59 376 91 376
886 399 918 399
718 812 750 812
562 615 577 616
517 846 527 848
131 645 141 647
313 406 315 416
491 368 523 368
550 914 582 914
46 269 46 301
497 691 507 693
914 3 946 3
924 928 956 928
977 194 987 196
37 833 37 865
178 0 180 10
628 567 660 567
715 59 747 59
749 577 781 577
432 727 464 727
85 523 95 525
977 158 988 159
605 6 620 7
726 33 758 33
668 636 678 638
653 645 685 645
894 770 904 772
566 412 598 412
826 683 858 683
960 215 970 217
32 594 32 626
864 743 896 743
444 64 476 64
242 446 274 446
155 782 165 784
827 110 859 110
698 229 730 229
240 283 242 293
615 225 647 225
861 151 893 151
280 716 290 718
677 784 709 784
902 965 934 965
517 588 549 588
736 894 768 894
843 453 875 453
606 493 638 493
834 218 844 220
504 608 536 608
480 389 490 391
945 70 960 71
992 10 999 13
639 279 671 279
153 886 185 886
421 724 431 726
163 126 173 128
93 919 103 921
118 214 150 214
745 791 777 791
21 274 21 306
494 887 526 887
566 752 597 752
786 674 818 674
113 676 128 677
617 433 649 433
320 530 327 533
356 61 366 63
297 888 307 890
267 53 277 55
559 327 569 329
308 485 310 495
624 587 656 587
538 970 570 970
798 630 830 630
409 681 441 681
423 286 455 286
746 363 778 363
989 86 999 87
597 197 607 199
548 28 580 28
161 977 193 977
896 167 928 167
500 992 532 992
281 834 283 844
265 537 291 537
305 226 337 226
382 372 414 372
254 781 264 783
948 62 980 62
933 913 965 913
503 747 535 747
249 357 259 359
749 178 759 180
585 826 617 826
847 914 875 914
809 789 841 789
292 132 305 133
40 578 50 580
838 798 870 798
719 779 751 779
908 974 940 974
627 95 659 95
393 987 425 987
159 49 161 59
897 807 929 807
628 153 660 153
771 535 803 535
132 60 164 60
878 779 910 779
892 412 924 412
431 950 441 952
683 534 715 534
713 898 745 898
904 18 936 18
149 905 149 937
412 407 422 409
534 754 566 754
229 554 239 556
276 268 308 268
481 163 509 163
664 737 696 737
436 422 463 422
319 827 351 827
151 521 160 523
454 400 486 400
49 517 51 527
400 218 432 218
925 390 957 390
676 965 705 965
451 271 483 271
290 436 300 438
160 704 170 706
155 969 187 969
690 975 700 977
81 556 91 558
399 727 431 727
553 655 563 657
349 696 381 696
75 606 107 606
885 124 917 124
210 639 212 649
822 506 832 508
849 137 881 137
489 121 521 121
776 395 786 397
388 669 420 669
417 636 419 646
842 661 874 661
693 271 703 273
353 17 363 19
2 99 2 131
504 911 536 911
194 721 225 721
264 521 274 523
820 547 852 547
803 698 835 698
976 696 999 696
78 263 110 263
141 826 173 826
650 204 660 206
822 897 854 897
335 981 345 983
619 829 651 829
118 744 128 746
572 792 582 794
242 894 274 894
475 303 507 303
899 953 931 953
563 639 595 639
710 69 717 71
323 213 333 215
452 204 484 204
136 61 146 63
370 910 402 910
153 211 185 211
533 557 565 557
357 982 389 982
896 453 911 454
816 62 848 62
244 911 254 913
498 99 530 99
177 871 187 873
425 976 457 976
277 286 287 288
758 245 790 245
837 574 869 574
967 436 977 438
42 631 44 641
534 647 566 647
245 31 277 31
499 496 509 498
439 506 449 508
671 795 681 797
763 182 795 182
285 499 295 501
462 941 494 941
486 852 496 854
943 517 975 517
704 403 714 405
40 273 40 305
592 377 602 379
934 596 966 596
9 384 11 394
73 174 75 184
24 377 56 377
219 283 221 293
406 133 438 133
495 165 527 165
347 752 357 754
526 379 536 381
210 781 220 783
956 867 988 867
46 381 56 383
149 505 181 505
805 478 837 478
404 104 436 104
419 781 429 783
91 970 94 977
650 986 682 986
569 641 579 643
2 462 2 494
162 693 194 693
275 47 307 47
170 869 202 869
110 155 142 155
384 914 394 916
478 265 510 265
107 843 109 853
905 757 937 757
101 493 103 503
634 991 666 991
858 810 890 810
809 809 838 809
550 938 560 940
200 860 232 860
883 353 893 355
38 354 40 364
943 428 953 430
187 683 219 683
823 194 833 196
462 938 472 940
38 413 45 416
355 724 365 726
973 950 999 950
850 770 882 770
153 741 185 741
985 893 999 894
104 863 114 865
880 848 912 848
611 615 643 615
470 432 502 432
949 13 981 13
621 505 653 505
222 391 232 393
843 454 875 454
344 52 354 54
906 182 927 182
546 929 556 931
921 635 931 637
797 309 829 309
242 44 274 44
495 525 527 525
100 329 102 339
61 267 61 299
19 649 19 681
768 989 800 989
531 250 541 252
422 442 454 442
757 440 789 440
255 454 265 456
391 157 423 157
110 156 142 156
386 935 418 935
368 663 383 664
18 935 18 967
81 795 81 827
961 447 993 447
383 371 415 371
239 898 249 900
282 516 314 516
752 694 784 694
205 359 215 361
42 225 44 235
731 659 741 661
871 510 903 510
27 666 37 668
356 474 366 476
212 85 244 85
695 908 727 908
503 527 513 529
551 538 583 538
327 517 359 517
620 436 630 438
384 795 394 797
645 800 655 802
933 440 965 440
144 258 154 260
882 17 892 19
486 82 518 82
511 351 539 351
27 690 37 692
169 458 201 458
391 558 423 558
133 258 143 260
549 482 559 484
267 668 299 668
13 121 15 131
514 644 546 644
39 727 41 737
904 906 936 906
879 230 911 230
224 436 256 436
151 518 160 520
340 77 372 77
988 28 999 29
430 834 440 836
636 327 646 329
798 831 813 832
74 700 106 700
759 525 791 525
881 922 913 922
289 29 321 29
150 336 157 339
402 959 434 959
509 1 541 1
921 822 953 822
292 722 324 722
142 447 174 447
49 439 59 441
885 843 917 843
151 372 183 372
7 318 9 328
393 266 425 266
68 473 70 483
901 254 933 254
555 121 587 121
804 494 834 494
970 906 985 907
397 781 407 783
374 444 384 446
727 153 759 153
897 119 912 120
459 987 491 987
180 185 212 185
53 11 63 13
33 49 33 81
557 102 589 102
386 843 418 843
126 466 136 468
339 870 349 872
113 27 145 27
497 450 507 452
398 775 430 775
183 599 215 599
827 520 859 520
354 91 386 91
828 193 860 193
372 461 404 461
140 686 172 686
333 727 365 727
51 578 61 580
401 676 410 678
252 149 262 151
167 759 169 769
862 386 894 386
46 213 48 223
400 464 410 466
143 684 175 684
673 164 705 164
706 584 716 586
563 541 595 541
111 266 113 276
401 692 433 692
703 927 735 927
906 746 938 746
838 144 870 144
671 519 681 521
236 716 246 718
761 785 790 785
107 732 117 734
815 168 847 168
925 749 935 751
959 677 991 677
564 95 596 95
870 535 902 535
366 241 398 241
694 708 704 710
79 506 81 516
607 851 617 853
156 82 166 84
640 107 669 107
860 879 892 879
291 646 323 646
296 149 328 149
429 660 439 662
348 577 355 580
671 828 703 828
302 903 312 905
349 363 381 363
540 359 572 359
754 399 786 399
654 908 686 908
242 310 252 312
839 376 849 378
5 116 15 118
712 276 744 276
714 446 746 446
167 857 177 859
617 976 649 976
328 132 355 132
162 748 194 748
553 812 585 812
93 611 95 621
101 374 133 374
500 282 510 284
93 351 103 353
470 685 502 685
275 74 307 74
515 783 547 783
185 482 187 492
402 138 434 138
692 545 724 545
95 696 117 696
518 345 528 347
271 350 303 350
268 219 300 219
659 832 691 832
309 965 319 967
756 562 784 562
589 32 617 32
855 542 887 542
946 711 956 713
469 272 501 272
909 28 941 28
840 477 872 477
696 338 728 338
844 56 876 56
814 726 824 728
511 310 543 310
593 233 625 233
268 436 278 438
684 583 694 585
327 233 359 233
275 846 285 848
435 395 445 397
123 25 155 25
675 302 707 302
491 800 501 802
259 175 268 177
739 83 749 85
622 556 654 556
101 340 103 350
101 867 111 869
440 188 472 188
249 870 251 880
521 376 553 376
942 296 974 296
17 473 19 483
624 679 656 679
871 681 903 681
432 238 442 240
36 236 46 238
680 664 712 664
350 812 382 812
497 110 529 110
992 837 999 840
263 448 295 448
43 409 53 411
79 11 81 21
242 559 252 561
203 838 205 848
640 596 672 596
450 595 482 595
975 554 999 554
714 620 746 620
531 770 541 772
584 863 616 863
966 221 976 223
904 564 914 566
648 595 680 595
763 209 795 209
533 943 565 943
61 659 71 661
789 587 815 587
707 632 739 632
235 336 245 338
158 107 168 109
706 240 738 240
127 251 137 253
510 162 525 163
410 477 420 479
914 246 943 246
762 99 794 99
340 801 372 801
765 318 775 320
310 303 342 303
316 361 331 362
594 938 604 940
695 852 705 854
781 518 791 520
690 108 722 108
589 152 621 152
869 57 901 57
926 878 958 878
471 608 503 608
139 350 171 350
451 660 461 662
367 642 377 644
327 694 359 694
994 366 999 369
573 14 605 14
849 854 859 856
340 995 350 997
716 489 748 489
76 82 78 92
65 940 67 950
296 592 306 594
37 82 39 92
33 991 43 993
158 442 190 442
834 304 866 304
50 487 60 489
133 307 135 317
504 878 530 878
839 634 871 634
937 17 947 19
431 89 441 91
29 147 29 179
218 834 220 844
457 167 467 169
673 240 705 240
757 808 780 808
504 221 536 221
760 472 790 472
410 129 442 129
804 207 836 207
188 264 220 264
546 321 578 321
919 357 929 359
765 232 797 232
37 594 37 626
88 115 98 117
460 255 492 255
792 48 824 48
779 89 789 91
848 538 863 539
582 871 614 871
767 201 777 203
729 705 751 705
282 450 314 450
43 932 43 964
613 585 623 587
609 526 641 526
341 834 343 844
232 472 264 472
92 340 94 350
693 781 725 781
436 954 446 956
64 462 66 472
31 575 33 585
704 828 736 828
663 759 673 761
619 360 629 362
603 969 613 971
573 773 605 773
292 160 324 160
227 346 237 348
618 50 650 50
526 877 558 877
111 871 111 902
256 655 266 657
919 270 951 270
986 618 998 619
44 866 44 898
293 357 303 359
77 851 79 861
497 361 529 361
791 45 814 45
89 650 99 652
898 212 930 212
302 695 334 695
673 190 705 190
941 673 973 673
853 395 863 397
32 880 32 912
213 64 223 66
300 668 332 668
396 636 398 646
110 529 142 529
528 519 538 521
346 983 378 983
720 172 752 172
451 794 461 796
613 975 645 975
538 546 570 546
167 805 169 815
702 340 734 340
254 792 256 802
294 480 326 480
174 275 206 275
668 113 700 113
572 552 604 552
896 80 906 82
358 121 390 121
386 631 418 631
419 700 451 700
377 724 387 726
79 251 89 253
770 988 802 988
25 82 27 92
549 213 581 213
769 635 801 635
733 368 765 368
192 994 224 994
926 879 958 879
187 682 219 682
889 163 921 163
107 629 139 629
605 938 615 940
2 561 2 593
94 82 96 92
443 235 453 237
139 450 149 452
739 799 771 799
710 945 742 945
824 39 856 39
367 612 399 612
461 66 493 66
829 132 861 132
241 406 251 408
371 758 373 768
841 558 851 560
890 994 922 994
530 540 562 540
668 291 678 293
934 349 966 349
657 42 689 42
945 178 977 178
182 789 214 789
455 214 487 214
200 797 202 807
571 927 603 927
10 675 10 707
480 56 512 56
629 366 661 366
34 387 44 389
951 282 983 282
611 122 643 122
231 524 263 524
328 809 338 811
76 914 76 946
634 666 666 666
953 787 977 787
812 990 844 990
169 222 184 223
363 518 373 520
37 693 40 700
166 634 176 636
701 527 711 529
67 472 99 472
757 533 789 533
525 679 557 679
879 592 911 592
836 890 846 892
797 830 829 830
784 128 816 128
63 733 95 733
552 137 584 137
618 434 650 434
391 294 401 296
932 46 964 46
16 716 26 718
925 258 935 260
375 773 407 773
22 93 32 95
647 89 657 91
697 721 729 721
494 210 526 210
942 942 972 942
723 987 755 987
772 857 782 859
369 705 401 705
62 578 72 580
778 736 788 738
397 785 429 785
570 304 602 304
525 901 557 901
660 792 670 794
730 496 740 498
766 435 798 435
38 833 38 865
394 531 426 531
978 261 999 261
988 221 998 223
45 988 77 988
178 368 210 368
833 134 865 134
497 972 529 972
866 953 898 953
18 738 20 748
641 26 673 26
135 49 137 59
120 377 122 387
674 143 706 143
35 213 45 215
738 578 753 579
55 318 57 328
999 606 999 628
526 603 558 603
56 354 58 364
955 148 987 148
528 945 538 947
715 892 747 892
264 569 274 571
680 783 712 783
485 485 515 485
423 918 455 918
420 82 430 84
291 730 323 730
525 987 557 987
396 115 428 115
67 983 77 985
714 516 746 516
204 294 214 296
31 506 33 516
188 999 220 999
343 719 371 719
332 860 364 860
628 749 638 751
697 440 729 440
82 436 84 446
776 318 786 320
786 659 796 661
606 207 638 207
449 220 459 222
342 636 344 646
731 814 741 816
417 941 427 943
369 959 401 959
875 15 907 15
896 224 928 224
161 562 193 562
429 797 439 799
408 183 440 183
307 499 317 501
53 104 55 114
8 506 8 538
186 592 196 594
207 383 217 385
931 240 963 240
692 39 724 39
318 546 328 548
269 716 279 718
91 22 101 24
968 692 999 692
817 215 827 217
612 554 644 554
442 303 474 303
833 737 865 737
19 11 21 21
89 962 99 964
176 43 208 43
606 279 638 279
877 429 887 431
783 373 793 375
478 745 510 745
88 622 98 624
954 835 979 835
15 935 15 967
43 977 53 979
804 204 814 206
418 753 450 753
381 45 413 45
405 911 437 911
199 791 231 791
221 324 228 327
15 869 15 901
453 418 463 420
44 448 46 458
596 622 628 622
62 573 94 573
79 906 79 938
755 495 787 495
880 133 912 133
888 95 920 95
120 210 152 210
350 126 360 128
338 108 348 110
761 83 771 85
212 792 214 802
145 369 177 369
342 10 374 10
866 129 898 129
91 506 93 516
91 774 101 776
303 870 305 880
855 425 865 427
6 401 16 403
383 949 415 949
501 167 511 169
877 736 887 738
111 93 121 95
357 981 389 981
801 250 811 252
718 480 750 480
171 138 181 140
819 573 851 573
625 754 657 754
540 89 547 92
84 377 86 387
987 724 999 725
638 53 670 53
799 212 831 212
660 48 692 48
552 50 584 50
473 659 480 662
849 599 881 599
763 612 792 612
478 233 509 233
536 629 568 629
339 810 371 810
964 41 974 43
714 735 738 735
880 859 890 861
372 792 382 794
740 26 772 26
743 613 775 613
815 180 847 180
434 866 444 868
66 863 66 895
743 610 775 610
203 467 213 469
855 642 887 642
904 352 936 352
424 702 434 704
244 851 254 853
181 0 213 0
121 444 131 446
682 416 714 416
303 959 335 959
214 314 246 314
458 453 468 455
187 663 197 665
328 806 360 806
697 612 729 612
406 590 438 590
356 443 388 443
448 696 480 696
322 235 332 237
55 3 65 5
364 568 396 568
788 21 820 21
236 482 238 492
629 900 661 900
372 666 404 666
468 630 500 630
912 436 922 438
602 428 612 430
196 129 206 131
842 616 868 616
82 543 114 543
376 230 408 230
625 877 657 877
674 724 684 726
583 468 593 470
929 911 961 911
243 773 275 773
66 3 76 5
312 401 343 401
927 509 953 509
704 988 736 988
648 482 658 484
965 834 990 834
79 939 89 941
678 453 710 453
45 631 47 641
594 525 626 525
508 991 536 991
733 231 748 232
539 43 571 43
341 234 362 234
426 680 458 680
188 749 198 751
221 781 231 783
211 164 243 164
395 189 427 189
141 825 173 825
194 360 204 362
72 487 82 489
161 513 171 515
189 82 221 82
941 122 973 122
67 108 77 110
915 633 947 633
465 241 497 241
547 879 579 879
482 216 514 216
369 226 384 227
658 328 690 328
926 391 958 391
906 180 921 181
753 0 785 0
120 211 152 211
362 511 392 511
864 650 896 650
78 261 88 262
340 706 372 706
403 321 413 323
773 654 805 654
759 166 791 166
348 45 380 45
494 3 504 5
581 380 591 382
270 163 302 163
299 36 331 36
747 198 757 200
307 774 339 774
242 505 274 505
635 425 645 427
963 863 989 863
864 538 896 538
28 49 30 59
558 428 590 428
629 622 661 622
559 377 569 379
940 29 972 29
683 708 693 710
130 721 160 721
581 664 613 664
744 389 776 389
310 855 320 857
860 323 875 324
129 181 161 181
137 827 139 837
739 375 771 375
238 422 270 422
517 888 524 891
870 247 900 247
947 394 970 394
241 918 248 920
696 992 728 992
662 998 694 998
869 537 901 537
341 504 356 505
242 73 252 75
741 966 773 966
215 13 225 15
269 818 301 818
568 932 578 934
976 779 989 780
714 990 729 991
746 481 777 481
501 116 511 118
437 686 469 686
121 184 153 184
160 163 170 165
3 660 3 692
865 368 875 370
702 327 712 329
621 559 631 561
105 269 107 279
548 371 580 371
160 11 162 21
89 759 91 769
89 258 121 258
767 104 799 104
365 857 375 859
174 198 206 198
575 553 607 553
826 672 858 672
938 813 970 813
122 631 132 633
386 834 396 836
972 544 999 544
179 805 181 815
523 343 555 343
668 97 700 97
56 96 88 96
740 379 750 381
98 473 100 483
460 166 492 166
699 30 731 30
83 395 93 397
701 747 733 747
655 947 687 947
945 645 975 645
352 302 384 302
718 96 750 96
19 307 21 317
701 97 733 97
424 40 456 40
65 409 75 411
972 448 999 448
464 969 471 971
183 321 193 323
458 929 468 931
975 898 985 900
532 821 542 823
458 101 468 103
821 102 853 102
744 800 754 802
708 824 740 824
959 189 974 190
916 396 948 396
17 33 17 65
594 683 626 683
594 48 626 48
985 556 995 558
737 828 769 828
812 65 844 65
636 52 668 52
992 2 996 6
835 142 867 142
788 150 820 150
65 354 67 364
764 688 774 690
49 417 59 419
445 407 455 409
879 594 911 594
180 172 182 182
867 842 899 842
901 597 933 597
674 984 706 984
25 33 27 43
946 60 978 60
954 542 986 542
115 424 147 424
73 531 83 533
499 612 531 612
671 229 681 231
332 621 342 623
882 599 914 599
209 529 241 529
529 171 561 171
932 113 964 113
219 49 221 59
666 896 698 896
179 667 211 667
794 364 826 364
631 752 663 752
235 437 245 439
409 404 411 414
309 10 341 10
211 580 221 582
904 767 936 767
932 356 962 356
39 139 49 141
458 213 490 213
71 731 103 731
796 447 828 447
214 903 224 905
758 726 766 728
484 752 516 752
233 137 265 137
282 321 292 323
105 398 115 400
157 28 189 28
512 837 544 837
465 879 497 879
830 225 862 225
776 116 786 118
440 444 472 444
292 271 324 271
878 218 888 220
213 861 245 861
364 647 374 649
640 374 650 376
451 522 461 524
171 959 203 959
497 622 529 622
430 545 460 545
734 866 766 866
637 198 647 200
423 688 433 690
338 685 370 685
606 253 638 253
570 324 580 326
825 711 835 713
223 254 233 256
67 461 69 471
603 224 635 224
353 647 363 649
548 979 580 979
293 961 325 961
225 906 235 908
801 821 816 822
489 513 499 515
605 518 615 520
713 458 743 458
364 545 396 545
360 425 370 427
554 2 586 2
168 255 200 255
811 209 843 209
957 928 989 928
237 138 247 140
644 371 676 371
923 886 955 886
652 882 684 882
12 203 12 235
430 567 462 567
211 619 221 621
554 786 586 786
926 776 958 776
505 706 537 706
600 957 632 957
401 691 433 691
929 604 961 604
386 844 418 844
519 620 551 620
932 543 964 543
809 850 841 850
301 386 333 386
948 933 977 933
368 688 378 690
406 404 408 414
779 778 800 778
740 654 772 654
766 9 798 9
831 919 863 919
460 126 470 128
24 946 26 956
697 985 729 985
563 452 595 452
44 202 46 212
45 781 55 783
894 77 904 79
100 574 102 584
583 568 593 570
853 965 885 965
267 56 299 56
386 534 418 534
143 827 145 837
769 482 777 484
269 689 279 691
754 715 786 715
936 333 967 333
226 653 258 653
559 460 591 460
730 263 745 264
807 697 838 697
360 254 392 254
187 564 219 564
415 372 447 372
304 970 314 972
375 183 407 183
829 513 861 513
903 575 935 575
646 234 656 236
367 464 377 466
247 908 279 908
732 395 742 397
52 318 54 328
429 519 439 521
845 536 877 536
827 265 859 265
252 283 254 293
349 256 381 256
420 434 452 434
376 388 386 390
176 96 178 106
843 55 875 55
165 172 167 182
927 601 959 601
818 93 850 93
55 329 57 339
718 759 728 761
241 547 273 547
396 888 406 890
196 132 228 132
551 348 583 348
380 318 390 320
601 38 633 38
620 551 652 551
429 522 439 524
813 762 828 763
732 30 764 30
195 677 227 677
298 647 308 649
866 794 876 796
551 358 583 358
22 506 24 516
565 701 597 701
191 64 201 66
113 867 113 899
971 215 981 217
835 993 845 995
101 843 103 853
396 298 428 298
154 574 156 584
206 305 238 305
175 746 207 746
646 975 678 975
225 990 235 992
194 346 204 348
245 770 255 772
543 436 553 438
80 928 82 938
925 649 957 649
837 586 869 586
934 494 966 494
200 33 210 35
105 15 115 17
602 234 612 236
688 294 698 296
782 168 814 168
545 707 577 707
27 594 27 626
706 86 716 88
917 546 949 546
7 36 7 68
219 4 226 6
357 815 389 815
458 885 490 885
977 499 987 501
387 232 419 232
308 234 340 234
673 917 705 917
584 839 616 839
96 834 106 836
657 289 689 289
655 36 687 36
635 686 667 686
776 445 808 445
842 673 874 673
901 199 933 199
803 282 818 283
500 980 510 982
465 477 475 479
392 929 402 931
218 126 228 128
451 416 483 416
79 945 111 945
717 856 727 858
215 123 247 123
284 98 294 100
795 806 827 806
584 204 594 206
57 727 59 737
545 71 577 71
876 296 908 296
197 563 229 563
135 306 167 306
461 545 493 545
843 652 875 652
983 646 993 648
646 527 656 529
781 133 813 133
951 904 980 904
390 786 400 788
494 482 504 484
201 162 233 162
889 877 921 877
830 167 862 167
134 900 144 902
770 466 802 466
428 315 460 315
682 938 692 940
169 476 179 478
936 418 968 418
946 726 956 728
108 720 140 720
748 307 780 307
907 924 917 926
132 73 142 75
85 928 87 938
767 636 777 638
475 107 507 107
894 193 926 193
480 321 490 323
74 734 84 736
598 209 630 209
825 795 835 797
313 906 323 908
633 295 665 295
927 514 937 515
884 442 916 442
613 288 645 288
831 116 841 118
503 263 535 263
976 422 991 423
848 839 880 839
267 154 299 154
221 876 231 878
342 988 374 988
505 589 537 589
660 31 670 33
793 171 825 171
34 725 66 725
762 241 794 241
624 42 656 42
33 902 33 934
642 150 674 150
611 625 643 625
234 257 266 257
90 377 92 387
411 503 443 503
179 85 211 85
67 549 74 552
627 846 659 846
530 899 562 899
63 730 95 730
883 473 915 473
72 163 82 165
531 550 562 550
607 239 639 239
3 0 3 32
261 605 263 615
34 833 36 843
927 600 959 600
753 308 780 308
904 17 936 17
559 143 569 145
823 388 855 388
618 599 650 599
894 600 926 600
820 578 852 578
401 539 411 541
448 641 480 641
496 487 506 489
540 13 572 13
888 822 920 822
537 608 569 608
863 308 878 309
561 307 571 309
732 423 764 423
206 495 208 505
529 964 561 964
192 542 202 544
594 798 626 798
337 453 347 455
459 109 491 109
203 417 213 419
619 665 651 665
305 758 307 768
430 182 462 182
783 83 793 85
223 96 233 98
322 52 332 54
466 609 476 611
259 297 269 299
530 640 562 640
990 54 999 56
53 93 55 103
255 394 287 394
131 425 133 435
365 998 392 998
117 975 127 977
643 689 675 689
757 328 789 328
646 257 678 257
483 506 515 506
683 700 715 700
80 25 90 27
707 77 717 79
145 719 177 719
855 636 865 638
660 271 670 273
312 739 344 739
570 8 580 10
584 708 594 710
704 282 714 284
204 395 236 395
180 49 182 59
572 521 604 521
595 444 605 446
705 247 737 247
501 647 533 647
89 96 121 96
583 758 615 758
167 86 177 88
173 881 183 883
349 383 359 385
566 865 576 867
246 473 256 475
546 194 578 194
648 662 663 663
519 423 543 423
941 625 968 625
397 711 407 713
155 638 187 638
564 353 596 353
591 108 623 108
33 192 33 224
958 129 982 129
127 33 137 35
239 227 271 227
157 81 189 81
248 294 258 296
308 518 318 520
364 749 374 751
601 185 633 185
94 574 96 584
242 142 274 142
44 115 54 117
789 234 799 236
598 791 630 791
478 814 488 816
697 336 729 336
930 863 962 863
511 138 521 140
325 281 357 281
272 485 274 495
500 408 510 410
842 610 874 610
202 697 234 697
656 367 666 369
967 132 999 132
922 180 954 180
215 722 225 724
261 694 293 694
577 659 587 661
22 405 54 405
145 373 155 375
496 15 528 15
440 797 450 799
620 439 630 441
194 762 226 762
32 192 32 224
429 115 461 115
199 472 231 472
682 795 692 797
201 22 211 24
350 876 360 878
270 331 302 331
50 704 60 706
847 741 879 741
717 50 749 50
211 89 221 91
129 218 139 220
197 447 207 449
561 290 593 290
693 48 725 48
37 800 37 832
237 283 239 293
883 480 915 480
63 592 63 624
924 525 956 525
239 671 271 671
119 549 129 551
319 302 351 302
296 834 298 844
356 30 388 30
950 511 982 511
768 465 800 465
232 568 264 568
420 618 430 620
771 204 781 206
609 916 641 916
687 326 717 326
768 777 778 779
714 3 724 5
426 679 458 679
55 625 87 625
480 932 490 934
658 76 690 76
937 564 947 566
714 112 746 112
194 357 204 359
224 443 256 443
334 584 366 584
956 568 988 568
677 616 709 616
332 913 364 913
849 394 881 394
383 834 385 844
767 686 799 686
848 35 880 35
235 473 245 475
806 823 838 823
640 681 672 681
720 407 730 409
894 806 926 806
345 639 355 641
758 198 768 200
885 351 917 351
858 711 868 713
204 396 214 398
299 89 309 91
488 499 498 501
129 762 139 764
545 946 577 946
209 73 219 75
765 847 775 849
718 665 750 665
641 78 673 78
34 545 66 545
349 257 381 257
166 267 194 267
682 56 692 58
94 928 96 938
503 921 535 921
308 155 340 155
824 25 856 25
749 365 781 365
866 975 876 977
51 896 51 928
541 692 573 692
694 444 726 444
586 665 618 665
358 210 372 211
444 439 454 441
679 876 710 876
827 175 837 177
910 517 942 517
448 163 480 163
423 829 455 829
782 422 814 422
954 808 986 808
276 965 286 967
188 495 190 505
224 67 234 69
309 468 341 468
752 948 767 949
201 353 211 355
658 877 690 877
376 624 408 624
19 132 21 142
505 914 520 915
952 556 984 556
643 407 653 409
57 422 72 423
275 728 307 728
568 491 600 491
44 47 76 47
781 711 791 713
369 300 401 300
249 932 259 934
124 667 134 669
59 792 74 793
445 265 477 265
340 498 372 498
269 834 271 844
152 827 154 837
877 126 909 126
171 163 181 165
82 185 84 195
506 846 516 848
177 781 187 783
864 865 879 866
118 574 120 584
238 762 248 764
251 862 261 864
390 730 422 730
738 38 770 38
286 115 296 117
129 766 139 768
274 482 284 484
754 344 786 344
419 12 429 14
69 971 79 973
301 219 333 219
602 729 634 729
697 752 729 752
795 376 805 378
807 406 839 406
666 318 676 320
270 736 302 736
489 505 521 505
558 105 590 105
222 622 232 624
462 100 494 100
818 436 828 438
946 404 978 404
131 406 141 408
111 642 113 652
452 649 462 651
686 330 718 330
233 391 243 393
737 459 769 459
224 803 226 813
356 758 358 768
348 973 380 973
574 619 606 619
323 609 333 611
239 744 271 744
851 442 883 442
383 216 415 216
166 962 198 962
82 206 86 211
332 361 364 361
453 596 463 598
357 628 389 628
687 688 697 690
411 739 443 739
147 200 157 202
403 617 431 617
684 50 716 50
366 655 376 657
759 69 791 69
511 903 521 905
247 0 257 2
349 975 381 975
709 994 741 994
570 216 580 218
11 539 13 549
137 904 169 904
787 578 819 578
930 231 962 231
135 618 167 618
90 939 100 941
382 81 414 81
593 591 625 591
473 58 483 60
983 108 995 109
766 627 792 627
849 50 881 50
636 304 668 304
656 646 688 646
965 671 990 671
239 226 271 226
765 231 797 231
976 686 997 686
852 904 884 904
373 356 405 356
536 268 568 268
158 827 160 837
565 160 577 161
51 953 61 955
18 561 18 593
283 938 285 948
685 882 717 882
520 719 552 719
309 732 319 734
79 247 89 249
730 209 762 209
979 5 991 6
177 49 179 59
397 277 429 277
874 569 884 571
31 14 41 16
326 454 336 456
413 395 423 397
853 187 885 187
25 274 25 306
893 84 925 84
847 307 877 307
104 731 136 731
466 312 498 312
550 892 582 892
772 799 804 799
74 851 76 861
715 31 725 33
506 184 538 184
163 213 165 223
264 996 296 996
240 639 242 649
320 965 330 967
384 527 416 527
178 581 188 583
308 505 340 505
473 604 505 604
341 660 351 662
103 196 135 196
148 866 158 868
786 7 818 7
306 327 316 329
2 660 2 692
355 160 382 160
665 323 675 325
160 324 162 334
449 979 481 979
441 773 473 773
276 714 308 714
611 167 621 169
663 937 695 937
678 38 710 38
87 377 89 387
608 280 640 280
667 435 699 435
910 794 920 796
269 869 301 869
712 256 744 256
465 238 475 240
926 912 958 912
419 749 429 751
824 189 856 189
586 400 618 400
13 414 15 424
12 394 44 394
871 479 903 479
991 833 998 836
208 345 240 345
518 986 550 986
581 219 591 221
202 221 234 221
742 323 752 325
913 859 923 861
356 834 358 844
855 987 887 987
562 584 594 584
338 671 370 671
44 587 54 589
157 353 167 355
38 340 40 350
884 544 916 544
336 636 338 646
839 770 849 772
267 605 269 615
845 218 855 220
370 943 380 945
967 198 999 198
846 269 878 269
259 187 291 187
442 583 474 583
540 624 572 624
993 285 999 288
168 672 200 672
870 228 902 228
575 22 585 24
416 216 448 216
648 112 680 112
153 884 183 884
546 323 578 323
385 625 417 625
871 460 903 460
930 580 958 580
374 73 384 75
647 605 679 605
648 873 680 873
795 476 827 476
88 9 90 19
973 534 999 534
556 157 588 157
700 368 732 368
82 770 84 780
74 830 84 832
737 777 767 777
91 28 123 28
97 938 129 938
617 749 627 751
71 872 81 874
452 839 462 841
603 263 635 263
67 506 69 516
78 738 80 748
597 99 629 99
817 744 849 744
43 125 45 135
886 350 918 350
784 96 816 96
880 527 909 527
525 586 557 586
668 432 700 432
4 484 4 516
856 388 888 388
785 684 800 685
823 387 855 387
232 7 264 7
283 975 315 975
170 892 180 894
137 916 147 918
602 888 612 890
22 589 32 591
103 61 113 63
506 44 538 44
33 561 43 563
371 104 403 104
378 861 410 861
425 932 435 934
76 406 86 408
38 677 40 687
868 512 900 512
117 514 149 514
383 810 393 812
803 756 835 756
191 216 201 218
297 891 307 893
464 212 495 212
49 329 51 339
135 353 145 355
373 142 405 142
879 158 910 158
339 383 348 385
140 226 172 226
364 183 374 185
801 501 833 501
376 391 386 393
862 763 894 763
350 377 360 379
274 78 306 78
990 938 997 941
20 649 20 681
998 32 999 44
137 425 139 435
592 460 607 461
634 627 666 627
829 386 861 386
167 860 199 860
360 679 392 679
818 609 850 609
431 551 463 551
328 222 338 224
488 200 520 200
297 846 307 848
494 928 526 928
500 866 510 868
766 910 798 910
852 484 884 484
306 100 316 102
35 759 45 761
70 789 80 791
622 977 654 977
880 711 890 713
325 294 335 296
111 259 121 261
526 68 558 68
810 238 820 240
551 836 583 836
208 4 218 6
589 344 621 344
737 756 769 756
384 506 394 508
337 34 369 34
114 560 146 560
193 160 225 160
28 136 38 138
676 354 708 354
259 192 291 192
867 295 899 295
415 162 447 162
820 36 852 36
809 936 837 936
72 656 82 658
633 395 643 397
194 929 204 931
130 551 162 551
614 898 646 898
350 557 382 557
523 157 555 157
159 125 191 125
525 105 557 105
394 807 404 809
280 539 290 541
991 548 998 551
308 73 340 73
227 954 237 956
285 225 317 225
78 611 80 621
321 232 353 232
480 269 512 269
948 854 958 856
255 596 265 598
156 786 156 818
705 494 737 494
604 565 636 565
960 633 992 633
867 523 899 523
212 22 222 24
835 183 867 183
550 559 582 559
602 921 634 921
984 980 994 982
216 513 248 513
498 550 530 550
770 282 780 284
290 61 300 63
569 431 601 431
938 803 948 805
193 653 225 653
405 456 415 458
405 378 415 380
405 615 437 615
457 807 467 809
706 164 738 164
39 163 49 165
802 894 834 894
98 663 100 673
913 938 923 940
732 613 742 615
157 0 159 10
303 332 335 332
713 780 745 780
526 530 558 530
910 126 942 126
278 795 280 805
404 671 436 671
896 731 928 731
137 269 140 275
8 69 8 101
903 868 935 868
123 566 155 566
127 653 137 655
391 654 423 654
624 238 656 238
547 256 579 256
670 927 702 927
183 735 215 735
312 399 343 399
80 340 82 350
209 827 219 829
707 634 739 634
597 154 629 154
972 496 987 497
928 828 960 828
232 713 264 713
375 535 407 535
96 193 128 193
45 225 47 235
880 313 912 313
758 469 768 471
777 298 809 298
540 604 572 604
95 573 127 573
43 49 43 81
24 957 26 967
242 518 252 520
530 364 562 364
222 135 232 137
614 89 624 91
691 533 723 533
541 596 573 596
853 631 885 631
963 483 984 483
584 534 616 534
46 0 48 10
914 418 924 419
773 803 783 805
365 86 375 88
366 306 394 306
803 44 835 44
111 111 121 113
225 690 257 690
979 847 994 848
653 159 685 159
513 79 526 80
203 925 213 927
936 227 968 227
90 925 100 927
449 27 481 27
294 792 304 794
979 59 994 60
863 911 895 911
943 257 975 257
546 421 561 422
410 984 442 984
649 520 659 522
177 18 209 18
452 743 484 743
363 525 395 525
179 834 211 834
269 817 301 817
822 832 854 832
293 698 325 698
575 342 607 342
457 249 489 249
545 122 577 122
867 266 899 266
170 688 180 690
12 727 14 737
99 586 101 596
822 987 854 987
24 565 54 565
99 49 101 59
315 954 325 956
801 913 833 913
89 969 121 969
686 107 718 107
23 985 33 987
795 99 827 99
636 822 668 822
311 31 343 31
456 176 488 176
962 704 992 704
319 11 350 11
630 724 640 726
325 167 335 169
970 679 980 681
671 188 703 188
169 459 201 459
198 897 230 897
629 775 661 775
307 546 317 548
851 159 883 159
416 831 448 831
8 225 8 257
231 310 241 312
56 493 58 503
129 524 160 524
405 792 415 794
635 135 667 135
263 739 295 739
577 994 609 994
198 679 208 681
833 527 843 529
964 666 996 666
611 71 620 73
578 118 610 118
154 569 164 571
6 274 6 306
694 935 726 935
582 3 592 5
553 22 563 24
468 120 500 120
780 225 812 225
815 651 847 651
497 336 529 336
575 984 607 984
616 938 626 940
643 983 675 983
244 33 254 35
383 806 415 806
136 455 146 457
722 21 754 21
11 708 11 740
901 793 933 793
261 636 263 646
39 143 41 153
375 492 385 494
177 880 209 880
310 354 342 354
376 188 408 188
711 41 743 41
419 936 451 936
229 222 239 224
608 635 640 635
946 285 978 285
468 873 492 873
778 517 810 517
800 529 810 531
490 6 522 6
125 231 157 231
900 966 932 966
906 406 938 406
981 679 991 681
572 846 582 848
864 849 896 849
398 365 422 365
814 59 846 59
202 464 234 464
248 659 280 659
46 224 78 224
612 41 644 41
140 425 172 425
275 894 307 894
228 538 258 538
777 296 807 296
651 394 683 394
688 947 720 947
965 74 997 74
269 792 271 802
716 577 748 577
288 858 320 858
706 691 738 691
792 810 824 810
23 493 25 503
230 493 232 503
202 436 212 438
306 383 316 385
492 124 524 124
481 287 513 287
266 913 298 913
208 411 218 413
194 970 204 972
857 733 889 733
856 251 888 251
565 208 597 208
187 405 219 405
371 291 381 293
112 908 122 910
654 614 686 614
781 308 796 309
484 777 494 779
131 786 133 796
359 834 361 844
330 261 362 261
982 752 991 754
75 597 107 597
630 77 640 79
599 515 631 515
760 708 770 710
857 593 889 593
954 809 986 809
973 986 997 986
212 589 222 591
768 300 783 301
774 746 806 746
262 166 294 166
16 121 18 131
78 650 88 652
760 555 792 555
350 69 382 69
129 693 161 693
188 703 220 703
102 269 104 279
978 436 988 438
284 834 286 844
951 472 961 474
458 96 468 98
763 243 795 243
722 646 754 646
428 938 438 940
897 23 907 25
286 118 296 120
452 843 482 843
783 857 793 859
315 450 347 450
463 649 473 651
794 263 804 265
210 687 242 687
225 773 240 774
214 469 246 469
647 327 657 329
570 126 580 128
427 68 459 68
104 346 114 348
225 628 257 628
591 42 623 42
41 694 51 696
877 977 909 977
497 362 529 362
802 130 834 130
16 719 26 721
970 72 999 72
619 978 651 978
848 858 873 858
924 332 956 332
935 49 967 49
74 340 76 350
739 190 771 190
512 784 544 784
765 614 775 616
482 72 489 75
261 603 293 603
879 309 911 309
115 716 125 718
713 242 745 242
414 453 424 455
481 659 488 662
783 86 793 88
532 737 564 737
741 697 773 697
611 809 643 809
437 49 447 51
500 202 532 202
364 17 374 19
593 45 625 45
409 188 439 188
86 97 96 99
844 276 876 276
905 446 937 446
12 373 14 383
327 870 329 880
899 506 909 508
411 61 421 63
895 208 927 208
365 596 375 598
237 403 269 403
734 543 766 543
872 473 882 475
521 473 531 475
642 697 674 697
218 863 228 865
360 480 392 480
805 887 815 889
939 477 962 477
618 826 650 826
845 65 877 65
952 245 983 245
976 516 989 517
771 486 781 488
593 3 603 5
29 759 31 769
845 991 877 991
598 496 608 498
461 210 493 210
986 968 993 971
762 658 794 658
745 201 755 203
368 467 400 467
876 41 886 43
682 404 692 406
361 865 393 865
103 203 135 203
766 186 798 186
738 279 770 279
382 565 406 565
915 564 925 566
620 496 630 498
675 966 705 966
443 759 453 761
73 471 105 471
706 463 738 463
466 509 498 509
596 373 606 375
775 950 807 950
755 800 765 802
801 895 833 895
434 172 444 174
732 862 742 864
800 129 832 129
357 540 367 542
235 64 245 66
592 163 624 163
850 77 860 79
100 963 132 963
91 770 123 770
800 876 832 876
315 870 317 880
350 72 382 72
810 43 842 43
459 766 469 768
641 635 673 635
812 753 822 755
360 106 375 107
466 790 498 790
646 888 656 890
101 283 133 283
656 929 666 931
456 539 466 541
89 634 99 636
507 487 517 489
720 351 752 351
732 294 764 294
505 77 537 77
628 555 660 555
424 977 456 977
801 411 833 411
945 482 977 482
461 150 493 150
488 215 520 215
905 697 937 697
858 930 890 930
166 0 168 10
335 731 367 731
552 401 584 401
192 49 194 59
145 388 155 390
97 329 99 339
194 482 204 484
645 322 677 322
330 791 362 791
229 383 239 385
47 428 49 438
17 836 17 868
211 1 221 3
850 473 860 475
613 372 645 372
414 735 446 735
461 506 471 508
459 763 469 765
914 433 946 433
347 758 349 768
502 666 534 666
805 460 837 460
375 258 385 260
685 77 695 79
112 574 114 584
735 590 767 590
111 299 143 299
222 574 232 576
605 552 637 552
408 10 440 10
541 510 573 510
162 267 165 274
249 361 281 361
198 46 230 46
503 135 535 135
384 798 394 800
671 742 703 742
387 870 389 880
461 149 493 149
460 377 470 379
885 108 917 108
296 511 328 511
728 817 760 817
68 97 70 107
41 663 51 665
430 964 462 964
296 914 306 916
5 340 5 372
887 321 897 323
447 973 479 973
139 601 171 601
321 618 331 620
121 324 123 334
555 614 587 614
370 34 402 34
185 143 195 145
462 53 470 55
359 941 369 943
697 791 728 791
429 880 461 880
557 575 589 575
167 838 177 840
374 850 406 850
177 294 181 299
654 326 686 326
438 869 448 871
808 489 840 489
366 775 381 776
20 274 20 306
820 395 830 397
29 332 39 334
189 373 199 375
186 741 218 741
563 361 591 361
3 192 3 224
944 605 976 605
813 592 845 592
430 495 462 495
97 436 99 446
764 769 796 769
69 162 101 162
741 502 773 502
502 491 534 491
48 786 58 788
707 216 739 216
976 959 986 961
988 218 998 220
197 592 207 594
304 346 314 348
45 965 55 967
489 172 521 172
33 586 65 586
674 667 706 667
687 410 719 410
953 368 963 370
611 807 643 807
918 283 950 283
493 12 525 12
22 307 24 317
290 113 322 113
837 923 869 923
70 202 80 204
855 541 887 541
739 691 771 691
970 611 998 611
113 843 115 853
407 548 439 548
556 350 588 350
26 880 26 912
1 296 1 328
574 510 606 510
172 802 182 804
201 257 233 257
60 797 60 829
899 876 923 876
379 285 411 285
790 145 822 145
889 148 921 148
267 672 299 672
56 261 66 263
332 391 342 393
399 658 431 658
338 921 370 921
485 363 517 363
874 614 906 614
958 362 990 362
736 22 746 24
675 448 707 448
295 98 305 100
803 49 835 49
60 351 70 353
824 407 834 409
861 771 871 773
557 369 589 369
738 274 770 274
372 719 387 720
287 534 297 536
506 795 516 797
705 924 715 926
752 685 784 685
459 134 469 136
438 126 448 128
190 28 222 28
589 715 621 715
227 977 259 977
877 797 909 797
3 273 35 273
454 156 486 156
659 305 691 305
798 647 808 649
16 0 18 10
894 668 926 668
12 393 44 393
639 580 649 582
951 532 978 532
347 71 379 71
908 789 940 789
301 196 333 196
0 572 0 604
806 376 816 378
45 264 77 264
85 307 87 317
260 803 262 813
377 124 409 124
858 781 890 781
123 736 138 737
605 44 637 44
628 178 638 180
656 869 688 869
276 258 286 260
429 307 439 309
783 280 815 280
786 80 796 82
59 503 91 503
111 965 121 967
838 851 848 853
295 65 326 65
963 306 995 306
723 680 755 680
83 755 93 757
653 628 685 628
348 704 379 704
872 821 887 822
165 444 175 446
240 380 250 382
596 951 628 951
210 530 220 532
665 557 675 559
480 973 512 973
232 877 242 879
574 373 584 375
495 332 527 332
650 577 682 577
900 968 910 970
535 985 567 985
179 31 211 31
329 210 357 210
854 21 886 21
932 738 964 738
153 509 163 511
110 664 120 666
649 568 659 570
868 183 894 183
823 334 855 334
502 186 534 186
71 365 81 367
831 30 863 30
991 625 998 628
697 514 729 514
328 603 360 603
794 817 826 817
844 958 854 960
517 600 549 600
937 907 969 907
471 193 503 193
741 301 756 302
132 76 164 76
49 716 59 718
930 357 940 359
21 425 31 427
667 800 677 802
711 27 743 27
102 773 112 775
368 758 370 768
271 938 273 948
454 22 464 24
565 499 575 501
495 100 527 100
228 267 260 267
770 927 780 929
638 75 667 75
138 41 170 41
770 866 802 866
952 248 984 248
777 101 809 101
330 290 362 290
404 268 436 268
959 675 991 675
952 64 984 64
532 61 542 63
766 370 776 372
849 633 881 633
132 119 164 119
510 916 542 916
572 466 604 466
507 749 517 751
889 387 921 387
756 504 788 504
722 495 754 495
287 965 297 967
23 749 33 751
210 708 220 710
826 749 836 751
464 776 496 776
803 537 835 537
162 747 194 747
154 310 164 312
388 770 398 772
620 694 652 694
757 490 789 490
409 92 441 92
956 893 984 893
787 335 819 335
802 111 834 111
704 742 736 742
609 496 619 498
440 537 472 537
827 776 859 776
702 716 712 718
431 418 441 420
68 176 68 208
86 354 88 364
890 210 922 210
464 194 479 195
408 279 440 279
384 995 394 997
751 825 783 825
221 271 231 273
711 389 743 389
931 370 941 372
751 400 783 400
920 41 930 43
296 795 298 805
532 824 558 824
191 455 201 457
885 980 895 982
187 232 219 232
958 2 990 2
745 425 755 427
161 96 163 106
558 787 573 788
786 121 812 121
415 288 447 288
673 618 705 618
35 222 45 224
100 631 110 633
930 921 962 921
312 738 344 738
662 640 689 640
73 185 75 195
399 724 409 726
766 666 798 666
200 86 210 88
413 568 445 568
232 791 264 791
287 433 319 433
753 659 763 661
160 171 192 171
514 46 524 48
204 300 236 300
639 13 671 13
867 221 877 223
116 752 126 754
348 321 358 323
866 98 889 98
724 877 756 877
211 303 243 303
933 218 943 220
962 604 987 604
88 313 98 315
69 235 101 235
226 193 258 193
297 46 329 46
820 270 852 270
745 383 755 385
871 264 903 264
677 116 687 118
310 852 320 854
409 574 441 574
772 798 804 798
50 36 60 38
206 745 238 745
300 779 332 779
208 592 218 594
474 279 506 279
697 485 729 485
793 555 825 555
122 637 154 637
740 656 772 656
672 499 697 499
691 89 701 91
142 642 152 644
757 971 789 971
463 734 495 734
287 969 319 969
9 675 9 707
741 819 773 819
660 92 670 94
288 373 298 375
659 593 691 593
401 866 411 868
214 925 224 927
90 135 100 137
939 589 971 589
885 504 900 505
375 989 407 989
330 559 340 561
858 927 868 929
820 870 852 870
155 708 165 710
349 108 359 110
301 609 311 611
678 194 710 194
511 141 543 141
285 595 317 595
817 300 849 300
619 480 651 480
827 585 859 585
690 638 700 640
56 111 66 113
884 61 916 61
977 34 987 36
869 548 901 548
204 830 214 832
410 26 442 26
150 450 182 450
754 357 764 359
364 492 374 494
945 871 977 871
278 984 310 984
603 223 635 223
12 387 22 389
806 473 816 475
836 68 868 68
112 946 144 946
597 151 629 151
613 287 645 287
903 923 935 923
756 897 788 897
24 564 54 564
650 420 660 422
233 857 243 859
390 539 400 541
91 574 93 584
452 700 484 700
28 770 38 772
684 826 716 826
408 184 440 184
424 757 456 757
419 920 451 920
502 34 534 34
679 234 689 236
653 740 685 740
324 688 334 690
7 11 9 21
416 48 448 48
623 212 655 212
484 559 494 561
194 808 196 818
406 142 438 142
144 49 146 59
551 577 583 577
637 773 652 774
36 796 68 796
962 80 972 82
357 904 367 906
314 71 346 71
679 641 689 643
253 888 263 890
726 711 736 713
97 937 129 937
939 406 971 406
183 941 193 943
760 550 792 550
130 928 132 938
401 0 411 2
195 748 227 748
918 108 950 108
85 517 95 519
959 856 988 856
925 627 957 627
261 481 293 481
1 704 1 736
268 584 300 584
615 995 625 997
186 595 218 595
249 513 259 515
280 949 312 949
426 430 458 430
522 370 554 370
666 491 698 491
715 66 747 66
460 76 492 76
176 805 178 815
348 96 358 98
879 178 911 178
410 55 420 57
255 859 287 859
46 764 56 766
679 201 689 203
118 762 128 764
195 243 210 244
856 131 888 131
240 479 272 479
791 591 823 591
448 84 480 84
922 181 954 181
661 683 693 683
796 485 828 485
956 930 987 930
502 35 534 35
734 953 766 953
787 579 819 579
492 901 524 901
828 515 860 515
317 758 319 768
744 602 776 602
461 412 471 414
299 86 309 88
19 147 19 179
489 659 499 661
113 356 145 356
771 333 803 333
200 388 210 390
591 109 623 109
297 756 329 756
693 799 722 799
530 110 562 110
489 903 499 905
180 861 212 861
527 191 559 191
811 256 843 256
650 700 682 700
187 307 197 309
521 915 553 915
319 416 351 416
339 552 371 552
804 923 836 923
423 606 455 606
199 545 231 545
412 688 422 690
201 241 233 241
560 966 575 967
5 113 15 115
407 559 417 561
947 419 957 421
558 586 590 586
433 342 465 342
398 361 430 361
526 616 558 616
253 891 263 893
873 526 905 526
973 28 987 29
261 480 293 480
858 614 873 615
272 110 304 110
454 759 464 761
744 322 776 322
144 965 154 967
142 406 152 408
124 239 134 241
301 61 311 63
7 362 9 372
899 135 931 135
79 461 81 470
411 609 421 611
613 888 645 888
761 998 793 998
867 948 899 948
833 53 862 53
48 715 80 715
188 877 198 879
99 46 131 46
1 800 33 800
685 959 717 959
575 667 607 667
387 699 419 699
641 823 673 823
604 590 636 590
328 129 343 130
397 784 429 784
809 945 840 945
161 817 193 817
353 183 363 185
62 528 72 530
324 628 356 628
71 340 73 350
462 115 494 115
314 758 316 768
69 22 79 24
91 771 101 773
438 911 470 911
824 410 856 410
837 204 847 206
89 280 99 282
173 227 205 227
648 871 680 871
476 197 486 199
86 425 88 435
522 688 532 690
540 493 572 493
524 102 556 102
62 954 94 954
292 192 324 192
312 436 322 438
795 658 827 658
595 567 627 567
947 168 979 168
503 629 535 629
382 383 392 385
704 537 736 537
826 567 858 567
422 650 429 653
513 45 545 45
940 748 972 748
451 317 483 317
99 996 131 996
146 759 148 769
44 594 44 626
141 876 173 876
124 340 126 350
497 860 529 860
118 213 150 213
932 383 942 385
162 530 165 537
237 163 269 163
304 220 333 220
530 576 562 576
626 198 636 200
977 145 985 147
127 656 137 658
813 198 823 200
79 575 81 585
645 550 677 550
295 938 297 948
302 172 312 174
102 980 134 980
614 365 646 365
326 945 358 945
21 738 23 748
816 633 848 633
592 456 602 458
881 486 891 488
222 857 232 859
880 529 890 531
437 921 469 921
570 456 580 458
436 910 468 910
99 569 109 571
611 784 643 784
431 362 463 362
280 928 312 928
346 367 378 367
261 231 293 231
430 7 462 7
87 528 89 538
421 65 448 65
716 434 748 434
275 895 307 895
539 999 571 999
781 285 813 285
632 830 664 830
683 433 715 433
661 345 671 347
270 737 302 737
934 792 966 792
163 11 165 21
739 907 771 907
432 532 464 532
825 682 857 682
705 624 737 624
5 274 5 306
935 692 967 692
336 117 346 119
967 254 999 254
142 415 174 415
193 421 225 421
157 254 167 256
27 716 37 718
204 138 214 140
929 924 939 926
306 460 316 462
692 893 724 893
439 592 471 592
435 331 467 331
317 129 327 131
721 195 753 195
323 113 355 113
860 265 892 265
453 232 485 232
82 368 91 370
12 724 22 726
630 151 662 151
536 676 568 676
296 510 328 510
754 64 786 64
105 758 137 758
785 694 817 694
107 517 117 519
303 319 335 319
331 452 363 452
823 197 855 197
946 890 956 892
545 294 555 296
860 520 892 520
530 622 562 622
394 325 426 325
366 727 398 727
923 931 955 931
84 956 94 958
563 972 595 972
179 230 210 230
969 868 984 869
216 41 248 41
495 536 527 536
424 281 456 281
780 595 812 595
400 476 432 476
257 650 267 652
935 188 967 188
230 211 262 211
2 451 4 461
279 104 311 104
452 844 484 844
50 398 60 400
764 814 774 816
731 980 741 982
71 354 73 364
490 167 500 169
611 847 643 847
716 549 748 549
578 395 588 397
664 701 696 701
652 400 684 400
730 170 762 170
35 176 45 178
805 851 815 853
624 109 656 109
419 732 429 734
647 969 657 971
259 172 268 174
605 43 637 43
513 954 523 956
569 38 600 38
417 938 427 940
539 723 571 723
553 65 585 65
337 697 362 697
106 905 108 915
489 909 521 909
412 0 422 2
893 675 925 675
24 248 34 250
928 386 960 386
158 376 190 376
989 97 999 99
483 486 515 486
301 218 333 218
519 806 551 806
325 40 357 40
786 629 818 629
237 165 263 165
137 466 147 468
793 92 825 92
56 97 58 107
609 448 641 448
533 865 543 867
724 846 756 846
696 99 728 99
239 482 241 492
34 542 44 544
161 346 171 348
58 462 60 472
554 174 586 174
790 441 822 441
310 373 320 375
121 340 123 350
606 275 638 275
566 903 576 905
78 708 88 710
447 41 479 41
72 597 74 607
568 186 600 186
923 845 955 845
882 394 913 394
429 891 437 893
911 833 921 835
176 234 208 234
369 167 379 169
258 628 290 628
221 258 231 260
451 631 483 631
923 417 955 417
299 596 331 596
202 476 212 478
6 395 16 397
324 786 334 788
649 792 659 794
701 763 711 765
575 473 585 475
297 283 299 293
464 622 496 622
521 444 528 447
949 301 981 301
489 542 521 542
654 730 686 730
974 798 987 799
959 765 973 766
56 191 58 201
674 77 684 79
563 336 595 336
162 243 194 243
830 911 862 911
864 402 896 402
177 530 187 532
328 380 338 382
978 295 993 296
808 310 840 310
333 49 343 51
428 158 449 158
706 596 738 596
191 376 223 376
249 135 281 135
876 881 891 882
367 79 399 79
518 348 528 350
305 428 315 430
919 870 951 870
334 701 366 701
266 485 268 495
150 321 160 323
892 420 924 420
803 548 835 548
965 353 975 355
481 763 491 765
855 506 865 508
498 772 530 772
693 404 703 406
69 597 71 607
906 496 938 496
811 531 843 531
855 643 887 643
145 905 147 915
432 84 447 85
264 525 296 525
743 945 775 945
833 782 865 782
383 979 415 979
335 866 345 868
299 242 309 244
127 484 137 486
584 711 594 713
861 740 893 740
870 583 902 583
90 611 92 621
721 582 753 582
667 687 699 687
583 792 593 794
630 875 662 875
635 729 667 729
897 538 929 538
253 521 263 523
236 909 257 909
209 706 241 706
715 285 747 285
839 632 871 632
720 80 727 82
868 249 900 249
323 464 333 466
0 506 0 538
583 273 615 273
301 436 311 438
67 863 67 895
576 502 608 502
675 440 685 442
897 659 929 659
441 708 451 710
499 32 531 32
267 880 299 880
210 965 220 967
12 716 15 723
761 912 793 912
724 808 756 808
38 99 40 109
443 724 453 726
412 285 444 285
405 608 437 608
945 967 974 967
646 879 678 879
302 817 334 817
640 691 672 691
145 936 147 946
76 461 78 470
938 632 970 632
160 654 192 654
341 444 351 446
266 574 276 576
656 100 671 101
496 710 506 712
272 685 304 685
226 167 236 169
377 767 409 767
617 489 649 489
743 122 775 122
355 656 365 658
53 428 55 438
779 990 811 990
974 73 999 73
416 223 448 223
804 624 836 624
160 248 170 250
787 870 819 870
750 827 782 827
663 874 694 874
222 25 254 25
844 722 876 722
428 314 460 314
871 177 903 177
530 367 562 367
267 162 299 162
768 948 800 948
226 297 236 299
591 679 623 679
582 158 614 158
503 38 535 38
514 228 546 228
186 507 196 509
311 770 321 772
369 752 384 753
18 869 18 901
503 226 535 226
928 598 960 598
581 979 613 979
876 453 887 454
276 276 286 278
803 31 813 33
876 72 908 72
307 356 339 356
584 278 616 278
114 559 146 559
435 702 445 704
200 851 210 853
628 2 660 2
222 911 232 913
288 596 298 598
705 178 715 180
162 730 194 730
275 444 285 446
903 275 935 275
527 592 537 594
80 906 82 916
958 708 968 710
185 148 217 148
357 0 367 2
705 258 715 260
191 200 201 202
447 388 457 390
124 797 126 807
110 622 120 624
817 96 849 96
140 840 142 850
419 935 451 935
480 41 512 41
5 583 5 615
971 613 998 613
394 166 426 166
958 171 965 174
236 172 246 174
929 123 961 123
292 245 302 247
831 232 863 232
832 419 864 419
779 288 811 288
768 218 778 220
371 431 403 431
288 394 320 394
232 871 242 873
892 179 924 179
850 657 882 657
689 212 721 212
671 552 703 552
340 483 372 483
73 534 83 536
794 154 826 154
781 307 813 307
744 101 776 101
153 595 185 595
255 25 287 25
971 11 981 12
110 310 120 312
869 403 879 405
221 264 253 264
82 213 84 223
865 348 897 348
560 893 592 893
536 671 568 671
122 258 132 260
963 669 990 669
279 273 311 273
747 563 779 563
168 228 200 228
221 708 231 710
284 203 316 203
95 970 127 970
164 864 195 864
184 887 194 889
221 319 253 319
886 152 918 152
843 372 875 372
319 115 329 117
820 857 852 857
451 941 461 942
687 323 697 325
585 858 595 860
632 659 642 661
325 722 357 722
394 530 426 530
14 642 14 674
489 282 499 284
144 989 176 989
241 447 251 449
285 585 317 585
589 165 621 165
166 708 176 710
353 490 385 490
603 911 635 911
164 592 174 594
359 93 369 95
858 166 890 166
376 106 408 106
220 73 230 75
145 742 177 742
723 679 755 679
294 517 326 517
845 833 855 835
779 536 811 536
647 147 679 147
541 175 551 177
121 118 131 120
306 129 316 131
726 48 758 48
238 471 270 471
934 469 944 471
829 514 861 514
714 592 746 592
870 749 880 751
376 92 408 92
815 434 847 434
251 554 261 556
865 22 889 22
371 428 381 430
856 877 888 877
617 863 649 863
477 819 487 821
576 448 608 448
186 585 218 585
640 387 672 387
991 224 996 228
81 64 91 66
527 189 559 189
850 128 882 128
808 905 840 905
299 618 309 620
76 415 108 415
239 108 249 110
765 393 797 393
399 49 409 51
908 24 940 24
834 464 866 464
339 825 371 825
930 423 954 423
652 719 684 719
824 996 856 996
405 811 420 812
96 243 128 243
791 189 823 189
548 803 558 805
716 839 748 839
796 701 828 701
901 1 933 1
939 526 971 526
914 244 946 244
882 401 914 401
977 218 987 220
527 5 559 5
332 89 342 91
176 73 208 73
887 764 919 764
528 569 560 569
690 123 722 123
621 286 653 286
819 924 829 926
909 321 919 323
859 732 891 732
564 197 574 199
705 535 737 535
182 805 184 815
837 228 869 228
927 193 959 193
70 61 80 63
591 636 601 638
603 8 613 10
620 47 652 47
729 761 761 761
55 52 65 54
603 304 635 304
361 255 393 255
383 380 393 382
158 476 168 478
49 368 59 370
95 674 97 684
28 902 28 934
23 902 23 934
181 895 191 897
772 735 804 735
113 254 145 254
309 711 319 713
155 703 187 703
457 294 467 296
266 527 298 527
490 620 518 620
681 620 713 620
389 439 421 439
536 747 568 747
206 792 208 802
125 556 135 558
624 508 656 508
655 335 662 338
867 411 896 411
965 507 975 509
107 727 139 727
473 459 505 459
121 404 153 404
667 929 677 931
263 210 295 210
546 932 556 934
950 544 971 544
402 119 434 119
344 770 354 772
436 453 446 455
408 715 440 715
280 417 290 419
423 365 455 365
189 84 221 84
363 20 395 20
588 814 598 816
303 163 335 163
279 439 289 441
672 523 704 523
650 708 660 710
880 741 912 741
367 132 399 132
79 952 111 952
928 336 960 336
37 786 47 788
676 820 708 820
691 716 701 718
0 429 2 439
111 854 121 856
834 663 866 663
748 309 780 309
381 870 383 880
247 265 279 265
191 819 201 821
937 934 968 934
866 782 898 782
24 869 26 879
959 679 969 681
371 432 403 432
365 618 375 620
921 545 953 545
495 559 505 561
605 58 615 60
885 572 917 572
442 854 452 856
573 782 602 782
278 424 310 424
798 402 830 402
418 660 428 662
124 773 134 775
687 559 719 559
237 297 247 299
484 313 516 313
695 900 727 900
674 631 684 633
901 596 933 596
766 687 798 687
533 661 565 661
559 716 569 718
563 883 595 883
827 83 837 85
614 969 624 971
721 357 731 359
984 57 999 58
361 324 371 326
768 329 800 329
913 865 945 865
132 996 164 996
868 111 900 111
576 496 586 498
672 711 681 713
174 384 184 386
235 213 245 215
136 473 146 475
334 439 344 441
481 227 513 227
591 212 622 212
194 562 226 562
505 827 537 827
114 61 124 63
129 891 161 891
635 432 667 432
50 493 52 503
543 439 553 441
451 893 481 893
863 606 895 606
989 851 996 853
374 538 406 538
517 892 549 892
826 612 857 612
714 564 746 564
641 280 673 280
594 811 626 811
439 211 471 211
787 73 819 73
802 723 834 723
470 335 502 335
716 486 726 488
904 769 936 769
324 9 356 9
784 155 816 155
340 499 350 501
68 128 78 130
168 589 178 591
299 580 309 582
616 390 648 390
574 86 584 88
471 462 503 462
863 558 873 560
134 89 144 91
934 198 966 198
83 851 85 861
614 143 624 145
228 108 238 110
833 46 865 46
785 159 817 159
508 963 540 963
809 550 841 550
850 882 875 882
7 329 17 331
171 904 171 936
127 245 137 247
841 310 873 310
605 548 637 548
211 918 221 920
428 944 438 946
650 258 660 260
351 225 383 225
361 68 393 68
13 462 13 494
78 983 88 985
87 406 97 408
661 653 693 653
304 929 314 931
977 65 992 66
225 639 227 649
266 912 298 912
141 983 173 983
522 699 554 699
430 153 462 153
772 583 782 585
439 914 471 914
946 531 978 531
880 730 912 730
466 496 476 498
431 913 463 913
771 597 803 597
987 872 999 873
23 542 25 552
632 83 664 83
793 935 820 935
108 269 110 276
595 653 627 653
660 837 692 837
593 995 603 997
273 615 305 615
343 618 353 620
568 453 578 455
224 64 234 66
617 700 649 700
796 170 828 170
495 551 507 552
849 851 859 853
303 331 335 331
703 211 735 211
486 394 518 394
610 831 642 831
866 234 876 236
521 61 531 63
830 286 862 286
182 659 214 659
138 870 140 880
528 522 538 524
495 115 527 115
207 825 239 825
963 356 973 358
598 436 608 438
60 727 62 737
677 70 709 70
496 178 506 180
536 38 568 38
652 480 684 480
457 253 472 254
905 754 937 754
532 386 564 386
590 495 622 495
65 673 67 683
374 141 406 141
823 255 855 255
209 504 241 504
213 439 223 441
403 910 435 910
275 504 307 504
815 178 845 178
149 752 159 754
785 107 817 107
716 751 748 751
714 482 724 484
766 800 776 802
607 917 639 917
876 324 908 324
741 440 756 441
415 586 425 588
881 365 913 365
613 636 623 638
155 827 157 837
509 96 519 98
312 609 322 611
777 468 809 468
953 693 982 693
890 993 922 993
657 383 667 385
74 881 74 913
249 45 281 45
723 504 755 504
363 261 395 261
78 265 110 265
598 312 630 312
846 563 878 563
661 490 693 490
294 809 304 811
724 131 756 131
228 676 260 676
504 193 536 193
704 519 714 521
704 548 736 548
621 815 631 817
887 983 919 983
276 279 308 279
0 993 10 995
961 336 982 336
825 403 835 405
334 474 344 476
461 448 476 449
258 995 290 995
265 568 297 568
698 830 730 830
199 7 231 7
682 309 714 309
199 879 231 879
533 558 565 558
141 126 151 128
772 917 804 917
41 997 51 999
278 870 288 872
255 82 265 84
767 958 777 960
804 449 814 451
740 872 772 872
350 616 382 616
178 135 188 137
791 314 823 314
386 180 396 182
427 533 459 533
396 536 428 536
91 177 93 187
712 878 744 878
558 891 590 891
990 649 995 653
306 964 338 964
389 544 421 544
17 66 17 98
240 275 272 275
885 283 917 283
243 548 273 548
831 865 863 865
752 915 784 915
234 668 266 668
308 537 340 537
49 442 59 444
733 929 743 931
793 567 825 567
475 3 482 6
814 929 846 929
800 921 830 921
159 540 169 542
219 605 221 615
652 481 684 481
935 528 945 530
118 766 128 768
154 11 156 21
845 968 855 970
378 957 410 957
306 605 316 607
897 30 929 30
653 47 684 47
26 699 36 701
31 21 63 21
579 194 611 194
486 87 496 89
274 938 276 948
690 987 722 987
100 545 132 545
78 108 88 110
581 898 613 898
465 759 475 761
139 335 141 345
61 61 63 71
803 271 813 273
817 759 849 759
408 732 418 734
374 684 406 684
100 297 110 299
423 172 433 174
644 625 676 625
33 994 43 996
53 907 55 917
438 608 470 608
827 86 837 88
561 837 593 837
305 834 307 844
834 145 844 147
924 938 934 940
177 324 187 326
495 799 527 799
34 877 34 909
423 505 455 505
335 692 367 692
77 569 87 571
625 298 657 298
163 133 195 133
172 32 204 32
769 723 801 723
809 357 819 359
966 913 998 913
228 231 260 231
733 706 765 706
126 892 136 894
676 867 691 868
987 387 996 389
245 586 255 588
91 780 123 780
658 969 668 971
413 795 415 805
859 567 891 567
168 304 200 304
311 26 343 26
157 786 157 818
45 687 77 687
703 111 735 111
362 592 372 594
359 977 391 977
965 638 975 640
179 776 211 776
858 545 890 545
203 818 235 818
997 381 999 389
744 8 754 10
717 419 749 419
939 646 949 648
839 164 871 164
420 125 452 125
250 108 260 110
483 3 493 5
838 854 848 856
779 145 789 147
28 627 28 659
647 28 679 28
880 890 890 892
86 795 86 827
484 416 516 416
518 278 550 278
500 515 532 515
246 616 278 616
366 869 398 869
321 950 331 952
102 254 112 256
353 264 385 264
992 143 999 146
374 156 406 156
653 546 685 546
756 975 766 977
825 290 854 290
475 684 507 684
251 216 283 216
583 317 615 317
775 138 785 140
597 875 629 875
3 968 5 978
798 954 808 956
127 659 137 661
927 338 959 338
515 126 525 128
171 528 203 528
581 28 613 28
665 814 675 816
324 370 356 370
113 828 115 838
7 0 9 10
912 86 922 88
420 232 452 232
221 803 223 813
459 924 484 924
558 636 568 638
271 423 303 423
584 986 616 986
527 415 559 415
638 552 670 552
945 491 977 491
721 337 753 337
229 985 261 985
187 404 219 404
981 61 996 62
363 660 373 662
915 373 925 375
188 987 220 987
178 841 188 843
993 313 998 317
392 902 424 902
823 218 833 220
447 453 457 455
488 214 520 214
158 66 168 68
403 349 418 350
897 863 929 863
496 7 522 7
410 49 420 51
55 74 58 81
554 628 586 628
10 307 12 317
745 287 777 287
486 81 518 81
502 687 534 687
613 256 645 256
457 270 489 270
652 842 684 842
761 951 793 951
187 301 219 301
789 680 821 680
489 968 521 968
121 48 153 48
346 990 356 992
350 161 382 161
381 929 391 931
747 871 779 871
897 411 929 411
755 646 787 646
953 983 980 983
546 453 556 455
544 745 576 745
938 634 970 634
578 262 610 262
674 1 702 1
464 640 496 640
96 365 103 367
831 231 863 231
296 546 306 548
881 918 913 918
115 947 125 949
956 838 988 838
390 903 400 905
288 950 298 952
250 975 282 975
763 896 795 896
365 420 397 420
173 226 205 226
625 163 657 163
417 471 449 471
782 651 814 651
24 236 26 246
683 363 715 363
43 85 53 87
709 561 741 561
410 845 442 845
663 403 670 406
46 254 78 254
810 248 842 248
236 417 246 419
813 112 845 112
441 535 473 535
852 572 884 572
698 499 730 499
786 484 818 484
469 389 479 391
631 496 641 498
695 629 708 630
178 388 188 390
654 904 664 906
852 573 884 573
930 581 962 581
432 550 464 550
404 629 436 629
489 830 521 830
255 283 265 285
740 77 750 79
936 583 968 583
244 164 276 164
535 300 567 300
642 301 674 301
507 782 539 782
777 554 809 554
362 805 394 805
519 125 551 125
870 13 902 13
957 315 989 315
869 521 901 521
189 621 199 623
236 834 238 844
364 452 392 452
82 131 92 133
477 822 487 824
2 693 2 725
561 798 593 798
798 423 830 423
1 242 1 273
436 321 446 323
693 862 703 864
232 333 264 333
441 348 451 350
237 737 269 737
39 662 71 662
902 57 934 57
295 380 305 382
247 990 257 992
245 482 247 492
276 781 286 783
125 436 135 438
183 944 193 946
133 340 135 350
580 84 612 84
216 735 248 735
128 786 130 796
607 618 639 618
658 380 668 382
267 257 299 257
453 574 463 576
713 693 745 693
425 369 457 369
300 162 332 162
20 258 22 268
955 197 987 197
766 123 798 123
988 420 999 421
556 159 586 159
408 577 417 579
79 942 89 944
810 8 820 10
554 20 586 20
565 301 575 303
490 73 516 73
377 235 409 235
587 339 619 339
265 274 296 274
208 512 240 512
582 280 592 282
564 151 596 151
42 594 42 626
381 450 408 450
160 158 170 160
700 186 732 186
625 603 657 603
522 903 532 905
35 378 45 380
208 506 218 508
239 435 271 435
7 132 9 142
11 869 11 901
755 787 787 787
453 806 485 806
350 949 382 949
451 600 483 600
435 318 445 320
660 261 692 261
535 186 567 186
718 704 728 706
111 377 113 387
233 373 243 375
801 340 833 340
505 953 537 953
245 356 277 356
756 527 766 529
16 424 48 424
454 155 486 155
90 568 122 568
500 688 510 690
511 965 543 965
195 639 197 649
456 829 486 829
149 248 159 250
2 66 2 98
1 473 1 505
508 303 540 303
529 653 561 653
100 708 110 710
438 220 448 222
234 235 244 237
248 245 258 247
412 967 422 969
948 286 978 286
228 748 260 748
681 873 713 873
661 936 693 936
314 297 324 299
114 172 116 182
718 70 742 70
694 391 726 391
907 858 939 858
226 344 258 344
713 303 745 303
342 714 374 714
479 789 511 789
307 193 339 193
240 152 272 152
872 813 904 813
573 345 583 347
831 483 863 483
391 344 423 344
640 618 672 618
989 410 999 412
289 254 299 256
770 711 780 713
103 872 103 904
845 664 877 664
735 52 767 52
81 36 91 38
146 254 156 256
692 482 702 484
534 648 566 648
765 954 775 956
13 158 15 168
407 999 439 999
543 61 575 61
712 644 741 644
551 357 583 357
233 851 243 853
154 444 164 446
522 865 532 867
47 553 57 555
800 46 832 46
478 746 510 746
522 968 554 968
478 138 488 140
835 249 867 249
729 803 739 805
102 589 112 591
434 467 466 467
188 737 220 737
781 652 813 652
419 986 451 986
846 595 878 595
863 607 895 607
621 730 653 730
719 684 751 684
164 646 174 648
269 990 279 992
507 708 517 710
469 932 479 934
970 263 984 264
745 766 777 766
208 340 240 340
668 921 700 921
902 403 912 405
199 872 231 872
219 506 229 508
862 447 894 447
477 112 509 112
38 202 40 212
653 46 684 46
743 647 753 649
639 523 671 523
366 22 376 24
881 433 913 433
960 338 984 338
434 691 466 691
346 265 378 265
525 888 535 890
321 699 353 699
336 870 338 880
825 525 857 525
765 398 797 398
330 892 340 894
335 937 366 937
655 247 665 249
771 923 803 923
580 291 590 293
517 271 549 271
702 762 734 762
228 605 230 615
298 452 330 452
62 473 64 483
111 985 121 987
189 89 199 91
561 58 571 60
538 969 570 969
927 985 959 985
227 482 229 492
111 548 143 548
356 442 388 442
159 688 169 690
88 327 90 337
64 61 66 71
383 607 415 607
220 184 242 184
501 16 533 16
372 617 402 617
134 527 166 527
594 673 626 673
407 567 429 567
17 401 27 403
60 863 60 895
483 663 515 663
528 919 560 919
363 165 395 165
91 25 101 27
8 653 8 685
346 0 356 2
380 70 412 70
241 592 251 594
514 618 546 618
887 21 919 21
321 576 353 576
205 610 215 612
698 323 708 325
727 214 759 214
177 277 187 279
495 798 527 798
559 216 569 218
629 972 661 972
869 522 901 522
87 49 89 59
560 3 570 5
862 513 894 513
212 96 222 98
288 82 298 84
480 101 490 103
56 968 66 970
701 543 733 543
477 61 509 61
439 791 471 791
732 650 764 650
556 395 566 397
491 229 523 229
721 40 753 40
868 1 900 1
205 423 237 423
763 253 795 253
125 77 135 79
102 237 112 239
965 289 997 289
970 399 999 399
961 208 993 208
602 781 634 781
923 816 955 816
233 619 243 621
634 800 644 802
646 641 656 643
108 153 140 153
684 136 716 136
365 362 397 362
82 424 114 424
489 173 521 173
285 482 295 484
947 45 977 45
533 990 565 990
94 163 104 165
541 17 573 17
242 463 274 463
685 632 706 632
58 22 68 24
810 27 842 27
643 277 675 277
949 77 959 79
456 830 488 830
622 617 654 617
504 803 514 805
26 696 36 698
577 354 609 354
752 109 784 109
624 460 639 461
200 950 210 952
751 719 783 719
783 50 815 50
604 482 614 484
508 852 518 854
454 238 464 240
316 372 348 372
835 469 845 471
147 786 147 818
666 56 681 57
581 327 591 329
412 748 444 748
401 695 433 695
21 373 23 383
483 507 515 507
417 664 449 664
754 647 764 649
828 806 860 806
622 36 654 36
671 459 703 459
597 473 607 475
650 539 682 539
419 631 450 631
743 69 758 70
941 24 973 24
135 617 167 617
182 122 214 122
44 44 76 44
189 388 199 390
373 798 383 800
389 694 421 694
231 639 233 649
760 567 792 567
484 444 494 446
687 562 719 562
105 9 115 11
904 19 936 19
671 54 703 54
289 873 299 875
62 534 72 536
959 734 984 734
481 881 513 881
455 496 465 498
141 870 151 872
82 544 114 544
303 528 335 528
19 836 19 868
945 563 977 563
833 234 843 236
339 65 360 65
268 206 278 208
631 61 641 63
658 803 668 805
953 971 985 971
655 350 687 350
325 280 357 280
919 894 951 894
192 433 224 433
868 862 900 862
521 628 553 628
454 401 486 401
9 225 9 257
543 579 575 579
281 122 313 122
826 2 858 2
510 439 520 441
221 792 223 802
693 282 703 284
200 212 232 212
169 79 201 79
102 257 134 257
330 683 362 683
812 303 844 303
57 764 67 766
455 37 487 37
567 120 599 120
110 142 142 142
237 395 247 397
415 109 425 111
139 349 171 349
805 83 815 85
56 985 66 987
433 790 465 790
811 766 843 766
187 302 219 302
739 798 771 798
788 415 820 415
675 579 707 579
2 250 2 273
141 269 151 271
475 620 489 621
209 895 241 895
362 804 394 804
397 153 429 153
648 840 680 840
899 234 909 236
927 668 959 668
266 89 276 91
893 776 925 776
494 415 526 415
113 280 143 280
719 443 751 443
688 948 720 948
50 504 82 504
218 551 250 551
20 759 22 769
133 9 135 19
193 157 203 159
815 365 847 365
133 261 143 263
539 184 571 184
719 51 751 51
857 993 889 993
732 647 742 649
574 114 606 114
508 510 540 510
382 195 414 195
643 993 675 993
417 572 449 572
226 187 258 187
102 22 112 24
805 164 837 164
542 1 574 1
902 188 934 188
65 85 75 87
89 724 121 724
647 909 679 909
530 175 540 177
8 102 10 112
17 429 17 461
379 983 411 983
137 947 147 949
728 908 760 908
149 484 151 494
303 157 313 159
150 954 160 956
849 136 881 136
134 905 144 907
522 814 532 816
287 178 297 180
622 294 632 296
765 669 797 669
197 4 207 6
886 579 918 579
572 44 604 44
392 698 424 698
424 253 456 253
486 851 518 851
94 395 104 397
350 558 382 558
162 266 194 266
758 39 790 39
952 246 983 246
324 906 334 908
732 957 764 957
505 444 512 447
541 611 573 611
683 264 713 264
931 323 963 323
607 269 639 269
386 732 396 734
737 521 769 521
0 330 0 362
570 263 602 263
845 720 873 720
661 153 693 153
172 574 174 583
562 171 594 171
195 747 227 747
632 906 642 908
584 920 616 920
688 715 720 715
753 172 785 172
213 105 216 112
619 825 651 825
530 854 540 856
784 233 816 233
761 364 793 364
892 653 924 653
580 888 590 890
530 89 539 91
686 958 718 958
651 851 661 853
488 174 520 174
900 948 932 948
616 285 648 285
189 857 199 859
163 984 195 984
360 586 370 588
577 830 598 830
451 568 461 570
990 536 999 538
64 642 74 644
650 35 682 35
376 574 386 576
856 499 888 499
119 778 151 778
577 283 587 285
931 418 935 422
265 447 297 447
811 506 821 508
1 781 33 781
727 551 759 551
579 933 611 933
603 608 635 608
801 221 811 223
720 323 730 325
167 373 177 375
975 651 989 652
727 455 759 455
334 609 344 611
472 786 504 786
486 891 516 891
546 602 578 602
727 883 759 883
342 335 374 335
218 554 228 556
464 949 474 951
377 845 409 845
303 16 335 16
778 429 788 431
808 690 823 691
20 836 20 868
485 264 517 264
245 353 255 355
960 236 987 236
194 942 204 944
284 103 316 103
679 287 711 287
263 409 295 409
19 902 19 934
754 847 764 849
399 161 431 161
624 123 656 123
662 851 672 853
572 522 604 522
448 938 450 947
526 533 558 533
332 388 342 390
360 266 392 266
890 69 900 71
810 370 820 372
732 167 764 167
28 755 38 757
206 699 221 700
627 838 659 838
420 621 430 623
909 414 941 414
322 238 332 240
191 476 201 478
940 954 950 956
486 892 516 892
563 900 595 900
81 377 83 387
376 82 386 84
858 726 868 728
587 499 597 501
94 484 104 486
680 605 712 605
423 670 455 670
148 892 158 894
202 473 212 475
112 368 144 368
309 535 341 535
810 41 842 41
959 520 983 520
801 608 833 608
277 624 309 624
969 200 999 200
782 360 814 360
854 41 864 43
42 146 52 148
159 895 169 897
893 887 903 889
427 324 437 326
992 432 999 435
420 636 422 646
794 878 826 878
669 193 701 193
482 242 514 242
769 512 801 512
818 467 850 467
669 411 701 411
76 575 78 585
270 705 302 705
553 400 585 400
934 130 966 130
21 971 31 973
360 517 392 517
361 870 371 872
623 869 655 869
655 621 687 621
983 572 998 573
288 577 298 579
86 840 88 850
554 467 586 467
174 381 184 383
686 841 718 841
864 580 896 580
851 443 883 443
93 716 103 718
77 997 109 997
331 447 363 447
866 432 898 432
296 482 306 484
423 730 455 730
433 496 443 498
788 646 817 646
833 160 865 160
182 752 192 754
525 636 535 638
22 404 54 404
220 301 252 301
143 156 175 156
827 851 837 853
29 573 61 573
795 668 827 668
529 178 539 180
133 631 143 633
232 965 242 967
280 990 290 992
308 47 340 47
404 795 406 805
694 944 709 945
600 294 610 296
195 49 197 59
168 673 200 673
980 375 983 382
255 286 265 288
749 489 774 489
121 436 124 443
337 942 347 944
797 308 829 308
302 818 334 818
122 861 154 861
471 324 481 326
462 795 472 797
617 181 647 181
126 716 136 718
538 512 570 512
492 504 524 504
636 913 668 913
102 162 134 162
521 436 531 438
157 978 189 978
840 496 850 498
433 701 465 701
559 362 591 362
756 201 766 203
846 178 878 178
353 758 355 768
738 275 770 275
612 194 644 194
368 691 400 691
754 547 786 547
714 517 744 517
770 552 802 552
440 519 450 521
627 261 659 261
436 932 446 934
495 919 527 919
252 506 262 508
755 238 765 240
56 258 66 260
889 218 899 220
297 485 307 487
152 269 161 271
559 877 591 877
637 512 669 512
768 462 800 462
900 194 910 196
952 870 982 870
338 834 340 844
791 198 801 200
146 85 178 85
528 307 538 309
236 352 267 352
968 31 983 32
567 630 599 630
277 230 309 230
539 54 571 54
772 854 782 856
435 402 467 402
919 73 951 73
518 433 550 433
461 314 493 314
136 459 168 459
765 395 775 397
679 644 711 644
296 563 328 563
644 122 676 122
428 887 460 887
115 134 147 134
133 545 165 545
785 20 817 20
349 425 359 427
310 719 342 719
632 407 642 409
423 903 433 905
920 645 927 648
494 714 526 714
481 644 513 644
944 664 976 664
445 311 477 311
157 938 159 948
545 262 577 262
959 366 985 366
789 987 821 987
715 844 747 844
34 461 66 461
147 650 157 652
864 120 896 120
214 265 246 265
915 599 947 599
977 311 999 311
736 565 749 566
456 909 488 909
898 10 930 10
378 473 388 475
516 485 531 486
180 605 182 615
838 935 853 936
321 391 331 393
836 726 846 728
501 120 533 120
693 519 703 521
7 770 9 780
431 361 463 361
524 902 556 902
340 592 350 594
853 124 884 124
961 763 993 763
52 999 84 999
620 467 652 467
790 76 822 76
141 129 151 131
198 639 200 649
103 574 105 584
257 12 264 15
543 697 575 697
583 864 615 864
81 500 91 502
162 891 194 891
462 521 472 523
234 658 266 658
573 244 583 246
16 192 16 224
610 865 620 867
823 968 833 970
581 69 613 69
295 614 323 614
270 167 280 169
84 611 86 621
495 792 505 794
216 357 226 359
290 650 300 652
688 547 720 547
64 213 66 223
634 435 666 435
647 69 679 69
386 80 414 80
900 833 910 835
211 86 221 88
96 247 98 257
867 913 899 913
773 901 805 901
501 648 533 648
284 778 314 778
155 261 165 263
167 484 169 494
100 294 110 296
289 53 299 55
565 496 575 498
889 327 914 327
605 999 637 999
326 954 336 956
343 391 353 393
339 530 349 532
49 830 49 862
66 46 98 46
610 659 620 661
680 146 690 148
877 722 909 722
811 383 821 385
905 872 937 872
108 144 118 146
445 0 455 2
44 932 44 964
869 792 884 793
343 303 375 303
549 663 581 663
718 657 750 657
983 356 993 358
30 946 32 956
599 731 631 731
728 366 760 366
697 701 729 701
144 277 154 279
903 227 935 227
484 758 516 758
20 66 20 98
213 822 223 824
451 752 483 752
437 898 447 900
415 276 447 276
300 551 331 551
431 421 463 421
525 428 535 430
334 509 366 509
903 207 935 207
801 218 811 220
808 983 840 983
427 327 437 329
925 214 957 214
599 283 607 285
397 580 429 580
951 351 983 351
468 807 478 809
350 758 352 768
0 770 0 802
696 655 706 657
989 901 999 903
214 906 224 908
775 80 785 82
282 954 292 956
750 583 760 585
972 475 999 475
391 318 401 320
261 899 271 901
396 73 406 75
78 647 88 649
259 280 291 280
917 609 949 609
270 832 302 832
504 304 536 304
112 369 144 369
888 292 920 292
216 361 248 361
149 324 159 326
424 152 456 152
934 254 966 254
837 13 869 13
970 352 999 352
966 174 992 174
899 129 924 129
935 890 945 892
815 503 847 503
855 665 887 665
859 708 869 710
655 344 687 344
533 403 543 405
553 759 563 761
253 460 263 462
475 190 507 190
138 331 148 333
619 473 629 475
152 870 162 872
160 157 192 157
932 635 942 637
19 957 21 967
255 993 270 994
68 354 70 364
937 611 969 611
737 711 747 713
975 978 990 979
669 590 701 590
710 122 742 122
326 357 336 359
947 433 979 433
456 411 488 411
457 281 489 281
714 468 743 468
59 428 61 438
154 405 186 405
628 711 638 713
194 797 196 807
199 567 231 567
440 538 472 538
675 746 707 746
494 886 526 886
41 340 43 350
713 737 740 737
977 124 987 126
623 787 655 787
861 600 893 600
768 822 800 822
77 622 87 624
194 321 204 323
915 888 930 889
429 58 439 60
720 0 752 0
451 891 481 891
193 297 203 299
940 941 972 941
29 483 61 483
78 297 88 299
554 301 564 303
478 906 488 908
328 530 338 532
120 406 130 408
414 389 424 391
124 28 156 28
995 422 999 427
205 471 237 471
549 898 580 898
897 743 929 743
121 574 123 584
7 335 17 337
564 355 596 355
967 111 995 111
195 267 227 267
918 559 950 559
762 353 794 353
626 45 658 45
474 337 506 337
689 247 704 248
11 22 13 32
498 727 530 727
300 355 332 355
32 425 42 427
189 575 199 577
89 631 99 633
840 406 872 406
39 487 49 489
321 373 331 375
896 830 928 830
121 21 153 21
248 21 280 21
846 3 856 5
482 607 514 607
602 425 612 427
464 619 474 621
515 380 525 382
82 872 84 882
315 45 347 45
395 36 427 36
213 639 215 649
202 439 212 441
104 674 106 684
287 647 297 649
273 609 283 611
66 49 68 59
71 425 73 435
761 908 793 908
580 763 590 765
837 449 847 451
318 572 350 572
330 115 362 115
747 594 779 594
35 767 45 769
699 294 709 296
800 428 810 430
688 187 720 187
96 49 98 59
889 499 899 501
671 49 703 49
524 932 534 934
443 477 453 479
539 792 549 794
470 763 480 765
605 945 637 945
234 672 266 672
389 37 421 37
617 444 627 446
662 883 693 883
489 365 514 365
94 180 104 182
339 615 371 615
204 725 236 725
257 37 289 37
508 49 540 49
253 73 263 75
759 518 769 520
774 406 806 406
866 134 898 134
744 468 776 468
825 614 857 614
883 376 893 378
977 744 999 744
947 238 979 238
174 617 206 617
976 638 986 640
969 100 999 100
856 163 888 163
411 387 441 387
297 76 329 76
371 676 381 678
83 473 85 483
566 202 598 202
846 230 878 230
187 48 219 48
850 156 882 156
378 464 388 466
226 138 236 140
810 554 842 554
607 511 639 511
597 842 629 842
519 33 551 33
463 472 495 472
108 928 118 930
912 871 944 871
264 896 296 896
73 307 75 317
856 833 866 835
253 569 263 571
144 634 154 636
486 743 518 743
407 130 439 130
759 952 791 952
794 776 826 776
27 869 27 901
361 146 371 148
798 398 830 398
728 17 738 19
430 258 440 260
806 770 816 772
567 67 599 67
469 910 501 910
919 399 951 399
121 476 131 478
603 991 633 991
267 336 275 338
871 478 903 478
398 950 408 952
221 549 253 549
784 633 815 633
925 555 957 555
498 668 530 668
287 276 297 278
112 86 122 88
975 8 987 9
987 353 994 355
352 404 354 414
74 693 84 695
300 672 332 672
426 426 436 428
619 812 651 812
487 978 519 978
937 264 969 264
442 963 474 963
777 370 787 372
418 569 428 571
366 197 376 199
631 721 663 721
636 219 646 221
662 452 694 452
478 688 488 690
435 556 445 558
119 786 121 796
356 213 366 215
538 706 570 706
538 894 570 894
593 21 625 21
227 932 237 934
98 447 108 449
638 43 670 43
90 867 100 869
272 428 282 430
548 833 558 835
317 72 349 72
104 417 114 419
280 282 312 282
111 840 121 842
117 319 127 321
128 357 138 359
329 511 361 511
566 409 598 409
931 889 963 889
996 106 999 111
197 414 224 414
429 888 439 890
933 250 965 250
90 744 95 748
160 499 170 501
101 291 111 293
160 186 192 186
74 696 83 698
38 899 38 931
465 770 475 772
751 803 761 805
294 748 326 748
428 149 460 149
703 142 735 142
611 848 643 848
886 556 918 556
486 597 518 597
28 517 30 527
530 336 562 336
759 795 769 797
484 302 516 302
562 15 594 15
889 971 921 971
842 116 852 118
230 886 262 886
452 178 462 180
124 81 156 81
878 536 910 536
529 153 561 153
855 680 887 680
565 62 575 64
910 203 942 203
909 298 924 299
954 541 986 541
617 920 649 920
343 242 353 244
614 13 638 13
917 161 931 162
326 977 358 977
726 273 758 273
70 64 80 66
202 584 234 584
536 921 568 921
16 869 16 901
401 716 411 718
552 373 562 375
692 593 724 593
322 49 332 51
109 412 119 414
94 34 126 34
684 675 716 675
229 984 261 984
251 93 283 93
716 924 744 924
806 77 816 79
458 961 490 961
944 944 974 944
61 770 63 780
583 518 593 520
398 574 408 576
67 93 77 95
423 539 433 541
845 363 877 363
342 279 374 279
178 575 188 577
422 244 429 247
101 288 133 288
392 453 402 455
988 307 998 309
419 529 447 529
189 578 199 580
307 968 339 968
13 609 13 641
474 953 504 953
768 304 800 304
192 33 199 36
808 644 840 644
533 695 565 695
224 819 234 821
682 317 714 317
366 235 376 237
512 116 544 116
71 950 78 953
626 995 636 997
360 694 388 694
830 989 862 989
518 700 550 700
336 705 368 705
360 267 392 267
824 593 856 593
187 569 197 571
702 860 734 860
451 888 461 890
763 496 773 498
932 773 964 773
782 486 792 488
584 549 616 549
56 108 66 110
426 642 436 644
548 8 558 10
869 284 901 284
705 227 737 227
960 803 970 805
861 241 890 241
132 120 164 120
121 679 131 681
231 307 241 309
838 618 868 618
861 752 871 754
548 222 558 224
828 353 838 355
933 791 965 791
112 284 122 286
817 233 849 233
152 675 184 675
952 357 962 359
542 632 574 632
647 664 679 664
85 174 95 176
536 527 546 529
725 714 757 714
675 301 707 301
500 769 532 769
362 758 364 768
358 152 390 152
51 944 61 946
189 838 199 840
786 0 818 0
200 391 210 393
664 738 696 738
916 330 948 330
375 17 385 19
275 891 285 893
228 603 260 603
156 283 158 293
773 77 783 79
442 938 444 948
732 306 764 306
735 663 767 663
90 598 100 600
150 346 160 348
742 644 774 644
114 650 124 652
613 813 640 813
734 383 744 385
605 964 637 964
562 490 594 490
520 401 551 401
224 440 234 442
638 54 670 54
734 636 744 638
928 253 956 253
12 384 22 386
550 846 560 848
140 888 172 888
904 190 936 190
912 309 944 309
95 794 95 826
896 123 928 123
55 994 65 996
279 39 311 39
161 851 163 861
138 758 170 758
531 420 561 420
448 948 463 949
101 598 116 599
271 318 303 318
874 924 884 926
175 149 185 151
402 332 434 332
144 851 154 853
827 854 837 856
564 668 596 668
160 187 192 187
430 12 440 14
779 303 811 303
948 736 975 736
737 522 769 522
334 819 344 821
335 990 345 992
655 954 665 956
550 449 582 449
365 999 392 999
532 476 564 476
955 533 987 533
526 635 558 635
590 787 622 787
149 653 159 655
741 678 773 678
358 99 390 99
948 280 980 280
677 294 687 296
597 355 629 355
249 605 251 615
216 514 226 516
761 768 793 768
223 978 255 978
27 681 37 683
847 403 857 405
561 682 593 682
871 851 881 853
289 235 299 237
206 838 208 848
0 165 0 197
599 80 609 82
457 187 489 187
505 3 515 5
430 555 462 555
304 932 314 934
80 225 112 225
643 149 674 149
416 554 448 554
798 659 830 659
350 371 382 371
714 181 746 181
660 568 670 570
305 435 337 435
209 141 241 141
92 759 94 769
357 125 389 125
794 677 826 677
797 814 807 816
167 527 199 527
962 316 992 316
748 285 780 285
23 102 25 112
672 100 704 100
245 845 277 845
290 376 322 376
843 458 875 458
149 327 159 329
917 279 949 279
278 22 288 24
57 225 59 235
325 270 357 270
418 846 428 848
200 36 232 36
950 646 960 648
222 394 254 394
933 963 965 963
15 429 15 461
986 366 993 369
55 115 65 117
997 847 999 857
752 436 762 438
690 641 700 643
882 933 914 933
168 960 200 960
83 163 93 165
943 790 967 790
340 356 372 356
988 479 998 481
166 574 168 584
611 610 643 610
31 847 31 879
90 373 100 375
47 465 57 467
574 387 606 387
842 850 874 850
553 238 563 240
787 399 819 399
633 116 643 118
122 702 154 702
104 541 136 541
860 83 870 85
899 47 931 47
860 817 892 817
42 149 52 151
188 965 198 967
621 562 631 564
986 370 996 372
328 330 360 330
814 652 842 652
427 716 437 718
938 757 970 757
805 564 815 566
766 932 776 934
94 653 126 653
672 624 704 624
368 736 400 736
268 509 300 509
798 524 830 524
302 688 312 690
587 849 619 849
860 776 892 776
748 390 780 390
292 757 324 757
950 93 974 93
2 158 2 190
596 776 628 776
603 895 635 895
114 819 124 821
668 629 694 629
790 533 822 533
835 1 867 1
970 17 980 19
686 546 718 546
433 386 465 386
209 444 219 446
837 596 851 597
86 100 96 102
387 852 397 854
257 819 267 821
10 803 10 835
837 583 869 583
1 176 1 208
778 201 788 203
624 891 656 891
114 377 116 387
86 562 118 562
458 230 490 230
254 331 269 332
706 965 713 967
834 778 866 778
17 902 17 934
192 716 202 718
957 810 986 810
159 866 169 868
540 711 550 713
827 899 842 900
367 639 377 641
70 174 72 184
321 25 353 25
625 131 657 131
187 11 219 11
16 340 16 372
877 164 892 165
772 906 804 906
399 241 431 241
912 346 943 346
510 298 542 298
837 247 869 247
587 46 619 46
967 88 999 88
909 900 941 900
335 834 337 844
26 102 28 112
760 153 792 153
899 638 909 640
182 13 192 15
968 333 978 335
242 205 274 205
723 425 733 427
876 468 908 468
924 48 956 48
330 569 340 571
638 938 648 940
404 431 436 431
503 729 535 729
677 950 709 950
788 869 820 869
797 413 829 413
892 171 924 171
998 974 999 989
828 668 860 668
900 590 932 590
495 945 505 947
236 869 268 869
570 170 602 170
829 437 861 437
479 167 489 169
38 445 48 447
233 493 235 503
496 749 506 751
194 698 226 698
332 998 364 998
931 186 963 186
930 393 962 393
506 254 538 254
676 901 686 903
489 408 499 410
82 889 92 891
152 97 154 107
804 228 836 228
460 38 492 38
645 541 677 541
929 830 961 830
402 832 434 832
701 643 733 643
765 524 797 524
378 819 388 821
746 720 778 720
761 767 793 767
207 826 239 826
529 490 561 490
63 896 63 928
226 192 258 192
214 8 224 10
457 40 489 40
591 641 601 643
991 204 999 206
571 3 581 5
500 513 515 514
151 574 153 584
615 14 647 14
587 609 619 609
85 82 87 92
838 799 870 799
622 647 632 649
80 31 112 31
906 589 938 589
717 853 727 855
159 892 169 894
492 425 502 427
226 343 258 343
965 134 997 134
904 907 936 907
143 569 153 571
782 35 814 35
624 289 656 289
443 891 450 893
426 898 436 900
969 485 974 489
370 435 402 435
819 282 851 282
843 414 875 414
136 822 146 824
130 146 140 148
792 95 824 95
950 512 982 512
597 353 629 353
836 866 863 866
726 626 758 626
929 455 961 455
585 137 617 137
232 708 264 708
341 43 373 43
635 431 667 431
329 546 361 546
767 135 799 135
191 436 201 438
370 513 380 515
764 659 774 661
710 613 720 615
635 584 645 586
536 226 568 226
442 857 452 859
777 540 809 540
923 593 955 593
78 269 80 279
396 626 428 626
414 636 416 646
501 754 533 754
701 953 733 953
272 921 304 921
744 248 776 248
400 132 432 132
889 884 920 884
958 412 988 412
438 716 448 718
498 477 530 477
836 999 868 999
573 359 605 359
856 387 888 387
379 0 389 2
89 644 99 646
713 89 723 91
599 412 631 412
854 788 886 788
600 954 610 956
118 530 128 532
920 764 952 764
556 621 588 621
498 655 508 657
487 829 519 829
826 732 858 732
568 800 578 802
661 499 671 501
546 45 578 45
560 897 592 897
740 803 750 805
441 14 473 14
574 49 606 49
926 775 958 775
157 22 167 24
456 965 466 967
671 53 703 53
410 762 420 764
888 794 898 796
740 813 772 813
214 134 243 134
640 560 650 562
823 131 855 131
426 289 458 289
220 979 252 979
909 367 919 369
914 394 946 394
251 632 261 634
863 731 895 731
836 284 868 284
119 425 121 435
57 128 67 130
506 888 516 890
488 439 498 441
662 86 672 88
701 975 711 977
767 429 777 431
633 331 665 331
509 705 541 705
39 704 49 706
735 821 767 821
279 650 289 652
56 340 58 350
774 526 806 526
383 146 393 148
642 579 674 579
203 1 210 3
759 682 791 682
836 67 868 67
162 377 164 386
558 680 590 680
476 724 486 726
296 150 328 150
71 368 81 370
569 104 601 104
340 506 350 508
119 828 121 838
888 832 920 832
355 748 387 748
804 178 814 180
681 158 713 158
236 175 246 177
76 412 86 414
799 706 831 706
684 376 716 376
957 115 989 115
560 305 592 305
602 671 634 671
959 851 988 851
444 496 454 498
810 101 842 101
401 282 411 284
620 214 652 214
568 929 578 931
124 307 126 317
421 665 453 665
15 462 15 494
202 399 212 401
868 175 900 175
373 746 403 746
146 671 156 673
175 918 177 928
689 606 721 606
317 979 349 979
775 489 807 489
186 886 213 886
16 420 23 423
362 995 372 997
674 762 701 762
742 820 774 820
851 714 883 714
90 391 100 393
941 850 973 850
367 819 377 821
671 548 703 548
174 146 184 148
401 250 411 252
710 950 742 950
403 35 435 35
489 286 521 286
762 901 772 903
891 403 901 405
7 528 7 560
79 870 111 870
836 794 843 797
433 312 465 312
619 477 629 479
645 388 674 388
33 569 43 571
608 129 640 129
344 553 376 553
20 33 20 65
558 430 590 430
537 304 569 304
394 68 426 68
920 983 952 983
21 66 21 98
987 541 999 542
921 623 953 623
853 357 863 359
283 111 315 111
805 463 837 463
44 569 76 569
876 9 908 9
339 873 349 875
429 165 461 165
370 453 380 455
463 964 495 964
181 914 183 924
32 977 42 979
983 870 997 871
64 506 66 516
503 422 518 423
229 129 239 131
960 77 970 79
157 773 189 773
388 237 398 239
614 833 624 835
949 569 981 569
241 506 251 508
917 621 949 621
353 80 385 80
300 479 332 479
211 596 221 598
456 282 466 284
522 730 554 730
756 541 788 541
788 238 798 240
800 160 832 160
554 694 586 694
212 803 214 813
138 138 148 140
804 486 814 488
208 447 218 449
51 941 61 943
425 792 428 799
681 198 691 200
935 459 967 459
174 720 206 720
566 731 598 731
297 525 329 525
484 652 516 652
188 549 220 549
367 204 377 206
62 929 64 939
471 826 503 826
484 631 516 631
145 950 177 950
903 574 935 574
589 187 621 187
895 828 927 828
158 96 160 106
684 451 716 451
79 867 89 869
586 719 618 719
603 340 635 340
996 788 999 793
368 990 378 992
272 671 304 671
222 388 232 390
587 496 597 498
787 344 819 344
885 792 900 793
967 596 999 596
69 245 101 245
716 539 748 539
603 324 612 326
516 995 526 997
779 457 811 457
170 759 172 769
286 139 301 140
284 146 294 148
848 168 880 168
122 724 132 726
61 752 71 754
473 735 505 735
203 817 235 817
970 460 999 460
475 49 507 49
297 896 329 896
233 854 243 856
616 758 648 758
726 403 733 405
22 462 24 472
352 58 362 60
314 834 316 844
584 349 616 349
988 63 999 64
172 907 174 917
585 394 617 394
644 610 676 610
350 220 360 222
889 76 921 76
710 848 742 848
270 138 302 138
98 759 100 769
855 234 865 236
901 249 933 249
367 200 377 202
233 482 235 492
949 989 981 989
995 782 999 786
794 675 826 675
772 586 803 586
93 586 95 596
644 648 654 650
643 994 675 994
863 569 873 571
179 589 189 591
396 46 428 46
935 726 945 728
907 576 939 576
364 451 392 451
860 932 870 934
471 380 481 382
719 546 751 546
402 403 434 403
599 906 609 908
928 170 960 170
329 897 361 897
978 330 999 330
27 147 27 179
228 639 230 649
825 811 857 811
480 516 512 516
445 234 477 234
867 302 899 302
595 672 627 672
694 315 726 315
660 673 692 673
724 328 756 328
790 147 822 147
957 992 989 992
564 238 574 240
365 82 375 84
541 854 551 856
353 986 385 986
407 742 439 742
171 300 203 300
595 555 627 555
855 623 887 623
886 631 918 631
991 214 998 217
810 881 842 881
300 238 310 240
906 678 938 678
609 678 641 678
448 162 480 162
826 800 858 800
171 301 186 302
56 962 66 964
264 115 274 117
576 499 586 501
745 790 777 790
343 950 353 952
491 101 501 103
718 155 750 155
51 741 53 751
990 332 995 335
25 666 25 692
655 318 665 320
148 895 158 897
975 629 999 629
615 595 647 595
924 241 956 241
726 54 736 56
733 910 765 910
251 675 280 675
716 580 731 581
133 634 143 636
717 86 727 88
812 779 844 779
637 3 669 3
848 204 858 206
701 425 711 427
617 539 649 539
959 776 986 776
580 644 612 644
123 601 138 602
305 105 315 107
895 896 927 896
950 714 981 714
576 526 608 526
688 36 720 36
857 886 889 886
561 942 593 942
412 354 444 354
179 242 210 242
234 162 266 162
873 824 905 824
531 532 563 532
749 986 781 986
980 433 991 434
794 110 826 110
362 563 394 563
694 683 726 683
729 992 761 992
879 112 911 112
214 175 224 177
538 615 561 615
254 631 286 631
414 513 424 515
72 49 74 59
492 480 524 480
589 167 599 169
964 212 991 212
830 323 859 323
164 506 174 508
904 611 936 611
240 49 242 59
687 901 697 903
664 496 674 498
836 271 846 273
531 759 541 761
783 851 793 853
36 465 46 467
676 55 703 55
29 528 61 528
818 774 850 774
645 41 677 41
719 109 751 109
71 796 71 828
938 697 970 697
687 904 719 904
762 376 772 378
311 758 313 768
162 677 194 677
501 30 533 30
672 708 682 710
573 624 605 624
245 254 255 256
352 830 373 830
870 493 902 493
889 153 921 153
898 321 908 323
431 775 463 775
601 666 633 666
329 886 361 886
132 0 142 2
780 14 812 14
782 708 792 710
734 113 766 113
848 730 879 730
755 41 765 43
295 126 305 128
283 998 315 998
452 433 484 433
914 238 946 238
692 191 724 191
209 684 241 684
702 842 734 842
232 962 247 963
405 552 437 552
41 60 41 92
906 448 938 448
561 100 593 100
851 544 883 544
266 856 276 858
596 17 606 19
299 82 309 84
859 390 891 390
469 357 501 357
663 668 695 668
532 498 542 500
711 453 743 453
470 428 502 428
805 373 815 375
370 93 380 95
358 270 390 270
271 697 303 697
46 251 56 253
745 276 777 276
53 562 85 562
756 679 788 679
897 849 929 849
533 992 563 992
734 747 766 747
404 898 414 900
872 752 904 752
700 300 732 300
347 117 357 119
715 795 725 797
375 732 385 734
253 846 263 848
183 610 193 612
142 968 174 968
663 22 673 24
377 240 409 240
336 116 368 116
650 711 660 713
570 327 580 329
233 792 235 802
230 509 240 511
645 321 677 321
218 143 250 143
89 860 121 860
437 291 447 293
8 587 8 619
502 300 534 300
639 345 649 347
777 414 809 414
496 247 528 247
441 988 473 988
209 894 241 894
462 261 494 261
335 0 345 2
651 17 661 19
925 444 957 444
607 373 617 375
268 822 278 824
273 605 305 605
403 388 435 388
742 557 752 559
525 46 535 48
537 170 569 170
904 436 911 439
341 44 373 44
653 62 685 62
165 76 197 76
464 421 479 422
83 663 85 673
422 30 454 30
688 165 720 165
162 538 194 538
852 628 884 628
268 723 300 723
407 134 414 137
798 669 830 669
17 707 49 707
604 3 614 5
738 100 770 100
994 127 999 131
711 874 721 876
966 962 976 964
891 612 923 612
553 197 563 199
934 85 966 85
307 914 339 914
92 67 102 69
343 624 375 624
853 152 885 152
524 954 534 956
537 911 569 911
527 928 559 928
474 487 484 489
660 838 692 838
859 214 891 214
402 702 412 704
74 727 84 729
146 608 156 610
305 305 328 305
132 608 134 618
771 75 803 75
812 221 822 223
310 82 320 84
877 383 887 385
641 129 667 129
791 417 823 417
812 534 844 534
476 464 483 467
439 393 471 393
189 25 221 25
115 863 147 863
820 152 852 152
913 645 919 648
59 448 61 458
577 138 587 140
937 263 969 263
429 919 461 919
251 203 283 203
348 450 380 450
109 213 111 223
622 715 654 715
645 974 677 974
275 827 285 829
952 344 984 344
109 574 111 584
877 425 887 427
505 512 537 512
600 647 610 649
242 888 252 890
83 659 93 661
543 448 575 448
904 799 936 799
454 250 464 252
144 854 154 856
918 172 949 172
681 5 713 5
182 707 214 707
482 833 514 833
829 721 861 721
357 903 389 903
504 9 514 11
837 207 869 207
606 749 616 751
191 439 201 441
699 357 709 359
496 492 527 492
177 874 187 876
101 420 133 420
231 683 263 683
99 307 109 309
101 391 111 393
954 201 986 201
112 82 122 84
637 953 667 953
565 612 597 612
662 734 694 734
671 468 681 470
592 324 602 326
100 965 110 967
676 831 708 831
304 34 336 34
956 22 982 22
141 49 143 59
221 936 253 936
305 921 337 921
388 477 398 479
91 455 93 465
659 545 691 545
925 171 949 171
27 678 37 680
599 845 631 845
93 883 93 915
96 188 128 188
23 782 33 784
822 428 832 430
677 262 709 262
448 110 463 111
463 842 495 842
688 357 698 359
345 642 355 644
371 898 381 900
389 440 421 440
30 542 33 549
729 241 761 241
340 133 355 134
885 802 917 802
972 705 981 707
613 257 645 257
863 167 895 167
539 926 571 926
573 338 605 338
850 860 855 864
874 29 906 29
592 330 624 330
635 671 667 671
657 641 667 643
492 105 524 105
122 114 154 114
460 865 488 865
429 261 461 261
372 143 382 145
390 250 400 252
606 597 638 597
761 110 793 110
90 302 100 304
286 564 318 564
975 27 999 27
21 410 31 412
887 495 919 495
825 890 835 892
18 534 50 534
470 747 502 747
157 671 167 673
210 17 220 19
265 711 275 713
850 744 882 744
836 988 868 988
631 341 663 341
353 491 385 491
760 2 792 2
524 531 556 531
421 477 431 479
318 225 350 225
438 862 448 864
793 801 817 801
559 68 591 68
781 390 813 390
884 20 916 20
800 431 832 431
235 650 245 652
551 923 561 925
301 464 311 466
833 135 865 135
913 119 942 119
646 768 678 768
791 886 823 886
162 694 194 694
625 126 635 128
158 849 190 849
165 60 197 60
719 106 751 106
717 826 749 826
96 830 106 832
23 968 33 970
445 980 455 982
268 650 278 652
691 877 723 877
485 549 517 549
962 924 969 926
332 853 342 855
638 459 670 459
763 598 795 598
222 580 232 582
407 777 417 779
201 774 224 774
497 998 529 998
611 950 643 950
450 471 482 471
624 108 656 108
230 563 262 563
734 428 744 430
1 428 33 428
627 673 659 673
734 403 739 406
645 414 677 414
207 386 239 386
482 217 514 217
332 618 342 620
111 49 113 59
652 22 662 24
395 795 397 805
393 42 425 42
432 761 442 763
305 910 336 910
585 827 617 827
394 131 426 131
373 211 405 211
104 352 136 352
237 736 269 736
194 607 204 609
883 899 915 899
827 951 859 951
653 439 685 439
814 741 846 741
440 130 472 130
935 756 967 756
216 605 218 615
726 356 758 356
229 144 239 146
532 312 564 312
349 676 359 678
407 538 439 538
10 935 10 967
532 721 564 721
769 211 801 211
614 572 629 573
885 924 895 926
621 542 653 542
562 258 572 260
886 187 918 187
138 40 170 40
192 125 224 125
824 314 856 314
527 79 532 83
464 576 496 576
940 472 950 474
907 930 922 931
288 859 320 859
678 540 710 540
85 834 95 836
589 343 619 343
748 793 758 795
404 432 436 432
994 644 999 648
273 94 305 94
133 708 143 710
829 896 861 896
784 744 816 744
622 116 632 118
377 237 387 239
5 22 7 32
965 47 989 47
985 574 999 575
917 93 949 93
917 442 949 442
337 970 347 972
447 974 479 974
910 790 942 790
591 105 623 105
756 643 788 643
15 836 15 868
512 118 544 118
565 209 597 209
258 909 290 909
520 825 552 825
547 813 579 813
768 913 800 913
281 659 313 659
616 864 648 864
242 529 274 529
771 275 803 275
7 653 7 685
23 387 33 389
114 556 124 558
433 3 443 5
260 698 292 698
664 209 696 209
149 759 151 769
502 391 534 391
747 225 779 225
34 965 44 967
921 977 953 977
750 125 782 125
194 946 226 946
746 909 778 909
95 954 105 956
433 6 465 6
398 852 408 854
210 261 220 263
731 731 763 731
328 166 360 166
231 756 263 756
839 725 871 725
305 792 307 802
212 356 244 356
878 534 910 534
464 851 474 853
390 364 397 367
129 188 139 190
114 715 146 715
725 305 757 305
134 82 144 84
489 730 521 730
352 625 384 625
762 962 785 962
612 933 644 933
386 17 396 19
797 688 807 690
787 631 819 631
458 388 468 390
731 769 763 769
59 550 66 552
329 496 339 498
299 373 309 375
207 554 217 556
430 15 462 15
950 442 982 442
479 962 511 962
220 891 230 893
94 704 104 706
768 221 778 223
905 26 937 26
761 86 771 88
558 212 590 212
116 755 126 757
95 663 97 673
170 96 172 106
992 908 999 911
57 863 57 895
181 928 213 928
308 846 318 848
921 541 953 541
521 821 531 823
112 291 122 293
419 839 429 841
469 435 501 435
101 212 133 212
376 164 408 164
893 998 925 998
238 318 270 318
406 964 411 968
969 204 979 206
429 697 453 697
372 220 382 222
766 185 798 185
361 166 393 166
785 436 795 438
5 119 37 119
203 688 213 690
303 395 313 397
929 424 954 424
85 770 87 780
825 615 857 615
745 126 777 126
787 165 819 165
258 413 268 415
138 170 170 170
784 812 816 812
978 923 983 927
643 903 653 905
423 370 455 370
45 266 77 266
166 258 176 260
284 143 294 145
407 891 417 893
110 479 120 481
215 803 217 813
331 472 363 472
705 13 737 13
944 755 976 755
889 441 921 441
714 873 746 873
607 240 639 240
140 827 142 837
174 618 177 624
529 212 557 212
257 803 259 813
250 425 260 427
850 899 882 899
343 92 375 92
331 263 363 263
238 423 270 423
517 652 549 652
297 996 323 996
125 64 135 66
901 111 933 111
255 388 265 390
685 825 717 825
567 116 577 118
153 506 163 508
137 866 147 868
897 524 929 524
944 303 976 303
91 29 123 29
158 556 168 558
797 704 829 704
929 606 961 606
274 345 306 345
633 119 665 119
871 902 903 902
926 699 958 699
173 435 205 435
234 353 244 355
867 778 899 778
192 178 202 180
535 391 567 391
893 676 908 677
511 746 543 746
951 885 983 885
124 324 126 334
928 208 960 208
294 105 304 107
61 653 71 655
622 318 632 320
7 274 7 306
509 667 541 667
863 830 895 830
245 229 277 229
614 456 624 458
61 33 71 35
859 153 874 154
101 425 103 435
443 894 471 894
984 80 994 82
282 735 314 735
746 303 778 303
347 963 379 963
81 560 113 560
268 218 300 218
43 406 53 408
634 391 666 391
518 711 528 713
478 285 510 285
924 952 956 952
803 999 835 999
508 855 518 857
500 695 532 695
521 498 531 500
14 462 14 494
964 213 991 213
676 688 686 690
81 526 113 526
915 453 947 453
262 132 291 132
807 91 839 91
648 181 680 181
690 587 722 587
238 759 248 761
833 635 865 635
253 301 285 301
265 626 297 626
600 306 632 306
879 69 889 71
983 825 991 827
213 476 223 478
769 589 801 589
881 503 913 503
343 189 364 189
945 620 973 620
359 970 369 972
851 609 883 609
158 838 160 848
751 37 783 37
930 306 962 306
761 583 771 585
294 233 326 233
357 917 367 919
161 484 163 494
317 383 327 385
716 348 731 349
559 330 591 330
600 30 632 30
249 954 259 956
164 563 196 563
641 757 673 757
82 469 114 469
459 266 491 266
447 954 457 956
116 138 126 140
324 917 334 919
786 843 818 843
995 373 998 380
91 82 93 92
456 918 488 918
957 518 989 518
61 213 63 223
871 373 881 375
994 488 997 495
524 961 545 961
331 781 341 783
213 67 223 69
674 215 684 217
735 753 745 755
959 326 969 328
260 834 262 844
847 416 879 416
960 716 975 717
888 506 898 508
144 548 176 548
883 37 915 37
376 855 408 855
848 413 880 413
63 971 65 981
932 353 942 355
913 730 945 730
111 711 121 713
491 902 523 902
737 548 769 548
61 401 71 403
593 191 625 191
134 212 166 212
972 784 982 786
872 568 904 568
390 172 400 174
774 966 806 966
312 400 343 400
96 377 98 387
494 191 526 191
4 88 4 120
732 120 764 120
360 676 370 678
299 860 331 860
343 388 353 390
519 434 551 434
515 143 525 145
927 630 942 631
68 247 78 249
654 173 686 173
557 929 567 931
966 499 976 501
324 0 334 2
945 407 973 407
278 254 288 256
633 294 665 294
408 17 418 19
365 38 397 38
508 450 518 452
271 932 281 934
221 987 253 987
309 276 341 276
446 962 478 962
676 560 708 560
36 539 46 541
506 926 538 926
173 745 205 745
724 327 756 327
839 143 871 143
413 299 445 299
354 242 364 244
766 238 776 240
223 655 233 657
138 752 148 754
220 317 252 317
705 597 737 597
448 257 480 257
281 395 291 397
413 707 445 707
378 636 380 646
763 662 795 662
115 574 117 584
566 403 598 403
379 310 411 310
339 462 371 462
926 587 958 587
478 980 488 982
572 850 604 850
757 753 767 755
347 299 379 299
124 22 134 24
4 22 4 54
688 318 698 320
10 429 10 461
262 94 272 96
55 564 87 564
658 377 668 379
555 81 565 83
571 512 603 512
79 327 81 337
958 683 990 683
860 452 887 452
854 368 864 370
97 934 107 936
760 551 792 551
833 291 843 293
404 921 436 921
932 953 964 953
300 228 332 228
338 435 369 435
839 660 871 660
543 301 553 303
946 5 978 5
900 266 932 266
456 980 466 982
770 74 802 74
812 991 844 991
558 901 590 901
754 395 764 397
786 532 818 532
14 69 14 101
809 625 841 625
548 605 580 605
464 998 496 998
817 326 848 326
581 222 591 224
416 833 448 833
308 889 318 891
932 135 964 135
886 344 918 344
124 673 134 675
555 571 576 571
472 506 482 508
341 47 373 47
614 380 624 382
628 345 638 347
598 721 630 721
563 899 595 899
500 990 532 990
257 339 289 339
971 634 995 634
519 596 529 598
474 14 506 14
178 857 188 859
610 55 642 55
141 964 173 964
94 35 126 35
135 775 167 775
793 444 825 444
671 723 703 723
951 80 961 82
525 383 535 385
996 630 999 637
234 770 244 772
343 596 353 598
140 435 172 435
580 766 590 768
275 463 307 463
909 602 939 602
163 873 173 875
756 291 766 293
133 963 165 963
577 571 609 571
49 0 51 10
704 522 736 522
357 286 389 286
422 376 454 376
27 675 37 677
864 863 896 863
23 180 25 190
787 621 819 621
216 942 226 944
775 946 807 946
380 707 412 707
289 978 321 978
413 360 445 360
360 680 392 680
812 500 833 500
807 526 839 526
266 803 268 813
586 235 590 240
446 262 478 262
905 634 937 634
385 262 417 262
885 573 917 573
172 602 204 602
400 386 432 386
881 434 913 434
309 529 319 531
269 937 301 937
128 808 130 818
324 614 356 614
604 512 636 512
303 832 335 832
205 932 215 934
794 676 826 676
475 583 507 583
900 523 932 523
356 849 388 849
74 829 106 829
361 876 371 878
843 296 875 296
778 722 810 722
331 732 341 734
921 832 953 832
214 990 224 992
907 748 939 748
587 20 619 20
626 314 658 314
862 243 894 243
588 730 620 730
130 98 140 100
812 716 822 718
378 387 410 387
412 311 444 311
822 643 854 643
539 946 544 950
504 377 514 379
101 473 103 483
81 202 91 204
817 90 849 90
155 711 165 713
584 264 616 264
406 995 416 997
279 213 289 215
281 123 313 123
352 307 362 309
747 967 779 967
597 392 625 392
489 926 504 927
267 770 277 772
948 287 976 287
882 342 914 342
80 226 90 228
323 439 333 441
456 404 466 406
209 518 219 520
563 175 573 177
452 490 462 492
693 792 703 794
286 938 288 948
793 683 825 683
122 851 132 853
779 218 789 220
738 228 770 228
873 406 905 406
279 476 289 478
316 589 348 589
10 409 42 409
684 394 716 394
887 189 919 189
187 12 219 12
989 436 999 438
577 906 587 908
263 499 273 501
710 117 720 119
706 114 738 114
990 403 999 405
359 758 361 768
385 564 417 564
346 539 356 541
589 962 621 962
936 207 968 207
860 734 892 734
850 771 860 773
313 716 323 718
89 637 121 637
587 467 619 467
581 203 613 203
611 299 643 299
526 634 558 634
22 586 32 588
603 216 613 218
88 608 120 608
866 291 898 291
609 578 641 578
559 76 591 76
154 572 186 572
774 739 806 739
111 708 121 710
242 504 274 504
440 43 472 43
312 206 322 208
34 749 44 751
314 962 346 962
673 239 705 239
828 476 860 476
228 677 260 677
438 171 462 171
473 538 505 538
487 669 519 669
431 375 463 375
28 214 30 224
741 916 773 916
387 856 397 858
856 964 885 964
594 261 626 261
351 486 383 486
265 749 275 751
52 520 62 522
757 255 789 255
537 716 547 718
781 66 811 66
364 278 396 278
282 360 313 360
113 773 123 775
199 871 231 871
39 395 49 397
79 82 81 92
790 387 822 387
107 674 109 684
172 513 182 515
624 105 656 105
980 103 990 105
73 451 83 453
220 846 230 848
471 958 481 960
287 999 315 999
153 738 163 740
595 247 627 247
334 721 366 721
105 184 120 185
125 376 157 376
603 782 635 782
439 995 449 997
397 258 407 260
721 617 730 619
215 138 225 140
215 297 225 299
100 647 110 649
704 723 736 723
659 392 691 392
588 351 620 351
947 34 976 34
564 241 596 241
876 914 908 914
901 723 933 723
563 367 589 367
565 818 575 820
702 52 734 52
38 460 70 460
790 440 822 440
883 339 915 339
385 559 395 561
753 814 763 816
407 537 439 537
566 943 598 943
5 33 15 35
984 350 999 351
727 244 737 246
756 639 766 641
214 351 246 351
613 744 645 744
141 377 143 387
943 425 953 427
209 803 211 813
458 800 468 802
965 113 997 113
60 368 70 370
219 206 229 208
778 383 788 385
971 757 999 757
201 238 211 240
702 193 730 193
751 958 766 959
353 935 385 935
820 335 852 335
119 797 121 807
912 408 944 408
1 274 3 284
106 321 116 323
221 328 228 331
562 472 594 472
297 115 307 117
70 862 102 862
564 760 596 760
109 968 141 968
138 183 170 183
893 851 925 851
881 986 913 986
449 831 481 831
452 732 462 734
63 523 73 525
657 987 689 987
290 114 321 114
146 674 178 674
941 661 970 661
772 460 804 460
187 827 197 829
640 857 650 859
704 724 713 726
697 447 729 447
243 183 253 185
504 306 533 306
52 517 62 519
52 667 62 669
823 833 833 835
452 264 484 264
859 647 869 649
212 93 222 95
166 631 176 633
158 786 158 818
923 86 933 88
153 639 163 641
541 857 551 859
770 94 802 94
928 943 960 943
73 423 105 423
734 527 744 529
693 711 703 713
599 557 631 557
291 313 323 313
904 903 936 903
155 759 157 769
672 207 704 207
609 499 619 501
412 814 422 816
894 476 926 476
671 522 703 522
159 433 191 433
986 30 999 31
979 415 991 416
136 819 146 821
500 405 510 407
157 608 167 610
499 436 509 438
135 228 167 228
980 881 995 882
696 250 706 252
721 556 753 556
207 639 209 649
824 893 856 893
867 608 899 608
528 55 543 56
357 833 389 833
850 353 860 355
596 972 628 972
129 276 161 276
722 531 754 531
892 627 924 627
602 268 634 268
112 719 144 719
800 737 832 737
409 596 419 598
280 351 312 351
95 975 105 977
730 985 762 985
123 135 133 137
238 970 248 972
507 195 539 195
270 959 302 959
939 502 971 502
385 752 417 752
161 321 171 323
881 168 913 168
33 43 43 45
445 404 455 406
594 837 626 837
103 197 113 199
195 266 227 266
772 523 804 523
321 621 331 623
8 620 8 652
263 502 278 503
676 946 708 946
796 436 806 438
268 6 300 6
523 399 555 399
326 929 336 931
450 573 482 573
706 511 738 511
586 724 596 726
820 187 852 187
132 679 142 681
311 22 321 24
976 353 986 355
883 77 893 79
271 346 281 348
451 625 482 625
881 449 913 449
26 183 36 185
513 455 545 455
568 666 600 666
619 770 629 772
489 614 521 614
604 894 636 894
768 821 800 821
194 769 226 769
299 852 309 854
845 717 877 717
240 605 242 615
900 294 915 295
121 0 131 2
637 565 669 565
608 1 640 1
942 554 974 554
153 649 185 649
682 316 714 316
750 394 782 394
321 89 331 91
108 101 118 103
144 110 154 112
323 37 355 37
194 763 204 765
380 659 412 659
185 557 217 557
470 104 502 104
689 575 721 575
274 592 284 594
724 603 756 603
231 569 241 571
432 477 442 479
817 339 849 339
403 932 413 934
759 271 769 273
787 947 819 947
383 605 415 605
639 231 670 231
187 559 197 561
101 421 133 421
885 80 895 82
666 954 676 956
199 261 209 263
681 213 696 214
301 439 311 441
165 310 175 312
443 553 475 553
375 708 385 710
865 24 880 25
291 636 301 638
369 398 401 398
50 428 52 438
324 142 356 142
112 324 114 334
577 141 609 141
509 26 541 26
457 318 467 320
16 307 18 317
315 932 325 934
693 938 725 938
844 527 854 529
135 589 145 591
354 33 386 33
917 626 949 626
801 663 833 663
114 197 124 199
356 740 388 740
780 112 812 112
448 763 458 765
51 956 83 956
800 47 832 47
315 513 325 515
136 436 146 438
87 206 97 208
488 895 503 896
328 807 360 807
889 131 921 131
553 978 585 978
122 96 154 96
176 679 186 681
490 152 522 152
494 21 526 21
629 951 661 951
233 527 265 527
632 814 642 816
209 155 241 155
178 953 210 953
159 628 191 628
151 998 183 998
467 275 490 275
196 480 211 481
524 885 556 885
844 636 854 638
280 689 290 691
649 416 681 416
930 539 962 539
786 557 796 559
41 448 43 458
569 226 593 226
428 995 438 997
169 701 201 701
372 456 382 458
855 975 865 977
48 269 48 301
789 760 821 760
683 986 715 986
180 283 182 293
636 456 646 458
154 48 186 48
778 287 810 287
302 906 312 908
121 115 131 117
298 626 329 626
632 604 664 604
752 645 784 645
3 429 5 439
373 498 380 501
825 518 857 518
977 96 999 96
520 826 552 826
87 795 87 827
474 92 506 92
204 630 236 630
129 890 161 890
777 41 787 43
859 653 891 653
526 162 558 162
567 294 577 296
7 406 9 416
82 470 114 470
988 34 997 36
475 418 485 420
487 759 497 761
704 43 727 43
665 990 697 990
149 70 181 70
112 213 114 223
229 380 239 382
508 948 518 950
614 720 646 720
251 380 261 382
557 954 567 956
704 94 736 94
27 414 37 416
43 594 43 626
542 360 574 360
56 307 66 309
490 116 500 118
857 69 867 71
836 149 868 149
152 778 184 778
483 158 515 158
914 45 946 45
690 425 700 427
394 635 426 635
933 251 944 252
221 632 228 635
409 963 441 963
508 107 540 107
390 175 400 177
812 218 822 220
532 473 541 475
360 105 392 105
608 26 640 26
950 609 982 609
730 896 762 896
854 297 886 297
295 66 326 66
47 240 57 242
90 289 122 289
116 828 118 838
705 923 737 923
417 528 449 528
247 905 257 907
673 851 705 851
150 377 152 386
165 625 186 625
185 554 195 556
971 660 986 661
275 505 307 505
631 386 663 386
68 425 70 435
663 353 695 353
482 324 492 326
563 574 595 574
736 726 746 728
306 666 338 666
685 665 717 665
285 27 300 28
172 454 204 454
320 17 330 19
406 944 416 946
372 809 382 811
903 274 935 274
561 884 593 884
421 66 448 66
451 777 461 779
905 143 937 143
308 538 340 538
797 695 829 695
964 186 996 186
773 667 805 667
849 373 859 375
547 763 557 765
406 941 416 943
382 112 410 112
676 904 686 906
757 224 789 224
464 854 474 856
521 174 553 174
720 904 752 904
507 207 539 207
734 729 766 729
132 118 164 118
109 512 141 512
848 577 880 577
199 324 209 326
408 604 440 604
253 663 263 665
730 612 762 612
573 580 583 582
504 126 514 128
63 663 73 665
268 221 300 221
506 828 538 828
808 80 818 82
467 992 499 992
527 305 559 305
494 189 526 189
818 443 850 443
578 610 610 610
441 834 451 836
227 944 237 946
197 507 207 509
553 724 563 726
359 954 369 956
839 808 854 809
588 0 620 0
510 436 520 438
729 376 739 378
751 812 783 812
732 581 764 581
866 286 881 287
70 71 99 71
847 31 857 33
584 649 599 650
873 818 905 818
799 368 831 368
743 11 775 11
650 486 660 488
487 400 519 400
958 492 987 492
149 71 181 71
252 49 254 59
723 201 733 203
704 130 736 130
116 398 126 400
915 137 947 137
383 203 415 203
983 20 993 22
0 803 2 813
123 284 133 286
373 968 405 968
860 17 870 19
502 388 512 390
48 384 50 394
765 169 797 169
569 766 579 768
245 792 247 802
754 270 786 270
654 907 686 907
890 305 922 305
434 817 466 817
911 242 943 242
572 945 604 945
890 392 922 392
235 79 267 79
339 324 349 326
169 650 179 652
891 12 921 12
956 305 988 305
959 852 988 852
870 75 899 75
57 388 67 390
114 200 124 202
705 204 715 206
694 420 704 422
324 283 326 293
968 528 978 530
490 871 522 871
835 349 867 349
386 743 418 743
792 63 824 63
106 318 116 320
763 485 795 485
210 870 242 870
625 699 657 699
580 636 590 638
94 755 104 757
20 616 20 648
24 738 26 748
230 887 262 887
499 201 531 201
187 660 219 660
501 331 533 331
240 720 272 720
56 738 66 740
525 763 535 765
802 1 834 1
696 355 728 355
716 250 723 253
18 649 18 681
929 719 961 719
930 483 962 483
373 210 394 210
721 344 753 344
762 770 772 772
256 780 288 780
808 924 818 926
745 527 755 529
826 204 836 206
96 174 104 176
529 580 539 582
772 681 804 681
110 6 120 8
904 114 936 114
977 962 987 964
313 172 323 174
653 436 663 438
326 942 336 944
684 827 716 827
189 394 221 394
618 922 649 922
106 32 138 32
841 80 851 82
336 993 368 993
620 915 652 915
247 903 279 903
454 770 464 772
82 863 92 865
198 444 208 446
292 421 324 421
947 365 975 365
380 245 390 247
670 142 702 142
584 363 616 363
843 72 875 72
400 509 432 509
625 219 635 221
874 268 906 268
846 229 878 229
36 239 46 241
966 250 998 250
715 307 747 307
862 662 894 662
888 429 898 431
623 606 655 606
20 803 20 835
496 842 528 842
394 330 426 330
573 444 583 446
460 870 467 873
914 947 946 947
138 484 148 486
56 313 66 315
758 893 790 893
10 0 12 10
614 371 643 371
48 639 58 641
668 729 700 729
211 583 243 583
364 577 374 579
448 276 480 276
523 807 533 809
129 269 136 271
756 234 766 236
243 965 253 967
992 346 999 349
791 71 823 71
308 463 340 463
818 174 850 174
933 684 965 684
50 505 82 505
179 229 211 229
503 113 535 113
195 676 227 676
417 11 443 11
71 871 103 871
133 472 165 472
332 86 342 88
250 898 260 900
843 367 875 367
655 165 687 165
487 770 497 772
335 140 367 140
452 549 484 549
951 124 976 124
510 526 542 526
775 814 785 816
852 107 866 108
202 455 212 457
948 281 980 281
757 833 767 835
310 391 320 393
513 321 523 323
370 321 380 323
988 656 996 658
249 450 281 450
338 586 348 588
467 906 477 908
704 74 736 74
570 874 580 876
756 383 766 385
666 650 698 650
361 605 371 607
682 390 714 390
132 862 163 862
932 794 942 796
698 990 713 991
335 906 345 908
161 827 163 837
257 30 289 30
981 17 990 19
565 341 597 341
316 257 348 257
138 656 148 658
284 371 316 371
96 603 128 603
118 520 128 522
971 445 986 446
302 795 304 805
501 702 508 705
119 144 129 146
72 659 82 661
755 606 787 606
278 845 310 845
146 230 178 230
323 476 333 478
387 923 419 923
240 377 250 379
475 681 507 681
243 335 275 335
188 935 220 935
869 698 901 698
617 420 649 420
372 632 382 634
401 795 403 805
442 681 474 681
858 48 890 48
337 932 347 934
738 923 770 923
205 766 215 768
546 954 556 956
409 89 419 91
367 636 377 638
251 558 283 558
397 182 429 182
556 116 566 118
722 8 732 10
714 563 746 563
134 908 144 910
439 133 471 133
544 285 576 285
612 414 644 414
730 386 762 386
856 533 888 533
916 657 948 657
533 845 565 845
427 220 437 222
812 536 844 536
336 297 346 299
275 684 307 684
103 789 113 791
204 752 214 754
945 594 977 594
148 688 158 690
441 207 473 207
914 986 946 986
614 8 624 10
344 129 376 129
775 576 807 576
791 997 823 997
129 744 139 746
69 974 79 976
283 112 315 112
616 892 648 892
264 165 296 165
75 144 85 146
889 255 921 255
295 606 305 608
689 415 721 415
728 110 760 110
575 632 585 634
93 628 125 628
324 730 356 730
499 352 531 352
543 861 568 861
292 171 324 171
215 707 247 707
273 143 283 145
903 869 935 869
487 113 502 114
181 424 213 424
859 749 869 751
68 209 76 211
826 627 858 627
721 613 731 615
561 356 593 356
449 872 459 874
540 561 550 563
615 735 647 735
476 129 508 129
614 183 646 183
840 966 866 966
731 499 763 499
382 813 414 813
183 346 193 348
254 258 264 260
643 748 675 748
318 454 325 457
461 415 493 415
719 544 751 544
519 450 529 452
672 988 703 988
933 989 948 990
13 675 13 707
478 966 493 967
336 395 346 397
60 377 62 387
138 39 170 39
503 636 513 638
599 980 609 982
871 564 881 566
449 327 459 329
719 159 751 159
491 885 523 885
5 120 37 120
969 749 979 751
844 383 854 385
660 58 670 60
389 200 399 202
181 716 191 718
691 145 701 147
774 678 806 678
200 89 210 91
218 144 228 146
29 535 39 537
255 853 265 855
91 872 93 882
721 117 731 119
125 442 157 442
569 629 601 629
224 376 256 376
529 345 539 347
920 245 951 245
613 641 623 643
595 15 627 15
134 939 144 941
837 420 847 422
894 658 926 658
850 456 865 457
757 131 789 131
230 792 232 802
429 46 461 46
105 395 115 397
498 238 508 240
61 592 61 624
198 890 208 892
50 39 60 41
483 664 515 664
315 599 347 599
86 103 96 105
677 625 709 625
632 695 664 695
12 982 22 984
875 673 907 673
632 80 642 82
159 283 161 293
397 839 407 841
637 706 669 706
333 550 365 550
204 283 206 293
749 345 759 347
128 573 160 573
467 688 477 690
453 451 485 451
777 874 809 874
832 418 864 418
296 897 328 897
487 665 519 665
276 335 308 335
888 637 920 637
856 148 888 148
286 307 296 309
680 458 712 458
464 418 474 420
655 617 687 617
981 363 996 364
664 949 696 949
451 559 461 561
626 893 658 893
147 49 149 59
106 574 108 584
294 425 304 427
828 992 860 992
690 105 722 105
663 241 695 241
522 407 554 407
128 956 138 958
422 436 432 438
277 621 287 623
548 716 558 718
46 896 46 928
438 459 448 461
584 178 594 180
104 916 114 918
187 625 219 625
564 702 574 704
584 539 616 539
386 577 396 579
263 738 295 738
949 803 959 805
825 356 857 356
673 692 705 692
625 530 657 530
859 171 891 171
957 48 989 48
352 415 384 415
477 678 509 678
433 824 465 824
260 961 292 961
692 868 724 868
277 92 309 92
244 624 276 624
949 90 981 90
345 436 355 438
936 708 946 710
809 445 841 445
824 733 856 733
865 910 897 910
577 814 587 816
114 49 116 59
691 76 723 76
143 997 175 997
957 253 985 253
254 969 286 969
713 664 745 664
645 973 677 973
972 722 999 722
957 528 967 530
45 989 77 989
803 792 813 794
369 245 379 247
641 360 651 362
453 923 484 923
938 376 948 378
185 371 217 371
941 873 970 873
862 896 894 896
170 539 180 541
19 429 19 461
968 331 995 331
868 130 900 130
434 992 444 994
632 323 642 325
781 741 813 741
811 127 843 127
178 566 187 568
865 212 897 212
635 641 645 643
76 409 86 411
834 968 844 970
18 329 28 331
183 607 193 609
516 898 548 898
743 445 775 445
107 189 117 191
899 543 931 543
556 294 566 296
923 39 955 39
666 331 698 331
538 111 570 111
129 172 139 174
643 55 675 55
299 189 329 189
688 631 720 631
215 493 217 503
94 654 104 656
526 632 541 633
663 355 695 355
660 356 692 356
158 110 168 112
837 749 847 751
136 196 168 196
732 491 764 491
180 862 195 863
800 98 832 98
24 247 56 247
750 136 782 136
237 639 239 649
353 433 385 433
605 53 637 53
166 965 176 967
937 642 969 642
330 46 362 46
903 935 935 935
72 704 82 706
113 547 141 547
575 26 607 26
643 403 651 405
608 759 618 761
985 476 995 478
759 290 791 290
569 921 601 921
116 401 126 403
492 987 524 987
447 735 472 735
207 964 239 964
178 604 210 604
711 28 743 28
270 250 280 252
458 954 468 956
149 704 159 706
602 506 612 508
899 588 931 588
723 289 755 289
335 691 367 691
235 459 267 459
934 345 966 345
55 565 87 565
485 278 517 278
222 242 232 244
456 990 466 992
790 163 822 163
608 667 640 667
652 96 684 96
787 556 819 556
808 688 818 689
0 704 0 736
630 241 662 241
943 638 953 640
923 893 955 893
844 209 876 209
868 69 878 71
716 178 726 180
427 755 459 755
14 180 16 190
793 204 803 206
282 346 292 348
126 688 136 690
499 723 531 723
289 238 299 240
606 598 638 598
462 792 472 794
391 270 423 270
952 318 962 320
59 797 59 829
345 104 370 104
235 584 267 584
838 343 861 343
267 873 277 875
221 268 231 270
353 749 363 751
945 86 955 88
301 819 311 821
594 884 626 884
243 988 275 988
306 608 338 608
733 8 743 10
876 321 886 323
205 346 215 348
780 446 812 446
220 572 235 573
405 807 412 810
248 20 280 20
601 453 611 455
575 129 607 129
488 543 520 543
481 899 496 900
633 120 665 120
506 188 538 188
712 527 722 529
902 149 934 149
853 350 885 350
926 265 958 265
79 770 81 780
193 833 225 833
103 67 113 69
901 157 933 157
474 834 484 836
441 13 473 13
410 424 442 424
695 366 727 366
263 792 265 802
515 224 547 224
791 593 823 593
468 331 500 331
63 667 73 669
803 866 835 866
334 219 366 219
301 352 333 352
537 143 547 145
279 178 286 181
205 453 237 453
121 683 153 683
809 862 819 864
902 742 934 742
425 902 457 902
563 855 573 857
709 993 741 993
817 822 849 822
497 913 520 913
377 667 409 667
330 626 362 626
201 254 211 256
48 560 80 560
487 719 519 719
777 194 809 194
556 40 588 40
827 675 859 675
931 348 963 348
24 727 26 737
445 354 477 354
236 692 268 692
185 72 217 72
619 77 629 79
47 25 57 27
4 55 4 87
711 414 743 414
718 379 728 381
232 874 242 876
340 968 372 968
154 213 156 223
956 39 988 39
884 546 916 546
669 969 679 971
700 800 710 802
152 144 162 146
194 938 204 940
460 632 470 634
549 595 581 595
319 301 351 301
330 274 362 274
229 330 261 330
896 954 906 956
580 276 612 276
950 562 977 562
349 111 381 111
10 247 12 257
859 883 891 883
277 89 287 91
181 786 191 788
742 831 774 831
234 586 244 588
671 537 703 537
583 560 615 560
471 377 481 379
44 673 46 683
158 650 168 652
958 258 968 260
732 169 764 169
868 157 900 157
444 112 476 112
519 948 529 950
798 393 830 393
24 420 34 422
376 856 386 858
663 992 695 992
94 9 104 11
49 594 51 604
416 875 426 877
94 42 126 42
288 454 298 456
89 895 89 927
47 797 47 829
11 495 11 527
968 890 978 892
970 883 985 884
971 886 986 887
979 890 989 892
987 883 991 887
