20673
166 110 168 111
34 371 34 376
202 287 203 289
180 103 185 103
112 111 113 113
199 95 204 95
0 342 0 347
250 250 251 252
144 46 145 48
21 444 23 445
266 440 268 441
173 55 173 60
29 94 30 96
120 79 121 81
70 221 75 221
152 163 153 165
124 206 125 208
192 435 197 435
256 10 261 10
106 125 111 125
78 75 79 77
94 399 99 399
8 109 10 110
193 334 194 336
120 179 125 179
237 40 242 40
110 128 112 129
99 124 104 124
93 113 95 114
234 308 235 310
163 172 164 174
208 22 208 27
97 166 99 167
229 124 231 125
57 346 59 347
184 68 186 69
26 236 28 237
5 84 6 86
20 442 22 443
59 271 60 273
133 41 135 42
12 56 13 58
28 241 33 241
270 313 272 314
6 190 8 191
31 405 33 406
131 341 132 343
212 78 213 79
207 371 207 376
238 290 239 291
32 402 33 404
103 41 104 43
83 236 84 238
96 193 98 194
78 331 79 333
196 152 196 157
133 137 136 137
234 350 236 351
27 359 28 361
228 44 229 46
250 253 255 253
13 167 14 169
96 179 97 181
190 144 191 146
93 36 98 36
205 219 207 220
218 4 219 6
222 77 227 77
9 85 11 86
245 69 246 71
179 408 180 410
41 206 42 208
149 304 154 304
207 447 209 448
19 62 20 64
176 337 177 339
72 25 77 25
91 87 91 92
68 128 73 128
98 344 98 349
101 18 102 20
33 397 38 397
186 406 191 406
158 254 158 258
234 428 234 433
31 121 36 121
8 188 10 189
205 16 207 17
172 326 173 327
109 295 110 297
64 303 66 304
8 204 10 205
178 370 179 372
79 431 84 431
12 447 17 447
56 203 58 204
203 319 203 324
133 337 138 337
172 196 174 197
98 239 103 239
91 1 96 1
143 226 145 227
247 60 247 65
132 260 132 265
161 57 161 61
24 228 25 230
153 439 155 440
261 178 266 178
18 85 19 86
53 353 58 353
4 189 5 191
60 78 61 80
213 88 214 90
225 309 225 314
170 115 172 116
108 414 110 415
50 188 51 190
257 84 258 86
192 313 194 314
36 404 37 406
40 311 45 311
197 335 199 336
266 319 271 319
133 347 135 348
16 167 21 167
114 104 116 105
84 273 86 274
134 5 139 5
76 323 81 323
86 85 86 90
158 390 163 390
60 189 60 194
95 138 97 139
113 376 118 376
107 357 107 362
121 217 121 222
70 20 72 21
192 412 197 412
185 411 186 413
75 170 76 172
167 279 169 280
102 55 104 56
166 317 171 317
35 299 37 300
211 34 212 36
248 251 249 253
203 292 204 294
44 28 49 28
91 393 92 395
98 27 99 29
178 278 179 279
222 18 227 18
199 92 200 94
258 247 260 248
124 368 126 369
6 112 8 113
30 287 35 287
240 288 242 289
148 345 153 345
54 122 59 122
98 324 100 325
241 284 242 286
25 161 30 161
138 260 140 261
215 289 220 289
127 191 128 193
226 323 231 323
158 289 160 290
265 4 267 5
220 146 225 146
192 53 194 54
37 218 38 220
102 32 105 32
62 126 67 126
268 241 273 241
110 200 112 201
207 84 209 85
235 392 240 392
112 372 114 373
178 91 179 93
87 162 88 163
87 83 87 88
29 219 34 219
186 339 187 341
179 442 181 443
9 82 10 84
116 257 121 257
190 104 195 104
241 168 246 168
92 424 97 424
55 371 57 372
240 165 242 166
231 213 232 215
12 43 14 44
246 421 248 422
63 238 68 238
39 296 44 296
20 51 25 51
124 142 126 143
169 278 174 278
38 70 43 70
128 213 128 218
171 249 173 250
196 343 201 343
184 366 184 371
216 263 216 268
124 244 129 244
218 332 219 334
63 380 63 385
151 64 156 64
22 446 24 447
144 257 144 262
17 45 22 45
57 150 57 155
191 232 191 237
244 335 249 335
110 14 115 14
123 127 123 132
127 237 132 237
59 388 60 390
54 291 55 293
97 334 98 336
79 120 84 120
195 27 197 28
185 394 186 395
63 271 64 273
223 242 224 244
117 368 118 370
12 256 12 261
236 364 237 366
236 87 238 88
198 161 200 162
225 340 227 341
116 164 121 164
157 285 159 286
31 13 31 18
114 379 116 380
55 187 55 192
53 97 58 97
168 310 173 310
120 6 122 7
134 122 139 122
117 292 118 294
110 360 111 362
258 38 259 40
252 441 252 446
89 80 89 85
204 358 204 363
49 289 51 290
40 309 45 309
31 220 32 222
77 121 82 121
106 450 108 451
204 185 209 185
241 347 242 349
273 209 274 211
50 269 55 269
55 288 56 290
250 64 252 65
40 425 45 425
206 384 207 386
170 46 170 51
154 6 154 11
176 130 177 132
205 187 210 187
180 64 185 64
266 151 271 151
235 399 240 399
133 175 135 176
257 31 259 32
208 209 213 209
200 413 202 414
71 179 76 179
52 289 54 290
121 368 123 369
136 175 141 175
219 278 224 278
54 272 55 274
26 186 30 186
229 349 234 349
164 122 165 124
40 197 42 198
61 383 61 388
41 250 43 251
117 87 117 92
185 89 185 94
116 217 117 219
91 440 91 445
194 449 199 449
13 244 18 244
231 424 236 424
67 45 68 47
78 287 83 287
48 1 49 3
199 22 204 22
117 22 118 24
44 171 45 173
163 422 163 427
92 35 97 35
4 8 4 13
217 61 217 66
70 67 70 72
194 88 195 90
265 240 270 240
224 422 229 422
209 219 209 223
247 395 252 395
22 7 23 9
177 261 182 261
89 448 90 449
256 115 257 117
237 85 242 85
216 107 217 109
93 443 98 443
96 16 101 16
48 204 49 206
148 223 149 225
111 88 112 90
189 405 194 405
11 404 16 404
123 161 128 161
6 58 6 63
104 165 109 165
193 216 193 221
21 131 22 133
162 420 167 420
186 281 188 282
159 195 160 197
149 26 151 27
166 251 168 252
66 446 68 447
251 433 256 433
234 139 239 139
233 116 235 117
57 148 62 148
20 158 22 159
56 252 57 254
92 122 94 123
81 302 86 302
194 39 194 44
157 300 159 301
90 173 91 175
160 261 161 263
114 434 114 439
155 132 160 132
259 321 259 326
150 221 155 221
85 407 86 409
267 280 267 285
124 343 125 345
106 298 107 300
28 24 33 24
270 247 271 249
54 123 59 123
197 328 199 329
17 355 19 356
173 330 174 332
272 379 274 380
52 328 57 328
134 135 139 135
209 294 210 296
8 38 8 43
33 232 34 234
235 275 236 277
158 279 163 279
153 153 154 155
211 304 211 309
242 55 243 57
81 113 83 114
87 233 87 238
149 156 149 161
69 52 74 52
165 350 166 352
54 349 59 349
200 400 205 400
127 229 132 229
35 14 40 14
173 33 174 35
201 13 202 15
95 86 96 88
244 376 249 376
155 250 160 250
199 16 204 16
244 22 246 23
208 227 208 232
160 162 161 164
245 291 249 291
91 29 92 30
111 442 116 442
88 87 90 88
11 158 16 158
188 50 188 55
71 102 72 104
101 184 106 184
244 62 245 63
33 220 34 222
90 58 90 63
96 345 97 347
166 142 171 142
173 370 175 371
266 217 268 218
209 176 214 176
134 232 139 232
96 304 97 306
152 29 152 34
47 261 52 261
168 437 173 437
266 141 268 142
148 156 148 161
25 340 26 342
181 363 183 364
36 343 37 345
181 89 183 90
243 75 245 76
84 250 86 251
24 46 26 47
67 53 72 53
28 401 28 406
173 376 178 376
39 231 41 232
16 218 17 220
105 445 110 445
154 374 154 379
160 118 160 123
53 393 53 398
95 133 100 133
73 178 78 178
202 52 207 52
80 175 82 176
150 296 152 297
118 177 119 179
18 191 23 191
105 224 106 226
128 84 130 85
139 251 144 251
44 152 45 154
72 83 74 84
124 165 126 166
238 406 243 406
166 438 168 439
104 6 104 11
76 364 77 366
172 55 172 60
21 250 22 252
91 8 92 10
181 0 181 5
73 341 73 346
263 12 264 14
65 143 65 148
139 100 144 100
268 111 269 113
73 194 75 195
57 232 62 232
141 248 146 248
256 249 258 250
122 5 127 5
210 353 210 358
115 122 117 123
142 203 142 208
270 38 270 43
9 58 10 60
135 335 140 335
269 114 271 115
135 405 137 406
130 96 132 97
136 283 141 283
89 328 89 333
237 27 239 28
97 446 102 446
25 300 25 305
192 403 196 403
97 330 98 332
193 187 198 187
232 84 232 89
118 207 123 207
105 91 105 96
273 298 273 303
201 177 206 177
41 264 41 269
182 224 183 225
39 190 39 195
63 401 68 401
220 438 225 438
85 228 87 229
193 266 198 266
27 98 31 98
10 129 15 129
90 328 90 333
178 417 183 417
41 20 46 20
85 236 86 238
28 21 33 21
146 46 147 48
240 210 241 212
179 394 184 394
88 52 90 53
16 213 17 215
250 368 251 370
251 318 253 319
208 368 208 373
141 139 146 139
162 143 164 144
144 284 146 285
102 272 107 272
35 294 36 296
264 403 266 404
63 32 68 32
134 177 136 178
24 398 24 403
76 430 81 430
243 15 243 20
82 397 87 397
66 197 66 202
58 309 63 309
17 377 18 378
158 4 160 5
201 267 203 268
258 188 258 193
131 180 136 180
119 388 120 390
72 98 74 99
45 390 50 390
53 422 58 422
260 367 261 369
140 15 142 16
127 10 129 11
73 206 75 207
185 432 186 434
150 23 151 25
265 256 270 256
270 426 271 428
23 156 23 161
15 186 19 186
272 431 272 436
137 234 142 234
25 195 26 197
112 408 117 408
220 372 225 372
231 138 236 138
29 25 34 25
254 300 254 304
208 48 208 53
212 257 214 258
106 6 106 11
152 289 154 290
207 303 212 303
73 196 78 196
273 304 274 306
264 301 265 303
225 153 227 154
83 448 85 449
35 97 40 97
141 385 142 387
133 122 133 127
103 257 104 259
213 84 218 84
92 244 92 249
142 157 147 157
84 197 85 199
118 215 123 215
213 242 214 244
266 241 267 243
227 96 229 97
236 369 241 369
54 369 54 374
33 340 34 342
19 38 20 40
255 266 260 266
249 417 254 417
171 356 176 356
49 202 51 203
118 16 118 21
169 58 170 60
107 365 109 366
242 72 244 73
55 363 60 363
176 444 181 444
108 43 108 48
62 149 62 154
82 93 87 93
23 369 28 369
256 103 261 103
154 340 159 340
41 432 46 432
44 264 49 264
72 367 74 368
30 401 30 406
231 372 236 372
98 38 98 43
104 45 106 46
249 351 254 351
46 235 47 237
182 321 187 321
55 391 60 391
155 342 156 344
174 400 175 402
246 18 251 18
145 150 150 150
88 27 89 28
186 221 186 225
108 428 109 430
168 366 169 368
31 250 36 250
171 195 176 195
141 45 146 45
127 427 129 428
261 400 266 400
202 56 207 56
250 283 255 283
143 38 143 43
75 328 77 329
49 131 50 133
185 104 185 109
127 102 128 104
117 159 118 161
22 145 23 147
43 310 48 310
146 1 147 3
25 382 26 384
159 187 164 187
222 427 227 427
150 388 151 390
211 0 216 0
159 254 161 255
266 394 267 396
110 354 110 359
69 275 71 276
176 141 176 145
98 421 100 422
128 173 129 175
162 284 163 286
92 336 93 338
73 369 78 369
226 406 231 406
222 245 227 245
77 26 82 26
195 152 195 157
35 120 40 120
95 196 98 196
168 281 173 281
159 391 164 391
268 354 273 354
60 244 65 244
167 284 168 286
50 299 55 299
192 144 193 146
155 247 156 249
88 173 89 175
159 49 160 51
245 196 250 196
125 438 127 439
220 442 221 444
193 45 193 50
243 339 244 341
25 139 25 144
195 82 200 82
187 187 192 187
202 423 203 425
36 210 37 212
52 185 52 190
38 73 39 75
210 89 212 90
234 129 235 131
22 275 23 277
212 182 214 183
137 211 137 216
48 438 51 438
191 366 192 368
52 392 57 392
83 8 84 10
165 186 167 187
12 177 13 179
110 440 112 441
176 408 176 413
269 152 270 154
131 181 136 181
81 69 82 71
71 168 71 173
119 72 124 72
216 99 221 99
238 318 243 318
131 247 136 247
61 246 62 248
11 411 16 411
160 53 161 55
110 12 112 13
264 181 264 186
137 75 139 76
182 282 184 283
52 292 52 297
233 227 235 228
98 179 99 181
155 289 157 290
272 244 273 245
159 280 161 281
163 316 163 321
261 320 266 320
182 451 184 452
3 370 4 372
175 438 180 438
123 217 123 222
223 310 224 312
120 48 120 53
162 236 162 241
73 138 73 143
170 52 170 57
44 267 46 268
235 374 236 376
13 201 14 203
273 412 274 414
11 369 16 369
131 27 136 27
71 391 72 393
239 213 240 215
200 159 205 159
117 295 117 299
141 218 143 219
234 62 234 66
72 325 73 327
29 158 31 159
179 121 181 122
116 16 116 21
223 222 224 223
168 36 169 38
198 83 199 85
96 392 101 392
81 369 82 371
108 130 108 133
271 369 272 370
145 332 146 334
261 125 261 130
182 226 187 226
253 252 258 252
14 87 19 87
218 400 222 400
15 24 20 24
18 316 19 318
95 429 97 430
112 122 114 123
112 448 114 449
30 141 31 143
163 190 165 191
52 372 53 374
67 429 72 429
199 38 201 39
219 213 219 218
43 346 44 347
59 392 59 397
17 52 18 54
143 373 144 375
70 326 71 328
77 422 78 424
116 78 117 80
76 273 77 275
37 359 38 361
246 197 248 198
30 146 31 148
148 87 148 92
81 233 83 234
148 291 153 291
72 163 77 163
61 190 66 190
32 158 33 160
230 1 231 3
231 431 231 436
271 80 272 82
44 165 44 170
67 178 72 178
223 248 223 253
182 149 187 149
121 21 122 23
23 38 24 40
264 40 264 45
221 242 222 244
126 351 128 352
200 275 202 276
86 448 88 449
29 15 30 17
201 313 203 314
268 43 268 48
118 92 123 92
77 407 79 408
90 301 95 301
127 444 132 444
200 257 200 262
193 423 195 424
69 149 69 154
192 88 193 90
134 243 139 243
247 220 247 225
117 118 118 120
163 446 168 446
220 172 225 172
257 341 259 342
144 244 149 244
58 150 58 155
125 127 125 132
213 404 218 404
216 39 218 40
247 207 247 212
71 297 76 297
91 398 93 399
172 30 177 30
248 105 253 105
90 376 90 380
77 208 79 209
67 48 72 48
15 38 16 40
92 362 92 367
16 313 18 314
211 111 212 113
255 381 255 385
214 398 216 399
239 339 240 341
136 223 137 225
236 425 236 430
15 232 15 237
76 206 78 207
161 214 163 215
104 40 109 40
209 197 214 197
16 4 16 9
238 376 243 376
201 27 202 29
177 380 179 381
55 382 56 384
65 151 66 153
7 300 7 305
54 341 56 342
268 242 273 242
232 212 237 212
16 188 18 189
31 22 33 23
126 274 127 276
119 318 120 320
73 79 75 80
218 423 223 423
226 363 231 363
171 307 173 308
238 50 243 50
152 15 154 16
148 144 149 146
121 436 123 437
104 295 105 297
156 242 161 242
122 310 127 310
17 57 18 59
105 124 110 124
263 129 268 129
127 249 132 249
198 5 203 5
239 87 241 88
58 202 63 202
211 242 212 244
91 219 96 219
190 95 190 100
1 185 1 190
271 352 273 353
4 74 6 75
16 26 16 31
84 378 85 380
64 78 64 81
139 331 140 333
252 226 253 228
7 164 8 166
166 166 171 166
196 283 197 285
106 268 107 270
137 21 138 23
68 79 68 84
207 292 209 293
193 269 198 269
0 18 0 23
60 382 60 387
208 331 208 336
55 127 55 132
266 24 268 25
14 218 15 220
219 174 221 175
90 133 90 138
57 318 61 318
88 81 88 86
131 284 132 286
243 292 244 294
107 121 110 121
156 404 156 409
227 118 228 120
212 30 213 32
105 62 107 63
64 443 65 445
215 70 217 71
132 214 132 219
183 52 183 57
177 67 179 68
195 216 196 218
86 214 88 215
186 24 186 29
188 113 190 114
92 87 92 92
197 20 198 22
119 75 120 77
46 340 47 342
188 346 190 347
239 347 240 349
125 138 130 138
89 366 89 371
12 64 12 69
66 219 67 221
83 26 84 28
148 256 153 256
194 414 199 414
113 96 118 96
145 149 150 149
46 392 51 392
145 144 147 145
183 161 188 161
56 8 61 8
59 306 61 307
76 221 81 221
240 27 245 27
211 321 211 326
129 343 129 348
118 162 123 162
129 245 134 245
179 0 179 5
23 55 25 56
181 408 183 409
12 9 13 11
268 84 269 86
210 321 210 326
147 235 152 235
185 326 187 327
227 69 229 70
215 396 217 397
233 185 234 187
60 237 65 237
142 156 147 156
23 64 23 69
52 205 57 205
149 203 151 204
78 95 83 95
267 225 272 225
113 138 114 140
126 292 128 293
72 7 74 8
241 403 245 403
128 315 130 316
190 288 190 291
3 195 4 197
247 176 252 176
258 13 260 14
114 193 119 193
214 303 214 308
207 137 209 138
31 35 36 35
169 72 174 72
126 182 128 183
14 183 15 185
111 196 112 198
228 67 230 68
118 122 120 123
243 189 243 194
129 240 134 240
110 169 115 169
222 431 223 433
11 365 12 367
112 21 112 26
210 368 210 373
99 21 104 21
236 412 240 412
114 90 115 92
79 402 84 402
262 297 267 297
244 127 245 129
216 117 221 117
215 6 215 11
146 436 151 436
9 182 9 187
213 111 214 113
53 348 58 348
252 269 257 269
138 447 143 447
126 147 131 147
171 25 171 30
0 36 0 41
196 297 197 299
115 281 116 282
56 48 58 49
49 190 49 195
135 143 137 144
156 323 157 325
258 8 259 9
261 318 266 318
233 144 234 146
222 202 223 204
42 286 47 286
13 394 15 395
228 93 233 93
170 25 170 30
214 276 215 278
125 34 127 35
84 428 89 428
266 350 271 350
205 318 206 320
240 139 241 141
144 325 145 327
242 15 242 20
161 363 162 365
115 147 117 148
179 335 179 339
242 270 247 270
4 76 6 77
62 352 67 352
181 177 181 182
248 128 248 133
204 193 206 194
199 266 204 266
224 430 226 431
182 205 182 210
120 21 120 24
98 264 100 265
225 436 227 437
91 378 92 380
133 260 134 262
184 343 189 343
108 27 113 27
204 239 205 241
194 213 196 214
132 350 134 351
69 49 70 51
259 4 261 5
55 380 57 381
74 378 75 380
7 56 8 58
248 139 250 140
86 197 87 199
24 370 29 370
204 371 205 373
130 283 135 283
156 106 161 106
107 178 112 178
1 74 1 79
131 47 132 49
194 448 197 448
104 264 106 265
257 262 258 264
210 311 212 312
43 380 48 380
268 266 269 268
235 416 236 418
207 37 208 38
2 435 3 437
14 222 19 222
64 309 65 311
36 36 36 41
199 365 200 367
209 274 209 279
239 199 241 200
53 428 54 430
203 413 205 414
19 322 20 324
272 167 273 169
167 156 168 158
214 102 215 104
222 174 223 176
88 204 93 204
232 265 232 270
55 298 60 298
167 216 172 216
133 427 134 429
235 196 236 198
205 18 207 19
252 344 253 346
0 282 0 287
2 195 2 200
211 75 216 75
204 96 205 98
65 172 66 174
87 250 89 251
180 146 182 147
106 391 111 391
38 165 39 167
37 190 37 195
244 172 245 174
66 309 67 311
149 38 149 42
115 335 117 336
173 359 178 359
192 360 192 365
183 305 183 310
86 102 87 103
85 119 87 120
232 414 237 414
150 185 151 187
15 56 20 56
112 353 112 358
116 6 117 8
10 40 10 45
56 287 61 287
239 223 241 224
38 86 39 88
42 287 47 287
0 324 0 329
258 90 259 91
23 52 24 54
112 125 117 125
25 221 30 221
251 5 252 7
124 222 128 222
207 242 208 244
255 287 256 288
250 56 251 57
173 409 173 414
159 175 164 175
259 188 259 193
57 288 57 293
189 264 193 264
1 417 1 422
102 187 104 188
83 292 85 293
24 156 26 157
132 68 132 73
166 212 167 214
129 54 131 55
3 26 4 28
7 269 8 271
196 101 197 103
154 205 156 206
254 50 257 50
104 394 106 395
230 174 231 176
153 80 153 85
8 397 9 399
124 283 129 283
221 199 222 201
59 105 63 105
50 444 55 444
271 190 273 191
125 189 130 189
227 27 227 32
69 146 70 148
163 360 167 360
112 10 114 11
92 382 95 382
170 74 171 76
166 279 166 284
197 6 202 6
64 426 65 428
77 299 82 299
217 426 221 426
135 24 136 26
219 0 224 0
187 68 189 69
108 253 108 256
44 189 45 191
233 342 238 342
179 232 179 237
256 211 257 213
115 84 116 86
63 43 68 43
29 401 29 406
145 373 146 375
12 437 13 439
52 309 57 309
216 427 221 427
74 220 79 220
224 176 227 176
1 38 2 40
57 443 59 444
124 196 124 201
211 101 211 106
35 122 40 122
77 242 79 243
191 55 196 55
134 372 139 372
243 169 244 171
138 17 143 17
220 260 223 260
166 77 166 82
246 375 251 375
208 101 210 102
155 413 160 413
82 191 87 191
39 66 44 66
146 173 147 175
228 360 230 361
89 356 90 358
16 183 17 185
85 192 90 192
101 356 101 361
161 394 166 394
238 174 239 176
18 213 19 215
18 254 19 256
154 142 159 142
233 205 235 206
184 63 189 63
5 195 6 197
20 110 25 110
62 123 63 125
68 443 69 445
261 217 261 222
139 208 141 209
42 111 43 113
142 343 143 344
184 89 184 94
203 20 205 21
138 397 143 397
243 59 248 59
162 325 164 326
9 146 10 148
78 250 83 250
84 404 85 406
177 416 182 416
132 321 133 323
215 134 217 135
222 316 222 321
242 320 243 322
88 189 93 189
265 123 267 124
188 116 190 117
92 141 94 142
6 78 6 83
91 140 96 140
10 134 10 138
192 51 194 52
231 54 236 54
216 303 221 303
265 253 266 255
153 248 154 250
229 149 230 151
45 395 46 397
238 202 242 202
194 431 199 431
100 335 101 337
200 24 201 26
241 4 246 4
134 226 139 226
93 366 93 371
35 340 37 341
62 137 67 137
202 74 207 74
32 314 37 314
147 386 152 386
109 38 111 39
60 241 61 243
215 203 216 205
198 144 203 144
53 420 55 421
246 55 247 57
91 133 91 138
222 143 223 145
268 270 268 275
24 343 29 343
170 229 170 234
99 275 104 275
10 362 10 367
222 408 223 410
223 44 227 44
133 336 138 336
1 173 1 178
71 148 71 153
21 279 23 280
115 372 117 373
170 362 170 366
160 361 165 361
258 352 259 354
259 249 261 250
37 135 38 137
142 381 143 383
111 124 116 124
88 68 89 70
150 171 151 173
203 310 204 312
42 284 44 285
256 194 258 195
10 404 10 409
76 20 77 21
41 312 46 312
229 407 229 412
97 1 102 1
213 303 213 308
120 157 122 158
264 333 265 335
251 147 253 148
182 366 182 371
170 443 171 445
176 393 181 393
22 448 24 449
102 31 106 31
47 105 52 105
59 189 59 194
111 381 116 381
263 187 264 188
229 121 230 123
17 38 18 40
184 30 189 30
107 71 109 72
163 363 164 365
189 94 194 94
18 450 23 450
38 200 38 205
104 38 106 39
38 112 39 114
180 100 181 102
157 39 162 39
144 17 144 22
145 355 150 355
80 75 82 76
155 74 159 74
53 108 58 108
12 274 13 276
247 292 248 294
92 343 94 344
248 318 250 319
90 354 92 355
192 406 193 408
23 185 28 185
188 235 190 236
38 217 43 217
214 408 215 410
107 19 109 20
194 380 195 382
11 55 11 60
233 415 238 415
170 145 170 150
159 184 160 186
4 250 9 250
271 187 272 189
25 446 26 448
191 213 193 214
30 340 32 341
54 275 55 277
41 97 46 97
222 50 222 55
60 152 61 154
29 128 34 128
109 251 114 251
103 6 103 11
37 238 42 238
168 151 170 152
121 48 121 53
109 258 114 258
126 53 131 53
32 98 37 98
13 329 14 331
260 401 265 401
126 119 127 121
77 110 78 112
41 443 46 443
223 114 228 114
17 26 17 31
238 210 239 212
13 78 18 78
71 209 76 209
79 442 83 442
249 8 251 9
156 293 160 293
42 356 47 356
157 449 158 451
194 436 194 441
189 445 191 446
102 22 104 23
152 223 153 225
115 228 120 228
226 66 231 66
193 0 193 5
82 262 84 263
88 327 93 327
273 200 274 201
143 331 144 333
21 46 23 47
44 265 46 266
80 147 81 149
125 133 126 135
167 272 168 274
26 402 26 407
8 260 8 264
87 47 92 47
217 398 219 399
111 414 113 415
224 56 225 57
69 406 74 406
118 29 120 30
108 443 113 443
138 40 138 45
268 0 270 1
58 96 63 96
201 257 201 262
34 404 35 406
197 142 199 143
81 450 86 450
109 138 110 140
45 357 46 359
116 398 116 403
101 208 102 210
243 317 247 317
203 396 208 396
67 376 69 377
57 428 59 429
98 376 98 381
201 19 202 21
66 443 67 445
6 298 8 299
207 318 208 320
2 41 2 46
76 86 77 88
249 165 249 170
257 393 262 393
94 87 94 92
73 216 74 218
61 238 62 240
181 65 186 65
87 347 92 347
98 313 103 313
256 38 257 40
227 191 232 191
159 323 159 328
112 363 114 364
78 216 80 217
31 144 33 145
188 143 193 143
208 62 213 62
78 325 78 330
237 264 237 269
123 167 124 169
72 214 74 215
43 187 45 188
270 71 272 72
201 358 201 363
107 363 108 364
225 378 227 379
29 71 30 72
54 294 55 296
57 145 62 145
155 304 155 307
232 197 234 198
119 189 124 189
250 149 251 151
63 168 64 170
191 70 192 72
105 200 106 202
189 91 190 93
209 111 210 113
84 233 86 234
51 346 53 347
106 74 108 75
61 160 63 161
49 395 50 397
170 367 172 368
129 143 134 143
229 4 234 4
151 153 152 155
140 309 142 310
134 12 139 12
215 115 220 115
117 284 118 286
105 216 106 218
215 446 220 446
94 391 99 391
137 238 138 240
160 443 161 445
195 100 200 100
139 194 140 196
262 281 263 283
59 129 60 131
96 152 97 154
80 66 80 71
138 211 138 216
102 179 104 180
210 12 211 14
237 288 239 289
249 426 249 431
113 170 114 172
20 138 25 138
170 97 170 102
13 357 15 358
262 170 267 170
189 441 189 444
145 418 146 420
95 278 96 280
272 319 272 324
217 3 222 3
182 248 187 248
98 286 103 286
7 206 8 208
185 296 190 296
160 235 165 235
262 249 267 249
104 376 109 376
57 32 62 32
69 446 71 447
93 18 98 18
52 245 53 247
22 363 23 365
207 195 207 200
271 348 273 349
25 360 26 362
66 104 68 105
171 32 172 34
226 309 226 314
197 315 201 315
163 26 164 28
109 43 109 48
144 316 146 317
171 80 173 81
69 398 70 400
176 9 181 9
200 121 205 121
53 297 58 297
78 210 81 210
95 2 96 4
32 442 34 443
107 41 109 42
123 362 128 362
204 368 205 370
57 334 62 334
110 402 110 407
199 116 204 116
246 5 248 6
119 383 121 384
110 46 111 48
269 87 273 87
118 12 119 14
219 309 224 309
135 182 137 183
105 43 107 44
38 126 40 127
216 424 218 425
42 192 44 193
231 282 236 282
18 332 18 337
178 333 183 333
92 356 92 361
246 46 247 48
247 153 252 153
238 32 243 32
148 383 150 384
273 152 274 154
209 12 209 17
35 0 35 5
216 277 218 278
250 226 251 228
128 372 133 372
196 66 197 68
113 69 114 71
129 130 134 130
46 161 48 162
59 214 61 215
18 228 19 230
21 206 26 206
150 57 151 59
75 216 77 217
192 260 197 260
19 248 21 249
7 170 8 172
120 131 120 136
223 326 223 331
161 216 166 216
147 192 152 192
243 288 248 288
185 70 190 70
66 449 68 450
88 147 90 148
37 121 42 121
54 80 56 81
205 321 207 322
246 323 251 323
61 139 62 141
195 249 200 249
91 331 92 333
109 260 111 261
114 268 115 270
54 193 55 195
33 315 33 320
88 242 90 243
54 257 59 257
94 242 94 247
173 232 174 234
129 373 130 375
82 40 82 45
210 30 211 32
44 345 48 345
56 118 61 118
128 93 133 93
16 171 16 174
1 345 2 347
56 95 61 95
37 96 42 96
154 194 155 196
131 211 132 213
162 428 167 428
112 153 113 155
16 230 16 235
228 185 228 190
117 81 117 86
169 233 169 238
62 383 62 388
216 82 221 82
245 10 250 10
32 135 33 137
114 103 118 103
17 322 18 324
31 292 36 292
4 71 9 71
67 344 69 345
220 406 225 406
5 393 10 393
208 103 208 108
238 287 243 287
108 185 113 185
269 42 269 47
37 32 39 33
94 174 95 176
67 369 72 369
81 63 81 68
207 77 212 77
103 122 105 123
108 166 109 168
233 106 238 106
234 83 234 88
182 235 184 236
127 441 129 442
42 433 43 435
58 288 58 293
140 377 145 377
168 443 169 445
69 171 70 173
104 92 104 97
206 121 210 121
111 138 112 140
248 349 250 350
121 363 123 364
110 366 115 366
199 91 204 91
181 262 181 267
195 293 200 293
231 172 233 173
18 190 23 190
189 365 189 370
47 131 48 133
192 433 194 434
239 342 244 342
109 402 109 407
5 311 5 316
64 101 65 103
138 330 143 330
36 30 41 30
21 273 23 274
233 169 234 171
159 433 164 433
17 233 19 234
59 133 62 133
102 185 107 185
161 421 166 421
206 20 207 22
39 134 40 136
133 47 135 48
248 217 248 222
269 304 270 306
57 382 58 384
76 280 78 281
149 289 151 290
65 278 70 278
156 264 161 264
106 428 107 430
80 74 85 74
267 20 272 20
38 52 39 54
75 124 77 125
179 396 181 397
203 44 204 46
83 300 88 300
76 422 76 427
184 109 184 114
259 17 261 18
208 321 209 323
206 24 206 29
58 183 58 188
223 276 228 276
156 48 161 48
170 123 171 125
146 111 147 113
152 390 157 390
40 26 42 27
232 207 237 207
145 430 147 431
211 63 211 68
116 53 117 55
65 124 67 125
8 195 9 197
5 177 5 182
78 446 80 447
130 278 135 278
79 200 80 202
159 69 161 70
270 229 270 234
274 225 274 230
72 91 74 92
113 145 118 145
43 22 45 23
66 48 66 53
112 420 117 420
128 333 129 335
240 93 244 93
167 385 168 387
57 294 59 295
94 109 96 110
230 372 230 377
123 194 125 195
190 136 191 138
42 138 44 139
207 152 211 152
201 196 201 201
93 5 93 10
264 241 265 243
64 64 66 65
54 127 54 132
120 182 122 183
56 98 57 100
168 185 169 187
235 202 237 203
43 436 48 436
88 221 93 221
110 348 110 353
242 219 247 219
234 1 235 3
244 287 248 287
260 30 261 32
6 272 8 273
185 121 186 123
30 338 35 338
222 140 224 141
73 40 74 42
207 331 207 336
135 339 140 339
56 227 61 227
120 225 122 226
43 319 46 319
238 196 238 201
29 12 30 14
44 163 49 163
186 112 187 114
10 357 12 358
217 5 217 10
213 44 214 46
96 126 101 126
194 410 196 411
207 33 212 33
243 202 248 202
132 179 137 179
127 424 129 425
199 435 200 437
154 171 155 172
188 441 188 446
129 128 131 129
76 147 77 148
223 294 224 296
78 282 83 282
45 394 50 394
99 411 100 413
207 66 208 68
231 311 233 312
183 61 185 62
196 149 198 150
156 244 158 245
128 156 129 158
165 254 166 256
157 191 162 191
151 217 152 219
272 416 274 417
270 420 270 425
11 266 16 266
155 377 156 379
163 233 165 234
114 382 119 382
215 111 216 113
87 167 89 168
22 154 24 155
262 4 264 5
209 134 214 134
85 294 85 299
6 98 7 100
183 205 188 205
93 345 94 347
213 340 215 341
206 211 206 216
19 101 20 103
231 183 231 188
24 145 24 150
252 388 257 388
229 311 230 313
33 290 35 291
88 366 88 371
118 194 119 196
139 398 140 399
60 253 62 254
255 423 256 425
144 101 145 103
87 369 87 374
265 130 266 132
75 36 76 38
133 246 137 246
65 273 70 273
83 197 83 200
173 91 174 93
58 42 59 44
0 159 2 160
55 282 55 287
145 20 146 21
212 216 212 221
48 370 49 372
109 234 111 235
182 46 187 46
226 419 228 420
72 378 73 380
55 350 60 350
61 184 61 189
267 67 272 67
1 363 1 368
149 359 154 359
187 27 188 29
129 77 133 77
191 359 196 359
42 304 47 304
152 170 153 172
99 233 101 234
38 441 39 443
7 329 8 331
93 407 98 407
175 168 176 170
196 70 196 74
102 277 102 282
57 249 59 250
166 180 167 182
170 250 170 255
92 155 97 155
30 113 31 115
242 21 243 23
100 430 105 430
79 85 84 85
272 325 274 326
157 254 157 258
56 360 57 362
233 360 235 361
239 201 244 201
144 203 144 208
179 446 180 448
197 70 197 74
31 186 34 186
12 180 12 185
116 349 117 351
206 134 208 135
27 407 32 407
200 272 201 274
33 407 37 407
211 426 216 426
247 22 249 23
34 119 39 119
107 127 112 127
212 371 212 376
210 137 211 139
16 333 16 338
210 304 210 309
99 401 104 401
68 148 68 153
50 439 55 439
124 328 128 328
55 232 56 234
118 79 119 81
92 66 93 68
158 329 163 329
110 447 111 449
256 251 261 251
102 176 107 176
143 407 148 407
111 40 111 45
206 368 207 370
175 332 180 332
148 168 150 169
24 349 28 349
273 65 274 67
75 214 77 215
212 184 217 184
34 192 35 194
135 427 136 429
32 196 37 196
182 110 182 115
118 372 120 373
24 347 29 347
184 67 189 67
33 52 37 52
247 226 247 231
268 386 270 387
119 290 121 291
188 274 193 274
201 365 203 366
186 138 186 143
57 63 62 63
103 78 105 79
66 317 71 317
242 227 243 229
46 369 51 369
20 85 21 87
141 252 141 257
36 18 38 19
143 141 145 142
168 30 168 35
63 449 65 450
269 24 271 25
68 305 69 307
10 52 10 57
26 158 28 159
232 174 233 176
61 77 66 77
258 373 258 378
89 86 94 86
97 276 102 276
134 93 139 93
144 179 149 179
228 314 233 314
256 34 258 35
30 300 31 302
188 294 190 295
94 19 96 20
123 155 123 160
76 277 77 279
141 131 141 136
114 68 119 68
238 115 239 117
146 13 147 15
114 425 119 425
94 316 95 318
143 78 147 78
25 367 27 368
59 38 64 38
48 207 48 212
51 341 53 342
97 431 102 431
155 371 155 376
132 74 133 76
16 136 21 136
64 120 64 125
211 429 215 429
204 196 204 201
243 347 244 349
217 283 218 285
240 290 241 292
176 367 176 372
180 278 182 279
47 85 47 90
216 62 216 67
45 331 46 333
175 127 177 128
169 61 174 61
111 3 111 8
161 265 166 265
23 60 25 61
193 95 193 100
30 378 31 380
124 88 124 93
242 156 247 156
84 427 89 427
12 186 14 187
135 373 136 375
53 432 58 432
174 281 179 281
15 423 15 428
32 100 37 100
119 15 124 15
54 245 55 247
253 222 254 224
104 115 105 117
189 432 194 432
127 98 132 98
43 444 48 444
233 108 238 108
255 431 260 431
102 6 102 11
193 340 195 341
67 263 72 263
50 433 51 435
115 398 115 403
82 331 83 333
150 263 150 268
224 187 224 192
105 73 109 73
160 345 161 347
85 140 90 140
206 256 206 261
208 289 213 289
272 198 274 199
265 164 266 166
167 249 169 250
101 255 102 257
95 78 95 83
8 300 8 305
4 256 4 261
70 35 72 36
56 375 57 377
72 443 73 445
233 84 233 89
112 204 112 209
236 378 241 378
164 419 169 419
194 45 194 50
216 102 217 104
241 367 246 367
43 77 44 78
98 138 100 139
22 387 23 389
79 359 81 360
151 137 156 137
86 220 91 220
215 303 215 308
261 1 262 3
122 376 124 377
14 317 15 319
200 225 202 226
223 183 225 184
254 249 255 251
168 406 173 406
261 330 262 332
68 137 73 137
39 174 39 179
201 92 202 94
89 127 90 129
125 178 130 178
203 286 208 286
201 7 201 12
80 264 85 264
222 421 227 421
273 400 274 402
26 71 28 72
246 139 246 143
170 276 175 276
205 66 206 68
270 62 271 64
80 415 81 417
34 419 38 419
43 89 43 94
120 112 121 114
19 300 19 305
188 265 193 265
224 369 229 369
80 244 85 244
78 449 80 450
146 206 146 211
73 39 78 39
107 231 108 233
267 226 272 226
86 99 88 100
57 45 58 47
222 99 227 99
65 270 66 272
184 378 185 380
253 22 255 23
223 216 228 216
7 257 7 262
76 324 81 324
82 318 87 318
61 68 63 69
105 6 105 11
230 100 231 102
35 232 37 233
247 284 248 286
54 338 59 338
196 188 197 190
19 319 24 319
73 109 78 109
85 328 85 333
75 434 77 435
76 303 78 304
147 20 149 21
44 89 44 94
95 213 95 218
34 0 34 5
207 294 208 296
128 322 129 324
204 273 206 274
102 372 102 377
93 323 98 323
164 155 164 160
206 372 206 377
64 425 69 425
20 163 25 163
40 6 42 7
186 438 187 440
192 176 193 178
200 7 200 12
52 433 53 435
61 64 63 65
241 298 243 299
91 192 93 193
111 311 112 313
58 73 60 74
93 328 93 333
130 43 135 43
105 442 110 442
205 231 206 233
40 86 42 87
72 107 77 107
99 18 100 20
8 266 10 267
62 118 64 119
115 11 120 11
115 222 116 224
196 261 197 263
48 19 48 24
100 198 100 203
126 126 126 131
248 355 249 357
24 231 26 232
104 377 109 377
174 3 175 5
18 423 18 428
180 212 181 214
146 281 147 283
258 6 260 7
142 73 144 74
104 53 109 53
126 450 131 450
139 49 144 49
13 195 13 200
135 54 137 55
234 99 235 101
86 334 88 335
0 363 0 368
126 61 131 61
165 217 170 217
80 292 82 293
82 295 84 296
165 49 166 51
44 216 46 217
149 113 149 118
138 419 138 424
84 341 84 346
150 330 155 330
28 229 30 230
186 292 188 293
87 24 88 26
251 131 252 133
90 368 90 373
154 3 155 5
15 322 16 324
88 223 89 225
101 253 106 253
70 305 71 307
74 325 75 327
207 236 209 237
18 375 23 375
1 310 3 311
183 292 185 293
138 155 143 155
103 276 103 281
76 320 77 322
86 443 87 445
109 210 114 210
213 206 217 206
185 381 187 382
263 164 264 166
205 12 206 14
125 440 130 440
181 110 181 115
85 360 87 361
258 71 260 72
126 12 127 14
175 210 180 210
121 165 123 166
3 20 3 25
171 65 176 65
187 372 189 373
235 95 240 95
207 215 209 216
238 203 242 203
79 237 80 239
87 331 88 333
151 180 153 181
207 260 208 262
178 30 183 30
57 370 62 370
129 320 134 320
59 75 60 77
9 309 10 311
199 136 199 141
46 75 47 76
190 433 191 435
31 281 36 281
101 8 101 13
23 213 23 218
159 317 160 319
180 61 182 62
29 364 34 364
240 20 241 22
33 124 35 125
185 344 186 346
67 61 69 62
82 443 83 445
18 338 23 338
58 270 63 270
180 60 185 60
4 332 5 334
192 445 196 445
142 252 142 256
213 447 215 448
175 165 176 167
140 372 145 372
117 421 118 423
25 11 30 11
59 138 63 138
25 215 26 217
198 435 198 439
111 401 111 406
88 103 89 105
237 325 239 326
10 394 12 395
94 402 95 404
109 311 110 313
49 135 50 137
116 37 116 42
201 23 206 23
183 295 187 295
140 388 141 390
224 257 225 258
156 209 157 211
99 335 99 340
152 341 157 341
92 138 94 139
103 329 104 331
176 31 178 32
139 156 141 157
26 160 31 160
42 390 44 391
248 56 249 57
223 375 225 376
159 19 161 20
84 171 89 171
120 1 122 2
84 420 85 421
102 295 103 297
258 411 260 412
36 149 41 149
248 71 248 76
67 308 71 308
36 107 37 109
110 52 112 53
18 98 20 99
109 86 110 88
238 56 239 57
182 228 187 228
35 277 37 278
237 348 238 350
269 123 270 125
262 244 264 245
49 300 54 300
19 105 20 107
61 162 62 163
28 81 30 82
243 126 243 131
195 94 195 99
70 380 70 385
53 120 56 120
231 416 232 418
249 223 249 228
231 205 231 210
75 69 75 74
219 275 220 277
209 410 211 411
196 88 197 90
77 448 82 448
253 260 255 261
190 440 190 444
120 268 121 270
161 132 166 132
163 259 165 260
53 147 55 148
24 450 26 451
191 186 196 186
257 56 262 56
120 8 125 8
107 107 112 107
249 340 254 340
194 406 195 408
263 163 268 163
194 136 195 138
256 253 256 258
70 61 71 63
186 300 191 300
90 362 90 367
272 227 272 232
86 173 87 175
145 153 147 154
210 271 211 273
77 335 82 335
41 203 42 205
150 14 151 16
165 172 166 174
158 429 159 431
99 383 104 383
215 37 217 38
23 114 27 114
135 287 138 287
188 344 190 345
250 161 255 161
150 174 155 174
15 43 16 45
89 359 90 361
145 181 150 181
127 284 128 286
169 275 174 275
27 226 32 226
46 180 48 181
121 415 122 417
124 408 124 413
139 334 144 334
8 430 8 435
185 163 190 163
267 187 268 189
46 353 51 353
186 93 188 94
190 58 191 60
168 233 168 238
25 449 30 449
228 211 233 211
144 209 145 211
36 408 37 410
82 160 84 161
220 60 220 65
104 444 109 444
8 126 10 127
12 37 12 42
269 11 271 12
32 8 34 9
105 393 110 393
31 26 36 26
21 306 21 311
102 290 107 290
84 443 85 445
80 80 81 82
59 149 59 154
170 31 170 36
135 14 137 15
58 276 63 276
44 420 46 421
43 368 45 369
86 384 91 384
133 340 135 341
38 357 43 357
108 25 110 26
201 218 203 219
155 421 160 421
273 225 273 230
235 213 236 215
216 305 218 306
268 61 271 61
208 337 208 342
79 309 84 309
209 149 214 149
76 443 77 445
2 307 3 309
77 48 79 49
129 133 130 135
87 222 92 222
2 20 2 25
89 75 94 75
57 317 60 317
134 331 135 333
16 317 17 319
181 86 182 88
249 171 250 173
108 58 113 58
6 319 7 321
80 338 85 338
28 290 29 292
57 233 61 233
170 277 175 277
210 15 210 20
230 422 235 422
233 451 238 451
182 66 187 66
35 117 37 118
50 343 55 343
73 260 73 265
91 147 93 148
58 252 59 254
27 231 29 232
257 349 259 350
272 327 274 328
83 150 84 152
239 418 244 418
110 221 115 221
90 223 91 225
43 365 45 366
257 394 258 396
10 179 10 184
249 217 249 222
53 110 58 110
260 73 265 73
106 420 111 420
72 77 72 82
21 288 22 290
59 281 64 281
64 215 64 218
273 231 273 236
48 286 50 287
105 41 106 42
159 432 164 432
203 105 204 107
10 35 12 36
63 305 67 305
233 194 235 195
68 121 70 122
34 398 34 403
264 173 269 173
8 351 9 353
270 326 271 328
217 91 219 92
102 382 107 382
29 55 31 56
1 2 1 7
227 75 232 75
104 129 106 130
114 46 116 47
24 235 25 237
227 94 232 94
197 228 198 230
112 165 117 165
143 319 144 321
31 33 36 33
7 6 7 11
266 266 267 268
171 130 173 131
186 146 187 148
30 276 30 281
53 114 56 114
31 5 32 7
265 187 266 189
73 28 78 28
127 211 130 211
241 244 246 244
9 211 9 216
107 18 112 18
207 362 212 362
110 398 111 400
228 126 230 127
197 272 199 273
169 442 174 442
103 89 105 90
27 437 32 437
242 115 243 117
160 340 165 340
116 254 117 256
59 218 63 218
214 110 219 110
129 166 130 168
162 242 167 242
197 9 197 14
110 103 111 105
113 107 117 107
241 254 241 259
34 6 38 6
104 120 108 120
183 227 188 227
8 357 9 359
167 335 172 335
14 174 14 179
170 441 175 441
32 54 33 56
45 89 45 94
105 330 107 331
106 295 107 297
93 429 94 431
122 383 127 383
242 200 247 200
152 266 152 271
257 174 260 174
134 401 134 406
125 47 126 49
208 9 210 10
229 25 234 25
269 212 270 214
255 165 256 167
247 147 247 152
230 247 230 252
82 350 84 351
65 348 70 348
192 140 193 142
225 118 226 120
163 448 164 450
214 188 214 193
109 298 113 298
196 122 197 124
20 60 22 61
92 180 93 182
18 245 19 247
237 395 239 396
68 109 72 109
17 114 22 114
244 346 249 346
185 83 185 88
17 81 18 83
82 116 83 118
103 446 108 446
213 378 215 379
137 30 138 32
112 62 117 62
93 289 98 289
259 149 260 151
244 77 249 77
42 445 47 445
83 121 88 121
32 399 33 401
162 280 163 281
107 51 112 51
79 361 81 362
148 57 149 59
86 118 91 118
94 172 98 172
194 339 199 339
209 37 211 38
180 221 185 221
89 265 94 265
262 75 264 76
126 349 128 350
48 350 53 350
250 26 255 26
252 53 253 55
103 59 105 60
16 119 21 119
43 401 48 401
5 131 6 133
239 300 244 300
185 238 186 240
39 447 44 447
223 200 228 200
51 386 51 391
112 250 117 250
111 450 116 450
134 266 135 268
269 59 271 60
151 285 156 285
50 112 55 112
224 202 225 204
9 442 10 444
119 230 119 235
37 150 39 151
127 47 128 49
112 186 116 186
218 314 218 319
84 317 89 317
11 362 12 364
53 355 54 357
50 84 51 86
182 396 184 397
40 200 40 205
77 411 82 411
42 289 43 291
246 144 247 146
169 146 169 150
49 276 49 281
230 86 230 91
71 422 71 427
38 190 38 195
202 130 207 130
186 144 188 145
165 363 165 368
47 348 52 348
208 274 208 279
87 328 88 330
35 8 35 13
198 297 199 299
106 37 111 37
64 380 64 385
265 362 267 363
17 174 21 174
4 177 4 182
33 156 35 157
230 332 232 333
201 284 201 289
211 107 213 108
273 30 274 31
116 12 117 14
102 73 104 74
139 68 141 69
209 227 209 232
79 115 84 115
186 83 187 85
96 30 100 30
246 21 251 21
161 356 166 356
91 425 92 427
108 348 108 353
99 442 101 443
183 115 184 117
168 420 169 422
229 403 230 405
108 21 110 22
186 358 191 358
241 33 242 35
23 371 24 373
114 346 119 346
23 12 25 13
230 447 231 449
250 214 250 219
233 343 235 344
156 284 161 284
58 119 61 119
30 215 35 215
42 438 47 438
159 257 161 258
204 131 204 136
86 176 91 176
263 3 268 3
73 191 74 193
171 325 171 328
273 434 274 436
43 86 45 87
144 135 146 136
106 89 110 89
162 443 163 445
245 366 249 366
13 12 15 13
118 206 123 206
16 10 18 11
163 219 165 220
73 391 74 393
95 89 96 91
88 213 93 213
162 106 164 107
243 135 244 137
180 130 180 135
167 394 168 396
63 162 65 163
106 271 111 271
98 428 99 430
47 432 52 432
62 307 67 307
115 383 116 385
126 50 128 51
230 407 230 412
65 78 66 79
191 119 193 120
230 399 232 400
20 129 20 134
34 279 36 280
86 356 87 358
41 374 41 379
192 45 192 50
11 195 12 197
134 59 136 60
228 135 228 140
228 241 230 242
114 40 114 45
173 440 178 440
146 318 151 318
220 105 225 105
129 284 130 286
237 258 237 263
218 28 219 30
12 269 13 271
237 83 239 84
176 305 181 305
264 158 269 158
250 300 251 302
184 409 189 409
255 393 256 395
62 188 64 189
54 133 55 134
140 178 145 178
241 379 243 380
139 320 140 322
26 181 27 183
121 449 122 450
18 422 23 422
232 55 236 55
133 215 134 217
259 210 264 210
13 96 18 96
228 364 230 365
75 197 76 199
165 279 165 284
212 159 217 159
14 304 14 309
209 3 209 8
259 104 259 109
194 140 194 145
136 340 138 341
118 89 119 91
263 46 265 47
78 251 83 251
252 375 257 375
139 355 144 355
193 91 195 92
108 182 110 183
197 300 202 300
142 180 144 181
153 296 155 297
202 196 202 201
173 434 178 434
132 328 137 328
156 182 156 187
78 439 79 441
154 180 156 181
217 421 221 421
80 20 82 21
88 363 89 365
194 95 194 100
134 227 139 227
13 22 14 24
210 161 212 162
164 189 169 189
110 218 111 220
131 177 133 178
219 326 219 331
57 120 59 121
15 1 15 6
38 305 43 305
49 321 50 323
23 357 28 357
185 80 186 82
96 7 101 7
251 284 252 286
175 172 176 174
47 19 47 24
243 266 248 266
65 448 70 448
157 252 160 252
181 284 183 285
125 407 125 412
130 123 132 124
215 151 216 153
133 24 134 26
257 363 261 363
128 361 133 361
268 221 270 222
70 141 71 143
119 118 120 120
192 37 194 38
262 260 264 261
113 127 114 129
91 315 96 315
120 378 122 379
7 29 9 30
168 98 168 102
131 220 136 220
26 192 28 193
149 444 151 445
80 331 81 333
169 70 171 71
33 437 38 437
134 343 136 344
43 174 45 175
117 267 121 267
56 308 60 308
190 263 195 263
240 89 245 89
170 334 175 334
78 348 83 348
266 360 267 361
98 157 98 162
65 297 70 297
132 331 133 333
172 328 174 329
182 262 182 267
169 369 170 371
75 83 77 84
81 357 83 358
248 257 250 258
161 118 161 123
258 283 259 285
231 278 236 278
43 11 44 13
185 116 187 117
193 310 194 312
212 100 214 101
208 324 209 326
96 223 97 225
171 253 172 255
18 241 23 241
38 55 40 56
232 208 237 208
77 425 79 426
29 210 29 215
246 397 248 398
182 241 187 241
72 355 73 357
14 274 15 276
245 7 246 9
154 86 155 88
221 115 224 115
240 74 245 74
99 448 100 450
161 289 163 290
215 226 217 227
257 17 258 19
86 141 88 142
270 380 271 382
145 291 147 292
118 387 123 387
216 83 221 83
251 214 252 216
81 347 86 347
243 387 245 388
176 297 181 297
105 306 106 308
141 65 143 66
130 255 135 255
238 379 240 380
7 342 7 347
76 231 76 236
176 204 176 209
229 431 229 434
86 451 88 452
37 197 39 198
59 348 64 348
101 75 105 75
66 184 68 185
8 128 13 128
187 31 188 33
196 91 198 92
79 363 84 363
188 435 188 440
150 146 155 146
55 107 60 107
65 189 69 189
26 90 28 91
195 45 196 47
30 370 35 370
175 439 180 439
40 119 45 119
136 204 136 209
93 87 93 92
93 129 98 129
177 313 177 318
213 286 218 286
118 295 118 299
71 208 76 208
0 107 0 112
155 334 155 339
93 29 95 30
270 358 270 363
87 23 92 23
197 280 202 280
111 222 112 224
6 210 6 215
229 192 230 194
226 72 226 75
39 21 44 21
145 51 145 56
74 285 75 287
39 209 43 209
261 403 263 404
236 25 236 30
67 117 67 122
0 149 0 154
269 220 273 220
207 105 207 110
203 66 204 67
76 325 77 327
193 93 198 93
258 182 258 187
107 225 109 226
198 124 203 124
232 362 234 363
42 25 47 25
23 250 24 252
215 101 220 101
185 162 189 162
25 155 30 155
227 337 228 339
207 323 207 328
142 225 147 225
109 69 111 70
40 35 42 36
242 87 244 88
115 143 117 144
149 222 154 222
126 179 131 179
192 184 194 185
207 367 212 367
81 328 82 330
31 365 33 366
173 364 173 369
62 114 65 114
94 338 97 338
5 317 10 317
160 427 161 429
150 166 152 167
164 422 164 427
54 27 54 32
103 34 108 34
62 113 67 113
187 433 189 434
143 260 143 265
260 312 265 312
191 301 191 306
223 76 228 76
13 429 13 434
77 154 79 155
30 343 31 345
56 70 61 70
195 139 195 144
93 244 93 249
248 4 253 4
27 36 32 36
12 245 17 245
150 152 155 152
121 188 126 188
54 136 56 137
26 100 31 100
73 197 74 199
148 163 149 165
132 307 133 309
213 26 218 26
11 109 13 110
176 441 181 441
23 17 28 17
188 375 188 380
97 219 98 220
190 316 195 316
202 42 202 47
153 316 155 317
271 240 274 240
225 123 226 125
250 98 255 98
238 105 241 105
248 141 249 143
207 211 208 213
196 136 196 141
180 403 185 403
145 221 149 221
15 32 15 37
156 304 157 306
174 361 174 366
43 430 45 431
172 291 177 291
103 204 108 204
24 245 29 245
58 189 58 194
5 28 6 30
167 67 167 72
202 68 204 69
67 190 68 192
223 133 225 134
219 306 221 307
106 301 108 302
214 85 215 87
24 365 29 365
9 190 11 191
201 230 206 230
194 302 199 302
235 292 239 292
181 340 183 341
213 50 218 50
27 373 29 374
152 114 154 115
81 237 82 239
233 374 234 376
223 187 223 192
202 148 204 149
209 337 209 342
223 201 228 201
270 84 271 86
270 406 271 408
52 330 57 330
85 369 85 374
225 213 226 215
234 110 239 110
24 198 26 199
256 82 258 83
61 308 66 308
49 246 51 247
201 100 205 100
37 187 42 187
33 361 34 363
203 410 205 411
182 220 186 220
70 144 72 145
195 86 197 87
58 255 60 256
78 159 82 159
8 280 8 283
200 172 200 177
22 228 23 230
160 115 161 117
268 281 273 281
105 47 106 49
238 6 239 8
201 317 203 318
18 260 19 262
230 258 235 258
202 307 203 309
141 398 141 403
163 236 163 241
142 87 143 89
113 189 118 189
271 29 272 31
69 102 70 104
171 55 171 60
160 430 162 431
186 287 191 287
89 248 91 249
112 360 113 362
103 65 107 65
226 297 228 298
271 209 272 211
210 219 211 221
149 220 154 220
22 71 23 73
50 204 51 206
119 277 120 279
265 26 267 27
65 229 67 230
185 232 186 234
99 81 104 81
43 41 44 43
80 96 85 96
131 18 133 19
127 343 128 345
167 282 169 283
85 17 90 17
190 269 192 270
18 444 20 445
155 349 160 349
117 328 117 333
201 278 203 279
32 354 34 355
181 410 186 410
85 19 86 21
97 19 98 21
106 372 108 373
102 69 103 71
109 257 114 257
35 219 36 221
219 202 221 203
69 449 71 450
131 330 136 330
213 427 215 428
176 52 176 57
246 325 246 330
194 446 196 447
155 286 156 288
90 103 92 104
50 357 50 362
5 268 5 273
146 288 148 289
156 188 158 189
161 87 162 89
77 202 78 204
137 217 142 217
119 32 119 37
258 253 258 258
24 158 25 160
87 98 92 98
178 130 179 132
91 228 93 229
250 281 255 281
255 4 255 9
211 398 213 399
30 422 35 422
269 175 271 176
35 216 37 217
194 182 196 183
226 183 228 184
68 113 68 118
156 9 156 14
194 216 194 221
205 317 210 317
79 119 84 119
49 248 54 248
230 47 234 47
116 87 116 92
211 345 211 350
20 65 20 70
221 64 223 65
270 355 271 357
100 426 105 426
106 18 106 23
259 286 260 288
160 41 162 42
131 315 132 317
124 162 129 162
43 371 45 372
26 212 27 214
110 272 112 273
156 267 156 272
245 45 250 45
54 180 59 180
52 386 52 391
138 118 140 119
83 419 88 419
83 451 85 452
121 82 121 87
20 37 25 37
215 300 220 300
200 406 201 408
172 26 173 28
20 108 22 109
176 341 177 343
14 141 19 141
194 24 195 26
65 61 66 63
183 232 184 234
234 9 239 9
72 180 77 180
196 143 196 148
113 271 114 273
126 68 131 68
191 254 193 255
18 447 19 449
205 174 206 176
205 327 206 329
145 155 150 155
4 394 9 394
224 7 225 9
168 124 168 129
149 206 149 211
151 168 153 169
189 199 190 201
212 105 214 106
240 207 242 208
41 222 46 222
111 170 112 172
82 354 83 356
151 126 152 128
3 45 8 45
173 303 178 303
236 126 236 131
70 101 75 101
168 248 171 248
175 278 177 279
85 68 87 69
48 99 50 100
81 200 82 202
79 252 84 252
188 322 193 322
167 311 172 311
211 371 211 376
244 107 247 107
164 362 169 362
183 175 184 177
6 288 11 288
170 9 175 9
177 6 178 8
56 319 61 319
202 166 207 166
48 351 52 351
145 22 150 22
221 368 226 368
43 165 43 170
182 274 187 274
215 15 220 15
119 266 124 266
167 28 167 33
168 130 170 131
137 38 142 38
105 24 106 26
209 368 209 373
74 273 75 275
59 97 64 97
251 371 253 372
62 70 62 75
31 272 32 274
127 166 128 168
232 26 232 31
56 235 58 236
269 29 270 31
8 312 9 314
139 185 141 186
183 344 184 346
43 35 43 40
230 27 230 32
129 14 130 16
219 403 220 405
266 114 268 115
193 122 195 123
61 10 62 12
67 430 72 430
121 127 121 132
209 408 211 409
253 144 254 145
72 446 74 447
179 375 181 376
220 334 225 334
85 242 87 243
133 96 134 98
217 136 222 136
245 24 247 25
20 282 20 287
210 91 214 91
108 126 113 126
90 336 91 337
186 152 188 153
145 10 145 15
143 220 146 220
224 86 229 86
190 173 190 178
8 118 13 118
108 367 113 367
171 150 176 150
259 394 260 396
114 343 115 345
262 257 263 259
262 429 267 429
76 57 78 58
181 26 182 28
121 0 126 0
67 274 71 274
257 159 262 159
103 347 103 352
213 367 214 369
223 129 227 129
109 4 109 9
20 233 22 234
59 222 60 224
150 223 151 225
180 262 180 267
84 200 89 200
249 327 254 327
34 101 36 102
230 256 232 257
73 103 74 105
218 233 223 233
100 125 105 125
207 92 209 93
191 375 191 380
58 216 63 216
178 271 183 271
128 180 130 181
168 46 168 51
242 9 244 10
15 22 17 23
119 414 120 416
81 352 83 353
44 14 45 16
261 164 262 166
109 379 110 381
148 46 149 48
21 322 21 327
1 435 1 440
80 77 85 77
114 426 119 426
44 185 46 186
19 19 22 19
88 197 89 199
94 366 94 371
167 293 169 294
123 281 125 282
220 170 222 171
9 323 9 328
203 368 203 373
84 322 84 327
37 116 42 116
51 82 53 83
194 299 195 301
108 439 113 439
109 417 114 417
126 430 127 432
134 69 134 74
101 101 106 101
272 165 274 166
136 333 138 334
244 355 245 357
213 21 215 22
204 164 206 165
17 195 18 197
183 206 184 208
125 69 127 70
122 47 122 51
229 380 234 380
56 82 57 84
214 118 216 119
237 135 242 135
187 232 188 234
164 359 167 359
100 428 102 429
260 448 262 449
235 6 237 7
20 188 25 188
138 252 139 254
230 177 235 177
98 295 99 297
88 183 89 185
83 157 85 158
34 315 34 320
161 448 162 450
146 239 151 239
230 305 230 310
89 162 90 164
141 281 143 282
172 235 173 237
229 372 229 377
266 172 269 172
194 355 199 355
86 22 86 27
159 45 160 47
155 226 156 228
95 283 97 284
87 94 89 95
62 128 67 128
55 71 60 71
135 281 137 282
29 52 30 54
163 41 164 43
56 75 58 76
68 402 70 403
174 130 175 132
61 365 63 366
81 446 83 447
258 240 263 240
256 307 257 309
20 186 25 186
12 279 12 284
165 85 166 87
200 103 205 103
99 213 100 215
48 30 50 31
89 264 94 264
150 281 151 283
187 441 187 446
238 295 239 297
40 8 41 10
153 305 154 307
220 232 225 232
117 383 118 385
21 242 22 244
231 55 231 60
101 379 102 381
116 73 121 73
247 7 248 9
134 433 134 438
159 425 161 426
178 337 178 342
179 216 180 218
126 343 126 348
162 254 164 255
30 64 32 65
73 124 74 126
143 449 144 451
119 147 119 152
145 193 147 194
264 28 266 29
145 168 147 169
74 261 75 263
110 395 112 396
118 326 118 331
254 317 259 317
134 101 139 101
120 382 125 382
123 374 124 375
184 284 186 285
273 120 274 122
179 395 184 395
128 126 130 127
242 306 244 307
240 209 245 209
106 436 106 441
17 42 18 44
77 451 82 451
86 260 88 261
189 53 190 55
39 168 40 170
3 423 3 428
191 429 192 431
1 262 1 267
11 160 16 160
159 85 161 86
221 316 221 321
4 20 4 25
25 24 27 25
204 323 206 324
174 367 175 369
113 24 114 26
20 12 22 13
226 259 231 259
244 245 245 247
144 61 146 62
203 443 205 444
40 52 41 54
67 270 72 270
122 384 126 384
96 173 97 175
83 19 84 21
138 113 140 114
2 360 2 365
152 408 152 413
124 158 125 160
234 136 236 137
139 292 144 292
154 80 154 85
221 118 222 120
209 155 210 157
169 30 169 35
56 241 57 243
245 273 246 275
253 292 254 294
156 232 161 232
200 254 202 255
50 235 55 235
254 128 256 129
11 82 12 84
114 218 115 220
215 207 217 208
204 221 205 223
122 174 123 176
4 441 4 446
194 129 194 134
227 170 227 175
100 389 101 391
31 74 33 75
83 172 85 173
26 8 28 9
213 76 215 77
263 189 264 191
157 387 158 389
256 75 258 76
267 28 272 28
46 175 48 176
123 57 128 57
111 451 113 452
101 178 106 178
182 167 187 167
253 232 257 232
257 4 257 9
75 302 80 302
114 126 119 126
75 218 80 218
236 204 241 204
242 254 242 259
21 113 26 113
48 349 53 349
185 160 190 160
172 399 175 399
50 146 55 146
221 131 226 131
15 371 16 373
59 368 61 369
117 358 119 359
77 300 82 300
248 389 253 389
55 141 56 143
39 293 44 293
153 238 154 240
157 185 158 187
105 427 109 427
73 289 75 290
170 282 172 283
185 96 187 97
230 109 230 114
201 89 203 90
133 433 133 438
251 99 253 100
223 391 225 392
193 352 198 352
83 248 85 249
221 263 221 268
172 333 177 333
220 291 222 292
40 150 42 151
93 128 98 128
255 164 260 164
111 411 112 413
170 66 175 66
259 165 260 167
173 120 173 125
132 94 134 95
3 210 3 215
154 165 159 165
8 198 8 203
52 44 57 44
116 31 121 31
162 257 167 257
97 130 98 132
224 313 224 318
217 297 219 298
47 11 49 12
260 40 260 45
18 1 18 6
40 77 42 78
42 422 47 422
101 332 103 333
93 60 94 62
114 5 115 7
20 265 20 269
169 446 174 446
84 212 89 212
35 369 39 369
158 115 158 120
196 228 196 233
205 310 206 312
82 0 85 0
106 32 111 32
17 333 17 338
211 44 212 46
146 158 146 163
13 298 13 303
209 254 211 255
197 311 198 313
95 178 100 178
40 42 42 43
94 449 98 449
255 300 255 304
220 287 225 287
123 163 128 163
48 187 49 189
207 361 212 361
217 88 218 90
1 238 1 243
255 324 255 329
7 194 7 199
1 55 5 55
235 250 236 252
157 49 158 51
200 423 201 425
16 390 21 390
141 18 143 19
69 380 69 385
217 353 218 355
204 364 205 366
100 367 100 372
274 159 274 164
210 291 211 293
45 346 47 347
204 6 204 11
99 206 101 207
189 286 194 286
147 245 149 246
54 379 59 379
66 167 71 167
216 352 216 357
84 446 86 447
25 50 30 50
93 372 95 373
269 74 270 76
21 52 21 57
51 80 53 81
262 409 264 410
88 263 93 263
160 81 162 82
84 83 86 84
63 191 64 193
162 327 164 328
14 104 16 105
218 422 223 422
147 139 152 139
98 451 100 452
241 31 246 31
172 29 175 29
154 190 159 190
148 126 148 130
90 11 91 13
57 425 59 426
205 61 210 61
99 373 99 378
33 46 35 47
255 12 260 12
82 14 87 14
101 421 103 422
91 242 93 243
143 309 145 310
82 106 87 106
25 52 26 54
200 344 202 345
92 167 94 168
210 124 213 124
62 267 63 269
109 368 110 370
174 159 174 164
38 76 39 78
32 28 37 28
233 332 234 334
134 306 135 308
213 284 214 285
206 443 208 444
71 210 75 210
94 420 95 422
153 20 155 21
200 252 205 252
160 219 162 220
14 109 15 111
55 150 55 155
212 400 217 400
117 182 119 183
203 6 203 11
60 98 60 103
90 27 95 27
83 416 85 417
111 93 112 95
28 228 32 228
212 293 217 293
264 392 268 392
246 364 248 365
94 54 94 59
222 219 223 221
221 56 221 61
207 111 208 113
177 394 178 396
15 174 15 179
105 196 106 198
131 12 133 13
118 217 119 219
242 132 244 133
32 126 34 127
107 307 109 308
196 301 201 301
99 85 99 90
133 10 135 11
153 166 155 167
216 408 218 409
247 298 249 299
269 287 270 289
159 128 161 129
26 290 27 292
196 24 197 26
62 187 67 187
39 35 39 40
218 396 220 397
83 66 88 66
70 138 71 140
29 294 34 294
140 211 141 213
19 371 20 373
259 133 260 135
3 292 3 297
225 243 226 244
65 438 70 438
131 78 132 80
122 52 124 53
208 151 211 151
218 393 223 393
218 102 220 103
160 247 162 248
186 399 191 399
145 18 147 19
57 85 59 86
132 327 137 327
37 346 38 348
113 419 117 419
24 222 25 224
154 298 159 298
169 127 171 128
20 1 20 6
27 282 32 282
232 315 234 316
140 40 140 45
203 17 204 19
133 342 138 342
136 414 137 416
202 426 207 426
228 423 230 424
224 408 225 410
52 252 53 254
89 165 91 166
17 310 18 312
231 266 231 271
112 309 117 309
257 383 258 385
207 233 208 235
84 209 85 211
169 156 170 158
217 311 219 312
169 40 170 42
259 194 261 195
98 98 99 100
79 233 80 235
137 233 142 233
233 305 233 310
35 312 40 312
79 409 84 409
19 48 21 49
92 149 94 150
13 230 15 231
124 3 126 4
221 178 225 178
112 418 117 418
14 113 15 115
260 407 262 408
100 373 101 375
43 182 48 182
101 304 103 305
219 1 221 2
150 413 151 415
247 244 248 246
115 431 120 431
136 71 138 72
232 247 232 252
201 227 202 229
203 358 203 363
94 228 96 229
164 441 169 441
151 295 156 295
190 122 192 123
247 167 248 169
264 212 265 213
176 229 177 231
167 254 168 256
78 435 83 435
78 368 83 368
103 119 108 119
246 117 251 117
128 383 133 383
90 171 95 171
215 288 220 288
193 27 194 29
123 47 124 49
126 167 126 172
269 187 270 189
81 98 86 98
252 300 253 302
16 325 17 327
23 414 28 414
148 243 151 243
153 9 153 14
171 364 172 366
208 3 208 8
120 230 125 230
137 159 138 161
8 389 9 391
30 290 32 291
90 122 91 124
55 248 60 248
56 423 59 423
272 73 272 78
214 313 219 313
76 149 77 151
156 195 158 196
220 377 225 377
96 160 97 162
77 77 77 82
210 445 215 445
74 341 75 343
135 349 136 351
219 436 224 436
74 46 76 47
28 77 33 77
127 421 128 423
255 277 257 278
86 248 88 249
160 288 165 288
54 202 55 204
96 70 97 72
184 119 186 120
138 281 140 282
197 277 202 277
117 381 122 381
81 40 81 45
163 403 163 408
156 296 160 296
91 94 96 94
2 423 2 428
212 449 217 449
5 3 5 8
209 26 211 27
162 403 162 408
224 34 226 35
46 32 48 33
198 406 199 408
219 193 220 194
129 190 129 195
80 418 85 418
181 37 182 39
175 373 180 373
262 344 263 346
50 234 54 234
230 266 230 271
166 162 167 164
250 259 250 264
249 412 254 412
125 99 130 99
161 188 166 188
0 218 1 220
86 122 87 124
154 251 159 251
236 61 241 61
113 312 115 313
104 118 108 118
63 418 64 420
94 410 99 410
159 192 164 192
96 351 96 356
3 198 3 203
9 269 9 273
1 124 1 129
48 273 49 275
58 375 59 376
22 65 22 70
197 136 198 138
6 412 11 412
62 8 63 9
31 223 36 223
253 298 255 299
72 383 74 384
132 138 133 140
168 440 172 440
128 119 129 121
106 309 111 309
179 318 179 323
261 419 261 424
226 98 231 98
104 358 104 363
39 101 40 103
200 215 201 217
154 156 154 161
168 363 169 365
85 258 87 259
103 428 105 429
52 400 53 402
260 68 261 70
172 288 177 288
20 254 21 256
194 146 194 151
264 279 269 279
221 135 225 135
121 243 122 245
102 82 104 83
82 312 87 312
66 414 67 416
115 300 116 302
54 140 58 140
228 172 230 173
12 29 13 31
5 160 10 160
272 247 273 249
222 389 227 389
47 395 47 400
157 317 158 319
39 395 42 395
207 227 207 232
225 337 226 339
205 92 206 94
238 419 239 421
194 350 196 351
15 241 17 242
1 41 1 46
181 338 186 338
151 156 151 161
240 372 242 373
268 425 268 430
251 254 251 259
222 371 227 371
47 298 48 300
53 291 53 296
46 129 51 129
191 27 192 29
175 275 178 275
95 327 97 328
260 419 260 424
121 451 123 452
205 217 209 217
109 372 111 373
119 180 121 181
90 167 91 169
159 256 164 256
59 418 60 420
232 76 232 81
168 435 170 436
68 358 73 358
158 182 160 183
218 137 219 139
104 304 106 305
179 302 181 303
115 16 115 21
107 238 109 239
274 19 274 24
95 60 96 62
210 170 211 172
78 20 79 21
154 383 159 383
251 303 253 304
209 186 214 186
213 120 214 122
48 152 49 154
6 315 8 316
200 131 201 133
123 280 127 280
46 85 46 90
49 238 50 240
229 261 229 266
41 417 43 418
87 446 89 447
164 302 166 303
66 117 66 122
145 160 145 165
144 126 144 131
91 340 93 341
97 211 97 216
262 241 263 243
21 29 21 34
207 431 212 431
22 263 22 268
128 18 130 19
165 156 166 158
99 425 104 425
107 304 108 306
82 125 87 125
71 371 75 371
211 74 216 74
266 145 267 147
163 79 163 84
202 354 207 354
48 234 49 236
145 16 147 17
265 75 266 77
274 82 274 86
257 330 258 332
191 360 191 365
62 211 67 211
21 231 23 232
184 304 184 309
119 304 119 309
150 4 153 4
109 102 114 102
179 238 180 240
152 43 154 44
231 359 232 361
2 283 2 288
163 180 164 182
34 147 35 149
221 106 226 106
40 371 42 372
14 320 19 320
189 435 189 440
247 269 251 269
215 100 220 100
261 311 266 311
137 194 138 196
149 10 149 15
98 424 103 424
259 380 259 385
15 26 15 31
103 208 104 210
228 402 233 402
232 438 234 439
23 348 28 348
0 42 0 47
113 15 118 15
255 71 255 76
83 42 84 44
115 229 120 229
270 284 271 286
188 129 193 129
50 273 50 278
156 443 157 445
166 28 166 33
232 100 233 101
162 118 162 123
25 225 26 227
113 87 113 92
7 59 8 61
154 279 155 281
69 393 70 395
55 72 60 72
269 246 273 246
49 251 54 251
253 378 255 379
269 412 270 414
43 303 47 303
161 282 163 283
130 190 130 195
106 152 111 152
237 416 238 418
9 286 11 287
251 420 256 420
242 290 244 291
100 129 101 131
51 324 56 324
77 72 80 72
56 225 58 226
64 245 64 250
60 257 65 257
236 1 237 3
31 452 36 452
127 300 127 305
164 176 165 178
154 184 154 189
232 428 233 430
160 350 161 352
27 296 32 296
113 73 115 74
188 307 190 308
224 352 229 352
55 442 60 442
74 279 75 281
204 256 204 261
93 298 98 298
220 53 221 55
198 256 203 256
210 185 215 185
38 426 38 431
194 257 199 257
122 173 127 173
18 231 20 232
69 330 74 330
159 57 159 62
249 61 249 65
243 11 245 12
139 21 140 23
121 3 123 4
120 374 122 375
244 197 245 199
123 54 128 54
52 437 54 438
73 372 73 377
160 367 162 368
17 137 19 138
31 279 33 280
62 78 63 80
32 114 34 115
94 177 99 177
189 429 190 431
214 30 215 32
267 417 268 419
190 363 190 368
179 365 184 365
116 443 121 443
137 222 142 222
161 236 161 241
129 220 130 222
175 61 179 61
60 146 62 147
45 36 46 38
188 301 189 303
237 311 238 313
127 3 129 4
205 148 206 150
76 330 77 332
99 25 104 25
173 280 178 280
98 418 99 420
136 211 136 214
227 255 232 255
185 53 186 55
187 312 188 314
10 269 11 271
145 111 145 116
155 314 157 315
161 199 166 199
98 208 100 209
257 144 259 145
91 375 92 377
37 214 42 214
223 302 228 302
69 191 69 195
115 140 116 142
124 363 126 364
80 123 81 125
93 2 94 4
132 185 136 185
109 97 114 97
220 433 221 435
100 122 102 123
240 325 243 325
212 430 217 430
232 419 234 420
117 414 118 416
233 431 233 436
5 318 10 318
27 284 28 286
222 87 227 87
207 440 209 441
82 153 83 155
232 287 237 287
95 54 95 59
143 222 148 222
177 137 178 139
158 302 163 302
31 161 33 162
180 287 185 287
250 1 251 3
14 29 14 34
268 143 273 143
33 293 38 293
43 95 45 96
171 330 172 332
104 260 106 261
263 101 268 101
66 143 66 148
156 366 157 368
90 250 92 251
256 130 257 132
126 159 128 160
0 143 0 148
85 322 85 327
226 408 226 413
134 363 134 368
229 95 234 95
238 410 240 411
124 387 128 387
83 239 88 239
147 411 148 413
185 365 185 370
199 181 204 181
52 344 57 344
165 41 166 43
175 263 175 268
114 111 115 113
156 429 157 431
246 451 248 452
152 6 153 8
16 178 18 179
1 222 1 227
0 288 0 293
27 270 29 271
104 52 109 52
106 262 108 263
237 136 238 138
75 143 80 143
90 351 91 353
39 429 40 431
105 231 106 233
98 8 100 9
113 368 114 370
48 277 48 282
171 100 172 102
216 445 221 445
261 266 262 268
177 20 179 21
234 314 239 314
160 370 160 375
265 416 270 416
234 345 239 345
179 180 180 182
34 72 39 72
62 422 63 424
195 54 200 54
49 45 50 47
265 200 265 205
265 434 266 436
159 266 159 271
2 332 3 334
25 154 30 154
83 414 85 415
255 133 256 135
20 213 20 218
244 13 244 18
178 298 179 300
66 426 67 428
57 136 59 137
231 348 236 348
17 105 18 107
56 291 56 296
76 429 81 429
180 433 180 437
179 262 179 267
159 115 159 120
7 200 7 205
123 182 125 183
118 147 118 152
268 231 268 236
20 137 25 137
115 363 117 364
156 313 161 313
61 389 62 391
43 64 45 65
87 19 88 21
249 282 254 282
265 0 267 1
54 82 55 84
152 215 154 216
56 231 61 231
138 81 139 83
78 284 79 286
136 278 141 278
102 392 107 392
51 179 53 180
26 117 28 118
81 133 86 133
203 12 204 14
80 375 80 380
26 222 27 224
239 119 244 119
167 303 172 303
274 167 274 170
105 81 106 83
205 95 210 95
210 214 212 215
65 436 70 436
30 318 31 320
7 132 12 132
90 339 95 339
247 315 249 316
158 43 160 44
149 356 154 356
202 24 203 26
19 148 19 153
54 177 55 179
213 161 215 162
171 85 172 87
110 337 110 342
228 336 233 336
180 222 185 222
26 293 31 293
233 16 238 16
39 396 39 401
204 450 209 450
63 228 64 230
263 220 268 220
144 293 149 293
176 100 177 102
57 406 62 406
72 273 73 275
67 10 68 12
207 148 208 150
70 149 70 154
140 75 142 76
40 433 41 435
267 330 269 331
264 103 265 105
191 410 193 411
165 175 170 175
15 55 20 55
112 32 117 32
75 147 75 151
64 354 64 359
251 72 252 74
55 373 57 374
82 359 87 359
207 404 209 405
244 130 246 131
194 201 199 201
107 421 108 423
205 195 205 200
104 71 106 72
121 397 122 399
11 167 12 169
201 192 206 192
86 116 88 117
169 218 174 218
57 278 57 283
15 405 15 410
219 45 221 46
52 119 57 119
146 325 147 327
145 180 150 180
82 2 82 7
83 341 83 346
72 156 77 156
253 128 253 132
252 382 252 387
248 290 253 290
135 215 136 217
114 87 115 89
45 403 45 408
28 371 33 371
152 243 157 243
127 145 132 145
45 157 46 159
83 108 88 108
102 221 103 223
207 23 207 28
0 312 1 314
63 2 68 2
236 47 236 52
166 239 167 241
35 126 37 127
145 203 145 208
71 212 73 213
85 219 90 219
190 375 190 380
247 194 252 194
187 344 187 348
193 360 193 365
204 447 206 448
202 315 203 316
40 442 43 442
42 5 47 5
218 123 223 123
215 310 220 310
202 2 203 4
67 434 69 435
163 4 165 5
33 51 38 51
87 170 92 170
185 31 186 32
29 275 34 275
53 417 55 418
97 198 97 203
63 98 63 103
46 34 48 35
20 434 21 436
189 80 190 82
239 229 240 231
60 159 65 159
198 0 200 1
53 331 57 331
63 240 68 240
189 427 191 428
24 445 29 445
96 136 98 137
35 398 35 403
167 54 168 56
61 228 62 230
244 206 249 206
119 376 121 377
201 422 206 422
260 156 265 156
79 206 81 207
146 242 147 243
241 13 243 14
237 339 238 341
233 352 238 352
80 349 81 351
49 61 54 61
171 232 172 234
124 43 129 43
76 29 76 34
53 164 55 165
137 320 138 322
157 52 162 52
76 157 77 159
110 416 115 416
86 0 91 0
136 119 137 121
77 170 78 172
143 203 143 208
118 43 119 45
10 312 11 314
272 418 274 419
226 261 226 266
146 362 151 362
8 123 9 125
240 266 242 267
158 57 158 62
178 435 179 437
131 40 136 40
222 179 224 180
200 123 205 123
22 272 27 272
20 447 21 449
105 401 110 401
259 182 259 187
129 350 131 351
190 381 191 383
182 393 187 393
10 397 10 402
89 19 90 21
127 169 128 171
1 93 1 98
65 351 69 351
64 386 64 390
263 388 264 390
259 316 264 316
77 45 78 47
197 182 199 183
182 212 183 214
197 410 199 411
97 112 102 112
230 243 232 244
202 151 207 151
207 174 209 175
63 245 63 250
271 233 272 234
46 289 48 290
227 243 229 244
156 46 158 47
202 319 202 324
119 99 124 99
41 132 42 134
35 85 39 85
247 130 247 135
244 265 249 265
134 376 136 377
223 100 224 102
42 264 42 269
270 118 272 119
156 198 161 198
27 5 28 7
79 295 81 296
238 319 243 319
190 30 195 30
238 346 243 346
64 105 65 107
132 61 137 61
188 61 189 62
24 270 26 271
43 161 45 162
34 181 35 183
215 106 220 106
58 246 60 247
178 34 179 36
115 206 117 207
261 71 263 72
12 85 14 86
118 82 118 87
9 27 11 28
220 373 225 373
31 276 32 278
250 270 251 272
18 279 20 280
257 165 258 167
206 449 211 449
129 242 134 242
51 39 52 40
48 381 48 386
127 234 129 235
171 90 172 92
151 212 151 216
123 50 125 51
199 269 201 270
107 163 109 164
66 136 71 136
144 432 149 432
170 337 175 337
14 396 19 396
167 46 167 51
121 279 126 279
267 311 272 311
152 57 153 59
62 225 63 227
81 235 86 235
88 324 89 326
114 367 119 367
196 41 198 42
113 339 118 339
41 152 43 153
198 423 199 425
185 283 190 283
91 97 96 97
239 415 240 417
34 368 39 368
164 316 164 321
170 419 171 421
273 27 274 29
29 236 31 237
162 429 167 429
190 258 191 260
245 227 245 232
130 288 132 289
209 345 210 347
10 359 15 359
181 140 181 145
90 422 90 427
228 299 233 299
96 73 101 73
149 352 153 352
205 201 206 203
254 121 256 122
230 92 234 92
46 411 48 412
75 431 76 433
47 393 52 393
237 374 239 375
106 228 108 229
74 154 76 155
49 84 49 89
199 35 200 37
92 132 92 137
15 131 15 136
80 392 85 392
5 106 6 108
42 189 43 191
125 233 130 233
86 414 87 416
186 389 191 389
204 24 204 29
134 75 134 80
159 449 160 451
60 275 63 275
151 101 153 102
118 143 120 144
83 195 88 195
27 34 29 35
129 236 134 236
137 427 137 432
33 416 34 418
2 353 7 353
157 377 158 379
270 235 272 236
101 273 106 273
186 268 191 268
240 320 241 322
14 339 19 339
122 361 127 361
29 320 29 325
109 190 114 190
264 250 265 252
122 217 122 222
46 430 48 431
6 109 7 111
228 267 228 272
243 58 248 58
207 355 207 360
61 13 66 13
33 353 38 353
77 359 78 361
248 24 253 24
97 367 98 369
135 284 136 286
226 391 231 391
4 102 5 104
252 136 257 136
203 409 208 409
99 427 104 427
4 167 5 169
104 396 109 396
133 369 135 370
42 273 47 273
109 98 114 98
11 204 13 205
219 355 224 355
255 280 260 280
203 42 205 43
12 51 13 53
136 46 137 48
10 207 15 207
93 413 98 413
167 88 169 89
26 233 27 235
118 78 121 78
13 232 13 237
68 241 68 246
83 271 83 276
234 122 239 122
7 363 7 368
81 216 86 216
8 363 8 368
153 0 154 2
85 252 90 252
36 124 38 125
202 96 203 98
210 174 212 175
123 209 124 211
236 101 241 101
131 346 132 348
47 36 48 38
99 384 104 384
59 382 59 387
187 37 188 39
249 411 254 411
126 247 128 248
49 298 54 298
191 319 193 320
60 249 62 250
0 221 5 221
167 243 167 248
43 63 48 63
95 320 100 320
164 343 169 343
234 118 239 118
60 219 65 219
201 295 206 295
91 322 96 322
249 5 250 7
239 99 241 100
246 203 248 204
263 330 264 332
123 1 125 2
97 266 102 266
263 52 268 52
252 258 254 259
139 211 139 216
25 371 26 373
121 251 126 251
73 227 74 229
77 197 82 197
262 181 262 186
225 315 226 317
97 372 97 377
188 339 189 341
11 247 16 247
137 395 138 396
205 24 205 29
166 233 166 238
84 362 89 362
119 137 119 142
107 383 108 385
88 210 92 210
157 64 162 64
123 415 124 417
108 136 108 141
143 21 143 26
7 123 7 128
28 184 33 184
162 70 164 71
13 346 14 347
248 295 253 295
185 1 189 1
197 304 202 304
228 407 228 412
12 112 17 112
40 146 41 148
156 86 157 88
246 387 247 389
150 113 150 118
0 0 0 5
114 361 116 362
212 114 216 114
194 345 195 347
221 369 223 370
219 359 220 361
258 440 263 440
197 436 197 441
220 375 222 376
243 358 248 358
175 329 176 331
164 383 169 383
107 45 107 50
100 338 100 343
166 134 171 134
61 271 62 273
59 116 61 117
226 250 227 252
129 146 134 146
123 247 125 248
68 380 68 385
139 84 140 86
263 152 268 152
38 98 39 100
8 15 8 20
244 189 244 194
117 388 118 390
201 378 201 383
267 29 268 31
274 87 274 90
219 440 221 441
53 351 58 351
145 275 150 275
94 405 96 406
228 435 229 437
7 439 7 444
213 311 215 312
244 223 245 225
260 382 265 382
49 292 49 297
147 147 152 147
270 200 272 201
259 292 259 297
55 385 55 390
47 360 48 362
23 374 26 374
200 135 200 140
81 283 86 283
26 279 26 284
126 94 128 95
209 390 211 391
116 194 117 196
21 371 22 373
6 52 8 53
206 159 211 159
178 310 178 315
234 174 235 176
118 134 118 139
9 52 9 57
204 440 206 441
169 272 170 274
234 11 236 12
175 442 178 442
243 210 244 212
106 236 111 236
237 68 242 68
155 283 160 283
65 9 70 9
120 258 120 263
46 21 46 24
62 214 67 214
78 91 79 93
204 392 209 392
18 248 18 253
204 215 204 220
261 188 261 193
26 305 31 305
158 233 159 235
100 96 100 101
24 375 29 375
262 304 267 304
113 432 115 433
20 411 21 413
9 383 9 388
2 271 3 273
28 224 33 224
120 154 125 154
60 139 60 144
157 157 162 157
98 370 98 375
29 306 31 307
134 132 135 134
206 355 206 360
253 328 254 330
26 228 27 230
249 11 249 16
180 349 182 350
81 410 86 410
67 156 71 156
109 262 114 262
137 373 138 375
21 213 21 218
155 72 157 73
161 229 163 230
81 378 82 380
183 26 184 28
246 78 247 80
232 189 234 190
146 101 147 102
158 72 163 72
109 272 109 277
262 301 263 303
96 316 97 318
228 9 233 9
229 317 233 317
242 41 247 41
181 357 181 362
217 129 222 129
142 345 147 345
246 60 246 65
14 195 14 200
89 283 89 288
155 385 160 385
49 431 54 431
133 162 135 163
190 88 191 90
118 60 121 60
111 143 112 145
201 161 202 163
34 57 39 57
68 39 69 41
115 214 117 215
240 28 241 30
129 215 130 217
184 288 189 288
50 380 51 382
117 140 118 142
207 169 212 169
8 182 8 187
233 133 235 134
109 348 109 353
0 300 0 305
113 12 115 13
259 327 259 332
200 297 201 299
81 217 86 217
42 8 42 13
70 285 71 287
160 155 162 156
204 0 204 5
146 23 147 25
206 364 207 366
143 80 148 80
260 175 262 176
246 147 246 152
93 103 98 103
103 450 105 451
62 209 65 209
87 143 92 143
87 164 88 166
138 229 140 230
124 418 125 420
36 215 39 215
135 371 140 371
237 397 239 398
101 388 106 388
129 9 134 9
106 402 106 407
94 340 95 342
44 10 49 10
78 80 79 82
192 380 193 382
43 98 45 99
181 17 182 19
33 276 34 278
254 331 254 336
14 102 15 103
141 326 143 327
10 198 10 203
193 133 193 138
78 116 79 118
69 414 74 414
248 149 249 151
122 269 123 270
107 38 108 39
254 141 255 143
83 45 88 45
83 214 85 215
75 152 77 153
165 21 166 23
132 50 137 50
9 72 9 77
215 53 215 58
177 272 178 274
38 107 39 109
254 53 256 54
227 315 228 317
123 449 125 450
119 20 119 24
199 387 201 388
204 179 206 180
13 14 15 15
42 332 44 333
257 324 257 329
176 276 178 277
257 214 259 215
36 422 41 422
11 231 11 236
197 51 198 53
233 368 238 368
134 326 139 326
87 289 92 289
158 441 163 441
151 439 152 440
158 179 159 181
54 252 55 254
222 310 222 315
51 334 56 334
58 217 63 217
237 196 237 201
163 292 164 294
39 250 40 252
16 48 18 49
12 198 12 203
210 54 212 55
262 250 263 252
257 201 257 206
40 67 42 68
179 251 180 253
103 359 103 364
18 168 20 169
89 149 91 150
160 173 162 174
157 205 159 206
110 365 115 365
90 126 95 126
253 324 254 326
67 298 72 298
171 251 173 252
64 140 69 140
105 234 108 234
27 315 28 317
251 128 252 130
262 162 267 162
232 236 236 236
40 270 45 270
188 213 190 214
34 54 35 56
108 447 109 449
183 261 183 266
117 371 122 371
254 421 256 422
217 140 219 141
155 282 160 282
248 419 253 419
135 9 140 9
6 167 6 172
117 208 119 209
7 372 8 374
166 304 171 304
250 69 255 69
187 430 188 432
271 315 272 317
250 27 255 27
101 291 102 293
142 409 143 411
210 447 212 448
45 339 49 339
51 71 52 73
46 198 46 203
235 4 240 4
109 243 114 243
255 292 256 294
78 24 80 25
123 294 128 294
23 189 28 189
262 443 267 443
99 367 99 372
81 50 86 50
169 358 174 358
111 353 111 358
162 108 164 109
258 104 258 109
85 31 90 31
130 307 131 309
43 179 48 179
173 309 178 309
32 343 33 345
223 394 228 394
31 101 33 102
210 301 215 301
210 182 211 184
129 287 134 287
86 420 88 421
160 291 165 291
28 279 29 281
162 57 164 58
140 323 142 324
244 227 244 232
0 185 0 190
96 372 96 377
57 339 58 341
146 123 151 123
182 45 187 45
67 28 72 28
39 449 40 451
208 353 208 358
21 285 22 287
214 220 215 222
17 160 18 162
130 324 135 324
133 49 138 49
138 441 139 443
106 368 108 369
262 211 263 213
234 140 239 140
248 134 249 136
111 296 113 297
25 178 27 179
215 62 215 67
117 236 122 236
136 87 138 88
60 288 60 292
39 15 39 20
30 232 32 233
250 144 252 145
75 337 80 337
265 40 265 45
22 235 23 237
93 411 95 412
112 211 114 212
196 387 197 389
162 369 162 373
180 400 182 401
106 153 111 153
121 258 121 263
95 111 98 111
2 112 2 116
180 399 185 399
132 416 132 421
214 62 214 67
259 444 260 446
55 73 57 74
67 67 68 69
247 139 247 143
220 124 224 124
55 316 60 316
253 267 255 268
246 371 248 372
40 60 41 62
47 417 49 418
154 202 155 204
250 383 250 388
151 254 156 254
12 59 14 60
129 381 134 381
200 281 201 283
137 376 139 377
71 46 73 47
137 177 139 178
245 201 250 201
94 125 99 125
99 347 99 352
147 328 152 328
212 98 217 98
82 81 84 82
220 98 225 98
223 403 224 405
132 253 137 253
142 61 143 63
200 443 202 444
101 138 103 139
37 213 42 213
65 353 65 358
113 78 115 79
13 313 15 314
79 144 81 145
271 13 273 14
183 146 185 147
5 46 5 51
159 126 164 126
202 343 207 343
210 236 212 237
170 126 175 126
107 319 109 320
171 322 172 324
128 434 128 439
36 93 38 94
99 436 99 441
79 388 80 390
49 109 54 109
166 223 167 225
240 11 242 12
137 128 138 130
68 219 69 221
218 428 219 429
253 286 258 286
260 217 260 222
102 235 107 235
26 122 28 123
210 196 214 196
149 237 151 238
81 422 82 424
0 99 2 100
139 165 139 170
190 41 190 46
145 216 150 216
155 114 160 114
19 379 24 379
58 170 60 171
13 180 13 185
125 21 127 22
73 59 78 59
87 322 87 327
113 177 115 178
261 67 266 67
154 168 155 170
194 309 199 309
23 396 23 401
102 181 107 181
265 298 266 300
150 408 151 410
176 234 178 235
107 273 107 278
80 99 85 99
49 344 51 345
22 238 27 238
96 307 98 308
63 51 64 53
64 422 66 423
181 217 183 218
44 412 45 414
10 119 15 119
55 332 60 332
42 234 47 234
95 444 96 446
256 226 257 228
125 177 130 177
258 57 263 57
268 360 269 362
27 190 29 191
241 441 243 442
89 205 91 206
146 141 148 142
266 340 267 342
261 280 266 280
23 192 25 193
124 435 125 437
250 439 250 444
198 96 199 98
63 425 63 430
187 365 187 370
29 225 34 225
65 134 67 135
37 84 42 84
269 36 269 41
138 327 140 328
49 335 54 335
6 430 7 432
131 411 132 413
14 25 19 25
224 152 224 157
250 128 250 133
146 449 148 450
71 348 71 352
107 81 112 81
11 106 16 106
262 327 263 329
201 152 206 152
261 20 266 20
79 17 84 17
268 442 268 447
226 71 231 71
134 319 139 319
68 324 72 324
111 21 111 26
191 420 193 421
184 56 186 57
147 263 149 264
270 442 271 444
230 44 231 46
130 46 135 46
260 214 262 215
121 277 123 278
105 359 106 361
236 264 236 269
174 220 174 225
215 337 216 339
251 396 256 396
125 71 127 72
144 312 149 312
14 223 19 223
192 374 192 379
243 203 245 204
269 415 274 415
145 33 150 33
18 451 23 451
243 389 245 390
167 90 168 92
273 77 273 82
250 85 252 86
84 376 86 377
3 106 4 108
220 326 222 327
92 11 93 13
129 297 130 299
44 395 44 400
10 216 15 216
37 436 42 436
80 54 81 56
71 216 72 218
198 274 199 276
69 401 74 401
224 64 225 66
61 409 66 409
108 90 108 95
254 217 259 217
212 4 217 4
191 80 192 82
73 257 78 257
73 36 74 38
229 321 231 322
177 217 178 219
94 281 94 286
147 277 149 278
137 284 138 286
104 197 104 202
70 206 72 207
203 15 208 15
39 180 42 180
191 43 191 48
169 121 169 126
78 54 79 56
91 130 96 130
147 218 148 220
171 6 172 8
168 359 170 360
51 4 52 5
197 125 199 126
150 40 151 42
160 417 165 417
141 190 143 191
99 407 104 407
186 307 187 309
139 444 142 444
229 357 234 357
259 402 264 402
90 298 92 299
48 40 50 41
19 212 24 212
161 98 166 98
54 383 54 388
250 70 255 70
272 292 274 293
269 329 274 329
36 184 41 184
210 63 210 68
79 281 84 281
71 135 76 135
147 229 149 230
268 62 269 64
273 448 274 450
100 127 102 128
221 100 222 102
121 288 126 288
170 279 172 280
93 38 93 43
52 129 52 134
261 133 262 135
112 326 117 326
68 124 69 126
52 175 54 176
6 406 6 411
77 236 82 236
205 256 205 261
195 310 200 310
11 159 16 159
246 132 246 137
233 238 238 238
210 245 215 245
132 325 136 325
272 63 274 64
165 106 166 108
29 393 29 398
221 42 222 44
82 284 83 286
250 35 255 35
180 406 185 406
212 102 213 104
223 217 225 218
59 228 60 230
143 444 145 445
92 152 93 154
36 20 38 21
247 262 248 264
12 379 12 384
259 218 259 223
210 99 215 99
183 132 185 133
219 153 223 153
69 238 69 243
153 370 158 370
174 103 179 103
2 417 2 422
109 318 114 318
203 115 208 115
169 284 170 286
222 378 224 379
238 264 240 265
122 177 124 178
22 176 24 177
9 295 14 295
69 386 70 388
73 145 78 145
200 2 201 4
27 257 27 262
131 305 136 305
115 25 117 26
86 369 86 374
97 232 102 232
231 144 232 146
240 222 245 222
166 190 168 191
188 297 190 298
9 198 9 203
129 78 130 80
164 59 165 61
33 190 35 191
99 278 101 279
252 311 254 312
108 61 109 63
146 170 151 170
268 26 270 27
105 379 106 381
79 41 80 43
170 129 175 129
0 369 4 369
52 357 52 362
246 382 251 382
262 89 267 89
122 418 123 420
75 91 77 92
68 277 73 277
177 40 178 42
22 394 27 394
218 358 223 358
39 334 44 334
43 160 48 160
169 242 169 247
73 148 73 153
229 305 229 310
207 422 212 422
198 101 199 103
245 306 246 308
161 49 162 51
5 120 10 120
64 255 66 256
218 69 219 71
43 26 45 27
141 198 142 200
18 434 19 436
237 328 242 328
65 413 70 413
208 170 209 172
31 50 36 50
75 283 80 283
82 407 84 408
212 187 217 187
46 8 48 9
215 59 220 59
237 86 242 86
195 219 196 221
260 319 265 319
24 322 24 327
242 395 244 396
130 252 131 254
27 66 32 66
116 424 120 424
258 259 259 261
187 407 189 408
82 209 83 211
10 62 12 63
169 219 174 219
126 111 127 112
236 115 237 117
146 408 147 410
252 164 252 169
178 63 183 63
34 253 35 255
8 420 10 421
210 130 211 132
234 58 236 59
268 249 269 250
76 122 81 122
148 78 153 78
52 345 57 345
59 37 64 37
65 80 66 82
35 123 40 123
137 241 142 241
177 207 178 209
41 451 46 451
88 91 89 93
146 177 148 178
84 122 85 124
91 408 96 408
196 406 197 408
93 50 94 52
112 103 113 105
214 287 219 287
233 213 234 215
247 254 248 256
269 77 270 79
204 306 206 307
14 243 18 243
253 315 255 316
12 285 17 285
86 59 87 61
264 397 266 398
127 133 128 135
260 317 265 317
109 314 111 315
203 351 208 351
162 337 163 339
20 261 22 262
181 238 182 240
86 366 87 368
72 199 72 204
91 25 93 26
142 257 143 259
12 397 12 402
87 89 89 90
209 63 209 68
257 275 262 275
66 241 66 246
85 240 88 240
135 365 136 367
94 108 99 108
129 371 134 371
228 27 229 29
16 260 17 262
43 121 44 122
29 369 34 369
187 198 187 203
179 151 180 152
164 72 166 73
198 224 201 224
61 166 66 166
200 386 205 386
139 446 144 446
36 251 36 256
254 37 259 37
129 205 133 205
192 389 193 391
147 166 149 167
200 302 205 302
216 42 218 43
183 134 183 139
58 372 59 374
174 320 176 321
69 181 74 181
100 135 105 135
203 226 204 227
196 345 197 347
255 320 260 320
125 266 126 268
252 178 254 179
62 5 63 7
70 433 71 435
4 123 4 128
135 229 137 230
148 171 149 173
73 429 75 430
145 73 147 74
240 175 242 176
123 55 128 55
148 361 153 361
138 439 143 439
127 254 129 255
107 259 108 261
18 300 18 305
51 286 52 288
70 443 71 445
5 159 10 159
188 254 190 255
21 124 21 129
34 141 34 146
21 14 23 15
2 155 3 157
202 104 207 104
1 152 3 153
102 68 107 68
131 125 132 127
159 202 160 204
239 350 244 350
86 395 88 396
239 44 241 45
154 144 159 144
187 106 187 111
161 94 162 96
91 405 93 406
42 34 45 34
50 67 51 69
146 444 148 445
104 276 104 281
88 314 90 315
162 53 162 56
131 302 136 302
261 74 266 74
42 231 44 232
172 407 177 407
240 297 245 297
265 181 265 186
115 100 120 100
120 432 120 437
198 345 199 347
41 328 41 333
229 419 231 420
71 29 73 30
53 399 57 399
106 64 111 64
76 285 77 287
122 366 124 367
209 260 210 262
253 276 258 276
232 321 233 323
256 426 261 426
84 336 86 337
213 92 214 94
260 301 261 303
97 246 99 247
143 290 148 290
97 81 98 83
136 331 138 332
78 420 83 420
264 15 266 16
12 392 17 392
42 90 42 95
259 34 261 35
186 261 186 266
157 179 157 184
162 310 167 310
180 307 182 308
253 438 253 443
186 185 191 185
102 52 103 54
271 445 272 447
161 113 163 114
119 329 120 331
132 334 134 335
6 9 6 14
156 3 156 8
222 126 223 128
244 315 246 316
23 178 24 180
184 372 186 373
132 394 132 399
214 270 214 275
174 63 177 63
108 23 110 24
212 304 212 309
76 77 76 82
54 198 56 199
273 342 273 347
54 9 59 9
175 142 175 147
112 43 112 48
2 56 2 61
4 52 5 54
91 50 92 52
255 282 258 282
169 52 169 57
107 196 108 198
204 137 206 138
127 0 132 0
209 238 214 238
257 447 262 447
93 170 98 170
250 229 251 231
70 309 71 311
201 296 206 296
98 281 99 283
100 78 102 79
185 289 187 290
183 428 184 430
271 412 272 414
200 410 202 411
46 187 47 189
238 298 240 299
131 318 133 319
214 6 214 11
265 146 265 151
77 232 82 232
58 448 63 448
154 291 159 291
216 274 221 274
99 321 104 321
2 175 7 175
113 347 113 352
136 306 137 308
150 156 150 161
44 126 44 131
16 432 21 432
181 446 182 448
141 21 142 23
71 191 71 196
75 353 75 358
33 351 38 351
122 300 122 305
0 155 1 157
204 428 205 430
187 418 188 420
93 450 98 450
200 328 202 329
50 167 51 169
134 123 136 124
91 58 91 63
49 447 51 448
262 187 262 192
138 277 143 277
161 26 162 28
260 139 260 144
209 150 212 150
142 237 143 239
97 10 98 12
261 444 262 446
140 407 142 408
208 287 210 288
74 148 74 153
241 189 241 194
123 378 125 379
151 357 155 357
93 136 95 137
44 320 49 320
115 10 120 10
172 136 177 136
58 220 60 221
85 431 90 431
133 84 138 84
191 225 196 225
151 360 156 360
43 126 43 131
215 88 216 90
84 76 89 76
262 10 264 11
118 271 120 272
9 61 14 61
139 128 140 130
230 115 235 115
70 422 70 427
263 133 264 135
170 322 170 327
123 317 124 319
8 102 9 104
62 76 67 76
236 231 237 233
123 421 124 423
247 247 249 248
119 203 121 204
44 297 44 302
6 389 7 391
30 181 31 183
75 137 75 142
185 140 185 145
230 147 232 148
116 61 121 61
120 208 122 209
145 233 146 235
241 143 242 145
82 404 83 406
9 448 10 450
205 105 205 110
35 114 37 115
153 363 154 365
95 438 96 440
222 6 227 6
176 310 177 312
269 425 269 430
222 82 223 84
82 247 87 247
27 446 28 448
274 77 274 81
226 109 228 110
54 78 59 78
218 51 218 56
53 24 58 24
236 194 238 195
259 15 263 15
198 267 200 268
115 212 120 212
214 267 215 269
83 297 84 299
24 139 24 144
250 53 251 55
133 288 135 289
145 187 147 188
23 48 28 48
216 57 218 58
170 305 175 305
59 371 64 371
196 250 197 252
256 380 256 385
77 419 82 419
48 424 48 429
3 162 5 163
56 150 56 155
162 400 167 400
5 78 5 83
198 72 199 74
61 98 61 103
18 325 20 326
256 360 257 361
69 98 71 99
232 1 233 3
259 216 264 216
84 116 85 118
262 352 263 354
57 411 58 413
80 35 85 35
240 47 241 49
184 261 184 266
25 444 30 444
186 251 187 253
37 199 42 199
24 7 25 9
229 438 231 439
14 6 14 11
10 281 11 283
246 213 246 218
241 329 242 331
95 13 100 13
10 228 11 230
272 223 274 224
47 253 49 254
203 108 203 113
252 354 254 355
80 406 81 408
99 77 104 77
161 136 166 136
52 273 52 278
225 28 226 30
239 134 244 134
209 224 211 225
129 352 134 352
248 383 248 388
196 436 196 441
18 111 20 112
169 82 171 83
122 78 122 83
231 120 233 121
58 417 63 417
91 309 96 309
147 201 149 202
99 284 104 284
82 412 82 417
104 418 105 420
45 360 46 362
175 409 175 414
17 286 17 291
120 235 123 235
60 360 61 362
96 211 96 216
7 323 7 328
38 196 43 196
165 133 170 133
34 249 39 249
197 119 199 120
9 375 11 376
250 96 252 97
105 315 106 317
94 327 94 332
106 78 108 79
225 80 225 85
144 146 146 147
41 0 41 5
67 148 67 153
167 233 167 238
88 228 90 229
7 423 9 424
65 245 65 250
54 219 59 219
258 136 263 136
164 90 166 91
172 120 172 125
238 74 239 76
59 225 61 226
65 67 66 69
271 152 272 154
16 357 17 359
214 54 214 59
246 11 246 16
191 357 196 357
142 442 144 443
260 259 261 261
99 423 104 423
229 138 230 140
264 444 264 449
6 312 7 314
27 450 29 451
198 220 203 220
24 432 26 433
6 266 6 271
117 170 118 172
219 437 224 437
50 263 52 264
161 99 166 99
142 28 147 28
223 313 223 318
237 58 239 59
96 402 97 404
6 254 6 259
214 137 215 139
138 140 143 140
265 294 266 296
29 8 31 9
139 40 139 45
94 25 96 26
14 137 16 138
82 360 84 361
27 401 27 406
220 279 222 280
78 434 83 434
10 114 11 115
119 327 120 328
93 436 98 436
260 283 261 285
6 354 6 359
231 161 236 161
178 25 181 25
218 144 219 146
176 232 178 233
53 443 56 443
101 267 101 272
130 326 131 328
58 398 58 403
67 203 68 205
143 128 143 133
225 261 225 266
10 390 11 392
101 448 103 449
35 361 36 363
195 278 200 278
66 386 66 391
3 159 4 160
243 165 245 166
150 240 151 242
18 387 19 389
49 19 49 24
258 418 263 418
200 378 200 383
22 269 27 269
54 102 55 104
132 182 134 183
22 317 24 318
147 363 152 363
56 321 58 322
114 118 116 119
58 278 58 283
80 382 82 383
70 32 71 34
165 236 165 241
263 246 268 246
235 96 238 96
124 46 129 46
220 259 225 259
240 345 245 345
237 213 238 215
11 397 11 402
95 355 95 360
262 396 263 398
131 434 131 439
36 398 36 403
171 97 172 99
188 342 193 342
101 260 103 261
116 134 117 136
253 164 253 169
191 396 192 398
205 270 206 272
205 218 209 218
207 94 212 94
180 281 185 281
267 15 272 15
85 8 87 9
115 134 115 139
206 123 211 123
105 33 110 33
78 104 79 106
158 68 163 68
226 64 228 65
266 88 271 88
134 37 136 38
5 241 5 246
4 336 4 341
115 417 120 417
204 412 209 412
127 346 128 348
229 428 231 429
7 131 12 131
244 139 245 141
237 11 239 12
89 41 90 43
208 327 210 328
63 436 64 438
120 45 125 45
162 112 167 112
135 433 135 438
35 206 36 208
151 76 156 76
115 102 120 102
204 139 209 139
218 9 223 9
186 362 190 362
118 165 120 166
131 214 131 219
162 10 167 10
261 52 262 54
114 179 115 181
104 149 109 149
175 204 175 209
271 431 271 436
152 156 152 161
25 423 30 423
153 328 157 328
119 258 119 263
74 282 77 282
86 172 91 172
88 152 89 154
11 198 11 203
245 119 250 119
40 112 41 113
161 182 162 184
203 225 208 225
97 80 102 80
28 57 33 57
10 436 15 436
158 162 159 164
198 389 203 389
37 89 42 89
250 343 250 348
40 373 45 373
149 135 151 136
252 279 257 279
88 414 89 416
118 153 119 155
59 6 61 7
15 310 16 312
80 187 82 188
260 155 265 155
74 54 75 56
18 218 19 220
226 392 231 392
182 237 187 237
91 278 92 280
26 312 28 313
118 6 119 8
200 119 202 120
255 157 260 157
269 292 271 293
211 153 212 155
262 386 262 391
208 305 208 310
113 75 114 77
133 85 138 85
92 77 97 77
218 80 220 81
156 439 158 440
94 152 95 154
124 274 125 276
123 339 128 339
152 66 154 67
181 226 181 231
130 384 130 389
268 357 269 359
225 267 225 272
7 400 7 405
85 10 90 10
39 5 39 10
112 301 114 302
163 101 164 103
245 143 245 146
34 224 39 224
215 33 216 35
94 14 96 15
69 113 69 118
24 14 26 15
9 315 11 316
265 244 270 244
239 370 241 371
227 123 228 125
163 49 164 51
52 378 57 378
113 166 114 168
185 371 190 371
96 157 97 159
234 311 236 312
222 425 224 426
121 271 122 273
101 367 101 372
152 286 154 287
161 377 162 379
113 204 113 209
97 109 102 109
148 296 149 297
93 85 98 85
64 276 68 276
22 432 23 434
158 238 160 239
274 297 274 302
186 184 191 184
95 425 96 427
157 267 157 272
171 117 171 122
246 191 247 193
265 227 267 228
105 162 106 164
268 145 268 150
150 416 155 416
2 123 2 128
37 41 42 41
60 376 61 378
269 323 269 328
77 41 78 43
148 73 150 74
65 261 67 262
266 175 268 176
82 147 82 152
271 416 271 421
35 200 35 205
34 408 35 410
54 244 59 244
91 151 96 151
224 148 229 148
12 194 17 194
80 116 81 118
194 119 196 120
33 92 35 93
77 205 82 205
187 449 192 449
105 267 110 267
141 418 142 420
205 398 207 399
4 277 4 282
158 87 160 88
235 316 240 316
168 239 169 241
110 40 110 45
243 66 243 71
113 43 113 48
5 354 5 359
182 132 182 137
8 383 8 388
218 97 223 97
211 210 212 212
40 177 41 179
59 164 61 165
274 422 274 427
56 299 61 299
120 89 121 91
150 269 151 271
231 305 232 307
149 234 153 234
244 115 245 117
198 188 199 190
11 64 11 69
14 145 14 150
108 206 108 211
7 18 7 23
168 400 168 405
79 97 84 97
122 350 123 352
62 376 63 378
209 50 210 52
271 184 274 184
251 0 256 0
63 386 63 391
66 20 67 22
132 439 137 439
19 65 19 70
75 367 77 368
251 36 256 36
270 451 272 452
236 41 241 41
202 251 207 251
228 87 229 89
40 249 45 249
18 306 20 307
143 441 148 441
86 35 91 35
87 12 89 13
139 171 141 172
175 317 176 319
211 120 212 122
136 146 137 148
109 354 109 359
228 182 233 182
97 134 99 135
84 425 86 426
173 289 175 290
179 309 180 311
144 132 145 134
2 158 7 158
101 98 102 100
3 410 4 412
140 122 140 127
31 376 33 377
115 40 115 45
233 103 235 104
19 178 21 179
39 106 44 106
72 22 73 24
240 240 241 242
259 435 260 437
227 47 229 48
187 266 192 266
119 421 120 423
16 363 18 364
191 130 191 135
75 436 79 436
162 303 163 305
269 163 271 164
233 114 238 114
52 152 53 154
203 137 203 142
99 170 104 170
208 130 209 132
136 81 137 83
23 164 28 164
191 291 196 291
137 325 142 325
235 47 235 52
190 343 195 343
108 269 110 270
25 328 25 333
154 354 159 354
30 190 32 191
256 4 256 9
221 154 223 155
97 408 99 409
57 26 62 26
150 353 155 353
84 7 89 7
9 329 10 331
253 331 253 334
5 436 6 438
68 73 68 78
236 174 237 176
32 43 37 43
161 34 163 35
8 439 8 444
158 73 163 73
8 445 11 445
53 323 58 323
106 123 111 123
219 40 224 40
214 343 216 344
250 376 252 377
22 294 22 298
94 101 99 101
93 354 93 359
233 250 234 252
11 146 11 151
80 443 81 445
174 301 179 301
19 314 21 315
46 143 48 144
136 419 137 421
271 422 272 424
221 39 226 39
199 352 204 352
184 347 186 348
154 23 154 28
30 321 30 326
21 441 26 441
201 310 202 312
0 93 0 98
41 168 41 173
25 260 26 262
148 281 149 283
271 8 272 10
262 217 262 222
86 226 88 227
75 410 80 410
88 443 89 445
148 134 153 134
109 300 114 300
9 360 11 361
87 216 88 218
15 450 17 451
105 18 105 23
270 344 270 349
135 128 136 130
201 440 203 441
28 382 30 383
224 279 229 279
40 88 45 88
68 31 73 31
236 344 241 344
204 108 204 113
155 222 160 222
91 448 93 449
82 364 83 366
95 168 100 168
235 428 235 433
103 379 104 381
47 277 47 282
208 126 213 126
130 441 131 443
91 314 96 314
91 328 92 330
24 413 29 413
57 174 59 175
55 255 57 256
127 172 132 172
115 116 120 116
185 280 190 280
121 372 122 373
7 274 7 279
123 253 128 253
170 238 171 240
97 228 102 228
185 334 186 336
105 99 107 100
50 163 50 166
77 126 82 126
210 239 211 241
267 247 269 248
116 258 118 259
150 358 155 358
250 61 251 63
245 169 246 171
248 303 250 304
68 432 73 432
104 424 109 424
109 90 109 95
257 448 259 449
83 80 88 80
117 260 118 262
210 6 211 8
228 250 229 252
70 370 75 370
217 317 217 322
152 185 152 190
202 272 203 274
229 33 233 33
115 437 116 439
156 169 158 170
272 111 272 116
221 310 221 315
82 122 83 124
88 262 93 262
262 399 267 399
258 360 259 361
105 274 105 279
178 177 178 182
187 238 189 239
241 361 242 363
152 23 152 28
246 220 246 225
229 254 234 254
123 398 125 399
135 238 136 240
223 118 224 120
102 92 102 97
158 422 159 424
80 208 85 208
152 276 157 276
180 374 185 374
72 136 76 136
53 415 58 415
155 184 155 189
1 47 3 48
50 59 55 59
34 74 36 75
202 131 202 136
31 321 31 326
109 171 110 173
211 78 211 81
217 213 218 215
257 68 257 72
253 393 254 395
39 46 44 46
19 452 24 452
70 219 72 220
159 79 159 84
70 197 72 198
172 242 172 247
78 244 78 249
15 65 15 70
142 189 147 189
123 284 124 286
26 124 29 124
266 93 271 93
31 200 32 202
256 283 257 285
173 46 175 47
19 189 22 189
240 255 240 260
230 116 232 117
208 16 208 21
0 235 0 239
249 71 254 71
216 51 216 56
163 171 168 171
131 344 133 345
92 368 92 373
141 84 142 86
120 418 121 420
109 336 114 336
257 139 259 140
100 439 101 441
206 337 206 342
242 220 244 221
251 363 256 363
2 375 2 380
109 446 114 446
65 258 66 260
119 16 120 18
129 326 129 330
82 67 84 68
99 447 103 447
128 12 130 13
56 410 61 410
172 133 177 133
95 10 96 12
63 354 63 359
167 104 168 106
37 23 42 23
80 248 82 249
197 173 197 178
213 12 218 12
63 231 68 231
198 55 198 60
142 428 147 428
179 31 181 32
23 233 25 234
139 263 140 265
78 357 80 358
206 207 208 208
255 144 256 146
164 297 169 297
114 360 119 360
205 330 210 330
206 131 207 133
251 423 252 425
239 359 244 359
166 176 171 176
158 75 163 75
257 420 257 425
237 33 237 38
193 417 194 419
102 418 103 420
212 85 213 87
241 69 242 71
13 362 13 367
244 205 249 205
15 187 20 187
251 421 253 422
31 59 36 59
195 65 200 65
65 227 67 228
257 25 262 25
164 388 166 389
245 233 247 234
127 165 132 165
235 97 240 97
205 161 209 161
121 109 126 109
36 190 36 195
125 23 130 23
116 177 117 179
25 424 30 424
194 443 196 444
92 106 97 106
111 110 116 110
62 98 62 103
125 209 126 211
222 117 227 117
140 226 142 227
173 172 174 174
103 405 105 406
63 302 68 302
87 196 91 196
174 443 175 445
166 422 167 424
234 121 239 121
36 146 37 148
39 346 40 348
119 115 124 115
212 442 217 442
83 201 84 203
120 44 125 44
61 316 62 317
173 404 175 405
40 81 42 82
76 295 78 296
239 275 240 277
145 126 145 131
150 38 155 38
201 47 201 52
51 102 52 104
246 373 248 374
182 302 184 303
218 326 218 331
216 30 217 32
110 193 111 195
193 413 198 413
124 252 129 252
227 368 232 368
233 416 234 418
28 344 29 346
57 38 57 43
59 48 61 49
133 284 134 286
185 375 187 376
78 289 78 294
20 25 20 30
6 433 7 435
40 394 44 394
201 172 201 176
73 17 78 17
55 61 56 63
1 207 2 209
78 421 83 421
176 399 177 401
121 201 122 202
37 444 42 444
44 446 49 446
98 362 99 364
237 241 239 242
246 390 251 390
99 63 104 63
46 44 51 44
91 17 96 17
142 223 144 224
203 131 203 136
87 36 92 36
53 185 53 190
50 87 52 88
262 51 267 51
232 283 237 283
29 242 30 244
40 100 45 100
165 88 166 89
161 311 166 311
144 23 145 25
206 64 208 65
147 90 147 95
114 328 114 333
26 363 30 363
126 44 128 45
23 282 23 287
93 72 95 73
11 408 12 410
74 353 74 358
206 400 211 400
237 42 239 43
14 238 14 242
128 105 133 105
246 402 248 403
251 263 252 264
100 311 102 312
176 334 181 334
48 433 49 435
145 190 146 192
0 444 0 449
173 322 174 324
224 233 229 233
267 157 272 157
264 193 265 195
210 222 212 223
73 219 78 219
2 176 7 176
53 129 53 134
181 80 181 85
145 213 146 215
45 391 50 391
105 407 105 412
269 17 270 19
26 67 31 67
4 404 4 409
111 120 113 121
170 177 170 182
122 400 123 402
199 212 200 214
72 433 72 438
228 90 229 92
99 334 104 334
12 360 14 361
231 118 233 119
182 334 183 336
15 142 15 147
123 341 127 341
255 67 260 67
30 105 32 106
50 230 52 231
229 118 230 120
33 346 34 348
25 452 30 452
100 408 101 410
13 74 14 76
73 102 78 102
56 129 57 131
259 158 263 158
36 4 38 5
171 396 176 396
178 288 183 288
7 133 12 133
189 27 190 29
61 110 62 111
140 215 141 216
127 336 132 336
94 348 94 353
177 413 182 413
38 349 43 349
24 315 26 316
40 278 40 282
208 47 213 47
265 160 270 160
23 244 28 244
250 46 251 48
109 141 114 141
11 381 11 386
263 175 265 176
272 425 272 430
158 133 163 133
40 161 42 162
5 9 5 14
256 11 261 11
192 409 197 409
84 355 89 355
167 172 168 174
43 281 44 283
261 12 262 14
235 304 240 304
21 112 26 112
106 177 111 177
74 35 79 35
159 363 160 365
194 264 196 265
218 107 219 109
78 443 79 445
245 154 247 155
165 113 165 118
102 57 104 58
76 258 76 263
129 159 130 161
150 131 151 133
268 369 270 370
210 0 210 5
172 148 177 148
20 228 21 230
189 202 194 202
169 177 169 182
134 415 135 417
271 227 271 232
148 298 153 298
233 0 238 0
88 125 93 125
150 109 155 109
5 401 5 406
137 250 142 250
44 328 45 330
15 333 15 338
223 323 225 324
194 421 199 421
59 161 60 163
208 428 209 430
60 379 64 379
272 120 272 125
75 133 80 133
244 369 245 371
58 20 59 22
135 242 140 242
138 244 143 244
162 128 164 129
232 98 237 98
88 50 90 51
272 193 273 195
159 130 164 130
12 298 12 303
17 208 18 210
193 252 195 253
53 99 53 104
19 89 23 89
107 30 109 31
95 285 100 285
111 269 113 270
9 6 9 11
162 162 163 164
46 207 46 212
12 102 13 104
69 45 70 47
18 108 19 110
267 16 272 16
77 29 77 34
231 86 231 91
131 113 132 115
134 21 136 22
207 158 212 158
106 15 111 15
60 452 65 452
12 316 17 316
144 94 146 95
72 328 74 329
199 47 200 48
192 304 194 305
162 11 167 11
210 344 213 344
165 100 165 105
84 422 86 423
49 265 50 267
65 36 66 38
1 228 1 232
136 102 137 104
173 73 178 73
45 321 46 323
166 183 167 185
177 220 181 220
181 347 183 348
178 306 182 306
231 241 233 242
265 409 270 409
212 345 212 350
111 245 111 250
127 373 128 375
218 41 223 41
148 153 150 154
61 223 63 224
128 75 128 80
120 223 122 224
164 443 165 445
175 232 175 237
212 21 212 26
182 91 183 93
116 225 118 226
91 34 96 34
233 399 234 401
133 209 133 214
145 148 150 148
224 288 225 289
46 91 47 93
171 181 173 182
222 59 223 61
255 168 257 169
31 286 36 286
179 390 181 391
218 320 218 325
193 147 193 152
100 314 101 316
97 425 98 427
78 151 79 153
236 78 241 78
22 123 22 128
25 22 27 23
68 386 68 390
97 438 98 440
111 371 116 371
177 65 180 65
191 31 192 33
127 109 132 109
144 190 144 195
133 113 134 115
30 373 31 375
173 171 178 171
164 223 165 225
246 404 248 405
219 281 224 281
49 107 54 107
173 31 175 32
76 200 78 201
151 284 155 284
134 138 135 140
203 397 208 397
66 54 68 55
146 306 146 311
218 104 223 104
81 103 85 103
113 37 113 42
251 447 256 447
152 332 152 337
226 107 231 107
7 183 7 188
203 61 204 63
24 153 29 153
81 319 83 320
136 320 136 324
255 205 256 207
31 382 33 383
44 117 46 118
113 225 115 226
108 402 108 407
6 292 11 292
198 250 199 252
250 167 251 169
199 19 200 21
63 0 65 1
35 45 40 45
188 257 193 257
100 362 101 364
45 42 50 42
152 80 152 85
154 12 155 14
223 319 225 320
233 39 238 39
98 268 99 270
140 131 140 136
122 164 127 164
40 164 45 164
1 194 6 194
133 221 138 221
94 186 99 186
202 353 207 353
99 93 100 95
80 245 81 247
37 138 37 142
261 417 266 417
158 350 159 352
92 351 93 353
186 132 186 137
224 251 225 253
1 120 2 122
113 216 118 216
202 72 203 73
46 403 46 408
27 156 29 157
40 144 45 144
199 41 199 46
132 382 137 382
200 41 200 46
73 97 78 97
54 416 58 416
193 19 198 19
147 185 149 186
11 37 11 42
5 123 6 125
260 177 265 177
36 234 41 234
172 299 177 299
263 146 263 151
31 229 35 229
212 315 217 315
3 336 3 341
82 18 86 18
76 308 78 309
252 249 253 251
85 182 86 184
134 131 139 131
68 201 70 202
224 411 225 413
8 72 8 77
219 352 220 354
73 334 74 336
263 83 264 85
83 159 88 159
164 212 165 214
148 16 149 18
24 312 25 314
28 393 28 398
189 150 189 155
166 126 166 131
43 17 44 19
62 336 64 337
65 197 65 202
266 155 268 156
131 310 136 310
106 93 107 95
172 298 177 298
20 275 21 277
30 397 32 398
216 275 218 276
238 245 239 247
49 368 54 368
219 320 219 325
188 447 190 448
178 304 183 304
0 276 0 281
27 44 32 44
106 29 111 29
141 339 142 341
167 93 172 93
250 164 251 166
73 303 75 304
94 437 98 437
118 434 118 439
75 202 76 204
222 306 224 307
192 292 194 293
128 430 130 431
232 210 237 210
80 100 85 100
14 71 15 73
84 12 86 13
188 365 188 370
138 269 140 270
39 337 41 338
210 392 214 392
163 155 163 160
212 314 217 314
184 324 186 325
216 220 216 225
202 7 202 12
215 407 220 407
167 222 172 222
211 234 212 235
51 111 55 111
83 411 84 413
16 129 16 134
208 239 209 241
115 75 116 77
83 36 84 38
6 293 6 297
183 209 185 210
84 364 84 369
258 277 260 278
78 317 83 317
158 124 163 124
152 257 153 259
231 237 236 237
219 50 219 55
135 39 140 39
110 179 111 181
212 41 217 41
132 363 133 365
139 419 139 424
126 156 127 158
171 68 173 69
147 404 148 406
227 300 232 300
91 446 94 446
144 411 146 412
139 10 141 11
169 167 173 167
217 160 222 160
204 377 204 382
91 19 93 20
264 367 266 368
122 170 124 171
132 54 134 55
61 363 66 363
86 163 86 168
72 170 73 172
6 155 7 157
227 179 229 180
121 431 121 435
167 341 169 342
256 315 258 316
138 405 140 406
161 8 166 8
4 230 9 230
251 242 252 244
34 283 36 284
71 12 73 13
63 333 68 333
155 215 157 216
226 177 228 178
267 410 267 415
133 68 133 73
85 115 90 115
111 359 116 359
167 147 167 152
112 37 112 42
54 222 56 223
131 37 133 38
242 233 244 234
208 253 213 253
56 277 61 277
198 24 199 26
66 356 67 358
62 3 64 4
36 140 36 145
22 178 22 181
100 299 101 301
172 284 174 285
124 24 126 25
212 316 217 316
209 34 210 36
196 331 197 333
127 56 132 56
5 351 7 352
130 81 131 83
209 348 210 350
101 132 103 133
105 199 110 199
157 404 157 409
219 294 220 296
198 378 199 380
45 43 50 43
46 67 47 69
251 106 252 108
242 369 243 371
129 239 134 239
218 170 219 172
130 261 130 266
259 420 259 425
57 166 59 167
53 200 55 201
248 78 249 80
116 159 116 163
220 323 221 325
256 379 261 379
121 438 122 440
86 291 86 296
240 120 241 122
179 219 184 219
99 385 104 385
112 447 117 447
139 237 141 238
6 3 6 8
104 299 105 301
9 24 10 26
33 53 37 53
9 15 9 20
129 434 129 439
155 218 160 218
78 305 79 307
229 189 231 190
122 12 123 14
173 242 173 247
152 117 157 117
54 433 55 435
45 240 47 241
166 95 168 96
129 182 131 183
59 238 60 240
241 205 243 206
206 101 207 103
152 329 157 329
260 125 260 130
74 240 74 245
68 373 69 375
10 96 11 98
266 312 271 312
11 173 11 178
74 422 75 424
215 105 219 105
114 378 119 378
10 139 12 140
22 325 22 330
189 144 189 149
46 277 46 282
108 49 113 49
66 247 67 249
251 171 252 173
121 11 126 11
189 212 194 212
13 397 13 402
14 362 14 367
6 46 6 51
191 106 192 108
244 440 245 442
138 132 139 134
93 131 93 135
21 239 23 240
99 24 104 24
133 3 135 4
121 421 122 423
245 347 246 348
169 251 169 255
274 132 274 137
38 326 43 326
241 184 242 185
131 59 133 60
41 440 46 440
102 233 104 234
59 186 60 188
135 16 137 17
86 223 87 225
232 107 237 107
28 381 33 381
1 161 1 166
213 169 218 169
226 380 227 382
114 288 118 288
175 215 180 215
216 85 217 86
84 107 89 107
111 304 112 306
43 259 44 261
188 181 193 181
101 92 101 97
48 268 53 268
156 371 157 373
7 24 8 26
151 28 151 33
121 69 122 71
41 260 42 262
124 431 125 433
159 131 164 131
258 450 263 450
213 361 214 363
87 44 92 44
195 231 195 236
242 304 244 305
142 151 147 151
221 283 222 285
35 371 36 373
27 380 27 384
249 439 249 444
86 157 91 157
196 429 198 430
111 77 112 79
13 322 14 324
266 406 267 408
107 82 112 82
242 245 243 247
138 173 143 173
56 271 56 276
251 59 253 60
59 183 60 185
1 20 1 25
12 233 12 238
62 360 63 362
39 350 41 351
47 357 48 359
4 213 5 215
114 208 116 209
123 245 128 245
72 308 73 310
189 424 190 426
83 2 83 7
187 50 187 55
6 360 6 365
7 0 7 5
89 32 94 32
248 46 249 48
223 434 228 434
74 308 75 310
224 173 225 175
229 62 230 63
2 448 7 448
152 414 157 414
61 380 62 382
10 192 10 197
254 59 255 61
135 198 136 200
145 351 150 351
31 360 36 360
124 112 125 114
32 299 34 300
18 142 18 147
155 269 155 274
131 366 133 367
234 178 239 178
77 185 82 185
188 167 193 167
266 138 267 140
227 305 228 307
63 110 68 110
154 303 159 303
265 388 266 390
64 275 68 275
58 385 58 390
199 198 200 200
30 234 32 235
24 246 29 246
126 20 130 20
96 27 97 29
113 130 114 132
241 415 246 415
47 355 52 355
66 106 69 106
176 257 181 257
81 83 83 84
225 290 226 292
113 115 118 115
117 121 122 121
44 326 49 326
157 442 162 442
177 55 178 57
190 301 190 306
148 131 149 133
264 247 266 248
143 349 148 349
165 70 166 71
256 301 257 303
250 315 252 316
77 99 79 100
184 50 184 55
22 213 22 218
95 303 95 308
171 369 172 371
122 267 124 268
232 230 233 232
191 310 192 312
75 40 80 40
103 92 103 97
23 131 25 132
174 406 179 406
128 5 133 5
156 273 158 274
27 426 28 428
24 71 25 73
259 160 264 160
124 427 126 428
120 241 125 241
122 343 123 345
238 235 243 235
224 210 225 212
141 148 142 150
56 417 56 421
96 382 101 382
61 338 62 340
10 242 10 247
263 391 268 391
80 354 81 356
93 432 98 432
252 138 257 138
202 57 204 58
205 46 210 46
205 153 207 154
203 27 203 32
46 104 50 104
1 336 2 338
272 420 274 421
218 374 223 374
103 315 104 317
35 225 39 225
272 69 274 70
240 172 241 174
144 245 146 246
109 228 111 229
201 191 206 191
196 274 197 276
127 74 127 79
246 242 248 243
10 351 11 353
0 420 0 425
23 325 23 330
197 357 202 357
4 122 9 122
27 143 27 148
32 349 37 349
105 154 107 155
162 176 163 178
250 29 255 29
46 0 51 0
267 305 267 310
221 328 221 331
14 232 14 237
149 232 151 233
81 273 81 278
160 285 161 287
46 130 51 130
170 242 170 247
117 205 122 205
52 160 52 165
205 62 207 63
217 431 218 433
130 434 130 439
19 236 21 237
152 279 153 281
10 29 10 34
55 262 60 262
102 359 102 364
223 353 228 353
64 39 65 41
55 278 56 280
50 253 51 255
144 50 149 50
251 260 252 262
51 428 52 430
108 354 108 359
70 315 75 315
178 189 183 189
139 382 139 387
85 160 87 161
17 60 19 61
51 427 56 427
50 19 51 21
94 223 95 225
10 300 10 305
74 137 74 142
55 176 60 176
269 141 271 142
48 225 53 225
26 263 27 265
81 143 86 143
140 318 145 318
32 165 33 167
96 38 96 43
234 248 236 249
25 84 30 84
114 398 114 403
28 238 32 238
222 412 223 414
152 86 153 88
156 38 161 38
25 218 30 218
47 265 48 267
67 63 68 65
135 44 137 45
182 322 187 322
55 436 56 438
188 24 189 26
71 205 76 205
47 408 52 408
261 182 261 187
6 21 6 26
17 74 18 76
169 22 171 23
222 193 224 194
114 162 115 164
22 314 23 316
67 98 67 103
34 365 35 367
97 393 102 393
3 363 4 365
76 210 77 212
119 174 121 175
112 255 114 256
224 348 229 348
141 242 145 242
27 295 32 295
271 38 271 43
88 133 88 138
16 387 17 389
61 129 62 131
24 287 29 287
125 102 126 104
234 120 239 120
240 323 245 323
39 403 44 403
66 208 68 209
11 6 11 11
201 41 201 46
105 170 110 170
233 339 236 339
261 157 266 157
70 320 75 320
99 323 104 323
209 446 214 446
94 354 94 359
173 85 173 90
268 209 270 210
43 416 48 416
77 289 77 294
84 429 87 429
262 336 264 337
191 443 193 444
136 28 141 28
202 221 203 223
235 379 237 380
248 11 248 16
61 203 61 208
219 418 220 420
65 407 67 408
223 261 224 263
189 158 194 158
62 233 63 235
176 414 181 414
27 306 28 308
168 64 173 64
83 141 85 142
58 210 58 215
167 388 169 389
228 152 229 154
24 338 29 338
63 259 63 264
254 156 259 156
166 0 166 5
66 439 68 440
54 424 59 424
270 111 271 113
27 187 32 187
3 342 3 347
42 140 47 140
115 368 116 370
98 304 100 305
49 411 50 413
86 303 86 308
94 134 96 135
154 197 158 197
174 409 174 414
27 432 29 433
7 167 8 169
26 254 27 256
263 263 263 268
155 256 155 261
201 305 206 305
6 332 11 332
169 110 171 111
90 152 91 154
223 343 225 344
241 167 246 167
118 310 119 312
69 281 71 282
245 393 246 395
40 72 40 76
234 19 239 19
53 361 55 362
147 309 152 309
155 398 160 398
38 345 43 345
118 268 119 270
203 155 205 156
149 288 154 288
208 182 209 184
107 440 109 441
177 398 182 398
2 167 3 169
179 116 179 120
241 169 242 171
213 194 218 194
38 367 43 367
179 224 181 225
218 210 220 211
119 430 124 430
153 386 158 386
104 324 106 325
232 441 233 443
138 2 139 4
73 298 74 300
249 137 251 138
160 434 164 434
66 353 67 355
125 401 125 406
188 299 193 299
39 248 44 248
249 128 249 133
79 294 84 294
154 151 159 151
131 222 136 222
192 58 193 60
82 104 84 105
12 227 12 232
172 419 173 421
155 127 160 127
119 365 124 365
160 271 165 271
158 366 163 366
213 226 214 228
105 227 110 227
38 28 43 28
78 311 83 311
53 365 58 365
213 220 213 225
147 75 148 77
24 391 26 392
149 30 150 32
262 125 262 130
36 31 41 31
41 415 46 415
60 25 65 25
137 6 138 8
89 111 94 111
45 277 45 282
64 320 69 320
183 446 184 448
116 294 116 299
75 75 77 76
142 370 147 370
145 137 150 137
142 39 142 44
237 29 239 30
9 294 14 294
232 109 232 114
219 16 220 18
70 373 70 378
164 6 166 7
99 31 101 32
255 444 256 446
0 78 0 83
142 134 143 136
113 395 115 396
13 35 13 40
220 143 221 145
20 316 21 318
192 24 193 26
212 123 217 123
274 244 274 249
136 90 137 92
7 360 8 362
237 423 237 428
146 96 151 96
175 284 180 284
4 429 4 434
75 244 75 249
235 62 237 63
114 451 116 452
246 17 251 17
217 222 218 224
147 310 149 311
262 362 264 363
210 71 214 71
261 364 263 365
25 162 30 162
149 126 150 128
110 90 110 95
8 257 9 259
67 188 72 188
79 244 79 249
181 372 183 373
163 251 165 252
227 326 227 331
57 79 58 81
255 1 257 2
161 317 161 322
218 386 220 387
205 91 209 91
162 9 167 9
248 378 252 378
227 192 228 194
149 86 149 91
108 268 113 268
17 132 18 134
217 173 222 173
41 346 42 347
12 328 17 328
239 255 239 260
66 257 71 257
170 343 175 343
29 122 34 122
133 299 138 299
97 278 98 280
231 82 233 83
57 409 60 409
19 142 19 147
249 72 250 74
171 40 172 42
28 97 33 97
183 109 183 114
156 316 161 316
204 122 209 122
223 170 225 171
108 187 110 188
39 93 41 94
242 419 247 419
155 363 156 365
96 54 96 59
196 384 197 386
200 358 200 363
44 147 46 148
70 355 71 357
205 438 207 439
168 242 168 247
76 101 81 101
30 116 35 116
104 169 109 169
57 66 62 66
213 39 215 40
103 291 104 293
187 132 187 137
180 157 181 159
200 207 205 207
145 360 150 360
50 271 55 271
15 127 20 127
267 95 269 96
117 281 119 282
102 443 107 443
213 229 218 229
145 414 147 415
193 35 195 36
21 340 22 342
98 45 100 46
139 431 144 431
127 24 129 25
195 127 200 127
228 174 229 176
131 404 133 405
33 44 37 44
45 344 48 344
254 182 254 187
231 375 232 377
144 447 146 448
217 356 219 357
92 102 97 102
221 418 222 420
239 196 244 196
82 189 87 189
41 393 46 393
164 236 164 241
97 400 102 400
95 343 95 348
138 308 143 308
243 397 245 398
211 178 214 178
104 370 104 375
115 211 120 211
239 361 240 363
201 108 201 113
178 318 178 323
200 190 205 190
108 360 109 362
270 394 270 398
140 311 145 311
264 259 269 259
188 41 188 46
121 119 123 120
13 140 18 140
40 44 45 44
30 391 30 396
77 376 77 381
264 6 266 7
183 273 188 273
217 44 218 46
103 255 105 256
211 213 216 213
36 135 36 139
81 36 82 38
235 234 237 235
151 275 156 275
101 41 102 43
224 72 225 73
268 32 273 32
263 181 263 186
122 204 127 204
260 406 265 406
29 69 31 70
207 348 208 350
21 41 23 42
166 443 167 445
86 404 87 406
134 257 139 257
228 247 229 249
95 238 97 239
131 66 133 67
1 195 1 200
100 344 101 346
40 253 41 255
94 5 95 7
198 383 198 388
229 367 234 367
239 194 240 195
108 176 113 176
111 204 111 209
228 326 228 330
164 452 169 452
130 380 135 380
65 437 70 437
20 320 25 320
163 54 164 56
111 9 116 9
50 115 55 115
132 433 132 438
181 232 182 234
239 148 244 148
38 371 38 376
225 169 230 169
47 321 48 323
203 228 204 229
104 447 105 449
195 43 197 44
195 151 200 151
244 55 245 57
100 134 105 134
145 357 150 357
23 23 23 28
266 46 267 48
150 8 150 13
239 106 244 106
163 24 167 24
255 364 257 365
76 174 78 175
167 79 168 81
17 123 18 125
10 220 11 222
5 173 7 174
216 131 217 133
160 110 162 111
25 425 30 425
272 144 272 149
209 304 209 309
224 248 225 250
183 366 183 371
63 338 65 339
98 260 100 261
91 144 93 145
215 188 215 193
251 68 256 68
77 244 77 249
221 7 223 8
24 387 25 389
71 373 71 378
230 393 235 393
256 170 261 170
9 362 9 367
1 429 1 434
194 101 195 103
53 27 53 32
65 191 66 193
220 297 222 298
227 181 232 181
45 134 50 134
135 207 135 212
158 97 163 97
170 203 170 208
14 224 19 224
152 209 152 214
215 91 216 93
156 125 161 125
63 212 65 213
85 413 90 413
213 210 214 212
169 115 169 120
124 356 129 356
84 153 85 155
191 211 195 211
11 192 16 192
12 445 17 445
45 83 50 83
222 303 227 303
61 265 66 265
191 275 193 276
48 67 49 69
256 336 256 341
83 260 85 261
67 296 72 296
126 401 126 406
31 391 31 396
114 27 119 27
245 210 245 215
11 29 11 34
77 310 82 310
55 64 57 65
240 75 242 76
166 312 167 314
196 222 197 224
71 73 71 78
178 100 179 102
15 238 20 238
226 126 227 128
122 112 123 114
71 146 76 146
5 27 8 27
185 37 186 39
77 167 78 169
111 187 113 188
120 309 121 311
263 36 268 36
137 231 142 231
206 346 208 347
88 191 93 191
249 242 250 243
107 115 112 115
46 349 47 351
40 85 45 85
219 111 220 113
83 422 83 427
137 65 137 70
186 209 188 210
227 0 232 0
210 427 210 430
138 218 140 219
83 40 88 40
116 50 117 52
190 228 191 230
228 325 233 325
2 170 3 172
8 211 8 216
251 28 256 28
40 114 42 115
121 16 122 18
45 398 46 400
12 350 12 353
121 102 122 104
95 349 95 354
21 59 26 59
237 324 242 324
73 57 75 58
44 263 49 263
190 75 195 75
202 108 202 113
100 64 105 64
214 223 215 225
240 303 244 303
186 41 187 43
173 397 178 397
190 76 194 76
80 291 85 291
260 104 260 109
233 359 238 359
65 451 70 451
205 264 205 269
256 42 256 47
151 49 156 49
134 207 134 212
246 407 248 408
206 287 207 289
158 267 158 272
24 194 29 194
160 107 161 109
218 207 220 208
175 33 180 33
250 298 252 299
28 378 29 380
255 306 259 306
95 99 97 100
81 174 85 174
79 422 80 424
139 6 140 8
73 442 78 442
170 312 171 314
150 255 155 255
11 262 12 264
6 342 6 347
163 430 165 431
15 239 16 240
59 288 59 293
92 169 97 169
100 140 101 142
78 322 83 322
220 156 221 158
90 230 92 231
7 322 12 322
98 350 98 355
8 237 9 239
181 309 182 311
45 121 47 122
262 68 263 70
102 37 103 39
258 100 263 100
242 386 247 386
110 299 115 299
183 272 188 272
50 22 51 24
109 304 110 306
143 14 144 16
43 67 45 68
128 176 132 176
129 104 134 104
203 231 204 233
226 375 227 377
33 146 33 151
141 160 143 161
175 221 175 225
172 164 173 166
146 437 151 437
225 294 226 296
174 326 176 327
175 161 176 163
263 103 263 108
63 82 64 84
108 398 109 400
22 331 23 333
257 36 262 36
246 178 248 179
51 131 51 135
218 7 220 8
258 211 259 213
14 403 19 403
150 176 155 176
232 431 232 436
176 402 181 402
170 400 170 405
267 318 272 318
251 225 255 225
144 314 146 315
172 325 177 325
52 8 53 10
10 387 11 389
1 101 6 101
54 311 54 316
175 97 176 99
18 281 23 281
70 331 75 331
106 16 111 16
146 164 147 165
124 174 125 176
265 13 267 14
71 199 71 204
248 152 253 152
132 442 134 443
0 360 1 362
21 38 22 40
230 431 230 436
78 29 78 34
112 228 114 229
82 101 87 101
25 317 26 319
147 314 148 316
268 251 269 252
112 404 113 406
205 290 210 290
156 261 157 263
45 437 50 437
130 343 130 348
44 236 44 241
74 88 75 90
75 256 80 256
204 267 204 272
9 368 14 368
243 424 244 426
47 451 52 451
184 271 188 271
247 161 249 162
75 298 76 300
109 130 111 131
88 14 93 14
251 383 251 388
274 71 274 76
271 17 272 19
108 303 113 303
233 265 233 270
265 405 270 405
210 337 210 342
205 442 210 442
209 103 210 105
4 105 9 105
65 383 66 385
242 338 247 338
1 80 2 82
57 245 62 245
169 375 170 377
124 133 124 138
249 75 251 76
16 343 17 345
75 29 75 34
111 91 112 92
74 425 75 427
33 138 33 143
93 360 93 365
73 116 75 117
9 206 14 206
159 94 160 96
58 344 60 345
165 195 170 195
162 260 162 264
268 377 268 382
238 33 238 38
269 223 271 224
73 415 73 420
16 113 20 113
184 275 185 277
31 385 36 385
229 56 230 58
39 200 39 205
124 357 129 357
37 250 38 252
120 336 120 341
121 228 123 229
24 279 24 284
48 4 50 5
43 341 45 342
89 451 91 452
136 132 137 134
30 440 34 440
138 20 143 20
258 111 258 116
174 287 179 287
242 230 243 232
240 305 240 310
3 99 5 100
262 103 262 108
18 397 19 399
146 10 147 12
99 44 104 44
51 66 56 66
40 165 41 167
196 62 198 63
45 225 47 226
167 295 172 295
165 54 166 56
225 31 226 33
96 420 97 422
113 184 118 184
91 319 92 321
85 104 87 105
1 167 1 172
233 244 233 249
106 274 106 279
185 168 190 168
126 174 127 176
82 245 84 246
88 312 93 312
196 318 197 320
95 37 100 37
42 255 47 255
160 32 162 33
242 413 244 414
223 444 228 444
96 441 98 442
56 343 61 343
156 280 158 281
121 24 123 25
6 300 6 305
210 331 210 336
211 156 213 157
47 148 52 148
117 110 122 110
3 49 3 54
7 66 8 68
237 47 237 52
26 376 26 381
37 145 42 145
267 77 268 79
29 312 34 312
18 440 23 440
50 70 55 70
45 77 47 78
154 46 155 48
261 441 263 442
42 324 47 324
147 236 152 236
154 232 155 234
82 277 83 279
223 439 223 443
82 242 84 243
169 67 170 69
33 94 35 95
257 79 262 79
85 59 85 64
151 446 156 446
191 98 192 100
45 207 45 212
139 180 141 181
208 153 210 154
144 255 149 255
145 302 146 304
230 178 231 180
49 38 54 38
18 411 19 413
125 358 126 360
192 354 197 354
213 125 218 125
96 299 97 301
2 339 2 344
151 355 156 355
73 144 78 144
4 216 6 217
212 393 217 393
131 233 136 233
219 130 219 135
32 13 32 18
16 41 20 41
171 385 172 387
267 71 269 72
252 3 257 3
205 160 210 160
1 146 1 151
140 187 141 189
232 291 237 291
273 15 273 20
175 91 175 96
82 58 87 58
29 266 30 268
227 264 228 266
162 85 164 86
200 114 205 114
253 78 254 80
245 132 245 137
249 402 250 404
5 445 7 446
145 185 146 186
57 61 62 61
235 64 236 66
263 99 268 99
72 88 73 90
116 394 117 396
76 54 77 56
244 416 246 417
170 262 170 267
253 321 255 322
101 347 102 349
177 295 182 295
203 158 206 158
176 236 178 237
84 241 89 241
39 344 44 344
111 166 112 168
204 284 206 285
45 137 46 139
119 238 121 239
17 420 19 421
164 279 164 284
24 151 26 152
143 97 144 99
131 409 132 410
113 324 115 325
82 372 82 377
8 410 10 411
152 402 157 402
267 74 268 76
156 69 158 70
259 200 259 205
270 295 274 295
150 293 155 293
11 49 11 54
144 330 149 330
139 184 142 184
36 315 36 320
265 402 270 402
115 166 117 167
48 257 53 257
137 187 137 191
82 213 87 213
68 251 69 253
250 38 251 40
208 44 210 45
165 375 166 377
9 430 9 435
159 418 164 418
37 26 39 27
133 263 138 263
191 124 195 124
145 97 150 97
105 27 107 28
161 251 162 253
254 438 254 443
126 433 131 433
23 408 23 413
269 417 270 419
267 253 268 255
135 269 137 270
152 424 157 424
16 296 16 301
185 254 187 255
108 375 113 375
89 133 89 138
17 371 18 373
151 252 156 252
179 165 180 167
260 370 265 370
242 186 244 187
203 212 204 214
237 275 238 277
129 339 134 339
129 169 130 171
70 96 72 97
142 101 143 103
218 206 223 206
122 311 127 311
15 195 15 200
259 22 261 23
196 94 198 95
99 172 100 174
52 84 53 86
90 232 90 237
47 447 48 449
103 190 108 190
60 280 65 280
220 187 221 189
194 66 195 68
222 308 227 308
83 69 84 71
8 284 8 287
56 138 58 139
116 169 120 169
254 226 255 228
230 205 230 210
233 412 235 413
138 47 143 47
115 117 120 117
195 121 199 121
225 318 230 318
172 168 173 170
144 240 149 240
106 138 107 140
134 321 135 323
69 283 74 283
138 272 143 272
60 294 62 295
256 324 256 329
31 218 36 218
140 451 142 452
26 323 26 328
212 408 213 410
256 330 256 335
206 128 208 129
118 88 123 88
63 294 64 296
76 116 77 118
273 358 273 363
27 14 28 16
79 289 79 293
234 327 239 327
106 111 111 111
216 371 221 371
109 301 111 302
60 428 62 429
59 313 64 313
232 219 233 221
211 160 216 160
260 295 261 297
268 410 268 415
112 16 114 17
123 313 126 313
215 212 220 212
128 37 130 38
99 194 104 194
105 374 107 375
216 428 217 429
188 88 189 90
8 404 9 406
157 9 157 14
38 340 41 340
3 265 3 270
169 330 170 332
1 210 2 212
19 282 19 287
148 28 150 29
6 116 8 117
214 16 216 17
6 149 7 151
118 418 119 420
186 267 191 267
206 43 211 43
245 284 246 286
55 28 56 29
257 152 262 152
52 30 52 34
243 445 248 445
246 19 248 20
4 292 4 297
15 379 16 381
141 306 143 307
198 281 199 283
57 206 57 211
208 271 209 273
137 235 142 235
19 423 20 425
8 265 13 265
23 97 24 99
56 102 57 104
138 388 139 390
86 344 91 344
187 410 188 412
48 241 49 243
128 63 133 63
165 94 170 94
107 313 108 315
57 342 61 342
102 314 102 318
150 198 155 198
50 28 52 29
187 22 187 26
40 130 42 131
225 350 227 351
174 243 174 247
38 365 40 366
81 280 86 280
5 256 5 261
37 168 38 170
44 343 49 343
40 410 41 412
170 388 171 390
266 370 267 372
25 122 25 127
86 147 87 148
79 112 84 112
1 298 1 303
21 92 26 92
232 378 234 379
98 238 103 238
36 200 37 202
205 111 206 113
220 126 221 128
206 239 207 241
147 51 147 56
147 317 152 317
215 214 215 219
149 253 154 253
10 381 10 386
11 22 12 24
110 424 115 424
217 304 222 304
33 266 34 268
90 438 92 439
98 211 98 216
254 371 256 372
140 314 141 316
198 202 198 207
234 60 239 60
187 80 188 82
183 361 185 362
72 223 73 225
5 383 5 388
70 191 70 196
121 353 122 355
85 245 87 246
226 356 228 357
208 395 213 395
141 37 146 37
5 66 6 68
231 407 232 409
133 228 134 230
21 391 23 392
107 189 112 189
122 274 123 276
109 231 110 233
195 247 200 247
252 61 253 63
13 82 14 84
125 365 126 367
199 358 199 363
205 292 206 294
5 21 5 26
44 354 49 354
175 160 180 160
72 372 72 377
236 79 238 80
66 280 71 280
246 84 247 86
145 30 146 32
15 168 17 169
195 366 196 368
11 130 15 130
33 207 33 211
97 351 97 356
240 394 241 396
263 298 264 300
131 133 131 138
201 127 202 129
267 97 269 98
106 60 111 60
200 420 205 420
191 205 191 210
79 45 80 47
216 144 217 146
4 129 9 129
185 426 185 431
163 95 165 96
70 85 72 86
112 347 112 352
188 451 190 452
100 347 100 352
172 74 173 76
124 269 126 270
1 154 6 154
164 215 169 215
3 125 3 130
254 147 259 147
5 293 5 298
125 300 126 302
64 376 66 377
5 407 5 412
174 374 179 374
197 139 198 141
159 396 160 397
27 340 29 341
178 221 179 223
114 120 116 121
131 250 136 250
133 393 133 398
76 376 76 380
29 359 30 361
23 45 28 45
265 10 266 12
6 379 8 380
77 258 77 263
34 36 34 41
4 14 4 19
81 2 81 7
211 368 212 370
5 360 5 365
80 403 84 403
221 210 221 215
104 151 105 153
271 160 273 161
72 305 74 306
36 370 41 370
70 428 75 428
216 308 221 308
178 165 178 170
179 245 179 250
79 8 80 10
142 171 144 172
126 399 131 399
251 44 253 45
21 291 23 292
207 0 207 5
94 187 95 189
105 54 106 56
145 49 150 49
79 53 82 53
254 305 254 310
187 256 192 256
15 154 16 156
199 438 201 439
125 199 130 199
42 227 43 229
88 144 90 145
138 50 143 50
156 255 156 259
266 324 267 326
154 68 155 70
104 269 105 271
262 161 267 161
19 129 19 134
239 79 241 80
235 332 237 333
13 310 14 312
237 440 238 442
227 324 232 324
113 430 118 430
85 151 90 151
22 417 23 419
197 61 202 61
95 75 100 75
168 423 173 423
171 171 172 173
64 5 64 9
93 98 97 98
266 333 267 335
117 374 119 375
237 351 242 351
274 403 274 408
40 396 40 401
99 136 101 137
149 34 151 35
74 372 74 377
159 415 164 415
97 65 102 65
69 190 74 190
216 422 217 423
89 240 94 240
195 360 195 365
261 411 266 411
68 186 70 187
120 359 122 360
90 241 95 241
266 444 266 449
31 359 36 359
245 424 246 426
172 300 177 300
119 292 120 294
201 349 203 350
150 364 152 365
205 57 207 58
240 115 241 117
22 305 22 310
217 216 217 221
192 8 192 13
78 79 83 79
176 445 181 445
266 148 267 150
31 19 33 20
254 104 256 105
162 422 162 427
22 343 23 345
150 70 153 70
147 272 148 274
170 168 171 170
170 422 175 422
80 396 85 396
252 57 257 57
262 359 267 359
48 346 50 347
69 203 70 205
261 173 263 174
234 340 236 341
52 169 52 174
228 6 229 8
248 96 249 98
260 392 263 392
222 187 222 192
267 397 269 398
183 388 185 389
31 266 32 268
265 418 266 420
141 331 142 333
261 277 263 278
119 368 120 370
8 155 9 156
191 315 196 315
213 231 213 236
172 134 174 135
150 50 152 51
88 122 89 124
36 313 41 313
181 342 183 343
12 97 14 98
103 18 104 20
70 14 75 14
126 260 131 260
157 26 158 28
243 381 248 381
61 442 66 442
91 74 96 74
239 440 239 445
205 394 207 395
9 300 9 305
41 348 46 348
224 414 229 414
239 36 241 37
59 45 60 47
208 380 209 382
28 233 29 235
89 334 91 335
255 386 257 387
67 271 69 272
176 126 181 126
65 33 66 35
258 279 263 279
72 307 77 307
255 369 257 370
65 336 70 336
48 395 48 400
148 417 153 417
2 429 2 434
130 107 135 107
126 398 131 398
88 429 90 430
5 342 5 347
62 306 67 306
85 193 90 193
203 446 208 446
113 266 118 266
252 118 257 118
93 22 95 23
98 328 103 328
251 246 256 246
228 308 228 313
109 450 110 452
141 373 142 375
68 318 70 319
61 220 62 222
72 254 72 257
166 25 167 27
34 380 35 382
131 297 132 299
48 25 53 25
172 443 173 445
51 127 53 128
15 116 17 117
74 223 75 224
155 158 160 158
273 396 274 398
15 92 20 92
102 203 107 203
236 393 241 393
28 368 33 368
252 329 252 334
165 159 167 160
85 314 87 315
242 401 247 401
34 110 39 110
272 307 273 309
56 388 57 390
253 234 258 234
125 191 126 193
25 26 26 28
83 369 83 374
250 134 251 136
114 374 116 375
72 452 77 452
210 374 210 379
152 371 154 372
102 303 107 303
258 347 262 347
130 173 131 175
101 411 102 413
87 425 89 426
256 443 261 443
154 42 159 42
135 110 140 110
179 186 184 186
72 348 77 348
175 187 180 187
27 362 30 362
143 90 143 95
170 408 175 408
26 163 31 163
227 407 227 412
10 46 10 51
66 162 68 163
146 34 148 35
71 122 75 122
32 391 32 396
7 46 7 51
2 289 2 294
28 376 30 377
165 25 165 30
250 34 255 34
85 70 87 71
245 289 250 289
163 226 164 228
66 325 71 325
103 197 103 202
204 140 205 142
57 228 58 230
161 385 162 387
197 401 202 401
63 220 65 221
89 48 91 49
225 155 226 157
186 269 188 270
140 376 145 376
92 310 94 311
2 312 2 317
136 258 141 258
162 20 167 20
37 327 42 327
55 368 56 370
177 411 179 412
195 330 200 330
162 69 166 69
195 436 195 441
20 156 22 157
4 452 9 452
193 261 195 262
26 51 30 51
180 235 181 237
114 182 116 183
135 248 140 248
47 219 49 220
152 116 157 116
233 285 235 286
105 289 110 289
87 336 89 337
43 145 48 145
107 316 112 316
0 113 0 118
213 422 215 423
72 138 72 143
119 170 121 171
269 254 271 255
150 39 155 39
91 362 91 367
201 367 206 367
218 291 219 293
45 313 45 318
233 191 234 193
146 126 146 131
264 423 266 424
107 222 108 224
230 358 235 358
11 170 16 170
56 94 61 94
143 440 146 440
156 20 158 21
77 312 79 313
250 420 250 425
212 73 217 73
214 209 219 209
31 297 36 297
36 71 41 71
134 105 139 105
192 64 194 65
231 381 233 382
249 42 251 43
259 307 259 312
192 228 193 230
223 367 228 367
138 409 139 411
69 293 70 295
102 215 102 220
101 172 102 174
10 173 10 178
72 60 74 61
129 317 130 319
195 227 200 227
65 386 65 391
229 201 230 203
102 267 104 268
150 163 151 165
92 38 92 43
265 315 267 316
204 210 209 210
84 424 89 424
243 423 248 423
221 80 223 81
129 196 130 198
164 357 166 358
177 418 178 420
114 292 116 293
135 389 135 394
268 307 269 309
107 402 107 407
194 254 196 255
167 135 168 137
80 364 81 366
103 84 105 85
129 349 134 349
222 261 222 266
35 141 35 146
23 128 28 128
136 383 137 385
243 284 244 286
210 388 212 389
50 138 52 139
250 146 254 146
169 226 170 228
120 303 120 308
6 198 6 203
243 79 245 80
140 3 141 5
198 258 199 260
46 295 46 300
68 431 73 431
166 288 171 288
28 429 29 431
232 204 235 204
207 432 212 432
255 262 256 264
86 152 87 154
212 248 214 249
266 78 266 83
51 30 51 35
59 333 62 333
261 298 262 300
136 451 137 452
5 281 5 285
133 198 134 200
189 31 190 33
250 393 252 394
233 111 234 113
141 125 141 130
210 39 212 40
61 2 61 5
62 279 67 279
43 197 43 202
8 319 9 321
263 407 265 408
131 241 136 241
30 264 33 264
43 6 43 10
249 259 249 264
182 289 184 290
101 198 101 203
58 301 58 306
57 274 59 275
79 111 84 111
245 189 245 194
270 198 271 199
122 73 127 73
81 394 83 395
0 125 0 130
97 444 102 444
21 130 24 130
50 126 55 126
234 17 236 18
51 216 52 218
129 238 134 238
161 40 166 40
232 234 234 235
91 115 96 115
28 200 29 202
103 171 108 171
227 347 232 347
40 405 40 409
94 221 98 221
200 101 205 101
41 396 41 401
43 132 44 134
11 317 13 318
48 62 53 62
171 424 176 424
142 314 143 316
214 246 219 246
271 396 272 398
46 238 48 239
69 168 70 170
149 272 150 274
59 206 60 208
215 283 216 285
173 226 174 228
150 201 152 202
195 23 200 23
135 146 135 151
111 368 112 370
240 7 241 9
168 301 173 301
156 109 157 111
132 99 134 100
33 174 34 176
91 83 92 85
247 393 249 394
28 276 29 278
238 207 239 209
260 88 265 88
102 356 104 357
145 98 146 100
37 73 37 78
159 217 164 217
153 332 153 337
143 198 144 200
35 135 35 140
122 296 127 296
172 71 177 71
234 48 234 53
73 127 78 127
16 1 17 3
43 61 48 61
62 39 63 41
156 112 161 112
47 318 49 319
216 126 217 128
151 263 151 268
1 441 1 446
22 411 22 416
130 36 135 36
2 146 2 151
129 331 131 332
167 73 172 73
94 337 98 337
202 257 203 259
206 393 211 393
115 127 120 127
199 55 199 60
273 422 273 427
262 291 262 296
135 260 137 261
73 51 77 51
216 174 218 175
176 283 181 283
259 386 259 391
153 267 155 268
101 402 103 403
11 325 11 328
148 354 153 354
85 25 85 30
191 160 196 160
152 46 153 48
153 219 158 219
86 392 87 394
100 144 105 144
32 83 37 83
144 313 149 313
37 15 38 17
114 263 116 264
95 92 100 92
158 109 159 111
183 99 188 99
9 284 11 285
94 198 96 199
254 62 259 62
43 278 44 280
103 126 104 128
62 321 64 322
241 273 242 275
123 323 123 328
186 378 187 380
203 163 208 163
86 211 91 211
111 347 111 352
259 262 264 262
217 225 222 225
228 141 231 141
227 383 228 385
245 38 247 39
96 447 98 448
18 327 20 328
127 251 132 251
28 419 33 419
65 321 66 323
6 183 6 188
118 447 119 449
83 310 88 310
268 161 270 162
131 198 132 200
268 394 269 396
59 36 64 36
80 2 80 7
34 343 35 345
179 173 181 174
184 390 185 392
89 292 90 294
61 274 66 274
2 183 3 185
22 390 27 390
258 68 259 70
162 316 162 321
4 354 4 359
64 360 65 362
180 245 181 247
177 165 177 170
133 78 133 83
115 168 120 168
109 259 114 259
242 393 244 394
202 375 204 376
10 253 10 258
198 122 203 122
15 206 20 206
230 441 231 443
213 337 214 339
123 308 127 308
145 451 148 451
28 417 30 418
8 111 13 111
107 175 112 175
102 182 104 183
244 449 249 449
217 33 218 35
146 296 147 298
38 433 39 435
51 166 56 166
23 386 27 386
238 329 240 330
20 339 25 339
43 59 46 59
201 427 203 428
204 340 205 342
75 395 80 395
14 397 15 399
29 79 31 80
228 1 229 3
107 244 112 244
256 241 261 241
66 452 71 452
207 29 210 29
243 443 245 444
9 66 10 68
102 254 107 254
66 373 67 375
120 274 121 275
225 17 230 17
269 377 269 382
248 413 253 413
114 37 115 39
2 96 4 97
211 423 212 425
268 120 268 125
231 27 231 32
135 383 135 388
84 389 89 389
49 223 53 223
222 156 223 158
168 451 173 451
271 134 272 136
181 50 183 51
232 105 237 105
152 436 157 436
209 331 209 336
267 423 269 424
153 126 158 126
33 295 34 296
268 372 273 372
30 124 32 125
238 51 240 52
80 102 85 102
92 381 97 381
25 62 26 64
71 334 72 336
205 44 207 45
37 253 39 254
236 285 238 286
7 375 8 376
189 173 189 178
125 167 125 172
30 413 35 413
235 400 237 401
38 42 39 44
151 68 153 69
97 17 102 17
232 209 237 209
18 370 23 370
241 416 243 417
254 319 259 319
55 411 56 413
208 417 209 419
34 135 34 140
185 235 187 236
19 139 21 140
265 329 266 331
112 245 114 246
90 89 90 94
38 299 38 304
168 424 170 425
256 344 261 344
199 381 199 386
142 274 144 275
80 170 80 174
149 79 154 79
113 279 114 281
231 410 232 412
103 103 103 108
111 182 113 183
154 134 159 134
196 415 201 415
15 298 15 303
251 217 253 218
234 23 236 24
34 150 36 151
203 196 203 201
100 418 101 420
23 293 23 297
266 18 268 19
185 404 187 405
37 297 42 297
56 177 57 179
226 133 227 135
135 186 135 191
7 114 9 115
235 356 237 357
185 396 187 397
90 348 91 350
124 391 129 391
83 15 85 16
193 369 198 369
10 259 10 264
141 60 146 60
159 384 164 384
182 9 186 9
239 352 244 352
32 37 32 42
153 408 153 413
44 229 49 229
209 211 210 213
174 433 179 433
76 213 81 213
208 219 208 224
86 67 91 67
117 227 122 227
20 270 22 271
188 106 190 107
92 440 92 445
138 315 139 316
86 155 91 155
45 409 50 409
263 159 267 159
25 279 25 284
89 383 94 383
84 72 86 73
194 228 195 230
36 290 38 291
12 332 17 332
248 84 248 87
249 445 250 447
235 259 235 264
49 428 50 430
88 245 89 247
35 87 37 88
34 81 36 82
254 123 256 124
208 343 213 343
65 294 66 296
141 356 142 358
200 188 205 188
96 6 101 6
0 426 0 431
249 397 251 398
34 213 36 214
52 447 54 448
99 289 104 289
57 271 58 273
142 10 144 11
43 276 48 276
129 144 134 144
42 2 43 4
37 279 38 281
176 66 181 66
67 386 67 391
107 264 109 265
161 101 162 103
207 86 209 87
22 33 24 34
9 436 9 440
189 418 190 420
198 358 198 363
255 438 255 443
173 295 175 296
42 244 43 246
88 61 89 63
108 374 113 374
100 386 102 387
35 91 40 91
256 427 261 427
131 376 133 377
162 276 163 277
252 229 252 234
177 99 182 99
157 287 159 288
202 358 202 363
161 250 166 250
121 105 126 105
46 433 47 435
134 309 139 309
191 452 196 452
219 177 224 177
110 61 115 61
4 283 4 288
30 253 31 255
209 24 211 25
28 367 33 367
167 363 167 368
34 107 35 109
101 211 101 216
160 57 160 62
212 224 212 229
68 407 70 408
0 258 0 263
86 205 88 206
159 243 160 245
227 342 229 343
161 370 161 375
201 53 201 58
263 433 268 433
247 69 249 70
42 306 43 308
30 212 31 214
56 6 58 7
1 11 2 13
153 231 158 231
54 393 55 395
259 52 260 54
267 375 269 376
163 87 164 89
138 312 143 312
145 171 147 172
224 380 225 382
123 191 124 193
8 274 8 279
112 294 114 295
103 372 103 377
151 113 151 118
12 391 17 391
143 288 145 289
273 311 273 316
232 102 237 102
52 255 54 256
29 90 31 91
213 405 218 405
33 273 35 274
172 199 174 200
183 150 184 151
174 450 175 452
130 369 132 370
248 300 249 302
12 108 17 108
259 409 261 410
74 29 74 34
57 449 59 450
152 145 157 145
228 381 230 382
99 196 104 196
264 257 266 258
22 81 24 82
152 111 153 113
47 138 49 139
12 32 13 34
0 137 1 139
175 134 177 135
86 316 91 316
8 220 9 222
121 306 122 308
251 292 252 294
99 91 104 91
172 151 173 153
132 44 134 45
101 189 106 189
92 157 94 158
17 180 19 181
188 159 193 159
116 404 118 405
3 186 3 191
238 269 243 269
191 116 192 118
72 54 73 56
75 222 80 222
75 387 80 387
206 173 210 173
0 370 2 371
123 381 128 381
57 51 62 51
3 164 4 166
237 129 239 130
5 164 6 166
185 319 190 319
207 39 209 40
171 320 173 321
225 273 226 275
198 99 203 99
148 433 149 435
93 230 94 232
130 333 131 335
212 128 213 130
76 18 81 18
201 164 203 165
172 190 174 191
129 186 130 188
207 177 212 177
58 377 59 378
141 413 146 413
147 419 149 420
80 297 82 298
175 328 180 328
41 200 42 202
20 141 20 146
246 118 251 118
76 370 76 375
120 155 122 156
106 206 107 208
238 164 243 164
206 252 211 252
194 337 199 337
137 136 139 137
79 63 80 65
213 440 215 441
40 441 45 441
211 290 216 290
232 32 237 32
105 67 110 67
238 258 238 263
5 183 5 188
243 161 246 161
133 86 138 86
185 134 185 139
60 372 61 374
249 58 250 60
246 295 247 297
229 84 231 85
79 437 81 438
154 209 154 214
202 215 203 217
215 450 220 450
105 436 105 441
133 234 135 235
109 212 111 213
231 350 233 351
246 172 246 177
30 156 32 157
117 93 118 95
266 127 268 128
25 376 25 381
241 450 242 452
40 295 45 295
162 375 164 376
45 131 46 133
49 63 50 65
24 240 26 241
3 277 3 282
55 30 56 32
149 336 149 341
29 216 31 217
161 266 161 270
216 245 221 245
169 199 171 200
35 433 37 434
264 21 269 21
264 111 264 116
174 403 179 403
146 276 151 276
210 216 211 218
254 367 259 367
98 356 98 361
85 363 85 368
190 155 193 155
36 386 36 391
202 146 207 146
162 14 163 16
144 408 145 410
248 60 248 65
126 1 128 2
235 325 236 326
176 74 177 76
100 27 102 28
179 296 184 296
187 260 187 265
195 335 196 336
257 119 262 119
197 432 198 434
194 173 194 178
59 336 61 337
18 285 18 290
6 275 6 280
111 379 113 380
153 208 158 208
114 203 114 207
257 371 262 371
156 422 157 423
215 238 220 238
104 131 105 133
140 243 145 243
208 394 213 394
154 399 159 399
187 413 192 413
84 169 89 169
266 223 268 224
151 191 156 191
101 329 102 331
124 119 125 121
207 401 208 403
47 147 52 147
26 55 28 56
129 212 130 214
211 336 212 338
16 341 18 342
52 96 57 96
234 303 239 303
87 302 87 307
18 46 20 47
209 106 210 108
13 62 13 67
19 288 20 290
193 172 198 172
30 29 35 29
67 50 68 52
167 202 172 202
104 191 106 192
90 392 95 392
157 259 162 259
99 210 100 212
70 73 70 78
126 407 126 412
48 172 49 174
231 62 233 63
78 301 83 301
152 133 157 133
268 258 273 258
51 42 56 42
89 37 94 37
144 140 147 140
54 46 56 47
132 52 134 53
236 338 241 338
195 258 197 259
74 316 79 316
193 370 198 370
85 41 86 43
31 73 36 73
113 142 114 144
268 315 270 316
146 51 146 56
158 323 158 328
164 145 169 145
130 86 130 90
269 450 272 450
171 360 174 360
160 306 165 306
135 362 136 364
7 89 12 89
44 245 46 246
37 101 38 103
188 404 193 404
54 101 59 101
247 213 247 218
103 353 104 355
253 176 255 177
73 77 75 78
166 363 166 368
152 318 156 318
240 407 242 408
220 78 222 79
204 124 209 124
45 17 46 19
80 412 81 414
166 322 168 323
124 254 126 255
62 184 64 185
236 305 236 310
58 200 63 200
153 201 153 206
127 142 128 144
99 113 101 114
248 38 249 40
77 427 82 427
7 80 7 85
182 177 182 182
43 223 48 223
123 388 124 390
252 347 257 347
240 219 241 221
33 42 37 42
241 399 246 399
149 92 154 92
113 59 118 59
257 33 262 33
14 65 14 70
11 329 12 331
223 419 225 420
58 102 59 104
258 138 263 138
65 164 67 165
191 447 193 448
261 81 261 86
18 93 23 93
6 383 6 388
67 166 72 166
62 372 63 374
115 434 116 436
223 321 228 321
13 387 15 388
212 396 214 397
102 211 104 212
13 350 14 352
260 336 260 341
168 203 168 208
55 50 60 50
37 35 38 37
257 444 258 446
53 407 55 408
102 66 104 67
68 142 68 147
121 167 122 169
2 161 7 161
57 265 58 267
230 197 231 199
39 437 44 437
7 263 7 268
105 291 106 293
107 291 108 293
219 159 224 159
123 212 128 212
111 397 116 397
30 165 31 167
82 156 87 156
188 309 193 309
52 311 52 316
81 27 81 32
138 94 139 96
148 174 149 176
226 440 227 442
147 260 148 262
4 313 4 318
35 79 37 80
140 299 140 304
259 242 261 243
156 233 156 238
36 34 41 34
119 380 124 380
200 307 201 309
9 278 9 283
3 109 5 110
110 108 115 108
181 170 182 172
50 312 51 314
20 175 21 177
218 282 223 282
202 326 206 326
172 304 177 304
244 318 245 320
137 255 139 256
201 236 206 236
264 352 265 354
200 384 202 385
233 257 238 257
89 303 89 308
83 192 84 194
0 228 0 232
128 306 133 306
177 286 182 286
127 209 129 210
255 373 257 374
37 294 38 296
211 15 211 20
244 66 244 71
106 166 107 168
180 339 185 339
240 58 241 60
88 258 90 259
178 262 178 267
238 1 240 2
22 222 23 224
173 220 173 225
172 355 177 355
249 192 251 193
183 326 184 328
88 393 90 394
177 326 179 327
62 402 64 403
236 279 237 281
150 336 150 341
265 444 265 449
92 389 93 391
88 437 93 437
110 132 110 137
95 157 95 162
193 6 195 7
101 30 106 30
27 151 29 152
190 101 191 103
228 331 233 331
194 344 199 344
130 356 132 357
253 262 254 264
35 352 40 352
34 161 36 162
240 66 242 67
231 370 235 370
86 15 88 16
133 153 134 155
3 312 3 317
270 259 270 264
0 173 0 178
232 335 237 335
97 93 98 95
100 89 102 90
4 342 4 347
172 229 173 231
194 297 195 298
203 47 207 47
274 231 274 236
92 223 93 225
34 131 35 133
90 402 91 404
44 367 49 367
14 213 15 215
235 123 235 128
171 362 173 363
264 71 266 72
160 83 162 84
231 122 233 123
209 374 209 379
190 337 191 339
58 201 63 201
8 400 9 402
58 380 60 381
11 179 11 184
66 360 67 362
155 220 159 220
182 357 182 362
6 32 6 37
215 120 216 122
201 237 206 237
51 207 52 209
96 76 101 76
239 0 244 0
152 135 154 136
103 98 104 100
149 294 154 294
218 96 223 96
242 216 243 218
194 356 199 356
220 398 222 399
21 0 21 5
112 194 113 195
272 162 273 164
41 142 46 142
153 45 158 45
110 217 115 217
201 249 205 249
204 287 205 289
173 208 174 210
156 350 157 352
244 377 249 377
24 440 29 440
226 62 228 63
64 200 64 205
245 359 250 359
147 418 152 418
162 29 164 30
132 206 133 208
181 131 181 136
56 144 56 148
54 212 54 217
40 362 42 363
109 100 114 100
178 355 182 355
225 88 225 93
151 308 156 308
125 223 126 225
76 414 76 419
30 231 35 231
150 179 155 179
240 42 242 43
254 41 259 41
248 229 249 231
271 74 271 79
63 70 63 75
121 190 121 195
23 402 23 407
142 283 143 285
182 162 184 163
84 278 86 279
12 3 12 8
132 252 137 252
104 0 108 0
23 139 23 144
234 142 239 142
245 361 250 361
29 420 31 421
136 422 137 424
13 379 14 381
256 90 257 92
88 119 90 120
158 81 158 86
232 330 237 330
259 313 264 313
134 81 135 83
162 59 163 61
11 70 11 75
186 88 187 90
151 8 151 13
190 24 191 26
20 192 22 193
204 291 209 291
98 121 99 123
142 36 147 36
19 363 21 364
152 374 152 379
118 304 118 309
16 175 17 177
139 340 140 342
63 406 68 406
134 395 135 397
206 226 211 226
216 214 216 219
109 99 114 99
118 156 119 158
72 276 77 276
130 209 132 210
225 115 227 116
185 164 186 166
235 302 240 302
85 81 87 82
139 159 140 161
38 343 43 343
262 197 263 199
95 334 96 336
112 213 117 213
167 85 168 87
173 40 174 42
24 190 26 191
163 183 164 185
200 182 202 183
212 66 213 68
204 333 205 335
228 334 230 335
191 355 193 356
2 6 4 7
122 232 127 232
135 244 137 245
272 88 273 90
245 28 247 29
26 165 27 167
221 446 226 446
211 342 215 342
32 146 32 151
79 191 81 192
133 313 134 315
129 51 134 51
53 48 55 49
148 36 153 36
246 331 247 333
125 40 130 40
127 219 128 221
121 336 121 341
238 107 243 107
203 331 205 332
39 218 40 220
142 107 143 109
266 231 266 236
214 47 217 47
193 300 193 303
198 210 203 210
201 134 201 139
72 173 77 173
61 418 62 420
202 264 204 265
161 388 163 389
262 38 267 38
170 24 175 24
240 129 242 130
90 323 91 325
189 375 189 380
263 444 263 449
253 403 254 404
3 386 4 388
88 372 89 374
166 417 171 417
121 333 123 334
107 434 107 439
185 2 187 3
29 185 34 185
53 311 53 316
212 390 214 391
273 71 273 76
12 385 12 390
248 122 248 127
195 37 195 42
57 310 58 312
151 350 153 351
82 323 83 324
50 328 51 330
199 211 204 211
248 368 249 370
212 131 213 132
79 203 81 204
77 199 82 199
95 310 97 311
147 65 148 67
144 70 149 70
13 448 14 450
238 423 238 428
154 441 156 442
214 236 219 236
140 252 140 257
20 225 22 226
157 57 157 62
159 100 164 100
0 348 0 353
13 171 13 176
167 62 171 62
168 391 169 393
73 323 75 324
31 361 32 363
255 432 260 432
115 190 120 190
27 206 28 208
272 84 273 86
262 29 263 31
36 92 41 92
16 419 21 419
40 109 42 110
0 24 0 29
31 93 32 95
9 149 10 151
195 48 195 53
32 253 33 255
169 112 170 114
170 38 175 38
40 233 45 233
22 311 27 311
122 149 124 150
202 137 202 142
222 248 222 253
23 416 28 416
60 149 61 151
181 151 182 153
6 326 6 331
27 273 28 275
128 35 133 35
53 321 55 322
95 202 95 207
95 8 97 9
255 192 257 193
95 230 96 232
123 332 128 332
208 246 213 246
147 126 147 131
28 222 30 223
119 336 119 341
136 41 137 43
261 351 266 351
250 415 252 416
199 228 200 230
179 269 184 269
10 430 10 435
228 415 232 415
214 406 219 406
55 447 57 448
79 325 79 330
176 418 176 423
130 407 130 412
1 256 1 261
240 236 242 237
7 221 7 226
112 136 114 137
60 88 62 89
229 267 229 272
7 177 7 182
145 257 145 262
209 413 210 414
56 200 57 202
39 371 39 376
17 293 22 293
56 109 61 109
237 236 239 237
154 107 156 108
114 296 115 298
50 417 52 418
75 420 77 421
197 254 199 255
119 172 124 172
248 144 249 146
110 277 115 277
216 192 218 193
226 362 231 362
151 73 152 75
13 405 14 407
251 119 256 119
237 407 238 409
216 379 218 380
138 379 143 379
22 393 27 393
177 263 177 268
104 332 106 333
54 241 55 243
48 244 53 244
103 230 104 232
131 429 132 431
57 106 60 106
82 271 82 276
1 102 3 103
267 117 272 117
131 184 136 184
136 409 137 411
267 451 269 452
26 83 31 83
18 278 23 278
17 276 17 281
161 167 161 172
77 73 79 74
144 65 146 66
249 373 254 373
123 69 124 71
65 380 66 382
75 187 79 187
59 196 60 198
134 223 135 225
255 307 255 312
240 84 245 84
12 239 12 244
114 159 115 161
38 320 39 322
95 32 96 33
240 159 243 159
55 305 56 307
266 377 267 379
137 386 137 390
117 300 118 302
174 64 179 64
27 92 32 92
64 182 66 183
48 328 49 330
71 49 72 51
264 211 269 211
85 345 87 346
23 90 25 91
112 218 113 220
2 98 5 98
166 306 171 306
16 121 18 122
171 375 172 377
262 114 263 116
146 323 148 324
166 196 168 197
149 387 154 387
25 288 25 293
69 54 71 55
136 74 141 74
65 3 65 8
264 314 269 314
134 389 134 394
70 404 72 405
118 213 120 214
135 51 136 53
122 392 122 396
251 140 256 140
253 229 254 231
195 176 196 178
98 169 103 169
258 368 259 370
109 363 111 364
96 348 97 350
29 298 29 303
243 138 248 138
6 15 6 20
192 267 197 267
256 389 257 391
59 278 61 279
126 333 127 335
29 117 31 118
196 56 196 61
79 303 81 304
213 214 213 219
110 346 113 346
43 374 43 379
180 248 181 250
18 291 20 292
100 204 102 205
240 301 244 301
215 352 215 357
77 341 77 346
107 310 112 310
16 236 18 237
36 306 41 306
162 246 166 246
34 285 39 285
248 313 253 313
190 340 192 341
186 374 191 374
211 339 212 341
10 102 11 104
99 143 104 143
242 241 244 242
31 132 33 133
264 265 264 270
179 170 180 172
63 446 65 447
195 58 195 63
226 23 230 23
257 104 257 109
112 116 114 117
192 188 193 190
11 25 13 26
50 420 52 421
148 51 148 56
220 416 222 417
93 44 98 44
128 206 129 208
72 332 75 332
154 323 155 325
157 92 159 93
12 143 14 144
64 115 65 117
56 160 60 160
2 351 4 352
216 402 221 402
103 174 108 174
61 405 66 405
64 424 69 424
16 308 18 309
33 228 38 228
149 373 154 373
208 127 213 127
236 239 238 240
247 347 249 348
75 41 76 43
155 404 155 409
97 394 98 396
15 294 17 295
103 266 108 266
265 206 270 206
14 79 19 79
73 20 75 21
45 66 50 66
251 196 256 196
87 133 87 138
228 441 229 443
106 102 106 107
165 318 166 319
56 132 61 132
12 113 13 115
15 190 17 191
270 95 271 97
55 27 60 27
62 82 62 87
235 216 240 216
15 84 20 84
247 424 248 426
98 192 103 192
58 320 63 320
179 26 180 28
103 205 108 205
84 78 86 79
257 372 262 372
78 364 79 366
109 50 114 50
170 185 171 187
235 200 236 201
223 121 225 122
265 289 266 291
2 220 7 220
234 211 237 211
132 81 132 86
194 8 194 13
81 372 81 377
231 169 232 171
63 210 68 210
53 71 54 73
27 266 28 268
258 386 258 391
56 446 61 446
88 29 90 30
141 427 146 427
3 417 3 422
55 428 56 430
222 415 227 415
48 292 48 297
161 212 163 213
254 125 255 127
182 78 187 78
227 33 228 35
263 24 265 25
252 323 257 323
204 49 205 51
159 36 161 37
103 452 108 452
256 120 261 120
126 141 131 141
141 245 143 246
24 22 24 27
152 282 154 283
262 366 263 368
209 283 214 283
212 27 214 28
215 13 217 14
68 360 69 361
217 359 218 361
209 284 210 286
109 196 110 198
64 288 66 289
134 18 135 20
2 277 2 282
131 142 136 142
245 33 246 35
246 302 247 304
24 254 25 256
58 205 58 209
150 206 150 211
30 256 30 261
25 248 25 253
122 409 122 414
180 272 180 277
67 241 67 246
136 65 136 70
257 413 259 414
197 416 202 416
163 165 165 166
5 423 6 425
207 283 208 285
262 284 264 285
65 83 67 84
242 422 242 426
191 387 193 388
220 107 225 107
28 390 33 390
50 58 55 58
5 95 10 95
238 361 238 366
154 256 154 261
190 35 192 36
145 350 150 350
261 263 262 265
17 90 19 91
247 66 248 68
11 377 13 378
214 294 216 295
33 134 38 134
117 186 118 188
39 2 40 4
155 113 160 113
62 299 66 299
19 81 21 82
39 69 44 69
142 90 142 95
80 214 82 215
17 192 19 193
263 40 263 45
224 104 229 104
186 390 187 392
256 141 257 143
15 201 16 203
119 131 119 136
128 123 129 125
230 233 233 233
72 333 77 333
149 6 151 7
262 239 266 239
168 57 168 61
97 229 98 231
27 342 32 342
52 19 52 24
267 58 268 60
220 50 221 52
146 329 151 329
149 111 151 112
229 378 231 379
86 363 87 365
34 424 39 424
165 139 170 139
109 28 114 28
71 45 76 45
46 64 48 65
155 101 155 106
234 241 236 242
115 81 116 83
96 217 98 218
263 286 263 291
241 313 246 313
101 45 103 46
8 192 9 194
221 33 221 38
37 452 41 452
20 79 22 80
145 69 150 69
148 23 149 25
203 160 204 162
134 186 134 190
22 49 27 49
238 47 239 49
96 411 98 412
245 349 247 350
160 323 162 324
104 402 105 404
254 389 255 391
53 169 53 174
161 344 166 344
183 238 184 240
26 299 27 301
156 171 158 172
221 103 226 103
76 22 77 24
174 310 175 312
244 431 245 433
116 111 117 113
129 267 129 272
242 446 243 448
89 15 90 16
114 404 115 406
9 142 14 142
53 105 58 105
65 118 65 123
71 379 71 384
33 262 38 262
114 421 116 422
228 220 229 222
104 364 104 369
113 429 118 429
157 40 159 41
21 147 21 152
97 262 99 263
139 402 140 404
258 218 258 223
122 180 127 180
25 145 25 150
256 59 258 60
149 332 151 333
273 8 274 10
149 439 150 441
13 389 15 390
108 278 113 278
152 326 157 326
201 105 202 107
113 30 117 30
186 60 187 62
162 17 164 18
42 405 42 410
262 369 267 369
165 401 165 406
50 442 54 442
113 310 115 311
252 154 253 156
172 223 172 228
196 104 201 104
229 205 229 210
105 294 110 294
9 171 11 172
274 330 274 334
42 337 43 338
137 26 139 27
145 195 150 195
79 262 81 263
173 97 173 102
79 160 81 161
77 233 78 235
70 226 73 226
254 290 259 290
206 155 208 156
58 67 63 67
61 312 66 312
233 48 233 53
37 371 37 376
182 229 183 231
92 205 93 207
219 60 219 65
128 368 133 368
27 276 27 281
259 315 264 315
138 18 140 19
59 451 64 451
267 2 272 2
53 212 53 217
243 81 245 82
33 282 38 282
30 206 30 211
245 148 245 153
262 32 267 32
176 58 178 59
208 54 209 56
76 119 78 120
147 190 149 191
145 353 147 354
23 242 28 242
97 61 98 63
109 291 110 293
242 431 243 433
129 358 130 360
96 185 101 185
179 362 180 364
38 130 39 131
166 315 168 316
19 329 19 334
245 185 246 187
29 86 30 88
146 103 147 105
18 175 19 177
227 195 232 195
63 14 65 15
66 25 71 25
72 285 73 287
139 360 144 360
88 349 88 354
3 354 3 359
83 375 83 380
14 432 15 434
56 407 58 408
213 331 213 336
118 111 119 113
36 95 41 95
168 347 173 347
99 41 100 43
200 141 201 143
60 443 61 445
218 154 220 155
113 197 115 198
223 428 228 428
179 314 181 315
271 304 272 306
67 418 68 420
97 74 101 74
232 20 237 20
22 148 22 153
117 434 117 439
172 409 172 414
161 292 162 294
1 213 2 215
267 296 272 296
137 313 139 314
188 402 193 402
224 393 229 393
67 293 68 295
139 249 144 249
137 402 138 404
102 110 104 111
205 131 205 135
204 262 206 263
244 235 249 235
168 339 172 339
79 223 81 224
242 189 242 194
166 218 168 219
234 353 235 355
71 415 71 420
134 409 135 411
190 384 195 384
87 41 88 43
54 375 55 377
258 235 259 237
113 232 118 232
110 307 112 308
181 449 186 449
251 289 256 289
49 170 51 171
103 166 105 167
153 178 158 178
100 353 100 358
14 438 19 438
190 251 195 251
211 50 212 52
20 118 25 118
125 388 127 389
209 233 210 235
148 151 153 151
270 238 274 238
142 301 147 301
253 72 253 77
212 239 213 241
167 113 167 118
268 35 272 35
92 348 93 350
253 194 255 195
17 282 18 284
75 190 76 192
108 179 109 181
105 113 107 114
79 2 79 7
253 214 254 216
22 322 23 324
232 329 237 329
171 104 172 106
255 417 260 417
156 100 156 105
234 180 239 180
131 23 136 23
267 133 272 133
2 72 3 74
265 412 266 414
138 306 140 307
154 40 156 41
107 142 112 142
67 174 72 174
9 116 11 117
151 336 151 341
41 281 42 282
21 346 23 347
61 255 63 256
243 60 245 61
81 164 81 169
226 121 228 122
18 346 20 347
88 160 90 161
110 225 112 226
131 440 136 440
164 221 166 222
206 182 207 184
47 381 47 386
76 89 78 90
12 27 14 28
15 126 20 126
132 384 132 389
234 301 239 301
207 256 209 257
156 135 161 135
42 62 47 62
8 78 9 80
234 5 239 5
230 132 235 132
129 218 130 219
171 67 176 67
232 217 237 217
237 372 239 373
41 195 46 195
32 216 34 217
112 191 113 193
129 44 131 45
23 266 24 268
168 300 171 300
225 370 230 370
215 431 216 433
128 290 130 291
231 247 231 252
137 112 142 112
93 375 94 377
88 54 93 54
149 286 151 287
223 277 228 277
205 136 210 136
134 407 136 408
260 383 262 384
268 406 269 408
174 100 175 102
4 268 4 273
234 141 239 141
246 127 247 129
127 33 132 33
99 395 101 396
256 22 258 23
116 310 117 312
20 100 25 100
136 97 138 98
186 100 186 105
216 410 221 410
226 236 231 236
237 278 242 278
90 409 95 409
146 205 151 205
235 244 240 244
13 384 14 386
244 271 247 271
105 353 105 358
17 417 21 417
181 366 181 371
248 432 249 433
185 211 190 211
9 81 14 81
151 331 156 331
75 184 76 186
232 253 237 253
152 118 157 118
191 17 191 22
35 389 35 394
24 257 24 262
123 271 124 273
38 132 40 133
128 447 129 449
16 397 16 402
237 429 239 430
155 122 156 124
143 241 147 241
260 292 261 294
89 310 91 311
163 262 164 264
133 338 138 338
74 211 75 213
141 113 141 118
65 24 69 24
168 143 170 144
207 377 207 382
125 336 126 338
73 86 75 87
36 429 37 431
27 27 32 27
264 154 268 154
17 129 18 131
258 141 259 143
247 249 249 250
120 247 122 248
231 273 232 275
118 3 120 4
105 182 107 183
12 222 13 224
161 211 166 211
191 173 191 178
56 164 58 165
61 106 63 107
241 213 241 218
13 68 13 73
253 376 255 377
116 149 117 151
29 442 31 443
113 304 114 306
86 319 87 321
8 176 8 181
13 408 14 410
115 109 120 109
106 172 108 173
259 276 263 276
6 336 6 341
34 10 34 15
20 17 22 18
228 205 228 210
204 317 204 322
244 158 246 159
44 146 49 146
93 172 93 177
23 148 23 153
182 31 184 32
20 219 25 219
116 101 121 101
82 144 84 145
63 151 64 153
169 203 169 208
264 106 265 108
233 126 234 128
108 114 113 114
16 272 21 272
228 30 229 32
111 156 113 157
177 408 178 410
210 92 212 93
44 107 46 108
121 292 122 294
5 288 5 292
254 270 255 272
67 182 69 183
226 7 227 9
102 389 103 391
190 261 192 262
259 111 259 116
148 403 153 403
91 356 91 361
260 172 265 172
175 446 176 448
266 203 267 205
5 374 6 376
258 168 263 168
142 384 147 384
39 137 44 137
128 280 133 280
13 281 15 282
222 45 224 46
156 330 161 330
271 22 273 23
122 108 127 108
34 165 35 167
111 337 112 339
169 19 170 21
145 71 150 71
191 440 192 442
41 17 42 19
206 30 207 32
54 249 56 250
209 318 210 320
219 125 224 125
152 142 153 144
220 428 222 429
172 438 174 439
229 276 231 277
24 291 24 296
74 415 74 420
98 226 103 226
13 3 13 8
180 318 180 323
161 161 165 161
133 279 138 279
84 94 86 95
143 138 148 138
218 47 220 48
130 337 132 338
91 276 96 276
223 322 228 322
268 344 268 349
20 31 20 36
222 137 223 139
242 197 243 199
197 359 197 364
155 136 160 136
57 302 57 307
85 85 85 90
207 125 212 125
215 270 215 275
19 57 20 59
177 226 178 228
255 404 260 404
42 370 47 370
80 275 80 280
183 118 188 118
160 233 162 234
271 358 271 363
188 195 192 195
51 426 56 426
228 133 232 133
253 122 253 127
168 432 170 433
31 260 32 262
112 387 117 387
78 452 82 452
15 97 20 97
10 237 11 239
202 438 204 439
4 140 4 145
195 450 197 451
12 443 17 443
148 442 150 443
256 197 257 199
88 340 90 341
186 106 186 111
62 109 67 109
232 293 237 293
137 407 139 408
131 192 131 197
133 430 135 431
271 448 272 449
33 10 33 15
44 433 45 435
165 143 167 144
264 100 268 100
23 79 28 79
91 190 96 190
10 0 10 5
154 110 155 112
142 187 144 188
204 182 205 184
248 223 248 228
130 71 130 76
59 263 60 265
67 177 71 177
203 300 208 300
251 324 252 326
6 241 6 246
74 258 75 260
240 397 242 398
203 157 208 157
203 118 204 120
1 413 2 415
231 364 233 365
71 398 72 400
226 26 231 26
202 48 207 48
235 143 240 143
12 422 17 422
208 251 213 251
229 35 233 35
231 192 232 194
45 447 46 449
171 17 172 19
73 165 75 166
59 357 59 362
235 25 235 30
89 226 91 227
269 260 269 265
92 99 94 100
140 313 143 313
258 420 258 425
89 349 89 354
139 87 141 88
195 279 200 279
19 52 20 54
191 226 196 226
236 205 240 205
133 399 138 399
145 331 150 331
53 116 58 116
100 295 101 297
74 338 79 338
106 311 108 312
113 398 113 403
256 366 261 366
188 304 189 306
65 108 70 108
174 60 179 60
82 60 82 65
54 152 54 157
233 337 235 338
139 430 144 430
264 371 265 373
8 240 10 241
65 337 70 337
95 281 97 282
252 192 254 193
266 425 267 427
126 29 131 29
79 52 84 52
25 77 27 78
54 364 59 364
62 318 64 319
253 106 254 108
207 206 212 206
117 163 122 163
28 181 29 183
172 62 173 63
127 407 127 412
99 127 99 132
182 245 183 247
191 125 196 125
141 158 142 159
109 0 114 0
112 398 112 403
136 75 136 80
136 99 138 100
137 111 142 111
166 14 167 16
24 105 26 106
12 341 13 343
102 61 104 62
71 413 76 413
199 163 200 165
173 311 173 316
184 229 185 231
221 255 226 255
127 401 127 406
168 179 168 184
200 355 202 356
95 375 95 380
49 312 49 317
265 313 269 313
3 31 8 31
95 418 97 419
260 180 265 180
29 309 34 309
184 251 185 253
119 216 123 216
7 280 7 285
153 374 153 379
23 380 23 385
160 422 161 424
209 147 211 148
244 446 245 448
156 376 161 376
107 184 112 184
159 231 164 231
5 143 6 145
58 447 62 447
29 123 34 123
245 325 245 330
16 418 21 418
70 18 75 18
183 249 188 249
217 51 217 56
10 446 15 446
254 295 255 297
273 445 274 447
206 301 208 302
141 433 142 435
35 275 36 276
243 143 244 145
87 18 92 18
49 113 54 113
24 417 25 419
121 10 126 10
139 71 144 71
250 329 250 334
38 188 42 188
269 155 274 155
135 402 136 404
203 64 205 65
144 107 145 109
157 71 161 71
256 434 256 439
6 221 6 226
120 58 125 58
73 129 74 131
26 188 31 188
200 55 200 60
167 107 169 108
256 310 257 312
179 340 180 342
107 246 107 251
133 91 135 92
50 419 55 419
270 68 271 70
184 199 184 204
265 95 266 97
51 43 56 43
45 296 45 301
183 16 183 21
1 106 1 111
23 306 24 308
191 95 192 97
120 197 120 202
78 83 80 84
141 39 141 44
189 310 190 312
119 93 119 98
210 85 211 87
64 149 66 150
169 315 171 316
175 113 177 114
63 111 68 111
131 166 131 171
57 3 58 5
57 367 58 369
3 146 3 151
267 288 268 290
48 140 53 140
208 280 209 282
26 387 27 389
88 58 89 60
58 82 59 84
22 435 24 436
174 193 176 194
226 326 226 331
106 90 107 92
11 300 11 305
258 197 259 199
197 264 199 265
248 154 249 156
201 36 203 37
15 128 20 128
43 84 48 84
265 356 269 356
168 223 169 225
221 254 226 254
241 136 242 138
264 120 265 122
132 266 133 268
144 389 149 389
238 20 238 25
65 51 65 56
50 292 50 297
149 438 154 438
50 383 51 385
128 274 130 275
114 303 119 303
218 130 218 135
21 97 22 99
149 217 150 219
127 355 132 355
144 281 145 283
71 26 76 26
167 375 168 377
72 176 77 176
159 370 159 375
87 379 88 380
140 214 144 214
118 349 119 351
204 36 206 37
196 179 197 181
11 126 13 127
125 342 130 342
251 441 251 446
223 62 225 63
166 100 166 105
217 418 218 420
178 316 180 317
140 441 141 443
233 347 238 347
176 263 176 268
164 276 169 276
165 57 167 58
267 298 268 300
4 70 9 70
139 97 140 99
42 350 43 352
203 238 208 238
133 425 138 425
244 298 246 299
259 343 264 343
115 69 120 69
87 291 92 291
140 382 140 387
0 206 0 211
67 206 69 207
111 80 115 80
122 147 124 148
153 266 158 266
125 250 130 250
125 306 127 307
209 199 214 199
112 29 117 29
177 143 178 145
16 434 17 436
105 397 110 397
224 69 226 70
101 121 106 121
175 81 180 81
26 30 27 32
141 90 141 95
130 3 132 4
159 169 159 174
17 4 17 9
76 439 77 441
228 445 233 445
221 216 221 221
159 439 161 440
109 255 111 256
111 230 112 232
30 387 31 389
160 303 161 305
132 158 134 159
28 320 28 325
153 209 153 214
228 340 230 341
260 188 260 193
157 247 159 248
98 402 100 403
59 155 64 155
32 206 32 211
262 236 263 238
79 219 84 219
233 259 233 264
251 337 252 339
95 393 96 395
202 153 204 154
163 167 168 167
187 100 187 105
127 196 128 198
168 257 173 257
103 112 108 112
139 364 140 366
243 407 245 408
171 395 176 395
154 177 159 177
258 323 258 328
148 107 149 109
17 374 22 374
125 67 130 67
136 264 138 265
60 433 61 435
99 330 100 332
52 54 57 54
20 204 22 205
31 256 32 258
253 84 254 86
119 82 120 84
32 171 33 173
219 33 220 35
68 119 69 120
267 118 269 119
42 396 42 401
75 268 77 269
257 292 257 297
214 239 215 241
256 69 256 74
36 159 38 160
256 112 257 114
92 435 97 435
37 61 39 62
258 364 260 365
163 247 164 249
34 173 39 173
83 391 87 391
132 254 137 254
74 344 75 346
87 408 89 409
14 204 16 205
239 33 240 35
222 388 227 388
225 49 230 49
178 0 178 5
168 299 171 299
72 37 72 42
19 77 21 78
234 26 234 31
184 134 184 139
253 64 258 64
59 10 59 15
16 109 17 111
78 354 79 356
197 40 201 40
94 95 96 96
126 132 131 132
269 145 269 150
103 386 105 387
52 369 53 371
35 168 36 170
227 74 231 74
266 317 270 317
166 426 168 427
189 2 189 7
16 405 16 410
123 409 123 414
63 222 68 222
48 341 50 342
74 164 79 164
62 326 66 326
182 402 187 402
158 341 163 341
159 388 160 389
33 441 37 441
174 315 176 316
75 312 76 314
259 1 260 3
203 186 208 186
78 22 80 23
4 435 4 440
123 336 124 338
72 360 74 361
57 284 58 286
137 228 142 228
21 265 21 269
264 418 264 422
249 421 249 425
121 213 123 214
22 381 22 386
177 117 177 122
22 115 27 115
15 441 20 441
96 277 101 277
114 414 116 415
257 348 262 348
93 222 98 222
215 210 217 211
259 26 264 26
246 368 247 370
47 292 47 297
103 393 103 398
156 432 158 433
198 179 203 179
227 401 232 401
267 6 269 7
131 90 135 90
221 130 224 130
249 324 250 326
56 281 56 286
213 164 215 165
165 450 167 451
259 405 264 405
232 284 237 284
106 209 107 211
71 264 72 266
104 141 106 142
198 218 200 219
22 24 22 29
158 345 159 347
121 198 122 200
82 11 87 11
46 172 47 174
103 80 108 80
75 372 75 377
69 141 69 145
27 58 29 59
254 233 259 233
147 98 148 100
35 272 40 272
141 236 146 236
234 402 239 402
267 400 270 400
10 428 13 428
123 438 124 440
148 241 149 242
199 51 200 53
1 274 6 274
196 96 197 98
214 234 216 235
227 238 230 238
200 263 201 265
223 416 224 418
168 320 170 321
60 126 61 128
200 421 205 421
254 38 255 40
116 137 117 139
52 241 53 243
13 89 18 89
12 349 17 349
159 6 160 8
239 243 244 243
210 188 212 189
78 385 80 386
195 311 196 313
155 84 157 85
242 435 243 437
90 28 95 28
28 38 28 43
61 82 61 87
252 75 252 80
265 383 270 383
175 88 176 90
256 295 256 300
231 201 232 203
172 238 173 240
139 162 141 163
122 239 124 240
243 295 245 296
236 319 236 324
237 305 237 310
236 413 241 413
110 215 112 216
273 144 273 149
48 312 48 317
117 247 119 248
72 134 77 134
90 95 93 95
234 443 235 445
147 72 152 72
161 396 162 398
216 261 218 262
228 170 230 171
0 30 0 35
121 289 126 289
9 176 9 181
19 26 19 31
182 77 187 77
73 53 78 53
274 313 274 318
80 439 81 441
68 341 69 343
238 400 240 401
175 245 176 247
150 143 151 145
118 107 123 107
97 171 102 171
68 164 73 164
130 363 131 365
38 210 39 212
213 325 213 330
208 374 208 379
137 445 142 445
113 200 114 202
259 244 261 245
160 167 160 172
73 85 78 85
36 229 37 231
150 420 155 420
128 410 129 412
260 111 260 116
22 30 23 32
46 242 47 244
209 407 214 407
188 193 192 193
125 421 126 423
231 308 232 310
87 436 92 436
206 313 207 315
167 414 168 416
132 426 137 426
167 138 172 138
22 139 22 144
131 20 133 21
202 239 203 241
248 53 249 55
206 221 207 223
241 360 246 360
115 170 116 172
182 121 182 126
206 417 207 419
52 183 57 183
9 260 9 264
33 106 38 106
31 315 32 317
129 248 134 248
74 431 74 436
186 229 187 231
204 427 209 427
219 283 220 285
105 334 109 334
59 411 60 413
188 130 189 132
70 182 72 183
233 94 238 94
137 198 138 200
45 106 50 106
232 56 234 57
128 265 128 270
152 237 152 242
143 323 145 324
110 432 112 433
24 213 24 218
73 9 74 11
197 45 197 50
57 141 58 143
94 295 95 297
260 102 265 102
132 401 133 403
102 408 104 409
259 356 264 356
240 314 245 314
42 339 44 340
163 410 168 410
51 36 56 36
102 103 102 108
168 14 169 16
63 332 68 332
44 336 45 338
169 80 170 81
172 14 173 16
36 339 41 339
154 345 155 347
16 71 17 73
218 61 218 66
64 434 66 435
268 92 271 92
119 85 120 87
103 410 104 412
71 407 73 408
159 377 160 379
138 190 140 191
186 115 190 115
99 38 101 39
4 210 5 212
8 6 8 11
196 340 198 341
51 363 53 364
1 416 6 416
182 191 184 192
242 38 244 39
104 69 105 70
53 366 58 366
252 175 255 175
109 338 109 343
219 408 221 409
184 95 189 95
226 438 228 439
269 344 269 349
79 127 80 129
123 102 124 104
15 98 17 99
209 167 211 168
13 415 14 417
214 166 219 166
273 322 274 324
156 374 157 375
123 205 128 205
14 151 14 156
18 7 19 9
256 94 261 94
87 381 88 383
199 442 204 442
257 110 262 110
175 218 176 220
217 234 219 235
23 195 24 197
58 433 59 435
185 130 187 131
260 352 261 354
127 246 132 246
89 24 90 26
244 406 248 406
1 372 2 374
191 371 196 371
95 370 97 371
175 72 180 72
58 441 62 441
24 363 25 364
98 433 99 435
225 355 230 355
83 253 88 253
249 197 251 198
51 160 51 165
219 26 224 26
172 388 173 390
149 404 150 406
239 155 241 156
268 434 268 439
165 126 165 131
172 117 173 119
96 233 98 234
211 284 212 286
1 143 2 145
233 403 235 404
79 171 79 176
55 212 55 217
260 55 265 55
249 358 254 358
46 190 48 191
261 286 262 288
5 251 6 253
228 371 233 371
148 408 149 410
144 143 149 143
173 107 175 108
260 145 265 145
5 192 7 193
197 443 197 447
233 243 238 243
148 414 149 416
124 414 129 414
3 289 4 291
4 146 5 148
71 436 71 441
247 121 247 126
112 263 113 265
141 196 146 196
89 267 94 267
55 251 60 251
85 39 88 39
25 306 26 308
152 106 153 108
62 433 63 435
114 191 119 191
223 335 225 336
123 198 123 203
77 108 82 108
120 12 121 14
130 223 131 225
159 89 160 91
198 443 199 444
40 171 40 176
197 55 197 60
113 222 114 224
28 165 29 167
84 442 89 442
263 393 268 393
267 134 269 135
155 29 155 34
223 95 228 95
231 229 234 229
220 71 225 71
1 216 3 217
59 108 64 108
10 155 12 156
245 13 245 18
208 423 210 424
231 313 236 313
117 153 117 158
227 72 229 73
21 35 23 36
130 156 131 158
147 333 148 335
114 428 119 428
97 417 102 417
40 190 40 195
121 139 121 144
90 105 95 105
268 13 270 14
231 23 233 24
163 261 168 261
5 72 7 73
133 406 133 411
79 109 81 110
227 413 232 413
103 431 108 431
71 284 76 284
237 17 239 18
61 112 66 112
213 401 214 403
52 191 52 196
64 378 69 378
177 446 178 448
0 450 1 452
7 108 11 108
96 295 97 297
261 167 266 167
257 380 258 382
249 19 254 19
6 162 8 163
125 201 130 201
146 107 147 109
270 46 272 47
4 222 4 227
189 71 190 73
194 348 196 349
89 159 94 159
229 283 231 284
11 256 11 261
132 141 136 141
54 60 59 60
255 354 257 355
20 321 25 321
44 349 45 351
262 333 263 335
259 121 261 122
231 423 236 423
238 158 239 160
221 407 226 407
139 289 140 291
208 406 213 406
232 290 237 290
186 91 188 92
159 101 160 103
160 3 165 3
63 42 68 42
125 445 130 445
33 187 36 187
235 33 235 38
86 149 88 150
74 407 76 408
242 111 247 111
178 188 183 188
7 354 7 359
63 95 68 95
74 264 76 265
183 152 185 153
235 294 236 296
246 318 247 320
246 188 247 190
131 106 136 106
181 328 182 330
206 275 206 280
106 370 108 371
238 77 243 77
77 146 82 146
247 160 252 160
149 51 149 56
101 87 106 87
47 259 49 260
157 320 158 321
17 423 17 428
126 426 131 426
11 429 12 431
249 81 249 86
146 227 151 227
148 140 153 140
8 64 10 65
25 209 25 214
249 157 254 157
144 26 148 26
178 268 182 268
117 16 117 21
55 113 59 113
213 82 215 83
227 111 228 113
226 217 227 219
245 238 245 243
139 317 143 317
41 420 43 421
195 8 195 13
69 332 71 333
252 17 254 18
46 424 46 429
226 142 231 142
196 253 201 253
188 96 189 98
71 19 76 19
28 435 30 436
105 206 105 211
69 321 70 323
210 314 211 316
62 277 67 277
227 246 232 246
174 344 179 344
100 246 101 248
147 438 148 440
205 170 205 173
51 41 56 41
48 149 52 149
172 417 177 417
102 299 103 301
127 446 132 446
41 189 41 194
76 341 76 346
4 241 4 246
62 164 64 165
232 64 233 66
229 292 234 292
75 52 78 52
56 111 58 112
72 148 72 153
141 322 146 322
91 345 92 346
221 222 222 224
221 132 222 134
64 23 69 23
168 307 170 308
61 18 66 18
91 24 96 24
204 70 208 70
197 166 201 166
128 108 132 108
102 378 107 378
171 394 176 394
47 103 50 103
20 438 22 439
17 104 22 104
226 253 231 253
123 297 128 297
59 110 60 112
215 27 220 27
247 195 252 195
178 94 180 95
214 418 216 419
86 48 88 49
168 112 168 117
189 41 189 46
61 310 63 311
63 253 65 254
232 136 233 137
206 105 206 110
214 143 219 143
180 223 185 223
241 387 242 389
213 352 213 357
70 223 71 225
106 144 108 145
266 276 267 278
97 291 98 293
41 320 41 325
240 440 240 445
59 329 64 329
122 324 122 329
130 206 131 208
108 338 108 343
26 302 27 304
24 328 24 333
156 176 161 176
265 153 268 153
3 32 3 37
75 48 76 50
0 72 0 77
169 357 174 357
172 22 174 23
92 287 97 287
182 270 185 270
155 23 155 28
3 383 4 385
141 229 146 229
125 353 126 355
198 364 203 364
129 273 134 273
193 14 195 15
272 24 273 26
207 88 212 88
27 197 28 199
181 154 186 154
231 67 233 68
171 242 171 247
174 229 175 231
267 260 267 265
241 1 243 2
263 171 268 171
115 28 120 28
53 329 58 329
99 193 104 193
153 37 158 37
133 415 133 420
6 177 6 182
215 291 217 292
167 0 167 5
7 12 7 17
157 425 158 426
236 431 241 431
8 248 13 248
55 327 60 327
213 370 215 371
216 366 221 366
218 195 223 195
92 220 96 220
151 391 152 393
75 449 77 450
270 130 271 132
228 366 233 366
85 381 85 385
147 135 148 136
12 54 14 55
147 306 148 308
214 131 215 133
250 12 252 13
125 429 130 429
200 96 201 98
107 379 108 381
49 436 54 436
111 227 116 227
110 149 115 149
69 105 72 105
35 111 37 112
212 72 217 72
62 241 63 243
262 17 267 17
77 297 79 298
139 353 141 354
257 128 259 129
88 275 89 277
106 122 111 122
45 450 50 450
271 345 272 347
110 334 112 335
50 440 55 440
182 24 184 25
125 196 126 198
44 110 45 112
91 160 92 162
27 441 32 441
184 22 186 23
175 322 176 324
101 350 101 355
26 94 28 95
257 433 259 434
137 220 142 220
33 177 38 177
101 5 106 5
120 252 122 253
138 46 143 46
44 113 48 113
165 247 166 249
251 122 251 127
221 294 222 296
242 78 242 83
196 35 196 40
179 143 179 148
133 346 138 346
176 392 181 392
13 217 16 217
193 106 194 108
116 306 117 308
166 203 167 205
133 353 135 354
86 52 87 54
219 379 221 380
4 450 6 451
140 137 144 137
92 172 92 177
245 309 247 310
84 1 84 6
67 33 67 38
5 299 5 304
143 433 144 435
161 243 162 245
85 375 90 375
129 71 129 76
31 58 34 58
17 397 17 402
249 66 250 68
51 367 56 367
4 201 5 203
239 423 240 425
47 27 52 27
201 208 205 208
45 215 50 215
99 221 101 222
0 270 0 275
206 195 206 200
99 103 101 104
33 1 33 6
138 64 138 69
171 400 172 402
266 185 271 185
136 18 137 20
203 345 208 345
194 274 195 276
31 51 32 53
235 410 237 411
53 380 54 382
63 282 64 284
225 305 226 307
221 13 221 18
190 239 195 239
18 68 18 73
260 147 262 148
264 200 264 205
241 404 245 404
252 352 257 352
215 248 217 249
132 166 133 168
28 31 33 31
137 440 142 440
167 292 172 292
105 230 110 230
167 220 172 220
51 99 52 101
20 414 21 416
118 335 123 335
219 237 224 237
198 318 199 320
51 409 56 409
10 121 12 122
109 78 110 80
178 229 179 231
16 382 18 383
120 217 120 222
121 254 123 255
256 175 257 177
171 156 172 158
127 369 129 370
167 401 167 406
99 3 100 5
116 406 118 407
121 210 122 212
127 317 128 319
2 106 2 111
183 6 185 7
148 19 153 19
48 379 53 379
4 114 6 115
79 375 79 380
111 340 112 342
113 377 118 377
264 168 269 168
109 245 109 250
154 334 154 339
50 281 55 281
232 178 233 180
65 168 66 170
107 216 107 221
104 337 109 337
127 329 128 331
216 440 218 441
79 340 84 340
209 143 213 143
16 365 21 365
262 120 263 122
79 190 84 190
255 31 256 33
78 163 83 163
206 413 208 414
26 209 27 211
185 451 187 452
269 48 270 50
202 429 203 430
194 338 199 338
258 307 258 312
240 420 242 421
158 53 159 55
200 337 205 337
235 391 240 391
213 388 215 389
18 395 23 395
20 71 20 76
92 334 94 335
63 66 68 66
3 111 3 115
187 360 189 361
97 14 99 15
222 68 223 70
121 404 123 405
51 136 53 137
249 341 254 341
238 192 240 193
169 104 170 106
231 328 236 328
115 50 115 55
91 447 95 447
180 20 182 21
152 327 157 327
112 343 113 345
187 337 189 338
205 162 209 162
245 339 246 341
143 394 148 394
225 403 226 405
61 327 66 327
120 346 125 346
85 255 86 257
195 422 200 422
62 90 62 95
156 32 157 34
238 3 243 3
29 308 34 308
71 385 72 387
79 275 79 280
66 223 67 225
11 107 16 107
195 158 200 158
174 123 175 125
248 439 248 444
104 50 106 51
53 3 54 5
189 133 189 138
89 395 90 396
23 122 24 124
71 318 73 319
139 395 141 396
268 260 268 265
152 437 157 437
255 201 256 203
128 59 130 60
8 407 9 409
205 380 205 385
167 192 169 193
6 54 8 55
40 353 45 353
27 366 30 366
247 434 249 435
44 423 49 423
50 76 55 76
175 285 180 285
129 362 134 362
146 266 147 268
104 389 105 391
245 435 246 437
210 144 211 146
207 311 209 312
38 404 43 404
228 38 233 38
222 4 227 4
143 452 148 452
76 69 76 74
48 127 50 128
229 155 231 156
161 6 163 7
62 29 64 30
235 334 239 334
113 230 115 231
2 1 3 3
53 451 58 451
163 322 165 323
259 169 264 169
50 336 52 337
138 450 139 452
85 201 86 203
221 248 221 253
165 150 165 155
145 391 146 393
33 391 33 396
202 406 203 408
27 215 28 217
209 198 214 198
222 435 227 435
114 265 119 265
178 190 183 190
247 439 247 444
65 129 66 131
254 180 259 180
147 423 152 423
1 83 1 88
82 228 84 229
43 123 45 124
56 133 58 134
179 168 184 168
34 389 34 394
135 381 140 381
177 367 177 372
89 195 94 195
164 285 166 286
188 259 188 264
27 4 32 4
265 336 267 337
72 167 73 169
88 397 93 397
42 313 42 317
179 226 180 228
3 429 3 434
26 103 28 104
179 17 180 19
252 122 252 127
199 311 200 313
200 449 205 449
13 334 13 339
86 417 88 418
156 369 161 369
74 396 79 396
17 142 17 147
217 290 222 290
235 362 237 363
97 96 99 97
218 411 223 411
78 123 79 125
52 37 57 37
76 194 78 195
231 126 232 128
0 212 0 217
62 186 67 186
72 123 77 123
85 262 87 263
118 249 120 250
22 21 27 21
107 200 109 201
98 102 103 102
19 431 24 431
228 245 232 245
231 217 231 222
188 228 189 230
75 113 80 113
68 426 69 428
14 262 15 264
41 278 42 280
21 300 21 305
39 265 39 270
174 85 174 90
141 381 141 384
191 91 192 93
17 198 17 203
59 310 60 312
19 430 24 430
218 239 219 241
190 407 191 409
0 119 0 124
119 409 120 411
182 144 184 145
241 263 242 265
76 289 76 294
107 388 109 389
19 160 20 162
117 264 122 264
149 421 154 421
233 201 234 203
152 292 157 292
124 278 129 278
247 259 248 261
126 150 126 155
0 161 0 166
69 3 70 5
183 250 183 253
192 61 193 63
263 87 268 87
240 142 245 142
252 42 254 43
20 343 21 345
261 117 266 117
161 209 166 209
244 216 245 218
111 118 113 119
43 448 44 450
158 147 159 149
146 226 151 226
104 335 105 336
48 60 53 60
149 349 154 349
135 193 140 193
253 31 254 33
54 85 56 86
10 223 11 224
25 322 25 327
197 128 198 130
153 185 153 190
161 349 166 349
173 263 174 265
4 183 4 188
232 96 234 97
266 380 267 382
153 415 158 415
12 171 12 176
192 278 194 279
127 384 128 386
31 424 33 425
61 288 63 289
73 202 74 204
23 260 23 265
199 202 199 207
9 338 9 343
243 421 245 422
128 111 130 112
57 238 58 240
186 383 186 388
179 418 180 420
260 324 260 329
158 31 159 33
243 254 243 259
12 250 13 252
230 69 232 70
169 373 174 373
125 147 125 152
184 250 189 250
120 191 120 196
136 138 137 140
6 281 6 285
110 343 111 345
187 71 188 73
69 184 74 184
3 404 3 409
13 259 13 264
3 38 3 43
8 355 10 356
125 200 130 200
148 10 148 15
39 288 44 288
72 177 77 177
62 236 67 236
273 35 274 37
154 403 159 403
4 38 4 43
113 353 113 358
266 53 267 55
78 226 79 228
2 265 2 270
221 347 226 347
158 166 159 168
2 335 7 335
68 165 72 165
200 221 201 223
41 272 46 272
3 29 4 30
142 215 144 216
84 60 84 65
245 342 250 342
43 395 43 400
266 91 270 91
224 142 225 144
165 369 166 371
113 18 113 23
237 151 242 151
145 364 146 366
54 187 54 192
269 80 270 82
78 253 79 255
235 144 236 146
211 5 216 5
264 146 264 151
23 103 25 104
61 143 63 144
103 262 105 263
218 168 223 168
2 49 2 54
224 329 225 331
212 142 217 142
238 123 239 125
92 295 93 297
231 326 233 327
148 95 153 95
31 230 35 230
59 323 64 323
149 306 150 308
174 165 174 170
255 273 256 275
164 366 164 371
79 130 84 130
143 286 145 287
54 303 56 304
107 212 108 214
41 439 46 439
43 426 45 427
7 306 7 311
39 228 41 229
143 34 145 35
26 420 28 421
9 162 9 167
28 399 30 400
243 33 244 35
238 283 243 283
240 17 241 19
106 335 108 336
215 49 220 49
61 411 63 412
143 339 144 341
208 28 211 28
0 264 0 269
269 106 271 107
86 208 87 210
170 223 171 225
37 362 39 363
44 207 44 212
192 268 197 268
155 449 156 451
162 380 163 382
138 382 138 387
178 196 180 197
83 75 88 75
157 226 158 228
32 412 37 412
99 255 100 257
66 73 67 75
1 383 1 388
122 257 127 257
23 94 25 95
173 317 174 319
29 350 30 352
148 81 148 86
219 190 220 192
145 223 147 224
211 95 216 95
119 159 120 161
62 115 63 117
155 153 155 157
38 163 43 163
202 30 202 35
59 339 60 341
55 167 55 172
256 267 258 268
63 10 64 12
216 87 221 87
214 352 214 357
227 403 228 405
138 448 143 448
133 102 135 103
28 101 30 102
165 77 165 82
253 305 253 310
147 30 148 32
17 170 18 172
201 146 201 151
237 64 239 65
128 22 133 22
254 72 254 77
9 441 14 441
11 345 12 347
8 344 12 344
178 37 180 38
40 98 42 99
199 178 204 178
143 233 144 235
157 6 158 8
104 348 105 350
263 434 264 436
213 269 213 274
207 80 207 83
264 233 264 238
106 362 106 367
205 227 206 229
13 145 13 150
109 147 114 147
106 411 108 412
18 257 21 257
22 52 22 56
245 108 250 108
117 313 122 313
75 103 80 103
247 328 252 328
212 203 214 204
262 22 264 23
51 302 56 302
11 79 13 80
134 303 136 304
90 183 92 184
36 303 37 305
179 352 184 352
75 385 77 386
115 210 120 210
177 293 182 293
59 282 60 284
186 64 191 64
239 20 239 25
66 364 71 364
50 236 55 236
224 333 229 333
236 272 241 272
7 106 9 107
227 309 227 314
24 4 26 5
86 297 87 299
253 12 254 14
176 36 177 38
248 1 249 3
221 257 223 258
214 126 215 128
252 342 256 342
25 294 26 296
172 44 174 45
243 213 244 215
233 280 235 281
159 104 164 104
246 74 247 76
42 165 42 170
134 166 134 171
139 239 141 240
214 129 216 130
77 190 78 192
226 212 231 212
112 5 113 7
219 229 224 229
208 366 213 366
57 324 62 324
133 317 138 317
59 321 61 322
174 94 174 99
206 49 207 51
86 378 86 383
144 237 145 239
121 370 126 370
84 113 86 114
3 140 3 145
261 308 262 310
229 273 230 275
66 114 67 116
118 391 123 391
113 340 114 342
153 235 154 237
257 339 259 340
153 228 154 230
46 119 51 119
196 426 201 426
169 322 169 327
180 52 181 54
235 31 240 31
245 90 245 94
115 331 116 333
233 405 238 405
152 203 152 208
58 98 59 100
187 65 191 65
21 282 22 284
21 294 21 299
27 318 29 319
54 55 55 57
160 134 165 134
56 246 57 247
19 42 20 44
235 109 240 109
196 316 201 316
212 270 212 275
189 37 190 39
29 85 34 85
232 224 233 226
181 431 182 433
162 278 167 278
252 219 252 224
267 231 267 236
209 242 210 244
201 193 203 194
7 62 9 63
133 30 134 32
140 197 145 197
255 182 256 184
225 241 227 242
14 171 15 173
155 235 155 240
189 450 194 450
258 125 259 127
72 62 77 62
97 397 99 398
56 157 57 159
185 206 186 208
191 150 192 152
101 339 102 341
265 305 265 310
40 138 41 140
35 438 40 438
99 306 100 308
244 268 246 269
210 78 210 83
12 14 12 19
230 227 232 228
47 207 47 212
85 194 90 194
201 303 206 303
238 46 243 46
171 410 171 415
158 333 159 335
268 193 269 195
217 265 217 270
239 189 240 191
77 398 79 399
60 395 61 397
211 294 213 295
145 433 147 434
185 328 185 333
218 142 223 142
87 72 89 73
125 231 130 231
239 387 240 389
269 253 274 253
80 104 81 106
264 30 266 31
14 182 19 182
22 354 27 354
240 382 241 384
206 142 211 142
270 150 273 150
186 212 187 214
226 344 231 344
92 313 97 313
188 240 193 240
70 157 71 159
91 120 96 120
91 202 93 203
218 248 219 250
257 171 262 171
148 187 149 189
65 10 66 12
120 41 121 43
105 179 107 180
14 88 19 88
170 391 172 392
31 444 36 444
199 242 201 243
126 58 131 58
163 110 165 111
155 391 155 396
4 69 9 69
125 371 127 372
180 335 181 337
199 323 200 325
100 177 105 177
219 164 221 165
195 105 196 107
91 93 96 93
218 126 219 128
105 362 105 367
221 332 223 333
196 378 197 380
199 432 200 434
198 392 203 392
183 329 184 330
168 258 173 258
109 118 110 120
144 1 145 3
23 225 24 227
215 386 217 387
32 426 34 427
269 384 274 384
263 294 264 296
250 335 253 335
206 264 211 264
87 398 88 400
196 7 198 8
78 147 79 149
71 278 75 278
273 373 274 374
71 185 72 187
73 321 75 322
15 437 20 437
239 197 241 198
265 233 265 238
65 203 66 205
112 434 113 436
106 116 111 116
69 32 69 36
17 404 17 409
25 350 26 352
8 268 13 268
271 237 274 237
71 67 71 72
0 194 0 199
195 145 195 150
151 71 156 71
76 160 78 161
45 334 50 334
260 273 262 274
198 111 200 112
221 452 224 452
45 125 45 130
174 346 176 347
174 48 174 53
179 193 180 195
141 122 142 124
26 110 30 110
98 50 103 50
114 114 119 114
178 22 180 23
262 86 267 86
236 103 238 104
201 396 202 398
205 125 206 127
225 237 230 237
9 274 11 275
154 366 155 368
126 241 127 243
186 365 186 370
33 226 38 226
77 198 82 198
44 221 49 221
98 404 103 404
121 123 123 124
127 115 128 117
212 386 214 387
107 191 109 192
235 112 237 113
30 346 32 347
166 63 171 63
66 392 66 396
121 56 126 56
142 380 147 380
108 272 108 277
186 435 187 437
119 324 120 326
60 259 62 260
174 419 175 421
223 51 225 52
22 396 22 401
111 284 116 284
13 279 15 280
82 207 87 207
47 201 48 203
28 30 33 30
48 325 53 325
147 368 152 368
129 30 130 32
135 442 137 443
153 404 154 406
103 282 108 282
131 303 133 304
1 49 1 54
60 252 65 252
198 354 201 354
178 127 180 128
126 194 128 195
120 93 120 98
30 251 32 252
186 34 187 36
116 343 117 345
125 27 130 27
187 423 192 423
228 128 230 129
84 147 85 149
227 416 228 418
209 135 214 135
144 176 147 176
15 384 16 386
194 135 199 135
229 213 230 215
165 385 166 387
171 418 175 418
68 14 69 16
255 179 260 179
41 389 44 389
173 282 175 283
168 0 168 5
242 172 243 174
94 360 94 365
204 316 207 316
108 106 113 106
199 172 199 177
240 245 241 247
216 299 221 299
58 357 58 362
270 307 271 309
166 340 171 340
41 299 41 304
43 157 44 159
19 308 19 313
243 451 245 452
193 16 194 18
77 349 79 350
131 311 136 311
95 324 97 325
259 153 264 153
131 261 131 266
66 176 71 176
246 226 246 231
180 450 181 452
32 318 32 323
98 198 98 203
226 239 228 240
149 250 150 252
1 235 2 237
175 199 180 199
6 227 11 227
59 139 59 144
253 348 254 350
238 449 243 449
272 11 274 12
200 334 201 336
221 390 226 390
258 430 263 430
237 443 238 445
34 24 39 24
116 324 118 325
229 157 231 158
148 325 149 327
198 440 200 441
50 191 51 193
57 259 59 260
70 415 70 420
2 75 3 77
67 70 68 72
176 254 181 254
123 300 123 304
10 211 12 212
231 450 232 452
10 323 12 324
74 225 76 226
242 139 243 141
148 103 153 103
219 167 224 167
30 58 30 63
9 298 11 299
144 218 146 219
164 84 169 84
75 334 76 336
87 273 89 274
37 38 38 40
80 260 82 261
167 348 168 350
269 52 274 52
203 355 204 357
202 242 204 243
135 1 137 2
181 193 181 197
151 366 153 367
102 366 102 371
88 390 89 392
40 258 45 258
53 282 54 284
265 421 267 422
21 423 22 425
42 318 42 323
190 369 192 370
116 240 121 240
214 68 219 68
54 169 54 174
188 289 189 290
163 385 164 387
4 423 4 427
24 285 26 286
81 131 86 131
139 286 140 288
21 357 21 362
90 197 91 199
203 452 208 452
41 101 43 102
156 162 157 164
134 418 139 418
128 87 128 92
81 387 82 388
123 287 128 287
101 285 106 285
124 155 125 157
262 39 267 39
86 338 91 338
237 317 242 317
244 276 246 277
7 406 7 411
207 263 212 263
247 35 249 36
69 410 74 410
162 258 167 258
76 271 81 271
255 403 260 403
23 288 24 290
121 300 121 305
158 336 163 336
246 96 247 98
189 232 190 234
194 83 195 85
51 265 56 265
243 207 245 208
185 175 185 180
41 45 46 45
139 51 141 52
60 91 61 93
224 332 229 332
80 60 81 62
254 151 256 152
222 56 223 58
68 309 69 311
195 111 197 112
91 200 92 201
7 94 12 94
205 281 206 283
195 303 200 303
110 191 111 192
22 168 22 172
265 332 270 332
38 420 40 421
199 290 204 290
236 132 241 132
163 324 168 324
189 422 194 422
28 32 33 32
162 346 167 346
232 276 234 277
254 148 259 148
109 322 114 322
3 373 3 378
270 403 272 404
91 396 96 396
72 422 72 427
21 43 26 43
100 405 102 406
113 72 118 72
118 408 123 408
169 95 171 96
46 256 51 256
76 223 78 224
116 230 118 231
114 58 119 58
138 107 139 109
193 72 195 73
256 409 258 410
21 160 22 162
163 118 163 123
142 162 142 167
251 342 251 347
131 14 132 16
163 21 164 23
265 34 267 35
20 294 20 299
6 400 6 405
85 4 86 6
147 251 148 253
86 340 87 342
75 193 80 193
113 242 118 242
255 336 255 341
4 389 5 391
26 344 27 346
141 404 142 406
77 225 81 225
157 446 162 446
223 234 228 234
191 34 196 34
144 29 147 29
198 49 200 50
243 175 245 176
133 249 138 249
242 28 244 29
2 83 2 88
266 385 267 387
50 308 55 308
257 298 258 300
14 80 19 80
91 270 91 275
145 404 146 406
21 111 26 111
63 129 64 131
213 188 213 193
182 337 186 337
247 11 247 16
260 37 261 39
101 342 103 343
33 449 35 450
79 34 84 34
206 428 207 430
256 362 261 362
234 305 235 307
110 150 112 151
172 25 177 25
146 424 151 424
5 262 5 267
133 108 135 109
175 360 175 365
0 372 0 377
218 449 223 449
233 377 238 377
76 272 81 272
230 217 230 222
210 351 215 351
61 335 66 335
98 191 103 191
250 77 251 79
172 154 174 155
222 402 227 402
59 81 63 81
238 217 240 218
148 5 153 5
8 338 8 343
111 160 111 165
7 383 7 388
178 96 179 98
146 237 148 238
190 179 192 180
161 90 163 91
148 266 148 271
0 330 0 335
33 168 34 170
170 84 175 84
244 46 245 48
273 375 273 378
274 146 274 151
267 164 268 165
134 271 139 271
52 380 52 385
226 144 230 144
17 14 18 16
99 36 103 36
35 346 36 348
66 346 69 346
160 380 161 382
223 196 228 196
260 349 262 350
2 177 2 182
222 424 227 424
106 117 111 117
155 159 156 161
99 40 103 40
123 93 123 98
33 111 34 112
260 361 265 361
171 425 176 425
27 111 29 112
67 349 69 350
123 34 124 35
238 26 243 26
26 73 30 73
265 190 270 190
172 306 177 306
255 348 256 350
69 90 71 91
93 423 98 423
202 53 203 55
87 376 88 378
138 90 139 92
240 364 245 364
84 275 85 277
216 170 217 172
78 94 83 94
141 392 142 394
205 355 205 360
104 313 106 314
66 215 71 215
224 15 226 16
235 265 235 270
175 22 177 23
159 337 161 338
209 96 214 96
137 166 137 171
264 229 269 229
174 198 179 198
60 82 60 87
7 293 8 295
13 227 14 229
111 233 116 233
47 108 52 108
211 413 213 414
12 277 14 278
75 60 77 61
4 121 9 121
213 174 215 175
110 376 112 377
48 110 50 111
219 204 221 205
76 318 81 318
146 279 148 280
157 249 162 249
30 227 35 227
39 206 40 208
204 423 205 425
253 284 255 285
201 433 202 435
24 41 26 42
12 375 17 375
52 167 54 168
123 359 124 360
168 132 173 132
32 301 34 302
102 441 104 442
165 292 166 294
186 297 187 299
89 38 90 40
222 1 224 2
124 144 126 145
200 125 202 126
176 192 181 192
12 325 13 327
227 102 229 103
113 440 118 440
255 42 255 47
199 396 200 398
117 409 118 411
31 206 31 211
206 265 206 269
232 406 237 406
126 282 131 282
71 244 72 246
248 317 253 317
67 89 68 91
241 339 242 341
142 209 143 211
68 26 70 27
93 441 95 442
25 266 26 268
274 193 274 197
143 106 148 106
137 106 142 106
19 170 20 172
9 134 9 139
197 115 202 115
156 221 160 221
112 179 113 181
262 428 267 428
227 396 228 398
17 204 19 205
187 383 187 388
177 351 182 351
234 259 234 264
145 442 147 443
251 306 251 311
235 56 237 57
56 385 57 387
119 438 120 440
186 245 191 245
153 217 158 217
49 155 50 157
8 21 13 21
43 335 48 335
54 0 56 1
220 137 221 139
241 443 242 445
95 121 97 122
47 402 47 407
138 1 143 1
241 336 244 336
8 323 8 328
212 37 214 38
2 137 2 142
51 425 56 425
50 141 52 142
107 419 112 419
23 423 24 425
107 317 112 317
53 191 53 196
235 182 240 182
179 149 181 150
14 439 19 439
113 441 118 441
130 321 131 323
170 14 171 16
129 303 130 305
176 91 177 93
176 404 178 405
233 26 233 31
151 121 156 121
250 11 255 11
180 411 182 412
227 88 227 93
164 308 167 308
130 24 132 25
222 447 224 448
116 43 117 45
175 40 176 42
267 367 269 368
13 418 15 419
38 111 41 111
17 393 21 393
1 26 1 31
138 14 139 16
211 69 216 69
254 154 255 155
236 183 238 184
126 447 127 449
8 12 9 14
50 116 52 117
251 348 252 350
128 136 130 137
14 100 19 100
111 199 116 199
181 256 186 256
220 209 225 209
74 22 75 24
68 247 69 249
122 295 127 295
36 365 37 367
74 65 74 70
139 295 144 295
79 381 84 381
11 405 12 407
100 88 105 88
38 411 39 412
227 267 227 272
22 367 24 368
16 148 16 153
188 414 193 414
145 339 146 341
26 288 27 289
212 291 214 292
190 74 195 74
60 104 65 104
52 26 56 26
98 223 99 225
214 170 215 172
141 9 146 9
245 44 250 44
266 49 268 50
164 113 164 118
263 56 268 56
115 234 116 236
79 413 79 418
249 337 250 339
67 175 72 175
159 159 160 161
119 316 121 317
177 356 182 356
199 239 201 240
91 38 91 43
259 75 261 76
110 332 112 333
110 426 110 430
98 287 103 287
95 329 100 329
61 438 62 440
168 24 169 26
8 157 10 158
156 307 160 307
151 83 151 88
224 145 227 145
169 256 174 256
198 9 198 14
259 263 260 264
157 363 158 365
263 347 265 348
79 39 84 39
96 357 96 362
8 81 8 86
193 294 194 296
182 275 183 277
94 78 94 83
121 409 121 414
143 75 144 77
64 160 66 161
107 332 109 333
170 393 175 393
107 21 107 26
104 351 106 352
22 429 27 429
221 450 225 450
198 31 198 36
161 46 163 47
95 291 96 293
202 253 207 253
43 213 44 215
227 12 228 14
136 10 138 11
260 425 265 425
35 266 35 271
229 329 231 330
89 376 89 381
180 204 180 209
220 234 222 235
38 229 38 233
102 344 103 346
23 254 23 259
169 44 171 45
247 177 252 177
186 204 191 204
250 154 251 156
105 368 105 373
85 223 85 227
89 278 90 280
154 36 158 36
85 112 90 112
220 413 221 415
119 406 121 407
243 42 248 42
109 386 111 387
149 266 149 271
85 36 86 38
116 432 118 433
138 356 140 357
4 373 4 378
162 167 162 172
272 41 273 43
115 64 116 66
66 88 71 88
199 128 200 130
127 88 127 93
92 208 94 209
134 398 138 398
20 300 20 305
233 383 234 385
269 3 274 3
34 425 39 425
252 448 256 448
159 320 160 322
100 69 101 71
112 260 114 261
108 295 108 300
15 415 16 417
82 27 82 32
84 370 84 375
163 275 168 275
19 32 19 37
125 376 127 377
132 223 133 225
11 76 12 78
30 151 31 153
184 310 184 315
4 382 9 382
245 300 247 301
151 193 152 195
48 336 49 338
257 246 262 246
259 257 261 258
93 127 98 127
236 386 241 386
150 125 155 125
128 228 132 228
253 201 254 203
165 243 166 245
227 15 229 16
49 425 50 427
223 136 227 136
127 265 127 270
156 353 161 353
61 344 66 344
253 51 255 52
188 396 190 397
36 165 37 167
81 47 86 47
40 239 42 240
171 203 171 208
182 319 184 320
5 324 6 325
241 160 246 160
232 17 233 19
41 448 42 450
192 173 193 175
30 265 35 265
272 355 273 357
73 71 73 76
122 89 123 91
173 292 176 292
224 41 229 41
189 353 194 353
187 323 189 324
268 301 268 306
274 344 274 349
217 385 222 385
260 223 265 223
106 326 111 326
193 56 195 57
98 338 98 343
97 3 98 5
234 381 236 382
127 230 132 230
48 121 48 126
128 276 133 276
272 259 272 264
18 343 19 345
14 355 16 356
220 230 222 231
213 350 218 350
122 37 127 37
178 387 179 389
92 165 94 166
138 61 139 63
166 384 171 384
35 357 37 358
52 221 57 221
242 223 243 225
95 243 97 244
8 403 13 403
117 97 118 99
59 199 62 199
28 1 29 3
138 120 143 120
23 420 25 421
170 137 175 137
85 1 90 1
266 250 267 252
117 47 121 47
74 364 75 366
198 86 199 88
91 80 92 82
222 36 227 36
38 185 40 186
77 226 77 231
249 400 254 400
122 406 124 407
28 171 29 173
1 339 1 344
12 45 12 49
270 127 271 129
232 218 237 218
212 167 214 168
113 383 114 385
87 283 87 288
222 38 227 38
21 23 21 28
104 421 106 422
108 246 108 251
27 46 29 47
69 7 71 8
230 72 232 73
213 296 214 298
77 264 79 265
180 229 180 234
214 23 219 23
220 130 220 135
115 409 116 411
202 171 202 176
28 129 29 131
51 51 56 51
125 88 126 90
68 20 69 22
114 274 116 275
156 310 158 311
28 78 33 78
178 85 178 90
153 23 153 28
32 263 37 263
176 224 178 225
13 344 15 345
81 72 83 73
156 239 157 241
195 31 196 33
234 89 239 89
268 89 271 89
18 194 23 194
272 405 272 410
110 30 112 31
211 181 216 181
165 418 170 418
81 193 82 195
86 74 90 74
64 241 65 243
156 345 157 347
191 277 196 277
163 92 164 94
47 420 49 421
270 6 272 7
33 242 33 247
44 374 44 379
203 171 203 176
234 172 236 173
241 146 244 146
42 329 43 331
170 212 171 214
265 84 267 85
57 421 62 421
164 402 164 407
239 126 240 128
212 282 217 282
140 418 140 423
222 445 227 445
227 294 228 296
235 438 237 439
115 93 116 95
194 331 195 333
97 24 98 25
203 401 204 403
75 319 80 319
68 98 68 103
54 400 54 405
53 272 53 277
96 189 100 189
190 67 191 69
58 195 63 195
3 413 4 415
139 299 139 304
181 344 182 346
68 199 70 200
48 237 53 237
111 54 112 56
30 313 35 313
265 191 270 191
134 125 135 127
237 150 242 150
20 355 22 356
117 75 118 77
191 294 192 296
10 325 10 328
62 285 63 287
182 312 182 317
274 57 274 62
140 164 141 166
15 148 15 153
148 370 152 370
240 123 241 125
153 260 153 265
229 290 231 291
267 130 268 132
271 259 271 264
266 269 271 269
87 292 88 294
216 137 217 139
73 409 78 409
255 351 260 351
161 202 162 204
125 317 126 319
220 140 221 141
227 285 232 285
139 336 144 336
59 314 61 315
171 430 176 430
30 2 32 3
51 210 51 215
5 336 5 341
273 123 274 125
168 312 169 314
177 319 177 324
131 188 133 189
225 359 230 359
28 209 28 214
9 354 14 354
164 289 166 290
115 347 115 352
73 65 73 70
153 422 155 423
183 126 188 126
79 140 84 140
216 6 216 11
189 328 189 333
191 126 196 126
14 260 15 261
271 48 274 48
58 91 59 93
121 249 126 249
52 220 57 220
41 413 43 414
227 39 232 39
240 429 242 430
228 99 233 99
217 434 219 435
6 204 6 209
16 115 21 115
192 358 197 358
105 150 109 150
177 0 177 5
163 52 165 53
133 147 133 152
24 410 25 412
96 195 101 195
158 367 159 368
196 241 201 241
13 77 18 77
89 121 94 121
102 140 103 142
239 169 240 171
22 173 23 175
132 441 137 441
167 431 172 431
32 242 32 247
148 319 153 319
207 277 207 282
261 40 262 42
156 146 161 146
268 94 273 94
231 373 236 373
192 215 197 215
160 333 161 335
13 101 18 101
42 374 42 379
205 275 205 280
236 258 236 263
151 206 151 211
19 14 20 16
243 361 244 363
13 94 18 94
82 204 87 204
74 157 75 159
231 437 236 437
156 416 161 416
49 282 50 284
251 361 253 362
266 197 266 202
53 218 58 218
105 102 105 107
10 75 10 80
155 199 157 200
147 232 148 234
173 13 178 13
82 109 84 110
228 197 229 199
82 428 83 430
238 356 240 357
124 127 124 132
220 68 221 70
9 306 10 308
143 84 144 86
229 294 230 296
13 151 13 156
70 129 72 130
0 140 1 142
73 385 74 387
144 388 149 388
57 261 62 261
206 41 211 41
213 51 215 52
48 445 53 445
207 329 212 329
71 121 76 121
68 285 69 287
124 258 124 263
25 109 30 109
25 101 27 102
234 155 236 156
192 67 193 68
81 336 83 337
185 24 185 29
196 75 201 75
67 380 67 385
181 160 181 163
100 223 101 225
214 420 216 421
270 173 272 174
144 390 149 390
249 244 250 246
211 227 211 230
35 240 35 245
255 408 259 408
141 230 146 230
171 149 176 149
57 430 62 430
255 265 260 265
118 128 118 133
79 257 79 261
262 37 267 37
113 81 113 86
40 215 42 216
191 147 192 149
214 335 216 336
130 244 134 244
48 75 49 77
99 229 100 231
161 403 161 408
155 57 156 59
138 245 140 246
149 449 154 449
191 37 191 42
128 363 129 365
18 357 18 362
143 367 147 367
44 35 44 40
28 311 33 311
20 245 21 247
39 278 39 282
167 296 172 296
266 73 271 73
243 149 244 151
198 412 203 412
206 410 208 411
5 130 10 130
52 121 53 123
125 91 126 93
72 311 77 311
15 208 16 210
159 212 160 214
16 165 18 166
100 414 104 414
94 8 94 13
7 154 12 154
49 327 54 327
74 246 74 251
185 312 186 314
249 450 250 452
42 0 44 1
3 219 8 219
174 117 174 122
218 265 218 270
60 425 62 426
256 125 257 127
26 314 31 314
122 63 127 63
184 316 189 316
255 96 257 97
184 193 185 195
17 266 19 267
161 43 162 45
156 212 157 214
32 212 33 214
142 144 144 145
89 419 90 421
90 290 95 290
171 403 172 405
215 401 220 401
44 363 46 364
269 127 269 132
224 219 225 221
156 246 161 246
78 107 83 107
15 123 16 125
197 452 202 452
186 169 190 169
119 59 124 59
11 95 16 95
100 326 102 327
85 350 87 351
195 317 199 317
142 125 143 127
129 300 130 302
202 281 202 286
222 325 227 325
81 127 82 129
167 290 172 290
69 208 70 210
262 111 263 113
93 160 94 162
149 66 151 67
2 389 2 394
248 41 253 41
272 180 274 181
92 116 97 116
102 136 104 137
215 80 217 81
89 232 89 237
248 401 253 401
78 78 83 78
190 323 195 323
96 288 101 288
9 396 13 396
213 33 214 35
34 240 34 245
260 389 261 391
206 378 206 383
169 394 170 396
56 55 57 57
131 416 131 421
226 137 227 139
171 11 176 11
215 44 216 46
149 138 154 138
1 348 1 353
102 288 107 288
83 382 83 387
198 333 203 333
237 282 242 282
249 254 250 256
113 64 114 66
194 0 194 5
264 276 265 278
65 155 70 155
130 329 135 329
178 123 179 125
131 102 132 103
21 376 22 378
219 42 220 44
193 193 196 193
26 395 26 400
64 258 64 262
157 0 157 5
197 225 199 226
131 84 131 89
123 9 128 9
15 85 17 86
112 159 113 161
132 119 133 121
133 131 133 136
228 440 233 440
224 264 224 269
253 219 254 221
114 252 116 253
228 450 230 451
236 440 236 445
25 81 27 82
143 256 147 256
14 341 15 343
67 264 68 266
63 26 67 26
6 417 6 421
249 236 249 241
138 187 139 189
38 336 43 336
8 223 9 224
245 362 247 363
77 431 78 433
177 17 178 19
258 175 259 177
156 18 161 18
18 116 23 116
225 100 226 102
3 119 3 124
240 446 241 448
182 254 184 255
47 439 49 440
148 396 153 396
170 426 175 426
19 380 22 380
160 326 161 328
164 46 166 47
88 102 91 102
33 256 35 257
25 430 27 431
191 128 196 128
21 105 23 106
56 310 56 315
61 282 62 284
66 107 71 107
257 253 257 258
84 163 85 165
254 413 256 414
111 329 112 331
176 255 181 255
137 80 142 80
165 436 167 437
229 319 234 319
257 182 257 187
4 228 6 229
181 187 186 187
41 354 43 355
212 137 213 139
177 345 177 350
201 59 206 59
233 181 238 181
153 128 158 128
35 289 40 289
109 285 114 285
247 267 249 268
64 267 65 269
133 157 138 157
242 44 244 45
191 168 193 169
45 72 46 74
13 452 18 452
25 74 26 76
174 183 175 185
192 204 192 209
151 119 153 120
223 297 225 298
80 289 81 290
80 253 82 254
97 183 101 183
175 200 176 202
73 182 75 183
2 186 2 191
217 368 218 370
18 297 19 299
190 61 191 63
74 351 79 351
94 38 95 40
191 280 196 280
239 261 240 263
182 259 187 259
3 14 3 19
23 209 24 211
112 247 113 249
17 246 17 251
191 49 191 54
177 11 181 11
89 398 90 400
224 439 224 443
111 383 112 385
31 399 31 404
98 51 103 51
8 416 10 417
183 164 184 166
273 259 273 263
176 26 178 27
226 202 228 203
77 382 79 383
191 334 192 336
44 305 45 307
91 164 96 164
65 217 70 217
55 310 55 315
184 407 186 408
267 215 272 215
126 322 127 324
43 387 45 388
72 71 72 76
252 270 253 272
14 161 16 162
120 32 120 37
33 16 34 18
1 324 1 329
219 350 224 350
31 96 36 96
81 384 82 386
80 157 82 158
36 90 41 90
135 158 140 158
147 119 148 121
62 354 62 359
17 216 19 217
240 81 241 83
63 85 65 86
170 88 172 89
189 111 191 112
135 113 137 114
31 107 33 108
21 68 21 73
104 246 105 248
50 338 51 340
133 14 134 16
257 52 258 54
6 137 6 142
237 294 237 298
213 321 213 324
114 187 116 188
191 297 193 298
75 110 76 112
94 131 96 132
122 258 122 263
147 447 149 448
176 117 176 122
86 313 91 313
241 162 246 162
36 273 38 274
202 377 202 382
135 315 137 316
250 170 255 170
215 261 215 266
145 84 146 86
251 405 256 405
40 374 40 379
143 158 145 159
127 26 132 26
125 277 130 277
161 4 162 5
77 5 78 7
100 106 101 108
17 296 17 301
38 79 40 80
102 129 103 131
247 89 247 94
122 316 127 316
217 391 219 392
38 398 38 403
164 162 165 164
26 273 26 278
115 153 115 158
93 291 94 293
76 165 78 166
188 327 193 327
54 452 59 452
73 404 75 405
21 195 21 200
0 222 0 227
225 159 230 159
50 423 55 423
196 29 198 30
155 60 156 62
243 278 248 278
122 190 122 195
196 239 198 240
253 200 258 200
171 0 171 5
172 183 173 185
102 197 102 202
74 71 74 76
37 413 38 415
90 381 91 382
9 112 11 113
233 273 234 275
141 319 142 321
175 48 175 53
228 226 229 228
129 17 134 17
179 404 181 405
69 421 74 421
26 219 28 220
255 224 260 224
141 328 146 328
253 449 254 451
201 431 203 432
171 286 176 286
245 124 246 126
6 306 6 311
96 197 101 197
99 187 101 188
252 38 253 40
170 383 173 383
25 385 30 385
219 314 219 319
264 219 269 219
180 46 180 51
25 180 30 180
227 108 232 108
272 95 273 97
140 414 141 416
183 258 188 258
164 380 165 382
144 160 144 165
59 19 64 19
160 409 165 409
85 34 90 34
228 350 230 351
94 66 95 68
109 10 111 11
216 412 221 412
81 389 83 390
145 319 147 320
236 206 240 206
202 224 207 224
2 26 2 31
230 103 232 104
181 423 182 425
149 394 151 395
250 87 250 92
202 117 207 117
262 270 263 272
168 374 173 374
2 162 2 166
269 100 269 105
72 240 72 243
157 129 158 131
84 166 85 168
194 190 195 192
143 184 147 184
72 415 72 420
95 142 99 142
195 314 200 314
67 422 69 423
220 226 221 228
46 123 46 128
215 28 217 29
46 336 47 338
80 425 82 426
102 162 104 163
191 417 192 419
4 322 6 323
21 168 21 173
175 10 180 10
26 358 31 358
87 33 92 33
18 268 19 270
65 284 70 284
161 436 162 438
37 292 42 292
45 114 46 116
47 48 52 48
255 13 257 14
194 318 195 320
118 46 123 46
214 231 215 233
247 329 249 330
161 342 163 343
167 356 168 358
123 16 124 18
122 181 127 181
62 120 63 122
72 389 74 390
234 67 236 68
157 331 162 331
100 302 105 302
119 432 119 437
2 32 2 37
107 285 108 287
155 0 156 2
86 158 91 158
178 248 178 253
76 3 78 4
31 71 33 72
137 77 142 77
120 265 125 265
135 400 137 401
189 410 190 412
7 239 7 244
193 436 193 441
184 340 185 342
113 93 114 95
43 114 44 116
127 279 132 279
0 315 1 317
92 117 94 118
228 345 230 346
79 178 84 178
150 277 152 278
262 452 266 452
49 80 50 82
74 394 79 394
6 146 7 148
178 74 179 76
136 94 137 96
21 84 24 84
177 382 179 383
29 272 30 274
34 311 39 311
3 379 5 380
194 402 199 402
262 193 263 195
98 271 99 273
190 326 195 326
64 206 66 207
221 47 222 49
120 54 122 55
47 291 52 291
8 173 9 175
219 56 220 58
115 448 117 449
226 204 231 204
45 293 46 294
193 195 198 195
72 349 73 351
69 222 74 222
30 327 30 332
237 251 239 252
269 231 269 236
174 14 175 16
99 216 100 218
64 328 69 328
259 416 264 416
190 436 192 437
239 96 244 96
90 428 95 428
261 324 261 329
176 294 181 294
244 109 246 110
44 357 44 362
231 354 233 355
35 197 36 199
226 319 228 320
240 158 243 158
112 286 114 287
167 302 172 302
222 213 222 218
29 5 30 7
163 442 168 442
116 347 118 348
149 425 150 427
199 29 199 34
208 425 210 426
255 178 260 178
118 50 118 55
231 109 231 114
10 297 15 297
246 115 247 116
196 202 196 207
150 53 151 55
55 3 56 5
106 186 111 186
247 415 249 416
62 52 62 57
22 119 27 119
176 435 177 437
109 383 110 385
5 58 5 63
197 31 197 36
73 433 73 438
234 288 236 289
109 160 110 162
8 251 8 256
61 54 61 59
189 292 191 293
250 22 252 23
125 284 126 286
64 73 65 75
158 308 163 308
244 331 245 333
183 37 184 39
236 123 237 125
249 20 254 20
144 92 146 93
5 15 5 20
135 236 140 236
133 355 133 360
9 208 14 208
161 158 162 160
253 182 253 187
209 191 209 196
52 210 52 215
147 110 152 110
112 274 113 276
243 121 243 125
41 364 42 366
29 174 30 176
270 53 271 54
143 117 145 118
91 368 91 373
29 189 34 189
249 320 254 320
141 54 141 59
100 29 105 29
27 372 32 372
160 399 165 399
24 422 29 422
88 101 93 101
148 38 148 43
42 60 47 60
201 447 203 448
81 162 86 162
29 411 31 412
192 328 192 333
22 299 22 304
219 161 221 162
109 286 111 287
34 377 35 379
235 315 240 315
142 54 142 59
201 212 202 214
54 268 58 268
274 257 274 262
58 54 59 56
115 33 116 35
99 353 99 358
43 313 43 318
113 67 118 67
108 382 113 382
244 322 249 322
122 385 124 386
97 59 99 60
172 203 172 208
1 117 2 119
45 389 50 389
203 433 204 435
117 41 119 42
206 331 206 336
149 75 150 77
221 288 223 289
14 414 19 414
93 214 94 216
222 161 224 162
88 345 90 346
125 373 126 375
150 325 151 327
245 343 247 344
106 69 108 70
250 94 255 94
147 6 148 7
178 183 179 185
150 380 151 382
166 140 171 140
154 348 159 348
2 444 3 446
84 254 89 254
57 427 62 427
11 14 11 19
69 367 71 368
234 245 235 247
243 43 248 43
59 203 60 205
162 150 164 151
134 63 134 68
182 52 182 57
195 197 200 197
225 40 230 40
58 354 59 356
242 99 243 101
10 164 11 166
244 32 249 32
9 251 9 256
136 192 141 192
48 402 48 407
5 126 6 128
85 127 86 129
260 380 261 381
70 64 71 66
105 321 110 321
93 233 95 234
274 13 274 18
85 134 85 139
250 356 252 357
156 150 161 150
10 12 12 13
201 325 206 325
126 420 130 420
55 400 55 405
32 420 34 421
7 336 7 341
69 365 71 366
47 80 48 82
27 105 29 106
10 69 10 74
99 160 100 162
10 319 11 321
197 213 198 214
206 170 207 172
221 62 222 63
229 234 231 235
85 130 90 130
230 260 230 265
225 383 226 385
42 71 47 71
153 29 153 34
205 374 205 379
4 348 5 350
237 131 242 131
70 238 70 243
36 247 38 248
223 42 225 43
24 35 26 36
231 149 233 150
260 8 262 9
177 172 178 174
266 120 267 122
131 71 131 76
91 177 91 182
262 109 267 109
237 381 242 381
171 416 176 416
72 280 73 282
124 314 126 315
94 302 99 302
16 102 18 103
242 30 247 30
195 173 196 175
56 58 57 59
216 436 218 437
4 381 9 381
72 65 72 70
229 216 234 216
145 446 150 446
158 209 158 214
83 205 85 206
218 13 220 14
67 303 72 303
32 324 32 329
272 182 274 183
97 38 97 43
76 104 77 106
221 190 221 194
173 43 178 43
213 153 214 155
120 233 122 234
143 111 143 116
63 33 64 35
140 409 141 411
103 109 108 109
168 381 170 382
146 38 147 40
47 141 49 142
2 383 2 388
137 300 137 305
133 156 138 156
225 425 227 426
53 263 55 264
65 216 70 216
45 419 49 419
133 218 135 219
5 235 5 240
191 196 191 201
218 254 220 255
88 318 88 323
243 40 247 40
144 306 145 308
105 187 107 188
123 258 123 263
158 229 160 230
64 98 65 100
40 424 45 424
82 230 83 231
53 21 54 23
217 196 222 196
97 115 102 115
133 384 133 389
62 410 66 410
139 436 141 437
116 268 117 270
8 0 8 5
142 363 146 363
7 32 8 34
217 16 218 18
247 236 248 238
41 117 43 118
2 4 4 5
50 207 50 212
27 52 28 54
108 103 109 105
50 172 51 174
59 3 60 5
214 279 219 279
20 329 20 334
190 328 190 333
55 238 56 240
266 102 266 107
41 63 42 65
57 418 58 420
214 324 214 329
168 27 169 29
129 87 129 92
251 219 251 224
11 0 11 5
161 210 166 210
244 262 245 264
23 29 28 29
127 451 129 452
100 179 101 181
53 52 55 53
37 398 37 403
73 246 73 251
44 7 45 9
91 266 96 266
116 128 116 133
138 182 140 183
249 405 250 407
126 281 131 281
253 337 254 339
51 106 56 106
116 197 118 198
224 386 226 387
46 365 48 366
147 284 148 285
211 261 213 262
219 368 220 370
138 179 143 179
214 25 219 25
146 402 151 402
203 83 203 88
244 1 245 3
238 102 243 102
184 291 189 291
269 56 274 56
266 292 268 293
179 136 179 140
157 107 159 108
113 386 118 386
52 270 57 270
100 262 102 263
6 289 7 291
207 12 208 14
80 255 84 255
15 7 15 11
225 365 227 366
56 52 58 53
181 251 182 253
25 273 25 278
32 129 33 131
19 198 19 203
125 136 127 137
35 25 40 25
260 90 265 90
144 263 146 264
267 238 269 239
70 349 70 354
10 20 15 20
204 308 206 309
167 221 172 221
200 201 200 206
92 196 94 197
122 431 123 433
216 21 218 22
123 223 124 225
53 141 54 143
272 38 273 40
213 116 215 117
73 185 74 187
254 360 255 362
90 282 90 287
270 21 273 21
206 188 207 190
119 145 123 145
169 400 169 405
257 287 258 289
175 196 177 197
248 188 248 193
52 317 53 319
82 86 82 91
176 183 177 185
37 129 42 129
69 63 69 68
235 387 236 388
59 172 61 173
32 330 33 332
85 411 90 411
23 358 25 359
95 330 96 332
149 247 154 247
80 398 82 399
262 427 265 427
240 5 245 5
24 395 25 397
0 294 0 299
97 235 99 236
30 129 31 131
7 217 12 217
160 300 162 301
21 44 26 44
83 46 88 46
87 432 92 432
235 419 237 420
16 65 16 70
238 279 239 281
77 184 82 184
108 68 113 68
61 290 62 292
41 103 46 103
259 81 259 86
204 349 206 350
166 168 167 170
150 310 151 312
28 387 29 389
245 418 250 418
31 81 33 82
249 371 250 372
23 70 28 70
100 280 101 282
205 434 207 435
240 147 245 147
211 427 212 428
175 256 180 256
211 173 216 173
64 391 64 396
260 342 265 342
138 293 143 293
215 452 220 452
4 319 5 321
177 353 182 353
123 190 128 190
76 397 81 397
115 128 115 133
11 415 12 417
158 240 160 241
268 352 270 353
19 253 24 253
78 150 81 150
235 167 240 167
35 354 37 355
151 404 152 406
198 173 198 178
63 316 65 317
249 278 254 278
145 254 150 254
194 242 196 243
250 437 255 437
252 240 257 240
152 338 153 340
183 140 184 142
268 22 270 23
1 401 1 406
180 380 181 382
66 254 71 254
156 357 158 358
235 319 235 324
181 331 183 332
163 253 168 253
121 330 122 332
153 96 158 96
244 98 245 100
224 10 229 10
95 388 100 388
150 448 155 448
185 191 187 192
182 130 184 131
258 92 263 92
171 259 173 260
91 107 93 108
272 57 272 62
22 254 22 259
97 357 97 362
175 348 176 350
14 180 16 181
101 229 102 231
139 284 141 285
27 62 28 64
182 414 187 414
160 148 162 149
4 392 9 392
75 254 77 255
29 48 34 48
120 447 125 447
138 414 139 416
228 80 228 85
211 287 213 288
112 283 117 283
127 186 128 188
40 32 42 33
117 397 118 399
24 200 25 202
67 398 68 400
53 117 58 117
149 98 151 99
21 405 22 407
25 99 30 99
203 338 205 339
53 63 54 65
149 257 149 262
123 264 128 264
46 49 51 49
185 47 185 52
182 67 183 69
97 2 102 2
100 249 105 249
200 102 205 102
17 367 18 368
263 217 265 218
61 298 66 298
144 111 144 116
7 74 7 79
212 80 214 81
55 182 60 182
65 281 66 283
34 264 39 264
214 394 216 395
80 325 80 330
194 152 194 157
19 121 24 121
206 423 207 425
211 302 216 302
220 451 225 451
98 173 98 176
41 120 46 120
57 296 62 296
187 138 187 143
242 7 244 8
23 125 24 127
182 193 183 195
31 197 32 199
45 213 47 214
230 96 231 97
170 107 172 108
78 86 79 88
237 66 239 67
39 307 41 308
127 363 127 368
228 21 230 22
17 384 18 386
199 429 201 430
17 228 17 232
250 241 255 241
109 266 112 266
180 354 185 354
243 450 248 450
269 433 269 438
243 120 248 120
239 377 243 377
98 69 99 71
173 6 174 8
49 17 54 17
80 284 81 286
41 426 42 428
92 69 97 69
50 14 51 16
268 109 273 109
241 229 241 234
242 272 247 272
3 177 3 182
188 197 188 202
202 261 203 263
46 387 48 388
225 286 228 286
213 237 218 237
116 392 121 392
11 432 12 434
224 132 229 132
2 295 2 300
267 294 269 295
246 448 251 448
126 140 131 140
191 113 192 115
88 410 93 410
5 137 5 142
225 222 227 223
164 97 169 97
73 200 75 201
3 131 4 133
120 126 125 126
97 245 102 245
167 226 168 228
252 314 257 314
140 274 141 275
83 53 85 54
178 450 179 452
74 349 76 350
253 160 258 160
73 118 75 119
19 71 19 76
101 264 103 265
120 298 125 298
192 86 194 87
0 48 0 53
94 414 99 414
7 211 7 216
21 366 26 366
137 323 139 324
240 365 245 365
177 428 179 429
264 63 265 65
16 20 21 20
178 243 180 244
197 145 198 147
130 427 132 428
250 122 250 127
56 87 57 89
17 12 19 13
29 315 30 317
212 252 217 252
142 5 147 5
2 326 2 331
234 179 239 179
269 66 272 66
45 274 47 275
131 267 131 272
233 77 233 81
266 305 266 310
174 307 176 308
163 438 165 439
77 19 82 19
26 438 28 439
29 260 29 265
176 282 181 282
21 328 21 333
257 336 258 338
104 433 109 433
146 117 148 118
171 139 176 139
7 35 8 37
150 447 155 447
2 348 3 350
91 21 96 21
120 147 120 152
47 363 49 364
138 138 140 139
46 249 47 251
114 153 114 158
6 368 6 373
143 387 148 387
33 36 33 41
125 213 125 218
65 418 66 420
218 182 219 184
110 71 111 73
259 252 261 253
119 103 120 105
183 418 184 420
134 13 139 13
205 0 205 5
111 291 111 295
4 198 5 200
54 325 59 325
261 6 263 7
51 94 53 95
81 170 86 170
172 248 177 248
263 0 264 2
246 305 251 305
153 418 158 418
221 238 226 238
239 108 244 108
253 242 254 244
34 305 35 307
46 2 47 4
200 248 205 248
172 94 173 96
247 109 249 110
140 34 142 35
176 28 178 29
85 398 86 400
219 169 224 169
142 12 144 13
75 359 76 361
76 14 81 14
147 425 148 427
226 42 228 43
96 187 98 188
274 126 274 131
73 112 74 114
117 340 118 342
161 200 166 200
255 242 256 244
205 6 205 11
265 22 267 23
148 111 148 116
120 343 121 345
99 67 101 68
128 232 133 232
187 119 188 121
108 408 109 410
248 37 253 37
20 147 20 152
9 168 10 170
182 157 182 161
133 237 138 237
243 157 248 157
1 201 1 206
243 83 248 83
53 278 54 280
180 169 185 169
46 152 47 154
120 299 125 299
147 198 148 200
53 149 58 149
123 36 128 36
38 446 43 446
240 326 242 327
263 386 265 387
94 191 95 193
158 22 159 24
53 39 54 40
200 83 200 88
49 71 50 73
175 6 176 8
41 241 42 243
150 106 151 108
78 156 79 158
135 63 135 68
256 429 261 429
17 164 22 164
77 391 82 391
90 389 91 391
116 337 118 338
27 350 28 352
144 120 146 121
130 414 135 414
235 83 235 88
111 437 113 438
229 356 234 356
152 260 152 265
236 370 238 371
156 380 157 382
155 387 156 389
242 343 244 344
199 340 201 341
141 72 146 72
100 166 102 167
173 386 175 387
234 440 235 442
257 438 259 439
203 280 203 285
70 22 71 24
14 62 15 64
29 348 31 349
150 228 151 230
149 411 151 412
172 415 177 415
146 371 151 371
138 204 138 209
137 180 138 181
98 53 100 54
20 7 21 9
109 282 114 282
131 274 133 275
39 241 40 243
261 435 262 436
188 387 190 388
172 312 172 317
26 1 27 3
195 399 196 401
201 204 206 204
125 415 126 417
29 60 29 65
119 128 120 130
156 143 161 143
30 34 35 34
86 132 91 132
18 50 23 50
261 438 266 438
229 444 233 444
256 272 261 272
145 212 150 212
14 268 15 270
0 414 0 419
81 325 82 327
116 200 116 205
264 364 265 366
92 417 93 419
54 225 55 227
56 263 58 264
29 38 29 43
255 247 257 248
140 101 141 103
98 72 103 72
162 393 167 393
140 177 145 177
257 273 259 274
128 376 130 377
263 18 265 19
249 99 250 101
239 426 240 428
204 171 204 176
48 184 53 184
261 224 265 224
268 297 273 297
193 287 198 287
145 198 146 200
92 433 94 434
257 196 262 196
91 429 92 431
69 409 72 409
263 349 265 350
106 35 108 36
5 222 5 227
230 342 232 343
63 20 65 21
149 119 150 121
152 40 153 42
3 318 3 323
178 345 178 350
200 317 200 322
250 109 252 110
252 211 253 213
106 283 111 283
84 382 84 387
265 169 269 169
25 38 26 40
246 199 251 199
32 99 37 99
187 284 189 285
230 61 235 61
118 62 123 62
209 53 214 53
261 149 262 151
102 350 102 355
266 186 271 186
167 338 172 338
198 215 199 217
161 451 163 452
224 96 226 97
233 294 234 296
115 22 116 24
6 102 7 104
62 314 64 315
154 93 155 95
35 36 35 41
6 235 6 240
267 10 268 12
155 356 160 356
194 237 199 237
233 239 235 240
52 198 53 199
49 285 54 285
66 3 66 8
238 98 243 98
117 450 118 452
11 246 16 246
235 90 237 91
180 428 182 429
72 157 73 159
117 57 122 57
24 116 29 116
208 194 208 199
173 36 175 37
186 310 188 311
23 0 23 5
143 418 144 420
248 414 253 414
94 148 98 148
229 143 234 143
249 381 254 381
66 372 71 372
174 235 174 240
169 438 171 439
3 259 3 264
268 310 273 310
272 332 273 334
109 112 111 113
0 131 0 136
265 133 266 135
188 251 189 253
104 286 106 287
175 44 177 45
3 222 3 227
47 331 49 332
272 185 274 186
223 290 224 292
21 141 21 146
102 76 107 76
256 346 261 346
58 126 58 131
200 72 201 74
142 168 144 169
36 181 37 183
187 220 187 225
139 53 144 53
79 369 79 374
30 445 35 445
93 393 94 395
239 366 244 366
214 280 219 280
263 119 266 119
67 404 69 405
211 56 212 58
223 74 225 75
269 399 274 399
113 133 114 135
173 336 178 336
13 19 18 19
103 26 104 28
192 17 192 22
43 104 45 105
43 327 48 327
104 108 109 108
29 428 34 428
123 74 123 79
179 58 181 59
160 147 165 147
230 352 232 353
227 273 228 275
28 408 29 410
19 154 19 159
148 193 150 194
221 352 222 354
162 207 164 208
79 59 84 59
32 163 37 163
262 373 262 378
254 111 254 116
198 450 203 450
137 247 142 247
127 213 127 218
15 367 16 368
181 215 186 215
194 240 195 241
40 368 42 369
44 352 49 352
96 290 101 290
119 385 121 386
45 374 45 379
260 413 262 414
37 389 38 391
60 303 63 303
53 138 55 139
12 70 12 75
203 383 204 385
163 331 165 332
83 184 84 186
253 133 254 135
64 429 66 430
201 86 202 88
166 401 166 406
237 382 239 383
107 59 112 59
256 16 261 16
87 109 88 111
120 137 120 142
47 333 52 333
210 256 211 258
66 338 70 338
9 143 11 144
261 333 261 338
179 431 180 432
178 407 183 407
75 347 80 347
47 155 48 157
178 415 183 415
78 214 79 215
225 447 227 448
271 120 271 125
194 342 199 342
96 200 96 205
44 289 45 290
78 275 78 279
66 285 67 287
258 314 263 314
191 288 196 288
47 222 52 222
69 415 69 420
51 224 56 224
270 193 271 195
17 154 18 156
165 272 166 274
194 231 194 236
101 324 103 325
264 344 265 346
158 0 159 2
79 89 81 90
246 207 246 212
8 289 9 291
95 264 97 265
54 237 59 237
22 77 24 78
225 140 227 141
165 109 170 109
121 122 126 122
52 301 57 301
224 137 225 139
83 29 84 31
257 435 258 437
187 170 192 170
197 37 198 39
260 451 265 451
90 288 95 288
236 177 241 177
208 359 210 360
176 289 181 289
209 118 210 120
252 8 254 9
214 438 216 439
2 401 2 406
73 363 78 363
134 419 135 421
144 299 149 299
238 446 239 448
242 378 247 378
273 57 273 62
141 182 146 182
273 317 273 321
119 67 124 67
77 314 81 314
260 321 261 323
32 373 33 375
65 29 70 29
42 177 47 177
7 251 7 256
263 384 268 384
106 85 109 85
54 93 55 95
42 298 42 303
28 138 29 140
214 251 219 251
140 223 141 225
44 291 46 292
189 118 190 120
124 74 124 79
190 6 192 7
208 188 209 190
190 222 195 222
234 364 235 366
197 242 198 244
23 198 23 203
154 332 156 333
137 358 137 363
24 344 25 346
112 162 113 164
15 16 16 18
174 249 175 251
9 218 11 219
134 383 134 388
255 411 257 412
220 317 220 322
229 64 231 65
248 115 250 116
23 438 25 439
145 57 147 58
164 83 168 83
90 442 90 447
173 400 173 403
64 263 66 264
150 313 155 313
266 207 271 207
247 158 252 158
189 215 191 216
154 262 155 264
267 197 268 199
204 79 207 79
179 440 184 440
144 4 149 4
244 101 246 102
138 400 140 401
262 64 263 66
179 329 180 331
122 309 127 309
54 396 55 398
6 260 6 265
23 298 25 299
92 402 93 404
177 78 181 78
61 251 66 251
37 81 39 82
256 291 261 291
48 192 48 197
125 59 127 60
104 243 108 243
71 113 72 115
152 9 152 14
64 331 69 331
156 420 161 420
4 56 6 57
212 190 212 195
196 48 196 53
48 226 53 226
47 312 47 317
158 419 163 419
140 361 141 363
148 101 150 102
188 108 188 112
239 337 244 337
273 409 274 411
86 275 87 277
154 380 155 382
78 212 83 212
99 298 104 298
67 304 72 304
13 340 18 340
218 216 218 221
23 334 24 336
28 260 28 265
163 300 165 301
100 268 100 273
57 62 62 62
72 247 72 252
23 120 28 120
244 380 249 380
189 139 194 139
256 259 257 261
85 412 90 412
127 203 132 203
167 188 171 188
252 87 252 92
245 0 250 0
28 107 30 108
136 151 141 151
274 140 274 145
240 334 245 334
124 32 126 33
145 266 145 271
229 315 231 316
46 381 46 386
10 296 15 296
220 109 225 109
129 1 131 2
73 271 75 272
172 111 177 111
235 169 236 171
149 284 150 285
147 364 149 365
208 451 213 451
212 6 213 8
166 430 170 430
111 423 116 423
7 296 9 297
170 141 175 141
184 363 189 363
199 327 204 327
231 337 232 339
36 265 36 270
171 109 176 109
203 33 204 35
138 166 138 171
254 164 254 169
50 194 50 199
177 423 178 425
138 361 139 363
231 22 236 22
30 111 32 112
162 435 167 435
114 247 116 248
172 140 177 140
246 99 248 100
226 170 226 175
196 404 201 404
67 393 68 395
185 359 190 359
38 265 38 270
22 182 23 184
162 152 164 153
182 11 186 11
114 81 114 86
209 203 211 204
188 34 189 36
84 22 85 24
26 411 28 412
83 86 83 91
237 154 238 156
274 38 274 43
118 199 118 204
102 146 104 147
184 417 189 417
154 101 154 106
37 206 38 208
167 369 168 371
36 227 41 227
184 212 185 214
144 54 144 59
271 137 272 139
195 16 196 18
101 159 101 163
147 302 148 304
6 397 7 399
33 7 38 7
210 380 211 382
47 424 47 429
35 222 40 222
233 72 235 73
128 401 128 406
195 164 196 166
236 133 241 133
66 268 71 268
51 267 56 267
82 182 84 183
123 133 123 138
120 27 124 27
237 384 239 385
98 243 103 243
191 242 193 243
187 215 188 216
87 407 92 407
225 111 226 113
113 328 113 333
16 360 17 362
247 273 248 275
164 14 165 16
0 384 0 389
56 326 61 326
203 275 204 277
123 146 128 146
244 420 249 420
50 219 51 221
119 404 120 405
178 212 179 214
136 149 138 150
169 261 173 261
207 201 212 201
195 427 200 427
39 294 44 294
180 82 180 87
184 224 185 225
194 360 194 365
228 447 229 449
167 210 172 210
210 299 215 299
67 299 72 299
193 223 195 224
88 303 88 308
269 290 274 290
129 113 130 115
139 30 140 32
177 129 182 129
31 242 31 247
35 185 37 186
157 89 158 91
64 226 69 226
248 343 249 345
119 450 120 452
137 78 142 78
246 165 248 166
2 438 2 443
153 425 154 427
38 405 38 410
67 13 70 13
145 6 146 8
87 278 88 280
191 346 193 347
37 241 38 243
94 180 95 182
40 244 41 246
189 281 191 282
230 230 231 232
73 252 78 252
254 30 259 30
66 39 67 41
52 202 53 204
196 83 197 85
270 134 270 139
268 170 273 170
121 314 123 315
78 268 83 268
71 353 73 354
143 364 144 366
163 148 165 149
124 28 129 28
66 0 68 1
52 258 57 258
206 0 206 5
139 378 144 378
72 290 72 295
180 123 181 125
125 258 125 263
246 236 246 241
193 442 198 442
238 438 240 439
153 175 158 175
187 122 189 123
44 224 49 224
31 327 31 332
44 75 45 76
66 339 71 339
112 8 115 8
248 213 249 215
30 135 30 140
204 245 209 245
253 273 254 275
255 254 255 259
116 153 116 158
179 52 179 57
185 40 190 40
229 160 234 160
23 415 28 415
115 243 120 243
190 252 192 253
225 281 230 281
179 6 180 8
65 90 66 92
174 260 176 261
177 85 177 90
119 64 120 66
146 87 147 89
21 62 21 67
178 325 183 325
214 434 216 435
86 62 87 64
136 166 136 171
11 193 16 193
61 28 66 28
93 143 98 143
38 392 39 394
115 56 120 56
153 342 154 344
173 202 173 207
83 146 83 149
176 450 177 452
135 368 140 368
252 353 257 353
74 443 75 445
258 441 260 442
229 320 234 320
25 96 26 98
31 430 31 435
160 92 162 93
66 252 67 253
263 196 268 196
97 53 97 58
46 252 51 252
72 43 74 44
127 131 132 131
236 223 238 224
220 236 225 236
211 29 214 29
45 11 46 13
87 139 91 139
253 153 258 153
24 133 29 133
121 32 121 37
74 96 79 96
30 245 30 250
229 326 230 328
70 39 71 41
24 1 25 3
218 31 223 31
117 277 118 279
182 80 182 85
183 286 188 286
238 332 243 332
106 246 106 251
137 433 138 435
250 391 251 392
99 150 104 150
92 178 94 179
234 223 235 225
190 438 192 439
193 31 194 33
67 288 69 289
164 229 169 229
3 438 3 443
37 416 42 416
235 383 236 385
115 340 116 342
50 1 51 3
38 377 39 379
16 433 21 433
47 72 48 74
158 443 159 445
189 313 191 314
58 328 63 328
164 75 167 75
222 33 223 35
70 344 71 346
65 392 65 396
181 323 186 323
229 136 231 137
10 341 11 343
108 330 110 331
178 117 178 122
39 299 39 304
243 326 243 331
109 207 110 209
41 11 41 16
65 398 66 400
257 229 258 231
72 238 74 239
256 321 258 322
193 375 194 377
89 417 91 418
214 373 219 373
232 391 234 392
218 226 219 228
260 91 265 91
122 238 127 238
59 134 61 135
77 36 78 38
117 356 119 357
219 364 221 365
218 257 220 258
51 249 53 250
154 319 156 320
88 302 93 302
201 436 206 436
114 192 119 192
199 374 204 374
73 291 74 293
261 373 261 378
269 202 274 202
8 414 13 414
250 141 251 143
141 202 146 202
50 79 55 79
156 447 158 448
8 306 8 311
144 265 149 265
153 139 158 139
176 177 177 179
10 250 11 252
101 84 102 85
184 155 184 160
35 15 36 17
192 383 197 383
129 47 130 49
120 349 121 351
141 260 142 261
222 365 224 366
45 235 45 239
9 451 14 451
215 195 216 197
0 66 0 71
50 32 50 37
173 302 178 302
194 159 199 159
203 92 204 94
65 97 69 97
225 283 226 285
216 301 221 301
187 328 188 330
109 214 114 214
259 298 260 300
55 23 60 23
123 371 124 373
10 99 14 99
150 100 155 100
68 396 73 396
138 358 140 359
49 373 50 375
204 344 209 344
258 154 263 154
15 360 15 365
229 183 230 185
183 411 184 413
37 22 42 22
208 314 209 316
107 128 109 129
190 77 191 79
189 86 191 87
35 128 40 128
43 32 45 33
209 353 209 358
100 283 105 283
71 258 73 259
260 385 265 385
273 214 274 215
24 65 26 66
121 284 122 286
149 199 154 199
92 45 97 45
116 321 120 321
84 348 89 348
52 67 53 69
157 100 157 105
12 218 13 220
3 218 8 218
167 289 172 289
147 209 148 211
143 54 143 59
30 356 35 356
117 403 122 403
122 93 122 98
42 14 43 16
273 114 273 119
70 113 70 117
39 359 40 361
52 403 53 405
48 94 50 95
72 381 74 382
79 270 84 270
145 272 146 274
155 410 156 412
223 53 228 53
44 253 46 254
8 100 13 100
163 44 165 45
39 389 40 391
20 198 20 203
21 6 26 6
25 257 26 259
251 101 256 101
85 402 87 403
271 400 272 402
223 349 228 349
150 188 151 190
54 67 55 69
234 231 235 233
53 91 55 92
11 120 16 120
110 274 111 276
159 447 164 447
191 14 192 16
151 104 153 105
89 217 94 217
104 3 106 4
181 205 181 210
252 368 257 368
173 12 178 12
70 255 71 256
158 261 159 263
128 257 133 257
135 30 136 32
20 408 22 409
73 270 78 270
24 181 25 183
210 179 212 180
102 206 104 207
22 195 22 200
255 185 256 187
214 414 219 414
45 51 50 51
261 254 262 256
25 435 27 436
11 240 11 245
264 394 265 396
38 423 43 423
87 57 91 57
108 156 110 157
186 426 186 431
109 144 110 146
4 170 5 172
134 345 139 345
255 112 255 117
141 368 146 368
49 196 49 201
124 12 125 14
211 359 213 360
168 361 173 361
19 10 24 10
179 272 179 277
214 256 219 256
229 76 230 78
209 70 214 70
152 77 157 77
69 347 74 347
173 377 174 379
34 158 35 160
159 226 160 228
49 50 54 50
51 273 51 278
180 96 181 98
169 135 171 136
25 10 30 10
149 213 150 215
164 266 165 268
167 98 167 103
101 450 102 452
131 290 133 291
211 190 211 195
40 210 41 212
67 312 68 314
73 48 74 50
29 149 31 150
161 221 163 222
63 181 68 181
267 403 269 404
142 51 144 52
75 414 75 419
108 3 108 8
175 34 177 35
138 201 140 202
272 175 273 177
140 107 141 109
162 223 163 225
196 360 196 365
184 431 184 436
176 290 181 290
127 41 132 41
217 111 218 113
41 185 43 186
114 353 114 358
13 41 15 42
231 51 232 53
142 266 144 267
186 193 187 195
244 26 249 26
209 384 209 389
210 274 210 279
222 299 227 299
269 445 270 447
242 353 243 355
114 48 119 48
268 283 273 283
127 124 127 127
26 60 28 61
15 74 16 76
164 305 169 305
68 362 73 362
89 141 91 142
18 391 20 392
142 212 144 213
48 93 53 93
176 46 176 51
229 11 230 12
47 135 48 137
112 152 117 152
223 264 223 269
269 57 271 58
139 221 144 221
110 263 111 265
224 282 229 282
124 213 124 218
0 54 0 59
153 156 153 161
19 11 24 11
10 152 12 153
201 234 203 235
56 336 58 337
195 129 196 131
47 198 48 200
128 226 130 227
76 315 81 315
43 238 43 243
81 181 86 181
210 190 210 195
96 206 98 207
97 322 102 322
227 430 231 430
98 309 99 311
194 420 199 420
189 269 189 273
273 171 274 173
18 275 19 277
232 58 233 60
45 259 46 261
172 82 177 82
31 436 36 436
112 291 113 293
214 144 215 146
108 344 109 346
80 48 82 49
28 22 30 23
183 355 183 360
261 431 263 432
225 345 227 346
253 112 253 117
132 153 132 157
93 227 98 227
225 130 230 130
236 245 237 247
127 30 128 32
205 211 205 216
272 284 273 285
146 114 147 116
234 219 235 221
165 180 165 185
64 285 65 287
78 66 79 68
256 376 257 378
69 133 74 133
32 138 32 143
52 197 56 197
41 405 41 409
69 37 71 38
207 6 207 11
255 330 255 335
244 19 245 21
126 256 131 256
141 201 146 201
52 35 55 35
36 8 36 13
158 414 163 414
142 174 143 176
128 101 133 101
190 171 195 171
233 450 238 450
170 379 172 380
7 136 7 141
21 187 26 187
98 0 103 0
192 232 192 237
121 116 122 118
210 404 212 405
256 154 257 155
66 269 71 269
91 411 92 413
18 26 18 31
173 112 174 114
245 352 250 352
63 441 68 441
75 288 80 288
106 398 107 400
49 8 51 9
227 280 232 280
111 407 115 407
43 405 43 410
232 124 234 125
258 292 258 297
241 195 246 195
254 55 259 55
147 8 149 9
92 48 94 49
140 81 141 83
8 249 13 249
4 247 5 249
248 296 253 296
121 446 126 446
238 268 243 268
251 159 256 159
164 277 169 277
142 185 144 186
202 340 203 342
11 448 12 450
119 445 124 445
219 247 224 247
175 112 180 112
36 54 37 56
217 294 218 296
208 438 210 439
232 71 237 71
250 112 252 113
144 436 145 438
125 52 130 52
77 186 82 186
99 82 101 83
264 57 268 57
17 65 17 70
44 417 46 418
270 101 274 101
124 84 125 85
231 340 233 341
187 394 189 395
251 329 251 334
69 69 69 74
98 55 100 56
55 414 60 414
191 344 193 345
69 312 70 314
245 336 247 337
139 428 141 429
3 65 3 70
51 282 52 284
206 390 208 391
183 416 188 416
134 290 136 291
267 351 271 351
107 394 109 395
72 301 77 301
69 95 74 95
134 160 136 161
12 310 12 315
28 326 28 331
47 114 52 114
193 117 195 118
9 372 10 374
170 193 173 193
41 359 42 361
254 197 255 199
90 80 90 85
97 405 99 406
2 259 2 264
65 290 67 291
84 301 89 301
250 190 255 190
8 22 10 23
205 33 206 35
241 97 245 97
143 252 144 254
134 422 135 424
127 223 127 228
132 256 136 256
96 326 99 326
174 69 179 69
240 368 245 368
117 442 122 442
112 130 112 135
189 278 191 279
214 214 214 219
260 433 262 434
115 278 116 280
227 162 229 163
95 149 97 150
101 86 106 86
269 217 270 218
67 281 68 283
94 312 99 312
25 355 27 356
165 353 170 353
246 251 247 253
166 165 171 165
220 198 225 198
197 108 198 110
215 18 216 20
51 449 56 449
226 230 227 232
208 265 208 270
4 152 6 153
104 432 109 432
31 350 32 352
147 196 149 197
256 440 257 442
144 343 146 344
169 427 174 427
42 171 43 173
61 262 62 264
232 158 237 158
167 318 172 318
270 158 274 158
63 392 63 397
127 353 129 354
177 307 179 308
51 194 51 199
117 128 117 133
125 115 126 117
133 251 138 251
249 93 253 93
105 425 110 425
242 58 242 61
14 265 19 265
48 91 49 92
225 278 230 278
202 80 202 85
50 241 51 243
188 12 188 17
169 98 169 102
59 438 60 440
4 155 5 157
100 84 100 87
102 438 103 440
183 278 185 279
162 350 164 351
207 191 208 193
202 38 206 38
229 394 231 395
65 218 70 218
124 202 129 202
180 34 181 36
119 50 119 55
71 79 71 84
98 57 100 58
218 346 220 347
36 392 37 394
214 376 219 376
192 196 192 201
136 259 141 259
99 157 100 159
164 12 166 13
50 227 51 229
51 450 56 450
221 27 226 27
126 148 128 149
262 34 264 35
115 304 117 305
20 402 20 407
63 61 64 63
174 39 178 39
236 353 237 355
155 359 160 359
158 315 163 315
54 317 56 318
18 400 19 402
209 452 214 452
139 33 144 33
18 183 19 185
94 397 96 398
249 383 249 388
53 144 55 145
154 223 155 225
1 8 2 10
4 262 4 267
158 138 163 138
49 357 49 362
149 342 150 344
256 225 261 225
126 213 126 218
39 125 44 125
226 334 227 336
50 10 51 12
230 153 235 153
5 231 7 232
28 49 33 49
231 76 231 81
129 292 131 293
227 206 227 211
233 69 235 70
152 362 157 362
242 24 244 25
83 48 85 49
48 85 48 90
125 15 126 17
156 391 158 392
219 219 219 224
45 39 50 39
269 371 274 371
121 147 121 152
239 94 244 94
195 405 200 405
40 104 42 105
220 293 225 293
215 367 216 369
183 75 185 76
47 52 49 53
185 306 185 311
150 20 152 21
198 66 198 71
53 411 54 413
90 2 91 4
252 343 257 343
184 34 185 36
87 113 89 114
264 450 268 450
47 117 49 118
69 100 74 100
7 210 12 210
57 114 59 115
176 249 177 251
120 312 125 312
177 204 178 206
225 179 226 181
118 343 119 345
152 388 154 389
19 96 24 96
266 301 267 303
33 235 38 235
126 298 128 299
132 379 137 379
173 266 174 268
202 39 203 41
29 284 30 286
206 114 211 114
248 297 253 297
59 351 64 351
164 0 165 2
116 180 118 181
37 50 42 50
270 144 270 149
112 69 112 74
220 166 225 166
103 1 105 2
171 435 173 436
244 121 244 126
41 72 42 74
191 424 192 426
40 392 45 392
124 219 126 220
68 157 69 159
73 294 74 296
178 153 180 154
223 239 225 240
169 0 169 5
8 333 13 333
13 315 18 315
84 86 84 91
269 110 274 110
107 257 108 258
240 375 245 375
111 425 113 426
211 140 216 140
18 22 23 22
23 101 24 102
273 0 274 2
200 347 205 347
110 388 112 389
109 148 114 148
210 297 212 298
139 266 141 267
68 223 69 225
253 444 254 446
172 127 174 128
136 210 141 210
220 110 225 110
221 386 223 387
78 50 80 51
128 204 133 204
217 93 222 93
94 144 96 145
87 271 89 272
128 238 128 242
219 118 220 120
136 353 138 354
53 6 55 7
95 52 100 52
4 301 4 306
188 348 193 348
220 219 220 224
186 198 186 203
1 0 6 0
266 401 270 401
32 411 37 411
195 305 200 305
72 439 73 441
236 227 241 227
43 47 44 49
15 81 16 83
157 119 157 124
44 313 44 318
100 145 105 145
171 432 172 434
225 12 226 14
10 335 10 340
100 317 101 318
27 177 32 177
176 108 181 108
103 172 105 173
193 39 193 44
67 321 68 323
210 412 215 412
2 301 2 306
151 93 153 94
175 154 175 159
183 267 185 268
156 337 158 338
270 205 274 205
117 124 120 124
263 95 264 97
1 330 1 335
265 78 265 83
166 291 171 291
132 450 137 450
252 434 253 436
215 443 217 444
18 294 19 296
158 362 163 362
88 64 93 64
85 56 90 56
230 427 235 427
164 372 169 372
135 94 135 99
26 12 28 13
271 374 271 379
69 10 70 12
40 107 41 108
220 328 220 333
6 422 11 422
256 89 261 89
100 309 105 309
111 321 115 321
155 229 157 230
150 400 155 400
111 173 116 173
180 55 181 57
43 321 44 323
109 431 114 431
117 323 122 323
71 0 71 5
101 240 103 241
189 317 194 317
3 301 3 306
182 318 187 318
162 125 167 125
89 260 91 261
214 156 216 157
138 300 138 305
123 116 124 118
233 407 234 409
189 121 194 121
258 355 263 355
249 374 254 374
41 402 46 402
184 415 189 415
231 294 232 296
50 446 55 446
268 51 273 51
220 348 222 349
50 91 52 92
268 227 270 228
59 432 64 432
184 188 185 190
264 440 265 442
60 304 62 305
190 324 195 324
37 307 38 309
229 196 234 196
25 297 30 297
66 250 71 250
20 381 20 386
249 207 249 212
142 2 143 4
162 345 167 345
72 341 72 346
110 394 115 394
224 47 226 48
84 339 89 339
174 80 179 80
106 348 107 350
193 328 193 333
219 335 220 337
161 296 166 296
231 151 236 151
182 138 182 143
71 108 76 108
24 273 24 278
3 389 3 394
243 260 243 265
169 153 171 154
254 427 255 429
267 212 268 214
259 373 259 378
37 255 39 256
75 231 75 236
227 261 228 263
84 290 89 290
110 237 111 239
81 432 86 432
119 186 120 188
60 422 61 424
177 141 179 142
193 325 198 325
209 249 211 250
10 438 11 440
57 1 62 1
36 449 38 450
31 284 33 285
216 269 216 273
237 358 242 358
252 256 254 257
90 326 95 326
56 67 57 69
198 2 199 4
123 6 128 6
153 75 157 75
178 291 183 291
170 192 175 192
221 72 223 73
114 49 119 49
49 182 54 182
105 126 106 128
229 42 231 43
235 367 240 367
2 90 2 95
124 300 124 304
130 162 132 163
129 154 131 155
94 333 99 333
189 17 189 22
216 323 216 328
54 184 55 186
84 393 85 395
154 417 159 417
203 377 203 382
19 340 20 342
238 321 239 323
247 101 248 102
130 119 131 121
136 417 141 417
29 164 34 164
61 345 66 345
26 332 28 333
63 330 68 330
188 424 188 429
153 314 154 315
176 14 177 16
141 119 146 119
246 383 247 385
32 113 37 113
84 126 89 126
231 21 236 21
95 208 97 209
203 328 204 330
145 64 150 64
20 83 25 83
131 160 133 161
84 311 88 311
244 382 245 384
178 133 179 135
81 171 82 173
254 44 254 49
87 268 89 269
115 174 118 174
207 433 212 433
211 353 211 358
153 269 153 274
21 101 22 103
156 299 161 299
258 96 260 97
239 163 244 163
273 365 274 367
3 239 3 244
154 244 155 246
234 226 239 226
93 70 95 71
257 101 262 101
185 71 186 73
157 152 158 154
144 87 145 89
115 285 116 287
217 367 222 367
257 452 261 452
63 154 68 154
176 360 176 365
154 265 159 265
236 33 236 38
4 204 4 209
96 146 98 147
207 337 207 342
273 133 273 138
4 149 5 151
268 53 269 55
213 158 218 158
212 12 212 15
42 411 45 411
182 375 184 376
176 107 181 107
152 244 153 246
251 430 252 432
168 159 170 160
231 11 233 12
199 148 200 150
272 335 274 336
166 259 168 260
170 297 175 297
156 166 157 168
179 211 184 211
72 110 74 111
182 294 187 294
265 216 270 216
201 319 201 324
207 76 212 76
52 0 53 2
211 317 213 318
7 436 8 438
156 152 156 157
34 49 39 49
103 326 105 327
136 36 141 36
140 280 145 280
3 254 5 255
96 23 101 23
195 132 197 133
165 336 166 338
94 389 96 390
0 336 0 341
267 270 267 275
177 386 177 389
1 104 3 105
151 22 156 22
92 60 92 63
194 307 196 308
93 321 98 321
123 353 124 355
14 0 14 5
255 358 258 358
232 46 237 46
222 267 222 270
223 11 228 11
60 325 65 325
236 99 238 100
153 50 154 52
183 349 184 351
212 443 214 444
257 42 257 47
246 439 246 444
158 236 160 237
11 335 11 340
201 76 206 76
247 185 248 187
229 297 231 298
85 309 90 309
218 259 219 260
225 354 230 354
34 258 39 258
171 293 176 293
51 357 51 362
209 97 214 97
217 329 217 334
14 254 14 259
11 442 16 442
268 140 273 140
77 66 77 71
225 416 226 418
139 64 144 64
164 201 166 202
189 196 190 198
141 422 146 422
52 150 54 151
250 51 252 52
68 134 70 135
177 292 182 292
9 37 10 39
117 39 122 39
5 32 5 37
66 267 70 267
141 359 146 359
232 222 237 222
217 203 218 205
114 443 115 445
202 451 207 451
193 179 195 180
244 353 246 354
196 234 197 236
117 362 122 362
240 402 245 402
270 171 272 172
231 345 233 346
182 44 187 44
220 241 224 241
220 248 220 253
115 388 116 390
69 212 70 214
162 48 166 48
113 307 115 308
185 441 186 443
155 438 160 438
138 152 142 152
77 15 79 16
110 324 112 325
140 26 142 27
196 271 201 271
167 309 172 309
187 172 192 172
241 126 242 128
51 63 52 65
216 447 218 448
62 368 67 368
12 412 14 413
16 207 20 207
244 392 249 392
81 24 83 25
133 165 138 165
66 212 68 213
171 398 176 398
175 226 176 228
93 200 95 201
217 118 218 120
129 416 130 418
9 0 9 5
63 45 64 47
45 192 46 194
39 426 40 428
63 87 68 87
247 409 249 410
197 371 197 376
157 332 162 332
47 115 49 116
88 156 93 156
192 111 194 112
27 137 27 142
47 246 48 248
249 122 249 127
23 80 28 80
176 379 181 379
17 95 22 95
164 119 165 121
137 310 139 311
16 142 16 147
75 181 80 181
0 90 1 92
207 118 208 120
21 381 21 386
69 389 71 390
63 340 68 340
59 301 59 305
86 134 86 139
154 19 158 19
11 393 16 393
243 400 248 400
212 260 217 260
90 303 90 308
163 295 166 295
181 116 182 118
215 154 217 155
272 391 273 393
35 374 36 376
118 314 120 315
163 243 164 245
257 87 262 87
42 52 43 54
179 204 179 209
217 122 222 122
256 181 261 181
143 268 144 270
59 16 60 18
111 267 116 267
266 352 267 354
253 416 258 416
49 414 54 414
190 250 195 250
4 58 4 62
116 5 121 5
263 321 263 326
12 286 12 291
163 367 163 372
6 439 6 444
155 294 160 294
1 275 1 279
73 312 74 314
252 254 254 255
60 392 61 394
98 149 103 149
133 412 136 412
128 307 129 309
24 30 25 32
152 394 154 395
97 190 102 190
15 329 16 331
7 449 8 451
160 403 160 408
0 84 0 89
215 383 216 385
99 61 101 62
189 249 194 249
196 171 201 171
24 263 25 265
264 355 269 355
207 34 208 36
128 388 129 390
234 93 239 93
216 340 218 341
160 165 162 166
84 134 84 139
190 284 192 285
216 351 221 351
82 57 86 57
244 435 244 439
52 338 53 340
179 46 179 51
164 77 164 82
11 267 16 267
221 300 226 300
259 333 259 338
17 369 22 369
90 68 91 70
177 109 182 109
154 29 154 34
115 237 120 237
254 87 255 89
243 236 245 237
236 10 241 10
267 389 272 389
43 29 48 29
40 15 40 20
170 162 171 164
128 223 129 225
91 55 93 56
222 226 223 228
217 271 218 273
201 0 203 1
93 250 95 251
40 24 45 24
125 106 130 106
195 296 200 296
134 204 135 206
153 173 158 173
195 294 197 295
118 125 123 125
172 70 177 70
224 80 224 85
262 358 267 358
54 196 58 196
63 290 64 292
68 279 73 279
268 4 270 5
19 426 24 426
73 0 73 5
245 302 245 305
85 144 87 145
190 246 195 246
128 310 130 311
3 116 5 117
213 309 218 309
226 56 228 57
203 254 208 254
49 121 49 126
213 383 214 385
266 8 268 9
271 144 271 149
44 404 44 409
100 186 105 186
151 314 152 316
176 431 178 432
255 84 256 86
140 61 141 63
121 133 121 138
54 339 56 340
236 225 241 225
180 140 180 145
197 351 202 351
61 398 61 403
71 451 76 451
271 288 273 289
13 221 18 221
67 258 68 260
198 306 203 306
147 37 152 37
215 182 217 183
212 264 212 269
82 288 83 290
159 139 164 139
30 408 31 410
232 155 233 157
17 329 18 331
226 187 226 192
35 236 37 237
39 159 41 160
127 337 129 338
136 380 141 380
34 22 36 23
101 244 106 244
66 98 66 103
111 241 116 241
244 253 244 258
199 348 200 350
20 90 22 91
42 257 47 257
246 81 248 82
126 382 131 382
167 352 172 352
191 328 191 333
128 164 133 164
137 343 139 344
215 323 215 328
263 192 268 192
266 90 271 90
75 98 80 98
206 406 207 408
106 255 107 256
38 244 39 246
247 112 249 113
8 335 9 337
145 346 150 346
224 226 225 228
190 0 190 5
90 268 95 268
217 438 219 439
193 164 194 166
258 226 259 228
154 361 159 361
19 1 19 6
91 252 96 252
92 226 97 226
218 252 219 253
155 99 160 99
40 224 43 224
231 135 236 135
268 137 269 139
79 177 84 177
66 17 71 17
107 83 112 83
51 181 56 181
119 429 124 429
148 93 150 94
26 200 27 202
234 44 238 44
96 78 96 83
120 281 122 282
69 302 74 302
39 277 44 277
195 196 200 196
209 49 214 49
260 211 261 213
72 0 72 5
267 83 272 83
48 422 52 422
198 371 198 376
189 258 189 263
166 44 168 45
56 167 56 172
15 227 16 229
239 248 241 249
46 413 48 414
99 219 101 220
102 154 104 155
127 39 132 39
181 216 186 216
144 277 146 278
93 378 94 380
175 104 177 105
39 419 44 419
136 218 137 219
200 77 201 79
105 12 105 16
130 91 132 92
188 58 189 60
210 280 211 282
25 93 30 93
82 51 87 51
71 227 72 229
117 393 121 393
39 260 40 262
23 18 24 20
92 46 97 46
159 154 164 154
25 20 30 20
121 64 122 66
63 197 64 199
137 364 138 366
198 221 199 223
4 398 4 403
263 33 268 33
183 311 183 316
213 431 214 433
36 287 41 287
159 342 160 344
70 397 75 397
270 203 274 203
84 282 89 282
228 223 233 223
194 203 194 208
69 264 70 266
49 380 49 385
128 295 133 295
252 56 256 56
252 141 253 143
31 89 36 89
214 253 215 255
50 200 52 201
166 153 168 154
136 262 141 262
128 243 133 243
97 140 99 141
142 128 142 133
264 225 266 226
236 152 238 153
138 125 139 127
63 239 68 239
244 325 244 330
64 96 69 96
136 162 138 163
76 353 76 358
31 180 36 180
26 248 26 253
207 259 212 259
96 105 101 105
270 102 274 102
234 42 236 43
260 131 262 132
12 335 12 340
167 209 172 209
262 94 267 94
273 212 274 213
170 372 175 372
217 19 219 20
68 168 68 173
247 353 249 354
50 326 55 326
225 187 225 192
154 300 156 301
144 166 146 167
91 258 93 259
159 392 164 392
239 435 240 437
103 228 105 229
29 192 31 193
165 432 167 433
21 437 26 437
244 177 245 179
29 197 30 199
11 134 12 136
250 409 252 410
12 304 12 309
88 233 88 238
109 204 110 206
271 216 272 217
143 391 144 393
47 185 49 186
136 176 141 176
251 204 256 204
14 226 19 226
140 170 145 170
233 75 235 76
173 104 174 106
162 312 163 314
24 380 24 385
263 419 263 424
119 347 121 348
133 58 138 58
168 269 170 270
28 298 28 303
250 276 252 277
14 400 15 402
128 296 133 296
122 356 123 358
119 197 119 202
67 57 72 57
202 155 202 158
90 269 95 269
219 286 224 286
47 101 49 102
255 106 256 108
156 339 161 339
99 341 99 346
109 74 111 75
55 156 60 156
273 187 274 189
84 271 86 272
89 253 94 253
134 274 135 276
203 398 204 399
201 437 206 437
248 207 248 212
45 40 47 41
70 341 71 343
208 78 209 80
229 383 230 385
153 450 154 452
155 425 156 427
145 321 150 321
273 216 274 217
251 66 255 66
138 70 143 70
9 46 9 51
62 443 63 445
229 186 230 188
76 63 76 68
117 361 121 361
156 26 156 31
16 446 21 446
57 184 57 189
193 394 194 396
208 200 213 200
180 137 181 139
69 75 69 80
240 55 241 57
212 276 212 281
32 70 37 70
162 198 167 198
106 327 111 327
188 231 193 231
19 428 24 428
37 171 39 172
0 240 0 245
187 325 192 325
66 180 71 180
36 203 37 205
180 148 185 148
114 18 114 23
250 16 255 16
157 360 162 360
212 144 213 146
225 162 226 163
161 307 166 307
183 70 184 72
223 283 224 285
71 267 76 267
168 39 173 39
76 405 81 405
196 0 196 5
45 30 47 31
95 184 100 184
100 236 105 236
160 0 161 2
156 94 158 95
193 8 193 13
191 283 195 283
61 431 64 431
97 339 97 344
175 243 177 244
102 12 104 13
199 145 200 147
93 183 96 183
194 387 195 389
148 347 150 348
211 136 216 136
212 330 212 335
257 0 262 0
227 106 232 106
267 80 268 82
34 210 35 212
10 213 11 215
47 371 47 376
12 123 13 125
56 212 56 217
110 63 115 63
88 297 89 299
93 299 95 300
204 77 206 78
173 254 175 255
266 116 271 116
52 305 54 306
136 73 141 73
167 199 168 201
154 408 154 413
127 15 128 17
250 380 255 380
100 156 105 156
162 36 163 38
184 41 185 43
221 94 226 94
133 297 138 297
127 128 128 130
128 340 130 341
159 26 160 28
101 164 103 165
250 14 252 15
176 77 181 77
141 286 142 288
213 247 218 247
136 62 137 64
51 394 51 399
188 66 193 66
96 182 101 182
153 207 158 207
197 399 202 399
226 220 227 221
223 304 228 304
11 253 12 255
70 124 72 125
167 43 172 43
258 201 258 206
210 227 210 232
96 303 101 303
177 430 182 430
115 244 116 246
22 85 23 87
7 209 12 209
172 0 172 5
221 396 226 396
15 366 20 366
97 389 99 390
188 140 189 142
200 189 205 189
264 263 266 264
8 446 9 447
246 411 248 412
76 238 76 243
215 329 215 334
200 390 202 391
98 416 103 416
232 6 234 7
103 245 108 245
131 30 132 32
124 38 127 38
270 265 272 266
245 413 247 414
257 172 259 173
91 31 96 31
143 250 148 250
32 408 33 410
227 399 229 400
222 342 226 342
270 333 270 338
271 206 274 206
189 23 194 23
75 238 75 243
37 276 42 276
150 299 155 299
252 149 253 151
87 5 89 6
154 201 159 201
262 357 267 357
259 19 262 19
60 301 62 302
73 188 78 188
120 185 125 185
204 30 205 32
257 99 262 99
16 286 16 291
274 280 274 285
17 252 17 257
160 79 162 80
70 106 75 106
152 35 157 35
239 183 240 185
144 63 149 63
79 165 79 170
268 390 273 390
2 407 2 412
201 405 206 405
40 57 45 57
270 100 274 100
80 27 80 32
129 421 130 423
36 337 38 338
31 87 32 88
2 129 2 134
113 150 115 151
65 45 66 47
28 141 29 143
150 374 150 379
208 57 210 58
262 137 267 137
171 264 172 266
195 208 200 208
157 29 159 30
120 242 125 242
244 164 249 164
226 19 228 20
63 439 65 440
63 16 65 17
0 378 0 383
214 330 214 334
249 174 251 175
137 184 138 186
181 164 182 166
113 319 115 320
252 245 257 245
271 218 273 219
262 227 264 228
75 305 77 306
39 405 39 410
267 65 272 65
80 164 80 169
26 442 28 443
252 1 254 2
240 178 241 180
22 357 22 362
163 436 164 437
124 228 125 229
20 308 20 313
197 152 197 157
132 132 132 137
117 280 122 280
192 281 194 282
206 71 207 73
124 441 126 442
264 327 266 328
142 388 143 390
37 29 42 29
38 417 40 418
66 157 67 159
213 345 218 345
197 202 197 207
110 240 115 240
19 367 21 368
20 183 21 185
225 45 227 46
84 268 86 269
95 267 100 267
190 140 191 142
34 60 39 60
157 342 158 344
123 110 128 110
265 321 265 326
44 381 44 386
266 208 271 208
153 309 158 309
128 150 128 155
173 375 178 375
160 348 165 348
32 117 34 118
94 235 96 236
227 131 232 131
61 300 66 300
58 64 60 65
20 180 21 182
249 178 251 179
12 440 17 440
225 21 227 22
70 232 71 234
225 164 230 164
73 254 74 256
20 258 21 260
250 321 252 322
1 112 1 116
184 16 184 21
254 419 259 419
51 46 53 47
213 13 214 15
129 384 129 387
179 82 179 87
177 46 178 48
46 204 47 206
152 419 157 419
33 451 38 451
186 188 187 190
78 352 80 353
208 81 209 83
20 387 21 389
174 257 175 259
26 339 29 339
190 83 191 85
192 392 197 392
99 227 104 227
80 436 85 436
108 12 109 14
120 444 125 444
58 87 59 89
257 73 259 74
68 196 69 198
90 271 90 276
251 49 253 50
264 197 265 199
138 369 143 369
67 315 69 316
163 203 165 204
264 375 266 376
127 271 128 273
212 230 217 230
11 43 11 48
77 135 77 140
10 423 12 424
252 390 253 392
8 146 8 151
28 146 29 148
270 298 270 303
115 276 120 276
223 235 228 235
141 335 146 335
119 106 124 106
155 452 160 452
5 395 5 400
255 229 256 231
35 440 40 440
195 394 196 396
94 41 95 43
59 24 64 24
7 142 8 144
118 38 123 38
170 189 174 189
221 271 222 273
214 349 219 349
43 203 43 208
73 237 78 237
233 15 238 15
135 352 140 352
62 369 66 369
136 447 137 449
7 334 12 334
36 271 41 271
177 193 178 195
3 245 3 250
166 177 168 178
153 90 155 91
183 401 188 401
41 58 46 58
129 402 131 403
59 415 61 416
194 109 196 110
128 69 128 74
84 179 86 180
191 244 196 244
149 124 154 124
103 366 103 371
39 273 41 274
204 406 205 408
239 114 244 114
105 110 110 110
187 166 192 166
131 118 136 118
15 254 15 259
10 123 11 125
25 18 27 19
264 230 269 230
195 76 200 76
89 318 89 323
124 94 125 96
252 247 254 248
127 313 132 313
267 291 272 291
254 90 255 92
219 305 224 305
93 425 94 427
97 31 98 33
184 246 189 246
197 377 201 377
33 321 33 326
56 206 56 211
105 257 106 259
137 412 142 412
160 21 162 22
29 326 29 331
213 436 215 437
2 275 4 276
253 87 253 92
244 181 249 181
177 360 177 365
85 281 90 281
223 3 227 3
185 300 185 305
29 289 34 289
202 297 203 299
237 149 242 149
58 39 59 41
208 109 213 109
157 410 158 412
246 355 247 357
119 184 124 184
221 335 222 337
110 163 110 168
71 147 74 147
220 239 222 240
188 241 193 241
62 134 64 135
37 59 42 59
71 116 72 117
87 255 88 257
74 0 74 5
70 247 71 249
43 180 45 181
36 377 37 379
167 6 168 8
92 2 92 7
269 99 274 99
41 383 42 385
178 113 180 114
91 400 96 400
139 296 140 298
174 151 175 153
124 107 129 107
233 410 234 411
231 260 231 265
260 439 265 439
51 45 56 45
61 194 66 194
90 76 95 76
254 415 259 415
0 408 0 413
47 166 47 171
255 77 256 79
137 59 138 60
170 0 170 5
227 186 227 190
160 265 160 270
123 425 125 426
40 39 42 40
92 324 94 325
158 395 163 395
93 255 94 257
105 328 106 329
165 18 170 18
233 183 235 184
89 300 92 300
18 62 18 67
6 395 8 396
238 90 240 91
46 14 47 16
124 401 124 405
155 253 160 253
216 329 216 334
45 46 46 48
263 8 265 9
262 419 262 424
227 390 232 390
67 193 68 194
149 334 151 335
262 321 262 326
214 200 218 200
37 283 39 284
141 364 142 366
192 300 192 303
23 360 24 362
226 88 226 93
19 335 20 337
31 174 32 176
121 196 123 197
245 105 247 106
5 429 10 429
270 330 272 331
195 64 200 64
134 355 138 355
80 220 85 220
27 195 29 196
96 191 97 192
72 449 74 450
228 301 233 301
233 300 238 300
174 62 179 62
158 402 163 402
25 398 25 403
231 40 236 40
258 301 259 303
217 394 219 395
149 302 151 303
129 94 131 95
2 222 2 227
155 129 156 131
227 155 228 157
106 12 107 14
201 369 201 373
208 384 208 389
188 173 188 178
213 372 213 377
143 404 144 406
74 132 79 132
264 271 266 272
230 272 235 272
137 367 142 367
71 16 76 16
10 278 11 280
32 438 34 439
95 240 100 240
180 91 181 93
216 382 221 382
15 59 16 61
252 188 257 188
198 446 202 446
167 126 167 131
217 0 218 2
83 60 83 65
201 330 202 332
267 344 267 349
154 119 156 120
169 171 170 173
217 181 222 181
250 208 250 213
236 75 237 77
2 250 2 255
152 302 157 302
234 119 238 119
195 77 197 78
45 230 46 232
148 366 150 367
175 177 175 182
57 146 59 147
217 74 219 75
152 380 153 382
20 396 20 401
125 184 130 184
217 323 217 328
148 300 153 300
123 21 124 23
135 273 140 273
31 84 36 84
208 398 210 399
53 383 53 388
235 273 237 274
3 326 3 331
270 55 274 55
70 118 72 119
191 3 192 5
158 14 159 16
178 357 180 358
21 396 21 401
197 186 202 186
176 123 177 125
55 431 60 431
124 123 127 123
118 32 118 37
32 192 33 194
89 433 91 434
139 433 140 435
245 438 250 438
20 222 21 224
159 401 164 401
118 427 123 427
5 430 5 435
47 230 49 231
235 77 235 82
209 420 210 421
9 379 11 380
132 173 134 174
171 46 172 48
34 383 36 384
229 19 231 20
42 146 43 148
75 99 76 100
89 201 90 203
157 159 158 161
102 432 102 437
129 102 130 103
230 37 233 37
79 194 80 196
191 163 196 163
40 283 41 285
117 233 118 235
43 218 44 220
175 188 177 189
158 121 159 123
145 68 150 68
259 267 260 268
105 241 110 241
105 383 106 385
71 9 72 11
201 184 203 185
143 6 144 8
193 378 195 379
248 427 248 431
96 378 97 380
2 256 3 258
111 57 116 57
107 54 108 56
108 154 109 155
141 273 144 273
146 41 147 43
89 388 94 388
201 30 201 35
179 29 184 29
102 394 102 399
222 439 222 444
158 276 159 278
270 98 274 98
242 120 242 125
236 228 241 228
268 284 269 286
61 330 62 332
109 109 114 109
81 22 83 23
101 52 101 57
55 259 56 261
23 355 24 356
257 333 258 335
41 218 42 220
55 90 60 90
193 397 195 398
223 91 224 93
102 151 103 153
202 246 207 246
115 355 120 355
261 197 261 202
246 314 251 314
190 390 191 392
199 244 204 244
37 67 39 68
2 366 3 368
163 411 164 413
132 1 134 2
198 284 200 285
60 22 65 22
173 156 174 158
136 186 136 191
66 301 71 301
237 165 239 166
186 124 188 125
122 127 122 132
211 434 213 435
218 430 223 430
29 357 34 357
47 245 51 245
223 213 224 215
139 373 140 375
248 362 250 363
214 372 219 372
234 77 234 82
141 263 142 265
5 92 6 94
102 47 104 48
131 445 136 445
251 273 252 275
169 46 169 51
114 347 114 352
35 152 37 153
183 431 183 436
256 161 257 163
58 168 60 169
166 161 171 161
73 266 78 266
50 279 52 280
149 200 154 200
259 27 264 27
167 336 169 337
240 65 245 65
9 276 11 277
94 386 96 387
179 312 181 313
159 272 160 274
194 393 199 393
85 266 90 266
2 192 4 193
124 62 129 62
270 340 271 342
162 287 167 287
50 121 51 123
133 444 138 444
16 423 16 428
188 2 188 7
134 147 134 152
6 38 7 40
199 105 200 107
110 319 112 320
109 174 114 174
217 338 222 338
192 258 194 259
75 384 80 384
268 203 269 205
266 344 266 349
111 421 113 422
259 60 264 60
52 232 54 233
138 48 143 48
4 428 9 428
271 91 274 91
47 18 52 18
198 331 200 332
3 86 4 88
238 335 243 335
214 261 214 266
79 134 79 139
192 245 197 245
127 96 129 97
269 333 269 338
215 163 220 163
169 385 170 387
174 177 174 182
202 49 203 51
94 202 94 207
77 353 77 358
94 107 99 107
46 54 51 54
261 118 266 118
239 103 244 103
241 181 242 183
260 415 265 415
176 0 176 5
10 14 10 19
126 206 127 208
170 294 175 294
70 251 71 253
93 104 98 104
129 259 134 259
221 275 222 277
1 32 1 37
36 47 41 47
174 390 175 392
141 423 146 423
255 95 260 95
189 8 189 13
126 378 128 379
218 230 219 232
138 143 143 143
260 330 260 335
70 189 75 189
89 116 91 117
57 222 58 224
47 283 48 285
150 182 152 183
270 433 270 438
134 164 139 164
92 414 93 416
97 151 101 151
217 67 221 67
235 14 240 14
188 225 190 226
130 258 135 258
256 80 261 80
120 448 125 448
212 358 217 358
209 310 214 310
140 279 145 279
1 280 1 285
141 97 142 99
30 194 31 196
252 398 257 398
129 69 131 70
76 428 81 428
187 157 192 157
169 183 171 184
189 247 194 247
147 322 152 322
165 65 170 65
9 31 9 36
55 335 60 335
39 247 44 247
124 124 126 125
81 196 86 196
262 139 262 144
167 264 169 265
60 136 65 136
68 391 70 392
28 119 33 119
237 157 242 157
214 451 219 451
3 395 4 397
223 356 225 357
125 290 127 291
245 248 245 253
259 229 260 231
242 177 243 179
1 407 1 412
141 6 142 8
165 92 166 93
161 272 162 274
17 148 17 153
157 193 159 194
234 389 236 390
57 0 62 0
125 385 126 386
94 415 94 419
151 17 156 17
152 141 157 141
65 30 70 30
83 32 88 32
71 402 73 403
226 449 227 451
149 401 152 401
115 273 120 273
147 213 148 215
61 367 66 367
44 242 45 244
234 33 234 38
138 223 139 225
258 130 259 132
254 211 255 213
221 397 226 397
255 305 260 305
143 122 145 123
240 385 245 385
151 257 151 262
250 353 251 355
23 171 25 172
263 292 265 293
158 314 161 314
10 6 10 11
93 438 94 440
94 84 99 84
67 77 67 82
123 305 124 307
137 391 142 391
180 115 180 120
142 416 147 416
31 135 31 140
223 337 224 339
126 325 131 325
253 205 254 207
257 24 262 24
127 314 132 314
266 181 268 182
199 195 204 195
244 183 246 184
204 86 205 88
154 63 159 63
259 281 261 282
1 292 1 297
192 39 192 44
228 115 229 117
201 70 203 71
181 377 186 377
85 185 87 186
248 306 248 311
188 188 189 190
111 86 112 87
137 51 138 53
188 77 189 78
234 435 236 436
133 446 138 446
107 279 112 279
4 307 4 312
67 3 67 8
120 356 121 358
105 77 110 77
8 418 9 419
202 404 206 404
268 68 269 70
214 78 216 79
79 36 80 38
172 262 177 262
80 369 80 374
61 196 62 198
162 76 167 76
38 138 39 140
11 348 16 348
61 142 66 142
246 259 246 264
187 154 188 156
46 311 51 311
196 211 198 212
171 175 176 175
257 149 258 151
232 199 236 199
188 83 189 85
8 377 10 378
241 260 242 262
38 181 39 183
60 398 60 403
183 196 188 196
138 146 143 146
147 158 147 163
30 38 31 40
231 48 232 50
41 55 43 56
170 341 175 341
124 325 125 327
125 329 126 331
66 14 67 16
63 334 67 334
215 257 217 258
193 284 195 285
133 145 138 145
146 269 147 271
67 197 67 202
222 301 227 301
272 373 272 378
272 286 274 287
171 348 172 350
53 13 58 13
74 27 79 27
216 239 217 241
60 354 60 359
49 310 54 310
247 399 251 399
179 41 180 43
24 0 27 0
49 407 52 407
105 97 107 98
186 47 186 52
125 239 127 240
230 41 235 41
262 80 262 85
154 350 155 352
30 339 35 339
133 56 138 56
240 374 245 374
157 275 162 275
105 219 106 221
260 197 260 202
144 41 145 43
92 198 93 199
14 325 15 327
98 316 99 318
52 16 57 16
245 163 250 163
256 356 258 357
80 91 81 93
11 137 13 138
75 446 77 447
155 65 157 66
38 323 39 325
115 260 116 262
44 308 49 308
176 241 181 241
261 229 263 230
143 356 148 356
206 167 208 168
147 248 152 248
117 64 118 66
40 299 40 304
136 125 137 127
231 238 232 240
26 85 28 86
175 449 180 449
240 64 245 64
235 336 240 336
253 5 254 7
53 230 55 231
72 364 73 366
258 50 263 50
263 377 265 378
248 121 253 121
212 16 213 18
17 429 18 431
110 101 115 101
87 435 91 435
251 449 252 451
72 191 72 196
240 23 241 25
195 169 200 169
168 74 169 76
190 8 190 13
164 137 166 138
237 250 242 250
250 183 250 188
220 356 222 357
86 328 86 333
102 246 103 248
48 249 50 250
134 358 136 359
36 257 41 257
129 294 134 294
270 103 271 105
126 312 131 312
265 209 267 210
95 415 96 417
258 42 258 47
91 194 95 194
142 417 147 417
1 89 6 89
14 118 19 118
46 183 51 183
175 252 177 253
21 312 23 313
158 25 163 25
228 421 233 421
45 247 46 248
96 67 98 68
197 0 197 5
146 257 146 262
238 273 240 274
7 228 9 229
47 443 52 443
269 439 269 444
113 337 115 338
252 46 253 48
139 148 140 150
218 197 223 197
236 403 238 404
186 328 186 333
150 244 151 246
23 74 24 76
213 54 213 59
186 74 187 76
182 441 184 442
168 9 169 11
124 139 125 141
187 9 188 11
67 442 72 442
258 397 259 399
251 208 251 213
240 6 245 6
183 181 185 182
119 220 119 225
29 269 34 269
73 174 75 175
222 380 223 382
154 57 154 62
42 210 43 212
238 353 239 355
11 435 15 435
271 0 272 1
162 440 167 440
47 6 52 6
206 420 208 421
94 303 94 308
238 333 243 333
22 57 27 57
0 179 0 184
99 49 104 49
60 266 65 266
15 350 16 352
212 254 213 256
178 399 179 401
190 372 192 373
216 176 221 176
103 215 103 220
56 439 58 440
90 277 95 277
234 265 234 270
152 131 154 132
239 238 244 238
16 62 17 64
250 247 251 249
223 19 225 20
161 195 162 197
251 201 252 203
115 353 117 354
230 10 235 10
56 91 57 93
104 216 104 221
107 324 109 325
142 400 143 402
35 417 37 418
216 253 217 255
261 247 263 248
54 98 55 100
162 357 163 359
184 0 184 5
111 65 112 67
249 233 251 234
146 372 151 372
168 103 173 103
134 201 136 202
237 387 238 389
32 188 37 188
44 227 46 228
270 364 274 364
11 426 13 427
264 68 265 70
9 345 9 350
211 274 211 279
23 337 28 337
1 130 1 135
13 253 13 258
165 226 166 228
181 243 183 244
265 58 266 60
142 329 145 329
83 267 88 267
108 280 110 281
46 441 51 441
15 346 17 347
67 363 72 363
100 258 102 259
175 17 176 19
267 444 267 449
38 156 39 158
195 353 200 353
36 356 41 356
35 448 40 448
87 79 92 79
265 260 266 262
253 82 255 83
36 238 36 243
168 212 169 214
76 137 76 142
90 185 95 185
44 70 49 70
86 385 91 385
20 153 21 155
72 93 77 93
183 83 183 88
263 214 265 215
27 323 27 328
64 232 65 234
266 177 271 177
129 57 134 57
182 0 182 5
168 230 169 232
75 44 80 44
249 284 250 286
266 373 271 373
229 82 230 83
1 318 1 323
15 46 17 47
197 403 202 403
193 429 195 430
29 426 31 427
123 236 128 236
106 353 106 358
163 272 164 274
160 201 163 201
189 227 194 227
183 124 185 125
226 80 227 82
165 230 167 231
39 235 44 235
124 400 129 400
185 110 185 115
115 413 120 413
92 303 92 308
49 416 53 416
201 153 201 158
37 104 39 105
246 312 251 312
260 81 260 86
32 79 34 80
185 444 186 446
26 37 31 37
109 132 109 137
253 385 254 387
266 111 267 113
171 177 173 178
142 300 147 300
131 406 132 408
266 212 266 215
140 90 140 95
235 394 239 394
192 130 193 132
111 393 116 393
26 143 26 148
222 210 223 212
72 268 74 269
132 128 134 129
141 294 146 294
225 439 225 443
173 335 178 335
124 41 126 42
1 395 1 400
62 132 67 132
2 450 3 452
250 291 255 291
109 54 110 56
50 410 55 410
206 53 207 55
243 324 248 324
217 11 222 11
226 247 227 249
80 86 81 88
168 67 168 72
202 77 203 79
32 67 36 67
67 237 72 237
264 374 269 374
147 206 148 208
50 52 52 53
138 426 138 431
258 117 260 118
221 163 224 163
25 33 30 33
101 319 103 320
53 124 58 124
66 123 71 123
212 43 215 43
273 386 274 388
238 305 238 310
43 297 43 302
227 100 229 101
45 283 46 285
110 154 111 155
205 178 210 178
36 395 38 396
184 83 184 88
65 371 70 371
34 321 34 326
64 417 68 417
272 439 272 444
46 270 51 270
259 238 261 239
227 386 229 387
0 12 0 17
211 141 216 141
38 8 38 13
188 220 190 221
136 266 138 267
39 51 44 51
159 357 161 358
135 166 135 171
265 265 265 270
214 107 215 109
131 148 131 153
180 422 185 422
235 407 236 409
131 384 131 389
238 229 238 234
183 80 184 82
59 407 61 408
172 176 177 176
183 121 184 123
51 373 51 378
162 65 163 67
53 238 54 240
258 48 260 49
91 235 93 236
37 265 37 270
17 410 22 410
205 144 207 145
254 24 256 25
93 278 94 280
215 346 217 347
207 164 209 165
28 144 30 145
191 289 193 290
243 411 245 412
257 77 262 77
174 0 175 2
217 151 218 153
118 283 123 283
24 353 29 353
61 27 66 27
38 236 40 237
211 401 212 403
118 394 119 396
121 100 126 100
166 155 171 155
165 395 166 397
10 418 12 419
179 200 180 202
61 120 61 125
217 263 219 264
263 412 264 414
107 328 112 328
211 438 213 439
124 347 124 352
252 205 252 210
171 78 176 78
151 305 152 307
20 357 20 362
117 173 121 173
144 400 145 402
226 256 227 258
235 254 240 254
75 6 75 11
101 3 103 4
241 435 241 440
184 79 189 79
190 47 190 52
253 356 255 357
44 79 49 79
273 33 274 34
111 280 112 281
119 295 119 299
245 427 247 428
110 392 115 392
240 279 241 281
44 52 46 53
209 443 211 444
47 58 49 59
257 207 262 207
187 424 187 429
67 365 68 367
138 351 143 351
143 398 148 398
105 347 110 347
7 245 9 246
36 380 37 382
228 256 229 258
145 79 148 79
58 258 63 258
125 7 130 7
2 228 3 230
194 58 194 63
4 90 4 95
256 345 261 345
251 58 256 58
155 54 157 55
186 19 187 21
174 380 176 381
12 213 13 215
38 358 43 358
198 245 203 245
68 290 70 291
64 143 64 148
135 413 140 413
2 201 2 206
30 333 31 335
139 115 140 117
40 328 40 333
128 300 128 305
197 198 198 200
180 421 185 421
250 205 251 207
256 270 258 271
34 154 36 155
158 380 159 382
0 101 0 106
188 222 189 224
122 347 123 349
222 205 227 205
260 98 265 98
251 402 252 404
264 321 264 326
130 400 134 400
149 450 150 452
207 363 212 363
34 395 35 396
27 38 27 43
34 19 35 21
22 165 23 167
272 358 272 363
71 312 72 314
48 178 53 178
84 319 85 321
177 245 178 247
173 116 178 116
187 164 192 164
12 292 17 292
224 326 225 328
208 140 210 141
143 148 144 150
46 309 51 309
220 23 225 23
145 336 146 338
35 189 40 189
46 233 51 233
89 238 91 239
81 341 81 346
131 111 136 111
235 13 240 13
112 234 112 239
221 401 226 401
29 120 34 120
125 118 130 118
245 257 247 258
226 267 226 272
27 376 27 379
251 359 255 359
256 359 261 359
152 53 157 53
175 190 177 191
57 168 57 171
263 130 264 132
102 113 104 114
271 343 272 344
150 435 155 435
197 232 199 233
208 30 209 32
5 90 7 91
248 111 253 111
98 152 99 154
254 235 255 237
114 194 115 196
81 218 86 218
71 321 72 323
162 0 163 2
152 122 154 123
136 107 137 109
145 295 150 295
188 248 193 248
37 259 42 259
69 244 70 246
128 407 129 409
160 65 161 67
216 179 221 179
34 386 35 388
23 309 25 310
197 348 198 350
266 40 266 45
172 271 177 271
223 25 228 25
12 116 14 117
267 339 272 339
178 360 178 365
3 283 3 288
232 297 234 298
59 365 60 367
236 270 241 270
41 75 43 76
272 103 272 108
212 380 213 382
131 300 133 301
159 309 161 310
43 264 43 269
139 0 144 0
239 69 240 71
116 108 121 108
229 200 234 200
115 356 116 358
135 57 140 57
178 324 183 324
46 96 51 96
80 226 81 228
173 338 175 339
269 298 269 303
249 306 249 311
44 442 49 442
13 376 18 376
63 139 68 139
255 20 260 20
253 172 254 174
201 169 206 169
84 352 85 354
87 450 92 450
185 435 185 440
232 271 237 271
32 378 33 380
274 114 274 119
80 305 81 307
13 121 15 122
184 364 189 364
149 407 154 407
71 448 76 448
130 267 130 272
162 330 167 330
136 288 138 289
23 442 25 443
131 358 132 360
162 333 163 335
107 3 107 8
194 289 196 290
169 259 170 260
234 321 234 326
60 293 65 293
105 212 106 214
237 185 238 187
89 108 90 110
150 257 150 262
223 54 228 54
197 216 197 221
99 47 101 48
141 193 142 195
185 186 190 186
145 305 150 305
162 269 164 270
93 210 98 210
184 355 184 360
214 413 219 413
99 10 100 12
216 188 217 189
31 109 33 110
108 216 109 218
92 281 92 286
47 45 48 47
190 56 192 57
210 21 211 23
208 364 210 365
87 295 89 296
198 294 200 295
92 0 97 0
206 100 211 100
73 240 73 245
185 423 186 425
204 89 209 89
44 101 46 102
70 359 74 359
85 2 87 3
55 38 56 40
71 154 73 155
48 303 53 303
110 444 113 444
39 328 39 333
180 388 182 389
57 172 58 173
28 254 28 259
46 98 47 100
179 177 180 179
77 141 79 142
219 345 224 345
270 439 271 441
14 90 16 91
131 186 133 187
265 125 267 126
167 13 172 13
174 142 174 147
228 303 233 303
1 250 1 255
195 327 196 329
109 254 114 254
161 226 162 228
207 179 209 180
222 328 222 331
222 67 227 67
203 147 208 147
56 433 57 435
269 8 270 10
239 136 240 138
85 190 90 190
92 270 93 272
148 430 150 431
131 390 131 395
14 248 14 253
185 16 185 21
272 255 274 256
228 289 233 289
222 182 227 182
24 69 28 69
51 56 53 57
83 134 83 139
44 196 46 197
216 76 218 77
224 206 225 208
267 40 267 45
91 281 91 286
1 354 2 356
17 120 22 120
258 28 263 28
248 200 252 200
90 414 91 416
184 100 185 102
66 60 71 60
263 139 263 144
223 359 224 361
90 295 91 297
210 384 212 385
98 86 98 91
216 342 221 342
166 113 166 118
229 286 231 287
121 28 122 30
116 316 118 317
88 405 90 406
211 327 212 328
178 49 178 54
50 124 52 125
31 259 36 259
75 13 80 13
232 394 234 395
51 315 51 320
69 258 70 260
156 203 158 204
187 349 188 351
207 271 207 276
192 427 194 428
40 225 44 225
266 430 267 432
226 105 231 105
97 86 97 91
2 62 3 64
201 232 202 233
180 301 184 301
143 395 148 395
63 88 63 93
110 4 110 9
221 108 226 108
271 212 272 214
232 387 234 388
150 196 152 197
166 354 168 355
224 260 229 260
229 79 230 81
47 232 51 232
225 161 230 161
142 361 147 361
197 160 202 160
208 297 209 299
248 51 249 52
14 225 19 225
153 391 154 393
181 33 186 33
65 379 70 379
107 202 112 202
78 367 83 367
180 74 185 74
53 77 58 77
223 230 225 231
24 203 29 203
117 401 119 402
49 32 49 37
112 60 117 60
90 177 90 182
220 183 222 184
37 335 42 335
143 217 148 217
249 273 250 275
268 34 272 34
250 220 250 225
49 424 53 424
82 55 84 56
169 85 170 87
215 416 219 416
217 156 219 157
250 120 255 120
270 250 274 250
83 127 84 129
201 60 206 60
63 133 68 133
196 326 201 326
68 132 73 132
110 84 112 85
257 121 258 123
150 18 155 18
244 259 245 261
164 408 169 408
134 360 136 361
93 281 93 286
14 188 15 189
104 342 104 347
85 55 90 55
144 296 145 298
105 339 105 344
223 383 224 385
220 343 222 344
72 253 77 253
268 448 270 449
202 388 207 388
78 376 78 381
1 357 2 359
215 96 217 97
111 146 116 146
87 433 88 434
55 300 60 300
189 47 189 52
22 62 24 63
78 341 79 343
49 305 51 306
205 401 206 403
104 238 106 239
213 281 218 281
34 203 34 208
11 355 13 356
121 388 122 390
245 66 246 68
160 74 165 74
78 393 83 393
206 248 211 248
163 19 168 19
12 0 13 2
264 144 269 144
123 28 123 33
185 199 185 204
249 408 254 408
260 386 261 388
95 253 100 253
160 23 162 24
168 287 173 287
19 208 20 210
269 165 270 167
55 161 56 163
61 15 62 17
92 238 94 239
144 369 149 369
54 25 59 25
101 157 103 158
137 141 142 141
111 289 116 289
48 213 50 214
117 199 117 204
188 183 193 183
29 414 31 415
90 72 92 73
70 360 71 361
263 53 265 54
88 8 90 9
208 11 213 11
56 352 61 352
125 380 129 380
182 96 184 97
75 227 76 229
122 336 122 341
273 403 273 408
0 354 0 359
43 262 48 262
0 432 0 437
188 100 188 105
96 113 98 114
234 434 239 434
151 425 152 427
260 373 260 378
228 217 229 219
56 400 56 405
249 202 250 204
171 272 172 274
149 314 150 316
141 269 142 271
274 359 274 363
251 10 255 10
135 154 137 155
237 81 239 82
42 325 47 325
33 69 38 69
214 359 216 360
234 149 236 150
252 397 257 397
63 174 63 178
7 369 8 371
141 110 146 110
258 1 258 5
14 286 14 291
2 238 2 243
41 174 42 176
97 314 99 315
158 436 160 437
46 371 46 376
5 368 5 373
165 434 170 434
206 249 208 250
220 383 222 384
81 401 86 401
142 421 147 421
102 116 103 118
221 88 222 90
35 308 36 310
111 36 116 36
197 390 199 391
199 62 201 63
171 143 171 148
29 254 29 259
123 39 126 39
198 89 200 90
2 244 2 249
243 273 244 275
155 6 155 11
130 202 133 202
268 420 269 422
160 193 162 194
250 426 255 426
187 165 192 165
229 109 229 114
151 450 152 452
221 359 222 361
207 383 212 383
127 261 128 263
220 362 222 363
247 239 248 241
122 31 122 36
255 48 257 49
28 354 29 356
166 271 171 271
217 78 219 79
28 18 30 19
75 0 75 5
119 342 124 342
175 117 175 122
37 239 39 240
152 443 153 445
64 372 65 374
35 64 36 66
64 223 65 225
5 96 7 97
209 18 209 23
216 190 218 191
12 370 17 370
41 314 41 319
91 127 92 129
132 293 137 293
154 431 155 433
18 198 18 203
14 21 19 21
64 177 66 178
86 96 91 96
29 332 29 337
174 242 179 242
203 416 208 416
179 88 180 90
190 147 190 152
117 222 118 224
76 404 81 404
72 352 77 352
4 326 5 328
246 379 251 379
225 193 226 195
27 283 32 283
269 270 269 275
99 359 100 361
19 357 19 362
104 160 106 161
211 330 211 335
154 140 159 140
218 442 219 444
127 150 127 155
40 37 42 38
168 146 168 150
67 142 67 147
61 354 61 359
246 446 248 447
135 356 137 357
267 388 272 388
198 234 199 236
121 324 121 329
237 390 242 390
179 39 180 40
274 174 274 178
210 386 211 387
159 207 161 208
269 179 274 179
87 179 87 184
192 101 193 103
30 429 30 434
219 66 223 66
132 390 133 392
188 381 188 386
270 251 272 252
77 388 78 390
121 186 123 187
1 268 1 273
82 349 87 349
157 233 157 238
262 233 263 235
175 54 175 59
266 364 267 366
243 181 243 185
4 329 5 331
158 12 163 12
268 126 273 126
122 133 122 138
208 133 213 133
186 421 188 422
75 389 76 391
42 184 47 184
65 70 66 72
167 397 172 397
37 64 38 66
167 448 169 449
65 292 70 292
122 290 124 291
51 406 56 406
95 245 96 247
248 270 249 272
36 426 37 428
196 194 200 194
119 397 120 399
177 161 178 163
99 250 101 251
27 334 28 336
196 116 197 118
218 85 219 86
97 119 102 119
65 431 67 432
85 97 90 97
190 394 192 395
145 81 146 83
197 191 198 193
158 77 163 77
169 90 170 92
145 347 147 348
217 95 222 95
167 12 172 12
61 168 62 170
123 139 123 144
136 89 141 89
182 58 184 59
110 408 111 410
206 352 211 352
256 218 256 223
215 94 220 94
217 339 222 339
127 42 132 42
139 203 141 204
270 44 272 45
93 401 98 401
49 404 50 406
259 254 260 256
76 244 76 249
208 434 210 435
158 304 159 306
95 255 96 257
26 149 28 150
148 380 149 382
200 417 201 419
50 370 51 372
150 429 153 429
173 385 178 385
16 263 21 263
1 68 1 73
210 450 214 450
105 252 110 252
59 33 60 35
180 75 182 76
205 242 206 244
125 303 126 305
119 284 120 286
89 218 94 218
156 260 161 260
264 92 267 92
118 363 120 364
166 298 171 298
221 111 222 113
127 122 132 122
150 432 151 434
35 446 37 447
156 400 161 400
140 167 141 169
248 49 250 50
2 14 2 19
135 313 136 314
36 1 40 1
115 318 118 318
173 272 174 274
170 77 175 77
224 28 224 33
179 345 179 350
14 420 16 421
260 233 261 235
182 197 187 197
6 348 7 350
186 403 191 403
140 232 145 232
88 283 88 288
16 268 17 270
125 392 125 397
224 126 225 128
228 230 229 232
146 203 148 204
245 254 246 256
15 286 15 291
99 274 104 274
224 358 229 358
183 450 188 450
49 207 49 212
91 53 96 53
100 116 101 118
214 36 219 36
17 32 17 37
211 231 212 233
85 440 90 440
227 446 232 446
4 235 4 240
204 445 209 445
117 252 119 253
97 144 99 145
216 381 221 381
201 348 206 348
156 277 157 279
204 83 205 85
274 428 274 433
152 310 153 312
137 115 138 117
17 379 18 381
193 204 193 209
194 167 199 167
171 35 172 37
231 383 232 385
201 247 206 247
236 162 238 163
57 313 58 315
26 417 27 419
12 319 13 321
185 355 186 357
229 416 230 418
134 87 135 89
250 181 255 181
173 211 178 211
4 80 4 85
266 237 270 237
198 261 199 263
82 223 82 227
21 134 26 134
135 174 140 174
29 74 30 76
102 195 107 195
154 434 159 434
259 58 261 59
165 17 170 17
78 258 78 263
34 30 35 32
162 31 165 31
185 261 185 266
193 270 198 270
208 74 210 75
227 213 228 215
188 203 193 203
102 224 104 225
125 64 126 66
60 174 62 175
138 432 143 432
28 135 29 137
176 259 181 259
199 191 200 193
235 229 237 230
18 148 18 153
113 234 114 236
271 391 271 395
204 417 205 419
186 301 186 306
147 257 148 259
176 180 177 182
210 417 211 419
162 299 165 299
121 26 126 26
188 390 189 392
143 30 144 32
84 230 89 230
180 383 185 383
12 444 17 444
36 156 37 158
90 254 95 254
189 105 194 105
203 128 205 129
52 135 57 135
119 300 120 302
91 292 92 294
45 218 46 220
182 297 183 299
38 141 40 142
41 380 42 382
267 327 268 329
50 185 51 187
252 182 252 187
225 0 226 2
243 351 248 351
19 221 24 221
4 119 9 119
17 415 19 416
230 5 231 7
244 409 246 410
164 141 169 141
62 407 64 408
220 394 222 395
143 385 148 385
54 206 54 211
21 58 26 58
121 318 122 320
173 186 178 186
14 377 16 378
205 181 210 181
189 161 194 161
256 66 261 66
201 292 202 294
204 90 209 90
13 283 15 284
237 53 238 55
1 389 1 394
166 380 167 382
245 72 247 73
252 197 253 199
28 386 33 386
132 87 133 89
189 416 194 416
165 411 165 416
204 313 205 315
177 238 178 240
171 20 173 21
59 353 64 353
146 122 151 122
38 314 38 319
75 128 76 130
23 168 25 169
100 433 100 438
50 75 55 75
42 274 44 275
171 345 173 346
144 90 146 91
173 431 175 432
240 353 241 355
213 179 215 180
48 304 53 304
219 12 224 12
226 287 227 289
16 195 16 200
197 163 198 165
34 178 36 179
105 57 110 57
242 36 246 36
114 51 114 56
57 28 59 29
95 165 96 167
114 249 117 249
191 153 193 154
244 281 249 281
34 429 34 434
230 15 232 16
8 225 10 226
202 334 203 336
119 19 124 19
14 123 14 128
221 207 223 208
251 87 251 92
149 80 149 85
139 79 144 79
174 115 179 115
172 340 177 340
94 248 99 248
83 223 83 227
206 297 207 299
99 291 100 293
117 274 119 275
34 77 36 78
211 319 213 320
149 323 151 324
96 366 101 366
27 248 27 253
85 65 90 65
180 67 181 69
184 384 185 386
99 146 101 147
11 420 13 421
241 308 242 310
127 416 128 418
60 449 62 450
262 61 267 61
153 322 158 322
178 44 180 45
7 425 12 425
198 131 199 133
180 298 181 300
3 8 3 13
77 8 78 10
239 450 240 452
220 263 220 268
35 315 35 320
153 277 155 278
242 180 247 180
56 269 61 269
260 360 265 360
12 50 17 50
14 51 19 51
241 109 243 110
84 439 89 439
241 52 246 52
253 382 254 384
154 428 155 430
184 12 185 14
199 7 199 12
93 63 96 63
40 256 45 256
91 317 93 318
82 303 82 308
146 132 147 134
191 273 196 273
159 152 161 153
182 381 184 382
147 339 147 344
201 205 203 206
160 29 161 31
25 129 27 130
218 32 223 32
60 39 61 41
70 161 75 161
267 200 268 202
113 33 114 35
244 391 249 391
49 74 54 74
239 409 243 409
47 7 52 7
141 67 146 67
25 107 27 108
92 260 94 261
79 266 84 266
250 235 251 237
75 250 77 251
169 201 174 201
83 232 88 232
117 33 117 38
235 189 236 191
171 270 176 270
13 212 18 212
123 395 124 397
243 152 244 154
208 166 213 166
78 134 78 139
30 298 35 298
189 124 190 126
195 202 195 207
112 4 117 4
90 5 91 7
161 62 166 62
95 361 95 366
268 159 273 159
28 113 29 115
140 104 145 104
102 338 107 338
31 168 32 170
153 182 155 183
200 168 205 168
162 374 167 374
231 396 236 396
266 321 267 323
8 97 9 99
142 81 144 82
147 81 147 86
124 321 129 321
216 364 218 365
46 307 51 307
189 14 190 16
126 395 127 397
146 381 147 383
184 331 184 336
51 143 52 145
53 333 58 333
59 267 61 268
70 92 71 94
180 198 185 198
177 258 182 258
229 396 230 398
125 74 125 79
117 244 118 246
104 102 104 107
204 278 204 283
174 382 176 383
168 162 169 164
21 402 22 404
185 349 186 351
144 397 149 397
189 381 189 386
210 265 210 270
31 203 32 205
179 359 180 361
217 302 222 302
131 231 136 231
273 111 274 113
28 288 32 288
166 266 167 268
92 420 93 422
230 386 235 386
165 447 166 449
149 398 154 398
192 77 194 78
99 148 104 148
211 1 216 1
242 279 243 281
209 205 214 205
220 213 220 218
20 88 25 88
101 306 102 308
103 322 108 322
36 2 38 3
263 221 265 222
213 263 213 268
122 84 123 86
87 401 92 401
95 433 97 434
226 372 228 373
33 350 38 350
154 269 154 274
153 192 153 197
112 314 117 314
168 118 168 123
211 118 213 119
141 296 141 301
235 192 237 193
214 380 215 382
171 428 173 429
0 191 1 193
47 415 52 415
218 187 219 189
48 98 53 98
107 390 112 390
195 198 196 200
58 392 58 397
253 409 255 410
179 12 181 13
250 162 255 162
142 353 144 354
70 160 75 160
272 127 273 129
91 386 93 387
224 60 226 61
155 78 155 83
257 133 258 135
148 399 153 399
262 200 262 205
181 40 184 40
164 312 164 315
255 318 260 318
211 82 212 84
104 240 109 240
267 434 267 439
240 118 245 118
241 391 243 392
69 110 71 111
249 364 251 365
223 47 223 50
136 370 141 370
220 28 221 30
224 37 229 37
103 17 108 17
109 158 111 159
82 256 82 259
124 333 125 335
191 238 196 238
151 441 153 442
158 199 160 200
19 165 21 166
95 319 100 319
236 72 238 73
151 249 152 251
270 429 271 430
132 116 134 117
256 235 257 237
8 141 13 141
176 212 177 214
63 421 68 421
241 410 242 412
154 162 155 164
164 34 164 39
113 411 114 413
35 364 40 364
126 326 128 327
179 280 184 280
79 182 81 183
93 303 93 308
26 204 28 205
141 302 142 304
228 375 228 380
195 161 197 162
10 272 12 273
139 425 140 427
123 329 124 331
50 259 52 260
99 163 100 165
4 1 6 2
88 342 93 342
260 397 261 399
131 373 132 375
16 254 16 259
41 136 46 136
0 306 0 311
199 170 204 170
144 125 149 125
60 364 65 364
220 391 222 392
99 415 104 415
52 441 57 441
126 258 128 259
243 372 245 373
183 437 184 439
123 392 124 394
135 69 135 74
261 104 261 109
261 394 263 395
231 129 233 130
182 434 182 439
128 392 128 397
94 270 94 275
239 305 239 310
148 104 150 105
17 258 19 259
265 111 265 116
215 296 216 298
263 200 263 205
180 183 181 185
270 196 272 197
69 439 70 441
254 102 259 102
200 250 205 250
222 340 224 341
272 277 274 278
190 386 195 386
23 303 24 305
248 147 250 148
79 57 81 58
40 320 40 325
253 402 258 402
9 369 10 371
149 130 154 130
33 251 35 252
53 336 55 337
42 154 43 156
22 245 23 247
97 26 102 26
120 20 125 20
17 239 19 240
235 185 236 187
185 418 186 420
170 410 170 415
99 198 99 203
120 425 122 426
239 144 240 146
93 294 98 294
204 39 206 40
270 276 271 278
241 90 242 92
97 252 102 252
33 336 37 336
139 346 140 348
91 237 96 237
257 242 258 244
65 318 67 319
38 354 40 355
198 447 200 448
265 283 266 285
254 406 256 407
140 12 141 14
61 349 63 350
36 131 37 133
237 21 237 26
208 117 212 117
54 228 56 229
45 288 50 288
75 401 80 401
172 49 172 54
82 221 87 221
37 275 41 275
135 152 137 153
49 143 50 145
60 60 65 60
130 432 135 432
97 34 102 34
234 421 237 421
269 156 274 156
146 400 148 401
173 348 174 350
189 334 190 336
171 381 173 382
194 321 196 322
220 311 220 316
174 212 175 214
269 196 269 201
9 231 10 233
260 182 260 187
33 203 33 206
53 286 54 288
45 302 50 302
176 24 181 24
108 203 113 203
180 155 182 156
61 413 62 414
141 371 145 371
168 345 170 346
108 193 109 195
49 175 51 176
11 306 11 311
35 420 37 421
274 94 274 97
250 189 255 189
113 238 115 239
211 2 216 2
218 72 220 73
143 302 144 304
48 166 48 171
123 292 125 293
256 428 261 428
115 412 120 412
147 373 148 375
248 331 249 333
129 378 131 379
253 137 258 137
2 65 2 70
274 103 274 108
252 399 257 399
46 377 47 379
101 310 106 310
206 6 206 11
38 263 43 263
13 304 13 309
190 162 194 162
75 406 79 406
25 404 25 409
165 378 167 379
103 237 108 237
253 430 254 432
233 162 235 163
56 190 56 195
167 211 172 211
3 56 3 61
19 404 19 409
271 365 272 366
188 146 188 151
115 271 117 272
162 135 166 135
135 115 136 117
120 176 121 178
3 398 3 403
179 385 181 386
272 92 274 93
170 235 171 237
77 63 78 65
251 183 251 188
26 132 30 132
239 311 240 313
166 122 167 124
42 107 43 108
115 446 120 446
89 214 90 216
180 367 180 372
212 250 217 250
108 65 110 66
199 394 201 395
56 184 56 189
169 354 170 356
181 316 181 321
176 151 176 156
158 65 159 67
242 438 243 440
198 409 202 409
257 406 259 407
268 37 268 42
10 345 10 350
24 165 25 167
248 25 253 25
19 122 21 123
91 15 93 16
268 333 268 338
22 0 22 5
184 127 185 129
205 80 206 82
247 436 249 437
16 279 16 284
29 310 34 310
158 371 158 375
195 0 195 5
98 120 103 120
198 117 200 118
24 85 25 87
72 63 74 64
155 50 156 52
156 312 161 312
31 61 36 61
256 29 261 29
198 152 198 157
32 414 34 415
37 178 38 180
250 366 255 366
125 271 126 273
106 158 108 159
200 232 200 237
81 138 82 139
209 265 209 270
77 370 77 375
272 394 274 395
216 201 218 202
97 204 99 205
214 417 219 417
169 348 170 350
188 331 188 336
177 155 179 156
106 134 108 135
2 78 4 79
173 352 178 352
172 212 173 214
176 157 177 159
163 377 164 379
78 370 78 375
150 397 155 397
121 246 126 246
139 305 144 305
100 376 101 378
261 305 262 307
29 248 29 253
154 443 155 445
44 198 44 203
195 428 200 428
150 61 151 63
190 271 195 271
176 390 178 391
93 79 93 84
158 13 163 13
272 4 274 5
55 206 55 211
2 318 2 323
125 18 127 19
195 432 196 434
80 151 81 153
165 333 166 335
214 364 215 366
258 161 259 163
28 178 33 178
262 58 264 59
216 378 221 378
263 305 263 310
1 136 6 136
17 157 18 159
67 409 68 411
145 249 150 249
87 201 88 203
266 245 271 245
146 376 148 377
110 245 110 250
64 433 69 433
266 108 271 108
144 173 145 175
69 162 74 162
224 168 229 168
179 161 180 163
223 398 224 400
211 377 212 379
182 100 183 102
159 404 159 409
21 208 26 208
229 34 233 34
104 138 105 140
175 357 177 358
91 419 91 424
201 80 201 85
3 118 7 118
185 219 190 219
193 196 193 201
205 118 206 120
226 78 228 79
38 388 42 388
50 118 55 118
225 360 227 361
225 24 230 24
80 134 80 139
187 217 189 218
206 83 206 88
253 109 254 110
197 238 202 238
230 369 235 369
121 159 122 161
194 248 199 248
216 231 217 233
140 105 145 105
176 221 177 223
253 65 258 65
35 58 40 58
174 435 175 437
1 179 1 184
41 141 46 141
189 351 193 351
129 148 129 153
58 177 60 178
240 434 245 434
41 236 43 237
250 428 250 433
193 366 194 368
107 351 107 356
108 219 109 221
54 158 55 160
187 331 187 336
35 442 37 443
177 200 178 202
158 404 158 409
40 181 42 182
259 206 264 206
11 225 13 226
254 401 259 401
39 314 39 319
19 250 20 252
130 10 132 11
163 169 165 170
213 24 218 24
193 372 194 374
54 2 59 2
40 314 40 319
191 307 193 308
46 164 48 165
37 383 37 388
228 288 233 288
15 52 16 54
3 360 4 362
274 267 274 272
4 417 4 422
25 121 30 121
178 104 180 105
71 15 76 15
151 347 153 348
238 219 238 222
39 63 40 65
233 452 238 452
267 102 267 107
40 157 42 158
64 67 64 72
166 411 166 416
223 147 228 147
119 441 123 441
42 252 43 254
9 234 10 236
181 6 182 8
46 258 51 258
83 164 83 169
52 320 57 320
268 431 270 432
195 416 196 418
207 265 207 270
86 343 91 343
62 172 64 173
186 86 188 87
13 238 13 243
219 199 220 201
89 187 91 188
19 381 19 386
35 327 36 329
255 172 256 174
183 155 183 160
189 275 190 277
219 271 220 273
17 302 17 307
33 327 34 329
53 206 53 211
107 339 107 344
11 371 12 373
214 318 214 323
216 180 221 180
238 414 241 414
208 110 213 110
159 386 160 387
97 78 99 79
247 95 252 95
182 444 184 445
192 83 193 85
85 441 90 441
115 0 120 0
227 60 229 61
13 286 13 291
59 436 61 437
47 272 52 272
137 349 142 349
118 353 120 354
156 81 157 83
75 381 76 383
3 90 3 95
24 404 24 409
270 204 274 204
1 62 1 67
178 14 179 16
92 273 93 275
234 331 239 331
44 54 45 56
144 429 149 429
73 398 74 400
248 106 250 107
133 298 138 298
14 35 14 40
210 436 212 437
155 209 155 214
45 381 45 386
229 13 231 14
92 57 93 59
254 93 259 93
251 163 255 163
5 87 7 88
164 390 169 390
136 3 137 4
270 168 271 169
171 49 171 54
236 432 238 433
33 260 35 261
87 127 88 129
60 9 60 14
163 354 165 355
112 327 117 327
186 242 188 243
198 180 203 180
37 154 39 155
36 244 37 246
228 18 231 18
124 451 126 452
122 101 127 101
253 423 254 425
251 406 253 407
57 190 57 195
26 168 28 169
30 450 32 451
205 431 206 433
105 280 107 281
133 264 135 265
189 108 190 110
53 389 54 391
173 142 173 147
178 157 179 159
126 8 130 8
175 272 176 274
198 445 203 445
34 330 36 331
187 175 187 180
126 185 131 185
119 40 124 40
91 119 96 119
129 64 130 66
66 85 68 86
173 269 178 269
197 113 199 114
171 159 173 160
263 110 268 110
216 161 218 162
119 244 120 246
40 183 45 183
174 313 176 314
226 226 227 228
266 68 267 70
104 157 105 159
209 207 211 208
43 81 44 82
16 135 21 135
107 86 108 88
191 109 193 110
120 111 125 111
0 60 0 65
183 0 183 5
64 341 65 343
152 54 154 55
153 149 155 150
97 163 98 165
13 353 18 353
53 125 58 125
80 15 82 16
259 209 264 209
203 125 204 127
248 367 253 367
148 428 153 428
233 255 238 255
196 9 196 14
137 123 139 124
105 284 110 284
13 45 14 47
57 234 61 234
185 315 190 315
117 74 122 74
203 390 205 391
268 385 273 385
178 176 182 176
27 391 29 392
165 192 166 194
62 341 63 343
175 85 176 87
127 288 129 289
67 160 69 161
18 32 18 37
134 447 135 449
259 270 261 271
250 238 252 239
133 33 138 33
70 120 75 120
68 352 68 357
165 398 170 398
267 166 268 167
5 427 10 427
162 179 167 179
31 446 32 448
147 422 152 422
181 434 181 439
96 254 101 254
81 33 86 33
134 295 136 296
229 239 230 240
141 342 146 342
272 350 274 351
86 352 87 354
165 325 166 327
39 11 40 13
176 378 181 378
107 160 108 162
110 19 112 20
71 290 71 295
78 339 83 339
95 50 97 51
94 249 99 249
193 170 198 170
246 1 247 3
264 48 265 50
235 92 240 92
72 94 77 94
50 158 52 159
108 434 109 436
166 329 171 329
62 48 63 50
34 197 34 202
48 452 53 452
61 171 66 171
77 400 82 400
34 209 38 209
31 68 36 68
181 10 186 10
174 20 176 21
175 203 180 203
245 121 246 123
128 81 129 83
112 391 117 391
195 286 200 286
140 96 145 96
221 403 222 405
13 139 18 139
68 211 73 211
249 287 251 288
57 181 62 181
156 23 157 25
123 82 125 83
225 59 230 59
114 290 116 291
148 339 148 344
53 33 55 34
192 79 197 79
32 333 33 335
266 180 271 180
43 359 43 364
223 160 228 160
102 335 103 337
158 297 163 297
269 243 274 243
149 43 151 44
1 447 6 447
132 281 134 282
74 403 79 403
171 351 176 351
62 31 67 31
215 317 215 322
46 305 48 306
160 177 161 179
216 185 221 185
256 238 258 239
257 146 262 146
168 378 169 380
0 200 0 205
175 238 176 240
241 51 246 51
26 320 27 322
35 432 40 432
241 152 242 154
183 317 188 317
171 112 172 114
236 219 237 221
144 425 146 426
110 434 111 436
254 313 258 313
230 168 235 168
30 270 32 271
19 427 24 427
167 411 168 413
151 148 152 150
270 374 270 379
97 268 97 273
231 159 235 159
229 302 234 302
62 392 62 397
270 273 271 275
25 176 26 177
156 223 157 225
160 205 165 205
2 324 4 325
88 78 93 78
65 19 70 19
185 150 187 151
251 452 256 452
87 131 92 131
250 427 253 427
201 64 201 69
213 177 218 177
68 3 68 8
135 75 135 80
60 44 65 44
173 216 178 216
3 233 3 238
260 236 261 237
156 67 157 68
63 324 67 324
181 272 181 277
205 361 206 363
116 63 121 63
111 33 112 35
37 321 37 326
222 164 224 165
180 0 180 5
211 9 213 10
208 144 209 146
271 383 274 383
250 191 255 191
85 109 86 111
229 167 234 167
174 26 175 28
241 315 243 316
215 390 216 392
149 129 154 129
131 64 133 65
33 429 33 434
136 386 136 391
60 346 62 347
101 242 106 242
270 367 272 368
215 242 216 244
236 447 237 449
239 403 240 405
152 98 154 99
150 83 150 88
226 197 227 199
215 186 220 186
198 184 200 185
220 256 225 256
244 321 249 321
263 127 265 128
134 280 139 280
21 16 26 16
103 399 105 400
54 346 56 347
274 218 274 222
173 0 173 5
67 255 69 256
254 434 255 436
5 204 5 209
1 244 1 249
3 80 3 85
194 327 194 330
22 248 24 249
211 3 216 3
61 191 62 193
58 33 58 38
196 381 198 382
10 289 11 291
105 193 107 194
78 344 79 346
241 311 242 312
186 278 188 279
232 183 232 188
39 413 40 415
118 70 120 71
95 451 97 452
15 211 20 211
164 333 164 338
171 217 176 217
248 170 248 175
205 69 210 69
5 286 7 287
251 81 256 81
74 362 78 362
133 203 138 203
175 366 180 366
257 124 262 124
40 154 41 156
203 255 208 255
80 341 80 346
142 396 147 396
260 289 262 290
94 262 96 263
165 328 170 328
197 394 198 396
11 87 13 88
18 273 20 274
61 156 66 156
120 256 125 256
60 54 60 59
167 447 172 447
37 223 42 223
169 196 171 197
0 402 0 407
157 295 162 295
1 56 1 61
270 36 272 37
31 248 33 249
193 113 194 115
138 54 140 55
88 2 89 4
116 220 118 221
246 89 246 94
25 68 30 68
176 83 178 84
197 105 198 107
139 205 141 206
97 258 99 259
80 229 81 231
108 76 112 76
120 295 121 297
90 212 95 212
103 306 104 308
17 227 22 227
208 415 213 415
178 367 179 369
175 377 180 377
47 192 47 197
232 259 232 264
42 178 47 178
198 27 200 28
152 61 153 63
29 103 31 104
213 201 215 202
44 410 49 410
121 321 123 322
40 143 45 143
195 281 197 282
57 17 57 22
48 177 53 177
115 70 117 71
60 120 60 125
220 74 222 75
126 74 126 79
147 336 148 338
85 270 90 270
23 340 24 342
116 366 121 366
272 130 273 132
255 109 256 111
103 14 104 16
189 127 194 127
163 64 167 64
35 301 37 302
169 6 170 8
204 99 209 99
126 392 127 394
66 44 71 44
147 45 152 45
17 235 21 235
32 103 34 104
227 224 229 225
75 131 80 131
165 34 165 39
51 266 56 266
91 214 92 216
144 379 149 379
47 123 47 128
67 129 69 130
224 158 228 158
189 242 190 244
95 367 96 369
180 14 181 16
150 46 151 48
45 165 45 170
32 152 34 153
44 250 45 252
264 174 269 174
202 301 205 301
211 364 213 365
121 424 126 424
238 62 240 63
202 415 207 415
73 115 78 115
31 154 33 155
175 110 180 110
231 403 232 405
242 382 243 384
178 79 183 79
49 164 49 169
237 248 238 249
58 404 60 405
192 399 194 400
80 265 85 265
141 289 142 291
185 158 187 159
182 385 183 386
88 402 89 404
32 236 34 237
168 168 169 170
84 284 84 289
222 15 223 17
221 186 226 186
226 293 231 293
137 24 142 24
104 434 104 439
157 427 159 428
70 288 72 289
181 119 183 120
81 12 83 13
39 226 44 226
83 257 84 259
200 17 202 18
174 388 176 389
181 70 182 72
261 43 262 45
172 83 175 83
242 104 244 105
76 182 78 183
249 87 249 92
219 21 221 22
151 374 151 379
169 410 169 415
80 313 85 313
212 411 217 411
34 129 36 130
164 66 169 66
197 288 198 290
112 409 114 410
248 30 253 30
222 364 227 364
96 241 100 241
68 412 73 412
266 193 267 195
237 161 242 161
272 207 274 208
200 338 202 339
160 223 161 225
258 232 262 232
129 392 129 397
50 315 50 320
29 446 30 448
22 135 24 136
53 358 54 360
187 275 188 277
240 251 242 252
182 404 184 405
145 0 150 0
138 153 143 153
182 183 183 185
44 2 45 4
78 69 79 71
142 414 144 415
122 87 127 87
138 102 139 104
186 12 187 14
123 320 128 320
57 400 57 405
257 218 257 223
213 275 213 280
193 425 195 426
76 189 81 189
237 144 238 146
148 1 150 2
148 162 153 162
138 274 139 276
131 422 133 423
96 268 96 273
270 270 271 272
215 198 217 199
90 317 90 322
99 33 104 33
84 356 85 358
163 196 165 197
177 49 177 54
234 299 237 299
77 238 78 240
13 423 14 425
128 34 133 34
19 195 20 197
55 14 57 15
99 379 100 381
118 332 120 333
233 425 235 426
261 340 262 341
49 179 50 181
156 147 157 149
236 69 238 70
256 61 261 61
79 28 79 33
209 115 214 115
14 321 19 321
43 72 44 74
184 297 185 299
33 288 38 288
71 394 73 395
60 29 61 31
208 42 213 42
115 200 115 205
171 267 172 269
65 402 67 403
132 269 134 270
90 113 92 114
166 147 166 152
2 231 4 232
97 237 102 237
83 187 88 187
78 273 80 274
37 8 37 13
195 134 200 134
13 16 14 18
163 373 168 373
13 371 14 373
149 385 154 385
17 17 19 18
237 172 239 173
215 167 217 168
3 134 8 134
5 64 7 65
30 353 31 355
173 447 174 449
88 356 88 361
114 185 119 185
132 169 133 171
107 9 108 11
273 103 273 108
191 191 193 192
27 74 28 76
14 298 14 303
136 436 138 437
247 170 247 175
122 443 127 443
40 380 40 385
124 234 126 235
186 400 191 400
242 427 244 428
64 88 64 93
247 339 248 341
248 88 248 93
234 165 236 166
214 124 219 124
214 415 219 415
223 149 224 151
122 60 124 61
78 269 83 269
189 350 193 350
265 343 270 343
2 395 2 400
27 174 28 176
131 190 133 191
133 172 138 172
38 380 38 385
19 376 20 378
158 141 163 141
60 375 65 375
182 12 183 14
85 303 85 308
228 36 233 36
183 47 184 49
212 417 213 419
71 388 76 388
168 450 173 450
32 435 37 435
158 215 160 216
46 313 46 318
66 341 67 343
217 390 220 390
104 222 106 223
132 272 137 272
127 64 128 66
63 413 64 415
10 162 12 163
31 10 32 12
77 416 78 418
159 209 160 211
268 183 270 184
226 83 227 85
217 362 219 363
202 369 202 373
151 342 152 344
200 369 200 373
15 0 20 0
244 112 246 113
269 321 271 322
217 242 218 244
248 180 253 180
53 87 55 88
107 101 107 106
15 412 17 413
238 112 243 112
103 413 108 413
35 414 36 416
177 270 181 270
190 17 190 22
160 180 162 181
263 340 265 341
262 225 263 226
252 235 253 237
272 272 273 274
223 55 228 55
112 3 117 3
102 213 104 214
193 232 193 237
104 319 106 320
79 240 84 240
189 349 193 349
149 65 154 65
55 10 56 12
272 269 273 271
86 433 86 437
255 400 260 400
36 321 36 326
160 14 161 16
232 74 237 74
11 293 16 293
226 52 230 52
67 112 72 112
159 410 160 412
157 137 162 137
34 334 36 335
132 29 137 29
266 221 267 222
8 90 10 91
182 257 187 257
249 280 254 280
191 8 191 13
77 413 78 415
169 174 172 174
273 439 273 444
46 94 47 95
99 445 104 445
209 416 214 416
5 275 5 280
92 451 94 452
223 111 224 113
116 319 118 320
16 12 16 15
166 399 171 399
194 196 194 200
84 438 89 438
15 429 16 431
231 165 233 166
0 6 0 11
149 141 151 142
158 34 160 35
247 325 248 327
3 298 4 300
241 95 246 95
216 164 218 165
170 448 172 449
238 271 243 271
168 198 173 198
179 426 181 427
105 136 107 137
51 155 52 157
242 47 243 49
63 55 64 57
122 139 122 144
106 418 111 418
134 318 139 318
148 3 153 3
220 4 221 6
26 127 31 127
225 50 230 50
30 200 30 205
5 377 7 378
64 397 69 397
167 21 168 23
230 279 235 279
74 440 75 441
155 43 157 44
66 232 67 234
188 179 189 180
168 266 169 268
195 292 200 292
122 41 123 43
120 153 125 153
198 291 203 291
80 154 81 156
4 366 6 367
142 113 142 118
12 190 14 191
175 106 180 106
156 56 161 56
261 437 266 437
234 188 239 188
130 28 135 28
264 138 264 143
230 162 232 163
143 346 144 348
151 321 156 321
143 152 148 152
124 30 126 31
64 138 69 138
146 286 148 287
115 322 120 322
167 194 172 194
35 439 40 439
105 143 110 143
14 131 14 136
35 426 35 431
202 75 207 75
265 273 266 275
111 323 116 323
270 279 274 279
108 290 113 290
256 26 258 27
108 378 113 378
223 395 228 395
89 255 90 257
59 398 59 403
200 152 200 157
112 427 117 427
149 177 151 178
74 167 74 172
31 76 36 76
191 272 196 272
48 373 48 378
238 113 243 113
187 355 188 357
174 54 174 59
201 202 202 203
158 9 159 11
199 375 201 376
159 105 164 105
64 349 66 350
232 42 233 44
92 384 94 385
208 313 213 313
96 250 98 251
187 206 188 208
172 161 173 163
220 84 221 86
180 343 180 348
189 401 194 401
143 162 143 167
225 452 230 452
76 11 81 11
64 365 66 366
184 243 185 245
50 331 52 332
81 135 82 137
209 396 211 397
225 229 230 229
269 410 271 411
27 134 32 134
152 384 157 384
268 321 268 326
272 275 274 276
164 67 166 68
225 398 226 400
106 96 111 96
216 317 216 322
227 431 228 433
72 232 74 233
250 102 251 104
105 345 107 346
74 412 79 412
84 223 84 227
78 179 83 179
41 429 42 431
82 440 84 441
115 254 115 259
97 47 98 49
71 337 73 338
84 146 89 146
239 432 241 433
8 46 8 51
69 352 69 357
0 396 0 401
132 312 137 312
77 128 78 130
210 48 215 48
250 434 251 436
46 26 51 26
61 71 61 76
27 395 27 400
100 152 101 154
141 183 146 183
181 260 186 260
127 415 132 415
137 268 142 268
236 168 240 168
80 141 82 142
263 77 263 82
165 312 165 317
140 343 141 345
134 191 134 196
208 71 209 73
13 382 15 383
61 176 62 178
67 326 69 327
88 207 89 209
160 276 161 278
223 270 223 275
4 63 4 68
182 15 187 15
247 360 252 360
273 264 274 266
49 376 50 378
138 147 143 147
215 178 220 178
251 428 253 429
7 101 12 101
50 152 51 154
59 297 64 297
259 357 261 358
140 276 145 276
78 180 83 180
252 364 254 365
267 178 272 178
60 158 65 158
24 174 26 175
259 42 259 47
40 341 42 342
88 71 92 71
60 20 62 21
193 70 195 71
247 429 247 433
32 305 33 307
162 352 164 353
261 111 261 116
268 365 270 366
23 376 24 378
262 379 263 381
73 340 78 340
256 304 261 304
131 277 136 277
250 265 254 265
61 33 62 35
260 62 265 62
65 329 70 329
252 287 254 288
19 242 20 244
90 207 91 209
211 61 216 61
182 34 183 36
180 242 185 242
1 14 1 19
69 0 70 2
64 370 69 370
62 58 64 59
51 321 52 323
187 301 187 306
75 12 80 12
203 143 208 143
142 296 143 298
96 22 101 22
264 281 266 282
117 146 122 146
95 242 100 242
196 246 201 246
136 274 137 276
174 202 174 207
84 303 84 308
92 124 97 124
100 14 102 15
196 397 198 398
183 423 184 425
51 292 51 297
153 147 155 148
165 391 167 392
176 426 178 427
138 29 143 29
197 15 198 16
115 97 116 99
44 155 46 156
196 423 197 425
244 49 246 50
111 252 113 253
63 141 68 141
60 167 65 167
253 158 258 158
132 192 132 197
141 30 142 32
171 179 173 180
13 209 14 211
261 139 261 144
94 258 96 259
83 188 88 188
114 176 119 176
118 254 120 255
53 161 54 163
103 432 103 437
55 173 56 175
63 196 67 196
96 339 96 344
29 438 31 439
230 8 235 8
147 182 149 183
3 251 4 253
184 183 185 185
191 219 192 221
61 45 62 47
126 226 126 230
0 390 0 395
211 420 213 421
242 248 244 249
272 298 272 303
61 182 63 183
233 256 238 256
83 398 84 400
165 262 166 264
117 289 118 291
48 55 53 55
249 185 249 190
13 48 15 49
172 142 172 147
169 190 171 191
202 62 202 67
158 78 163 78
193 20 194 22
250 267 252 268
267 320 271 320
52 227 53 229
231 397 236 397
247 183 249 184
169 79 174 79
227 149 228 151
132 147 132 152
261 95 262 97
183 199 183 204
162 232 167 232
28 384 33 384
26 329 27 331
33 64 34 66
91 109 93 110
157 155 159 156
190 223 192 224
112 315 117 315
131 226 133 227
198 77 199 79
91 255 92 257
186 16 187 18
32 387 33 389
247 103 249 104
75 392 77 393
91 232 92 234
43 50 48 50
77 267 82 267
243 90 244 92
216 388 218 389
240 188 245 188
272 53 274 54
245 396 250 396
92 187 93 188
135 6 136 8
219 447 221 448
243 85 245 86
181 22 183 23
182 426 184 427
141 425 143 426
75 162 80 162
133 378 138 378
91 303 91 308
116 444 118 445
113 334 118 334
182 390 183 392
8 135 8 140
117 1 119 2
41 79 43 80
223 224 225 225
145 75 146 77
268 102 268 107
190 188 191 190
98 299 99 301
23 170 28 170
165 422 165 427
52 394 52 399
0 246 0 251
70 271 72 272
177 329 178 331
139 58 140 60
136 347 138 348
239 232 240 234
131 112 136 112
185 447 187 448
139 144 141 145
239 284 240 286
33 446 34 448
171 226 171 231
227 290 228 292
47 120 52 120
156 334 157 336
236 81 236 86
106 386 108 387
166 299 167 301
38 146 39 148
57 161 58 163
137 350 142 350
251 139 256 139
217 121 222 121
4 32 4 37
253 238 255 239
265 138 265 143
241 423 241 428
58 330 60 331
117 9 122 9
260 161 261 163
75 63 75 68
56 354 56 359
69 81 69 86
195 372 195 377
233 45 238 45
37 143 39 144
53 259 54 261
86 322 86 327
111 132 111 137
270 267 272 268
69 340 72 340
43 151 48 151
153 241 155 242
60 42 62 43
175 164 180 164
121 237 126 237
48 78 53 78
188 182 193 182
68 261 70 262
151 0 152 2
242 37 247 37
269 33 272 33
160 140 165 140
75 398 76 400
136 438 141 438
91 112 96 112
263 254 264 256
136 329 141 329
29 45 34 45
260 226 261 228
123 64 124 66
51 411 52 413
0 167 0 172
184 217 186 218
3 137 4 139
76 0 81 0
156 435 161 435
133 6 134 8
174 74 175 76
213 346 214 348
136 392 136 397
181 41 181 46
152 432 153 434
119 287 120 289
14 57 16 58
21 201 22 203
223 429 228 429
20 420 22 421
194 209 199 209
269 181 271 182
173 49 173 54
178 148 178 152
107 146 108 148
170 342 175 342
209 300 214 300
219 37 220 39
98 365 103 365
139 198 140 200
247 276 249 277
179 73 184 73
143 231 148 231
271 438 274 438
67 92 69 93
67 59 72 59
25 239 30 239
273 368 274 370
37 161 39 162
46 166 46 171
23 204 25 205
231 154 236 154
185 4 187 5
210 164 212 165
7 416 7 421
53 18 54 20
192 69 197 69
264 286 264 291
189 355 190 357
230 224 231 226
274 439 274 444
49 90 54 90
236 422 241 422
14 271 19 271
106 131 107 133
240 226 245 226
251 438 252 440
15 448 17 449
126 83 127 85
59 52 61 53
258 21 263 21
59 235 61 236
178 384 183 384
144 228 149 228
170 241 175 241
34 171 36 172
139 338 144 338
228 388 231 388
153 401 158 401
212 207 214 208
255 214 256 216
186 127 188 128
50 363 50 367
234 447 235 449
78 60 79 62
148 60 153 60
64 94 69 94
1 375 1 380
226 206 226 211
10 185 11 187
182 41 183 43
192 133 192 138
219 24 224 24
230 152 235 152
209 128 211 129
56 33 57 35
124 322 125 324
202 394 204 395
30 41 31 43
83 175 85 176
58 241 59 243
220 19 222 20
158 145 163 145
151 97 156 97
105 323 110 323
142 436 143 438
8 231 8 236
5 305 5 310
105 414 107 415
130 62 135 62
229 337 230 339
70 79 70 84
11 188 13 189
166 331 168 332
145 378 149 378
109 34 110 36
271 298 271 303
49 262 54 262
98 116 99 118
233 446 237 446
43 381 43 386
26 137 26 142
120 400 121 402
264 77 264 82
1 381 3 382
168 428 170 429
254 99 256 100
161 410 162 412
127 100 131 100
26 87 28 88
128 366 130 367
106 447 107 449
190 415 195 415
15 304 15 309
162 347 167 347
63 145 63 150
8 345 8 350
201 145 204 145
91 163 96 163
155 15 157 16
155 98 160 98
199 369 199 373
219 76 221 77
41 122 42 124
243 308 244 310
166 59 167 61
134 119 135 121
151 272 152 274
264 379 265 381
88 186 93 186
103 417 108 417
246 182 251 182
187 56 189 57
57 212 57 217
217 383 219 384
182 107 184 108
19 352 24 352
212 170 213 172
224 374 228 374
5 417 5 422
77 241 82 241
191 0 192 2
255 17 256 19
33 197 33 202
170 117 170 122
19 353 23 353
199 108 200 110
32 423 37 423
37 315 37 320
101 168 105 168
49 386 50 388
35 321 35 326
271 221 273 222
43 109 48 109
132 292 136 292
111 428 112 430
161 218 165 218
188 191 190 192
181 418 182 420
166 409 171 409
229 304 234 304
51 238 52 240
154 192 156 193
183 170 184 172
129 110 134 110
198 80 200 81
163 193 164 195
188 393 193 393
211 265 211 270
202 417 203 419
195 113 196 115
39 290 41 291
34 332 36 333
157 17 161 17
26 309 28 310
21 207 26 207
11 90 13 91
30 303 35 303
160 354 162 355
47 216 48 218
254 149 256 150
81 8 82 10
223 88 224 90
213 60 218 60
66 56 71 56
85 386 87 387
57 436 58 438
44 271 49 271
239 38 241 39
209 401 210 403
89 177 89 182
16 32 16 37
59 124 59 128
96 274 98 275
18 349 23 349
186 354 191 354
137 204 137 209
236 111 241 111
218 116 223 116
80 132 85 132
47 158 49 159
14 164 15 166
106 156 107 157
61 404 66 404
222 13 224 14
167 325 168 327
180 387 185 387
141 346 142 348
9 92 14 92
57 354 57 359
49 216 50 218
37 328 37 333
269 120 270 122
67 131 72 131
264 305 264 310
21 209 22 211
47 227 49 228
105 146 106 148
60 212 62 213
237 169 238 171
239 152 240 154
46 110 47 112
181 104 182 106
35 164 39 164
47 13 52 13
35 342 39 342
1 286 1 291
49 150 51 151
152 228 152 233
167 40 168 42
55 17 55 22
204 234 206 235
69 42 71 43
148 301 153 301
144 38 145 40
220 246 225 246
71 238 71 243
86 284 86 289
82 314 84 315
224 5 229 5
113 175 118 175
160 9 161 11
95 383 96 385
30 336 32 337
30 171 31 173
197 17 199 18
245 53 247 54
257 78 262 78
229 53 230 55
31 62 36 62
203 202 204 203
96 363 97 365
108 437 110 438
52 11 54 12
147 61 149 62
130 234 132 235
223 362 225 363
246 279 251 279
18 404 18 409
176 94 177 96
256 51 261 51
245 87 247 88
244 283 249 283
105 434 106 435
64 48 65 50
171 353 173 354
137 25 142 25
156 396 158 397
33 87 34 88
154 310 155 312
270 323 271 325
172 187 174 188
144 381 145 383
60 180 65 180
125 347 125 352
24 434 29 434
165 269 167 270
215 361 216 363
187 47 188 49
38 152 40 153
75 167 76 169
197 231 202 231
109 421 110 423
263 371 263 376
138 121 143 121
29 168 30 170
199 287 200 289
253 171 256 171
101 432 101 437
237 435 238 437
253 209 258 209
68 227 70 228
232 13 234 14
1 449 6 449
45 80 46 82
260 203 261 205
80 257 81 259
188 18 188 23
69 6 74 6
53 155 53 160
108 97 108 102
143 27 148 27
91 65 96 65
137 290 138 292
264 430 265 432
33 238 35 239
234 317 236 318
192 210 197 210
170 215 174 215
83 303 83 308
38 117 40 118
47 97 52 97
4 111 5 113
199 13 200 15
239 15 241 16
72 317 77 317
167 77 169 78
67 58 72 58
217 335 218 337
192 306 197 306
195 184 197 185
26 408 27 410
247 49 247 52
210 440 212 441
272 141 273 142
21 334 22 336
126 80 127 82
241 276 243 277
32 181 33 183
57 30 59 31
75 291 75 296
99 110 101 111
69 231 74 231
84 231 89 231
20 220 25 220
44 204 45 206
255 218 255 223
232 140 233 142
28 179 33 179
29 204 29 209
72 339 77 339
273 44 274 46
102 159 103 161
200 66 200 71
237 189 238 191
89 99 91 100
15 248 15 253
148 320 153 320
143 44 148 44
253 210 258 210
130 353 132 354
195 20 196 22
5 415 10 415
197 417 199 418
52 14 54 15
0 233 2 234
129 404 130 406
208 0 209 2
172 384 177 384
6 247 7 249
222 185 227 185
16 302 16 307
32 63 37 63
219 261 221 262
114 1 116 2
63 203 63 208
92 211 95 211
11 374 16 374
39 83 44 83
55 355 55 360
97 383 98 385
76 437 78 438
132 447 133 449
38 221 43 221
125 413 130 413
60 209 61 211
157 76 161 76
256 98 259 98
31 416 32 418
183 178 184 180
68 33 68 38
183 104 184 106
231 398 236 398
268 340 269 342
179 423 180 425
204 53 205 55
56 126 57 128
178 70 180 71
200 346 205 346
249 292 250 294
106 1 108 2
272 340 274 341
108 288 113 288
1 304 1 309
131 6 132 8
199 187 204 187
100 397 101 399
214 377 219 377
65 179 70 179
13 163 18 163
195 80 197 81
87 22 92 22
82 341 82 346
261 339 266 339
156 79 158 80
239 54 244 54
219 265 219 270
263 207 265 208
177 421 179 422
25 334 26 336
115 328 116 330
263 179 268 179
212 321 212 326
150 369 155 369
200 209 205 209
88 177 88 182
109 1 110 3
11 93 16 93
246 245 246 250
238 253 243 253
164 341 166 342
104 416 109 416
245 114 250 114
234 147 239 147
185 352 190 352
243 250 244 252
212 63 213 65
46 55 47 57
133 451 135 452
69 235 74 235
254 344 255 346
41 386 42 387
97 255 98 257
64 195 68 195
188 74 189 76
263 124 264 126
265 286 267 287
39 230 44 230
118 25 120 26
135 294 140 294
202 387 207 387
135 194 136 196
124 186 126 187
217 343 219 344
256 189 257 191
0 318 0 323
57 197 58 199
222 28 223 30
16 354 21 354
69 236 74 236
207 305 207 310
82 164 82 169
160 142 165 142
209 163 214 163
254 392 259 392
237 126 238 128
42 149 47 149
142 399 147 399
67 300 72 300
59 285 61 286
251 114 252 116
102 269 103 271
190 217 192 218
167 319 172 319
241 356 243 357
21 74 22 76
151 430 153 431
49 398 49 403
228 389 233 389
97 386 99 387
263 273 264 275
30 46 32 47
95 47 96 49
129 261 129 266
237 318 237 323
204 205 206 206
58 68 60 69
273 428 273 433
224 58 228 58
253 95 254 97
257 63 262 63
31 86 36 86
41 126 42 128
183 353 188 353
42 30 44 31
59 209 59 213
133 373 134 375
50 89 55 89
176 146 178 147
26 126 31 126
65 57 66 59
268 363 269 364
3 204 3 209
5 413 7 414
71 260 72 262
273 337 274 339
149 374 149 377
260 306 260 311
86 28 87 30
15 277 16 278
120 394 121 396
242 210 242 215
106 408 107 410
43 150 48 150
148 184 153 184
224 270 224 275
103 339 104 341
263 231 265 232
130 390 130 395
48 14 49 16
37 174 38 176
36 260 38 261
199 152 199 157
28 248 28 253
200 29 200 34
107 329 110 329
163 32 165 33
164 339 167 339
158 223 159 225
73 422 73 427
117 104 118 106
264 66 268 66
243 282 248 282
113 316 115 317
48 56 50 57
177 149 177 154
194 188 195 189
153 72 154 74
7 145 12 145
134 197 139 197
5 426 10 426
192 337 193 339
274 353 274 358
143 352 148 352
25 426 26 428
38 386 40 387
42 452 47 452
246 429 246 434
76 5 76 10
69 87 72 87
134 213 135 214
204 71 205 73
23 300 24 302
219 88 220 90
78 229 79 231
166 37 167 39
232 164 237 164
41 135 46 135
207 436 209 437
103 318 108 318
139 392 140 394
115 251 120 251
4 46 4 51
254 130 255 132
90 146 95 146
120 68 125 68
56 393 56 398
68 229 70 230
12 164 13 166
264 136 269 136
239 53 244 53
19 350 21 351
99 175 101 176
253 15 258 15
18 442 19 443
86 264 88 265
2 173 4 174
54 445 59 445
158 393 160 394
225 165 230 165
95 117 97 118
7 233 7 238
22 350 24 351
80 316 85 316
127 358 128 360
268 280 273 280
40 48 42 49
247 31 252 31
11 157 16 157
78 1 83 1
65 359 69 359
228 425 229 427
213 424 215 425
210 59 212 60
126 139 131 139
34 246 35 248
260 46 262 47
186 175 186 180
162 206 167 206
186 6 187 8
188 318 193 318
64 411 66 412
12 146 12 151
71 230 76 230
23 107 24 109
17 350 18 352
248 27 249 29
94 156 99 156
94 64 99 64
269 192 274 192
239 239 244 239
261 48 263 49
253 208 258 208
207 247 212 247
143 247 148 247
181 47 182 49
60 157 65 157
109 411 110 413
150 80 151 82
106 339 106 344
190 130 190 135
75 114 80 114
166 119 167 121
250 82 252 83
207 202 212 202
233 148 238 148
123 226 125 227
62 203 62 208
8 161 13 161
182 173 187 173
250 32 252 33
162 266 163 268
84 433 85 435
162 146 167 146
174 354 179 354
72 32 73 34
150 56 155 56
137 34 139 35
143 124 148 124
62 398 64 399
142 403 147 403
122 434 127 434
107 242 112 242
98 35 103 35
24 247 29 247
182 98 187 98
239 219 239 222
152 323 153 325
156 89 156 93
133 192 133 197
232 90 234 91
104 215 109 215
45 198 45 203
190 205 190 210
67 168 67 173
4 233 6 234
83 388 88 388
252 102 253 104
49 160 50 162
203 80 204 82
252 305 252 310
103 311 105 312
182 199 182 204
207 116 212 116
111 1 113 2
219 242 220 244
99 294 104 294
139 154 144 154
57 393 57 398
35 103 36 105
14 333 14 338
1 423 1 428
220 91 222 92
124 97 126 98
241 304 241 307
32 429 32 434
142 68 144 69
232 447 233 449
259 64 261 65
26 171 27 173
185 170 186 172
212 352 212 357
40 264 40 269
87 422 89 423
140 424 145 424
194 390 196 391
16 273 17 275
65 313 66 315
271 332 271 336
182 378 183 380
167 333 169 334
271 337 272 338
90 374 95 374
262 338 267 338
51 400 51 405
57 10 58 12
188 134 188 139
20 117 25 117
37 286 41 286
35 174 36 176
174 428 176 429
48 356 52 356
46 328 47 330
166 52 168 53
133 0 138 0
82 437 83 439
165 207 167 208
268 276 269 278
197 365 198 367
52 375 53 377
85 284 85 289
243 429 245 430
36 298 41 298
163 396 164 398
250 306 250 311
85 177 87 178
124 86 129 86
58 14 58 19
36 445 41 445
134 300 136 301
207 59 209 60
96 66 101 66
28 304 33 304
25 135 27 136
13 131 13 136
50 398 50 403
259 123 264 123
113 388 114 390
197 321 199 322
50 352 55 352
60 113 61 115
85 340 85 344
126 113 128 114
181 127 183 128
204 297 205 299
121 75 122 77
196 323 198 324
28 0 33 0
150 89 155 89
226 166 230 166
95 270 95 275
185 155 186 157
126 435 127 437
198 43 198 48
0 252 0 257
181 199 181 204
190 385 195 385
239 186 241 187
190 194 195 194
130 148 130 153
206 98 211 98
258 269 263 269
200 393 205 393
145 251 146 253
196 372 196 377
100 59 102 60
16 264 21 264
213 259 217 259
189 205 189 210
235 297 236 298
247 33 249 34
139 65 140 67
203 304 208 304
228 145 230 146
252 21 257 21
5 439 5 444
189 156 193 156
241 62 243 63
173 17 174 19
220 269 221 270
86 77 91 77
129 116 131 117
239 72 241 73
158 100 158 105
193 80 194 82
149 391 150 393
167 262 169 263
39 380 39 385
0 438 0 443
182 174 187 174
225 149 226 151
68 232 69 234
121 93 121 98
255 450 257 451
199 66 199 71
149 279 151 280
8 242 9 244
223 78 225 79
246 232 251 232
197 307 199 308
137 392 138 394
2 135 7 135
7 152 9 153
181 94 183 95
71 411 76 411
134 34 136 35
156 393 157 395
81 222 86 222
43 428 45 429
249 266 254 266
251 67 254 67
116 352 121 352
266 62 267 64
245 292 246 294
167 344 172 344
212 19 214 20
74 437 75 439
130 451 132 452
50 354 55 354
186 181 187 183
85 91 87 92
243 311 245 312
136 430 136 435
177 175 182 175
13 272 15 273
160 298 165 298
8 87 10 88
252 369 254 370
113 51 113 56
56 17 56 22
222 21 224 22
207 203 208 205
219 340 221 341
38 328 38 333
28 240 33 240
122 151 124 152
24 89 29 89
214 375 219 375
147 391 148 393
217 114 222 114
180 326 182 327
260 93 265 93
137 142 142 142
166 34 167 36
109 222 110 224
58 57 59 59
95 260 97 261
14 426 14 431
33 270 34 272
218 10 223 10
62 416 65 416
58 157 59 159
130 424 132 425
16 248 16 253
236 360 240 360
269 391 270 393
130 447 131 449
236 159 237 160
73 81 75 82
165 320 167 321
123 80 125 81
63 346 65 347
183 398 188 398
162 115 163 117
104 35 105 37
88 386 90 387
68 334 70 335
152 226 154 227
248 336 253 336
58 179 63 179
165 407 170 407
245 103 246 104
185 58 187 59
46 301 51 301
143 192 143 195
17 348 22 348
195 334 199 334
219 388 221 389
197 368 202 368
44 269 49 269
160 63 165 63
37 310 42 310
189 99 189 104
202 269 203 271
90 245 91 247
86 244 91 244
80 242 81 243
83 334 85 335
83 325 83 330
84 328 84 333
78 321 83 321
77 334 82 334
224 423 227 423
219 424 221 425
219 431 221 432
224 432 226 433
240 295 242 296
238 293 242 293
238 294 242 294
6 41 7 43
5 38 5 43
9 40 9 45
3 44 8 44
212 147 217 147
212 148 217 148
212 151 214 152
213 150 218 150
215 149 220 149
218 147 220 148
219 150 220 152
221 147 221 152
222 147 222 152
