37088
0 0 0 9
0 10 0 19
0 20 0 29
0 30 0 39
0 40 4 41
0 42 0 51
0 52 0 61
0 62 0 71
0 72 0 81
0 82 0 91
0 92 0 101
0 102 0 111
0 112 0 121
0 122 4 123
0 124 1 128
0 129 0 138
0 139 0 148
0 149 0 158
0 159 0 168
0 169 0 178
0 179 0 188
0 189 0 198
0 199 0 208
0 209 1 213
0 214 0 223
0 224 0 233
0 234 0 243
0 244 9 244
0 245 1 249
0 250 0 259
0 260 0 269
0 270 0 279
0 280 0 289
0 290 0 299
0 300 0 309
0 310 4 311
0 312 4 313
0 314 0 323
0 324 0 333
0 334 0 343
0 344 0 353
0 354 0 363
0 364 0 373
0 374 0 383
0 384 0 393
0 394 1 398
1 0 1 9
1 10 1 19
1 20 1 29
1 30 1 39
1 42 1 51
1 52 1 61
1 62 2 66
1 67 1 76
1 77 1 86
1 87 1 96
1 97 5 98
1 99 1 108
1 109 1 118
1 119 5 120
1 121 10 121
1 129 1 138
1 139 2 143
1 144 1 153
1 154 1 163
1 164 1 173
1 174 1 183
1 184 1 193
1 194 1 203
1 204 2 208
1 214 1 223
1 224 1 233
1 234 1 243
1 250 1 259
1 260 1 269
1 270 2 274
1 275 1 284
1 285 1 294
1 295 1 304
1 305 2 309
1 314 1 323
1 324 1 333
1 334 1 343
1 344 1 353
1 354 1 363
1 364 1 373
1 374 1 383
1 384 1 393
2 0 2 9
2 10 2 19
2 20 2 29
2 30 2 39
2 42 2 51
2 52 6 53
2 54 3 58
2 59 6 60
2 67 2 76
2 77 2 86
2 87 2 96
2 99 2 108
2 109 2 118
2 124 2 133
2 134 3 138
2 144 2 153
2 154 2 163
2 164 2 173
2 174 2 183
2 184 2 193
2 194 2 203
2 209 2 218
2 219 2 228
2 229 2 238
2 239 3 243
2 245 2 254
2 255 2 264
2 265 3 269
2 275 2 284
2 285 2 294
2 295 2 304
2 314 2 323
2 324 3 328
2 329 2 338
2 339 2 348
2 349 2 358
2 359 2 368
2 369 2 378
2 379 2 388
2 389 2 398
3 0 3 9
3 10 3 19
3 20 3 29
3 30 3 39
3 42 3 51
3 61 3 70
3 71 3 80
3 81 3 90
3 91 4 95
3 96 12 96
3 99 3 108
3 109 4 113
3 114 4 118
3 124 3 133
3 139 3 148
3 149 3 158
3 159 3 168
3 169 4 173
3 174 3 183
3 184 3 193
3 194 3 203
3 204 3 213
3 214 3 223
3 224 3 233
3 234 4 238
3 245 3 254
3 255 3 264
3 270 3 279
3 280 3 289
3 290 3 299
3 300 4 304
3 305 4 309
3 314 3 323
3 329 3 338
3 339 3 348
3 349 3 358
3 359 7 360
3 361 3 370
3 371 3 380
3 381 3 390
3 391 4 395
3 396 7 397
3 398 8 398
4 0 4 9
4 10 4 19
4 20 4 29
4 30 4 39
4 42 4 51
4 54 5 58
4 61 4 70
4 71 4 80
4 81 4 90
4 99 4 108
4 124 4 133
4 134 5 138
4 139 4 148
4 149 4 158
4 159 4 168
4 174 4 183
4 184 5 188
4 189 4 198
4 199 4 208
4 209 4 218
4 219 4 228
4 229 5 233
4 239 5 243
4 245 4 254
4 255 4 264
4 265 4 274
4 275 4 283
4 284 4 293
4 294 8 295
4 296 8 297
4 298 8 299
4 314 4 323
4 324 4 333
4 334 4 343
4 344 4 353
4 354 5 358
4 361 4 370
4 371 4 380
4 381 4 390
5 0 5 9
5 10 5 19
5 20 5 29
5 30 5 39
5 40 14 40
5 41 5 50
5 51 14 51
5 61 5 70
5 71 5 80
5 81 5 90
5 91 6 95
5 99 5 108
5 109 5 118
5 122 5 131
5 132 9 133
5 139 6 143
5 144 5 153
5 154 5 163
5 164 5 173
5 174 5 183
5 189 5 198
5 199 5 208
5 209 5 218
5 219 6 223
5 224 9 225
5 226 9 227
5 228 14 228
5 234 6 238
5 245 5 254
5 255 5 264
5 265 5 274
5 275 5 284
5 285 6 289
5 290 9 291
5 292 9 293
5 300 5 309
5 310 5 319
5 320 9 321
5 322 5 331
5 332 6 336
5 337 9 338
5 339 14 339
5 340 14 340
5 341 6 345
5 346 6 350
5 351 9 352
5 353 14 353
5 361 5 370
5 371 6 375
5 376 5 385
5 386 5 395
6 0 6 9
6 10 6 19
6 20 6 29
6 30 6 39
6 41 6 50
6 54 7 58
6 61 6 70
6 71 6 80
6 81 6 90
6 97 6 106
6 107 7 111
6 112 7 116
6 117 15 117
6 118 15 118
6 119 10 120
6 122 6 131
6 134 7 138
6 144 6 153
6 154 6 163
6 164 6 173
6 174 6 183
6 184 10 185
6 186 6 195
6 196 6 205
6 206 6 215
6 216 10 217
6 218 15 218
6 229 7 233
6 239 7 243
6 245 7 249
6 250 6 259
6 260 6 269
6 270 6 279
6 280 7 284
6 300 6 309
6 310 6 319
6 322 6 331
6 354 7 358
6 361 6 370
6 376 6 385
6 386 7 390
6 391 7 395
7 0 8 4
7 5 8 9
7 10 7 19
7 20 7 29
7 30 8 34
7 35 11 36
7 37 11 38
7 39 16 39
7 42 11 43
7 44 8 48
7 49 11 50
7 52 11 53
7 59 7 68
7 69 7 78
7 79 7 88
7 89 8 93
7 94 11 95
7 97 8 101
7 102 8 106
7 122 7 131
7 139 7 148
7 149 8 153
7 154 11 155
7 156 11 157
7 158 7 167
7 168 7 177
7 178 8 182
7 183 16 183
7 186 7 195
7 196 7 205
7 206 7 215
7 219 8 223
7 234 8 238
7 250 7 259
7 260 7 269
7 270 7 279
7 286 16 286
7 287 11 288
7 289 16 289
7 300 7 309
7 310 8 314
7 315 8 319
7 322 7 331
7 332 8 336
7 341 7 350
7 361 7 370
7 371 7 380
7 381 8 385
8 10 8 19
8 20 8 29
8 54 8 63
8 64 8 73
8 74 8 83
8 84 9 88
8 107 12 108
8 109 12 110
8 111 9 115
8 116 17 116
8 122 8 131
8 134 8 143
8 144 9 148
8 158 8 167
8 168 8 177
8 186 8 195
8 196 8 205
8 206 8 215
8 229 9 233
8 239 9 243
8 245 8 254
8 255 8 264
8 265 8 274
8 275 8 283
8 284 12 285
8 300 8 309
8 322 8 331
8 341 8 350
8 354 8 363
8 364 17 364
8 365 9 369
8 370 8 379
8 380 17 380
8 386 8 395
8 396 17 396
9 0 9 9
9 10 9 19
9 20 9 29
9 30 10 34
9 44 10 48
9 54 9 63
9 64 9 73
9 74 9 83
9 89 10 93
9 97 9 106
9 122 9 131
9 134 9 143
9 149 10 153
9 158 9 167
9 168 9 177
9 178 10 182
9 186 9 195
9 196 9 205
9 206 9 215
9 219 13 220
9 221 18 221
9 222 13 223
9 234 10 238
9 245 9 254
9 255 9 264
9 265 9 274
9 275 10 279
9 280 13 281
9 282 13 283
9 294 9 303
9 304 9 313
9 314 10 318
9 319 18 319
9 322 9 331
9 332 10 336
9 341 9 350
9 354 9 363
9 370 9 379
9 381 10 385
9 386 13 387
9 388 13 389
9 390 18 390
9 392 13 393
9 394 13 395
9 397 13 398
10 0 10 9
10 10 10 19
10 20 11 24
10 25 19 25
10 26 19 26
10 27 14 28
10 29 19 29
10 54 10 63
10 64 10 73
10 74 10 83
10 84 11 88
10 97 10 106
10 111 14 112
10 113 14 114
10 115 19 115
10 122 10 131
10 132 10 141
10 142 11 146
10 147 14 148
10 158 11 162
10 163 10 172
10 173 11 177
10 186 10 195
10 196 11 200
10 201 10 210
10 211 11 215
10 224 14 225
10 226 14 227
10 229 14 230
10 231 14 232
10 233 19 233
10 239 10 248
10 249 11 253
10 254 10 263
10 264 10 273
10 274 19 274
10 290 10 299
10 300 10 309
10 310 14 311
10 312 19 312
10 313 19 313
10 320 10 329
10 330 14 331
10 337 14 338
10 341 11 345
10 346 14 347
10 348 14 349
10 350 14 351
10 352 18 352
10 354 10 363
10 365 10 374
10 375 11 379
10 391 19 391
11 0 11 9
11 10 11 19
11 30 12 34
11 41 20 41
11 44 12 48
11 54 11 63
11 64 15 65
11 66 11 75
11 76 12 80
11 81 15 82
11 83 20 83
11 89 12 93
11 97 11 106
11 119 11 128
11 129 11 138
11 139 15 140
11 141 20 141
11 149 12 153
11 163 11 172
11 179 20 179
11 180 15 181
11 182 20 182
11 184 11 193
11 194 14 195
11 201 11 210
11 216 15 217
11 234 11 243
11 244 12 248
11 254 11 263
11 264 11 273
11 275 12 279
11 290 11 299
11 300 11 309
11 314 12 318
11 320 11 329
11 332 12 336
11 354 15 354
11 355 15 356
11 357 20 357
11 358 20 358
11 359 19 359
11 360 19 360
11 362 15 362
11 363 20 363
11 365 11 374
11 381 15 382
11 383 15 384
11 385 20 385
12 0 12 9
12 10 12 19
12 20 13 24
12 35 16 36
12 37 16 38
12 42 16 43
12 49 16 50
12 52 12 61
12 62 16 63
12 66 12 75
12 84 13 88
12 94 16 95
12 97 12 106
12 119 12 128
12 129 12 138
12 142 13 146
12 154 13 158
12 159 12 168
12 169 12 178
12 184 12 193
12 196 12 205
12 206 12 215
12 234 12 243
12 249 12 258
12 259 12 268
12 269 13 273
12 287 16 288
12 290 12 299
12 300 12 309
12 320 12 329
12 341 13 345
12 365 12 374
12 375 13 379
13 0 13 9
13 10 13 19
13 30 14 34
13 44 14 48
13 52 17 53
13 54 17 55
13 56 17 57
13 58 17 59
13 60 17 61
13 66 13 75
13 76 14 80
13 89 14 93
13 96 14 100
13 101 13 110
13 119 13 128
13 129 13 138
13 149 14 153
13 159 13 168
13 169 13 178
13 184 13 193
13 196 13 205
13 206 13 215
13 234 13 243
13 244 13 253
13 254 13 263
13 264 14 268
13 275 14 279
13 284 17 285
13 290 13 299
13 300 13 309
13 314 14 318
13 320 13 329
13 332 14 336
13 365 13 374
14 0 14 9
14 10 14 19
14 20 15 24
14 66 14 75
14 84 15 88
14 101 14 110
14 119 14 128
14 129 14 138
14 142 15 146
14 154 15 158
14 159 18 160
14 161 23 161
14 163 15 167
14 168 14 177
14 184 14 193
14 196 14 205
14 206 14 215
14 219 18 220
14 222 18 223
14 234 14 243
14 244 14 253
14 254 14 263
14 269 15 273
14 280 18 281
14 282 18 283
14 290 15 294
14 295 14 304
14 305 15 309
14 320 14 329
14 341 15 345
14 365 14 374
14 375 15 378
14 386 18 387
14 388 18 389
14 392 18 393
14 394 18 395
14 397 17 398
15 0 15 9
15 10 16 14
15 15 16 19
15 27 19 28
15 30 16 34
15 40 24 40
15 44 16 48
15 51 24 51
15 66 15 75
15 76 16 80
15 89 16 93
15 96 19 97
15 98 16 102
15 103 15 112
15 113 19 114
15 119 15 128
15 129 15 138
15 147 16 151
15 152 19 153
15 168 15 177
15 178 24 178
15 184 19 185
15 186 16 190
15 191 19 192
15 193 15 202
15 203 16 207
15 208 16 212
15 213 24 213
15 214 24 214
15 215 24 215
15 224 16 228
15 229 19 230
15 231 19 232
15 234 15 243
15 244 15 253
15 254 15 263
15 264 16 268
15 275 16 279
15 295 15 304
15 310 19 311
15 314 16 318
15 320 15 329
15 330 15 339
15 340 24 340
15 346 16 350
15 351 24 351
15 353 24 353
15 365 15 374
16 0 16 9
16 20 17 24
16 64 16 73
16 74 20 75
16 81 20 82
16 84 17 88
16 103 16 112
16 117 16 126
16 127 16 136
16 137 20 138
16 139 20 140
16 142 17 146
16 154 17 158
16 162 17 166
16 167 17 171
16 172 17 176
16 177 25 177
16 180 20 181
16 193 16 202
16 216 20 217
16 218 25 218
16 234 16 243
16 244 16 253
16 254 16 263
16 269 17 273
16 290 16 299
16 300 16 309
16 320 16 329
16 330 16 339
16 341 17 345
16 354 20 355
16 356 25 356
11 361 19 361
16 362 25 362
16 365 16 374
16 375 17 378
16 381 20 382
16 383 20 384
17 0 17 9
17 10 17 19
17 30 17 39
17 42 18 46
17 47 21 48
17 49 21 50
17 62 17 71
17 72 21 73
17 76 18 80
17 89 18 93
17 94 21 95
17 98 17 107
17 108 18 112
17 117 17 126
17 127 17 136
17 147 18 151
17 183 26 183
17 186 18 190
17 193 17 202
17 203 17 212
17 224 18 228
17 234 17 243
17 244 17 253
17 254 17 263
17 264 18 268
17 275 18 279
17 286 17 295
17 296 17 305
17 306 21 307
17 308 21 309
17 314 18 318
17 320 17 329
17 330 17 339
17 346 18 350
17 365 17 374
18 0 18 9
18 10 18 19
18 20 19 24
18 30 18 39
18 52 18 61
18 62 18 71
18 84 19 88
18 98 19 102
18 103 19 107
18 116 18 125
18 126 18 135
18 136 27 136
18 142 19 146
18 154 19 158
18 162 18 171
18 172 19 176
18 193 18 202
18 203 18 212
18 234 18 243
18 244 19 248
18 249 18 258
18 259 19 263
18 269 19 273
18 284 18 293
18 294 18 303
18 304 22 305
18 320 18 329
18 330 18 339
18 341 19 345
18 364 18 373
18 374 19 378
14 379 22 379
18 380 27 380
18 396 20 398
19 0 19 9
19 10 19 19
19 30 19 39
19 42 20 46
19 52 19 61
19 62 19 71
19 76 20 80
19 89 20 93
19 108 20 112
19 116 19 125
19 126 19 135
19 147 28 147
19 148 23 149
19 150 23 151
19 159 28 159
19 160 28 160
19 162 19 171
19 186 20 190
19 193 19 202
19 203 19 212
19 219 19 228
19 234 19 243
19 249 19 258
19 264 20 268
19 275 19 284
19 285 19 294
19 295 20 299
19 300 23 301
19 302 23 303
19 314 19 323
19 324 19 333
19 334 20 338
19 339 28 339
19 346 20 350
19 364 19 373
19 386 20 390
19 392 23 393
19 394 23 395
20 0 20 9
20 10 20 19
20 20 20 29
20 30 20 39
20 52 20 61
20 62 20 71
20 84 21 88
20 96 20 105
20 106 29 106
20 107 29 107
20 113 20 122
20 123 20 132
20 133 24 134
20 135 29 135
20 142 21 146
20 152 21 156
20 157 24 158
20 162 20 171
20 172 21 176
20 191 20 200
20 201 20 210
20 211 24 212
20 219 20 228
20 229 20 238
20 239 20 248
20 249 20 258
20 259 21 263
20 269 20 278
20 279 20 288
20 289 21 293
20 294 29 294
20 310 21 314
20 315 20 324
20 325 21 329
20 330 29 330
20 331 24 332
20 333 29 333
20 341 21 345
19 352 28 352
20 364 20 373
20 374 21 378
20 391 29 391
21 0 21 9
21 10 21 19
21 20 22 24
21 25 21 34
21 35 22 39
21 41 22 45
21 46 30 46
21 52 21 61
21 62 22 66
21 67 22 71
21 74 21 83
21 89 22 93
21 96 21 105
21 108 21 117
21 118 21 127
21 128 22 132
21 137 22 141
21 162 21 171
21 179 25 180
21 181 25 182
21 185 21 194
21 195 21 204
21 205 22 208
26 210 30 210
21 216 25 217
21 219 21 228
21 229 21 238
21 239 21 248
21 249 21 258
21 264 21 273
21 274 21 283
21 284 22 288
21 295 22 299
21 315 21 324
21 334 22 338
21 346 22 350
21 354 25 355
21 357 25 358
23 359 25 360
20 359 22 361
21 363 21 372
21 373 30 373
21 381 21 390
21 396 25 397
21 398 30 398
22 0 22 9
22 10 22 19
22 25 26 26
22 27 26 28
22 29 26 30
22 32 26 33
22 34 31 34
22 47 26 48
22 49 26 50
22 52 22 61
22 72 22 81
22 82 23 86
22 87 26 88
22 94 22 103
22 104 26 105
22 108 22 117
22 118 22 127
22 142 23 146
22 152 23 156
22 162 22 171
22 172 23 176
22 184 22 193
22 194 31 194
22 195 22 204
22 219 22 228
22 229 23 233
22 234 26 235
22 236 26 237
22 238 26 239
22 240 22 249
22 250 22 259
22 260 22 269
22 270 22 279
22 280 26 281
22 282 26 283
22 289 26 290
22 291 26 292
22 293 31 293
22 306 22 315
22 316 22 325
22 326 26 327
22 328 26 329
22 341 24 343
22 344 26 345
22 363 22 372
22 374 23 378
22 381 22 390
23 0 23 9
23 10 23 19
23 20 24 24
23 31 32 31
23 35 24 39
23 41 24 45
23 52 23 61
23 62 23 71
23 72 23 81
23 89 23 98
23 99 24 103
23 108 23 117
23 118 23 127
23 128 24 132
23 137 24 141
23 162 23 171
23 184 23 193
23 195 23 204
23 205 32 205
23 206 32 206
23 207 27 208
21 209 25 210
23 219 23 228
23 240 23 249
23 250 23 259
23 260 23 269
23 270 23 279
23 284 24 288
23 295 24 299
23 304 23 313
23 314 23 323
23 324 27 325
23 334 24 338
23 346 24 350
23 361 32 361
23 363 23 372
23 381 23 390
24 0 24 9
24 10 24 19
24 52 24 61
24 62 24 71
24 72 24 81
24 82 25 86
24 89 24 98
24 108 24 117
24 118 24 127
24 142 25 146
24 148 25 152
24 153 28 154
24 155 28 156
24 161 24 170
24 171 25 175
24 176 33 176
24 184 24 193
24 195 24 204
24 219 24 228
24 229 25 233
24 240 24 249
24 250 24 259
24 260 24 269
24 270 24 279
24 300 24 309
24 310 24 319
24 320 28 321
24 322 28 323
24 363 24 372
24 374 25 378
23 379 32 379
24 381 24 390
24 392 28 393
24 394 28 395
25 0 25 9
25 10 25 19
25 20 26 24
25 35 25 44
25 45 34 45
25 51 25 60
25 61 25 70
25 71 25 79
25 80 29 81
25 89 25 98
25 99 29 100
25 101 29 102
25 103 34 103
25 108 25 117
25 118 25 127
25 128 26 132
25 133 29 134
25 137 26 141
25 157 28 158
25 161 25 170
25 178 34 178
25 184 25 193
25 195 25 204
25 211 26 215
25 219 25 228
25 240 25 249
25 250 25 259
25 260 25 269
25 270 25 279
25 284 26 288
25 295 25 304
25 305 25 314
25 315 26 319
25 331 29 332
25 334 26 338
25 340 29 341
25 342 34 342
25 343 34 343
25 346 26 350
25 351 34 351
25 353 34 353
25 363 25 372
25 381 25 390
26 0 26 9
26 10 26 19
26 35 26 44
26 51 26 60
26 61 26 70
26 71 27 75
26 76 30 77
26 78 30 79
26 82 27 86
26 89 26 98
26 108 26 117
26 118 26 127
26 142 27 146
26 148 27 152
26 161 26 170
26 171 27 175
26 177 35 177
26 179 30 180
26 181 30 182
26 184 26 193
26 195 26 204
26 209 35 209
26 216 26 225
26 226 27 230
26 231 30 232
26 233 35 233
26 240 26 249
26 250 26 259
26 260 26 269
26 270 26 279
26 295 26 304
26 305 26 314
26 354 27 358
26 359 30 360
26 362 26 371
26 372 35 372
26 374 27 378
26 381 26 390
26 396 30 397
27 0 27 9
27 10 27 19
27 20 27 29
27 30 36 30
27 32 36 32
27 33 36 33
27 35 27 44
27 47 27 56
27 57 27 66
27 67 31 68
27 69 31 70
27 87 27 96
27 97 31 98
27 104 31 105
27 108 27 117
27 118 27 127
27 128 28 132
27 137 31 138
27 139 30 140
27 141 36 141
27 161 27 170
27 183 27 192
27 193 36 193
27 195 27 204
27 211 27 220
27 221 28 225
27 234 27 243
27 244 27 253
27 254 27 263
27 264 27 273
27 274 27 283
27 284 28 288
27 289 31 290
27 291 31 292
27 295 27 304
27 305 27 314
27 315 28 319
27 326 31 327
27 328 31 329
27 334 28 338
27 344 28 348
27 349 31 350
27 362 27 371
27 381 27 390
28 0 28 9
28 10 28 19
28 20 28 28
28 35 28 44
28 47 28 56
28 57 28 66
28 71 29 75
28 82 28 91
28 92 29 96
28 108 29 112
28 113 29 117
28 118 28 127
28 136 37 136
28 142 29 146
28 148 29 152
28 161 28 170
28 171 29 175
28 183 28 192
28 195 28 204
28 207 32 208
28 211 28 220
28 226 29 230
28 234 28 243
28 244 28 253
28 254 28 263
28 264 28 273
28 274 29 278
28 279 29 283
28 295 28 304
28 305 28 314
28 324 37 324
28 325 37 325
28 354 29 358
28 362 28 371
28 374 37 374
28 375 32 376
28 377 32 378
28 380 28 389
28 390 33 390
29 0 29 9
29 10 29 19
29 20 29 28
29 35 29 44
29 47 29 56
29 57 30 61
29 62 30 66
29 82 29 91
29 118 29 127
29 128 30 132
29 147 38 147
29 153 29 162
29 163 30 167
29 168 33 169
29 170 38 170
29 183 33 184
29 185 33 186
29 187 30 191
29 192 38 192
29 195 29 204
29 211 29 220
29 221 30 225
29 234 29 243
29 244 29 253
29 254 29 263
29 264 29 273
29 284 30 288
29 295 29 304
29 305 29 314
29 315 30 319
29 320 38 320
29 321 38 321
29 322 33 323
29 334 30 338
29 339 38 339
29 344 30 348
29 352 38 352
29 362 29 371
29 380 29 389
29 392 33 393
29 394 33 395
30 0 30 9
30 10 31 14
30 15 34 16
30 17 31 21
30 22 39 22
30 23 31 27
30 28 39 28
28 29 37 29
30 35 30 44
30 47 30 56
30 71 31 75
30 80 31 84
30 85 30 94
30 95 34 96
30 99 34 100
30 101 34 102
30 106 30 111
35 116 37 118
30 112 30 121
30 122 31 126
30 127 39 127
30 133 34 134
30 135 39 135
30 142 31 146
30 148 30 157
30 158 31 162
30 171 31 175
30 195 30 204
30 211 34 212
30 213 31 217
30 218 34 219
30 220 39 220
30 226 31 230
30 234 30 243
30 244 30 253
30 254 30 263
30 264 30 273
30 274 30 283
30 294 30 303
30 304 30 312
30 313 34 314
30 330 34 331
30 332 34 333
30 340 39 340
30 341 39 341
30 354 31 358
30 362 31 366
30 367 31 371
30 380 30 389
30 391 39 391
31 0 31 9
31 35 31 44
31 46 32 50
31 51 32 55
31 56 31 65
31 66 40 66
31 76 35 77
31 78 35 79
31 85 31 94
31 106 31 113
31 114 32 118
31 119 35 120
31 121 40 121
31 128 32 132
31 148 32 152
31 153 35 154
31 155 35 156
31 157 40 157
31 163 32 167
31 179 35 180
31 181 35 182
31 187 40 187
31 188 35 189
31 190 35 191
31 195 31 204
31 210 40 210
31 221 32 225
31 231 35 232
31 234 31 243
31 244 31 253
31 254 31 263
31 264 35 265
31 266 35 267
31 268 32 272
31 273 31 282
31 283 32 287
31 288 40 288
31 294 35 295
31 296 35 297
31 298 32 302
31 303 32 307
31 308 32 312
31 315 35 316
31 317 35 318
31 319 40 319
31 334 32 338
31 344 32 348
31 359 35 360
31 373 40 373
31 380 31 389
31 396 35 397
31 398 40 398
32 0 32 9
32 10 41 10
32 11 41 11
32 12 36 13
32 14 41 14
32 17 33 20
32 23 33 27
32 34 32 43
32 44 41 44
32 56 32 65
32 67 33 71
32 72 36 73
32 74 36 75
32 80 32 89
32 90 33 94
32 97 36 98
32 104 32 113
32 122 33 126
32 137 36 138
31 139 35 140
32 142 33 146
32 158 33 162
32 171 33 175
32 194 32 203
32 204 41 204
32 213 33 217
32 226 33 230
32 234 32 243
32 244 32 253
32 254 32 263
32 273 32 282
32 289 33 293
32 326 36 327
32 328 36 329
32 349 36 350
32 354 33 358
32 362 32 371
32 380 32 389
33 0 33 9
33 31 42 31
33 34 33 43
33 46 33 55
33 56 33 65
33 80 33 89
33 104 33 113
33 114 37 115
33 116 34 118
33 128 34 132
33 148 34 152
33 163 34 167
33 194 33 203
33 205 37 206
33 207 37 208
33 221 34 225
33 234 33 243
33 244 33 253
33 254 33 263
33 268 33 277
33 278 33 287
33 298 33 307
33 308 35 310
33 311 37 312
33 334 34 338
33 344 34 348
33 361 33 370
33 371 42 371
33 375 33 384
33 385 34 389
34 0 35 4
34 5 35 9
34 17 38 18
34 19 38 20
32 21 41 21
34 23 35 27
34 34 34 43
34 46 34 55
34 56 34 65
34 67 35 71
34 80 34 89
34 90 35 94
34 104 34 113
34 122 35 126
34 142 38 143
34 144 38 145
34 146 43 146
34 158 38 159
34 160 36 161
34 162 43 162
34 168 38 169
34 171 35 175
34 176 43 176
34 183 38 184
34 185 38 186
34 194 34 203
34 213 43 213
34 214 38 215
34 216 38 217
34 226 35 230
34 234 34 243
34 244 34 253
34 254 34 263
34 268 34 277
34 278 34 287
34 289 35 293
34 298 34 307
34 322 38 323
34 354 35 358
34 361 34 370
34 375 34 384
34 392 38 393
34 394 38 395
35 15 39 16
35 34 35 43
35 45 35 54
35 55 36 59
35 60 36 64
35 65 44 65
35 80 35 89
35 95 39 96
35 99 35 108
35 109 36 113
35 128 36 132
35 133 39 134
35 148 36 152
35 163 36 167
35 178 44 178
35 194 35 203
35 211 39 212
35 218 39 219
35 221 36 225
35 234 35 243
35 244 35 253
35 254 35 263
35 268 39 269
35 270 35 279
35 280 36 284
35 285 39 286
35 287 44 287
35 298 36 302
35 303 36 307
35 313 39 314
35 330 36 334
35 335 39 336
35 337 39 338
35 342 36 346
35 347 39 348
35 351 44 351
35 353 44 353
35 361 35 370
35 375 35 384
35 385 36 389
36 0 36 9
36 23 37 27
36 34 36 43
36 45 37 49
36 50 37 54
36 67 37 71
36 76 36 85
36 86 37 90
36 91 45 91
36 92 45 92
36 93 40 94
36 99 36 108
36 119 37 120
36 122 37 126
36 139 40 140
36 153 40 154
36 155 40 156
36 171 37 175
36 177 45 177
36 179 40 180
36 181 40 182
36 188 40 189
36 190 40 191
36 194 36 203
36 209 43 209
36 226 36 235
36 236 36 245
36 246 36 255
36 256 36 265
36 266 40 267
36 270 36 279
36 289 37 293
36 294 38 296
36 297 45 297
36 308 40 309
36 310 45 310
36 315 40 316
36 317 40 318
36 354 36 363
36 364 37 368
36 369 40 370
36 372 45 372
36 375 36 384
36 396 40 397
37 0 37 9
37 12 41 13
37 30 46 30
37 32 37 41
37 42 41 43
37 55 37 64
37 72 37 81
37 82 41 83
37 84 41 85
37 97 37 106
37 107 38 111
37 112 41 113
37 128 41 129
37 130 41 131
37 132 46 132
37 137 41 138
37 141 46 141
37 148 38 152
37 163 38 167
37 193 37 202
37 203 46 203
37 221 37 230
37 231 37 240
37 241 38 245
37 246 38 250
37 251 37 260
37 261 38 265
37 270 37 279
37 280 38 284
37 298 37 307
37 326 41 327
37 328 38 332
37 333 41 334
37 342 38 346
37 349 41 350
37 354 37 363
37 375 37 384
37 385 38 389
38 0 38 9
38 23 39 27
38 29 47 29
38 32 38 41
38 45 38 54
38 55 38 64
38 67 38 76
38 77 39 81
38 86 39 90
38 97 38 106
38 114 42 115
38 117 40 119
38 120 47 120
38 122 39 126
38 136 47 136
38 171 39 175
38 193 39 197
38 198 39 202
38 205 42 206
38 207 42 208
38 221 38 230
38 231 38 240
38 251 38 260
38 270 38 279
38 289 39 293
38 298 38 307
38 311 42 312
38 324 42 325
38 354 38 363
41 364 42 365
38 364 40 366
38 367 41 368
38 374 38 383
38 384 47 384
34 390 43 390
39 0 39 9
39 17 43 18
39 19 43 20
39 32 39 41
39 45 39 54
39 55 39 64
39 67 39 76
39 97 39 106
39 107 40 111
39 142 43 143
39 144 43 145
39 147 40 151
39 152 48 152
39 158 41 159
37 160 41 161
39 163 40 167
39 168 43 169
39 170 48 170
39 183 43 184
39 185 43 186
39 192 48 192
39 214 43 215
39 216 43 217
39 221 39 230
39 231 39 240
39 241 39 250
39 251 39 259
39 262 40 265
39 270 40 274
39 275 39 284
39 294 48 294
39 296 48 296
39 298 39 307
39 320 43 321
39 322 43 323
39 328 40 332
39 339 48 339
39 342 40 346
39 352 48 352
39 354 39 363
39 374 39 383
39 385 40 389
39 392 43 393
39 394 43 395
40 0 40 9
40 15 44 16
40 22 41 26
40 27 44 28
40 32 41 36
40 37 49 37
40 38 49 38
40 39 44 40
40 41 49 41
40 45 40 54
40 55 40 64
40 67 40 76
40 77 41 81
40 86 41 90
40 95 40 104
40 105 44 106
40 116 49 116
40 122 44 123
40 124 44 125
40 126 44 127
40 133 44 134
40 135 49 135
40 171 41 175
40 193 41 197
40 198 41 202
40 211 44 212
40 218 41 222
40 223 40 232
40 233 40 242
40 243 40 252
40 253 41 257
40 258 44 259
39 260 43 261
40 268 44 269
40 275 40 284
40 285 44 286
40 289 41 293
40 295 49 295
40 298 40 307
40 313 44 314
40 335 44 336
40 337 44 338
40 340 44 341
40 347 44 348
40 354 40 363
40 374 40 383
40 391 48 391
41 0 41 9
41 45 41 54
41 55 41 64
41 66 41 75
41 76 50 76
41 93 41 102
41 103 45 104
41 107 42 111
41 117 43 119
41 121 50 121
41 139 45 140
41 147 42 151
41 153 42 157
41 163 42 167
41 179 45 180
41 181 45 182
41 187 45 188
41 189 50 189
41 190 50 190
41 191 50 191
41 210 50 210
41 223 41 232
41 233 41 242
41 243 45 244
41 245 42 249
41 250 45 251
41 252 50 252
41 262 42 266
41 267 50 267
41 270 41 279
41 280 42 284
41 288 49 288
41 298 41 307
41 308 45 309
41 315 42 319
41 328 42 332
41 342 42 346
41 354 41 363
41 369 45 370
41 373 41 381
41 382 45 383
41 385 42 389
41 396 44 397
41 398 50 398
42 0 43 4
42 5 42 14
42 21 43 24
42 25 46 26
42 32 43 36
42 42 42 51
42 52 42 61
42 62 46 63
42 64 51 64
42 66 42 75
42 77 42 86
42 87 46 88
42 89 46 90
42 93 42 102
42 112 46 113
42 128 46 129
42 130 46 131
42 137 46 138
42 158 44 160
42 161 51 161
42 171 43 175
42 193 42 202
42 204 51 204
42 218 42 227
42 228 46 229
42 230 46 231
42 232 43 236
42 237 46 238
42 239 46 240
42 241 46 242
42 253 43 257
42 270 42 279
42 289 43 293
42 298 42 307
42 326 46 327
42 333 46 334
42 349 44 350
42 354 42 363
42 366 44 368
42 373 43 377
42 378 46 379
42 380 46 381
43 5 43 14
43 31 52 31
43 42 44 46
43 47 47 48
43 49 43 58
43 59 47 60
43 61 52 61
43 66 45 68
43 69 44 73
43 74 47 75
43 77 43 86
43 93 43 102
43 107 44 111
43 114 47 115
43 147 47 148
43 149 47 150
43 151 52 151
43 153 44 157
43 163 44 167
43 193 43 202
43 205 45 207
43 218 43 227
43 245 44 249
43 262 44 266
43 270 43 279
43 280 44 284
43 298 43 307
43 311 52 311
43 312 51 312
43 315 44 319
43 324 47 325
43 328 44 332
43 342 44 346
43 354 46 355
43 356 47 357
43 358 44 362
43 363 47 364
43 365 52 365
43 371 52 371
43 385 44 389
44 0 44 9
44 10 45 14
44 17 45 21
44 22 48 23
44 24 53 24
44 32 45 36
44 49 45 53
44 54 45 58
44 77 44 86
44 93 44 102
44 117 48 118
44 119 53 119
44 142 45 146
44 162 53 162
44 168 48 169
44 171 45 175
44 176 53 176
44 183 48 184
44 185 48 186
44 193 44 202
44 208 48 209
44 213 44 222
44 223 45 227
44 232 45 236
44 253 45 257
44 260 48 261
44 270 44 279
44 289 45 293
44 298 44 307
44 320 48 321
44 322 48 323
44 373 45 377
44 390 53 390
44 392 48 393
44 394 52 394
44 395 52 395
45 0 45 9
45 15 49 16
45 27 49 28
45 39 49 40
45 42 46 46
45 65 54 65
45 69 46 73
45 77 45 86
45 93 45 102
45 105 46 109
45 110 49 111
45 122 46 126
45 127 54 127
45 133 49 134
45 153 46 157
45 158 48 159
45 160 54 160
45 163 46 167
45 178 54 178
45 193 45 202
45 211 45 220
45 221 49 222
45 245 46 249
45 258 49 259
45 262 46 266
45 268 45 277
45 278 45 287
45 298 45 307
45 313 46 317
45 318 49 319
45 328 46 332
45 335 49 336
45 337 48 338
45 340 46 343
45 346 47 347
45 348 47 350
45 351 54 351
45 353 54 353
45 358 46 362
45 366 54 366
45 367 49 368
45 385 46 389
46 0 46 9
46 10 50 11
46 12 55 12
46 13 50 14
46 17 47 21
46 32 47 36
46 49 46 58
46 66 55 66
46 67 50 68
46 77 46 86
46 91 46 100
46 101 50 102
46 103 50 104
46 139 50 140
46 142 47 146
46 171 47 175
46 177 55 177
46 179 50 180
46 181 50 182
46 187 50 188
46 193 47 197
46 198 50 199
46 200 50 201
46 202 55 202
46 205 50 206
46 207 55 207
46 211 46 220
46 223 47 227
46 232 47 236
46 243 50 244
46 250 50 251
46 253 47 257
46 268 46 277
46 278 46 287
46 289 47 293
46 297 46 306
46 307 50 308
46 309 50 310
46 369 50 370
46 372 47 376
46 377 55 377
46 382 50 383
45 396 49 397
47 0 47 9
47 25 56 25
47 26 56 26
47 30 56 30
47 42 51 43
47 44 56 44
47 45 51 46
47 49 47 58
47 62 51 63
47 69 48 73
47 77 47 86
47 87 47 96
47 97 51 98
47 99 51 100
47 105 48 109
47 112 51 113
47 122 48 126
47 128 48 132
47 137 51 138
47 141 56 141
47 153 56 153
47 154 51 155
47 156 51 157
47 163 48 167
47 203 56 203
47 211 47 220
47 228 51 229
47 230 51 231
47 237 48 241
47 242 56 242
47 245 48 249
47 262 48 266
47 273 47 277
47 278 47 287
47 297 47 306
47 313 51 314
47 315 51 316
47 317 56 317
47 326 48 330
47 331 51 332
47 333 51 334
47 340 48 343
47 358 48 362
47 378 51 379
47 380 51 381
47 385 48 389
48 0 48 9
48 17 49 21
48 29 57 29
48 32 49 36
48 47 48 56
48 57 52 58
48 59 52 60
48 74 52 75
48 77 48 86
48 87 48 96
48 114 52 115
48 120 57 120
48 136 57 136
48 142 49 146
48 147 52 148
48 149 52 150
48 171 49 175
48 193 49 197
48 211 48 220
48 223 49 227
48 232 49 236
48 253 49 257
47 268 48 272
48 273 48 282
48 283 49 287
48 289 49 293
48 297 48 306
48 324 52 325
45 344 49 345
48 346 57 346
48 347 57 347
48 348 52 349
48 350 57 350
47 354 51 355
48 356 52 357
48 363 52 364
48 372 49 376
48 384 56 384
49 0 49 9
49 22 53 23
49 47 49 56
49 69 50 73
49 77 49 86
49 87 49 96
49 105 50 109
49 117 53 118
49 122 50 126
49 128 50 132
49 152 58 152
49 163 50 167
49 168 53 169
49 170 58 170
49 183 53 184
49 185 53 186
49 192 58 192
49 208 53 209
49 211 49 220
49 237 50 241
49 245 50 249
49 260 50 264
49 265 53 266
49 268 49 276
49 278 50 282
49 294 58 294
49 296 49 305
49 306 58 306
49 320 53 321
49 322 53 323
49 326 53 327
49 328 53 329
49 330 58 330
49 339 50 343
49 352 54 352
49 358 50 362
49 385 50 389
49 391 53 392
49 393 58 393
50 0 50 9
50 15 51 19
50 20 53 21
50 27 54 28
50 32 50 41
50 47 50 56
50 77 50 86
50 87 50 96
50 110 54 111
50 116 59 116
50 133 54 134
50 135 59 135
50 142 51 146
54 158 59 158
49 158 53 159
50 171 51 175
50 193 51 197
50 211 50 220
50 221 51 225
50 226 54 227
50 232 51 236
50 253 51 257
50 258 54 259
50 268 51 272
50 273 59 273
50 274 52 276
49 277 58 277
50 283 50 292
50 293 59 293
50 295 50 304
50 305 59 305
50 318 54 319
50 335 54 336
49 337 53 338
50 344 54 345
50 367 54 368
50 372 51 376
50 397 59 397
51 0 51 9
51 10 55 11
51 13 55 14
51 32 51 41
51 47 51 56
51 67 52 71
51 72 55 73
51 76 51 85
51 86 51 95
51 96 60 96
51 101 60 101
51 102 60 102
51 103 52 107
51 108 55 109
51 121 52 125
51 126 60 126
51 128 52 132
51 139 55 140
51 163 52 167
51 179 55 180
51 181 55 182
51 187 52 191
51 198 55 199
51 200 55 201
51 205 55 206
51 210 51 219
51 220 60 220
51 237 52 241
51 243 51 252
51 260 52 264
51 267 60 267
51 278 51 287
51 288 52 292
51 295 51 304
51 307 55 308
51 309 55 310
51 339 52 343
51 358 52 362
51 369 55 370
51 382 60 382
51 383 60 383
51 385 52 389
51 398 60 398
52 0 52 9
52 15 53 19
52 32 52 41
52 42 56 43
52 45 53 49
52 50 56 51
52 52 53 56
52 62 56 63
52 64 61 64
52 76 52 85
52 86 52 95
52 97 56 98
52 99 61 99
52 100 61 100
52 112 56 113
52 137 56 138
52 142 53 146
52 154 56 155
52 156 56 157
52 161 61 161
52 171 53 175
52 193 53 197
52 204 61 204
52 210 52 219
52 221 56 222
52 223 56 224
52 225 61 225
52 228 53 232
52 233 56 234
52 235 56 236
52 243 52 252
52 253 56 254
52 255 56 256
52 257 61 257
52 268 53 272
52 278 52 287
52 295 52 304
54 313 56 314
52 312 53 316
52 331 56 332
52 333 56 334
52 355 61 355
52 372 53 376
52 378 56 379
52 380 56 381
52 396 61 396
53 0 53 9
53 31 53 40
53 41 62 41
53 57 54 61
53 67 54 71
53 74 53 83
53 84 53 93
53 94 57 95
53 103 54 107
53 114 57 115
53 121 54 125
53 128 54 132
53 147 54 151
53 163 54 167
53 187 54 191
53 210 53 219
53 237 54 241
53 243 54 247
53 248 54 252
53 260 54 264
53 274 57 275
53 276 62 276
53 278 53 287
53 288 54 292
53 295 54 299
53 300 62 300
53 301 57 302
53 303 57 304
53 311 62 311
53 324 57 325
53 339 54 343
53 348 57 349
53 354 62 354
53 356 53 365
53 371 62 371
53 385 54 389
54 0 54 9
54 15 55 19
54 20 55 24
54 31 54 40
54 45 55 49
54 52 55 56
54 74 54 83
54 84 54 93
54 117 58 118
54 119 63 119
54 142 55 146
54 162 61 162
54 168 58 169
54 171 58 172
54 173 58 174
54 175 58 176
54 183 58 184
54 185 58 186
54 193 55 197
54 208 55 212
54 213 58 214
54 215 55 219
54 228 55 232
54 265 58 266
54 268 55 272
54 278 54 287
54 312 63 312
54 316 63 316
54 320 58 321
54 322 58 323
54 326 58 327
54 328 58 329
54 337 58 338
54 356 54 365
54 372 55 376
54 390 58 390
54 391 58 392
58 394 63 394
53 394 57 395
55 0 55 9
55 27 58 28
55 31 59 32
55 33 59 34
55 35 56 39
55 40 64 40
55 57 56 61
55 65 64 65
55 67 56 71
55 74 56 78
55 79 59 80
55 81 55 90
55 91 59 92
55 93 64 93
55 103 56 107
55 110 59 111
55 121 56 125
55 127 56 131
55 132 59 133
55 134 64 134
55 147 56 151
55 159 59 160
55 163 56 167
55 178 64 178
55 187 56 191
55 226 59 227
55 237 56 241
55 243 55 252
55 258 56 262
55 263 59 264
55 278 55 287
55 288 56 292
55 295 56 299
55 315 64 315
55 318 59 319
55 335 59 336
55 339 56 343
55 344 59 345
55 351 64 351
55 352 59 353
55 356 55 365
55 366 59 367
55 368 64 368
55 385 56 389
56 0 56 9
56 10 57 14
56 15 56 24
56 45 57 49
56 52 57 56
56 66 65 66
56 72 60 73
56 81 56 90
56 108 60 109
56 139 60 140
56 142 57 146
56 177 65 177
56 179 60 180
56 181 60 182
56 193 56 202
56 205 57 209
56 210 65 210
56 211 60 212
56 215 57 219
56 228 57 232
56 243 56 252
56 268 57 272
56 278 56 287
56 307 60 308
56 309 60 310
56 356 56 365
56 369 60 370
56 372 57 376
56 377 65 377
57 0 57 9
57 15 57 24
57 25 61 26
57 30 66 30
57 35 58 39
57 42 61 43
57 44 66 44
57 50 61 51
57 57 58 61
57 62 61 63
57 67 58 71
57 74 58 78
57 81 57 90
57 97 61 98
57 103 58 107
57 112 61 113
57 121 58 125
57 127 58 131
57 137 61 138
57 141 65 141
57 147 58 151
57 153 58 157
57 163 58 167
57 187 58 191
57 193 57 202
57 203 66 203
57 221 61 222
57 223 61 224
57 233 57 242
57 243 57 252
57 253 61 254
57 255 61 256
57 258 58 262
57 278 57 287
57 288 58 292
57 295 58 299
57 313 61 314
57 317 66 317
57 331 61 331
57 332 61 333
57 334 66 334
57 339 58 343
57 356 57 365
57 378 61 379
57 380 61 381
57 385 58 389
58 0 58 9
58 10 59 14
58 15 59 19
58 20 59 24
58 29 64 29
58 45 59 49
58 52 59 56
58 81 58 90
58 94 62 95
58 114 62 115
58 120 67 120
58 136 67 136
58 142 59 146
58 193 58 202
58 205 59 209
58 215 59 219
58 228 58 237
58 238 58 247
58 248 59 252
58 268 59 272
58 274 62 275
58 278 58 287
58 301 62 302
58 303 67 303
58 304 67 304
58 324 62 325
58 346 59 350
58 356 58 365
58 372 59 376
57 384 66 384
58 395 67 395
59 0 59 9
59 35 60 39
59 57 60 61
59 67 60 71
59 74 60 78
59 81 59 90
59 103 60 107
59 117 68 117
59 118 68 118
59 121 60 125
59 127 60 131
59 147 59 156
59 157 68 157
59 163 59 172
59 173 63 174
59 175 62 176
59 183 59 192
59 193 59 202
59 213 63 214
59 228 59 237
59 238 59 247
59 258 60 262
59 265 63 266
59 277 59 286
59 287 60 291
59 292 68 292
59 294 60 298
59 299 68 299
59 306 68 306
59 320 63 321
59 322 63 323
59 326 60 330
59 337 60 341
59 342 63 343
59 356 59 365
59 385 60 389
59 390 63 391
59 392 63 393
60 0 60 9
60 10 60 19
60 20 61 24
59 27 63 28
60 31 64 32
60 33 64 34
60 45 61 49
60 52 61 56
60 79 60 88
60 89 64 90
60 91 64 92
60 110 64 111
60 116 69 116
60 132 64 133
60 142 60 151
60 152 61 156
60 158 64 159
60 163 60 172
60 183 60 192
60 193 60 202
60 205 61 209
60 215 61 219
60 226 60 235
60 236 60 245
60 246 61 250
60 251 64 252
60 263 64 264
60 268 64 269
60 270 64 271
60 272 69 272
60 273 69 273
60 277 60 286
60 293 69 293
60 305 69 305
60 318 64 319
60 335 64 336
60 344 61 348
60 349 64 350
60 352 64 353
60 356 60 365
60 366 64 367
60 372 61 376
60 397 69 397
61 0 62 4
61 5 62 9
61 10 61 19
61 35 65 36
61 37 65 38
61 39 70 39
61 57 62 61
61 67 61 76
61 77 61 86
61 87 65 88
61 96 70 96
61 101 62 105
61 106 65 107
61 108 65 109
61 121 61 130
61 131 70 131
61 139 65 140
61 142 61 151
61 163 61 172
61 179 62 183
61 184 65 185
61 186 61 195
61 196 62 200
61 201 65 202
61 211 65 212
61 220 70 220
61 226 61 235
61 236 61 245
61 258 62 262
61 267 70 267
61 277 61 286
61 287 65 288
61 289 65 290
61 291 70 291
61 294 62 298
61 307 65 308
61 309 65 310
61 326 62 330
61 337 65 338
61 339 65 340
61 341 70 341
61 356 61 365
61 369 65 370
61 382 65 383
61 385 62 389
61 398 70 398
62 10 62 19
62 20 63 24
62 25 66 26
62 42 66 43
62 45 62 54
62 55 66 56
62 62 66 63
62 64 71 64
62 67 62 76
62 77 62 86
62 97 66 98
62 99 66 100
62 112 71 112
62 113 71 113
62 121 62 130
62 135 71 135
62 137 66 138
62 142 62 151
62 152 66 153
62 154 66 155
62 156 71 156
62 160 63 164
62 165 63 169
62 170 66 171
62 172 71 172
62 186 62 195
62 204 63 208
62 209 71 209
62 215 63 219
62 221 62 230
62 231 62 240
62 241 62 250
62 253 63 257
62 277 62 286
62 313 66 314
62 331 66 332
62 333 71 333
62 344 63 348
62 355 62 364
62 365 69 365
62 372 63 376
62 378 66 379
62 380 66 381
62 396 71 396
63 0 63 9
63 10 63 19
63 41 72 41
63 45 63 54
63 57 64 61
63 67 63 76
63 77 63 86
63 94 67 95
63 101 64 105
63 114 67 115
63 121 63 130
63 142 63 151
63 179 67 180
63 181 67 182
63 183 67 183
63 186 63 195
63 196 64 200
63 221 63 230
63 231 63 240
63 241 63 250
63 258 64 262
63 274 64 278
63 279 67 280
63 281 64 285
63 286 70 286
63 294 64 298
63 300 67 301
63 302 72 302
63 311 72 311
63 324 64 328
63 329 66 330
63 354 64 358
63 359 64 363
63 364 72 364
63 371 72 371
63 385 72 385
63 386 72 386
63 387 67 388
63 389 72 389
64 0 64 9
64 10 64 19
64 20 68 21
64 22 68 23
64 24 73 24
64 45 64 54
64 67 64 76
64 77 64 86
64 119 73 119
64 121 64 130
64 142 64 151
64 160 65 164
64 165 68 166
64 167 68 168
64 169 73 169
64 173 68 174
63 175 67 176
64 186 64 195
64 204 65 208
64 213 65 217
64 218 68 219
64 221 64 230
64 231 64 240
64 241 64 250
64 253 65 257
64 265 68 266
64 312 73 312
64 316 73 316
64 320 68 321
64 322 68 323
64 342 65 346
64 347 68 348
64 372 65 376
64 390 65 394
65 0 65 9
65 10 65 19
65 27 67 29
65 31 69 32
65 33 69 34
65 40 74 40
65 45 65 54
65 57 66 61
65 65 74 65
65 67 65 76
65 77 65 86
65 89 66 93
65 101 66 105
65 110 69 111
65 121 65 130
65 132 69 133
65 134 74 134
65 142 65 151
65 158 69 159
65 178 74 178
65 186 65 195
65 196 66 200
65 221 65 230
65 231 65 240
65 241 65 250
65 251 69 252
65 258 66 262
65 263 69 264
65 268 69 269
65 270 69 271
65 274 66 278
65 281 66 285
65 294 66 298
65 315 74 315
65 318 69 319
65 324 69 325
65 326 69 327
65 328 74 328
65 335 69 336
65 349 65 358
65 359 66 363
65 366 69 367
65 368 74 368
66 0 66 9
66 10 66 19
66 35 70 36
66 37 70 38
66 45 66 54
66 66 66 75
66 76 67 80
66 81 70 82
66 83 75 83
66 84 67 88
66 106 70 107
66 108 70 109
66 121 67 125
66 126 67 130
66 139 66 148
66 149 70 150
66 151 75 151
66 160 67 164
66 177 75 177
66 184 66 193
66 194 70 195
66 201 70 202
66 204 67 208
66 210 67 214
66 215 68 216
66 217 75 217
66 221 66 230
66 231 66 240
66 241 67 245
66 246 70 247
66 248 70 249
66 250 75 250
66 253 67 257
66 287 70 288
66 289 70 290
66 307 70 308
66 309 70 310
66 337 70 338
66 339 70 340
66 342 67 346
66 349 66 358
66 369 70 370
66 372 70 373
66 374 68 376
66 377 75 377
66 382 75 382
66 383 75 383
66 390 67 394
67 0 67 9
67 10 67 19
67 25 71 26
67 30 72 30
67 42 67 51
67 52 67 61
67 62 71 63
67 66 67 75
67 89 71 90
67 91 76 91
67 92 76 92
67 93 76 93
67 97 68 101
67 102 71 103
67 104 76 104
67 105 76 105
67 137 67 146
67 147 71 148
67 152 71 153
67 154 71 155
67 170 71 171
67 184 67 193
67 196 68 200
67 203 76 203
67 221 67 230
67 231 67 240
67 258 68 262
67 274 71 275
67 276 71 277
67 278 76 278
67 281 68 285
67 294 68 298
67 313 71 314
67 317 76 317
67 331 71 332
67 334 76 334
67 349 67 358
67 359 68 363
67 378 71 379
67 380 71 381
67 384 76 384
68 0 68 9
68 10 68 19
68 27 77 27
68 28 72 29
68 42 68 51
68 52 68 61
68 66 68 75
68 76 69 80
68 84 72 85
68 86 72 87
68 88 72 88
68 94 72 95
68 114 72 115
68 120 72 121
68 122 72 123
68 124 72 125
68 126 69 130
68 136 68 145
68 146 77 146
68 160 69 164
68 175 72 176
68 179 72 180
68 181 77 181
68 182 72 183
68 184 68 193
68 204 69 208
68 210 69 214
68 221 68 230
68 231 68 240
68 241 69 245
68 253 69 257
68 279 72 280
68 300 72 301
68 303 72 304
67 329 71 330
68 342 69 346
68 349 68 358
68 387 72 388
68 390 69 394
68 395 77 395
69 0 69 9
69 10 69 19
69 20 73 21
69 22 73 23
69 42 70 46
69 47 70 51
69 52 73 53
69 54 70 58
69 59 72 60
69 61 78 61
69 66 69 75
69 97 70 101
69 117 73 118
69 136 78 136
69 137 73 138
69 139 70 143
69 144 73 145
69 157 78 157
69 165 73 166
69 167 73 168
69 173 73 174
69 184 70 188
69 189 73 190
69 191 73 192
69 193 78 193
69 196 70 200
69 218 73 219
69 221 69 230
69 231 69 240
69 258 70 262
69 265 73 266
69 281 70 285
69 292 78 292
69 294 70 298
69 299 78 299
69 306 78 306
69 320 73 321
69 322 73 323
69 347 70 351
69 352 69 361
69 362 73 363
69 374 78 374
69 375 73 376
70 0 70 9
70 10 70 19
70 31 74 32
70 33 74 34
70 66 79 66
70 67 79 67
70 68 70 77
70 78 74 79
70 80 79 80
70 110 74 111
70 116 79 116
70 126 71 130
70 132 74 133
70 158 71 162
70 163 74 164
70 204 71 208
70 210 71 214
70 221 74 222
70 223 74 224
70 225 70 234
70 235 70 244
70 245 79 245
70 251 71 255
70 256 74 257
70 263 74 264
70 268 71 272
70 273 77 273
70 293 79 293
70 305 79 305
70 318 74 319
70 324 74 325
70 326 74 327
70 335 74 336
70 342 71 346
70 352 70 361
70 365 74 366
70 367 79 367
70 390 71 394
70 397 79 397
71 0 71 9
71 10 72 14
71 15 72 19
71 36 75 37
71 38 80 38
71 39 80 39
71 42 71 51
71 54 72 58
71 68 71 77
71 81 75 82
71 96 72 99
71 101 80 101
71 106 75 107
71 108 75 109
71 131 80 131
71 139 72 143
71 149 75 150
71 184 72 188
71 194 72 198
71 199 75 200
71 201 75 202
69 215 73 216
71 220 80 220
71 225 71 234
71 235 71 244
71 246 75 247
71 248 75 249
71 258 72 262
71 267 80 267
71 281 75 282
71 283 72 287
71 288 75 289
71 290 75 291
71 294 72 298
71 307 75 308
71 309 75 310
71 337 72 341
71 347 71 356
71 357 72 361
71 369 75 370
71 372 75 373
71 398 80 398
72 0 72 9
72 25 76 26
72 35 81 35
72 42 72 51
72 62 76 63
72 64 81 64
72 68 72 77
72 89 76 90
72 102 76 103
72 112 76 113
72 126 73 130
72 147 76 148
72 152 73 156
72 158 73 162
72 170 76 171
72 172 81 172
72 204 72 213
72 214 79 214
72 225 72 234
72 235 72 244
72 251 73 255
72 268 73 272
72 274 76 275
72 276 76 277
72 313 76 314
72 329 81 329
72 330 76 331
72 332 76 333
72 342 72 351
72 352 73 356
72 378 76 379
72 380 76 381
72 390 73 394
72 396 81 396
73 0 73 9
73 10 73 19
73 28 77 29
73 41 73 50
73 51 82 51
73 54 74 57
73 68 73 77
73 84 82 84
73 85 77 86
73 87 77 88
73 94 74 97
73 98 77 99
71 100 80 100
73 114 77 115
73 120 74 124
73 125 82 125
73 139 74 143
73 175 77 176
73 179 77 180
73 182 77 183
73 184 74 188
73 194 74 198
73 204 73 213
73 225 73 234
73 235 73 244
73 258 74 262
73 279 77 280
73 283 74 287
73 294 74 298
73 300 74 304
73 311 82 311
73 337 73 346
73 347 74 351
73 357 74 361
73 364 82 364
73 371 82 371
73 385 74 389
74 0 74 9
74 10 78 11
74 12 78 13
74 14 78 15
74 16 75 20
74 21 78 22
74 23 78 24
74 41 74 50
74 52 78 53
73 58 75 60
74 68 74 77
74 117 78 118
74 119 83 119
74 126 75 130
74 137 78 138
74 144 78 145
74 152 75 156
74 158 75 162
74 165 75 169
74 173 78 174
74 189 78 190
74 191 78 192
74 204 74 213
74 215 78 216
74 218 78 219
74 225 74 234
74 235 74 244
74 251 75 255
74 265 78 266
74 268 75 272
74 312 83 312
74 316 83 316
74 320 78 321
74 322 78 323
74 337 74 346
74 352 75 356
74 362 78 363
74 375 78 376
74 390 75 394
75 0 75 9
75 31 79 32
75 33 79 34
75 40 75 49
75 50 81 50
75 54 79 55
75 56 83 56
75 65 84 65
75 68 75 77
75 78 79 79
75 94 79 95
75 96 79 97
75 110 79 111
75 120 76 124
75 132 79 133
75 134 84 134
75 139 76 143
75 163 79 164
75 178 84 178
75 184 76 188
75 194 76 198
75 204 75 213
75 221 75 230
75 231 75 240
75 241 79 242
75 243 79 244
75 256 76 260
75 261 79 262
75 263 79 264
75 283 76 287
75 294 76 298
75 300 76 304
75 315 84 315
75 318 79 319
75 324 76 328
75 335 75 344
75 345 76 349
75 350 79 351
75 357 76 361
75 365 79 366
75 368 84 368
75 385 76 389
76 0 76 9
76 16 77 20
76 36 80 37
76 40 76 49
76 57 85 57
76 58 85 58
76 60 85 60
76 68 76 77
76 81 80 82
76 83 85 83
76 106 80 107
76 108 80 109
76 126 77 130
76 149 77 153
76 154 80 155
76 156 85 156
76 158 80 159
76 160 80 161
76 162 85 162
76 165 80 166
76 167 80 168
76 169 85 169
76 177 85 177
76 199 80 200
76 201 80 202
76 204 76 213
76 217 85 217
76 221 76 230
76 231 76 240
76 246 76 255
76 268 77 272
76 281 80 282
76 288 80 289
76 290 80 291
76 307 85 307
76 308 80 309
76 310 85 310
76 335 76 344
76 352 77 356
76 369 80 370
76 372 80 373
76 377 85 377
76 382 80 383
76 390 77 394
77 0 77 9
77 25 81 26
73 30 82 30
77 40 77 49
77 62 81 63
77 68 77 77
77 89 78 93
77 102 81 103
77 104 81 105
77 112 81 113
77 120 78 124
77 139 78 143
77 147 81 148
77 170 81 171
77 184 77 188
77 194 78 198
77 203 77 212
77 213 86 213
77 221 77 230
77 231 77 240
77 246 77 255
77 256 78 260
77 274 81 275
77 276 81 277
77 278 84 278
77 283 78 287
77 294 78 298
77 300 78 304
77 313 81 314
77 317 85 317
77 324 78 328
77 330 77 339
77 340 77 349
77 357 78 361
77 378 81 379
77 380 86 380
77 381 86 381
77 384 78 388
77 389 86 389
78 0 78 9
78 16 79 20
78 27 82 28
78 29 87 29
78 40 82 41
78 42 82 43
78 44 79 48
78 49 87 49
78 68 78 77
78 85 82 86
78 87 82 88
78 98 82 99
78 114 82 115
78 126 79 130
78 135 87 135
78 146 87 146
78 149 82 150
78 151 82 152
78 153 87 153
78 175 82 176
78 179 82 180
78 181 87 181
78 182 78 188
78 203 78 212
78 221 78 230
78 231 78 240
78 246 78 255
78 268 82 269
78 270 87 270
78 271 87 271
78 272 82 273
78 279 82 280
78 330 78 339
78 340 78 349
78 352 79 356
78 390 79 394
78 395 87 395
79 0 80 4
79 5 79 14
79 15 88 15
79 21 83 22
79 23 83 24
79 52 83 53
79 59 88 59
79 61 87 61
79 68 79 77
79 89 80 93
79 117 83 118
79 120 80 124
79 136 79 145
79 157 83 157
79 173 83 174
79 182 79 191
79 192 80 196
79 197 88 197
79 198 88 198
79 203 79 212
79 215 83 216
79 218 83 219
79 221 79 230
79 231 79 240
79 246 79 255
79 256 80 260
79 265 83 266
79 283 80 287
79 292 88 292
79 294 79 303
79 304 88 304
79 306 88 306
79 320 80 324
79 325 83 326
79 327 83 328
79 330 79 339
79 340 79 349
79 357 80 361
79 362 83 363
79 374 83 375
79 376 88 376
79 384 80 388
80 5 80 14
80 16 81 20
80 31 84 32
80 33 84 34
80 46 81 48
80 54 83 55
80 66 80 75
80 76 81 80
80 94 84 95
80 96 84 97
80 110 84 111
80 116 89 116
80 126 81 130
80 132 84 133
80 136 80 145
80 163 84 164
80 182 80 191
80 203 80 212
80 221 80 230
80 231 80 240
80 241 80 250
80 251 84 252
80 253 84 254
80 255 89 255
80 261 84 262
80 263 84 264
80 293 80 302
80 303 89 303
80 305 89 305
80 318 89 318
80 319 89 319
80 330 80 339
80 340 80 349
80 350 81 354
80 355 84 356
80 365 84 366
80 367 89 367
80 390 81 394
80 397 89 397
81 0 81 9
81 10 82 14
81 36 85 37
81 38 85 39
81 66 81 75
81 81 85 82
81 89 82 93
81 100 85 101
81 106 85 107
81 108 85 109
81 120 82 124
81 131 90 131
81 136 81 145
81 154 85 155
81 158 85 159
81 160 85 161
81 165 85 166
81 167 85 168
81 182 82 186
81 187 81 196
81 199 81 208
81 209 85 210
81 211 85 212
81 220 81 229
81 230 81 239
81 240 81 249
81 250 90 250
81 256 82 260
81 267 89 267
81 281 81 290
81 291 90 291
81 293 81 302
81 308 85 309
81 320 82 324
81 330 81 339
81 340 81 349
81 357 82 361
81 369 85 370
81 372 85 373
81 382 82 386
81 387 85 388
81 398 90 398
82 0 83 4
82 5 91 5
82 6 86 7
82 8 86 9
82 16 83 20
82 25 86 26
82 35 91 35
82 46 83 48
82 62 84 64
82 67 82 75
82 76 83 80
82 102 86 103
82 104 86 105
82 112 86 113
82 126 83 130
82 136 82 145
82 147 86 148
82 170 84 172
82 187 83 191
82 192 83 196
82 199 82 208
80 214 89 214
82 220 83 224
82 225 82 234
82 235 82 244
82 245 83 249
82 274 91 274
82 275 91 275
82 276 89 276
82 277 91 277
82 281 82 290
82 293 82 302
82 313 91 313
82 314 91 314
82 329 82 338
82 339 82 348
82 349 83 353
82 354 91 354
82 378 86 379
82 390 86 391
82 392 86 393
82 394 91 394
82 396 91 396
83 10 84 14
83 27 87 28
83 30 89 30
83 40 87 41
83 42 87 43
83 51 92 51
82 66 91 66
83 67 87 68
83 69 87 70
83 71 87 72
83 73 87 74
83 75 92 75
83 84 83 93
83 98 87 99
83 114 87 115
83 120 84 124
83 125 92 125
83 136 83 145
83 149 87 150
83 151 87 152
83 175 87 176
83 179 87 180
83 182 87 183
83 184 92 184
83 185 87 186
83 199 83 208
83 225 83 234
83 235 83 244
83 256 84 260
83 268 87 269
83 272 87 273
83 279 83 287
83 288 87 289
83 290 92 290
83 293 84 297
83 298 84 302
83 311 92 311
83 320 84 324
83 329 83 338
83 339 87 340
83 341 84 345
83 346 87 347
83 348 92 348
83 357 84 361
83 364 87 364
83 371 92 371
83 382 84 386
84 0 85 4
84 16 85 20
84 21 93 21
84 22 93 22
84 23 88 24
85 44 93 44
80 44 84 45
84 46 86 48
84 52 93 52
84 53 86 54
84 76 85 80
84 84 84 93
84 117 88 118
84 119 93 119
84 126 85 130
84 136 84 145
84 173 88 174
84 187 84 196
84 199 84 208
84 215 88 216
84 218 84 227
84 228 84 237
84 238 84 247
84 248 88 249
84 265 88 266
84 279 85 283
84 284 93 284
84 285 88 286
84 287 93 287
84 312 93 312
84 316 93 316
84 325 84 334
84 335 88 336
84 337 88 338
84 349 85 353
84 362 88 363
84 374 88 375
85 10 86 14
85 31 89 32
85 33 89 34
82 50 91 50
84 55 88 56
85 62 93 62
85 63 87 65
85 84 85 93
85 94 89 95
85 96 89 97
85 110 89 111
85 120 86 124
85 132 89 133
85 134 94 134
85 136 85 145
85 163 89 164
85 170 88 171
85 172 93 172
85 178 94 178
85 187 85 196
85 199 86 203
85 204 89 205
85 206 94 206
85 207 89 208
85 218 85 227
85 228 85 237
85 238 85 247
85 251 89 252
85 253 89 254
85 256 86 260
85 261 89 262
85 263 89 264
85 293 85 302
85 315 93 315
85 320 85 329
85 330 86 334
85 341 86 345
85 355 86 359
85 360 89 361
85 365 89 366
85 368 94 368
85 382 86 386
86 0 87 4
86 16 87 20
86 36 90 37
86 38 90 39
86 57 95 57
86 58 95 58
86 60 94 60
86 76 86 85
86 86 87 90
86 91 90 92
86 93 95 93
86 100 88 101
86 106 90 107
86 108 90 109
86 126 87 130
86 136 86 145
86 154 90 155
86 156 95 156
86 158 87 162
86 165 87 169
86 177 95 177
86 187 86 196
86 209 90 210
86 211 90 212
86 217 86 226
86 227 86 236
86 237 86 246
86 247 95 247
86 279 87 283
86 293 86 302
86 307 90 308
86 309 90 310
86 320 86 329
86 349 87 353
86 369 90 370
86 372 90 373
86 377 95 377
86 387 90 388
87 6 88 10
87 11 91 12
87 13 91 14
87 25 91 26
87 45 91 46
87 47 91 48
87 53 91 54
87 76 87 85
87 102 88 105
87 112 91 113
87 120 88 124
87 136 87 145
87 147 91 148
87 187 87 196
87 199 88 203
87 213 96 213
87 217 87 226
87 227 87 236
87 237 87 246
87 256 88 260
85 278 94 278
87 293 87 302
86 317 95 317
87 320 87 329
87 330 88 334
87 341 88 345
87 355 88 359
87 378 88 382
87 383 90 384
87 385 91 386
87 389 88 393
88 0 89 4
88 16 89 20
88 27 92 28
88 29 97 29
88 40 92 41
88 42 92 43
88 49 97 49
88 64 92 65
88 67 88 71
88 72 92 73
88 74 97 74
88 76 88 85
88 86 89 90
88 98 92 99
88 114 92 115
88 126 89 130
88 135 88 144
88 145 92 146
88 149 89 153
88 158 89 162
88 165 89 169
88 175 92 176
88 179 89 183
88 185 88 194
88 195 92 196
88 217 88 226
88 227 88 236
88 237 88 246
88 268 89 272
88 273 97 273
88 279 92 280
88 281 92 282
88 283 97 283
88 288 92 289
88 293 88 302
88 320 88 329
88 339 92 340
88 346 91 347
88 349 89 353
88 395 97 395
89 6 98 6
89 7 93 8
89 9 93 10
89 15 98 15
89 23 93 24
89 55 98 55
89 59 98 59
88 61 97 61
89 76 89 85
89 100 90 103
89 104 93 105
89 117 93 118
89 120 90 124
89 135 89 144
84 157 93 157
89 173 93 174
89 185 89 194
89 197 90 201
89 202 93 203
89 215 89 224
89 225 89 234
89 235 89 244
89 245 93 246
89 248 93 249
89 256 90 260
89 265 93 266
89 285 93 286
89 292 89 301
89 302 98 302
89 304 98 304
89 306 98 306
89 320 89 329
89 330 90 334
89 335 92 336
89 337 92 338
89 341 90 345
89 355 90 359
89 362 92 363
89 374 93 375
89 376 93 376
89 378 90 382
89 389 90 393
90 0 91 4
90 16 91 20
90 31 94 32
90 33 94 34
90 56 99 56
91 67 94 68
89 67 90 71
90 76 90 85
90 86 91 90
90 94 94 95
90 96 94 97
90 110 94 111
90 116 99 116
90 126 91 130
90 132 94 133
90 135 90 144
90 149 91 153
90 158 90 167
90 168 94 169
89 170 93 171
90 179 91 183
90 185 90 194
90 204 94 205
90 207 94 208
90 214 90 223
90 224 90 233
90 234 90 243
90 244 99 244
90 252 91 255
90 261 94 262
90 263 94 264
90 267 94 268
90 269 94 270
90 271 94 272
90 292 90 301
90 303 99 303
90 305 99 305
90 318 90 327
90 328 94 329
90 349 91 353
90 360 94 361
90 365 94 365
90 367 99 367
90 397 99 397
91 36 95 37
91 38 100 38
91 39 100 39
91 70 95 71
91 76 91 85
91 91 95 92
91 100 95 101
91 102 95 103
91 106 95 107
91 108 95 109
91 120 92 124
91 131 100 131
91 135 91 144
91 154 95 155
91 158 91 167
91 185 92 189
91 190 92 194
91 197 92 201
91 209 95 210
91 211 95 212
91 214 91 223
91 224 91 233
91 234 91 243
91 250 100 250
91 256 92 260
91 291 91 299
91 300 95 301
91 307 95 308
91 309 95 310
91 318 91 327
91 330 92 334
91 341 92 345
91 355 92 359
91 369 95 370
91 372 95 373
91 378 95 379
91 380 92 384
91 387 92 391
91 392 95 393
91 398 100 398
92 0 93 3
92 4 96 5
92 11 96 12
92 13 96 14
92 16 93 20
92 25 96 26
92 35 101 35
92 46 96 47
92 48 101 48
92 50 101 50
92 53 96 54
92 66 101 66
92 69 101 69
92 76 92 85
92 86 93 90
92 112 96 113
92 126 93 130
92 135 92 144
92 147 93 151
92 152 96 153
92 158 92 167
92 179 93 183
92 214 92 223
92 224 92 233
92 234 92 243
90 251 99 251
92 252 101 252
92 253 96 254
92 255 101 255
92 274 96 275
90 276 99 276
92 277 101 277
92 291 93 295
92 296 96 297
92 298 96 299
92 313 96 313
92 318 92 327
92 349 93 353
92 354 101 354
92 385 96 386
92 394 101 394
92 396 101 396
93 27 97 28
90 30 99 30
93 40 97 41
93 42 97 43
93 51 102 51
93 63 97 64
93 65 102 65
93 72 97 73
93 75 94 79
93 80 94 84
93 85 102 85
93 98 97 99
93 114 97 115
93 120 94 124
93 125 102 125
93 135 93 144
93 145 97 146
93 158 93 167
93 175 97 176
93 184 93 193
93 194 94 198
93 199 97 200
93 201 102 201
93 214 94 218
93 219 93 228
93 229 93 238
93 239 94 243
93 256 94 260
93 279 97 280
93 281 97 282
93 288 97 288
93 289 97 290
93 311 102 311
93 318 97 319
93 320 94 323
93 326 95 327
93 330 94 334
95 339 102 339
93 335 93 344
93 345 102 345
92 346 96 347
93 348 102 348
93 355 94 359
93 362 95 363
93 371 102 371
93 380 94 384
93 387 94 391
94 0 98 1
94 2 98 3
94 7 98 8
94 9 98 10
94 16 95 20
94 21 98 22
94 23 98 24
94 44 98 45
94 52 103 52
94 86 95 90
94 104 98 105
94 117 98 118
94 119 103 119
94 126 98 127
94 128 98 129
94 130 103 130
94 135 94 144
94 147 98 148
94 149 98 150
94 151 103 151
94 157 94 166
94 167 103 167
94 170 95 174
94 179 94 188
94 189 95 193
94 202 98 203
94 219 94 228
94 229 94 238
94 245 98 246
94 248 98 249
94 265 98 266
94 284 98 285
94 286 98 287
94 291 95 295
94 312 103 312
94 316 103 316
95 335 98 336
95 337 98 338
95 340 96 343
94 335 94 344
94 349 95 353
94 374 98 375
95 31 99 32
95 33 99 34
94 62 103 62
95 67 99 68
95 75 95 84
95 94 99 95
95 96 104 96
95 97 104 97
95 110 99 111
95 120 96 124
95 132 95 141
95 142 98 143
95 144 104 144
95 157 95 166
95 168 99 169
95 178 95 187
95 188 104 188
95 194 96 198
95 204 99 205
95 206 103 206
95 207 99 208
95 214 95 223
95 224 95 233
95 234 96 238
95 239 96 243
95 256 96 260
95 261 99 262
95 263 99 264
95 267 99 268
95 269 99 270
95 271 99 272
95 278 104 278
94 315 103 315
95 320 96 323
95 328 96 332
95 333 99 334
95 344 104 344
95 355 96 359
95 360 99 361
95 365 104 365
90 366 99 366
95 368 104 368
95 380 96 384
95 387 96 391
96 16 97 20
96 36 105 36
96 37 105 37
96 57 100 58
95 60 104 60
96 70 105 70
96 71 105 71
96 75 96 84
96 86 97 90
96 91 100 92
96 93 105 93
96 100 100 101
96 102 100 103
96 106 100 107
96 108 100 109
96 132 96 141
96 154 96 163
96 164 100 165
96 166 105 166
96 170 97 174
96 177 96 186
96 187 105 187
96 189 97 193
96 209 100 210
96 211 100 212
96 214 96 223
96 224 96 233
96 247 105 247
96 291 97 295
96 300 100 301
96 307 100 308
96 309 100 310
96 317 105 317
93 324 97 325
96 326 100 327
96 349 97 353
96 362 100 363
88 364 97 364
96 369 100 370
96 372 100 373
96 377 100 378
96 379 104 379
96 392 100 393
97 4 101 5
97 11 101 12
97 13 101 14
97 25 101 26
97 46 101 47
97 53 101 54
97 75 97 84
97 112 101 113
97 120 98 124
97 132 97 141
97 152 97 158
99 162 106 162
97 159 98 163
97 177 97 186
97 194 98 198
97 213 97 222
97 223 97 232
97 233 98 237
97 238 98 242
97 243 106 243
97 253 101 254
97 256 98 260
97 274 101 275
97 296 101 297
97 298 101 299
97 313 106 313
92 314 101 314
97 320 101 321
97 322 98 323
97 328 98 332
97 340 101 341
97 342 101 343
97 346 101 347
97 355 98 359
97 380 97 389
97 390 101 391
98 16 99 20
98 27 107 27
98 28 107 28
98 29 107 29
98 40 102 41
98 42 102 43
98 49 107 49
98 61 107 61
98 63 102 64
98 72 99 76
98 77 99 81
98 82 102 83
98 84 107 84
98 86 99 90
98 98 102 99
98 114 102 115
98 132 98 141
98 145 102 146
98 152 107 152
98 153 99 157
98 158 107 158
98 170 98 179
98 180 99 184
98 185 102 186
98 189 99 193
98 199 102 200
98 213 98 222
98 223 99 227
98 228 102 229
98 230 102 231
98 232 107 232
98 273 107 273
98 279 99 283
98 288 99 292
98 293 102 294
98 295 107 295
98 318 100 319
98 325 107 325
98 349 99 353
98 364 107 364
98 380 98 389
98 395 107 395
99 0 103 1
99 2 103 3
99 6 100 10
99 15 108 15
99 21 103 22
99 23 103 24
99 44 103 45
99 55 108 55
99 59 108 59
99 104 103 105
99 117 103 118
99 120 100 124
99 126 103 127
99 128 103 129
99 132 103 133
99 134 100 138
99 139 103 140
99 141 101 143
99 147 103 148
99 149 103 150
99 159 103 160
99 161 108 161
99 163 108 163
99 170 99 179
99 194 100 198
99 202 102 203
99 213 99 222
99 233 99 242
99 245 103 246
99 248 103 249
99 256 100 260
99 265 103 266
99 284 103 285
99 286 103 287
99 302 108 302
99 304 108 304
99 306 108 306
99 322 101 324
99 328 100 332
99 335 103 336
99 337 103 338
99 355 100 359
99 374 103 375
94 376 103 376
99 380 99 389
100 16 101 20
100 30 101 34
100 56 109 56
100 67 104 68
100 72 100 81
100 86 101 90
100 94 104 95
100 110 104 111
100 116 108 116
100 153 101 157
100 168 100 177
100 178 101 182
100 183 104 184
100 189 101 193
100 204 104 205
100 213 100 222
100 223 101 227
100 233 100 242
100 244 109 244
100 251 108 251
100 261 104 262
100 263 104 264
100 267 101 271
100 272 109 272
100 276 109 276
100 279 101 283
100 288 101 292
100 303 109 303
100 305 109 305
100 333 104 334
100 349 101 353
100 360 104 361
100 366 104 367
100 380 104 381
100 382 109 382
100 383 109 383
100 384 109 384
100 385 101 389
100 397 109 397
101 6 102 10
101 38 105 39
101 57 105 58
101 72 101 81
101 91 105 92
101 100 105 101
101 102 105 103
101 106 105 107
101 108 105 109
101 120 102 124
101 131 110 131
101 134 102 138
101 164 105 165
101 168 101 177
101 194 102 198
101 209 102 213
101 214 102 218
101 219 105 220
101 221 105 222
101 233 101 242
101 250 108 250
101 256 102 260
101 300 105 301
101 307 105 308
101 309 104 310
101 326 102 330
101 331 105 332
101 355 102 359
101 362 105 363
101 369 105 370
101 372 105 373
101 377 104 378
101 392 105 393
101 398 110 398
102 4 106 5
102 11 106 12
102 13 106 14
102 16 103 20
102 25 106 26
102 30 103 34
102 35 111 35
102 46 105 47
102 48 109 48
102 50 111 50
102 53 103 54
102 66 111 66
102 69 111 69
102 72 102 81
102 86 103 90
102 112 106 113
102 141 106 142
102 143 111 143
102 153 103 157
102 168 102 177
102 178 103 182
102 189 103 193
102 208 111 208
102 223 103 227
102 233 102 242
102 252 106 253
102 254 106 255
102 267 103 271
102 274 106 275
102 277 111 277
102 279 103 283
102 288 103 292
102 296 106 297
102 298 106 299
102 314 111 314
102 320 105 320
102 321 106 322
102 323 106 324
102 340 111 340
102 342 111 342
102 346 106 347
102 349 103 353
102 354 111 354
102 385 103 389
102 390 106 391
102 394 111 394
102 396 111 396
103 6 104 10
103 40 107 41
103 42 107 43
103 51 112 51
103 63 107 64
103 72 103 81
103 82 107 83
103 85 112 85
103 98 107 99
103 114 107 115
103 120 104 124
103 125 112 125
103 134 104 138
103 145 107 146
103 168 103 177
103 185 107 186
103 194 104 198
103 199 107 200
103 201 105 203
103 209 103 218
103 228 107 229
103 230 107 231
103 233 104 237
103 238 104 242
103 256 104 260
103 293 107 294
103 311 112 311
101 318 105 319
103 326 104 330
103 339 112 339
103 343 112 343
103 345 111 345
103 348 110 348
103 355 104 359
103 371 112 371
104 0 108 1
104 2 108 3
104 16 105 20
104 21 108 22
104 23 108 24
104 30 105 34
104 44 108 45
104 52 106 54
104 62 113 62
104 72 105 76
104 77 105 81
104 86 105 90
104 104 108 105
104 117 108 118
104 119 113 119
104 126 105 130
104 132 108 133
104 139 108 140
104 147 105 151
104 153 105 157
104 159 108 160
104 167 104 176
104 177 105 181
104 182 113 182
104 189 105 193
104 206 107 207
104 209 104 218
104 223 105 227
104 245 108 246
104 248 108 249
104 265 105 269
104 270 108 271
104 279 104 288
104 289 108 290
104 291 108 292
104 312 113 312
104 315 108 316
104 335 108 336
104 337 108 338
104 341 113 341
104 349 105 353
104 374 108 375
104 385 105 389
105 6 106 10
105 60 114 60
105 67 109 68
105 94 109 95
105 96 109 97
105 110 109 111
105 120 106 124
105 134 106 138
105 144 114 144
105 167 106 171
105 172 109 173
105 174 109 175
105 176 114 176
105 183 109 184
105 188 112 188
105 194 106 198
105 204 107 205
105 209 105 218
105 233 105 242
105 256 106 260
105 261 109 262
105 263 109 264
105 278 105 287
105 288 114 288
105 326 106 330
105 333 109 333
105 344 111 344
105 355 106 359
105 360 109 361
105 365 114 365
105 366 114 366
105 367 109 368
105 376 114 376
107 379 109 381
106 16 107 20
106 30 107 34
106 36 110 37
106 38 110 39
106 57 110 58
106 70 106 79
106 80 110 81
106 86 107 90
106 91 110 92
106 93 115 93
106 100 110 101
106 102 110 103
106 106 110 107
106 108 110 109
106 126 110 127
106 128 110 129
106 130 115 130
106 147 107 151
106 153 107 157
106 164 110 165
106 166 115 166
106 177 115 177
106 178 108 180
106 181 115 181
106 187 112 187
106 189 107 193
106 201 115 201
106 202 110 203
106 209 106 218
106 219 107 223
106 224 110 225
106 226 110 227
106 233 106 242
106 247 115 247
106 265 107 269
106 278 106 287
106 300 110 301
106 307 110 308
110 309 115 309
105 309 109 310
106 317 115 317
106 318 108 320
106 331 110 332
106 349 107 353
106 362 110 363
106 369 110 370
106 372 110 373
105 377 106 381
106 385 107 389
106 392 110 393
107 4 107 13
107 14 116 14
107 25 111 26
106 46 110 47
107 52 111 53
107 54 116 54
107 65 116 65
107 70 107 79
107 112 111 113
107 120 108 124
107 134 108 138
107 141 111 142
107 162 116 162
107 167 108 171
107 194 108 198
107 209 107 218
107 233 107 242
107 243 116 243
107 252 108 256
107 257 111 258
107 259 111 260
107 274 111 275
107 278 107 287
107 296 111 297
107 298 116 298
107 299 116 299
107 313 116 313
107 321 111 322
107 323 111 324
107 326 111 327
107 328 111 329
107 330 116 330
107 346 111 347
107 355 116 355
107 356 111 357
107 358 111 359
107 378 116 378
107 390 111 391
108 4 108 13
108 16 109 20
108 27 109 31
108 32 112 33
108 34 117 34
108 40 112 41
108 42 112 43
108 49 117 49
108 61 117 61
108 63 112 64
108 70 108 79
108 82 112 83
108 84 117 84
108 86 109 90
108 98 112 99
108 114 112 115
108 145 109 149
108 150 109 154
108 155 112 156
108 157 112 158
108 185 112 186
108 189 109 193
108 199 112 200
108 209 108 218
108 219 109 223
108 228 108 237
108 238 109 242
108 265 109 269
108 273 117 273
108 278 108 287
108 293 112 294
108 295 117 295
108 325 117 325
108 349 109 353
108 364 117 364
108 385 109 389
108 395 117 395
109 0 109 8
111 10 113 11
111 12 118 12
109 9 110 13
109 15 118 15
109 21 113 22
109 23 113 24
109 44 113 45
109 55 118 55
109 59 118 59
109 70 109 79
109 104 113 105
109 118 113 118
109 120 110 124
109 132 110 136
109 137 113 138
109 139 113 140
109 159 113 160
109 161 118 161
109 163 118 163
109 167 110 171
109 179 113 180
109 194 110 198
110 206 118 206
108 204 109 207
109 209 109 218
109 228 109 237
109 245 113 246
109 248 110 252
109 253 113 254
109 255 113 256
109 270 113 271
109 278 109 287
109 289 113 290
109 291 113 292
109 302 118 302
109 304 118 304
109 306 118 306
109 315 113 316
109 318 118 318
109 319 116 319
109 320 116 320
109 335 113 336
109 337 113 338
109 374 113 375
110 0 111 4
110 5 114 6
110 7 114 8
110 16 111 20
110 27 111 31
110 56 119 56
110 67 114 68
110 70 110 79
110 86 111 90
110 94 114 95
110 96 114 97
110 110 114 111
109 116 112 117
110 145 110 154
110 172 114 173
110 174 114 175
110 183 114 184
110 189 114 190
110 191 114 192
110 193 119 193
110 204 114 205
110 209 110 218
110 219 111 223
110 228 110 237
110 238 111 242
110 244 119 244
110 261 111 265
110 266 114 267
110 268 114 269
110 272 118 272
110 276 119 276
110 278 110 287
110 303 118 303
110 305 119 305
110 310 119 310
110 333 119 333
105 334 114 334
110 349 111 353
110 360 114 361
110 367 114 368
110 379 111 383
110 384 114 385
110 386 111 389
110 397 119 397
111 9 120 9
111 13 120 13
111 36 115 37
111 38 115 39
111 46 115 47
111 57 115 58
111 70 111 79
111 80 115 81
111 91 115 92
111 100 115 101
111 102 115 103
111 106 115 107
111 108 115 109
111 120 112 124
111 126 115 127
111 128 115 129
111 131 115 132
111 133 115 134
111 135 115 136
111 145 111 154
111 164 115 165
111 167 112 171
111 194 112 198
111 202 115 203
111 209 111 218
111 224 112 228
111 229 112 233
111 234 119 234
111 235 115 236
111 237 119 237
111 248 112 252
111 278 111 287
111 300 115 301
111 307 115 308
111 331 115 332
111 362 114 363
111 369 115 370
111 372 115 373
111 392 115 393
111 398 120 398
112 0 113 4
112 16 113 20
112 25 113 29
112 30 116 31
112 35 121 35
110 48 119 48
112 50 121 50
112 52 116 53
112 66 116 66
112 69 112 78
112 79 121 79
112 86 113 90
112 112 116 113
112 141 116 142
112 143 121 143
112 145 112 154
112 178 121 178
112 207 112 216
112 217 113 219
112 222 116 223
112 238 113 242
112 257 113 261
112 262 116 263
112 264 116 265
112 274 116 275
112 277 112 286
112 287 121 287
112 296 116 297
112 314 121 314
112 321 116 322
112 323 116 324
112 326 116 327
112 328 116 329
112 340 121 340
112 342 121 342
112 345 116 346
112 347 121 347
112 349 116 350
112 351 121 351
112 352 114 354
112 356 116 357
112 358 116 359
112 379 113 383
112 386 116 387
112 388 116 389
112 390 116 391
112 394 120 394
112 396 121 396
113 32 117 33
113 40 117 41
113 42 117 43
113 51 121 51
113 63 115 64
113 69 113 78
113 82 117 83
113 85 122 85
113 98 117 99
113 114 114 117
113 120 114 124
113 125 122 125
113 145 113 154
113 155 117 156
113 157 117 158
113 167 114 171
113 185 122 185
113 186 115 188
113 194 114 198
113 199 117 200
113 207 113 216
113 224 117 225
113 226 114 230
113 231 116 232
113 233 119 233
113 248 114 252
113 277 113 286
113 293 116 294
113 311 122 311
113 339 122 339
113 343 122 343
111 348 120 348
113 371 122 371
114 0 115 4
114 10 118 11
114 16 115 20
114 21 115 25
114 26 118 27
114 28 118 29
114 44 118 45
114 62 123 62
114 69 114 78
114 86 115 90
114 104 116 105
114 118 118 119
114 137 118 138
114 139 118 140
114 145 114 154
114 159 118 160
114 179 118 180
114 182 123 182
114 207 114 216
114 217 118 217
114 219 123 219
112 220 116 221
114 238 115 242
114 245 118 246
114 253 118 254
114 255 123 255
114 256 118 257
114 258 118 259
114 260 118 261
114 270 118 271
114 277 114 286
114 289 118 290
114 291 118 292
114 312 123 312
114 315 118 316
114 335 118 336
114 337 118 338
114 341 123 341
114 374 118 375
114 377 123 377
114 379 115 383
115 5 119 6
115 7 119 8
115 60 124 60
115 67 115 76
115 77 119 78
115 94 119 95
115 96 119 97
115 110 119 111
115 114 124 114
115 115 124 115
115 116 119 117
115 120 119 121
115 122 119 123
115 124 124 124
115 144 116 148
115 149 116 153
115 154 124 154
115 167 115 176
115 183 119 184
115 189 119 190
115 191 119 192
115 194 116 198
115 204 119 205
115 207 115 216
115 226 116 230
115 248 116 252
115 266 119 267
115 268 119 269
115 277 115 286
115 288 124 288
112 344 121 344
115 352 124 352
115 353 119 354
115 360 124 360
115 361 117 363
115 365 117 366
115 367 119 368
115 376 124 376
115 384 116 385
116 0 120 1
116 2 125 2
116 3 120 4
116 16 116 25
116 36 120 37
116 38 120 39
116 46 120 47
116 57 120 58
116 67 116 76
116 80 120 81
116 86 117 90
116 91 120 92
116 93 125 93
116 100 120 101
116 102 120 103
116 107 120 108
116 109 125 109
116 126 116 135
116 136 125 136
116 164 116 173
116 175 119 176
116 177 125 177
116 181 125 181
116 186 120 187
116 188 125 188
116 201 120 202
116 203 125 203
116 207 116 216
116 235 120 236
116 238 117 242
116 247 123 247
116 277 116 286
116 300 120 301
116 307 120 308
116 309 125 309
116 317 125 317
116 331 120 332
116 369 120 370
116 372 120 373
119 379 125 379
116 379 118 381
116 382 125 382
116 392 120 393
117 14 126 14
117 16 117 25
117 30 121 31
117 52 121 53
117 54 126 54
117 65 121 66
117 67 117 76
117 104 119 106
117 112 121 113
117 126 117 135
117 141 121 142
117 144 117 153
117 162 126 162
117 164 117 173
117 194 121 195
117 196 121 197
117 198 126 198
117 207 117 211
117 220 121 221
117 222 121 223
117 226 118 229
117 243 126 243
117 248 118 252
117 262 121 263
117 264 121 265
117 274 126 274
117 275 126 275
117 277 117 286
117 296 121 297
117 298 121 299
117 313 126 313
117 321 121 322
117 323 121 324
117 326 118 330
117 334 126 334
117 345 121 346
117 349 121 350
117 355 118 359
117 378 126 378
117 383 119 385
117 386 121 387
117 388 121 389
117 390 121 391
118 16 118 25
118 32 122 33
118 34 127 34
118 40 122 41
118 42 122 43
118 49 127 49
118 61 127 61
116 63 120 64
118 67 118 76
118 82 122 83
118 84 127 84
118 86 119 90
118 98 122 99
118 126 118 135
118 144 118 153
118 155 122 156
118 157 122 158
118 164 118 169
118 170 119 174
118 199 122 200
118 207 119 211
117 212 118 216
118 224 122 225
117 230 119 232
118 238 127 238
118 239 127 239
118 240 122 241
118 242 127 242
118 273 127 273
118 277 118 286
117 293 121 294
118 295 127 295
118 325 127 325
118 361 122 362
118 363 119 366
118 395 127 395
119 10 123 10
119 11 123 12
119 15 119 24
119 25 123 26
119 27 122 28
119 29 128 29
119 44 123 45
119 55 128 55
119 59 128 59
119 67 119 76
119 118 123 119
119 126 119 135
119 137 123 138
119 139 128 139
119 140 128 140
119 144 119 152
119 159 123 160
119 161 128 161
119 163 120 167
119 168 123 169
119 179 123 180
119 206 128 206
119 212 123 213
119 214 123 215
119 216 123 217
114 218 123 218
119 226 128 226
119 227 123 228
119 229 128 229
119 245 123 246
119 248 120 252
119 253 123 254
119 256 120 260
119 261 128 261
119 270 123 271
119 277 120 281
119 282 120 286
119 289 123 290
119 291 123 292
119 302 128 302
119 303 123 304
119 306 128 306
119 315 123 316
122 319 128 319
117 319 121 320
119 326 120 330
119 335 123 336
119 337 123 338
119 355 120 359
119 374 123 375
119 380 123 381
120 5 124 6
120 7 124 8
120 15 120 24
120 48 129 48
120 56 129 56
120 67 120 76
120 77 124 78
120 86 121 90
120 94 124 95
120 96 124 97
120 104 124 105
120 106 129 106
120 110 124 111
120 116 124 117
120 120 124 121
120 122 124 123
120 126 120 135
120 144 120 152
120 170 121 173
120 183 124 184
120 189 121 193
120 204 124 205
120 207 121 211
120 230 124 231
120 232 122 234
120 244 129 244
120 266 124 267
120 268 124 269
119 272 127 272
120 276 129 276
120 305 129 305
120 310 129 310
120 333 129 333
120 353 124 354
120 363 121 367
120 368 129 368
120 383 124 384
120 385 129 385
120 397 129 397
121 0 125 1
121 3 125 4
121 9 130 9
121 13 130 13
121 15 121 24
121 36 125 37
121 38 130 38
121 39 130 39
121 46 125 47
121 57 125 58
121 63 130 63
121 64 130 64
121 67 121 76
121 80 125 80
121 91 125 92
121 100 125 101
121 102 125 103
121 107 125 108
121 126 122 130
121 131 122 135
121 144 125 145
121 146 125 147
121 148 125 148
121 149 125 150
121 151 125 152
119 153 128 153
121 163 122 167
123 174 125 176
121 186 125 187
121 201 125 202
121 235 125 236
120 237 129 237
121 248 122 252
121 256 122 260
121 277 121 286
121 300 125 301
121 307 125 308
121 318 130 318
121 326 125 327
121 328 122 332
121 348 130 348
121 355 122 359
121 369 125 370
121 372 125 373
121 392 125 393
121 398 130 398
122 15 122 24
122 30 126 31
122 35 131 35
122 50 126 51
122 52 126 53
122 65 122 74
122 75 126 76
122 79 131 79
122 86 123 90
122 112 126 113
122 141 126 142
122 143 131 143
122 170 126 171
122 172 126 173
120 174 122 176
122 178 131 178
122 189 123 193
122 194 131 194
122 195 126 196
122 197 131 197
122 207 123 211
122 220 125 221
122 222 125 223
122 262 126 263
122 264 131 264
122 265 131 265
122 277 122 286
122 287 131 287
122 293 129 293
122 294 129 294
122 296 126 297
122 298 126 299
122 314 131 314
122 320 123 324
122 340 131 340
122 342 131 342
122 344 126 345
122 346 131 346
122 347 131 347
122 349 126 350
122 351 131 351
122 363 131 363
122 364 131 364
122 365 126 366
122 367 131 367
122 386 123 390
122 391 131 391
121 394 130 394
122 396 131 396
123 15 123 24
123 32 132 32
123 33 132 33
123 40 127 41
123 42 127 43
123 65 123 74
123 82 127 83
123 85 132 85
123 98 127 99
123 125 123 134
123 135 132 135
123 155 127 156
123 157 127 158
123 163 124 167
123 185 132 185
123 199 127 200
123 224 127 225
123 232 127 233
123 234 132 234
123 240 127 241
123 248 127 249
123 250 127 251
123 252 132 252
123 256 124 260
123 277 123 286
123 311 132 311
123 328 124 332
123 339 132 339
123 343 132 343
123 355 124 359
123 361 127 362
123 371 132 371
124 10 128 11
124 12 132 12
124 15 124 24
124 25 128 26
128 27 133 27
123 27 127 28
124 44 128 45
124 62 133 62
124 65 128 66
124 67 125 71
124 72 128 73
124 74 133 74
124 86 125 90
124 118 128 119
124 125 125 129
124 130 125 134
124 137 128 138
124 159 128 160
124 168 128 169
124 179 128 180
124 182 133 182
124 189 125 193
124 207 124 216
124 217 128 218
124 219 133 219
124 227 128 228
124 245 128 246
124 253 128 254
124 255 133 255
124 270 128 271
124 277 124 286
124 289 128 290
124 291 128 292
124 304 133 304
124 312 133 312
124 315 128 316
124 320 133 320
124 321 128 322
124 323 128 324
124 335 128 336
124 337 128 338
124 341 133 341
124 374 128 375
124 377 133 377
124 380 128 381
124 386 125 390
125 5 129 6
125 7 129 8
125 15 125 24
125 60 134 60
125 77 129 78
125 94 129 95
125 96 129 97
125 104 129 105
125 110 129 111
125 114 129 115
125 116 129 117
125 120 126 124
125 154 134 154
125 163 126 167
126 174 134 174
125 183 129 184
125 204 129 205
125 207 125 216
125 230 129 231
125 256 126 260
125 266 129 267
125 268 129 269
125 277 125 286
125 288 128 288
125 303 134 303
125 328 126 332
125 352 126 356
125 357 129 358
125 359 129 360
125 376 134 376
125 383 129 384
126 0 127 3
126 15 126 24
126 36 130 37
126 46 130 47
126 57 130 58
126 67 127 71
126 80 135 80
121 81 130 81
126 86 127 90
126 91 130 92
126 93 135 93
126 100 130 101
126 102 130 103
126 107 130 108
126 109 135 109
126 125 126 134
126 136 135 136
126 144 127 148
126 149 130 150
126 151 130 152
126 175 130 176
126 177 135 177
126 181 135 181
126 186 127 190
126 191 135 191
126 192 135 192
126 193 135 193
126 201 135 201
126 202 135 202
126 203 135 203
126 207 126 216
126 235 130 236
124 247 133 247
126 277 126 286
126 300 130 301
126 307 130 308
126 309 130 309
126 317 130 317
126 326 130 327
126 369 130 370
126 372 130 373
126 379 135 379
126 382 135 382
126 386 127 390
126 392 130 393
127 14 127 23
127 24 136 24
127 30 131 31
127 50 128 54
127 75 136 75
127 76 136 76
127 112 131 113
127 120 127 129
127 130 136 130
127 131 131 132
127 133 131 134
127 141 131 142
127 162 128 166
127 167 136 167
127 170 131 171
127 172 131 173
127 195 131 196
127 198 136 198
127 207 127 216
126 220 127 223
127 243 136 243
127 256 128 260
127 262 131 263
127 274 131 275
127 277 127 286
127 296 131 297
127 298 131 299
127 313 136 313
127 328 128 332
127 334 136 334
127 344 131 345
127 349 131 350
127 352 128 356
127 365 131 366
127 378 136 378
128 0 132 1
128 2 132 3
126 4 135 4
128 14 128 23
128 28 137 28
128 34 137 34
128 40 132 41
128 42 132 43
128 49 137 49
128 61 137 61
128 67 129 71
128 82 131 83
128 84 137 84
128 86 129 90
128 98 132 99
128 120 128 129
128 144 129 148
128 155 132 156
128 157 132 158
128 186 129 190
128 199 132 200
128 207 128 216
128 220 137 220
128 223 132 224
128 225 137 225
128 232 132 233
128 238 129 242
128 248 132 249
128 250 132 251
134 272 137 273
128 277 128 286
128 295 136 295
128 325 137 325
128 361 132 362
128 386 129 390
128 395 137 395
129 10 133 11
129 14 129 23
129 25 133 26
129 29 137 29
129 44 133 45
129 50 130 54
129 55 138 55
129 59 135 59
129 65 133 66
129 72 133 73
129 118 129 127
129 128 133 129
129 137 133 138
129 139 133 140
129 153 138 153
129 159 130 163
129 164 133 165
129 166 138 166
129 168 133 169
129 179 133 180
129 206 129 215
129 216 133 217
129 218 138 218
129 226 133 227
129 228 133 229
129 245 133 246
129 253 133 254
129 256 130 260
129 261 138 261
129 270 133 271
128 272 132 273
129 277 129 286
129 289 133 290
129 291 133 292
129 302 138 302
129 306 138 306
129 315 133 316
129 319 138 319
129 321 133 322
129 323 133 324
129 328 133 329
129 330 133 331
129 332 138 332
129 335 133 336
129 337 132 338
129 352 130 356
129 374 133 375
129 380 133 381
130 5 134 6
130 7 134 8
130 14 130 23
130 48 139 48
130 56 139 56
130 67 131 71
130 77 134 78
130 86 131 90
130 94 134 95
130 96 134 97
130 104 132 106
130 110 134 111
130 114 131 118
130 119 134 120
130 121 139 121
130 122 134 123
130 124 134 125
130 126 134 127
130 144 131 148
130 183 134 184
130 186 131 190
130 204 130 212
133 213 134 215
130 221 134 222
130 230 134 231
130 238 131 241
130 242 139 242
130 244 139 244
130 266 134 267
130 268 134 269
130 276 130 285
130 286 139 286
130 305 139 305
130 310 139 310
130 333 139 333
130 357 134 358
130 359 134 360
130 368 139 368
130 383 139 383
130 384 131 388
130 389 134 390
130 397 139 397
131 9 140 9
131 13 131 22
131 23 140 23
131 36 135 37
131 38 135 39
131 46 135 47
131 50 132 54
131 57 135 58
131 63 135 64
131 91 135 92
131 100 135 101
131 102 135 103
131 107 135 108
131 149 135 150
131 151 135 152
131 159 132 163
131 175 135 176
131 204 140 204
131 205 140 205
131 206 135 207
131 208 132 212
130 213 132 215
131 235 135 236
131 256 132 260
131 276 131 285
131 300 135 301
131 307 140 307
131 308 135 309
131 317 133 318
131 326 135 327
131 348 138 348
131 352 132 356
131 369 135 370
131 372 135 373
131 392 135 393
131 394 140 394
131 398 140 398
132 13 132 22
132 30 136 31
132 35 141 35
132 67 133 71
132 79 141 79
132 81 134 83
132 86 133 90
132 112 133 116
132 117 136 118
132 131 136 132
132 133 136 134
132 141 133 145
132 146 136 147
132 148 141 148
132 170 141 170
132 171 136 172
132 173 141 173
132 178 141 178
132 186 133 190
132 194 141 194
132 195 136 196
132 197 141 197
130 237 139 237
132 238 136 239
132 240 136 241
132 262 136 263
132 264 136 265
132 274 132 283
132 284 136 285
132 287 141 287
130 293 134 294
132 296 136 297
132 298 136 299
132 314 141 314
132 340 141 340
132 342 141 342
132 344 136 345
132 346 136 347
132 349 136 350
132 351 141 351
132 363 133 367
132 384 136 385
132 386 136 387
132 388 141 388
132 391 141 391
132 396 136 396
133 0 137 1
133 2 137 3
133 13 134 17
133 18 137 19
133 20 136 21
133 32 137 33
133 40 137 41
133 42 137 43
133 50 134 54
133 85 141 85
133 98 137 99
133 104 137 105
133 106 142 106
133 135 142 135
133 155 134 159
133 160 134 163
133 185 142 185
133 199 137 200
133 208 134 212
133 223 137 224
133 232 137 233
133 234 142 234
133 248 134 252
133 256 134 260
133 272 133 281
133 282 137 283
133 311 142 311
133 339 142 339
133 343 141 343
133 352 134 356
133 361 137 362
133 371 142 371
134 10 138 11
133 12 142 12
134 25 138 26
134 27 143 27
134 44 138 45
134 62 143 62
134 65 134 74
134 86 135 90
134 112 135 115
134 128 138 129
134 137 135 141
134 142 138 143
134 144 138 145
134 164 138 165
134 168 138 169
134 179 138 180
134 182 142 182
134 186 135 190
135 213 143 213
134 216 138 217
134 219 143 219
134 226 138 227
134 228 138 229
134 245 138 246
136 253 138 254
134 253 135 255
134 270 138 271
134 274 143 274
134 275 143 275
134 276 138 277
134 278 138 279
134 280 138 281
134 289 138 290
134 291 138 292
134 304 143 304
134 312 143 312
134 315 138 316
134 320 135 324
134 328 138 329
134 330 138 331
134 335 138 336
133 337 137 338
134 341 143 341
134 363 135 367
134 374 138 375
134 377 143 377
134 380 138 381
135 5 139 6
135 7 139 8
135 13 136 17
135 50 136 54
135 60 144 60
135 65 135 74
135 77 139 78
135 81 139 82
135 83 144 83
135 94 139 95
135 96 139 97
135 110 139 111
135 119 139 120
135 122 136 126
135 127 144 127
135 154 135 163
135 174 144 174
135 183 144 183
135 184 144 184
135 208 136 212
135 214 139 215
135 222 144 222
135 230 144 230
135 231 144 231
135 247 136 251
135 252 144 252
135 256 136 260
135 266 139 267
135 268 139 269
138 272 144 272
129 288 138 288
135 293 144 293
135 294 144 294
135 303 144 303
135 352 136 356
135 357 139 358
135 359 139 360
135 376 144 376
135 389 139 390
136 4 145 4
136 36 140 37
136 38 140 39
136 46 140 47
136 57 145 57
136 58 140 59
136 63 136 72
136 73 140 74
136 80 145 80
136 86 137 90
136 91 140 92
136 93 144 93
136 100 140 101
136 102 140 103
136 107 140 108
136 109 145 109
136 112 137 115
136 136 137 140
136 141 145 141
136 149 140 150
136 151 140 152
136 154 136 163
136 175 140 176
136 177 145 177
136 181 145 181
136 186 137 190
136 191 140 192
136 193 145 193
136 201 138 203
136 206 140 207
136 221 145 221
136 235 140 236
136 255 145 255
136 300 138 301
136 308 140 309
134 317 138 318
136 320 137 324
136 326 140 327
136 363 137 367
136 369 145 369
136 370 145 370
136 372 140 373
136 379 145 379
136 382 145 382
136 392 140 393
137 13 138 17
137 20 139 22
137 24 146 24
137 30 141 31
137 50 138 54
137 63 137 72
137 75 141 76
137 117 141 118
137 122 138 126
137 130 138 134
137 146 141 147
137 154 138 158
137 159 138 163
137 167 142 167
137 171 141 172
137 195 141 196
137 198 146 198
137 208 138 212
137 238 141 239
137 240 141 241
137 243 143 243
137 247 138 251
137 256 138 260
137 262 141 263
137 264 141 265
137 284 141 284
137 295 138 299
137 313 146 313
137 334 146 334
137 344 141 345
137 346 141 347
137 349 141 350
137 352 138 356
137 378 146 378
137 384 141 385
137 386 146 386
137 387 146 387
138 0 142 1
138 2 142 3
138 18 142 19
138 28 142 29
138 32 142 33
138 34 147 34
138 40 142 41
138 42 142 43
138 49 147 49
138 61 147 61
138 63 138 72
138 84 146 84
138 86 139 90
138 98 147 98
138 99 147 99
138 104 142 105
138 112 142 113
138 114 147 114
134 116 143 116
138 136 139 140
138 186 139 190
138 199 142 200
138 220 147 220
138 223 142 224
138 225 147 225
138 232 142 233
138 273 147 273
138 282 142 283
138 320 139 324
138 325 147 325
138 337 142 338
138 361 139 365
138 366 142 367
138 395 146 395
139 10 143 11
139 13 140 17
139 25 143 26
139 44 141 45
139 50 140 54
139 55 148 55
139 63 139 72
139 115 148 115
139 122 140 126
139 128 140 132
139 133 143 134
139 142 143 143
139 144 143 145
139 153 139 162
139 163 143 164
139 165 143 166
139 168 143 169
139 179 143 180
139 201 148 201
139 202 143 203
139 208 140 212
139 216 143 217
139 218 148 218
139 226 143 227
139 228 143 229
139 245 140 249
139 250 143 251
139 253 143 254
139 256 140 260
139 261 148 261
139 270 143 271
139 276 140 280
139 281 148 281
139 288 140 292
139 295 140 299
139 300 141 302
139 306 148 306
139 315 140 319
139 328 140 332
139 335 143 336
139 352 140 356
139 374 143 375
139 380 143 381
140 5 144 6
140 7 144 8
140 20 142 21
140 22 149 22
140 48 149 48
140 56 149 56
140 63 140 72
140 77 144 78
140 81 149 81
140 82 149 82
140 86 141 90
140 94 144 95
140 96 144 97
140 110 144 111
140 119 144 120
140 121 149 121
140 136 141 140
140 153 140 162
140 186 141 190
140 214 144 215
140 237 149 237
140 242 146 242
140 244 149 244
140 266 144 267
140 268 144 269
140 286 149 286
140 305 147 305
140 310 149 310
140 320 141 324
140 333 149 333
140 357 141 361
140 362 144 363
140 364 144 365
140 383 149 383
140 389 144 390
140 397 149 397
141 9 150 9
141 13 142 17
141 23 150 23
141 36 145 37
141 38 145 39
141 46 145 47
141 50 142 54
141 58 150 58
141 59 150 59
141 63 141 72
141 73 145 74
141 91 145 92
141 100 145 101
141 102 145 103
141 107 150 107
141 108 150 108
141 122 142 126
141 128 142 132
141 149 141 158
141 159 145 160
141 161 145 162
141 175 145 176
141 191 145 192
141 204 142 208
141 209 145 210
141 211 145 212
141 235 145 236
141 245 142 249
141 256 142 260
141 276 142 280
141 288 142 292
141 295 142 299
141 307 145 308
141 309 150 309
141 315 142 319
141 326 142 330
141 331 145 332
139 348 147 348
141 352 142 356
141 392 145 393
141 394 150 394
141 398 150 398
142 30 146 31
142 35 151 35
142 63 142 72
142 75 146 76
142 79 151 79
142 87 143 90
142 117 146 118
142 136 143 140
142 146 142 155
142 156 146 157
142 158 151 158
142 170 146 171
142 172 146 173
142 178 151 178
142 186 143 190
142 194 146 195
142 196 146 197
142 238 146 239
142 240 146 241
142 262 146 263
142 264 146 265
142 284 151 284
137 285 146 285
142 287 151 287
142 300 146 301
142 302 151 302
142 314 151 314
142 320 143 324
142 340 151 340
142 342 151 342
142 343 143 347
142 349 146 350
142 351 151 351
142 357 143 361
142 368 151 368
142 372 151 372
142 384 146 385
142 388 151 388
142 391 151 391
137 396 146 396
143 0 147 1
143 2 147 3
143 12 144 16
143 17 147 18
143 19 145 21
143 28 147 29
143 32 147 33
143 40 147 41
143 42 147 43
143 50 144 54
143 63 143 72
142 85 146 86
143 104 147 105
143 106 152 106
143 112 147 113
143 122 144 126
143 128 144 132
143 135 152 135
143 146 143 155
143 185 152 185
143 199 147 200
143 204 144 208
143 223 147 224
143 232 147 233
143 234 152 234
143 245 144 249
143 256 144 260
143 276 144 280
143 282 147 283
143 288 144 292
143 295 144 297
143 311 152 311
143 315 144 319
143 326 144 330
143 337 147 338
143 339 152 339
143 352 144 356
143 366 147 367
143 371 152 371
144 10 148 11
144 25 148 26
144 27 153 27
142 44 146 45
144 62 144 71
144 72 153 72
144 87 148 88
144 89 153 89
144 90 153 90
144 116 153 116
144 133 148 134
144 136 145 140
144 142 144 151
144 152 148 153
144 154 148 155
144 163 148 164
144 165 148 165
144 168 148 169
144 179 148 180
143 182 152 182
144 186 145 190
144 202 148 203
144 213 153 213
144 216 148 217
144 219 153 219
144 226 148 227
144 228 152 228
144 229 152 229
144 250 148 251
144 253 148 254
144 270 148 271
144 274 148 275
144 304 153 304
144 312 153 312
144 320 145 324
144 335 148 336
144 341 153 341
144 343 145 347
144 357 145 361
144 373 148 374
144 375 153 375
144 377 153 377
144 380 148 381
145 5 149 6
145 7 149 8
145 12 146 16
145 50 146 54
145 60 154 60
145 62 145 71
145 77 149 78
145 83 154 83
145 93 146 97
145 110 149 111
145 119 149 120
145 122 146 126
145 127 149 128
145 129 154 129
145 130 147 132
145 142 145 151
145 174 154 174
145 183 149 184
145 204 146 208
145 214 149 215
145 222 154 222
145 230 149 231
145 245 146 249
145 252 154 252
145 256 146 260
145 266 149 267
145 268 149 269
145 272 154 272
145 276 146 280
145 288 145 297
143 298 147 299
145 303 154 303
145 315 146 319
145 326 146 329
145 352 146 356
145 362 149 363
145 364 149 365
145 376 153 376
145 389 149 390
146 4 155 4
146 19 150 20
146 21 155 21
146 36 150 37
146 38 155 38
146 39 155 39
146 46 150 47
146 57 155 57
146 62 146 71
146 73 150 74
146 80 155 80
146 91 150 92
146 100 150 101
146 102 150 103
146 109 155 109
146 136 146 145
146 146 147 150
146 151 155 151
146 159 150 160
146 161 150 162
146 175 150 176
146 177 155 177
146 181 155 181
146 186 147 190
146 191 150 192
146 193 155 193
146 209 150 210
146 211 150 212
146 221 155 221
146 235 150 236
146 255 155 255
146 288 146 297
146 307 150 308
146 320 147 324
146 331 150 332
146 343 147 347
146 357 147 361
146 369 150 370
146 379 155 379
146 382 155 382
146 392 150 393
147 12 151 13
147 14 151 15
147 16 156 16
147 24 156 24
147 30 151 31
147 44 151 45
147 50 148 54
147 62 147 71
147 75 151 76
147 85 156 85
147 86 156 86
147 93 148 97
147 117 151 118
147 122 148 126
147 136 147 145
147 156 151 157
143 167 152 167
147 170 151 171
147 172 151 173
147 194 148 198
147 204 148 208
147 238 151 239
147 240 156 240
147 241 151 242
144 243 153 243
147 245 148 249
147 256 148 260
147 262 149 264
147 265 156 265
147 276 148 280
147 285 156 285
147 288 147 297
147 300 151 301
147 313 156 313
147 315 148 319
147 326 151 327
147 328 156 328
147 329 156 329
145 330 154 330
147 334 156 334
147 349 151 350
147 352 148 356
147 378 155 378
147 384 151 385
147 386 151 387
147 395 151 396
148 0 152 1
148 2 152 3
148 17 152 18
148 28 152 29
148 32 152 33
148 34 157 34
148 40 152 41
148 42 152 43
148 49 157 49
148 61 148 70
148 71 157 71
147 84 156 84
148 98 152 99
148 104 152 105
148 112 152 113
148 114 157 114
148 131 157 131
148 132 157 132
148 136 148 145
148 146 149 150
148 186 149 190
148 199 157 199
148 200 157 200
148 220 157 220
148 223 152 224
148 225 154 225
148 232 152 233
148 273 157 273
148 282 152 283
148 288 148 296
148 297 152 298
148 299 157 299
148 320 149 324
148 325 157 325
148 337 152 338
148 343 149 346
148 357 149 361
148 366 152 367
149 10 153 11
149 25 153 26
149 50 150 54
149 55 158 55
149 61 149 70
149 87 153 88
149 93 153 94
149 95 153 96
149 97 158 97
149 115 158 115
149 122 150 126
149 133 153 134
149 136 149 145
149 152 153 153
149 154 158 154
149 155 158 155
149 163 153 164
149 165 156 165
144 166 152 166
149 168 152 169
149 179 153 180
149 194 150 198
149 201 150 205
149 206 152 207
149 208 158 208
149 216 158 216
149 217 153 218
149 226 152 227
149 245 150 249
149 250 153 251
149 253 153 254
149 256 150 260
149 261 158 261
149 270 153 271
149 274 150 278
149 279 153 280
149 281 158 281
149 288 150 292
149 293 153 294
149 295 158 295
149 296 158 296
149 306 158 306
149 315 150 319
149 335 153 336
148 347 152 348
149 352 150 356
149 373 153 374
149 380 153 381
150 5 154 6
150 7 154 8
150 22 159 22
150 48 159 48
150 56 159 56
150 61 150 70
150 77 159 77
150 78 159 78
150 81 154 82
150 110 154 111
150 119 154 120
150 121 159 121
150 127 154 128
150 130 159 130
150 136 150 145
150 146 151 150
150 183 154 184
150 186 151 190
150 214 154 215
150 230 154 231
150 237 159 237
150 244 159 244
150 262 154 263
150 264 159 264
150 266 154 267
150 268 154 269
150 286 159 286
148 305 157 305
150 310 159 310
150 320 151 324
150 333 159 333
150 343 154 344
150 345 154 346
150 357 154 358
150 359 151 363
150 364 154 365
150 383 157 383
150 389 154 390
150 397 159 397
151 9 160 9
151 19 155 20
151 23 156 23
151 36 155 37
151 46 155 47
151 50 152 54
151 58 155 59
151 61 151 70
151 73 155 74
151 91 155 92
151 100 152 101
151 102 155 103
151 107 155 108
151 122 152 126
151 136 151 145
151 159 155 160
151 161 155 162
151 175 160 175
151 176 160 176
151 191 155 192
151 194 152 198
151 201 152 205
151 209 160 209
151 210 155 211
151 212 160 212
151 235 155 236
151 245 152 249
151 256 152 260
151 274 152 278
151 288 152 292
151 307 155 308
151 309 160 309
151 315 152 319
151 331 154 332
151 352 152 356
151 369 155 370
151 392 155 393
151 394 160 394
151 398 160 398
152 12 161 12
152 13 156 14
152 15 161 15
152 30 156 31
152 35 161 35
152 44 156 45
152 61 152 70
152 75 156 76
152 79 161 79
152 117 156 118
152 136 152 145
152 146 153 150
152 156 156 157
152 158 161 158
152 170 156 171
152 172 156 173
152 178 161 178
152 186 156 187
152 188 156 189
152 190 161 190
152 238 156 239
152 241 156 242
152 284 161 284
152 287 161 287
152 300 156 301
152 302 161 302
152 314 161 314
152 320 153 324
152 326 156 327
152 340 161 340
152 342 161 342
152 349 156 350
152 351 158 351
152 359 153 363
152 368 161 368
152 372 161 372
152 384 153 388
152 391 161 391
152 395 156 396
153 0 157 1
153 2 157 3
153 17 157 18
153 28 157 29
153 32 157 33
153 40 157 41
153 42 157 43
153 50 154 54
153 61 153 70
153 98 162 98
153 99 155 101
153 104 157 105
153 106 162 106
153 112 157 113
153 122 157 123
153 124 162 124
153 125 157 126
153 135 153 144
153 145 162 145
153 166 154 169
153 182 162 182
153 185 162 185
153 194 154 198
153 201 154 205
153 223 157 224
153 232 157 233
153 234 162 234
153 245 154 249
153 256 154 260
153 274 154 278
153 282 157 283
153 288 154 292
153 297 157 298
153 311 162 311
153 315 154 319
153 337 157 338
153 339 162 339
153 347 157 348
153 352 154 356
153 366 157 367
153 371 162 371
154 10 158 11
154 25 158 26
154 27 161 27
154 61 154 70
154 72 163 72
154 87 156 88
154 89 158 90
154 93 158 94
154 95 158 96
154 116 163 116
154 133 154 142
154 143 158 144
154 146 155 150
154 152 158 153
154 163 158 164
154 179 158 180
158 206 164 206
153 206 157 207
154 213 163 213
154 217 158 218
154 219 163 219
153 226 154 229
154 243 163 243
154 250 158 251
154 253 158 254
154 270 158 271
154 279 158 280
154 293 158 294
154 304 163 304
154 312 163 312
154 320 155 324
154 335 158 336
154 341 163 341
154 359 155 363
154 373 158 374
154 375 163 375
154 377 163 377
154 380 158 381
154 384 155 388
155 5 159 6
155 7 159 8
155 50 156 54
155 60 155 69
155 70 164 70
155 81 159 82
155 83 164 83
155 110 159 111
155 119 159 120
155 127 159 128
155 129 164 129
155 133 155 142
155 166 156 169
155 174 164 174
155 183 159 184
155 194 156 198
155 201 156 205
155 214 159 215
155 222 164 222
155 225 158 226
155 227 156 231
155 245 156 249
155 252 164 252
155 256 156 260
155 262 159 263
155 266 159 267
155 268 159 269
155 272 164 272
155 274 156 278
155 288 156 292
155 303 164 303
155 315 164 315
155 316 159 317
155 318 159 319
155 330 164 330
155 343 159 344
155 345 159 346
155 352 156 356
155 357 164 357
155 358 164 358
155 364 159 365
154 376 163 376
155 389 159 390
156 4 165 4
156 19 160 20
156 21 165 21
156 36 160 37
156 38 160 39
156 46 160 47
156 57 160 58
156 59 160 60
156 61 157 65
156 68 160 69
156 73 160 74
156 80 165 80
156 91 160 92
156 99 157 103
156 107 160 108
156 109 164 109
156 133 156 142
156 146 157 150
156 151 165 151
156 159 160 160
156 161 160 162
156 177 165 177
156 181 165 181
156 191 160 192
156 193 165 193
156 210 160 211
156 221 165 221
156 235 165 235
156 255 165 255
156 307 160 308
156 320 157 324
155 331 159 332
156 359 157 363
156 369 160 370
156 378 160 379
156 382 165 382
156 384 157 388
156 392 160 393
157 13 166 13
157 14 166 14
157 16 166 16
157 23 161 24
157 30 161 31
157 44 161 45
157 50 158 54
157 75 161 76
157 84 161 85
157 86 159 88
157 117 161 118
157 133 157 142
157 156 161 157
157 165 158 169
157 170 166 170
157 171 166 171
157 172 161 173
157 186 161 187
157 188 161 189
157 194 161 195
157 196 161 197
157 198 166 198
157 201 158 205
157 227 158 231
157 238 161 239
157 240 161 241
157 242 166 242
157 245 158 249
157 256 158 260
157 265 166 265
157 274 158 278
157 285 166 285
157 288 158 292
157 300 161 301
157 313 166 313
157 326 161 327
157 328 161 329
157 334 166 334
157 349 161 350
157 352 158 356
157 395 161 396
158 0 162 1
158 2 162 3
158 17 162 18
158 28 162 29
158 32 162 33
158 34 167 34
158 40 162 41
158 42 162 43
158 49 167 49
158 61 159 63
158 64 160 66
158 71 167 71
158 99 159 103
158 104 162 105
158 112 162 113
158 114 167 114
158 122 167 122
158 123 167 123
158 125 162 126
158 131 159 135
158 136 159 140
158 141 162 142
158 146 159 150
158 199 162 200
158 207 167 207
158 220 167 220
158 223 162 224
158 232 162 233
158 236 167 236
158 273 167 273
158 282 162 283
158 297 162 298
158 299 167 299
158 305 167 305
158 320 159 324
158 325 167 325
158 337 162 338
158 347 162 348
158 359 159 363
158 366 162 367
158 383 162 384
158 385 162 386
158 387 162 388
159 10 163 11
159 25 163 26
159 50 160 54
159 55 168 55
159 89 168 89
159 90 168 90
159 93 160 97
159 115 167 115
159 143 163 143
159 152 163 153
159 154 163 155
159 163 160 167
159 168 163 169
159 179 163 180
159 201 160 205
159 208 168 208
159 216 163 217
159 218 168 218
159 229 160 231
159 245 160 249
159 250 163 251
159 253 163 254
159 256 160 260
159 261 168 261
159 270 163 271
159 274 160 278
159 279 168 279
159 280 163 281
159 288 163 289
159 290 163 291
159 292 160 296
159 306 168 306
159 335 163 336
159 352 160 356
159 373 163 374
159 380 163 381
160 5 164 6
160 7 164 7
160 22 169 22
160 48 169 48
160 56 169 56
160 61 164 62
160 63 169 63
160 77 164 78
160 81 164 82
160 86 164 87
160 88 169 88
160 99 164 100
160 101 164 102
160 103 169 103
160 110 164 111
160 119 164 120
160 121 169 121
160 127 164 128
160 130 160 139
160 140 169 140
160 146 161 150
160 183 169 183
160 184 169 184
160 214 164 215
159 225 160 228
160 237 169 237
160 244 169 244
160 262 164 263
160 264 169 264
160 266 169 266
160 267 164 268
160 269 168 269
160 286 169 286
160 310 169 310
160 316 161 320
160 321 164 322
160 323 164 324
160 331 164 332
160 333 169 333
160 343 169 343
160 344 164 345
160 346 169 346
160 359 161 363
160 364 164 365
160 389 164 390
160 397 169 397
161 9 170 9
161 19 165 20
161 36 165 37
161 38 170 38
161 39 170 39
161 46 165 47
161 50 162 54
161 57 165 58
161 59 165 60
161 64 165 65
161 66 170 66
161 67 165 68
161 69 170 69
161 73 165 74
161 91 162 95
161 96 165 97
161 107 165 108
161 130 161 139
161 159 162 163
161 164 165 165
161 166 165 167
161 175 165 176
161 191 165 192
161 201 162 205
161 209 165 210
161 211 165 212
161 225 162 229
161 230 170 230
161 231 170 231
161 245 162 249
161 256 162 260
161 274 162 278
161 292 162 296
161 307 170 307
161 308 165 309
161 352 162 356
161 369 165 370
161 378 165 379
161 392 165 393
161 394 170 394
161 398 170 398
162 12 171 12
162 15 171 15
162 23 171 23
162 24 171 24
162 30 166 31
162 35 171 35
162 44 166 45
162 75 166 76
162 79 171 79
162 84 166 85
162 117 166 118
162 130 162 139
162 146 163 150
162 156 166 157
162 158 171 158
162 172 166 173
162 178 171 178
162 186 163 190
162 194 166 195
162 196 166 197
162 238 166 239
162 240 166 241
162 284 171 284
162 287 171 287
162 300 166 301
162 302 169 302
162 314 171 314
162 316 163 320
162 326 166 327
162 329 171 329
162 340 171 340
162 342 171 342
162 349 166 350
159 351 168 351
162 359 163 363
162 368 171 368
162 372 171 372
162 391 171 391
162 395 166 396
163 0 167 1
163 2 167 3
163 17 167 18
163 28 167 29
163 32 167 33
163 40 167 41
163 42 172 42
163 50 164 54
163 91 164 95
163 98 172 98
163 104 167 105
163 106 172 106
163 112 167 113
163 124 167 125
163 126 172 126
163 130 163 139
163 141 172 141
163 142 172 142
163 145 170 145
163 159 164 163
163 182 172 182
163 185 172 185
163 199 164 203
163 204 167 205
163 223 164 227
163 228 167 229
163 232 172 232
163 233 167 234
163 245 164 249
163 256 164 260
163 274 164 278
163 282 167 283
163 292 172 292
163 293 172 293
163 294 164 298
163 311 172 311
163 337 167 338
163 339 172 339
163 347 172 347
163 348 172 348
163 352 164 356
163 366 167 367
163 371 172 371
163 383 172 383
163 384 172 384
163 385 167 386
163 387 167 388
164 10 168 11
164 26 173 26
162 27 171 27
164 43 173 43
164 72 173 72
164 116 173 116
164 130 164 139
164 143 173 143
159 144 168 144
164 146 165 150
164 152 168 153
164 154 168 155
164 168 168 169
164 179 168 180
164 186 165 190
164 213 173 213
164 216 168 217
164 219 173 219
164 243 173 243
164 250 168 251
164 253 168 254
164 270 168 271
164 280 168 281
164 288 168 289
164 290 173 290
164 291 173 291
164 304 173 304
164 312 173 312
164 316 165 320
164 335 166 336
164 341 173 341
164 359 165 363
164 373 165 377
164 380 168 381
165 5 169 6
165 7 174 7
160 8 169 8
165 25 174 25
165 50 166 54
165 61 169 62
165 70 174 70
165 77 169 78
165 81 169 82
165 83 174 83
165 86 169 87
165 91 166 95
165 99 169 100
165 101 169 102
165 109 167 111
165 119 169 120
165 127 165 136
165 137 169 138
165 139 174 139
165 159 166 163
165 174 174 174
165 199 174 199
165 200 169 201
165 202 167 203
165 206 174 206
165 214 169 215
165 222 166 226
165 227 174 227
165 245 169 246
165 247 174 247
165 248 169 249
165 252 174 252
165 256 166 260
165 262 169 263
165 267 169 268
165 272 173 272
165 274 166 278
165 294 166 298
165 303 172 303
165 315 174 315
165 321 169 322
165 323 169 324
165 328 174 328
165 330 169 331
165 332 169 332
165 344 169 345
165 352 166 356
165 357 169 358
165 364 169 365
165 389 169 390
166 4 175 4
166 19 170 20
166 21 175 21
166 36 170 37
166 46 170 47
166 57 170 58
166 59 170 60
166 64 170 65
166 68 175 68
166 73 170 74
166 80 175 80
166 96 170 97
166 107 170 108
166 127 166 136
166 146 167 150
166 151 175 151
166 164 170 165
166 166 170 167
166 175 170 176
166 177 175 177
166 181 172 181
166 186 167 190
166 191 170 192
166 193 174 193
166 209 170 210
166 211 170 212
166 221 175 221
166 235 175 235
166 255 175 255
166 308 170 309
166 316 167 320
166 359 167 363
166 369 170 370
166 373 167 377
166 378 170 379
166 382 174 382
166 392 170 393
167 13 171 14
167 16 176 16
167 30 171 31
167 44 171 45
167 50 168 54
167 67 176 67
167 75 171 76
167 84 171 85
167 91 168 95
167 117 171 118
167 127 167 136
167 156 176 156
167 157 176 157
167 159 168 163
167 170 171 171
167 172 171 173
167 194 168 198
167 222 168 226
167 238 168 242
167 256 168 260
167 265 176 265
167 274 168 278
167 285 176 285
167 294 168 298
167 300 169 301
167 313 176 313
167 326 171 327
167 334 169 336
167 349 171 350
167 352 168 356
167 395 171 396
168 0 172 1
168 2 172 3
168 17 172 18
168 28 172 29
168 32 172 33
168 34 177 34
168 40 172 41
168 49 177 49
168 71 177 71
168 104 172 105
168 109 168 115
168 122 172 123
168 124 172 125
168 127 168 136
168 146 169 150
168 186 169 190
168 202 170 204
168 207 177 207
168 220 177 220
168 228 172 229
168 233 172 234
168 236 177 236
168 273 177 273
168 282 172 283
168 299 177 299
168 305 177 305
168 316 169 320
168 325 177 325
168 337 172 338
168 359 169 363
168 366 172 367
168 373 171 374
168 376 172 377
168 385 172 386
168 387 172 388
169 10 173 11
169 50 170 54
169 55 178 55
169 89 170 93
169 94 173 95
169 109 178 109
169 110 170 114
169 115 173 115
169 127 169 136
169 144 178 144
169 152 173 153
169 154 173 155
169 159 170 163
169 168 173 169
169 179 173 180
169 194 170 198
169 205 178 205
169 208 178 208
169 216 173 217
169 218 178 218
169 222 170 226
169 238 170 242
169 250 173 251
169 253 173 254
169 256 170 260
169 261 178 261
172 270 178 270
169 269 171 271
169 274 170 278
169 279 178 279
169 280 173 281
169 288 173 289
169 294 170 298
169 306 178 306
169 351 170 355
169 356 178 356
169 380 178 380
169 381 178 381
170 5 174 6
170 8 179 8
170 22 179 22
170 48 179 48
170 56 179 56
170 61 174 62
170 63 179 63
170 77 174 78
170 81 174 82
170 86 174 87
170 88 179 88
170 99 171 103
170 119 173 120
170 121 179 121
170 127 170 136
170 137 174 138
170 140 179 140
170 146 171 150
170 183 174 184
170 186 171 190
170 200 174 201
170 214 174 215
170 237 179 237
170 244 174 245
170 246 179 246
170 248 174 249
170 262 174 263
170 264 179 264
170 266 174 267
170 268 179 268
170 286 179 286
170 310 179 310
170 316 171 320
170 321 174 322
170 323 174 324
170 330 174 331
170 332 172 333
170 334 172 336
170 343 174 344
170 345 174 346
170 357 171 361
170 362 174 363
170 364 174 365
170 389 174 389
170 397 179 397
171 9 180 9
171 19 175 20
171 36 175 37
171 38 175 39
171 46 175 47
171 50 172 54
171 57 175 58
171 59 175 60
171 64 175 65
171 66 180 66
171 69 179 69
171 73 175 74
171 89 172 93
171 96 175 97
171 107 175 108
171 110 172 114
171 127 172 131
171 132 172 136
171 159 172 163
171 164 175 165
171 166 175 167
171 175 175 176
171 191 175 192
171 194 172 198
171 202 175 203
171 204 180 204
171 209 175 210
171 211 175 212
171 222 172 226
171 230 175 231
171 238 172 242
171 256 172 260
171 274 172 278
171 294 172 298
171 307 175 308
171 309 179 309
171 351 172 355
171 369 175 370
171 378 175 379
171 392 175 393
171 394 180 394
171 398 180 398
172 12 176 13
172 14 176 14
172 23 176 24
172 27 181 27
172 30 176 31
172 35 181 35
172 44 176 45
172 75 176 76
172 79 181 79
172 84 176 85
172 99 173 103
172 146 173 150
172 158 181 158
172 170 176 171
172 172 176 173
172 178 181 178
172 186 173 190
172 269 181 269
172 271 181 271
172 284 181 284
172 287 181 287
173 300 181 300
170 300 172 302
172 314 181 314
172 316 173 320
172 326 181 326
172 327 181 327
172 329 179 329
172 340 181 340
172 342 181 342
172 349 176 350
172 357 173 361
172 368 181 368
172 372 181 372
172 373 174 375
172 391 181 391
172 395 176 396
173 0 177 1
173 2 177 3
173 17 176 18
173 28 177 29
173 32 177 33
173 40 177 41
173 42 182 42
173 50 174 54
173 89 174 93
173 98 182 98
173 104 177 105
173 106 182 106
173 110 174 114
173 117 182 117
173 122 173 131
173 132 174 136
173 141 177 142
171 145 180 145
173 159 174 163
173 182 182 182
173 185 182 185
173 194 174 198
173 222 174 226
173 228 177 229
173 232 177 233
173 234 182 234
173 238 174 242
173 256 174 260
173 274 174 278
173 282 177 283
173 292 174 296
173 297 177 298
173 301 175 303
173 311 182 311
173 332 174 336
173 337 177 338
173 339 182 339
173 347 177 348
173 351 174 355
173 366 177 367
173 371 182 371
173 376 177 377
173 383 174 387
173 388 182 388
174 10 178 11
174 26 183 26
174 43 183 43
174 72 183 72
174 94 178 95
174 99 175 102
174 115 178 116
174 118 176 120
174 122 174 131
174 143 183 143
174 146 175 150
174 152 178 153
174 154 178 155
174 168 178 169
174 179 178 180
174 186 178 187
174 188 178 189
174 190 183 190
174 213 183 213
174 216 178 217
174 219 183 219
174 243 183 243
174 250 178 251
174 253 178 254
174 280 178 281
174 288 178 289
174 290 178 291
174 304 183 304
174 312 183 312
174 316 175 320
174 341 183 341
174 357 175 361
175 5 179 6
175 7 183 7
175 25 184 25
175 50 176 54
175 61 184 61
175 62 184 62
175 70 184 70
175 77 179 78
175 81 179 82
175 83 184 83
175 86 179 87
175 89 176 93
175 110 176 114
175 122 175 131
175 132 176 136
175 137 179 138
175 139 184 139
175 159 176 163
175 174 184 174
175 183 179 184
175 195 176 198
175 199 179 200
175 201 184 201
175 214 179 215
175 222 176 226
175 227 184 227
175 238 176 242
175 244 179 245
175 247 179 248
175 249 184 249
175 252 184 252
175 256 176 260
175 262 179 263
175 266 179 267
174 272 183 272
175 274 176 278
175 292 176 296
175 315 184 315
175 321 179 322
175 323 179 324
175 328 182 328
175 330 179 331
175 332 176 336
175 343 179 344
175 345 179 346
175 351 176 355
175 362 179 363
175 364 179 365
175 373 179 373
175 375 184 375
175 383 176 387
175 389 184 389
170 390 179 390
176 4 185 4
176 19 185 19
176 20 180 21
176 36 180 37
176 38 180 39
176 46 180 47
176 57 180 58
176 59 180 60
176 64 180 65
176 68 185 68
176 73 180 74
176 80 185 80
176 96 180 97
176 99 180 100
176 101 180 102
174 103 183 103
176 107 180 108
176 122 177 126
176 127 177 131
176 146 180 147
176 148 180 149
176 150 185 150
176 151 185 151
176 164 180 165
176 166 180 167
176 175 180 176
176 177 180 177
173 181 182 181
176 191 179 192
175 193 179 194
176 202 180 203
176 206 185 206
176 209 180 210
176 211 180 212
176 221 185 221
176 230 180 231
176 235 185 235
176 255 185 255
176 301 185 301
176 302 180 303
176 307 180 308
176 316 177 320
176 357 180 358
176 359 178 361
176 369 180 370
176 378 180 379
175 382 184 382
176 392 180 393
177 12 178 14
177 23 181 24
177 30 181 31
177 44 181 45
177 50 178 54
177 67 186 67
177 75 181 76
177 84 181 85
177 89 178 93
177 110 178 114
177 118 186 118
177 119 181 120
177 132 178 136
177 156 181 157
177 159 178 163
177 170 181 171
177 172 181 173
177 195 181 196
177 197 181 198
177 222 178 226
177 238 178 242
177 256 178 260
177 265 186 265
177 274 178 278
177 285 186 285
177 292 178 296
177 313 186 313
177 332 181 333
177 334 181 335
177 336 186 336
177 349 178 353
177 354 181 355
177 383 178 387
177 395 181 396
178 0 182 1
178 2 182 3
180 17 187 17
177 16 179 18
178 28 182 29
178 32 182 33
178 34 187 34
178 40 182 41
178 49 187 49
178 71 187 71
178 104 182 105
178 122 178 131
178 141 182 142
178 207 187 207
178 220 187 220
178 228 182 229
178 232 181 233
178 236 187 236
178 273 187 273
178 282 182 283
178 297 182 298
178 299 187 299
178 305 183 305
178 316 179 320
178 325 187 325
178 337 182 338
178 347 182 348
178 366 182 367
178 376 182 377
179 10 180 14
172 15 181 15
179 50 183 51
179 52 183 53
179 54 183 55
179 89 180 93
179 94 183 95
179 109 180 113
179 114 183 115
179 116 188 116
179 122 179 131
179 132 180 136
179 144 188 144
179 152 183 153
179 154 183 155
179 159 180 163
179 168 183 169
179 179 183 180
179 186 183 187
179 188 183 189
179 205 188 205
179 208 188 208
179 216 183 217
179 218 188 218
179 222 180 226
179 238 180 242
179 250 183 251
179 253 183 254
179 256 183 257
179 258 183 259
179 260 183 261
179 270 183 270
179 274 180 278
179 279 183 280
179 281 188 281
179 288 180 292
179 293 183 294
179 295 188 295
179 296 188 296
179 306 188 306
179 349 183 350
179 351 183 352
179 353 188 353
179 356 188 356
179 360 183 361
179 380 183 381
179 383 180 387
180 5 184 6
180 8 189 8
180 16 189 16
180 22 189 22
180 48 189 48
180 56 189 56
180 63 189 63
180 77 184 78
180 81 184 82
180 86 184 87
180 88 189 88
180 121 180 130
180 131 189 131
180 137 184 138
180 140 189 140
180 183 184 184
180 191 182 193
180 194 189 194
180 199 184 200
180 214 184 215
180 237 189 237
180 244 181 248
180 262 184 263
180 264 189 264
180 266 184 267
180 268 189 268
180 286 189 286
180 309 184 310
180 316 184 317
180 318 181 322
180 323 184 324
183 330 184 331
180 343 184 344
180 345 184 346
180 362 184 363
180 364 184 365
180 373 189 373
175 374 184 374
180 390 189 390
180 397 189 397
181 9 182 12
181 13 185 14
181 20 185 21
181 36 185 37
181 38 185 39
181 46 185 47
181 57 185 58
181 59 190 59
181 60 190 60
181 64 185 65
181 66 190 66
180 69 189 69
181 73 185 74
181 89 182 93
181 96 185 97
181 99 185 100
181 101 190 101
181 102 190 102
181 107 182 111
181 112 185 113
181 121 181 130
181 132 182 136
181 145 182 149
181 159 182 163
181 164 185 165
181 166 185 167
181 175 190 175
181 176 185 177
181 202 183 203
181 204 186 204
181 209 185 210
181 211 185 212
181 222 182 226
181 230 185 231
181 238 182 242
181 274 182 278
181 288 182 292
181 302 185 303
181 307 185 308
181 357 185 357
181 358 185 359
181 369 190 369
181 370 190 370
181 378 185 379
181 383 185 384
181 385 183 387
181 392 185 393
181 394 190 394
181 398 190 398
182 15 191 15
182 23 186 24
182 27 191 27
182 30 186 31
182 35 191 35
182 44 186 45
182 75 186 76
182 79 191 79
182 84 186 85
182 119 183 123
182 124 183 128
182 129 186 130
182 156 186 157
182 158 191 158
182 170 186 171
182 172 186 173
182 178 191 178
182 195 186 196
182 197 186 198
182 244 183 248
182 269 191 269
182 284 191 284
182 287 191 287
182 300 191 300
182 314 191 314
182 318 183 322
182 326 186 327
180 329 182 331
182 332 186 333
182 334 186 335
182 340 191 340
182 342 191 342
182 354 186 355
182 368 191 368
182 372 191 372
182 391 191 391
182 395 186 396
183 0 192 0
183 1 187 2
183 3 192 3
183 9 187 10
183 11 187 12
183 18 192 18
183 28 187 29
183 32 187 33
183 40 187 41
183 42 192 42
183 89 184 93
183 98 192 98
183 104 184 108
183 109 187 110
183 111 190 111
183 117 192 117
183 132 184 136
183 141 187 142
183 145 184 149
183 159 184 163
183 181 187 182
183 185 192 185
183 191 192 191
183 192 192 192
183 193 192 193
183 222 184 226
183 228 187 229
182 232 186 233
183 234 192 234
183 238 184 242
183 274 184 278
183 282 187 283
183 288 184 292
183 297 187 298
183 311 192 311
183 328 187 329
183 337 187 338
183 339 192 339
183 347 184 348
183 366 187 367
183 371 192 371
183 376 187 377
183 388 192 388
184 26 193 26
184 43 193 43
184 50 185 54
184 55 193 55
184 72 193 72
184 94 188 95
184 114 188 115
184 119 184 128
184 143 193 143
184 152 188 153
184 154 188 155
184 168 188 169
184 179 188 180
184 186 185 190
184 213 193 213
184 216 188 217
184 219 193 219
184 243 185 247
184 248 193 248
184 250 188 251
184 253 188 254
184 256 185 260
184 261 193 261
184 270 188 271
184 272 193 272
184 279 188 280
184 293 188 294
184 304 188 305
184 312 193 312
184 318 185 322
184 341 193 341
184 349 188 350
184 351 188 352
184 360 188 361
184 380 188 381
184 385 188 386
184 387 193 387
185 5 189 6
184 7 193 7
185 25 194 25
185 61 189 62
185 70 193 70
185 77 189 78
185 81 189 82
185 83 194 83
185 86 189 87
185 89 186 93
185 103 186 107
185 108 194 108
185 119 185 128
185 132 186 136
185 137 189 138
185 139 194 139
185 145 186 149
185 159 194 159
185 160 189 161
185 162 189 163
185 174 194 174
185 183 189 184
185 199 189 200
185 201 194 201
185 214 189 215
185 222 186 226
185 227 194 227
185 238 186 242
185 249 194 249
185 252 194 252
185 262 189 263
185 266 189 267
185 274 186 278
185 288 186 292
185 309 189 310
185 315 189 316
185 317 194 317
185 323 189 324
185 330 189 331
185 343 189 344
185 345 194 345
185 346 187 348
185 362 189 363
185 364 189 365
185 374 189 375
185 382 194 382
185 389 194 389
186 4 195 4
186 13 190 14
186 19 190 20
186 21 195 21
186 36 190 37
186 38 190 39
186 46 190 47
186 50 187 54
186 57 190 58
186 64 190 65
186 68 195 68
186 73 190 74
186 80 195 80
186 96 190 97
186 99 190 100
186 112 190 113
186 119 186 128
186 150 190 151
186 164 190 165
186 166 190 167
186 176 190 177
186 186 187 190
184 202 188 203
186 206 195 206
186 209 190 210
186 211 190 212
186 221 195 221
186 230 190 231
186 235 195 235
186 243 187 247
186 255 187 259
186 260 195 260
186 301 190 302
186 303 195 303
186 307 190 308
186 318 187 322
186 357 190 358
186 359 195 359
186 378 190 379
186 383 190 384
186 392 190 393
187 23 191 24
187 30 191 31
187 44 191 45
187 75 191 76
187 84 191 85
187 89 188 93
187 103 188 107
187 118 191 119
187 120 187 129
187 130 196 130
187 132 191 133
187 134 191 135
187 136 196 136
187 145 188 149
187 156 191 157
187 170 191 171
187 172 191 173
187 195 191 196
187 197 191 198
187 222 188 226
187 232 191 233
187 238 188 242
187 265 196 265
187 274 188 278
187 285 196 285
187 288 188 292
187 313 196 313
187 326 191 327
187 332 188 336
187 354 191 355
187 395 191 396
188 1 192 2
188 9 192 10
188 11 192 11
188 17 197 17
188 28 192 29
188 32 192 33
188 34 197 34
188 40 192 41
188 49 189 50
188 54 197 54
188 71 197 71
188 109 192 110
188 120 188 129
188 141 192 142
188 181 192 182
188 186 189 190
188 207 197 207
188 220 197 220
188 228 192 229
188 236 197 236
188 243 189 247
188 255 189 259
188 273 197 273
188 282 192 283
188 297 192 298
188 299 197 299
188 318 189 322
188 325 197 325
188 328 192 329
188 337 192 338
188 346 192 347
188 348 197 348
188 366 192 367
188 376 192 377
189 89 190 93
189 94 193 95
189 103 190 107
189 114 193 115
189 116 198 116
189 120 189 129
189 144 190 148
189 149 198 149
189 152 193 153
189 154 193 155
189 168 193 169
189 179 198 179
189 180 198 180
189 202 193 203
189 205 197 205
189 208 198 208
189 216 193 217
189 218 198 218
189 222 190 226
189 238 193 239
189 240 193 241
189 242 198 242
189 250 193 251
189 253 193 254
189 270 193 271
189 274 190 278
189 279 193 279
189 280 193 281
189 288 190 292
189 293 193 294
189 295 198 295
189 296 198 296
189 304 193 305
189 306 198 306
189 332 190 336
189 349 190 353
189 356 198 356
189 360 193 361
189 380 193 381
189 385 193 386
190 5 194 6
190 8 199 8
190 16 199 16
190 22 199 22
190 48 194 49
190 50 199 50
188 51 190 53
190 56 199 56
190 61 194 62
190 63 199 63
190 69 199 69
190 77 194 78
190 81 194 82
190 86 194 87
190 88 197 88
190 120 190 129
190 131 199 131
190 137 194 138
190 140 199 140
190 160 194 161
190 162 194 163
190 183 194 184
190 186 191 190
190 194 199 194
190 199 194 200
190 214 194 215
190 237 199 237
190 243 191 247
190 255 191 259
190 262 194 263
190 264 199 264
190 266 194 267
190 268 199 268
190 286 199 286
190 309 194 310
190 315 194 316
190 318 191 322
190 323 194 324
190 330 192 331
190 343 194 344
190 362 194 363
190 364 194 365
190 373 194 374
190 375 199 375
190 390 198 390
190 397 196 397
191 13 195 14
191 19 195 20
191 36 195 37
191 38 195 39
191 46 195 47
191 51 195 52
191 53 200 53
191 57 192 60
191 65 195 66
191 73 195 74
191 89 192 93
191 96 195 97
191 99 192 103
191 104 195 105
191 106 195 107
191 111 195 112
191 113 200 113
191 120 191 129
191 144 192 148
191 150 195 151
191 164 195 165
191 166 195 167
191 175 194 175
191 176 194 177
187 204 196 204
191 209 195 210
191 211 195 212
191 222 192 226
191 230 195 231
191 274 192 278
191 288 192 292
191 301 195 302
191 307 195 308
191 332 192 336
191 349 192 353
191 357 195 358
191 369 195 370
191 378 195 379
191 383 195 384
191 392 195 393
191 394 200 394
191 398 200 398
192 15 200 15
192 23 196 24
192 27 201 27
192 30 196 31
192 35 201 35
192 44 196 45
192 64 201 64
192 75 196 76
192 79 201 79
192 84 196 85
192 118 192 127
192 128 196 129
192 132 196 133
192 134 196 135
192 156 196 157
192 158 201 158
192 170 196 171
192 172 196 173
192 178 201 178
192 186 193 190
192 195 196 196
192 197 196 198
192 232 196 233
192 243 193 247
192 255 193 259
192 269 201 269
192 284 201 284
192 287 201 287
192 300 201 300
192 314 201 314
192 318 193 322
192 326 196 327
192 340 201 340
192 342 201 342
192 354 196 355
192 368 197 368
192 372 201 372
192 391 198 391
192 395 196 396
193 0 197 1
193 2 197 3
193 9 197 10
193 11 202 11
188 12 197 12
193 18 202 18
193 28 201 28
193 29 202 29
193 32 197 33
193 40 197 41
193 42 202 42
193 57 202 57
193 58 197 59
193 60 202 60
193 89 194 93
193 98 194 102
193 103 202 103
193 109 197 110
193 117 193 126
193 127 202 127
193 141 197 142
193 144 194 148
193 181 197 182
193 185 202 185
193 191 197 192
193 193 202 193
193 222 194 226
193 228 197 229
193 234 202 234
193 274 197 275
193 276 197 277
193 278 202 278
193 282 197 283
193 288 194 292
193 297 197 298
193 311 202 311
193 328 194 332
193 333 194 337
193 338 197 339
193 346 197 347
193 349 194 353
193 366 197 367
193 371 197 371
193 376 197 377
193 388 202 388
194 7 203 7
194 26 203 26
194 43 203 43
194 55 203 55
194 72 203 72
194 94 198 95
194 114 198 115
194 117 194 126
194 143 203 143
194 152 198 153
194 154 198 155
194 168 198 169
194 186 195 190
194 202 198 203
194 213 201 213
194 216 198 217
194 219 203 219
194 238 198 239
194 240 198 241
194 243 195 247
194 248 203 248
194 250 198 251
194 253 198 254
194 255 195 259
194 261 203 261
194 270 203 270
194 271 198 272
194 279 203 279
194 280 203 280
194 281 203 281
194 293 198 294
194 304 198 305
194 312 203 312
194 318 195 322
194 341 203 341
194 360 198 361
194 380 203 380
194 381 203 381
194 385 198 386
194 387 203 387
195 5 199 6
195 25 204 25
195 48 199 49
195 61 199 62
194 70 203 70
195 77 199 78
195 81 199 82
195 83 204 83
195 86 199 87
195 89 196 93
195 98 196 102
195 108 204 108
195 117 195 126
195 137 199 138
195 139 204 139
195 144 196 148
195 159 196 163
197 174 204 174
195 183 199 184
195 199 199 200
195 201 204 201
195 214 199 215
195 222 196 225
195 226 199 227
195 249 203 249
195 252 204 252
195 262 199 263
195 266 199 267
195 288 196 292
195 309 199 310
195 315 199 316
195 317 204 317
195 323 199 324
195 328 195 337
195 343 204 343
195 344 199 345
195 349 196 353
195 362 199 363
195 364 199 365
195 373 199 374
195 382 204 382
195 389 202 389
196 4 205 4
196 13 200 14
196 19 200 20
196 36 200 37
196 38 200 39
196 46 200 47
196 51 200 52
196 65 205 65
196 66 205 66
196 68 205 68
196 73 200 74
196 80 205 80
196 96 200 97
196 104 200 105
196 106 200 107
196 111 200 112
196 117 196 126
196 150 205 150
196 151 205 151
196 164 200 165
196 166 200 167
197 175 200 176
195 174 196 177
196 186 197 190
196 206 205 206
196 209 200 210
196 211 200 212
196 221 205 221
196 230 200 231
196 235 205 235
196 243 197 247
196 255 197 259
196 260 205 260
196 301 200 302
196 303 205 303
196 307 200 308
196 318 197 322
196 328 197 332
196 333 205 333
196 334 200 335
196 336 200 337
196 357 200 358
196 359 205 359
196 378 200 379
196 383 200 384
196 393 205 393
197 21 206 21
197 23 201 24
197 30 201 31
197 44 201 45
197 75 200 76
197 84 201 85
197 89 198 93
197 98 198 102
197 117 197 126
197 128 201 129
197 130 206 130
197 132 198 136
197 144 198 148
197 156 201 157
197 159 198 163
197 170 201 171
197 172 201 173
197 177 206 177
197 195 201 196
197 197 201 198
197 222 201 223
197 224 206 224
197 225 206 225
197 232 201 233
197 265 206 265
197 285 202 285
197 288 198 292
197 313 206 313
197 326 201 327
197 349 198 353
197 354 201 355
197 395 201 396
198 0 202 1
198 2 202 3
198 9 202 10
198 12 207 12
198 17 207 17
198 32 202 33
198 34 207 34
198 40 202 41
198 54 207 54
198 58 202 59
198 67 207 67
198 71 203 71
198 109 202 110
198 117 198 126
198 141 202 142
198 181 202 182
198 186 199 190
198 191 202 192
198 204 202 205
198 207 207 207
198 220 206 220
198 228 202 229
198 236 207 236
198 243 199 247
198 255 199 259
198 273 199 277
198 282 202 283
198 297 202 298
198 299 207 299
198 318 199 322
198 325 207 325
198 328 199 332
198 338 200 339
198 346 202 347
198 348 207 348
198 366 202 367
198 368 202 369
198 370 202 371
198 376 202 377
199 89 200 93
199 94 203 95
199 98 200 102
199 114 199 123
199 124 203 125
199 126 208 126
199 132 200 136
199 144 200 148
199 149 208 149
199 152 203 153
199 154 203 155
199 159 200 163
199 168 203 169
199 179 203 180
199 202 203 203
199 208 208 208
199 216 203 217
199 218 208 218
199 238 200 242
199 250 203 251
199 253 203 254
199 271 203 272
199 288 200 292
199 293 203 294
199 295 203 296
199 304 203 305
199 306 208 306
199 349 200 353
199 356 208 356
199 360 203 361
199 385 203 386
199 390 201 392
200 5 209 5
200 6 209 6
200 8 209 8
200 16 209 16
200 22 209 22
200 48 204 49
200 50 209 50
200 56 209 56
200 61 204 62
200 63 206 63
200 69 209 69
200 77 204 78
200 81 204 82
200 86 204 87
198 88 207 88
200 114 200 123
200 131 209 131
200 137 204 138
200 140 209 140
200 183 204 184
200 186 201 190
200 194 209 194
200 199 204 200
200 214 204 215
200 226 204 227
200 237 209 237
200 243 201 247
200 255 201 259
200 262 204 263
200 264 209 264
200 266 204 267
200 268 209 268
200 273 201 277
200 286 209 286
200 309 204 310
200 315 209 315
200 316 209 316
200 318 201 322
200 323 209 323
200 324 209 324
200 328 201 332
200 344 204 345
200 362 204 363
200 364 204 365
200 373 204 373
200 374 204 375
197 397 206 397
201 13 205 14
201 19 205 20
201 36 205 37
201 38 205 39
201 46 205 47
201 51 205 52
201 53 210 53
201 73 202 76
201 89 202 93
201 96 202 100
201 101 205 102
201 104 205 105
201 106 205 107
201 111 201 120
201 121 205 122
201 123 210 123
201 132 202 136
201 144 202 148
201 159 202 163
201 164 205 165
201 166 205 167
201 175 205 176
201 209 205 210
201 211 205 212
201 230 205 231
201 238 202 242
201 288 202 292
201 301 205 302
201 307 205 308
201 334 205 335
201 336 210 336
201 337 203 339
201 349 202 353
201 357 205 358
201 378 205 379
201 383 205 384
201 394 210 394
201 398 210 398
201 15 210 15
202 23 204 24
202 27 206 28
202 30 206 31
202 35 211 35
202 44 206 45
202 79 211 79
202 84 206 85
202 111 203 115
202 116 203 120
202 128 206 129
202 156 206 157
202 158 211 158
202 170 206 171
202 172 206 173
202 178 211 178
202 186 203 190
202 195 206 196
202 197 206 198
202 222 206 223
202 232 206 233
202 243 203 247
202 255 203 259
202 269 211 269
202 273 203 277
202 284 210 284
202 287 211 287
202 300 211 300
202 314 211 314
202 318 203 322
202 326 206 327
202 328 206 329
202 330 206 331
202 332 211 332
202 340 211 340
202 342 211 342
202 354 206 355
202 372 211 372
202 390 206 391
202 395 206 396
203 0 207 1
203 2 207 3
203 9 207 10
203 11 212 11
203 18 212 18
203 29 212 29
203 32 207 33
203 40 205 41
203 42 212 42
203 57 207 58
203 59 207 60
203 73 207 74
203 75 207 76
203 89 204 93
203 96 204 100
203 103 212 103
203 109 207 110
203 127 210 127
203 132 204 136
203 141 212 141
203 142 212 142
203 144 204 148
203 159 204 163
203 181 207 182
203 185 211 185
203 191 207 192
203 193 212 193
203 204 207 205
203 228 207 229
203 234 212 234
203 238 204 242
203 278 212 278
203 282 207 283
203 288 204 292
203 297 207 298
203 311 212 311
203 346 212 346
203 347 212 347
203 349 204 353
203 366 204 370
203 371 212 371
203 376 212 376
203 377 212 377
203 388 212 388
203 392 212 392
204 7 213 7
204 26 213 26
204 43 213 43
204 55 213 55
204 70 208 71
204 72 213 72
204 94 208 95
204 111 204 120
204 124 208 125
204 143 212 143
204 152 208 153
204 154 208 155
204 168 208 169
204 179 208 180
204 186 205 190
204 202 208 203
202 213 211 213
204 216 208 217
204 219 213 219
204 243 205 247
204 248 208 249
204 250 208 251
204 253 205 257
204 258 208 259
204 261 213 261
204 270 205 274
204 275 208 276
204 277 213 277
204 279 208 280
204 281 213 281
204 293 206 294
204 295 208 296
204 304 208 305
204 312 213 312
204 318 208 319
204 320 208 321
204 322 213 322
204 337 206 339
204 341 213 341
204 360 208 361
204 380 208 381
204 385 208 386
204 387 213 387
205 23 207 25
205 48 209 49
205 61 209 62
205 77 209 78
205 81 214 81
205 82 209 83
205 86 209 87
205 89 206 93
205 96 206 100
205 108 214 108
205 111 205 120
205 132 206 136
205 137 209 138
205 139 213 139
205 144 206 148
205 159 206 163
205 174 214 174
205 183 209 184
205 199 214 199
205 200 209 201
205 214 214 214
205 226 209 227
205 238 206 242
205 252 214 252
205 262 209 263
205 266 214 266
205 267 214 267
205 288 206 292
205 309 209 310
205 317 214 317
205 343 209 344
205 345 214 345
205 349 206 353
205 362 206 366
205 367 209 368
205 369 209 370
205 373 209 374
205 375 214 375
205 382 214 382
203 389 212 389
206 4 215 4
206 13 210 14
206 19 210 20
206 36 210 37
206 38 207 41
206 46 210 47
206 51 210 52
206 65 210 66
206 68 215 68
206 80 215 80
206 101 210 102
206 104 210 105
206 106 210 107
206 111 207 115
206 116 210 117
206 118 210 119
206 120 215 120
206 121 210 122
206 150 210 151
206 164 210 165
206 166 210 167
206 175 210 176
206 186 207 190
206 206 214 206
206 209 210 210
206 211 210 212
206 221 215 221
206 230 210 231
206 235 215 235
206 243 207 247
206 253 207 257
206 260 213 260
206 270 207 274
206 301 210 302
206 303 215 303
206 307 210 308
206 333 210 334
206 335 215 335
206 357 210 358
206 359 215 359
206 378 209 379
206 383 209 384
206 393 212 393
207 21 216 21
207 27 216 27
207 28 216 28
207 30 211 31
207 44 211 45
207 63 211 64
207 84 211 85
207 89 208 93
207 96 208 100
207 128 211 129
207 130 216 130
207 132 208 136
207 144 208 148
207 156 211 157
207 159 208 163
207 170 210 171
207 172 210 173
207 177 215 177
207 195 211 196
207 197 211 198
207 222 211 223
207 224 211 225
207 232 211 233
207 238 208 242
207 265 216 265
203 285 212 285
207 288 211 289
207 290 208 294
207 313 216 313
207 326 211 327
207 328 211 329
207 330 211 331
207 337 216 337
207 338 211 339
207 349 208 353
207 354 211 355
207 362 208 366
207 390 211 391
207 395 211 396
208 0 212 1
208 2 212 3
208 9 212 10
208 12 217 12
208 17 217 17
208 23 212 24
208 25 217 25
208 32 212 33
208 34 217 34
208 38 212 39
208 40 212 41
208 54 217 54
208 57 212 58
208 59 212 60
208 67 217 67
208 73 217 73
208 74 212 75
208 76 217 76
208 88 217 88
208 109 209 113
208 114 212 115
208 181 212 182
208 186 209 190
208 191 212 192
208 204 212 205
208 207 217 207
207 220 216 220
208 228 212 229
208 236 217 236
208 243 209 247
208 253 209 257
208 270 209 274
208 282 210 283
208 297 212 298
208 299 217 299
208 325 217 325
208 348 217 348
208 397 217 397
209 70 213 71
209 89 209 97
209 98 213 99
209 100 218 100
209 124 213 125
209 126 218 126
209 132 210 136
209 144 210 148
209 149 218 149
209 152 213 153
209 154 213 155
209 159 210 163
209 168 213 169
209 179 213 180
209 202 213 203
209 208 218 208
209 215 213 216
209 217 213 218
209 238 210 242
209 248 213 249
209 250 213 251
209 258 218 258
209 259 218 259
209 275 213 276
209 279 213 280
209 290 210 294
209 295 218 295
209 296 218 296
209 304 213 305
209 306 218 306
209 318 213 319
209 320 213 321
209 349 210 353
209 356 218 356
209 360 210 364
209 365 213 366
209 380 213 381
209 385 213 386
210 5 214 6
210 8 219 8
210 16 219 16
210 22 219 22
210 48 214 49
210 50 219 50
210 56 219 56
210 61 214 62
210 69 219 69
210 77 214 78
210 82 214 83
210 86 214 87
210 89 211 93
210 94 214 95
210 96 214 97
210 109 211 113
210 131 219 131
210 137 214 138
210 140 219 140
210 183 214 184
210 186 211 190
210 194 219 194
210 200 214 201
210 226 214 227
210 237 219 237
210 243 211 247
210 253 211 257
210 262 219 262
210 263 214 264
210 268 219 268
210 270 211 274
210 286 219 286
210 309 214 310
210 315 219 315
210 316 219 316
210 323 214 324
210 343 214 344
210 367 214 368
210 369 214 370
210 373 214 374
211 13 215 14
211 15 220 15
211 19 215 20
211 36 215 37
211 46 215 47
211 51 215 52
211 53 220 53
211 65 215 66
211 101 215 102
211 104 215 105
211 106 215 107
211 116 215 117
211 118 215 119
211 121 215 122
211 123 219 123
211 132 212 136
211 144 212 148
211 150 215 151
211 159 212 163
211 164 215 165
211 166 215 167
211 175 215 176
211 209 215 210
211 211 215 212
211 230 215 231
211 238 212 242
211 290 212 294
211 301 215 302
211 307 215 308
211 333 215 334
211 336 220 336
211 349 212 353
211 357 215 358
211 360 212 364
210 378 214 379
215 383 220 383
210 383 214 384
211 394 220 394
211 398 218 398
212 30 216 31
212 35 221 35
212 44 216 45
212 63 216 64
212 79 221 79
212 84 216 85
212 89 213 93
212 109 213 113
212 128 216 129
212 156 216 157
212 158 221 158
213 170 221 170
211 170 212 173
212 178 221 178
212 186 213 190
212 195 216 196
212 197 216 198
212 213 221 213
212 222 216 223
212 224 216 225
212 232 216 233
212 243 213 247
212 253 213 257
212 269 213 273
212 274 221 274
211 282 213 284
212 287 216 288
212 289 221 289
212 300 221 300
212 314 216 314
212 326 213 330
212 331 216 332
212 338 221 338
212 339 216 340
212 342 221 342
212 354 216 355
212 372 221 372
212 390 216 391
212 395 216 396
213 0 217 1
213 2 217 3
213 9 217 10
213 11 222 11
213 18 216 18
213 23 217 24
213 29 221 29
213 32 217 33
213 38 214 42
213 57 217 58
213 59 222 59
213 60 222 60
213 74 222 74
213 75 222 75
213 103 222 103
213 114 217 115
211 127 220 127
213 132 214 136
213 141 217 142
213 145 214 148
213 159 214 163
213 171 215 173
213 181 217 182
212 185 221 185
213 191 217 192
213 193 222 193
213 204 222 204
213 205 222 205
213 228 217 229
213 234 222 234
213 238 214 242
213 278 222 278
213 285 222 285
213 290 214 294
213 297 217 298
213 311 222 311
213 346 217 347
213 349 214 353
213 360 214 364
213 371 222 371
213 376 217 377
213 388 217 389
213 392 222 392
214 7 223 7
214 26 223 26
214 43 223 43
214 55 223 55
214 70 218 71
214 72 223 72
214 89 215 93
214 98 218 99
214 109 215 113
214 124 218 125
213 143 217 144
214 152 218 153
214 154 218 155
214 168 218 169
214 179 218 180
214 186 215 190
214 202 218 203
214 215 215 219
214 243 215 247
214 248 218 249
214 250 218 251
214 253 215 257
214 260 218 261
214 269 215 273
214 275 218 276
214 277 223 277
214 279 215 283
214 304 218 305
214 312 223 312
214 318 215 322
214 326 215 330
214 341 223 341
214 365 218 366
214 380 218 381
214 385 223 385
214 386 218 387
215 5 219 6
215 39 224 39
215 40 217 42
215 48 219 49
215 61 219 62
215 77 219 78
215 81 219 82
215 83 224 83
215 86 219 87
215 94 219 95
215 96 219 97
215 108 224 108
215 132 216 136
215 137 219 138
214 139 223 139
215 145 219 146
215 147 219 148
215 159 216 163
215 174 224 174
215 183 219 184
215 199 219 200
215 201 224 201
215 214 224 214
215 226 219 227
215 238 216 242
215 252 224 252
215 263 219 264
215 266 219 267
215 290 219 291
215 292 219 293
215 294 223 294
215 309 219 310
215 317 224 317
215 323 219 324
215 343 219 344
215 345 224 345
215 349 216 353
215 360 216 364
215 367 219 368
215 369 219 370
215 373 219 374
215 375 224 375
215 378 219 379
215 382 223 382
215 384 224 384
216 4 225 4
216 13 220 14
216 19 220 20
216 36 220 37
216 46 220 47
216 51 220 52
216 65 220 66
216 68 225 68
216 80 224 80
216 89 217 93
216 101 220 102
216 104 220 105
216 106 220 107
216 109 217 113
216 116 220 116
216 118 217 122
216 150 220 151
216 164 220 165
216 166 220 167
216 171 220 172
216 173 225 173
216 175 220 176
216 186 217 190
215 206 224 206
216 209 220 210
216 211 220 212
216 215 217 219
216 221 225 221
216 230 220 231
216 235 225 235
216 243 217 247
216 253 217 257
216 269 217 273
216 279 217 283
216 301 220 302
216 303 225 303
216 307 220 308
216 318 217 322
216 326 217 330
216 333 220 334
216 335 225 335
216 357 220 358
216 359 225 359
213 393 222 393
217 21 226 21
217 27 221 28
217 31 226 31
217 44 226 44
217 45 226 45
217 63 221 64
217 84 221 85
217 128 221 129
217 130 226 130
217 132 218 136
217 156 226 156
217 157 226 157
217 159 218 163
216 177 225 177
217 195 221 196
217 197 221 198
217 220 226 220
217 222 221 223
217 224 221 225
217 232 226 232
217 233 226 233
217 238 221 239
217 240 221 241
217 242 226 242
217 265 226 265
217 287 221 288
217 313 221 314
217 331 221 332
217 337 226 337
217 339 221 340
217 349 218 353
217 354 221 355
217 360 218 364
217 390 221 391
217 395 221 396
218 0 222 1
218 2 227 2
218 3 227 3
218 9 222 10
218 12 227 12
218 17 226 17
218 23 222 24
218 25 227 25
218 32 222 33
218 34 227 34
218 40 222 41
218 42 227 42
218 54 227 54
218 57 222 58
218 67 227 67
218 73 227 73
218 76 227 76
218 88 219 92
218 93 227 93
218 109 219 113
218 114 222 115
218 118 219 122
218 141 222 142
218 143 222 144
218 181 222 182
218 186 222 187
218 188 219 192
218 207 227 207
218 215 219 219
218 228 222 229
218 236 227 236
218 243 219 247
218 253 219 257
218 269 219 273
218 279 219 283
218 297 222 298
218 299 224 299
218 318 219 322
218 325 219 329
218 330 226 330
218 346 222 347
218 348 227 348
218 376 222 377
218 388 222 389
219 70 223 71
219 98 223 99
219 100 228 100
219 124 223 125
219 126 228 126
219 132 220 136
219 149 228 149
219 152 223 153
219 154 223 155
219 159 220 163
219 168 223 169
219 179 223 180
219 202 223 203
219 208 228 208
219 248 223 249
219 250 223 251
219 258 223 259
219 260 223 261
219 275 223 276
219 284 228 284
219 295 223 296
219 304 223 305
219 306 228 306
219 349 220 353
219 356 228 356
219 360 220 364
219 365 223 366
219 380 223 381
219 386 223 387
219 397 223 398
220 5 223 6
220 8 229 8
220 16 229 16
220 22 229 22
220 30 229 30
220 48 224 49
220 50 228 50
220 56 229 56
220 61 224 62
220 69 229 69
220 77 224 78
220 81 224 82
220 86 221 90
220 91 224 92
220 94 224 95
220 96 224 97
220 109 221 113
220 118 221 122
220 131 229 131
220 137 224 138
220 140 229 140
220 145 224 146
220 147 224 148
220 183 224 184
220 188 221 192
220 194 229 194
220 199 224 200
220 215 221 219
220 226 224 227
220 237 229 237
220 243 221 247
220 253 222 255
220 256 224 257
220 262 224 263
220 264 229 264
220 266 221 270
220 271 224 272
220 273 229 273
220 279 221 283
220 286 229 286
220 290 224 291
220 292 223 293
220 309 224 310
220 315 224 316
220 318 220 327
220 328 224 329
220 343 229 343
220 344 229 344
220 367 224 368
220 369 224 370
220 373 224 374
220 378 224 379
221 13 225 14
221 15 230 15
221 19 225 20
224 36 225 37
221 36 223 38
221 46 225 47
221 51 225 52
221 53 230 53
221 65 225 66
221 101 225 102
221 104 225 105
221 106 225 107
221 116 230 116
216 117 225 117
220 123 229 123
221 127 229 127
221 132 222 136
221 150 225 151
221 159 225 160
221 161 225 162
221 163 225 164
221 165 225 166
221 167 230 167
221 171 225 172
221 175 225 176
221 209 225 210
221 211 225 212
221 230 225 231
221 301 225 302
221 307 225 308
221 318 221 327
221 333 225 334
221 336 230 336
221 349 222 353
221 357 225 358
221 360 222 364
221 383 230 383
221 394 230 394
224 27 226 29
222 35 231 35
222 63 226 64
222 79 227 79
222 84 223 88
222 89 226 90
222 109 223 113
222 118 223 122
222 128 226 129
222 158 231 158
222 170 231 170
222 178 231 178
222 185 231 185
222 188 223 192
222 195 226 195
222 196 226 197
222 198 231 198
222 213 231 213
222 215 223 219
222 222 226 223
222 224 226 225
222 238 226 239
222 240 231 240
222 241 231 241
222 243 226 244
222 245 226 246
222 247 231 247
222 266 223 270
222 274 229 274
222 279 223 283
222 287 226 288
222 289 231 289
222 300 231 300
222 313 226 314
222 318 222 327
222 331 226 332
222 338 231 338
222 339 231 339
222 342 231 342
222 354 226 355
222 372 231 372
222 390 226 391
222 395 226 396
223 0 227 1
223 9 227 10
223 11 232 11
217 18 225 18
223 23 227 24
222 27 223 29
223 32 227 33
223 40 227 41
223 57 227 58
223 59 227 60
223 75 229 75
223 103 232 103
223 114 227 115
223 132 224 136
223 141 227 142
223 143 227 144
223 181 227 182
223 186 227 187
223 193 232 193
223 204 227 205
223 228 227 229
223 234 232 234
223 253 227 254
223 255 232 255
223 278 232 278
223 285 232 285
223 297 227 298
223 311 232 311
223 318 224 322
223 323 224 327
223 346 227 347
223 349 224 353
223 360 224 364
223 376 227 377
223 388 226 389
223 392 227 393
224 5 226 7
224 26 233 26
224 38 233 38
224 43 233 43
224 55 233 55
224 70 228 71
224 72 232 72
224 84 225 88
224 98 228 99
224 109 225 113
224 118 225 122
224 124 228 125
224 139 233 139
224 152 228 153
224 154 228 155
224 168 228 169
224 179 228 180
224 188 225 192
224 202 228 203
224 215 225 219
224 248 228 249
224 250 228 251
224 258 228 259
224 260 228 261
224 266 225 270
224 275 228 276
224 277 233 277
224 279 225 283
225 294 229 295
224 292 224 296
224 304 228 305
224 312 233 312
224 340 233 340
224 341 233 341
224 365 228 366
224 371 233 371
227 380 228 381
224 385 228 386
224 387 233 387
224 397 228 398
227 29 234 29
225 39 234 39
225 48 229 49
225 61 229 62
225 77 229 78
228 79 229 82
225 83 234 83
225 91 229 92
225 94 227 96
225 97 233 97
225 108 234 108
225 132 226 136
225 137 229 138
225 145 229 146
225 147 229 148
225 174 234 174
225 183 229 184
225 199 229 200
225 201 234 201
225 206 234 206
225 214 234 214
225 226 229 227
225 252 234 252
225 256 229 257
225 262 234 262
225 263 234 263
225 271 229 272
225 290 229 291
225 292 229 293
225 309 228 310
225 315 225 324
225 325 226 329
225 345 234 345
225 349 226 353
225 360 226 364
225 367 229 368
225 369 229 370
225 373 229 374
225 375 234 375
225 378 234 378
225 379 234 379
224 380 226 382
225 384 234 384
226 4 235 4
226 13 230 14
226 18 228 20
226 36 230 37
226 46 230 47
226 51 230 52
226 65 230 66
226 68 235 68
225 80 227 82
226 84 227 88
226 101 230 102
226 104 235 104
226 105 235 105
226 106 230 107
226 109 227 113
226 117 227 121
226 122 235 122
226 150 235 150
226 151 235 151
226 159 227 163
226 164 230 165
226 166 235 166
226 171 230 172
226 173 234 173
226 175 230 176
226 177 234 177
226 188 227 192
226 209 230 210
226 211 230 212
226 215 227 219
226 221 235 221
226 230 230 231
226 235 235 235
226 266 227 270
226 279 227 283
226 301 230 302
226 303 235 303
226 307 230 308
226 315 227 319
226 320 227 324
226 333 230 334
226 335 235 335
226 357 230 358
226 359 235 359
227 5 231 6
227 7 236 7
227 21 236 21
227 27 231 28
227 31 236 31
227 44 231 45
227 63 231 64
227 89 231 90
227 128 231 129
227 130 236 130
227 132 228 136
227 156 231 157
227 195 231 196
227 197 236 197
227 220 236 220
227 222 231 223
227 224 231 225
227 232 231 233
227 238 231 239
227 242 228 246
227 265 236 265
227 287 231 288
227 296 236 296
227 313 231 314
227 325 228 328
227 331 231 332
227 337 236 337
227 349 228 353
227 354 236 354
227 355 236 355
227 360 228 364
227 382 236 382
229 390 236 390
227 388 228 391
227 395 231 396
228 0 232 1
228 2 232 3
228 9 232 10
228 12 237 12
227 17 236 17
228 23 232 24
228 25 237 25
228 32 232 33
228 34 237 34
228 40 232 41
228 42 237 42
228 54 237 54
228 57 232 58
228 59 232 60
228 67 237 67
228 73 237 73
228 76 237 76
228 84 232 85
228 86 232 87
228 88 237 88
228 93 232 94
228 95 232 96
228 109 229 113
228 114 232 115
228 117 229 121
228 141 232 142
228 143 232 144
228 159 229 163
228 181 232 182
228 186 229 190
228 191 232 192
228 204 232 205
228 207 237 207
228 215 229 219
228 228 232 229
228 236 237 236
228 253 232 254
228 266 229 270
228 279 229 283
228 297 232 298
225 299 234 299
228 315 228 324
227 329 231 330
228 346 232 347
228 348 236 348
228 376 232 377
228 392 232 393
229 18 231 20
229 70 232 71
230 79 233 80
229 98 233 99
229 100 238 100
229 124 233 125
229 126 238 126
229 132 230 136
229 149 238 149
229 152 238 152
229 153 233 154
229 155 238 155
229 168 233 169
229 179 238 179
229 180 238 180
229 202 238 202
229 203 238 203
229 208 238 208
229 242 230 246
229 248 233 249
229 250 233 251
229 258 233 259
229 260 233 261
229 275 233 276
229 284 238 284
230 294 238 294
229 304 233 305
229 306 238 306
229 315 229 324
229 325 233 326
229 327 233 328
229 349 230 353
229 356 233 356
229 360 230 364
229 365 233 366
229 380 233 381
229 385 233 386
229 388 233 389
229 391 238 391
229 397 233 398
230 8 239 8
230 16 239 16
230 22 239 22
230 30 239 30
230 48 234 49
229 50 238 50
230 56 239 56
230 61 234 62
230 69 239 69
230 74 234 75
230 77 234 78
230 81 234 82
230 91 234 92
230 109 231 113
230 117 231 121
230 123 239 123
230 131 236 131
230 137 234 138
230 140 239 140
230 145 234 146
230 147 234 148
230 159 231 163
230 183 234 184
230 186 231 190
230 194 239 194
230 199 234 200
230 215 231 219
230 226 234 227
230 237 237 237
230 256 234 257
230 264 239 264
230 266 231 270
230 271 239 271
230 272 232 274
230 279 231 283
230 286 239 286
230 290 234 291
230 292 234 293
229 309 233 310
230 315 230 324
230 343 234 344
230 367 234 368
230 369 234 370
230 373 234 374
231 13 235 14
231 15 240 15
231 36 235 37
231 46 235 47
231 51 235 52
231 53 240 53
231 65 240 65
231 66 239 66
231 101 235 102
231 106 235 107
231 116 240 116
230 127 239 127
231 132 232 136
231 164 235 165
231 167 240 167
231 171 235 172
231 175 234 176
231 209 235 210
231 211 235 212
231 230 235 231
231 242 235 243
231 244 235 245
231 246 240 246
231 295 240 295
231 301 235 302
231 307 240 307
231 308 240 308
231 315 231 324
231 333 235 334
231 336 240 336
231 349 232 353
231 357 235 358
231 360 232 364
231 383 240 383
231 394 240 394
232 5 236 6
232 18 236 19
232 20 241 20
232 27 236 28
232 35 241 35
232 44 236 45
232 63 236 64
232 89 236 90
232 109 233 113
232 117 233 121
232 128 236 129
232 156 233 160
232 161 236 161
232 162 236 163
232 170 241 170
232 178 241 178
232 185 233 189
232 190 241 190
232 195 236 196
232 198 241 198
232 213 241 213
232 215 233 219
232 222 236 223
232 224 236 225
232 232 236 233
232 238 236 239
232 240 236 241
232 247 241 247
232 266 233 270
232 279 233 283
232 287 236 288
232 289 241 289
232 300 241 300
232 313 232 322
232 323 236 324
232 329 236 330
232 331 236 332
232 338 236 339
232 342 241 342
232 372 241 372
232 395 236 396
233 0 237 1
233 2 237 3
233 9 237 10
233 11 242 11
233 23 242 23
233 24 242 24
233 32 237 33
233 40 237 41
233 57 237 58
233 59 237 60
233 84 237 85
233 86 237 87
233 93 237 94
233 95 237 96
233 103 242 103
233 114 237 115
233 132 234 136
233 141 237 142
233 143 237 144
233 181 237 182
233 191 237 191
233 193 242 193
233 204 237 205
233 228 237 229
233 234 242 234
233 253 235 255
233 272 237 273
233 274 242 274
233 278 242 278
233 285 236 285
233 297 242 297
233 298 242 298
233 311 242 311
233 313 233 322
233 346 237 347
233 349 234 353
233 360 234 364
233 376 237 377
233 392 237 393
234 26 243 26
234 38 243 38
234 43 243 43
234 55 243 55
236 70 243 70
233 70 235 72
234 79 241 79
234 80 243 80
234 97 238 98
234 99 243 99
234 109 238 110
234 111 243 111
234 112 238 113
234 117 235 121
234 124 238 125
234 139 243 139
234 153 243 153
234 154 243 154
234 156 235 160
234 168 238 169
234 185 235 189
234 215 235 219
234 248 238 249
234 250 237 251
234 258 238 259
234 260 238 261
234 266 235 270
234 275 238 276
234 277 243 277
234 279 235 283
234 304 238 305
234 309 238 310
234 312 234 320
234 321 238 322
234 325 238 326
234 327 238 328
234 340 238 341
234 365 238 366
234 371 243 371
234 380 238 381
234 385 235 389
234 397 238 398
235 29 244 29
235 39 243 39
235 48 239 49
235 61 239 62
235 74 239 75
235 77 239 78
235 81 239 82
235 83 242 83
235 91 239 92
235 108 244 108
235 132 236 136
235 137 238 138
235 145 239 146
235 147 239 148
237 174 240 174
235 183 239 184
235 199 239 200
235 201 244 201
235 206 244 206
235 214 244 214
235 226 239 227
235 252 242 252
235 256 239 257
235 262 239 263
235 290 239 291
235 292 239 293
235 299 244 299
235 312 236 316
235 317 239 318
235 319 239 320
235 343 244 343
235 344 244 344
235 345 244 345
235 349 236 353
235 360 236 364
235 367 239 368
235 369 239 370
235 373 239 374
235 375 244 375
235 378 239 379
235 384 244 384
236 4 245 4
236 13 240 14
236 36 240 37
236 46 240 47
236 51 240 52
236 68 245 68
236 71 245 71
236 72 245 72
236 101 240 102
236 104 240 105
236 106 240 107
236 117 237 121
236 122 245 122
236 150 240 151
236 156 237 160
236 164 240 165
236 166 245 166
236 171 240 172
235 173 236 177
236 185 237 189
236 209 240 210
236 211 240 212
236 215 237 219
236 221 245 221
236 230 240 231
236 235 245 235
236 242 240 243
236 244 240 245
236 253 238 255
236 266 237 270
236 279 237 283
236 301 240 302
236 303 245 303
236 333 240 334
236 335 245 335
236 357 240 358
236 359 245 359
236 385 237 389
237 5 239 7
237 17 241 18
237 19 246 19
237 21 246 21
237 27 241 28
237 31 246 31
237 44 241 45
237 63 241 64
237 89 241 90
237 128 241 129
237 130 241 131
237 132 238 136
237 161 241 162
237 163 246 163
237 173 246 173
237 175 241 176
237 177 246 177
237 195 241 196
237 197 246 197
237 220 246 220
237 222 241 223
237 224 241 225
237 232 241 233
237 238 241 239
237 240 241 241
237 265 246 265
237 287 241 288
237 296 246 296
237 312 238 316
237 323 241 324
237 329 241 330
237 331 241 332
237 337 241 338
237 339 246 339
237 349 246 349
237 350 241 351
237 352 241 353
237 354 241 355
237 360 238 364
237 382 246 382
237 390 246 390
237 395 241 396
238 0 242 1
238 2 242 3
238 9 247 9
238 10 247 10
238 12 247 12
238 25 247 25
238 32 242 33
238 34 247 34
238 40 242 41
238 42 247 42
238 54 247 54
238 57 242 58
238 59 242 60
238 67 247 67
238 73 242 73
238 76 247 76
238 84 239 88
238 93 242 94
238 95 242 96
238 114 247 114
238 115 247 115
238 117 242 118
238 119 242 120
238 121 247 121
238 142 242 142
238 143 242 144
238 156 239 160
238 181 242 182
238 185 239 189
238 191 247 191
233 192 242 192
238 204 242 205
238 207 247 207
238 215 242 216
238 217 242 218
238 219 247 219
238 228 242 229
238 236 244 236
238 266 247 266
238 267 247 267
238 268 247 268
238 269 247 269
238 270 247 270
238 272 242 273
238 279 239 283
238 346 242 347
237 348 246 348
238 376 242 377
238 385 239 389
238 392 242 393
239 50 248 50
239 97 243 98
239 100 248 100
239 109 248 109
239 112 248 112
239 113 248 113
239 124 243 125
239 126 248 126
239 132 240 136
239 149 248 149
239 152 245 152
239 155 248 155
239 168 243 169
239 179 243 180
239 202 243 203
239 208 248 208
239 248 243 249
238 250 242 251
239 253 243 254
239 255 248 255
239 258 243 259
239 260 243 261
239 275 242 276
239 284 246 284
239 294 248 294
239 304 243 305
239 306 248 306
239 309 243 310
239 312 240 316
239 321 247 321
239 325 243 326
239 327 243 328
239 340 243 341
234 356 243 356
239 360 240 364
239 365 243 366
239 380 243 381
239 391 248 391
239 397 243 398
240 5 241 8
240 16 249 16
240 22 249 22
240 30 249 30
240 48 244 49
240 56 249 56
240 61 244 62
240 69 249 69
240 77 244 78
240 81 244 82
240 84 241 88
240 91 244 92
240 123 249 123
240 127 248 127
244 137 249 137
239 137 243 138
240 140 248 140
240 145 249 145
240 146 244 147
240 148 249 148
240 156 241 160
240 183 241 187
240 188 244 189
240 194 248 194
240 199 244 200
240 226 244 227
238 237 247 237
240 256 244 257
240 262 244 263
240 264 249 264
240 271 249 271
240 279 241 283
240 286 249 286
240 290 249 290
240 291 244 292
240 293 249 293
240 317 244 318
240 319 244 320
240 367 244 368
240 369 244 370
240 373 244 374
240 378 244 379
240 385 249 385
240 386 244 387
240 388 244 389
241 13 245 14
241 15 247 15
241 36 245 37
241 46 245 47
241 51 245 52
241 53 250 53
241 65 250 65
240 66 249 66
241 101 245 102
241 104 245 105
241 106 245 107
241 116 250 116
241 132 242 136
241 150 245 151
241 164 245 165
241 167 250 167
241 171 245 172
241 209 245 210
241 211 245 212
241 230 250 230
241 231 250 231
241 242 242 246
241 295 250 295
241 301 245 302
241 307 245 308
241 312 242 316
241 333 245 334
241 336 250 336
241 357 245 358
241 360 242 364
241 383 250 383
241 394 250 394
242 6 246 7
242 8 251 8
242 17 246 18
242 20 251 20
242 27 243 28
242 35 251 35
242 44 246 45
242 63 246 64
242 84 243 88
242 89 246 90
242 128 246 129
242 130 246 131
242 156 243 160
242 161 246 162
242 170 251 170
242 175 246 176
242 178 251 178
242 183 243 187
242 190 251 190
242 195 246 196
242 198 251 198
242 213 251 213
242 222 246 223
242 224 251 224
242 225 251 225
242 232 246 233
242 238 246 239
242 240 246 241
242 247 251 247
242 279 243 283
242 287 246 288
242 289 251 289
242 300 251 300
242 322 246 323
242 324 251 324
242 329 246 330
242 331 246 332
242 337 246 338
242 342 251 342
242 350 243 354
242 355 251 355
242 372 251 372
242 395 246 396
243 0 247 1
243 2 252 2
243 3 252 3
243 11 252 11
243 23 247 24
243 32 252 32
243 33 252 33
243 40 247 41
243 57 247 58
243 59 247 60
243 73 247 74
243 93 247 94
243 95 247 96
243 103 252 103
243 110 252 110
243 117 247 118
243 119 247 120
243 132 244 136
243 142 245 143
243 144 252 144
243 181 247 182
243 192 252 192
243 204 247 205
243 215 247 216
243 217 247 218
243 228 247 229
243 234 252 234
243 242 244 246
243 250 245 252
243 272 247 273
243 274 245 276
243 278 252 278
237 285 246 285
243 297 247 298
243 311 244 315
243 316 252 316
243 346 247 347
243 360 244 364
243 376 247 377
243 392 247 393
244 26 246 28
244 38 248 39
244 43 253 43
244 55 252 55
244 70 253 70
244 75 253 75
244 80 248 80
244 84 245 88
244 97 248 98
244 99 253 99
244 111 253 111
244 124 248 125
244 138 248 139
244 153 248 154
244 156 245 160
244 168 248 169
244 179 248 180
244 183 245 187
244 193 253 193
244 202 248 203
244 248 248 249
244 253 248 254
244 258 248 259
244 260 248 261
244 277 252 277
244 279 245 283
244 304 248 305
244 309 248 310
244 325 248 326
244 327 248 328
244 340 248 341
244 350 245 354
244 356 253 356
244 365 248 366
244 371 253 371
244 380 248 381
244 397 248 398
245 5 254 5
245 29 254 29
245 48 249 49
245 61 249 62
245 77 249 78
245 81 249 82
243 83 249 83
245 91 249 92
245 108 254 108
245 132 246 136
245 146 249 147
241 174 250 174
245 188 249 189
245 199 249 200
245 201 254 201
245 206 254 206
245 214 254 214
245 226 249 227
245 242 246 246
245 256 249 257
245 262 249 263
245 291 249 292
245 299 251 299
245 311 246 315
245 317 249 318
245 319 247 320
245 343 249 344
245 345 254 345
245 360 247 362
245 363 249 364
245 367 249 368
245 369 249 370
245 373 249 373
245 374 249 375
245 378 249 379
245 384 254 384
245 386 249 387
245 388 249 389
246 4 255 4
246 13 250 14
246 36 250 37
246 46 250 47
246 51 250 52
246 68 255 68
246 71 250 72
246 84 247 88
246 101 250 102
246 104 250 105
246 106 250 107
246 122 255 122
238 141 247 141
246 142 250 143
246 150 248 152
246 156 247 160
246 164 250 165
246 166 255 166
246 171 250 172
246 183 247 187
246 209 250 210
246 211 250 212
246 221 255 221
246 235 255 235
246 250 250 251
246 252 255 252
246 274 250 275
246 276 255 276
246 279 247 283
246 301 250 302
246 303 255 303
246 307 250 308
246 333 250 334
246 335 255 335
246 350 247 354
246 357 250 358
246 359 255 359
247 6 251 7
247 17 251 18
247 19 256 19
247 21 256 21
247 26 251 27
247 28 256 28
247 31 256 31
247 44 251 45
247 63 251 64
247 89 251 90
247 128 248 132
247 133 256 133
247 134 251 135
247 136 256 136
247 161 251 162
247 163 256 163
247 173 256 173
247 175 250 176
247 177 256 177
247 195 251 196
247 197 256 197
247 220 256 220
247 222 256 222
247 232 251 233
247 238 248 242
247 243 251 244
247 245 251 246
247 265 256 265
247 284 251 285
247 287 250 288
247 296 255 296
247 311 248 315
247 323 256 323
247 329 251 330
247 331 251 332
247 337 251 338
247 339 256 339
247 348 251 349
247 382 256 382
247 390 256 390
247 395 251 396
248 0 252 1
248 9 252 10
248 12 255 12
248 23 252 24
248 25 257 25
248 34 257 34
248 40 252 41
248 42 257 42
248 54 257 54
248 57 252 58
248 59 252 60
248 67 257 67
248 73 252 74
248 76 257 76
248 84 249 88
248 93 252 94
248 95 252 96
248 114 252 115
248 117 249 121
248 141 257 141
248 156 249 160
248 181 249 185
248 186 252 187
248 191 257 191
248 204 252 205
248 207 257 207
248 215 249 219
248 228 252 229
245 236 254 236
248 237 257 237
248 266 249 270
248 272 252 273
248 279 249 282
248 297 250 298
248 319 249 322
248 346 252 347
248 350 252 351
248 352 252 353
248 354 257 354
248 360 252 361
248 362 256 362
248 376 252 377
248 392 252 393
249 38 253 39
249 50 258 50
242 79 251 79
249 80 258 80
249 97 253 98
249 100 253 100
249 109 258 109
249 112 253 113
249 124 249 132
249 138 253 138
249 149 250 153
249 154 253 155
249 168 253 169
249 179 253 180
249 202 253 203
249 208 258 208
249 223 258 223
249 238 250 242
249 248 253 249
249 253 253 254
249 255 258 255
249 258 253 259
249 260 253 261
249 294 258 294
249 304 253 305
249 306 258 306
249 309 250 313
249 314 253 315
249 325 253 326
249 327 253 328
249 340 251 341
249 365 253 366
249 380 253 381
249 391 258 391
249 397 253 398
250 16 259 16
250 22 259 22
250 30 259 30
250 48 254 49
250 56 259 56
250 61 254 62
250 66 259 66
250 69 259 69
250 77 254 78
250 81 259 81
250 82 252 84
250 85 254 86
250 87 259 87
250 88 259 88
250 91 254 92
250 117 251 121
250 123 259 123
250 124 254 125
250 126 251 130
250 131 254 132
250 137 259 137
249 139 253 140
250 145 254 146
250 147 254 148
250 156 251 160
250 181 251 185
250 188 254 189
249 194 258 194
250 199 254 200
250 215 251 219
250 226 254 227
250 256 254 257
250 262 254 263
250 264 259 264
250 266 251 270
250 271 259 271
250 279 254 280
250 281 254 282
248 283 254 283
250 286 257 286
250 290 252 292
250 293 259 293
250 317 251 321
250 322 259 322
250 343 254 344
250 363 254 364
250 367 254 368
250 369 254 370
250 373 254 374
250 375 259 375
250 378 254 379
250 385 251 389
251 13 255 14
248 15 257 15
251 36 255 37
251 46 255 47
251 51 255 52
251 53 260 53
251 65 260 65
251 71 255 72
251 101 255 102
251 104 255 105
251 106 255 107
251 116 260 116
251 142 255 143
251 149 252 153
251 164 255 165
251 167 259 167
251 171 260 171
251 172 260 172
251 174 253 176
251 209 255 210
251 211 255 212
251 230 260 230
251 231 260 231
251 238 255 239
251 240 255 241
251 242 260 242
251 250 255 251
251 274 255 275
251 295 260 295
251 301 255 302
251 307 255 308
251 309 252 313
251 333 255 334
251 336 260 336
251 357 255 358
251 383 260 383
251 394 257 394
252 6 256 7
252 8 261 8
252 17 256 18
252 20 261 20
252 26 261 26
252 27 261 27
252 35 261 35
252 44 256 45
252 63 256 64
252 79 261 79
252 89 256 90
252 117 253 121
252 126 253 130
252 134 256 135
252 156 253 160
252 161 261 161
252 162 261 162
252 170 261 170
252 178 261 178
252 181 253 185
252 190 261 190
252 195 256 196
252 198 261 198
252 213 261 213
252 215 261 215
252 216 261 216
252 217 256 218
252 219 261 219
252 224 256 225
252 232 256 233
252 243 253 247
252 266 253 270
252 284 256 285
251 287 255 288
252 289 261 289
252 299 256 300
252 317 253 321
252 324 261 324
252 329 256 330
252 331 256 332
252 337 256 338
252 340 254 342
252 348 256 349
252 355 261 355
252 372 261 372
252 385 253 389
252 395 256 396
253 0 257 1
253 2 257 3
253 9 257 10
253 11 262 11
253 23 257 24
253 32 257 33
253 40 257 41
253 57 257 58
253 59 257 60
253 73 257 74
253 82 257 83
253 84 262 84
253 93 257 94
253 95 257 96
253 103 262 103
253 110 262 110
253 114 257 115
253 144 262 144
253 149 254 153
253 186 257 187
253 192 262 192
253 204 257 205
253 228 257 229
253 234 262 234
253 272 257 273
253 277 257 278
253 290 262 290
253 291 257 292
251 297 255 298
253 309 254 313
253 316 262 316
253 346 257 347
253 350 257 351
253 352 257 353
253 360 257 361
253 376 257 377
253 392 257 393
254 38 258 39
254 43 263 43
253 55 262 55
254 70 263 70
254 75 263 75
254 97 258 98
254 99 258 100
254 111 258 112
254 113 263 113
254 117 255 121
254 126 255 129
254 138 258 139
254 140 263 140
254 154 255 158
254 159 258 160
254 168 258 169
254 174 258 175
254 176 263 176
254 179 255 183
254 184 257 185
254 193 261 193
254 202 257 203
254 243 255 247
254 248 263 248
254 249 263 249
254 253 258 254
254 258 258 259
254 260 258 261
254 266 255 270
254 304 258 305
254 314 258 315
254 317 255 321
254 325 258 326
254 327 258 328
254 356 263 356
254 365 258 366
254 371 263 371
254 380 258 381
254 385 255 389
254 397 258 398
255 5 264 5
255 29 264 29
255 48 259 49
255 61 259 62
255 77 259 78
255 85 259 86
255 91 259 92
255 108 264 108
255 124 259 125
255 131 259 132
255 145 256 149
255 150 259 151
255 152 259 153
255 188 259 189
255 199 259 200
255 201 264 201
255 206 264 206
255 214 264 214
255 226 259 227
255 236 264 236
255 256 259 257
255 262 259 263
255 279 259 280
258 281 264 281
255 281 257 283
255 309 256 313
255 340 256 344
255 345 264 345
255 363 259 364
255 367 259 368
255 369 259 370
255 373 259 374
255 378 259 379
255 384 264 384
256 4 265 4
256 13 260 14
256 36 260 37
256 46 259 47
256 51 260 52
256 68 265 68
256 71 260 72
256 101 260 102
256 104 260 105
256 106 260 107
256 117 257 121
256 122 265 122
256 126 257 129
256 142 260 143
256 154 257 158
256 164 260 165
256 166 265 166
256 179 257 183
256 209 260 210
256 211 260 212
256 221 265 221
256 235 265 235
256 238 260 239
256 240 260 241
256 243 265 243
256 244 260 245
256 246 260 247
256 250 260 251
256 252 265 252
256 266 257 270
256 274 260 275
256 276 265 276
256 288 265 288
256 296 260 297
256 298 265 298
256 301 260 302
256 303 265 303
256 307 260 308
256 317 257 321
256 333 260 334
256 335 265 335
256 357 260 358
256 359 265 359
256 385 257 389
257 6 261 7
257 17 261 18
257 19 266 19
257 21 266 21
257 28 264 28
257 31 266 31
257 44 261 45
257 63 261 64
257 89 261 90
257 133 260 134
257 135 260 136
257 145 258 149
257 163 266 163
257 173 266 173
257 177 266 177
257 195 258 196
257 197 266 197
257 217 261 218
257 220 266 220
257 222 266 222
257 225 266 225
257 232 261 233
257 265 266 265
257 284 261 285
257 299 266 299
257 300 266 300
257 309 261 310
257 311 261 312
257 313 266 313
257 323 266 323
257 329 261 330
257 331 261 332
257 337 258 341
257 342 261 343
257 344 264 344
257 348 261 349
257 382 266 382
257 390 266 390
257 395 261 396
258 0 262 1
258 2 262 3
258 9 262 10
256 12 265 12
258 15 267 15
258 23 262 24
258 25 266 25
258 32 262 33
258 34 267 34
258 40 267 40
258 41 267 41
258 42 267 42
258 54 267 54
258 57 262 58
258 59 262 60
258 67 267 67
258 73 262 74
258 76 267 76
258 82 262 83
258 93 262 94
258 95 262 96
258 114 260 115
258 117 259 121
258 126 262 127
258 128 262 129
254 130 262 130
258 141 267 141
258 154 259 157
258 179 262 180
258 181 261 182
258 183 259 187
258 191 267 191
258 202 260 204
258 205 267 205
258 207 267 207
258 224 267 224
258 228 262 229
258 237 267 237
258 266 259 270
258 272 262 273
258 277 262 278
258 282 262 283
258 286 262 287
258 291 262 292
258 317 259 321
258 346 262 347
258 350 259 354
258 360 262 361
257 362 266 362
258 376 262 377
258 385 259 389
258 392 267 392
258 393 262 394
259 38 268 38
259 39 268 39
259 50 268 50
259 80 268 80
259 97 263 98
259 99 268 99
259 100 268 100
259 109 268 109
259 111 268 111
259 112 268 112
259 138 263 139
259 145 260 149
259 159 263 160
259 168 263 169
259 174 263 175
259 194 261 196
259 208 268 208
259 223 268 223
259 253 268 253
259 254 268 254
259 255 268 255
259 258 263 259
259 260 263 261
259 294 268 294
259 304 263 305
259 306 268 306
259 314 263 315
259 325 263 326
259 327 263 328
259 337 260 341
259 365 263 366
259 380 263 381
259 391 268 391
259 397 263 398
260 16 269 16
260 22 268 22
260 30 269 30
262 48 269 48
260 46 261 49
260 56 269 56
260 61 262 62
260 66 269 66
260 69 265 69
260 77 264 78
260 81 269 81
260 85 264 86
260 87 264 88
260 91 264 92
260 117 261 121
260 123 264 124
260 125 269 125
260 131 264 132
260 150 261 154
260 155 262 157
258 158 267 158
260 183 261 187
260 188 264 189
260 199 264 200
260 226 262 227
260 256 264 257
260 262 264 263
260 264 269 264
260 266 261 270
260 271 269 271
260 279 264 280
260 293 269 293
260 317 261 321
260 322 269 322
260 350 261 354
260 363 264 364
260 367 264 368
260 369 264 370
260 373 264 374
260 375 269 375
260 378 264 379
260 385 261 389
261 13 265 14
261 36 265 37
261 51 265 52
261 53 270 53
261 65 270 65
261 71 265 72
261 101 265 102
261 104 265 105
261 106 265 107
261 114 263 116
261 133 262 137
261 142 265 143
261 145 262 149
261 164 265 165
260 167 269 167
261 171 265 172
261 202 264 203
261 204 270 204
261 209 265 210
261 211 265 212
261 230 265 231
261 238 262 242
261 244 265 245
261 246 265 247
261 250 265 251
261 274 265 275
261 295 265 296
261 297 270 297
261 301 265 302
261 307 265 308
261 333 265 334
261 336 262 340
261 341 269 341
261 357 265 358
261 383 267 383
262 6 266 7
262 8 271 8
262 17 266 18
262 20 270 20
262 26 266 27
262 35 271 35
262 44 266 45
262 46 266 47
262 49 271 49
262 63 266 64
262 79 271 79
262 89 266 90
262 117 263 121
262 150 263 154
262 161 266 162
262 170 270 170
262 178 271 178
262 181 263 185
262 186 266 187
262 190 271 190
262 193 266 194
262 195 266 196
262 198 270 198
262 213 271 213
262 215 263 219
262 232 271 232
262 233 271 233
262 266 263 270
262 284 266 285
262 289 271 289
262 309 266 310
262 311 266 312
262 317 263 321
262 324 271 324
262 329 266 330
262 331 266 332
262 342 264 343
262 348 263 352
262 353 266 354
262 355 271 355
262 372 271 372
262 385 263 389
262 395 266 396
263 0 267 1
263 2 267 3
263 9 267 10
263 11 272 11
263 23 267 24
263 32 267 33
263 55 272 55
263 57 267 58
263 59 272 59
263 60 265 62
263 73 267 74
263 82 267 83
263 84 272 84
263 93 267 94
263 95 267 96
263 103 272 103
263 110 272 110
263 126 267 127
266 128 267 130
263 133 264 137
263 144 264 148
263 149 272 149
263 155 267 156
263 157 272 157
263 179 267 180
263 192 272 192
263 228 265 229
263 234 272 234
263 238 264 242
263 272 267 273
263 277 267 278
263 282 267 283
263 286 267 287
263 290 267 291
263 292 272 292
263 316 272 316
263 336 264 340
263 346 267 347
263 360 267 361
263 376 267 377
263 393 267 394
264 43 273 43
264 70 273 70
264 75 273 75
264 97 268 98
264 113 265 117
264 118 268 119
264 120 268 121
263 128 265 130
264 138 268 139
264 140 273 140
264 150 265 154
264 159 268 160
264 168 268 169
264 174 268 175
264 176 273 176
264 181 265 185
264 215 265 219
264 248 268 249
264 258 268 259
264 260 268 261
264 266 265 270
264 304 268 305
264 314 268 315
264 317 268 318
264 319 268 319
264 320 268 321
264 325 268 326
264 327 268 328
264 348 265 352
264 356 273 356
264 365 268 366
264 371 273 371
264 380 268 381
264 385 265 389
264 397 268 398
265 5 274 5
265 28 269 29
265 77 269 78
265 85 274 85
265 86 269 87
265 88 274 88
265 91 269 92
265 108 274 108
265 123 269 124
265 131 269 132
265 133 266 137
265 144 266 148
265 188 269 189
265 199 266 203
265 206 274 206
265 214 274 214
263 226 267 227
265 236 274 236
265 238 266 242
265 256 268 257
265 262 269 263
265 279 269 280
265 281 274 281
265 336 266 340
265 342 266 345
265 363 269 364
265 367 269 368
265 369 269 370
265 373 269 374
265 378 269 379
265 384 274 384
266 4 275 4
266 12 270 13
266 14 275 14
266 36 270 37
266 51 270 52
266 60 270 61
266 62 275 62
271 68 275 69
266 71 270 72
266 101 270 102
266 104 270 105
266 106 270 107
266 113 267 117
266 122 275 122
266 142 270 143
266 150 267 154
266 164 270 165
266 166 275 166
266 171 270 172
266 181 267 185
266 209 270 210
266 211 270 212
266 215 270 216
266 217 270 218
266 219 275 219
266 221 275 221
266 230 270 231
266 235 275 235
266 243 267 247
266 250 270 251
266 252 274 252
266 266 267 270
266 274 270 275
266 276 275 276
266 288 275 288
266 295 270 296
266 298 275 298
266 301 270 302
266 303 275 303
266 307 270 308
266 333 270 334
266 335 275 335
266 348 267 352
266 357 275 357
266 358 270 359
266 385 267 389
267 6 271 7
267 17 271 18
267 19 276 19
267 21 276 21
267 25 271 26
267 31 276 31
267 44 271 45
267 46 271 47
267 63 271 64
267 89 271 90
267 133 268 137
267 144 268 148
267 161 271 162
267 163 276 163
267 173 276 173
267 177 276 177
267 186 271 187
267 193 268 197
267 199 268 203
267 220 276 220
267 222 276 222
267 225 276 225
267 238 268 242
267 284 271 285
267 299 271 300
267 309 268 313
267 323 276 323
267 329 271 330
267 331 271 332
267 336 268 340
267 342 271 343
267 344 276 344
267 353 271 354
267 362 276 362
267 382 276 382
267 390 276 390
267 395 271 396
268 0 272 1
268 2 272 3
268 9 272 10
268 15 277 15
268 23 272 24
268 27 277 27
268 32 272 33
268 34 277 34
268 40 272 41
268 42 277 42
268 54 277 54
268 57 272 58
268 67 277 67
268 73 272 74
268 76 277 76
268 82 272 83
268 93 272 94
268 95 272 96
268 113 272 114
268 115 272 116
268 117 277 117
268 126 269 130
268 141 277 141
268 150 269 154
268 155 272 156
268 158 277 158
268 179 269 183
268 184 272 185
268 191 277 191
268 205 275 205
268 207 277 207
268 224 277 224
268 226 277 226
268 227 277 227
266 228 270 229
268 237 277 237
268 243 269 247
268 265 272 266
268 267 277 267
268 268 270 270
268 272 272 273
268 277 272 278
268 282 272 283
268 286 272 287
268 290 272 291
268 345 269 349
268 350 272 351
268 352 277 352
268 360 272 361
268 376 272 377
268 385 269 389
268 392 272 393
268 394 277 394
269 38 273 39
269 50 278 50
269 80 278 80
269 97 273 98
269 99 273 100
269 109 278 109
269 111 273 112
269 118 273 119
269 120 273 121
269 133 270 137
269 138 273 139
269 144 270 148
269 159 273 160
269 168 273 169
269 193 270 197
269 199 278 199
269 200 273 201
269 202 272 203
269 208 278 208
269 223 278 223
269 238 270 242
269 248 273 249
269 253 278 253
269 254 270 258
269 259 273 260
269 261 278 261
269 294 278 294
269 304 278 304
269 305 273 306
269 309 270 313
269 314 273 315
269 317 270 321
269 325 273 326
269 327 273 328
269 336 270 340
269 365 273 366
269 380 273 381
269 391 278 391
269 397 273 398
270 16 279 16
269 22 278 22
270 28 274 29
270 30 279 30
270 48 279 48
270 56 279 56
270 66 279 66
266 68 270 69
270 77 274 78
270 81 279 81
270 86 274 87
270 91 274 92
270 123 270 132
270 150 271 154
270 167 279 167
270 174 279 174
270 175 279 175
270 179 272 181
270 182 274 183
270 188 274 189
270 243 271 247
270 262 274 263
270 264 279 264
270 271 279 271
270 279 274 280
270 293 279 293
270 322 279 322
270 345 271 349
270 363 274 364
270 367 274 368
270 369 274 370
270 373 274 374
270 375 279 375
270 378 274 379
270 385 271 389
271 12 275 13
271 36 275 37
271 51 280 51
271 52 275 53
271 60 280 60
271 61 280 61
271 65 280 65
271 71 275 72
271 101 275 102
271 104 275 105
271 106 275 107
271 123 271 132
271 133 272 137
271 142 272 146
271 147 275 148
271 164 275 165
271 172 275 172
271 193 272 196
271 209 275 210
271 211 275 212
271 215 275 216
271 217 275 218
271 228 272 231
271 238 272 242
271 250 275 251
271 254 272 258
271 268 275 269
271 270 280 270
271 274 275 275
271 295 275 296
271 297 280 297
271 301 273 302
271 307 272 311
271 312 275 313
271 317 272 321
271 333 275 334
271 336 272 340
270 341 279 341
271 358 275 359
268 383 276 383
272 6 276 7
272 8 281 8
272 17 276 18
271 20 280 20
272 25 276 26
272 35 281 35
272 44 276 45
272 46 276 47
272 49 281 49
272 63 276 64
272 79 281 79
272 89 276 90
272 123 272 132
272 150 276 151
272 152 276 153
272 154 281 154
272 161 276 162
271 170 275 171
272 178 281 178
272 186 276 187
272 190 279 190
271 197 275 198
272 213 281 213
272 232 276 233
272 243 273 247
272 284 276 285
272 289 281 289
272 299 276 300
272 324 281 324
272 329 276 330
272 331 276 332
272 342 275 343
272 345 273 349
272 353 276 354
272 355 281 355
272 372 281 372
272 385 273 389
272 395 276 396
273 0 277 1
273 2 277 3
273 9 277 10
273 11 280 11
273 23 277 24
273 32 277 33
273 40 277 41
273 55 282 55
273 57 277 58
273 59 282 59
276 69 282 69
273 73 277 74
273 82 277 83
273 84 282 84
273 93 282 93
273 94 277 95
273 96 282 96
273 103 282 103
273 110 281 110
273 113 277 114
273 115 277 116
273 123 273 132
273 133 277 134
273 135 277 136
273 137 282 137
273 142 274 146
273 149 282 149
273 155 282 155
273 156 277 157
273 179 282 179
273 180 282 180
273 184 277 185
273 192 274 196
273 202 275 204
273 228 274 231
273 234 282 234
273 238 274 242
273 254 274 258
273 265 277 266
273 272 277 273
273 277 277 278
273 282 277 283
273 286 277 287
273 290 277 291
273 292 282 292
273 307 274 311
273 316 274 320
273 321 282 321
273 336 274 340
273 350 277 351
273 360 276 361
273 376 277 377
273 392 277 393
274 38 278 39
274 43 283 43
274 70 283 70
274 75 280 75
274 97 278 98
274 99 278 100
274 111 278 112
274 118 278 119
274 120 278 121
274 123 274 132
274 138 278 139
274 140 283 140
274 159 278 160
274 168 278 169
274 176 283 176
274 200 276 201
274 243 275 247
274 248 278 249
274 259 278 260
274 305 283 305
274 306 283 306
274 314 278 315
274 325 278 326
274 327 278 328
274 345 275 349
274 356 283 356
274 365 278 366
274 371 283 371
274 380 278 381
274 385 275 389
274 397 278 398
275 5 284 5
275 28 279 29
275 77 279 78
275 85 279 86
275 87 279 88
275 91 279 92
275 108 284 108
275 123 275 132
275 142 276 146
275 181 279 182
275 183 281 183
275 188 279 189
275 192 279 193
275 194 284 194
275 195 284 195
275 196 280 196
275 206 284 206
275 214 281 214
275 228 284 228
275 229 284 229
275 230 279 231
275 236 284 236
275 238 276 242
275 254 276 258
275 262 279 263
275 279 279 280
275 281 284 281
275 307 276 311
275 316 284 316
275 317 279 318
275 319 284 319
275 320 284 320
275 336 276 340
275 363 279 364
275 367 279 368
275 369 279 370
275 373 279 374
275 378 279 379
275 384 284 384
276 4 285 4
276 12 280 13
276 14 285 14
276 36 280 37
276 52 280 53
276 62 285 62
276 68 285 68
276 71 280 72
276 101 280 102
276 104 280 105
276 106 280 107
276 122 280 123
276 124 285 124
276 125 277 129
276 130 280 131
276 132 285 132
276 147 280 148
276 164 280 165
276 166 285 166
276 170 280 171
276 172 285 172
276 198 285 198
276 203 284 203
276 204 280 205
276 209 280 210
276 212 281 212
276 215 277 219
276 221 285 221
276 235 285 235
276 243 277 247
276 250 280 251
275 252 284 252
276 268 280 269
276 274 280 275
276 276 285 276
276 288 285 288
276 295 280 296
276 298 285 298
274 301 278 302
276 303 285 303
276 312 280 313
276 333 280 334
276 335 285 335
276 345 277 349
276 357 280 358
276 359 285 359
276 385 277 389
277 6 281 7
277 17 281 18
277 19 286 19
277 21 286 21
277 25 281 26
277 31 286 31
277 44 281 45
277 46 281 47
277 63 281 64
277 89 281 90
277 142 278 146
277 150 278 153
277 161 281 162
277 163 286 163
277 173 286 173
277 177 286 177
277 186 281 187
277 200 279 202
277 220 286 220
277 222 285 222
277 225 286 225
277 232 281 233
277 238 278 242
277 254 278 258
277 284 286 284
277 285 286 285
277 299 281 300
277 307 278 311
277 323 282 323
277 329 281 330
277 331 280 332
277 336 278 340
276 342 280 343
277 344 286 344
277 353 281 354
277 360 279 362
282 382 286 382
277 390 286 390
277 395 281 396
278 0 282 1
278 2 282 3
278 9 282 10
278 15 287 15
278 23 282 24
278 27 287 27
278 32 287 32
278 33 282 34
278 40 282 41
278 42 287 42
278 54 287 54
278 57 282 58
278 67 287 67
278 73 287 73
278 74 287 74
278 76 287 76
278 82 282 83
278 94 282 95
278 113 279 117
278 125 279 129
278 133 282 134
278 135 282 136
278 141 287 141
278 156 282 157
278 158 287 158
278 184 282 185
278 191 287 191
278 207 285 207
278 215 279 219
278 224 287 224
278 226 287 226
278 227 287 227
278 237 287 237
278 243 279 246
278 265 282 266
278 267 287 267
278 272 282 273
278 277 282 278
278 282 287 282
278 286 282 287
278 290 282 291
278 345 279 349
278 350 287 350
278 351 282 352
278 376 282 377
277 382 281 383
278 385 279 389
278 392 282 393
278 394 287 394
279 22 288 22
279 38 283 39
279 50 286 50
279 80 288 80
279 97 283 98
279 99 283 100
279 109 287 109
279 111 283 112
279 118 283 119
279 120 283 121
279 138 283 139
279 142 280 146
279 150 283 151
279 152 283 153
279 159 283 160
279 168 283 169
279 199 288 199
279 208 285 208
279 223 285 223
279 238 280 242
279 248 283 249
279 253 280 257
279 258 283 259
279 260 283 261
279 283 288 283
279 294 288 294
279 301 283 302
279 304 288 304
279 307 280 311
279 314 283 315
279 325 283 326
279 327 283 328
279 336 280 340
279 365 283 366
279 380 283 381
279 391 288 391
279 397 281 398
280 16 289 16
280 28 284 29
280 30 288 30
280 48 289 48
280 56 289 56
280 66 289 66
280 77 284 78
280 81 289 81
280 85 284 86
280 87 284 88
280 91 284 92
280 113 281 117
280 125 281 129
280 167 289 167
280 174 284 175
280 181 284 182
280 188 289 188
280 189 284 190
280 192 284 193
280 200 284 201
280 202 289 202
280 215 281 219
280 230 284 231
280 243 281 246
280 262 284 263
280 264 288 264
280 271 289 271
280 279 284 280
280 293 288 293
280 317 284 318
280 322 289 322
280 341 289 341
280 345 281 349
280 360 281 364
280 367 284 368
280 369 284 370
280 373 284 374
280 375 289 375
280 378 284 379
280 385 281 389
286 12 290 13
281 11 282 13
281 20 290 20
281 36 285 37
281 51 285 52
281 53 290 53
281 60 285 61
281 65 290 65
281 71 285 72
281 101 285 102
281 104 285 105
281 106 285 107
281 122 285 123
281 130 285 131
281 142 282 146
281 147 290 147
281 148 290 148
281 164 285 165
281 170 285 171
281 196 285 197
281 204 284 205
281 209 285 210
276 211 285 211
281 238 282 242
281 250 285 251
281 253 282 257
281 268 285 269
281 270 290 270
281 274 290 274
281 295 284 296
281 297 290 297
281 307 282 311
281 312 285 313
281 331 283 333
281 334 290 334
281 336 282 340
281 342 285 343
281 357 285 358
282 6 286 7
282 8 291 8
282 17 286 18
282 25 286 26
282 35 291 35
282 44 286 45
282 46 286 47
282 49 291 49
282 63 286 64
282 79 291 79
282 89 286 90
282 113 283 117
282 125 283 129
282 154 291 154
282 161 286 162
282 178 291 178
282 186 286 187
282 212 284 214
282 215 283 219
282 232 286 233
282 243 286 244
282 245 286 246
278 247 287 247
282 289 291 289
282 299 286 300
282 329 286 330
282 345 283 349
282 353 286 354
282 355 291 355
282 360 283 364
282 372 291 372
282 383 291 383
282 385 283 389
282 395 286 396
283 0 287 1
283 2 287 3
286 9 287 10
283 23 287 24
283 33 287 34
283 40 287 41
283 55 292 55
283 57 287 58
283 59 292 59
283 69 292 69
283 82 287 83
283 84 292 84
283 93 287 94
283 95 287 96
283 103 288 103
282 110 291 110
283 134 284 137
283 142 284 146
283 155 287 156
283 157 292 157
283 179 285 180
283 184 287 185
283 234 292 234
283 238 284 242
283 253 284 257
283 265 287 266
283 272 287 273
283 275 292 275
283 277 287 278
283 286 287 287
283 290 287 291
283 292 288 292
283 307 284 311
283 321 292 321
283 323 287 324
283 336 284 340
283 351 292 351
283 352 292 352
283 376 287 377
283 392 287 393
286 11 293 11
283 9 284 13
284 38 288 39
284 43 293 43
284 70 293 70
281 75 290 75
284 97 288 98
284 99 288 100
284 111 284 120
284 121 293 121
284 125 285 129
284 138 288 139
284 140 293 140
284 149 285 153
284 159 287 160
284 168 293 168
284 169 293 169
284 176 293 176
284 215 285 219
284 248 288 249
284 258 288 259
284 260 288 261
284 301 288 302
284 305 288 306
284 314 288 315
284 325 288 326
284 327 288 328
284 331 287 332
284 345 285 349
284 356 289 356
284 360 285 364
284 365 293 365
284 366 293 366
284 371 293 371
284 380 288 381
284 385 285 389
282 397 286 398
285 5 294 5
285 9 285 13
285 28 289 29
285 77 289 78
285 85 289 86
285 87 289 88
285 91 289 92
285 108 291 108
285 111 285 120
285 134 286 137
285 142 286 146
285 174 294 174
285 175 294 175
285 182 294 182
282 183 291 183
285 189 289 190
285 192 289 193
285 194 289 195
285 200 289 201
285 206 294 206
285 212 289 213
285 214 294 214
285 228 289 229
285 230 289 231
285 236 294 236
285 238 286 242
285 252 286 256
285 257 294 257
285 262 288 263
285 279 289 280
285 281 294 281
285 307 286 311
285 316 286 320
285 336 286 340
285 367 289 368
285 369 289 370
285 373 289 374
285 378 289 379
285 384 294 384
286 4 295 4
286 14 295 14
286 36 290 37
286 51 290 52
286 60 290 61
286 62 295 62
286 68 295 68
286 71 290 72
286 101 295 101
286 104 290 105
286 106 290 107
286 111 286 120
286 122 286 131
286 132 292 132
286 149 287 153
286 164 290 165
286 166 295 166
286 170 290 171
286 172 295 172
286 179 288 181
286 196 290 197
286 198 295 198
288 203 290 204
285 203 287 205
288 208 290 209
286 207 287 211
286 215 287 219
286 221 295 221
286 235 295 235
286 250 290 251
286 268 290 269
286 276 295 276
286 288 295 288
291 295 295 295
285 295 288 296
286 298 295 298
286 303 295 303
286 312 288 313
286 335 295 335
286 342 290 343
286 345 287 349
286 357 287 361
286 362 290 363
286 364 295 364
286 385 287 389
287 6 291 7
287 17 296 17
287 18 291 19
287 21 296 21
287 25 291 26
287 31 296 31
287 44 291 45
287 46 296 46
287 47 296 47
287 63 291 64
287 89 291 90
287 102 296 102
287 111 287 120
287 122 287 131
287 134 288 137
287 142 288 146
287 161 291 162
287 163 296 163
287 173 296 173
287 177 296 177
287 186 291 187
287 220 296 220
286 222 295 222
287 225 296 225
287 232 291 233
287 238 288 242
287 243 291 244
287 245 291 246
287 252 288 256
287 284 291 285
287 299 291 300
287 307 288 311
287 316 288 320
287 329 291 330
287 336 288 340
287 344 296 344
287 353 291 354
287 382 296 382
287 390 296 390
287 395 291 396
287 397 291 398
288 0 292 1
288 2 297 2
288 3 295 3
288 9 292 10
288 15 297 15
288 23 292 24
288 27 297 27
288 32 292 33
288 34 297 34
288 40 292 41
288 42 297 42
288 54 297 54
288 57 292 58
288 67 297 67
288 73 292 74
288 76 297 76
288 82 292 83
288 93 292 94
288 95 292 96
288 111 288 120
288 122 288 131
288 141 297 141
288 149 289 153
288 155 292 156
288 158 290 160
288 184 292 185
288 191 297 191
288 205 297 205
288 207 297 207
288 210 297 210
288 211 297 211
288 215 289 219
288 224 297 224
288 226 292 227
288 237 297 237
288 247 297 247
288 265 292 266
288 267 295 267
288 272 292 273
288 277 292 278
288 282 294 282
288 286 292 287
288 290 290 291
288 323 292 324
288 331 290 333
288 345 289 348
288 349 292 350
288 357 289 361
288 376 292 377
288 385 289 389
288 392 292 393
288 394 297 394
289 22 298 22
289 38 293 39
287 50 296 50
289 80 298 80
289 97 293 98
289 99 293 100
288 109 297 109
289 111 293 112
289 113 290 117
289 118 293 119
289 120 298 120
289 122 289 131
289 134 289 139
289 142 290 146
289 179 293 180
289 199 298 199
286 223 295 223
289 238 290 242
289 248 293 249
289 252 290 256
289 258 293 259
289 260 290 264
289 283 298 283
291 294 298 294
289 301 293 302
289 304 293 305
289 306 293 307
289 308 293 309
289 310 290 314
289 315 290 319
289 320 298 320
289 325 293 326
289 327 293 328
289 336 290 340
289 380 293 381
289 391 298 391
291 13 299 13
290 16 299 16
290 28 294 29
289 30 298 30
290 48 299 48
290 56 299 56
290 66 299 66
290 77 294 78
290 81 299 81
290 85 294 86
290 87 294 88
290 91 294 92
290 122 290 131
290 134 291 137
290 138 293 139
290 149 291 153
290 167 299 167
290 181 299 181
290 188 294 189
290 192 294 193
290 194 294 195
290 200 294 201
290 202 299 202
290 212 294 213
290 215 299 215
290 216 294 217
290 218 294 219
290 228 294 229
290 230 294 231
290 271 299 271
290 279 294 280
291 292 294 293
289 292 290 296
290 322 299 322
290 341 299 341
290 345 294 346
290 347 294 348
290 357 291 361
290 367 294 368
290 369 294 370
290 373 294 374
290 375 299 375
290 378 294 379
290 385 291 389
291 12 300 12
291 20 300 20
291 36 295 37
291 51 295 52
291 53 300 53
291 60 295 61
291 65 300 65
291 71 295 72
291 75 300 75
291 104 295 105
291 106 294 107
291 113 292 117
291 122 291 131
291 142 292 146
291 147 295 148
291 158 300 158
291 159 295 160
291 164 295 165
291 170 295 171
291 196 295 197
291 203 295 204
291 208 295 209
291 238 292 242
291 250 292 254
291 255 295 256
291 260 292 264
291 268 295 269
291 270 300 270
291 274 300 274
291 296 295 297
291 310 291 319
291 331 295 332
291 333 295 334
291 336 292 337
291 342 295 343
291 362 295 363
292 6 296 7
292 8 301 8
292 18 296 19
292 25 301 25
292 26 301 26
292 35 301 35
292 44 296 45
292 63 296 64
292 79 301 79
292 89 296 90
292 110 301 110
292 122 292 131
283 133 292 133
292 134 296 135
292 136 296 137
292 149 293 153
292 154 301 154
292 161 296 162
292 178 301 178
292 183 301 183
292 186 296 187
292 190 301 190
292 232 296 233
292 243 296 244
292 245 296 246
292 284 296 285
292 289 301 289
292 299 296 300
292 310 292 319
292 329 296 330
292 353 296 354
292 355 301 355
292 357 293 361
292 372 301 372
292 383 301 383
292 385 293 389
292 395 296 396
292 398 301 398
293 0 297 1
293 9 302 9
293 10 302 10
293 23 297 24
293 32 297 33
293 40 297 41
293 49 302 49
293 55 302 55
293 57 297 58
293 59 302 59
293 69 302 69
293 73 297 74
293 82 297 83
293 84 302 84
293 93 297 94
293 95 297 96
289 103 297 103
293 113 294 117
293 122 293 131
293 132 297 133
293 142 297 143
293 144 297 145
293 146 302 146
293 155 297 156
293 157 297 157
293 184 297 185
293 226 297 227
293 234 301 234
293 238 294 242
293 250 294 254
293 260 294 264
293 265 297 266
293 272 297 273
293 275 302 275
293 277 297 278
293 286 297 287
291 290 295 291
293 310 293 319
293 321 302 321
293 323 297 324
293 336 297 337
291 338 293 340
293 349 297 350
293 351 296 352
293 376 297 377
293 392 297 393
294 11 303 11
294 38 298 39
294 43 303 43
294 70 303 70
294 97 298 98
294 99 298 100
294 111 298 112
294 118 298 119
294 121 294 130
294 131 303 131
297 140 303 140
294 149 295 153
294 168 298 169
294 176 303 176
294 179 298 180
294 248 298 249
294 258 298 259
294 301 298 302
294 304 294 313
294 314 295 318
294 319 303 319
294 325 298 326
294 327 296 328
294 338 303 338
294 339 298 340
294 357 295 360
294 361 303 361
294 365 298 366
294 371 303 371
294 380 298 381
294 385 295 389
295 5 304 5
295 28 299 29
295 77 299 78
295 85 299 86
295 87 299 88
295 91 299 92
295 106 297 107
295 113 296 117
295 121 295 130
294 138 296 140
295 174 299 175
295 182 301 182
295 188 299 189
295 192 299 193
295 194 299 195
295 200 299 201
295 206 304 206
295 212 299 213
295 214 304 214
295 216 299 217
295 218 299 219
295 228 299 229
295 230 299 231
295 236 304 236
295 238 304 238
295 239 299 240
295 241 299 242
295 250 296 254
295 257 304 257
295 260 296 264
295 279 299 280
295 281 299 282
295 292 304 292
295 293 304 293
295 304 296 308
295 309 304 309
295 310 304 310
295 312 299 313
295 345 299 346
295 347 299 348
295 367 299 368
295 369 304 369
295 370 304 370
295 373 299 374
295 378 299 379
295 384 304 384
296 3 300 4
296 14 305 14
296 36 300 37
296 51 300 52
296 60 300 61
296 62 305 62
296 68 305 68
296 71 300 72
296 101 305 101
296 104 305 104
296 105 305 105
296 121 296 130
296 147 297 151
296 152 300 153
296 159 300 160
296 164 300 165
296 166 305 166
296 170 300 171
296 172 305 172
296 196 300 197
296 198 305 198
296 203 300 204
296 208 300 209
296 221 300 222
296 223 305 223
296 235 305 235
296 255 300 256
296 267 300 268
296 269 305 269
296 276 305 276
296 288 305 288
296 290 300 291
296 295 300 296
296 297 300 298
296 303 305 303
296 314 300 315
296 316 300 317
296 318 305 318
296 331 297 335
296 342 300 343
290 356 299 356
296 357 299 358
296 359 300 360
296 362 300 363
296 364 305 364
296 385 297 389
297 6 301 7
297 17 306 17
297 18 306 18
297 19 306 19
297 21 305 21
297 31 306 31
297 44 301 45
297 46 301 47
297 63 301 64
297 89 301 90
297 113 298 117
297 121 297 130
297 134 298 138
297 139 306 139
297 161 301 162
297 163 306 163
297 173 306 173
297 177 306 177
297 186 301 187
297 220 306 220
297 225 306 225
297 232 301 233
297 243 301 244
297 245 301 246
297 250 298 254
297 260 298 264
297 284 301 285
297 299 301 300
297 304 298 308
297 311 306 311
297 329 301 330
297 344 306 344
297 353 301 354
297 382 306 382
297 390 306 390
297 395 301 396
297 397 306 397
298 0 302 1
298 2 307 2
298 15 307 15
298 23 302 24
298 27 307 27
298 32 302 33
298 34 307 34
298 40 302 41
298 42 307 42
298 50 307 50
298 54 307 54
298 57 302 58
298 67 307 67
298 73 302 74
298 76 307 76
298 82 302 83
298 93 302 94
298 95 302 96
298 102 302 103
298 106 302 107
292 108 301 108
298 109 307 109
298 121 298 130
298 132 302 133
298 141 299 145
298 147 299 151
298 155 302 156
298 184 302 185
298 191 307 191
298 205 307 205
298 207 307 207
298 210 302 211
298 224 307 224
298 226 307 226
298 237 307 237
298 247 307 247
298 265 302 266
298 272 302 273
298 277 302 278
298 286 302 287
298 323 302 324
298 331 299 335
298 336 302 337
298 349 302 350
297 351 301 352
298 376 302 377
298 385 299 389
298 392 302 393
298 394 307 394
299 22 308 22
299 30 308 30
299 38 303 39
299 80 308 80
299 97 303 98
299 99 303 100
299 111 299 120
299 121 299 130
299 135 308 135
299 136 303 137
299 138 308 138
299 168 303 169
299 179 303 180
299 199 308 199
299 248 300 252
299 253 303 254
299 258 300 262
299 263 303 264
299 283 308 283
299 294 308 294
299 301 303 302
299 304 300 308
299 320 308 320
299 325 308 325
299 326 308 326
297 327 301 328
299 339 303 340
299 365 303 366
299 380 303 381
299 391 308 391
300 13 308 13
300 16 309 16
300 28 304 29
300 48 309 48
300 56 309 56
300 66 309 66
300 77 304 78
300 81 309 81
300 85 304 86
300 87 304 88
300 91 304 92
300 111 300 120
300 121 304 122
300 123 304 124
300 125 301 129
300 130 309 130
300 141 301 145
300 147 301 151
300 167 309 167
300 174 303 175
300 181 309 181
300 188 304 189
300 192 304 193
300 194 304 195
300 200 304 201
300 202 309 202
300 212 304 213
300 215 301 218
300 227 301 231
300 239 304 240
300 241 304 242
300 271 309 271
302 279 304 280
302 281 309 281
300 279 301 282
300 312 304 313
300 322 309 322
300 331 301 335
300 341 309 341
300 345 309 345
300 346 304 347
300 348 309 348
300 356 302 358
300 367 304 368
300 373 304 374
300 375 309 375
300 378 304 379
300 385 301 389
301 3 305 4
301 12 310 12
301 20 310 20
301 36 305 37
301 51 305 52
301 53 307 53
301 60 305 61
301 65 309 65
301 71 305 72
301 75 310 75
301 111 301 120
301 152 305 153
301 158 305 159
301 160 310 160
301 164 305 165
301 170 305 171
301 196 305 197
301 203 305 204
301 208 305 209
301 221 305 222
301 248 302 252
301 255 305 256
301 258 302 262
301 267 305 268
301 270 308 270
301 274 310 274
301 290 305 291
301 295 305 296
301 297 305 298
301 304 302 308
301 314 305 315
301 316 305 317
301 342 305 343
301 359 303 360
301 362 305 363
302 6 306 7
302 8 311 8
302 25 306 26
302 35 311 35
302 44 304 46
302 47 311 47
302 63 306 64
302 79 311 79
302 89 306 90
302 108 311 108
302 110 302 119
302 120 311 120
302 125 303 129
302 141 303 145
302 147 303 151
302 154 311 154
302 161 306 162
302 178 311 178
302 182 306 183
302 186 306 187
302 190 309 190
302 215 306 216
302 217 306 218
300 219 309 219
302 227 303 231
302 232 304 234
302 243 306 244
302 245 306 246
302 282 311 282
302 284 306 285
302 289 311 289
302 299 306 300
302 327 303 331
302 332 306 333
302 334 306 335
302 351 303 355
302 372 311 372
302 383 311 383
302 385 303 389
302 395 311 395
302 398 311 398
303 0 307 1
303 9 307 10
303 23 307 24
303 32 307 33
303 40 307 41
303 49 312 49
303 55 312 55
303 57 307 58
303 59 312 59
303 69 312 69
303 73 307 74
303 82 307 83
303 84 312 84
303 93 307 94
303 95 307 96
303 102 307 103
303 106 307 107
303 110 303 119
303 132 307 133
303 134 312 134
303 146 312 146
303 155 307 156
298 157 307 157
303 184 307 185
303 210 307 211
303 248 304 252
303 258 304 262
303 265 307 266
303 272 312 272
303 273 312 273
303 275 312 275
303 277 307 278
303 286 307 287
303 304 304 308
303 321 312 321
303 323 307 324
303 336 307 337
303 349 307 350
303 356 312 356
303 376 307 377
303 392 307 393
304 11 313 11
304 38 308 39
304 43 311 43
304 70 313 70
304 97 308 98
304 99 313 99
304 100 313 100
304 110 304 119
304 125 305 129
304 131 313 131
304 136 308 137
304 140 305 144
304 145 312 145
304 147 305 151
304 168 308 169
304 174 306 176
304 179 308 180
304 227 305 231
304 253 308 254
304 263 308 264
304 301 313 301
304 302 313 302
304 319 313 319
304 327 305 331
304 338 308 339
304 340 313 340
304 351 305 355
304 357 305 361
304 365 308 366
304 371 313 371
304 380 308 381
304 385 305 389
305 5 314 5
305 28 309 29
305 44 309 45
305 46 314 46
305 77 309 78
305 85 309 86
305 87 314 87
305 88 314 88
305 91 309 92
305 110 305 119
305 121 309 122
305 123 309 124
305 188 309 189
305 192 309 193
305 194 309 195
305 200 309 201
305 206 314 206
305 212 309 213
305 214 314 214
305 232 309 233
305 234 314 234
305 236 314 236
305 238 306 242
305 248 306 252
305 257 306 261
305 262 314 262
305 279 309 280
305 292 309 293
305 304 306 308
305 309 309 310
305 312 309 313
305 346 309 347
305 367 309 368
305 369 309 370
305 373 309 374
305 378 309 379
305 384 314 384
306 3 310 4
306 14 315 14
306 36 310 37
306 51 310 52
306 60 310 61
306 62 315 62
306 68 315 68
306 71 310 72
306 101 315 101
306 104 310 105
306 110 306 119
306 125 307 129
306 140 307 144
306 147 307 151
306 152 310 153
306 158 310 159
306 164 310 165
306 166 315 166
306 170 310 171
306 172 315 172
306 196 310 197
306 198 315 198
306 203 310 204
306 208 310 209
306 221 310 222
306 223 315 223
306 227 307 231
306 235 315 235
306 255 310 256
306 267 310 268
306 269 315 269
306 276 315 276
306 288 315 288
306 290 310 291
306 295 310 296
306 297 310 298
306 303 315 303
306 314 307 318
306 327 307 331
306 342 310 343
306 351 307 355
306 358 315 358
306 359 307 363
306 364 315 364
306 385 307 389
307 6 311 7
307 17 311 18
307 19 316 19
306 21 315 21
307 25 311 26
307 31 316 31
307 63 311 64
307 89 311 90
307 110 307 119
307 139 316 139
307 161 311 162
307 163 314 163
307 173 311 174
307 175 311 176
307 177 316 177
307 182 316 182
307 183 316 183
307 186 311 187
307 215 316 215
307 216 311 217
307 218 316 218
307 220 316 220
307 225 316 225
307 238 308 242
307 243 311 244
307 245 311 246
307 248 308 252
307 257 308 261
307 284 311 285
307 299 311 300
307 304 308 308
307 311 316 311
307 332 309 334
307 335 316 335
307 344 316 344
307 382 316 382
307 390 316 390
307 396 311 397
308 0 312 1
308 2 317 2
308 9 312 10
308 15 317 15
308 23 312 24
308 27 317 27
308 32 312 33
308 34 317 34
308 40 317 40
308 41 312 42
308 50 317 50
308 53 312 54
308 57 312 58
308 67 317 67
308 73 312 74
308 76 317 76
308 82 312 83
308 93 312 94
308 95 312 96
308 102 312 103
308 106 312 107
308 109 309 113
308 114 309 118
308 119 317 119
308 125 309 129
308 132 312 133
308 140 309 144
308 147 309 151
308 155 312 156
308 157 317 157
308 184 312 185
308 191 317 191
308 205 317 205
308 207 317 207
308 210 312 211
308 224 317 224
308 226 309 230
308 231 317 231
308 237 317 237
308 247 317 247
308 265 312 266
308 277 312 278
308 286 312 287
308 314 309 318
308 323 312 324
308 327 309 331
308 336 312 337
308 349 309 353
308 354 312 355
308 359 309 363
308 376 312 377
308 385 309 389
308 392 312 393
308 394 317 394
309 22 318 22
309 30 316 30
309 38 313 39
309 80 318 80
309 97 313 98
309 135 313 135
309 136 313 137
309 138 318 138
309 168 313 169
309 179 313 180
309 199 318 199
309 238 310 242
309 248 310 252
309 253 313 254
309 257 313 258
309 259 313 260
309 261 318 261
309 263 318 263
309 264 318 264
309 283 318 283
309 294 318 294
309 304 310 308
309 320 318 320
309 325 313 326
309 338 313 339
309 365 313 366
309 380 318 380
309 381 318 381
309 391 318 391
309 13 318 13
310 16 319 16
310 28 314 29
310 44 314 45
310 48 319 48
310 56 319 56
310 65 314 66
310 77 314 78
310 81 319 81
310 85 314 86
310 91 314 92
310 109 310 118
310 121 310 130
310 140 311 144
310 147 311 151
310 167 318 167
310 181 319 181
310 188 314 188
310 192 314 193
310 194 314 195
310 200 314 201
310 202 319 202
310 212 314 213
310 219 319 219
310 226 310 230
310 232 314 233
310 271 319 271
310 279 314 280
310 281 319 281
310 292 314 293
310 309 314 310
310 312 311 316
310 317 314 318
310 322 319 322
310 327 311 330
310 331 314 332
310 334 316 334
310 341 319 341
310 345 311 349
310 350 319 350
310 351 314 352
310 353 319 353
310 359 311 363
310 367 314 368
310 369 314 370
310 373 312 375
310 378 314 379
310 385 311 389
311 3 315 4
311 12 320 12
311 20 316 20
311 36 315 37
311 51 315 52
311 60 315 61
311 71 315 72
311 75 317 75
311 104 315 105
311 109 312 113
311 114 312 118
311 121 311 130
311 152 315 153
311 158 315 159
311 160 320 160
311 164 315 165
311 170 315 171
311 196 315 197
311 203 315 204
311 208 315 209
311 221 315 222
311 238 312 242
311 248 312 252
311 255 315 256
311 267 315 268
309 270 318 270
311 274 320 274
311 290 315 291
314 295 315 296
311 295 313 297
311 298 320 298
311 304 312 308
311 333 320 333
311 342 315 343
311 357 320 357
312 6 316 7
312 8 321 8
312 17 316 18
312 25 316 26
312 35 321 35
312 47 321 47
312 63 316 64
312 79 321 79
312 89 316 90
312 108 321 108
312 120 312 129
312 130 321 130
312 140 313 144
312 147 313 151
312 154 321 154
312 161 316 162
312 173 316 174
312 175 316 176
312 178 321 178
312 186 316 187
310 189 314 190
312 216 316 217
313 226 321 226
311 226 312 230
312 243 316 244
312 245 316 246
312 282 320 282
312 284 316 285
312 289 321 289
312 299 316 300
312 312 313 316
312 327 316 328
312 329 316 330
312 345 313 349
312 359 313 363
312 372 321 372
312 383 321 383
312 385 313 389
312 395 321 395
312 396 316 397
312 398 321 398
313 0 317 1
313 9 317 10
313 23 317 24
313 32 317 33
313 42 322 42
313 49 322 49
313 53 317 54
313 55 319 55
313 57 317 58
313 59 320 59
313 69 322 69
313 73 317 74
313 82 317 83
313 84 322 84
313 93 317 94
313 95 317 96
313 102 317 103
313 106 322 106
313 107 322 107
313 109 314 113
313 114 314 118
313 120 313 129
313 132 317 133
313 134 317 134
313 145 317 146
313 155 317 156
313 184 317 185
313 210 317 211
313 227 314 230
313 238 314 242
313 248 314 252
313 265 317 266
313 272 317 273
313 275 322 275
313 277 317 278
313 286 317 287
313 304 314 308
313 321 318 321
313 323 317 324
313 336 317 337
313 354 322 354
313 355 317 356
313 373 314 377
313 392 317 393
314 11 323 11
314 38 318 39
312 43 321 43
314 70 323 70
314 97 317 98
314 99 318 100
314 120 314 129
314 131 323 131
314 135 318 136
314 137 323 137
314 140 315 144
314 147 315 151
314 168 318 169
314 179 318 180
314 253 318 254
314 257 318 258
314 259 318 260
314 297 323 297
314 301 318 302
314 312 315 316
314 319 323 319
314 325 318 326
314 338 318 339
314 340 323 340
314 345 315 349
314 359 315 363
314 365 318 366
314 371 323 371
314 385 318 386
314 387 318 388
314 389 323 389
315 5 324 5
315 28 324 28
315 44 319 45
315 46 324 46
315 65 319 66
315 77 319 78
315 85 319 86
315 87 319 88
315 91 319 92
315 109 315 118
315 120 315 129
315 188 319 188
315 189 319 190
315 192 319 193
315 194 319 195
315 200 319 201
315 206 324 206
315 212 324 212
315 213 324 213
315 214 324 214
315 227 319 228
315 229 319 230
315 232 319 233
315 234 324 234
315 236 324 236
315 238 316 242
315 248 316 252
315 262 324 262
315 279 317 280
315 292 319 293
315 304 316 308
315 309 318 310
315 317 319 318
315 331 319 332
315 351 319 352
315 367 319 368
315 369 319 370
315 373 316 377
315 378 319 379
315 384 324 384
316 3 320 4
316 14 325 14
316 21 325 21
316 36 320 37
316 41 325 41
316 51 317 52
316 60 320 61
316 62 325 62
316 68 325 68
316 71 320 72
316 101 325 101
316 104 320 105
316 109 316 118
316 120 316 129
316 140 317 144
316 147 317 151
316 152 320 153
316 158 320 159
316 164 320 165
316 166 323 166
316 170 320 171
316 172 325 172
316 196 320 197
316 198 325 198
316 203 319 204
316 208 320 209
316 221 320 222
316 223 325 223
316 235 325 235
316 255 320 256
316 267 320 268
316 269 325 269
316 276 325 276
316 288 325 288
316 290 320 291
316 295 319 296
316 303 325 303
316 312 325 312
316 313 320 314
316 315 320 316
316 342 320 343
316 345 320 346
316 347 320 348
316 349 325 349
316 358 320 359
316 360 322 360
316 362 320 363
316 364 325 364
317 6 321 7
317 17 321 18
317 19 326 19
317 25 321 26
317 29 321 30
317 31 326 31
317 63 321 64
317 89 321 90
317 109 317 118
317 120 317 129
317 139 326 139
317 161 321 162
315 163 324 163
317 173 318 177
317 182 321 183
317 186 321 187
317 215 321 216
317 217 321 218
317 220 326 220
317 225 326 225
317 238 318 242
317 243 320 244
317 245 320 246
317 248 318 252
317 284 321 285
317 299 321 300
317 304 318 308
317 311 326 311
317 327 321 328
317 329 321 330
317 334 321 335
317 344 326 344
317 361 326 361
317 373 321 374
317 375 321 376
317 382 326 382
317 390 326 390
317 396 321 397
318 0 322 1
318 2 327 2
318 9 322 10
318 15 327 15
318 23 322 24
318 27 326 27
318 32 322 33
318 34 327 34
318 40 327 40
318 50 325 50
318 51 320 53
318 54 324 54
318 57 322 58
318 67 327 67
318 73 322 74
318 75 322 76
318 82 322 83
318 93 327 93
318 94 319 98
318 102 322 103
318 109 318 118
318 119 318 128
318 129 327 129
318 132 327 132
318 133 322 134
318 140 318 149
318 150 322 151
318 155 322 156
318 157 327 157
318 184 322 185
318 191 327 191
318 205 327 205
318 207 327 207
318 210 322 211
318 224 327 224
318 231 327 231
318 237 326 237
318 247 327 247
318 265 322 266
318 272 322 273
318 277 327 277
318 278 319 280
318 286 327 286
318 287 327 287
318 323 322 324
318 336 322 337
318 355 322 356
318 377 327 377
318 392 322 393
318 394 327 394
319 13 325 13
319 22 328 22
319 38 323 39
319 80 328 80
319 99 323 100
319 109 319 118
319 119 319 128
319 135 323 136
319 138 328 138
319 140 319 149
319 167 323 168
319 169 328 169
319 173 320 177
319 179 323 180
319 199 328 199
319 238 320 242
319 248 320 252
319 253 323 254
319 257 320 261
319 263 323 264
319 270 328 270
319 283 328 283
319 294 328 294
319 301 323 302
319 304 323 305
319 306 328 306
319 307 328 307
319 308 321 310
319 320 323 321
319 325 323 326
319 338 323 339
319 365 323 366
319 380 323 381
319 385 323 386
319 387 323 388
319 391 328 391
320 16 327 16
320 44 324 45
320 48 329 48
324 56 329 56
320 65 324 66
320 77 324 78
320 81 329 81
320 85 324 86
320 87 324 88
320 91 324 92
320 94 321 98
320 109 320 118
320 119 320 128
320 140 320 149
320 181 329 181
320 188 324 189
320 190 329 190
320 192 324 193
320 194 324 195
320 200 321 204
320 219 329 219
320 227 324 228
320 229 324 230
320 232 324 233
320 271 329 271
323 281 329 281
320 292 324 293
320 317 324 318
320 322 329 322
320 331 324 332
320 341 329 341
320 350 329 350
320 351 324 352
320 353 329 353
320 367 324 368
320 369 324 370
320 378 327 378
320 379 329 379
321 3 325 4
321 12 330 12
317 20 326 20
321 36 325 37
321 51 325 52
321 53 330 53
321 60 330 60
321 61 330 61
321 71 325 72
321 104 325 105
321 109 321 118
321 119 321 128
321 140 321 149
321 152 325 153
321 158 325 159
321 160 330 160
321 164 323 165
321 170 325 171
321 173 322 177
321 196 325 197
321 208 330 208
321 209 330 209
321 221 325 222
321 238 322 241
321 248 322 252
321 255 322 259
321 260 325 261
321 267 325 268
321 274 330 274
320 278 320 281
321 290 330 290
321 291 330 291
320 295 324 296
321 298 330 298
321 313 325 314
321 315 325 316
321 333 330 333
321 342 325 343
321 345 325 346
321 347 325 348
321 357 325 358
321 359 330 359
321 362 325 363
322 6 331 6
322 7 326 8
322 17 331 17
322 18 331 18
322 25 326 26
322 29 326 30
322 35 331 35
322 43 331 43
322 47 331 47
322 63 326 64
322 79 331 79
322 89 326 90
322 94 324 96
322 97 331 97
322 98 331 98
322 108 322 117
322 118 322 127
322 128 331 128
322 130 331 130
322 140 322 149
322 154 331 154
322 161 326 162
322 178 331 178
322 182 326 183
322 186 326 187
322 200 323 204
322 215 326 216
322 217 326 218
322 226 331 226
321 242 322 246
321 278 322 282
322 284 326 285
322 289 331 289
322 299 326 300
322 308 326 309
322 310 331 310
322 327 326 328
322 329 326 330
322 334 331 334
322 335 331 335
322 372 323 376
322 383 331 383
322 395 326 396
322 397 326 398
323 0 327 1
323 9 326 10
323 23 327 24
323 32 327 33
323 42 332 42
323 49 332 49
320 55 323 56
323 57 327 58
321 59 330 59
323 69 332 69
323 73 332 73
323 74 327 75
323 76 332 76
323 82 327 83
323 84 329 84
323 102 327 103
323 106 323 115
323 116 323 125
323 126 327 127
323 133 327 134
323 140 323 149
323 150 327 151
323 155 327 156
323 173 324 177
323 184 327 185
323 210 327 211
323 238 324 242
323 243 327 244
323 245 327 246
323 248 324 252
323 255 324 259
323 265 327 266
323 272 327 273
323 275 332 275
323 278 327 279
323 280 332 280
323 282 332 282
323 323 332 323
323 324 332 324
323 336 327 337
323 354 327 355
323 356 332 356
323 392 327 393
324 11 333 11
324 38 328 39
324 70 333 70
324 99 328 100
324 106 324 115
324 116 324 125
324 131 333 131
324 135 328 136
324 137 333 137
324 140 324 149
329 167 333 167
324 164 325 168
324 179 328 180
324 200 333 200
324 201 328 202
324 203 328 204
324 253 326 254
324 263 328 264
324 297 330 297
324 301 328 302
324 304 333 304
324 305 333 305
324 319 328 320
324 321 333 321
324 325 328 326
324 338 328 339
324 340 333 340
324 365 333 365
324 371 325 375
324 376 333 376
324 380 328 381
324 385 325 389
325 5 334 5
325 28 334 28
325 44 329 45
325 46 334 46
325 54 329 55
325 65 329 66
325 77 329 78
325 85 329 86
325 87 329 88
325 91 329 92
325 94 334 94
325 95 334 95
325 106 325 115
325 116 325 125
325 140 325 149
325 163 334 163
325 173 326 177
325 188 329 189
325 192 329 193
325 194 329 195
325 206 333 206
325 212 329 213
325 214 334 214
325 227 329 228
325 229 329 230
325 232 329 233
325 234 334 234
325 236 334 236
325 238 326 242
325 248 326 252
325 255 334 255
325 256 334 256
325 257 329 258
325 259 334 259
325 262 334 262
325 292 329 293
325 295 329 296
325 317 329 318
325 331 329 332
325 351 329 352
325 366 329 367
325 368 334 368
325 369 334 369
325 370 334 370
325 384 334 384
326 3 330 4
326 13 330 14
326 21 335 21
326 36 330 37
326 41 335 41
326 50 330 51
326 52 335 52
326 62 335 62
326 68 335 68
326 71 330 72
326 96 335 96
326 101 335 101
326 104 326 113
326 114 326 123
326 124 335 124
326 125 335 125
326 140 326 149
326 152 330 153
326 158 330 159
326 164 330 165
329 166 335 166
326 166 328 168
326 170 330 171
326 172 335 172
326 196 330 197
326 198 335 198
326 221 330 222
326 223 335 223
326 235 335 235
326 260 330 261
326 267 330 268
326 269 335 269
326 276 335 276
326 288 335 288
326 303 335 303
326 312 327 316
326 342 330 343
326 345 327 349
326 357 330 358
323 360 332 360
326 362 330 363
326 364 335 364
326 371 327 375
326 385 327 388
327 7 328 10
327 19 331 20
329 25 330 27
327 29 331 30
327 31 336 31
327 63 331 64
327 89 336 89
327 90 336 90
327 104 327 113
327 114 327 123
327 139 327 148
327 149 335 149
327 161 331 162
327 173 328 177
327 182 331 183
327 186 331 187
327 215 331 216
327 217 331 218
327 220 336 220
327 225 336 225
327 238 328 242
327 248 331 249
327 250 331 251
327 252 336 252
327 284 331 285
327 299 331 300
327 308 336 308
327 309 336 309
327 311 336 311
327 327 331 328
327 329 331 330
327 344 331 344
327 361 332 361
327 382 336 382
327 390 336 390
327 395 331 396
327 397 331 398
328 0 332 1
328 2 337 2
328 15 332 16
328 23 332 24
327 25 328 27
328 32 332 33
328 34 337 34
328 40 337 40
328 57 332 58
328 67 337 67
328 74 337 74
328 75 337 75
328 82 332 83
328 93 337 93
328 102 328 111
328 112 328 121
328 122 332 123
328 126 332 127
328 129 337 129
328 132 332 133
328 134 337 134
328 139 328 148
328 150 332 151
328 155 332 156
328 157 337 157
328 184 332 185
328 191 337 191
328 205 337 205
328 207 337 207
328 210 332 211
328 224 337 224
328 231 337 231
327 237 336 237
328 243 329 247
328 265 332 266
328 272 332 273
328 277 332 278
328 279 337 279
328 286 332 287
328 312 329 316
328 336 332 337
328 345 329 349
328 354 332 355
328 371 329 375
328 377 332 378
328 385 329 388
328 392 332 393
328 394 337 394
329 7 338 7
329 8 333 9
329 10 338 10
329 22 338 22
329 38 333 39
329 80 338 80
329 99 333 100
329 102 330 106
329 107 329 116
329 117 330 121
329 135 333 136
329 138 329 146
329 147 333 148
329 168 333 169
329 173 330 177
329 179 333 180
329 199 337 199
329 201 333 202
329 203 333 204
329 238 330 242
327 253 331 254
329 263 333 264
329 270 338 270
329 283 338 283
329 294 338 294
329 301 333 302
329 306 333 307
329 319 338 319
329 320 338 320
329 325 333 326
329 338 333 339
329 380 333 381
329 391 338 391
330 44 334 45
330 48 339 48
330 54 339 54
330 55 334 56
330 65 334 66
330 77 334 78
330 81 339 81
330 85 339 85
330 86 334 87
330 88 339 88
330 91 334 92
330 107 334 108
330 109 331 113
330 114 334 115
330 116 339 116
330 138 331 142
330 143 334 144
330 145 334 146
330 181 339 181
330 188 334 189
330 190 339 190
330 192 334 193
330 194 334 195
330 212 334 213
330 219 336 219
330 227 334 228
330 229 334 230
330 232 334 233
330 243 331 247
330 257 334 258
330 271 339 271
330 281 339 281
330 292 334 293
330 295 339 295
330 312 331 316
330 317 334 318
330 322 339 322
330 331 334 332
330 341 339 341
330 345 331 349
330 350 334 351
330 352 339 352
330 353 339 353
330 366 334 367
330 371 334 372
330 373 334 374
330 375 339 375
330 379 339 379
330 385 331 388
331 3 335 4
331 12 340 12
331 13 335 14
331 25 333 27
331 36 335 37
331 50 340 50
331 51 340 51
331 53 340 53
331 59 335 60
331 61 340 61
331 71 335 72
331 102 332 106
331 117 332 121
331 152 335 153
331 158 335 159
331 160 340 160
331 164 335 165
331 170 335 171
331 173 332 177
331 196 335 197
331 208 335 209
331 221 335 222
331 238 332 242
331 260 334 261
331 267 335 268
331 274 340 274
331 290 334 291
331 296 333 298
331 333 339 333
331 342 340 342
331 357 335 358
331 359 340 359
331 362 335 363
332 6 341 6
332 17 336 18
332 19 336 20
332 29 336 30
332 35 341 35
332 43 341 43
332 47 341 47
332 63 336 64
332 79 341 79
332 97 336 98
332 109 333 113
332 128 341 128
332 130 341 130
332 138 333 142
332 154 341 154
332 161 335 162
332 178 341 178
332 182 336 183
332 186 336 187
332 215 336 216
332 217 336 218
332 226 341 226
332 243 333 247
332 248 336 249
332 250 336 251
332 253 341 253
332 254 341 254
332 284 336 285
332 289 341 289
332 299 341 299
332 300 341 300
332 310 339 310
332 312 333 316
332 327 336 328
332 329 336 330
332 334 336 335
332 343 336 344
332 345 333 349
332 383 341 383
332 385 336 386
332 387 336 388
326 389 335 389
332 395 336 396
332 397 341 397
332 398 341 398
333 0 337 1
333 15 342 15
333 16 342 16
333 23 337 24
333 32 337 33
333 42 342 42
333 49 342 49
333 57 337 58
333 69 342 69
333 73 342 73
333 76 338 76
333 82 337 83
330 84 339 84
333 102 334 106
333 117 334 121
333 122 337 123
333 126 337 127
333 132 337 133
333 150 337 151
333 155 337 156
333 173 337 174
333 176 342 176
333 177 342 177
333 184 337 185
333 210 337 211
333 238 334 242
333 265 337 266
333 272 337 273
333 275 342 275
333 277 337 278
333 280 342 280
333 282 342 282
333 286 342 286
333 287 342 287
333 323 337 324
333 336 342 336
333 337 342 337
333 354 337 355
333 356 342 356
333 360 337 361
333 377 337 378
333 392 337 393
334 8 338 9
334 11 343 11
334 25 338 26
334 27 343 27
334 38 338 39
334 70 342 70
334 99 338 100
334 109 335 113
334 131 343 131
334 135 335 139
334 140 338 141
334 142 343 142
334 147 343 147
334 167 338 168
334 169 343 169
334 175 343 175
334 179 338 180
334 200 335 204
334 243 335 247
334 263 338 264
334 296 338 297
334 298 343 298
334 301 338 302
334 304 338 305
334 306 338 307
334 312 335 316
334 321 343 321
334 325 338 326
334 338 343 338
334 339 343 339
334 340 343 340
334 345 335 349
334 365 343 365
334 376 343 376
334 380 338 381
335 5 344 5
335 28 344 28
335 44 339 45
335 46 344 46
335 55 339 56
335 65 339 66
335 78 344 78
335 86 339 87
335 91 339 92
335 94 339 95
335 102 336 106
335 107 339 108
335 114 339 115
335 117 336 121
335 143 339 144
335 145 339 146
335 163 344 163
335 188 339 189
335 192 339 193
335 194 339 195
334 206 343 206
335 212 339 213
335 214 344 214
335 227 339 228
335 229 339 230
335 232 339 233
335 234 344 234
335 236 344 236
335 238 336 242
335 255 336 258
335 259 336 262
335 290 337 292
335 293 341 293
335 317 339 318
335 331 339 332
335 350 344 350
335 351 344 351
335 366 336 370
335 371 339 372
335 373 339 374
335 384 344 384
336 3 340 4
336 13 340 14
336 21 345 21
336 36 340 37
336 41 345 41
336 52 345 52
336 59 340 60
336 62 345 62
336 68 345 68
336 71 340 72
336 96 345 96
336 101 345 101
336 109 337 113
336 124 340 125
336 135 337 139
336 148 340 149
336 152 340 153
336 158 340 159
336 164 340 165
336 166 345 166
336 170 340 171
336 172 345 172
336 196 340 197
336 198 345 198
336 200 337 204
336 208 340 209
336 221 338 222
336 223 345 223
336 235 345 235
336 243 337 247
336 267 340 268
336 269 345 269
336 276 345 276
336 288 345 288
336 303 345 303
336 312 337 316
336 345 337 349
336 357 345 357
336 358 345 358
336 362 340 362
336 363 340 364
336 389 345 389
337 17 341 18
337 19 341 20
337 29 341 30
337 31 346 31
337 63 341 64
337 89 341 90
337 97 346 97
337 98 346 98
337 102 338 106
337 117 338 121
341 161 346 161
336 161 340 162
337 182 341 183
337 186 346 186
337 187 346 187
337 215 341 216
337 217 341 218
337 219 341 220
337 225 346 225
337 237 338 241
337 242 346 242
337 248 338 252
337 255 338 259
337 260 341 261
337 284 341 285
337 308 341 309
337 311 346 311
337 327 341 328
337 329 341 330
337 334 341 335
337 343 341 344
337 366 338 370
337 382 346 382
337 385 341 386
337 387 341 388
337 390 346 390
337 395 341 396
338 0 341 1
338 2 347 2
338 23 342 24
338 32 342 33
338 34 347 34
338 40 347 40
338 57 342 58
338 67 347 67
338 74 342 75
338 82 342 83
338 93 347 93
338 109 339 113
338 122 340 123
338 126 342 127
338 129 347 129
338 132 339 134
338 137 342 138
338 139 347 139
338 150 340 151
338 155 342 156
338 157 347 157
338 173 342 174
338 184 342 185
338 191 347 191
338 201 339 204
338 205 347 205
338 207 347 207
338 210 342 211
338 224 347 224
338 231 347 231
338 243 339 247
338 265 342 266
338 272 342 273
338 277 342 278
338 279 347 279
341 290 342 291
338 290 340 292
338 312 339 316
338 323 342 324
338 345 339 349
338 354 342 355
338 360 347 360
338 361 347 361
338 377 347 377
338 378 347 378
338 392 347 392
338 393 342 394
339 7 341 9
339 10 348 10
339 22 348 22
339 25 343 26
339 38 343 39
339 76 343 77
339 80 348 80
339 99 343 100
339 102 340 106
339 117 340 121
339 140 343 141
339 167 343 168
339 179 343 180
338 199 342 200
339 237 340 241
339 248 340 252
339 255 340 259
339 262 343 263
339 264 348 264
339 270 348 270
339 283 348 283
339 294 348 294
339 296 343 297
339 301 348 301
339 302 348 302
339 304 343 304
339 305 343 306
339 307 348 307
339 319 343 320
339 325 343 326
339 366 340 370
339 380 343 381
339 391 348 391
340 44 344 45
340 48 349 48
340 54 342 55
340 56 349 56
340 65 344 66
340 81 349 81
340 84 341 88
340 91 344 92
340 94 344 95
340 107 340 116
340 132 343 133
340 134 349 134
338 135 342 136
340 143 344 144
340 145 344 146
340 181 349 181
340 188 344 189
340 190 349 190
340 192 344 193
340 194 344 195
340 201 344 202
340 203 344 204
340 212 344 213
340 227 344 228
340 229 344 230
340 232 344 233
340 243 341 247
340 271 348 271
340 281 349 281
340 295 349 295
340 312 341 316
340 317 344 318
340 322 349 322
340 331 342 333
340 341 349 341
340 345 341 349
340 352 344 353
340 371 341 375
340 379 349 379
341 3 345 4
341 12 345 13
341 14 347 14
341 36 345 37
341 50 345 51
341 53 350 53
341 59 345 60
341 61 350 61
341 71 345 72
341 102 341 111
341 112 341 121
341 124 345 125
341 149 343 151
341 152 345 153
341 158 345 159
341 160 350 160
341 162 350 162
341 164 345 165
341 170 345 171
341 196 345 197
341 208 345 209
339 221 343 222
341 237 342 241
341 248 345 249
341 250 350 250
341 251 350 251
341 252 350 252
341 255 342 259
341 267 345 268
341 274 350 274
341 342 349 342
341 359 350 359
341 362 345 363
341 364 350 364
341 366 342 370
342 6 346 7
342 8 346 9
342 17 346 18
342 19 346 20
342 29 346 30
342 35 351 35
342 43 351 43
342 47 351 47
342 63 346 64
342 79 351 79
342 84 343 88
342 89 346 90
342 102 342 111
342 112 342 121
342 128 351 128
342 130 350 130
342 154 347 154
342 178 351 178
342 182 346 183
342 215 343 219
342 220 351 220
342 226 351 226
342 243 343 247
342 253 346 254
342 260 346 261
342 284 346 285
342 289 350 289
342 292 346 293
342 299 346 300
342 308 346 309
340 310 349 310
342 312 343 316
342 327 346 328
342 329 346 330
342 334 346 335
342 343 343 347
342 348 343 349
342 371 343 375
342 383 351 383
342 385 346 386
342 387 346 388
342 395 346 396
342 397 346 398
347 0 352 0
342 0 346 1
343 15 347 16
343 23 347 24
343 32 347 33
343 42 350 42
343 49 352 49
343 57 347 58
343 69 347 70
343 73 347 74
343 75 352 75
343 82 347 83
343 102 343 111
343 112 343 121
341 122 345 123
343 126 352 126
343 127 351 127
343 135 352 135
343 136 347 137
343 138 352 138
343 155 347 156
343 173 347 174
343 176 346 177
343 184 347 185
343 199 352 199
343 200 352 200
343 210 347 211
343 237 344 241
343 255 344 259
343 265 347 266
343 272 347 273
343 275 352 275
343 277 347 278
343 280 352 280
343 282 350 282
343 286 347 287
343 290 347 291
343 323 347 324
343 333 351 333
343 336 347 337
343 354 347 355
343 356 352 356
343 366 344 370
343 393 347 394
344 11 353 11
344 25 348 26
344 27 353 27
344 38 348 39
344 76 348 77
344 84 345 88
344 99 348 100
344 102 344 111
344 112 344 121
344 131 346 133
344 140 348 141
344 142 353 142
344 147 345 151
344 167 353 167
344 168 348 169
344 175 353 175
344 179 348 180
344 206 351 206
344 215 345 219
344 221 353 221
344 222 353 222
344 243 345 247
344 262 348 263
344 296 348 297
344 298 353 298
344 304 348 305
344 306 353 306
344 312 348 313
344 314 348 315
344 316 348 316
344 319 348 320
344 321 353 321
344 325 348 326
344 338 348 339
344 340 353 340
344 343 345 347
344 365 353 365
344 371 345 375
344 376 353 376
344 380 348 381
345 5 354 5
345 28 354 28
345 44 349 45
345 46 354 46
343 54 347 55
345 65 349 66
345 78 354 78
345 91 349 92
345 94 349 95
345 102 345 111
345 112 345 121
345 143 349 144
345 145 349 146
345 163 354 163
345 188 349 189
345 192 349 193
345 194 349 195
345 201 349 202
345 203 349 204
345 212 349 213
345 214 354 214
345 227 354 227
345 228 347 230
345 232 349 233
345 234 354 234
345 236 346 240
345 241 354 241
345 255 346 259
345 317 349 318
345 350 349 351
345 352 349 353
345 366 346 370
345 384 354 384
346 3 350 4
346 12 350 13
346 21 355 21
346 36 355 36
346 37 355 37
346 41 355 41
346 50 350 51
346 52 355 52
346 59 350 60
346 62 355 62
346 68 355 68
346 71 350 72
346 84 347 88
346 96 355 96
346 101 346 110
346 111 346 120
346 121 347 125
346 147 350 148
346 149 350 150
346 152 355 152
346 158 350 159
346 164 350 165
346 166 355 166
346 170 350 171
346 172 355 172
346 196 350 197
346 198 355 198
346 208 350 209
346 215 347 219
346 223 355 223
346 235 355 235
346 243 347 247
346 248 350 249
346 267 350 268
346 269 355 269
346 276 355 276
346 288 355 288
346 303 351 303
346 331 355 331
346 343 348 345
346 346 350 347
346 357 350 358
346 362 350 363
346 371 347 375
346 389 355 389
347 1 356 1
347 6 351 7
347 8 351 9
347 17 351 18
347 19 351 20
347 29 351 30
347 31 356 31
347 63 351 64
347 89 351 90
347 97 351 98
347 101 347 110
347 111 347 120
347 131 350 132
347 133 356 133
347 161 356 161
347 182 351 183
347 186 356 186
347 187 356 187
347 225 356 225
347 236 348 240
347 242 356 242
347 253 348 257
347 258 351 259
347 260 351 261
347 284 351 285
347 292 351 293
347 299 351 300
347 308 351 309
347 311 356 311
347 327 351 328
347 329 351 330
347 332 356 332
347 334 351 335
349 348 356 348
344 348 348 349
347 366 348 370
347 382 356 382
347 385 351 386
347 387 351 388
347 390 356 390
347 395 351 396
347 397 351 398
348 2 354 2
348 14 352 15
348 16 357 16
348 23 357 23
348 24 357 24
348 32 352 33
348 34 357 34
348 40 357 40
348 54 352 55
348 57 350 58
348 67 357 67
348 69 357 69
348 70 357 70
348 73 352 74
348 82 349 85
348 86 350 88
348 93 357 93
348 101 348 110
348 111 348 120
348 121 349 125
348 136 352 137
348 139 357 139
348 153 352 154
348 155 352 156
348 157 357 157
348 173 352 174
347 176 351 177
348 184 352 185
348 191 357 191
348 205 357 205
348 207 357 207
348 210 352 211
348 215 349 219
348 224 357 224
348 228 349 231
348 243 349 247
348 265 352 266
348 272 352 273
348 277 352 278
348 279 357 279
348 286 356 286
348 287 357 287
348 290 352 291
348 323 352 324
348 336 352 337
348 354 352 355
348 360 352 361
348 371 349 375
348 377 352 378
348 392 352 393
348 394 354 394
349 10 358 10
349 22 358 22
349 26 358 26
349 38 353 39
349 76 353 77
349 80 358 80
349 99 349 108
349 109 349 118
349 119 353 120
349 129 358 129
349 140 353 141
349 151 358 151
349 168 353 169
349 179 353 180
349 236 350 240
349 253 350 257
349 262 353 263
349 264 358 264
349 270 358 270
349 283 358 283
349 294 358 294
349 296 353 297
349 301 351 302
349 304 358 304
349 307 358 307
349 312 358 312
349 313 353 314
349 315 353 316
349 319 353 320
349 325 353 326
349 338 353 339
349 343 358 343
349 344 353 345
349 349 358 349
349 366 350 370
349 380 353 381
349 391 358 391
350 25 359 25
350 44 354 45
350 48 359 48
350 56 359 56
350 65 354 66
350 81 351 85
350 91 354 92
350 94 359 94
350 95 359 95
350 99 350 108
350 109 350 118
350 121 351 125
350 134 359 134
350 143 354 144
350 145 354 146
350 181 359 181
350 188 354 189
350 190 359 190
350 192 354 193
350 194 354 195
350 201 351 202
350 203 359 203
350 204 359 204
350 212 354 213
350 215 351 219
350 228 350 233
350 243 351 247
349 271 358 271
350 281 359 281
350 295 359 295
350 310 359 310
350 317 354 318
350 322 359 322
350 341 359 341
350 350 354 351
350 352 354 353
350 371 351 375
350 379 359 379
351 3 355 4
351 12 355 13
351 50 360 50
351 51 360 51
351 53 357 53
353 59 360 59
351 57 352 61
351 71 355 72
351 86 355 87
351 88 360 88
351 99 351 108
351 109 351 118
351 147 355 148
351 149 355 150
351 158 355 159
351 160 360 160
351 162 360 162
351 164 355 165
351 170 355 171
351 196 355 197
351 208 355 209
351 229 352 233
351 236 355 237
351 238 355 239
351 240 360 240
351 248 351 257
351 267 355 268
351 274 357 274
350 342 359 342
351 346 355 347
351 357 355 358
351 359 360 359
351 362 355 363
351 364 360 364
351 366 352 370
352 6 356 7
352 8 356 9
352 17 356 18
352 19 356 20
352 29 356 30
352 35 361 35
352 43 361 43
352 47 361 47
352 63 356 64
352 79 361 79
352 81 353 84
352 89 356 90
352 97 352 106
352 107 352 116
352 117 356 118
352 121 353 125
357 127 361 128
354 130 361 130
351 130 353 132
352 176 356 177
352 178 361 178
352 182 356 183
352 215 353 219
352 220 361 220
352 226 361 226
352 243 352 252
352 253 356 254
352 255 353 259
352 260 356 261
352 284 356 285
351 289 360 289
352 292 356 293
352 299 361 299
352 300 354 301
352 308 356 309
352 327 356 328
352 329 356 330
352 333 354 335
352 371 353 375
352 383 361 383
352 385 356 386
352 387 356 388
352 395 354 397
352 398 361 398
353 0 362 0
353 14 357 15
353 32 357 33
351 42 360 42
353 49 362 49
353 54 357 55
353 57 356 58
353 60 357 61
353 73 357 74
353 75 362 75
353 97 353 106
353 107 353 116
353 126 362 126
352 127 356 128
353 135 357 136
353 137 357 138
353 153 357 154
353 155 357 156
353 173 357 174
353 184 357 185
353 199 356 200
353 210 357 211
353 228 354 232
353 233 362 233
353 243 353 252
353 265 357 266
353 272 357 273
353 275 362 275
353 277 357 278
353 280 362 280
351 282 360 282
353 290 357 291
353 323 357 324
353 336 357 337
353 354 357 354
353 356 362 356
353 360 357 361
353 366 354 370
353 377 357 378
353 392 357 393
354 11 363 11
354 27 363 27
354 38 358 39
354 76 358 77
354 81 355 84
354 97 354 106
354 107 354 116
354 119 355 123
354 124 358 125
354 131 358 132
354 140 358 141
354 142 363 142
354 167 358 168
354 169 363 169
354 175 362 175
354 179 358 180
352 206 361 206
354 215 355 219
354 221 358 222
354 243 354 252
354 255 355 259
354 262 358 263
354 296 358 297
354 298 361 298
354 306 363 306
354 313 358 314
354 315 363 315
354 316 363 316
354 319 358 320
354 321 363 321
354 325 358 326
354 338 358 339
354 340 363 340
354 344 358 345
354 365 363 365
354 371 355 374
354 375 358 376
354 380 358 381
355 5 364 5
355 28 364 28
355 44 364 44
355 45 359 46
355 65 359 66
355 78 361 78
355 91 359 92
355 97 355 106
355 107 355 116
355 143 359 144
355 145 359 146
355 163 364 163
355 188 359 189
355 192 359 193
355 194 359 195
352 201 356 202
355 212 359 213
355 214 364 214
355 227 356 231
355 232 364 232
355 234 364 234
355 241 364 241
355 243 355 252
355 300 359 301
357 302 364 302
355 317 359 318
355 350 359 351
355 352 359 353
355 366 356 370
355 384 364 384
355 394 359 395
355 396 359 397
356 3 360 4
356 12 365 12
356 13 362 13
356 21 365 21
356 36 360 37
356 41 365 41
356 52 365 52
356 62 365 62
356 68 365 68
356 71 360 72
356 81 360 82
356 83 360 84
352 85 361 85
356 86 360 87
356 96 356 105
356 106 356 115
356 116 365 116
356 119 357 123
356 147 360 148
356 149 360 150
356 152 365 152
356 158 360 159
356 164 365 164
356 165 360 166
359 170 360 171
356 170 358 172
356 196 360 197
356 198 365 198
356 208 360 209
356 215 357 219
356 223 365 223
356 235 357 239
356 243 360 244
356 245 357 249
356 250 360 251
356 252 365 252
356 255 357 259
356 267 359 268
356 269 365 269
356 276 362 276
356 288 365 288
352 302 356 303
356 331 365 331
356 333 358 335
356 346 360 347
356 357 360 358
356 362 360 363
356 371 360 372
356 373 360 374
356 389 365 389
357 1 366 1
357 6 361 7
357 8 361 9
357 17 361 18
357 19 361 20
357 29 361 30
357 31 366 31
357 63 361 64
357 89 361 90
357 96 357 105
357 106 357 115
357 117 361 118
357 133 366 133
357 161 366 161
357 176 362 176
357 177 366 177
357 182 361 183
357 186 361 187
357 199 358 202
357 225 364 225
357 227 366 227
357 228 366 228
357 229 361 230
357 231 366 231
357 242 366 242
357 253 361 254
357 260 361 261
357 284 366 284
357 285 360 286
357 292 361 293
357 308 361 309
357 311 366 311
357 327 361 328
357 329 361 330
357 332 365 332
357 348 366 348
357 366 358 370
357 382 366 382
357 385 361 386
357 387 361 388
357 390 366 390
355 2 364 2
358 14 362 15
358 16 366 16
358 23 362 24
358 32 367 32
358 33 361 34
358 40 367 40
358 53 362 54
357 57 361 58
358 60 362 61
358 67 367 67
358 69 362 70
358 73 362 74
358 93 367 93
358 96 358 105
358 106 358 115
358 119 359 123
362 127 367 127
358 135 359 139
358 153 359 157
358 173 362 174
358 184 361 185
358 191 367 191
358 205 367 205
358 207 367 207
358 210 362 211
358 215 359 219
358 224 364 224
358 235 359 239
358 245 359 249
358 255 359 259
358 265 362 266
358 272 367 272
358 273 362 274
358 277 362 278
358 279 367 279
358 287 367 287
358 290 362 291
358 303 367 303
358 305 367 305
358 323 362 323
358 336 362 337
358 354 367 354
353 355 362 355
358 360 362 361
358 377 362 378
358 392 362 393
359 10 368 10
359 22 368 22
359 26 368 26
359 38 363 39
359 76 363 77
359 80 368 80
359 96 359 105
359 106 359 115
359 124 363 125
359 129 368 129
359 131 363 132
359 140 363 141
359 151 368 151
359 167 363 168
359 172 367 172
359 179 363 180
359 199 360 202
359 221 363 222
359 262 363 263
359 264 368 264
359 270 363 271
359 283 368 283
359 294 368 294
359 296 361 297
359 304 368 304
359 307 368 307
359 312 363 313
359 314 368 314
359 319 363 320
359 325 362 326
359 333 363 334
359 335 366 335
359 338 368 338
359 339 368 339
359 343 363 344
359 345 368 345
359 349 368 349
359 366 360 370
359 380 363 381
359 391 368 391
360 25 369 25
360 45 364 46
360 48 369 48
360 55 369 55
360 56 369 56
360 65 364 66
360 91 364 92
360 94 360 103
360 104 360 113
360 114 364 115
360 119 361 123
360 134 361 138
360 139 369 139
360 143 364 144
360 145 364 146
360 153 369 153
360 154 364 155
360 156 364 157
360 181 369 181
360 188 364 189
360 190 366 190
360 192 364 193
360 194 364 195
360 203 364 204
360 212 364 213
360 215 361 219
360 235 361 239
360 245 361 249
360 255 361 259
360 281 369 281
360 295 367 295
360 300 369 300
360 301 369 301
360 310 368 310
360 317 364 318
360 322 369 322
360 341 364 342
360 350 364 351
360 352 364 353
360 375 369 375
360 379 367 379
360 394 364 395
360 396 364 397
361 3 365 4
361 36 364 37
361 42 370 42
361 50 365 51
361 59 370 59
361 71 365 72
361 81 365 82
361 83 365 84
361 86 365 87
361 88 370 88
361 94 361 103
361 104 361 113
361 147 365 148
361 149 365 150
361 158 365 159
361 160 370 160
361 162 366 162
361 165 365 166
361 170 365 171
361 196 370 196
361 197 370 197
361 199 365 200
361 201 370 201
361 202 370 202
361 208 365 209
361 240 370 240
361 243 365 244
361 250 365 251
360 267 364 268
361 282 370 282
361 289 370 289
361 346 365 347
361 357 365 358
361 359 370 359
361 362 365 363
361 364 370 364
361 366 362 370
361 371 364 372
361 373 365 374
362 6 366 7
362 8 366 9
362 17 366 18
362 19 366 20
362 29 366 30
367 35 371 35
362 43 371 43
362 47 371 47
362 57 366 58
362 63 366 64
362 79 371 79
362 89 366 90
362 94 362 103
362 104 362 113
362 117 363 121
362 122 366 123
362 128 369 128
362 130 371 130
362 134 363 138
362 178 371 178
362 182 366 183
368 186 371 187
362 184 363 187
362 206 366 206
362 215 363 218
362 219 366 220
362 226 371 226
362 229 366 230
362 235 363 239
362 245 363 249
362 253 363 257
362 258 366 259
362 260 366 261
361 285 365 286
362 292 366 293
362 296 363 299
362 308 366 309
362 327 365 328
362 329 365 330
362 376 371 376
362 383 371 383
362 385 366 386
362 387 366 388
362 398 371 398
363 0 372 0
363 14 372 14
363 15 372 15
363 23 367 24
362 33 364 35
363 49 372 49
363 53 367 54
363 60 367 61
363 69 367 70
363 73 367 74
363 75 372 75
363 94 363 103
363 104 363 113
363 126 372 126
363 173 367 174
363 210 367 211
363 233 372 233
363 265 367 266
363 273 364 274
363 275 372 275
363 276 367 277
363 278 372 278
363 280 372 280
363 290 367 291
363 323 372 323
363 325 365 326
363 336 372 336
363 337 372 337
363 355 367 356
363 360 367 361
363 366 364 370
363 377 367 378
363 392 367 393
364 11 373 11
364 27 373 27
364 38 368 39
364 76 373 76
364 77 373 77
364 94 364 103
364 104 365 108
364 109 368 110
364 111 373 111
364 112 373 112
364 113 373 113
364 117 365 121
364 124 368 125
364 131 368 132
364 134 368 135
364 136 373 136
364 137 368 138
364 140 368 141
364 142 373 142
364 167 373 167
364 168 368 169
370 175 372 176
364 179 368 180
364 184 368 185
364 186 367 187
364 215 368 216
364 217 368 218
364 221 368 222
364 235 365 239
364 245 365 249
364 253 365 257
364 262 368 263
364 270 368 271
366 296 368 297
366 298 373 298
364 296 365 299
364 306 373 306
364 312 368 313
364 315 368 316
364 319 373 319
364 320 373 320
364 321 373 321
364 333 368 334
364 340 373 340
364 343 368 344
364 365 373 365
364 380 368 381
365 2 374 2
365 5 374 5
365 28 374 28
365 33 366 37
365 44 369 45
365 46 374 46
365 65 369 66
362 78 371 78
365 85 374 85
365 91 369 92
365 94 365 103
365 114 369 115
365 143 367 144
365 145 367 146
365 154 369 155
365 156 369 157
365 163 374 163
365 188 374 188
365 192 369 193
365 194 369 195
365 203 369 204
365 212 369 213
365 214 374 214
365 232 374 232
365 234 374 234
365 241 374 241
365 268 374 268
365 302 369 302
365 317 369 318
365 341 369 342
365 350 369 351
365 352 367 353
365 366 369 367
365 368 369 369
365 370 367 372
365 384 374 384
365 394 369 395
365 396 369 397
366 3 370 4
366 12 370 12
366 21 375 21
366 41 375 41
366 50 370 51
366 52 375 52
366 62 375 62
366 68 375 68
366 71 370 72
366 81 375 81
366 82 370 83
366 84 375 84
366 86 370 87
366 94 366 103
366 104 367 108
366 116 367 120
366 121 375 121
366 148 368 150
366 152 375 152
366 158 370 159
366 164 374 164
366 165 374 165
366 166 374 166
366 170 370 171
366 198 370 199
366 200 375 200
366 208 370 209
366 223 375 223
366 235 367 239
366 243 366 252
366 253 367 257
366 285 370 286
366 288 375 288
366 299 375 299
358 324 367 324
366 325 375 325
366 326 367 330
366 331 370 332
366 346 370 347
366 357 370 358
366 362 370 363
366 373 370 374
366 389 375 389
367 1 374 1
367 6 376 6
367 7 376 7
367 8 371 9
367 17 371 18
367 19 371 20
367 29 371 30
367 31 376 31
367 33 376 33
367 34 376 34
367 36 371 37
367 57 371 58
367 63 371 64
367 89 371 90
367 94 367 103
367 122 376 122
367 123 376 123
367 133 376 133
372 161 376 162
363 175 367 176
367 177 372 177
367 182 371 183
367 189 370 190
367 219 371 220
365 224 369 225
367 227 368 231
367 242 367 251
367 252 376 252
367 258 371 259
367 260 371 261
367 284 376 284
367 292 371 293
367 308 371 309
367 311 376 311
367 348 376 348
367 382 376 382
367 385 371 386
367 387 371 388
367 390 376 390
367 16 376 16
368 23 372 24
368 32 377 32
368 40 377 40
368 53 372 54
368 60 372 61
368 67 377 67
368 69 372 70
368 73 372 74
368 93 368 102
368 103 369 107
368 108 377 108
368 116 369 120
368 127 377 127
368 143 369 147
370 173 373 174
368 172 369 176
368 191 374 191
368 205 377 205
368 207 377 207
368 210 372 211
368 235 369 239
368 242 368 251
368 253 369 257
368 265 372 265
368 266 372 267
368 272 377 272
365 273 369 274
368 276 372 277
368 279 377 279
368 287 377 287
368 290 372 291
368 303 377 303
368 305 377 305
368 324 377 324
368 326 369 330
368 354 372 355
368 356 377 356
368 360 372 361
368 370 372 371
368 372 377 372
368 377 372 378
368 392 372 393
369 10 378 10
369 22 378 22
369 26 378 26
369 38 373 39
369 80 378 80
369 93 369 102
369 109 373 110
369 124 378 124
369 125 378 125
369 129 378 129
369 131 373 132
369 134 373 135
369 137 373 138
369 140 373 141
369 148 371 150
369 151 378 151
369 168 373 169
369 179 373 180
369 184 373 185
372 187 378 187
369 215 373 216
369 217 373 218
369 221 373 222
369 227 370 231
369 242 369 251
369 262 373 263
369 264 378 264
369 269 373 270
369 271 378 271
369 283 378 283
369 294 378 294
369 296 373 297
369 304 378 304
369 307 378 307
369 312 370 316
369 333 373 334
367 335 376 335
369 338 373 339
369 343 373 344
369 345 378 345
369 349 378 349
369 380 373 381
369 391 378 391
370 25 379 25
370 44 374 45
370 48 379 48
370 55 373 56
370 65 374 66
370 91 370 100
370 101 371 105
370 106 374 107
370 114 371 118
370 119 374 120
370 139 379 139
370 143 371 147
370 153 371 157
370 172 379 172
370 181 379 181
370 192 374 193
370 194 374 195
370 203 374 204
370 212 374 213
370 224 379 224
370 225 379 225
370 235 371 239
370 242 370 251
370 253 371 257
370 273 374 274
370 281 379 281
368 295 377 295
370 300 379 300
370 301 374 302
369 310 378 310
370 317 373 318
370 322 375 322
370 326 371 330
370 341 374 342
370 350 374 351
368 352 372 353
370 366 374 367
370 368 374 369
370 375 379 375
368 379 377 379
370 394 374 395
370 396 374 397
371 3 375 4
371 12 380 12
363 13 372 13
371 42 380 42
371 50 375 51
371 59 380 59
371 71 375 72
371 82 375 83
371 86 375 87
371 88 375 88
371 91 371 100
371 158 375 159
371 160 380 160
367 161 371 162
371 170 375 171
371 196 375 197
371 198 375 199
371 201 375 202
371 208 375 209
371 227 372 231
371 240 380 240
371 242 371 251
371 282 379 282
371 285 380 285
371 286 380 286
371 289 380 289
371 312 372 316
371 331 375 332
371 346 375 347
371 357 375 358
371 359 377 359
371 362 375 363
371 364 380 364
371 373 375 374
372 8 376 9
372 17 376 18
372 19 376 20
372 29 376 30
372 35 376 36
372 37 381 37
372 43 381 43
372 47 381 47
372 57 376 58
372 63 376 64
372 78 376 79
372 89 372 98
372 99 373 103
372 104 376 105
372 114 373 118
370 128 379 128
372 130 381 130
372 143 373 145
372 146 373 150
372 153 373 157
372 178 381 178
372 182 376 183
372 186 381 186
376 189 381 189
371 189 375 190
367 206 376 206
372 219 376 220
372 226 381 226
372 235 373 239
372 242 372 251
372 253 373 257
372 258 376 259
372 260 376 261
372 292 376 293
372 308 376 309
372 326 373 330
372 376 381 376
372 383 381 383
372 385 376 386
372 387 376 388
372 398 381 398
373 0 382 0
373 13 377 14
373 15 382 15
373 23 377 24
373 53 377 54
373 60 377 61
373 69 377 70
373 73 377 74
373 75 382 75
373 89 373 98
373 126 382 126
374 174 382 174
373 176 377 177
373 210 377 211
373 227 377 228
373 229 377 230
373 231 382 231
373 233 382 233
373 242 373 251
373 265 377 266
373 275 377 276
373 277 377 278
373 280 382 280
373 290 377 291
373 312 377 313
373 314 377 315
373 316 382 316
373 323 381 323
373 336 377 337
373 352 377 353
373 354 377 355
373 360 377 361
373 370 377 371
373 377 377 378
373 392 382 392
373 393 382 393
374 11 383 11
374 27 383 27
374 38 378 39
374 76 378 77
374 89 374 98
374 99 375 103
374 109 374 118
374 131 378 132
374 134 375 138
374 140 375 144
374 145 375 149
374 150 383 150
374 153 375 157
374 167 378 168
374 169 382 169
374 173 383 173
374 175 383 175
374 179 383 179
374 180 383 180
374 184 378 185
374 215 378 216
374 217 378 218
374 221 378 222
374 235 375 239
374 242 374 251
374 253 375 257
374 262 378 263
374 267 383 267
374 269 383 269
374 270 383 270
374 296 378 297
374 298 380 298
374 306 383 306
376 319 378 320
374 317 375 321
374 326 375 330
374 333 378 334
374 338 378 339
374 340 383 340
374 343 378 344
374 365 383 365
374 380 378 381
375 1 379 2
375 5 384 5
375 28 384 28
375 44 379 45
375 46 384 46
375 49 384 49
374 55 376 56
375 65 379 66
375 85 384 85
375 89 375 98
375 106 379 107
375 109 376 113
375 114 376 118
375 119 379 120
375 163 376 166
375 188 384 188
375 191 378 192
375 193 377 195
375 203 379 204
375 212 379 213
375 214 384 214
375 232 384 232
375 234 384 234
375 241 376 245
375 246 376 250
375 251 380 251
375 268 384 268
375 273 379 274
375 301 379 302
375 341 379 342
375 350 379 351
375 366 384 366
375 367 379 368
375 369 384 369
375 384 384 384
375 394 379 395
375 396 379 397
376 21 385 21
376 41 385 41
376 50 380 51
376 52 385 52
376 62 385 62
376 68 384 68
376 71 380 72
376 81 380 82
376 83 380 84
376 86 385 86
376 87 380 88
376 89 376 98
376 99 377 103
376 121 385 121
376 134 377 138
376 140 376 149
376 152 377 156
376 157 380 158
376 159 385 159
376 170 380 171
376 196 377 200
376 201 380 202
376 208 385 208
376 209 385 209
376 223 385 223
376 235 377 239
376 253 377 257
376 288 385 288
376 299 385 299
376 317 380 318
376 321 380 322
376 325 377 329
376 330 385 330
376 331 385 331
376 332 385 332
376 346 380 347
376 357 380 358
376 362 380 363
376 373 380 374
376 389 385 389
377 6 386 6
377 7 386 7
377 8 381 9
377 16 381 17
377 18 381 19
377 20 386 20
377 29 381 30
377 31 386 31
377 33 386 33
377 34 386 34
377 35 381 36
377 57 381 58
377 63 381 64
377 78 381 79
377 89 377 98
377 104 381 105
377 109 377 118
377 122 381 123
377 133 386 133
377 140 377 149
377 161 381 162
377 163 381 164
377 165 381 166
377 182 381 183
377 206 386 206
377 219 381 220
377 241 377 250
377 252 385 252
377 258 381 259
377 260 381 261
377 284 386 284
377 292 381 293
377 308 381 309
377 311 386 311
377 335 386 335
377 382 383 382
377 385 381 386
377 387 381 388
377 390 386 390
378 13 382 14
378 23 382 24
378 32 387 32
378 40 385 40
378 53 382 54
378 60 381 61
378 67 387 67
378 69 387 69
378 70 387 70
378 73 382 74
378 89 378 98
378 99 379 103
378 108 378 117
378 118 387 118
378 127 387 127
378 134 379 138
378 140 379 144
378 145 379 149
378 152 379 156
378 176 387 176
378 177 387 177
378 193 379 197
378 198 382 199
378 200 387 200
378 205 387 205
378 207 387 207
378 210 382 211
378 227 382 228
378 229 382 230
378 235 379 239
378 241 378 250
378 253 379 257
378 265 382 266
378 272 387 272
378 275 379 279
378 287 387 287
378 290 382 291
378 295 387 295
378 303 387 303
378 305 387 305
378 312 382 313
378 314 382 315
378 324 379 328
378 329 387 329
378 336 382 337
378 348 387 348
378 352 379 356
378 359 382 360
378 361 387 361
378 370 382 371
378 372 387 372
378 377 382 378
378 379 387 379
379 3 388 3
379 4 388 4
379 10 388 10
379 22 388 22
379 26 388 26
379 38 383 39
377 55 381 56
379 76 383 77
379 80 388 80
379 89 379 98
379 108 380 112
379 113 380 117
379 124 383 125
379 129 388 129
379 131 383 132
379 151 387 151
379 167 383 168
379 184 383 185
379 187 388 187
379 190 381 192
379 215 383 216
379 217 383 218
379 221 383 222
379 241 379 250
379 262 383 263
379 264 388 264
379 271 388 271
379 283 388 283
379 294 388 294
379 296 383 297
379 304 388 304
379 307 388 307
379 310 388 310
379 319 383 320
379 333 383 334
379 338 383 339
379 343 383 344
379 345 388 345
379 349 388 349
379 380 383 381
379 391 388 391
380 1 384 2
380 25 389 25
380 44 384 45
380 48 389 48
380 65 384 66
380 89 380 98
380 99 381 103
380 106 384 107
380 119 384 120
380 128 389 128
380 134 380 143
380 144 381 148
380 149 389 149
380 152 381 156
380 172 389 172
380 181 389 181
380 193 384 194
380 195 389 195
380 196 384 197
380 203 384 204
380 212 384 213
380 224 384 225
380 235 381 239
380 241 380 250
380 253 381 257
380 273 381 277
380 278 384 279
380 281 384 282
380 300 384 301
380 302 389 302
380 324 381 328
380 341 384 342
380 350 381 354
380 355 384 356
380 367 383 368
380 375 389 375
380 394 384 395
380 396 384 397
381 12 390 12
381 42 390 42
381 50 385 51
381 59 390 59
381 71 385 72
381 81 385 82
381 83 385 84
381 87 382 91
381 92 385 93
381 94 382 98
381 108 381 117
381 134 381 143
381 157 385 158
381 160 390 160
381 170 385 171
381 201 385 202
381 240 382 244
381 245 382 249
387 249 390 250
381 285 385 286
381 289 390 289
381 317 385 318
381 321 390 321
381 322 390 322
381 346 385 347
381 357 385 358
381 362 385 363
381 364 390 364
381 373 385 374
382 8 386 9
382 16 386 17
382 18 386 19
382 29 386 30
382 35 386 36
382 37 391 37
382 43 391 43
382 47 391 47
382 55 383 58
382 63 386 64
382 78 386 79
382 99 383 103
382 104 386 105
382 108 382 117
382 122 386 123
382 130 391 130
382 134 382 143
382 144 386 145
382 146 386 147
382 148 389 148
382 152 383 156
382 161 383 165
382 166 391 166
382 178 391 178
382 182 386 183
382 186 391 186
382 189 386 190
382 191 386 192
382 219 386 220
382 226 391 226
382 235 386 236
382 237 386 238
382 239 391 239
382 253 383 257
382 258 386 259
382 260 386 261
382 273 383 277
382 292 386 293
382 308 386 309
382 325 383 328
382 350 383 354
382 376 391 376
382 383 389 383
382 385 386 386
382 398 390 398
383 0 392 0
383 13 387 14
383 15 392 15
383 23 387 24
383 53 392 53
383 54 392 54
382 60 386 61
383 73 392 73
383 74 392 74
383 75 392 75
383 87 384 91
383 94 384 98
383 108 383 117
383 126 392 126
383 134 383 143
383 174 392 174
383 198 387 199
383 210 387 211
383 227 384 231
383 233 392 233
383 240 383 249
383 265 387 266
383 280 392 280
383 290 387 291
383 312 384 316
382 323 386 324
383 336 387 337
383 359 387 360
383 370 387 371
383 377 387 378
383 388 392 388
383 392 387 393
384 11 393 11
384 27 393 27
384 38 388 39
384 55 393 55
384 56 393 56
384 57 393 57
384 58 393 58
384 76 388 77
384 99 385 103
384 108 384 117
384 124 386 125
384 131 388 132
384 134 384 143
384 150 392 150
384 152 385 156
384 161 385 165
384 167 388 168
383 169 392 169
384 173 393 173
384 175 393 175
384 179 388 180
384 184 388 185
384 215 388 216
384 217 388 218
384 221 388 222
384 240 384 249
384 253 386 254
384 255 388 256
384 257 393 257
384 262 388 263
384 267 393 267
384 269 388 270
384 273 385 277
384 296 388 297
381 298 390 298
384 306 393 306
384 319 388 320
384 325 388 326
384 327 393 327
384 328 393 328
384 333 388 334
384 338 388 339
384 340 393 340
384 343 388 344
384 350 385 354
384 365 393 365
384 380 388 380
384 387 393 387
385 1 389 2
385 5 394 5
385 28 394 28
385 44 389 45
385 46 394 46
385 49 394 49
385 65 389 66
385 85 394 85
385 87 386 91
385 94 386 98
385 106 386 110
385 111 386 115
385 116 389 117
385 119 389 120
385 134 385 143
385 188 394 188
385 193 389 194
385 196 389 197
385 203 389 204
385 212 389 213
385 214 394 214
385 224 389 225
385 227 386 231
385 232 394 232
385 234 392 234
385 240 385 249
381 250 385 251
385 268 394 268
385 278 389 279
385 281 394 281
385 282 394 282
385 300 389 301
385 312 386 316
385 341 389 342
385 355 389 356
385 366 394 366
384 367 388 368
385 369 393 369
385 384 390 384
385 394 389 395
385 396 389 397
386 21 395 21
386 41 395 41
386 50 390 51
386 52 395 52
386 62 395 62
385 68 394 68
386 71 390 72
386 81 390 82
386 83 390 84
386 86 395 86
386 92 390 93
386 99 387 103
386 121 395 121
386 134 386 143
386 152 387 156
386 157 390 158
386 159 392 159
386 161 387 165
386 170 390 171
386 201 390 202
386 208 390 209
386 223 395 223
386 240 387 244
386 245 390 246
386 247 386 252
386 273 388 275
386 276 390 277
386 285 390 286
386 288 395 288
386 299 395 299
386 317 390 318
386 330 390 331
386 332 395 332
386 346 390 347
386 350 387 354
386 357 390 358
386 362 390 363
386 373 390 374
386 389 392 389
387 6 396 6
387 7 391 8
387 9 396 9
387 16 388 20
387 29 391 30
387 31 396 31
387 33 396 33
387 34 396 34
387 35 391 36
387 60 396 60
387 61 396 61
387 63 391 64
387 78 391 79
387 87 388 91
387 94 388 98
387 104 387 113
387 114 391 115
387 122 396 122
387 123 389 125
387 133 387 142
387 143 388 147
387 182 391 183
387 189 391 190
387 191 391 192
387 206 396 206
387 219 391 220
387 227 388 231
387 235 391 236
387 237 391 238
387 247 391 248
387 251 388 254
387 258 391 259
387 260 391 261
387 284 396 284
387 292 391 293
387 308 391 309
387 311 388 315
387 316 396 316
387 323 396 323
387 324 396 324
387 335 396 335
384 381 388 382
387 385 391 386
387 390 396 390
388 13 392 14
388 23 392 24
388 32 397 32
386 40 395 40
388 67 395 67
388 69 392 70
388 99 388 108
388 109 389 113
388 118 397 118
388 127 397 127
388 133 388 142
388 153 389 156
388 161 389 165
388 176 392 177
388 198 392 199
388 200 395 200
388 205 396 205
388 207 397 207
388 210 392 211
388 240 389 244
388 265 392 266
388 272 397 272
388 287 397 287
388 290 392 291
388 295 397 295
388 303 397 303
388 305 397 305
388 329 397 329
388 336 392 337
388 348 397 348
388 350 389 354
388 359 392 360
388 361 395 361
388 370 392 371
388 372 392 372
388 377 392 378
388 379 397 379
388 392 392 393
389 3 393 4
389 10 398 10
389 16 390 20
389 22 398 22
389 26 398 26
389 38 393 39
389 76 393 77
389 80 398 80
389 87 390 91
389 94 389 103
389 104 390 108
389 129 398 129
389 131 389 140
389 141 393 142
389 143 398 143
389 144 393 145
389 146 393 147
388 151 392 152
389 167 393 168
389 179 393 180
389 184 398 184
389 185 398 185
389 187 398 187
389 215 393 216
389 217 393 218
389 221 393 222
389 227 390 231
389 252 390 256
389 262 393 263
389 264 398 264
389 269 393 270
389 271 398 271
389 273 393 274
389 275 398 275
389 283 396 283
389 294 398 294
389 296 393 297
389 304 398 304
389 307 398 307
389 310 390 314
389 315 396 315
389 319 393 320
389 325 393 326
389 333 393 334
389 338 393 339
389 343 393 344
389 345 398 345
389 349 398 349
389 367 393 368
389 380 393 381
389 391 398 391
390 1 394 2
390 25 399 25
390 44 394 45
390 48 399 48
390 65 394 66
390 94 390 103
390 109 391 113
390 116 394 117
390 119 394 120
390 123 394 124
390 125 399 125
390 128 399 128
390 131 390 140
390 149 399 149
390 153 394 154
390 155 394 156
390 161 391 165
390 172 399 172
390 181 399 181
390 193 391 197
390 203 394 204
390 212 394 213
390 224 394 225
390 240 391 244
391 249 399 249
390 278 394 279
390 300 394 301
390 302 399 302
390 341 393 342
390 350 391 354
390 355 394 356
390 375 399 375
390 382 394 383
390 394 394 395
390 396 394 397
391 12 400 12
391 16 392 20
391 42 400 42
391 50 395 51
391 59 400 59
391 71 395 72
391 81 395 82
391 83 395 84
391 87 391 96
391 97 391 106
391 107 395 108
391 131 391 140
391 157 395 158
391 160 399 160
391 170 395 171
391 201 395 202
391 208 395 209
391 227 392 231
391 245 395 246
391 250 392 254
391 255 395 256
391 276 395 277
391 285 395 286
391 289 400 289
391 298 400 298
391 310 392 314
391 317 395 318
391 321 395 322
391 330 395 331
391 346 395 347
391 357 395 358
391 362 395 363
391 364 400 364
391 373 395 374
392 7 396 8
392 29 396 30
392 35 396 36
392 37 401 37
392 43 401 43
392 47 401 47
392 63 396 64
392 78 396 79
392 87 392 96
392 97 392 106
392 109 393 113
392 114 396 115
392 130 392 139
392 140 401 140
390 148 399 148
392 161 393 165
392 166 401 166
392 178 400 178
392 182 396 183
392 186 401 186
392 189 393 193
392 194 396 195
392 196 396 197
392 219 396 220
392 226 401 226
392 235 392 244
392 247 396 248
392 258 396 259
392 260 401 260
392 261 401 261
392 292 396 293
392 308 396 309
392 350 393 354
392 376 401 376
392 385 394 386
391 398 400 398
393 0 402 0
393 13 394 17
393 18 395 20
393 23 397 24
393 53 397 54
393 69 397 70
393 73 397 74
393 75 402 75
393 87 393 96
393 97 393 106
393 126 402 126
393 130 393 139
393 150 395 152
393 169 402 169
393 174 402 174
393 176 397 177
393 198 397 199
393 210 397 211
393 227 397 228
393 229 402 229
393 230 402 230
393 231 402 231
393 233 394 237
393 238 394 242
393 243 397 244
393 250 402 250
393 251 402 251
393 252 402 252
393 253 402 253
393 254 402 254
393 265 397 266
393 280 402 280
393 290 397 291
393 310 394 314
393 336 397 337
393 359 397 360
393 370 402 370
393 371 397 372
393 377 397 378
393 388 397 389
393 392 397 393
394 3 398 4
394 11 403 11
394 27 401 27
394 38 398 39
394 55 403 55
394 56 398 57
394 58 403 58
394 76 398 77
394 87 394 96
394 97 394 106
394 109 395 113
394 130 394 139
394 141 398 142
394 144 398 145
394 146 398 147
394 161 395 165
394 167 398 167
394 173 403 173
394 175 403 175
394 179 398 180
394 189 395 193
394 215 398 216
394 217 398 218
394 221 398 222
394 257 403 257
394 262 398 263
394 267 403 267
394 269 398 270
394 273 398 274
394 296 403 296
394 306 403 306
394 319 398 320
394 325 403 325
394 326 398 327
394 328 403 328
394 333 395 334
394 338 398 339
394 340 395 344
394 350 395 354
394 365 403 365
394 367 398 368
394 380 398 381
395 1 404 1
395 2 404 2
395 5 404 5
395 13 396 17
395 28 404 28
395 44 399 45
395 46 404 46
395 49 404 49
395 65 399 66
395 68 404 68
395 85 404 85
395 87 395 96
395 97 399 98
395 99 399 100
395 101 399 102
395 103 399 104
395 105 399 106
395 116 399 117
395 119 399 120
395 124 400 124
395 130 395 139
395 153 399 154
395 155 399 156
395 188 403 188
395 203 399 204
395 212 399 213
395 214 404 214
395 224 399 225
395 232 395 241
395 242 404 242
395 268 404 268
395 278 399 279
395 281 399 282
395 300 399 301
395 310 396 314
395 355 399 356
395 366 400 366
394 369 402 369
395 382 404 382
391 384 400 384
395 385 397 387
395 394 399 395
395 396 399 397
396 18 405 18
396 19 398 21
396 40 400 41
396 50 400 51
396 52 405 52
396 62 405 62
396 71 400 72
396 81 400 82
396 83 400 84
396 86 396 95
396 96 401 96
396 107 397 111
396 112 400 113
396 121 405 121
396 130 396 139
396 150 405 150
396 157 400 158
393 159 400 159
396 161 397 165
396 170 400 171
396 189 397 193
396 200 400 201
396 202 405 202
396 208 400 209
396 223 403 223
396 232 396 241
396 245 400 246
396 255 400 256
396 276 400 277
396 285 400 286
396 288 405 288
396 299 405 299
396 317 400 318
396 321 400 322
396 330 400 331
396 332 398 334
396 340 397 344
396 346 405 346
396 347 405 347
396 350 397 354
396 357 400 358
396 362 400 363
396 373 405 373
396 374 405 374
397 6 401 7
397 8 401 9
397 13 398 17
397 29 401 30
397 31 406 31
397 33 401 34
397 35 401 36
397 60 401 61
397 63 401 64
397 78 401 79
397 88 397 95
397 114 401 115
397 122 405 122
397 130 397 139
397 182 401 183
397 194 401 195
397 196 401 197
397 205 400 206
397 219 401 220
397 232 397 241
397 247 401 248
397 258 401 259
397 283 401 284
397 292 401 293
397 297 406 297
397 308 398 312
397 313 401 314
397 316 406 316
397 324 406 324
397 335 406 335
397 390 406 390
398 23 407 23
398 24 407 24
398 32 407 32
398 53 407 53
398 54 407 54
396 67 405 67
398 69 402 70
398 73 402 74
397 86 401 87
398 88 407 88
398 89 407 89
398 90 402 91
398 92 402 93
398 94 402 95
398 107 399 111
398 118 407 118
398 127 407 127
398 130 398 139
398 161 399 165
398 176 407 176
398 177 407 177
398 189 399 193
398 198 402 199
398 207 407 207
398 210 402 211
398 227 401 228
398 232 398 241
398 243 402 244
398 265 402 266
398 272 407 272
398 287 407 287
398 290 402 291
398 295 407 295
398 303 407 303
398 305 407 305
398 329 407 329
398 336 402 337
398 340 399 344
398 348 407 348
398 350 399 354
398 359 402 360
396 361 405 361
398 371 407 371
398 372 407 372
398 377 402 378
398 379 407 379
398 385 402 386
398 387 402 388
398 389 407 389
398 392 402 393
399 3 403 4
399 10 408 10
399 13 400 17
399 19 408 19
399 20 403 21
399 22 408 22
399 26 408 26
399 38 403 39
399 56 403 57
399 76 403 77
399 80 408 80
399 129 399 138
399 139 408 139
399 141 400 145
399 146 403 147
399 167 408 167
394 168 403 168
399 179 403 180
399 184 403 185
399 187 408 187
399 215 403 216
399 217 403 218
399 221 403 222
399 232 399 241
399 262 403 263
399 264 408 264
399 269 403 270
399 271 408 271
399 273 403 274
399 275 408 275
399 294 408 294
399 304 408 304
399 307 400 311
399 312 408 312
397 315 406 315
399 319 403 320
399 326 403 327
399 332 403 333
399 334 408 334
399 338 403 339
399 345 408 345
399 349 408 349
399 367 403 368
399 380 403 381
399 383 408 383
399 391 408 391
400 25 408 25
400 44 404 45
400 48 406 48
400 65 404 66
400 97 400 106
400 107 404 108
400 109 409 109
400 110 404 111
400 116 404 117
400 119 404 120
400 125 409 125
400 128 400 137
400 138 407 138
400 148 404 149
400 151 401 155
400 156 409 156
400 161 401 165
400 172 409 172
400 181 408 181
400 189 401 193
400 203 404 204
400 212 404 213
400 224 403 225
400 232 400 241
400 249 409 249
400 278 404 279
400 281 404 282
400 300 404 301
400 302 409 302
400 340 401 344
400 350 401 354
400 355 404 356
400 375 409 375
400 394 404 395
400 396 403 397
401 12 402 16
401 17 410 17
401 40 405 41
401 42 410 42
401 50 405 51
401 59 410 59
401 71 405 72
401 81 405 82
401 83 405 84
401 97 401 106
401 112 405 113
401 123 405 124
401 128 401 137
401 141 402 145
404 157 405 159
400 160 409 160
401 170 405 171
401 200 405 201
401 208 405 209
401 232 401 241
401 245 405 246
401 255 405 256
401 276 405 277
401 285 405 286
401 289 410 289
401 298 410 298
401 307 402 311
401 317 405 318
401 321 405 322
401 330 405 331
401 357 405 358
401 362 405 363
401 364 410 364
401 384 410 384
401 398 410 398
402 6 406 7
402 8 406 9
402 29 406 30
402 33 403 37
402 43 411 43
402 47 411 47
402 60 406 61
402 63 406 64
402 78 406 79
402 86 411 86
402 87 411 87
402 97 402 106
402 114 406 115
402 128 402 137
402 140 411 140
402 152 411 152
402 153 411 153
402 154 406 155
402 161 403 165
402 166 411 166
401 178 410 178
402 182 406 183
402 186 411 186
402 189 403 193
402 194 405 195
402 196 411 196
402 197 411 197
406 205 411 205
401 205 405 206
402 219 406 220
402 226 404 228
402 232 402 241
402 247 406 248
402 258 406 259
402 260 406 261
402 283 406 284
402 292 405 293
402 313 406 314
402 323 411 323
402 340 403 344
402 350 403 354
402 376 411 376
403 0 412 0
403 12 404 16
403 69 407 70
403 73 407 74
403 75 412 75
403 90 404 94
403 95 411 95
403 97 404 101
403 103 412 103
403 105 407 106
403 126 412 126
403 128 403 137
403 141 407 142
403 143 407 144
403 145 412 145
401 157 403 159
403 169 412 169
403 174 412 174
403 198 407 199
403 210 407 211
403 229 403 238
403 239 407 240
403 241 412 241
403 243 412 243
403 250 404 254
403 265 407 266
403 280 412 280
403 290 407 291
403 307 404 311
403 336 407 337
403 359 407 360
403 369 407 370
403 377 407 378
403 385 407 386
403 387 407 388
403 392 407 393
404 3 408 4
404 11 413 11
404 20 408 21
402 27 411 27
404 33 405 37
404 38 407 39
404 55 408 56
404 57 408 58
404 76 408 77
404 128 404 137
404 146 408 147
404 151 413 151
404 161 405 165
404 168 413 168
404 173 413 173
404 175 413 175
404 179 413 179
404 180 413 180
404 184 408 185
404 189 405 193
404 215 408 216
404 217 408 218
404 221 405 225
404 229 404 238
404 244 413 244
404 257 413 257
404 262 408 263
404 267 413 267
404 269 408 270
404 273 408 274
404 296 413 296
404 306 413 306
404 319 408 320
404 325 406 327
404 328 413 328
404 332 408 333
404 338 405 342
404 343 408 344
404 350 405 354
404 365 413 365
404 367 408 368
404 380 408 381
405 1 409 2
405 5 414 5
405 12 406 16
405 28 414 28
405 44 409 45
405 46 414 46
405 49 414 49
405 65 409 66
405 68 414 68
405 85 414 85
405 90 406 94
405 97 406 99
405 100 407 102
405 107 409 108
405 110 409 111
405 116 409 117
405 119 409 120
405 128 405 137
405 148 409 149
404 188 413 188
405 203 409 204
405 212 409 213
405 214 414 214
405 226 405 235
405 236 409 237
405 238 414 238
405 242 414 242
405 250 414 250
405 251 414 251
405 252 414 252
405 253 409 254
405 268 414 268
405 278 409 279
405 281 409 282
405 300 409 301
405 307 406 311
405 355 409 356
401 366 410 366
405 382 414 382
405 394 409 395
404 396 408 397
406 18 415 18
406 33 407 37
406 40 410 41
406 50 410 51
406 52 415 52
406 62 415 62
406 67 415 67
406 71 410 72
406 81 410 82
406 83 410 84
402 96 411 96
406 112 410 113
406 121 415 121
406 122 410 123
406 124 415 124
406 128 406 137
406 150 415 150
406 157 410 158
406 159 415 159
406 161 407 165
406 170 410 171
406 189 410 190
406 191 410 192
406 193 408 195
406 200 410 201
406 202 415 202
406 206 415 206
406 208 410 209
406 221 406 230
406 231 407 235
406 245 410 246
406 255 410 256
406 276 410 277
406 285 410 286
406 288 415 288
406 299 415 299
406 317 410 318
406 321 408 322
406 330 410 331
406 338 407 342
406 346 410 347
406 350 407 354
406 357 410 358
406 361 410 362
406 363 415 363
406 373 410 374
407 6 411 7
407 8 411 9
407 12 408 16
407 29 411 30
407 31 416 31
407 60 411 61
407 63 409 64
407 78 411 79
407 90 408 94
407 97 411 98
407 99 416 99
407 114 411 115
407 128 407 137
407 154 411 155
407 182 411 183
407 219 407 228
407 229 411 230
407 247 411 248
407 258 411 259
407 260 411 261
407 283 411 284
406 292 410 293
407 297 416 297
407 307 408 311
407 313 411 314
407 315 411 316
407 324 411 325
407 326 411 327
407 335 416 335
407 390 416 390
408 23 412 24
408 32 412 33
408 34 412 35
408 36 417 36
408 37 410 39
408 53 412 54
408 69 412 70
408 73 412 74
408 88 412 89
411 100 412 101
408 100 410 102
408 104 412 105
408 106 417 106
408 118 417 118
408 127 408 135
408 136 412 136
408 141 412 142
408 143 412 144
408 161 409 165
408 176 410 177
408 198 412 199
408 207 417 207
408 210 412 211
408 219 408 228
408 231 409 235
408 239 412 240
408 265 412 266
408 272 417 272
408 287 417 287
408 290 412 291
408 295 417 295
408 303 417 303
408 305 417 305
408 329 417 329
408 336 409 340
408 341 412 342
408 348 417 348
408 350 409 354
408 359 412 360
408 369 412 370
408 371 412 372
408 377 412 378
408 379 417 379
408 385 409 389
408 392 412 393
409 3 413 4
409 10 418 10
409 12 410 16
409 19 413 20
409 21 413 22
409 25 413 26
409 55 413 56
409 57 413 58
409 76 413 77
409 80 418 80
409 90 410 94
409 127 410 131
409 132 413 133
409 134 412 135
409 139 418 139
409 146 413 147
409 167 413 167
409 184 413 185
409 187 418 187
409 194 413 195
409 215 409 224
409 225 413 226
409 227 413 228
409 262 413 263
409 264 418 264
409 269 413 270
409 271 418 271
409 273 413 274
409 275 418 275
409 294 418 294
409 304 418 304
409 307 410 311
409 312 418 312
409 319 418 319
409 320 411 322
409 332 413 333
409 334 418 334
409 343 413 344
409 345 413 345
409 349 418 349
409 367 413 368
409 380 413 381
409 383 418 383
409 391 418 391
409 396 413 397
410 1 414 2
410 44 414 45
407 48 416 48
410 65 414 66
410 107 411 111
410 116 416 116
410 117 419 117
410 119 414 120
410 125 414 125
408 137 412 138
410 148 414 149
410 156 419 156
410 160 411 164
410 165 419 165
410 172 419 172
409 181 418 181
410 203 414 204
410 212 414 213
410 215 410 224
410 231 411 235
410 236 414 237
410 249 419 249
410 253 414 254
410 278 414 279
410 281 414 282
410 300 414 301
410 302 419 302
410 336 411 340
410 350 411 354
410 355 414 356
410 375 419 375
410 385 411 389
410 394 414 395
411 12 412 15
411 16 415 17
411 37 412 41
411 42 420 42
411 50 415 51
411 59 420 59
411 71 415 72
411 81 414 82
411 83 415 84
411 90 412 94
411 102 420 102
411 112 415 113
411 122 415 123
411 127 420 127
411 128 417 128
411 129 413 131
411 157 420 157
411 158 420 158
411 170 415 171
411 176 413 178
411 189 412 193
411 200 415 201
411 208 415 209
411 215 411 224
411 245 415 246
411 255 415 256
411 276 415 277
411 285 415 286
411 289 420 289
411 292 415 293
411 298 416 298
411 307 412 311
411 317 415 318
411 330 415 331
411 346 415 347
411 357 415 358
411 361 420 361
411 362 420 362
411 364 420 364
411 366 420 366
411 373 415 374
411 384 420 384
411 398 420 398
412 6 416 7
412 8 416 9
412 27 421 27
412 29 416 30
412 43 421 43
412 47 421 47
412 60 416 61
410 63 414 64
412 78 416 79
412 86 416 87
412 96 416 97
412 98 421 98
412 107 413 111
412 114 416 115
412 140 421 140
412 152 416 153
412 154 416 155
412 160 413 164
412 166 421 166
412 182 416 183
412 186 421 186
412 196 416 197
412 205 421 205
412 215 412 224
412 229 413 233
412 234 421 234
412 235 421 235
412 247 416 248
412 258 416 259
412 260 416 261
412 283 416 284
412 313 416 314
412 315 416 316
412 320 413 324
412 325 416 326
412 327 421 327
412 336 413 340
412 353 413 354
412 376 421 376
412 385 413 389
413 0 422 0
413 12 417 13
413 14 416 15
413 23 422 23
413 32 417 33
413 34 417 35
413 37 414 41
413 53 417 54
413 69 417 70
413 73 417 74
413 75 422 75
413 88 414 92
413 93 417 94
412 95 421 95
413 100 416 101
413 103 417 104
413 105 422 105
415 136 422 136
413 134 414 138
413 141 414 145
413 169 422 169
413 174 422 174
413 189 414 193
413 198 422 198
413 199 422 199
413 210 417 211
413 215 413 224
413 239 417 240
413 241 422 241
413 243 422 243
413 265 417 266
413 280 422 280
413 290 417 291
413 307 414 311
413 341 417 342
413 359 417 360
413 369 417 370
413 371 417 372
413 377 417 378
413 392 417 393
414 3 418 4
414 11 423 11
414 19 418 20
414 21 418 22
414 24 418 25
414 26 423 26
414 55 418 56
414 57 418 58
414 76 418 77
414 107 415 111
414 129 415 133
414 146 418 147
414 151 421 151
414 160 415 164
414 167 418 168
414 173 423 173
414 175 415 179
414 180 423 180
414 184 416 185
414 188 423 188
414 194 418 195
414 215 414 224
414 225 415 229
414 230 418 231
414 232 418 233
414 244 422 244
414 257 418 257
414 262 418 263
414 267 423 267
414 269 418 270
414 273 418 274
414 296 423 296
414 306 423 306
414 320 415 324
414 328 423 328
414 332 418 333
414 336 415 340
414 343 423 343
414 344 417 345
415 350 423 350
412 350 414 352
414 353 418 354
414 365 423 365
414 367 423 367
414 368 423 368
414 380 418 381
414 385 415 389
414 396 418 397
415 1 419 2
415 5 424 5
415 28 424 28
415 37 416 41
415 44 419 45
415 46 424 46
415 49 424 49
415 63 419 64
415 65 419 66
415 68 424 68
415 85 424 85
415 88 416 92
415 119 419 120
415 125 419 126
415 134 419 135
415 137 424 137
415 138 424 138
415 141 416 145
415 148 419 149
415 189 416 193
415 203 419 204
415 212 415 221
415 222 419 223
415 224 424 224
415 236 419 237
415 238 424 238
415 242 424 242
415 250 416 254
415 268 424 268
415 278 419 279
415 281 419 282
415 300 419 301
415 307 416 311
415 355 419 356
415 382 424 382
415 394 419 395
416 16 420 17
416 18 425 18
416 50 420 51
416 52 425 52
416 62 425 62
416 67 425 67
416 71 420 72
420 81 425 81
415 81 419 82
416 83 419 84
416 107 417 111
416 112 420 113
416 121 420 122
416 123 420 124
416 130 420 131
416 133 425 133
416 150 425 150
416 159 417 163
416 164 425 164
416 170 420 171
416 175 417 179
416 200 420 201
416 202 425 202
416 206 425 206
416 208 420 209
416 212 416 221
416 225 417 229
416 245 420 246
416 255 420 256
416 276 420 277
416 285 420 286
416 288 425 288
416 292 420 293
416 299 425 299
416 317 420 318
416 320 417 324
416 330 420 330
416 336 417 340
416 346 420 347
416 351 425 351
416 357 420 358
416 363 425 363
416 373 420 374
416 385 417 389
417 6 421 7
417 8 421 9
417 29 421 30
417 31 426 31
417 37 421 38
417 39 421 40
417 41 426 41
417 48 426 48
417 60 426 60
417 61 426 61
417 78 421 79
417 86 418 90
417 91 421 92
417 96 421 97
417 99 426 99
417 114 426 114
417 115 421 116
417 132 426 132
417 141 418 145
417 152 421 153
417 154 421 155
417 182 426 182
417 183 419 185
417 189 418 193
417 196 421 197
417 212 417 221
417 247 421 248
417 250 418 254
417 258 421 259
417 260 421 261
417 283 421 284
417 297 421 298
417 307 418 311
417 313 421 313
417 314 421 315
417 316 426 316
417 325 421 326
417 335 426 335
417 390 426 390
418 12 422 13
417 14 421 15
418 32 419 36
418 53 422 54
418 69 422 70
418 73 425 73
418 74 427 74
418 93 421 94
417 100 421 101
418 103 427 103
418 104 427 104
418 106 419 110
418 111 427 111
418 118 427 118
418 128 422 129
418 159 419 163
418 175 419 179
418 207 427 207
418 210 418 219
418 220 422 221
418 225 419 229
418 239 427 239
418 240 427 240
418 265 422 266
418 272 427 272
418 287 427 287
418 290 422 291
418 295 427 295
418 303 427 303
418 305 427 305
418 320 419 324
418 329 427 329
418 336 419 340
418 341 422 342
418 348 427 348
418 352 427 352
418 359 422 360
418 369 422 370
418 371 422 372
418 377 422 378
418 379 427 379
418 385 419 389
418 392 422 393
419 3 423 4
419 10 428 10
419 19 423 20
419 21 423 22
419 24 423 25
419 55 423 56
419 57 423 58
419 76 423 77
419 80 426 80
419 86 420 90
419 139 428 139
419 141 420 145
419 146 423 147
419 167 422 168
419 181 428 181
419 187 423 187
419 189 420 193
419 194 423 195
419 210 419 219
419 230 423 231
419 232 428 232
419 250 420 254
419 262 423 263
419 264 428 264
419 269 423 270
419 271 427 271
419 273 421 275
419 294 428 294
419 304 428 304
419 307 423 308
419 309 423 310
419 311 421 312
419 319 428 319
419 332 423 333
419 334 426 334
418 344 422 345
419 349 428 349
419 353 428 353
419 354 428 354
419 380 423 381
419 383 428 383
419 391 428 391
419 396 423 397
420 1 424 2
420 32 421 36
420 44 424 45
420 63 424 64
420 65 424 66
420 82 422 84
420 106 421 110
420 117 429 117
420 119 424 120
420 125 424 126
420 134 424 135
420 148 424 149
420 156 429 156
420 159 421 163
420 165 429 165
420 172 429 172
420 175 424 176
420 177 429 177
420 178 429 178
420 179 429 179
420 183 424 184
420 185 426 185
420 203 424 204
420 210 420 219
420 222 424 223
420 225 421 229
420 233 429 233
420 236 424 237
420 249 429 249
420 278 424 279
420 281 424 282
420 300 424 301
420 302 429 302
420 320 421 324
420 336 421 340
420 355 424 356
420 375 429 375
420 385 421 389
420 394 424 395
421 16 425 17
421 42 430 42
421 50 425 51
421 59 430 59
421 71 425 72
421 86 422 90
421 102 430 102
421 112 425 113
421 121 425 122
421 123 425 124
421 127 430 127
421 130 425 131
421 141 422 145
421 157 425 158
421 170 425 171
421 189 422 193
421 200 425 201
421 208 421 217
421 218 425 219
421 245 425 246
421 250 422 254
421 255 425 256
421 276 425 277
421 285 425 286
421 289 427 289
421 292 425 293
421 317 425 318
421 330 426 330
416 331 425 331
421 346 425 347
421 357 425 358
421 361 425 362
421 364 430 364
421 366 430 366
421 373 425 374
421 384 429 384
421 398 430 398
422 6 426 7
422 8 426 9
422 14 426 15
422 27 431 27
422 29 431 29
422 30 431 30
422 32 423 36
422 37 426 38
422 39 426 40
422 43 430 43
422 47 431 47
422 78 426 79
422 91 423 95
422 96 426 97
422 98 431 98
422 100 426 101
422 106 423 110
422 115 426 116
422 140 431 140
424 152 428 153
424 154 431 154
422 151 423 155
422 159 423 163
422 166 431 166
422 186 431 186
422 196 426 197
422 205 430 205
422 208 422 217
422 225 423 229
422 234 426 235
422 247 426 248
422 258 426 259
422 260 425 261
422 273 426 274
422 275 431 275
422 283 426 284
422 297 426 298
424 313 426 314
422 311 423 315
422 320 423 324
422 325 426 326
422 327 431 327
422 336 423 340
422 376 431 376
422 385 423 389
423 0 432 0
423 12 427 13
423 23 432 23
423 53 432 53
423 54 432 54
423 69 427 70
423 75 432 75
423 82 427 83
423 84 432 84
423 86 424 90
423 105 432 105
423 128 427 129
423 136 432 136
423 141 424 145
423 167 425 169
423 174 432 174
423 189 424 193
423 198 427 199
423 208 423 217
423 220 427 221
423 241 432 241
423 243 427 244
423 250 424 254
423 265 427 266
423 280 432 280
423 290 427 291
423 341 427 342
423 344 427 345
423 359 427 360
423 369 427 370
423 371 427 372
423 377 427 378
423 392 427 393
424 3 428 4
424 11 433 11
424 19 428 20
424 21 428 22
424 24 428 25
424 26 433 26
424 32 425 36
424 55 428 56
424 57 428 58
424 76 428 77
424 91 425 95
424 106 425 110
424 146 428 147
424 151 428 151
424 155 433 155
424 159 425 163
424 173 433 173
424 180 433 180
424 187 428 188
424 194 428 195
424 208 424 217
424 225 425 229
424 230 428 231
419 257 428 257
424 262 428 263
424 267 433 267
424 269 428 270
424 296 433 296
424 306 425 307
430 311 433 312
424 308 425 312
424 315 433 315
424 320 425 324
424 328 430 328
424 332 425 333
424 336 425 340
424 343 432 343
424 350 433 350
424 365 433 365
424 367 428 368
424 380 428 381
424 385 425 389
424 396 428 397
425 1 429 2
425 5 434 5
425 28 434 28
425 44 429 45
425 46 434 46
425 49 434 49
425 63 429 64
425 65 429 66
425 68 434 68
425 85 426 89
425 90 434 90
425 119 429 120
425 125 434 125
425 126 434 126
425 134 429 135
425 137 429 138
425 141 426 145
425 148 429 149
425 175 429 176
425 183 429 184
425 189 426 193
425 203 429 204
425 208 425 217
425 222 429 223
425 224 434 224
425 236 429 237
425 238 434 238
425 242 434 242
425 250 426 254
425 268 434 268
425 278 429 279
425 281 429 282
425 300 429 301
425 355 429 356
425 382 434 382
425 394 429 395
426 16 428 18
426 32 427 36
426 50 430 51
426 52 435 52
426 62 435 62
426 67 434 67
426 71 427 73
426 81 431 81
426 91 427 95
426 106 427 110
426 112 430 113
426 121 430 122
426 123 430 124
426 130 430 131
426 133 435 133
426 150 433 150
426 157 427 161
426 162 430 163
426 164 435 164
426 167 427 171
426 200 430 201
426 202 434 202
426 206 435 206
426 208 426 217
426 218 430 219
426 225 430 226
426 227 430 228
426 229 435 229
426 245 430 246
426 255 430 256
426 276 430 277
426 285 430 286
426 288 435 288
426 292 430 293
426 299 435 299
426 306 427 308
426 309 427 312
426 317 430 318
426 320 427 324
426 331 428 333
426 336 427 340
426 346 430 347
426 351 433 351
426 357 430 358
426 361 435 361
426 362 435 362
426 363 435 363
426 373 430 374
426 385 427 389
427 6 431 7
427 8 431 9
427 14 431 15
427 31 436 31
427 37 428 41
427 48 436 48
427 60 431 61
427 78 436 78
427 79 431 80
427 85 428 89
427 96 431 97
427 99 431 100
427 101 436 101
430 114 431 115
427 114 429 116
427 132 436 132
427 141 428 145
429 153 436 153
427 182 436 182
427 189 428 193
427 196 431 197
427 208 427 217
427 234 431 235
427 247 431 248
427 250 428 254
427 258 431 259
426 260 430 261
427 273 431 274
427 283 431 284
427 297 431 298
427 313 431 314
427 316 436 316
427 325 431 326
431 334 435 335
427 390 436 390
428 12 432 13
428 32 429 36
428 69 432 70
433 74 437 74
428 82 432 83
428 91 432 92
428 93 432 94
428 95 437 95
428 103 432 104
428 106 429 110
428 111 437 111
428 118 437 118
428 128 432 129
428 157 429 161
428 167 429 171
428 198 432 199
428 207 428 216
428 217 437 217
428 220 432 221
428 239 432 240
428 243 432 244
428 265 432 266
428 271 432 272
428 287 437 287
428 289 432 290
428 291 437 291
428 295 437 295
428 303 437 303
428 305 429 308
430 309 432 310
428 309 429 312
428 320 429 324
428 329 437 329
428 336 429 340
428 341 432 342
428 344 432 345
428 348 437 348
428 352 437 352
428 359 432 360
428 369 432 370
428 371 432 372
428 377 432 378
428 379 437 379
428 385 429 389
428 392 432 393
429 3 433 4
429 10 438 10
429 16 433 17
429 18 430 22
429 24 433 25
429 37 430 41
429 55 433 56
429 57 433 58
430 71 438 71
428 71 429 74
429 76 438 76
429 77 438 77
429 85 430 89
429 139 438 139
429 141 430 145
429 146 433 147
429 151 433 152
429 181 438 181
429 187 430 191
429 192 433 193
429 194 433 195
429 207 429 216
429 230 433 231
429 232 438 232
429 250 430 254
429 257 437 257
429 262 433 263
429 264 438 264
429 269 433 270
429 294 438 294
429 304 438 304
429 319 438 319
429 331 438 331
429 332 433 333
427 334 430 335
429 349 438 349
429 353 433 354
429 367 433 368
429 380 433 381
429 383 438 383
429 391 438 391
429 396 433 397
430 1 434 2
430 32 431 36
430 44 434 45
430 63 434 64
430 65 434 66
430 72 432 74
430 106 431 110
430 116 439 116
430 117 439 117
430 119 434 120
430 134 434 135
430 137 434 138
430 148 433 149
430 156 431 160
430 161 439 161
430 165 439 165
430 167 434 168
430 169 434 170
430 171 434 172
430 175 431 179
430 183 434 183
427 185 436 185
430 203 434 204
430 207 430 216
430 222 434 223
430 233 439 233
430 236 434 237
430 249 438 249
430 278 434 279
430 281 434 282
430 300 434 301
430 302 439 302
430 305 434 306
430 307 434 308
430 320 431 324
430 336 431 340
430 355 439 355
430 356 439 356
430 375 439 375
430 384 434 385
430 386 434 387
430 388 439 388
430 389 439 389
430 394 434 395
431 18 432 22
431 37 432 40
434 42 440 42
431 50 435 51
431 59 439 59
431 85 432 89
431 102 440 102
431 112 435 113
431 121 435 122
431 123 435 124
431 127 440 127
431 130 435 131
431 141 432 145
431 162 435 163
431 187 435 188
431 189 440 189
431 190 440 190
431 191 440 191
431 200 435 201
431 207 431 216
431 218 440 218
431 219 440 219
431 225 435 226
431 227 435 228
431 245 435 246
431 250 432 254
431 255 435 256
431 260 435 261
431 276 435 277
431 285 435 286
431 292 435 293
434 312 440 312
431 317 435 318
427 330 436 330
431 346 435 347
431 357 435 358
431 364 440 364
431 366 437 366
431 373 435 374
431 398 440 398
432 6 441 6
432 7 441 7
432 8 436 9
432 14 436 15
432 27 441 27
432 29 436 30
432 32 433 36
431 41 433 43
432 47 441 47
432 60 436 61
432 79 441 79
432 80 436 81
432 96 433 100
432 106 433 110
432 114 436 115
432 140 441 140
432 154 441 154
432 156 433 160
432 166 441 166
432 175 433 178
432 186 441 186
432 196 436 197
431 205 440 205
432 207 432 216
432 234 436 235
432 247 436 248
432 258 436 259
432 273 436 274
432 275 441 275
432 283 436 284
432 297 436 298
432 313 436 314
432 320 433 324
432 325 436 326
432 327 440 327
432 336 433 340
432 376 441 376
433 0 442 0
433 12 437 13
433 18 434 22
433 23 442 23
433 37 437 38
433 39 437 40
433 53 437 54
433 69 437 70
433 72 437 73
433 75 442 75
433 82 434 86
433 87 437 88
433 89 442 89
433 91 437 92
433 93 437 94
433 103 437 104
433 105 442 105
433 128 437 129
433 136 442 136
433 141 434 145
433 174 442 174
433 198 437 199
433 207 433 216
433 220 437 221
433 239 437 240
433 241 442 241
433 243 437 244
433 250 434 254
433 265 437 266
433 271 437 272
433 280 442 280
433 289 437 290
433 309 437 310
433 341 437 342
433 343 437 344
433 359 437 360
433 369 437 370
433 371 437 372
433 377 437 378
433 392 437 393
434 3 438 4
434 11 438 11
434 16 438 17
434 24 438 25
434 26 443 26
434 32 435 36
434 41 443 41
434 43 442 43
434 55 443 55
434 56 436 58
434 96 435 100
434 106 435 110
434 146 438 147
437 151 443 151
434 148 434 152
434 155 435 159
434 160 441 160
434 173 443 173
434 175 435 178
434 180 443 180
434 192 438 193
434 194 438 195
434 207 434 216
434 230 438 231
434 262 438 263
434 267 443 267
434 269 438 270
434 296 443 296
434 311 442 311
434 315 443 315
434 320 435 324
431 328 440 328
434 332 438 333
436 334 443 334
434 336 435 340
434 350 438 351
434 353 438 354
434 365 440 365
434 367 437 368
434 380 438 381
434 396 438 397
435 1 439 2
435 5 443 5
435 18 436 22
435 28 444 28
435 44 439 45
435 46 442 46
435 49 444 49
435 63 437 64
435 65 437 67
435 68 444 68
435 82 436 86
435 90 444 90
435 119 439 120
435 125 439 126
435 134 439 135
435 137 439 138
435 141 436 145
435 167 436 171
435 172 444 172
435 183 444 183
430 184 439 184
435 203 439 204
435 207 435 216
435 222 439 223
435 224 444 224
435 236 439 237
435 238 444 238
435 242 444 242
435 250 436 254
435 268 444 268
435 278 439 279
435 281 439 282
435 300 439 301
435 305 439 306
435 307 439 308
435 382 444 382
435 384 444 384
435 385 439 386
435 387 444 387
435 394 439 395
436 32 437 36
436 50 440 51
436 52 445 52
436 62 445 62
436 96 440 97
436 98 440 99
436 100 445 100
436 106 437 110
436 112 440 113
436 121 440 122
436 123 440 124
436 130 440 131
436 133 445 133
437 148 440 149
437 150 445 150
435 148 436 152
436 155 437 159
436 162 440 163
436 164 445 164
436 175 440 176
436 177 445 177
436 178 445 178
432 179 441 179
436 187 440 188
436 200 440 201
435 202 444 202
436 206 436 215
436 216 445 216
436 225 437 229
436 245 440 246
436 255 440 256
436 260 440 261
436 276 440 277
436 285 440 286
436 288 445 288
436 292 440 293
436 299 445 299
436 317 445 317
436 318 445 318
436 320 437 324
436 336 437 340
436 346 440 347
436 357 440 358
436 361 440 362
436 363 445 363
436 373 440 374
437 8 441 9
437 14 441 15
437 18 438 22
437 29 441 30
437 31 446 31
437 48 446 48
437 56 441 57
437 58 446 58
437 60 441 61
437 78 446 78
437 80 438 84
437 85 441 86
437 101 446 101
437 114 441 115
437 132 446 132
437 141 438 145
437 152 441 153
437 167 438 171
437 182 446 182
437 185 446 185
437 196 441 197
437 206 437 215
437 234 441 235
437 247 441 248
437 250 438 254
437 258 441 259
437 273 441 274
437 283 441 284
437 297 441 298
437 313 441 314
437 316 446 316
437 325 440 326
437 330 446 330
437 335 446 335
437 390 444 390
438 13 447 13
438 32 439 36
438 37 442 38
438 39 447 39
438 40 447 40
438 53 442 54
438 63 439 67
438 69 442 70
438 72 442 73
438 74 447 74
438 87 442 88
438 91 439 95
438 103 442 104
438 106 439 110
438 111 447 111
438 118 447 118
438 128 442 129
438 155 439 159
438 198 442 199
438 206 438 215
438 217 447 217
438 220 442 221
438 225 439 229
438 239 442 240
438 243 442 244
438 265 442 266
438 271 442 272
438 287 447 287
438 289 442 290
438 291 447 291
438 295 447 295
438 303 447 303
438 309 442 310
438 320 439 324
438 329 442 329
438 336 439 339
438 340 442 341
438 342 447 342
438 344 447 344
433 345 440 345
438 348 447 348
438 352 447 352
438 359 442 360
438 369 442 370
438 371 447 371
438 372 447 372
438 377 442 378
438 379 447 379
438 392 442 393
439 3 443 4
439 10 448 10
439 11 443 12
439 16 440 20
439 21 443 22
439 24 443 25
439 71 448 71
439 76 448 76
439 77 448 77
439 80 440 84
439 139 448 139
439 141 440 145
439 146 443 147
439 167 440 171
439 181 448 181
439 192 443 193
439 194 443 195
439 206 439 215
439 230 443 231
439 232 448 232
439 250 440 254
438 257 447 257
439 262 443 263
439 264 448 264
439 269 443 270
439 294 448 294
439 304 448 304
439 319 448 319
439 331 443 332
439 333 448 333
439 349 448 349
439 353 443 354
443 367 447 368
438 366 440 368
439 380 443 381
439 383 446 383
439 391 448 391
439 396 443 397
440 1 444 2
440 32 441 36
440 44 442 45
440 63 441 67
440 91 441 95
440 106 441 110
440 116 444 117
440 119 444 120
440 125 444 126
440 134 444 135
440 137 444 138
440 155 441 159
440 161 449 161
440 165 449 165
440 184 449 184
440 203 444 204
440 206 440 215
440 222 444 223
440 225 441 229
440 233 449 233
440 236 444 237
439 249 448 249
440 278 444 279
440 281 444 282
440 300 444 301
440 302 449 302
440 305 444 306
440 307 442 308
440 320 441 324
440 336 444 337
440 338 442 339
440 350 449 350
440 355 444 356
440 375 449 375
440 385 444 386
440 388 444 389
440 394 444 395
441 16 442 20
441 42 450 42
441 50 445 51
440 59 449 59
441 80 442 84
441 96 445 97
441 98 445 99
441 102 450 102
441 112 450 112
441 113 450 113
441 121 445 122
441 123 445 124
441 127 450 127
441 130 445 131
441 141 442 145
441 148 445 149
441 162 445 163
441 167 442 171
441 175 445 176
441 187 442 191
441 200 445 201
441 205 441 214
441 215 450 215
441 218 445 219
441 245 445 246
441 252 442 254
441 255 445 256
441 260 445 261
441 276 445 277
441 285 445 286
441 292 445 293
441 312 445 312
441 325 442 328
441 347 445 347
441 351 450 351
441 357 445 358
441 361 450 361
441 362 450 362
443 364 450 364
443 365 445 366
441 364 442 368
441 373 445 374
441 398 450 398
442 6 446 7
442 8 451 8
442 9 451 9
442 14 446 15
442 27 451 27
442 29 446 30
442 32 446 33
442 34 446 35
442 36 451 36
442 47 451 47
442 56 446 57
442 60 446 61
442 63 443 67
442 79 451 79
442 85 446 86
442 91 443 95
442 106 443 110
442 114 446 115
442 140 451 140
442 152 443 156
442 157 446 158
442 159 446 160
442 166 451 166
442 179 451 179
442 186 451 186
442 196 446 197
442 205 442 214
442 225 443 229
442 234 446 235
442 247 446 248
442 258 446 259
442 273 446 274
442 275 451 275
442 283 446 284
442 297 446 298
442 313 446 314
442 320 443 324
442 376 451 376
443 0 452 0
443 16 444 20
443 23 452 23
443 37 447 38
443 53 447 54
443 69 447 70
443 72 447 73
443 75 452 75
443 80 444 84
443 87 447 88
443 89 452 89
443 103 452 103
443 104 447 105
443 128 447 129
443 136 452 136
443 141 444 145
443 167 444 171
443 174 452 174
443 187 444 191
443 198 446 199
443 205 447 206
443 207 447 208
443 209 447 210
443 211 447 212
443 213 447 214
443 220 447 221
443 239 447 239
443 241 452 241
443 243 447 244
441 250 445 251
443 252 445 253
443 254 452 254
443 265 452 265
443 266 452 266
443 271 447 272
443 280 452 280
443 289 447 290
446 309 447 310
443 325 447 326
443 327 452 327
443 328 447 329
445 340 452 340
443 338 444 341
443 343 452 343
441 345 445 346
443 359 447 360
443 369 447 370
443 377 447 378
443 392 447 393
444 3 448 4
444 11 453 11
444 12 453 12
444 21 448 22
444 24 448 25
444 26 453 26
444 41 452 41
443 43 445 44
444 55 453 55
444 63 445 67
444 91 445 95
444 106 445 110
444 146 448 147
444 151 445 155
444 156 453 156
444 173 453 173
444 180 453 180
444 192 448 193
444 194 448 195
444 225 445 229
444 230 448 231
444 262 448 263
444 267 453 267
444 269 448 270
444 296 453 296
443 307 444 311
444 315 453 315
444 320 445 324
444 331 453 331
444 332 453 332
444 334 453 334
444 353 448 354
448 367 452 368
444 380 448 381
444 396 448 397
445 1 449 2
444 5 453 5
445 16 446 20
445 28 454 28
443 45 447 46
445 49 454 49
445 68 454 68
445 80 446 84
445 90 454 90
445 116 449 117
445 119 449 120
445 125 449 126
445 134 449 135
445 137 449 138
445 141 446 145
445 167 446 171
445 172 454 172
445 183 454 183
445 187 446 191
445 202 449 203
445 204 454 204
445 222 449 223
445 224 454 224
445 236 447 237
445 238 454 238
445 242 454 242
445 268 454 268
445 278 449 279
445 281 449 282
445 300 449 301
446 305 449 306
446 307 449 308
445 305 445 311
445 336 449 337
445 338 449 339
445 355 449 356
445 382 454 382
445 384 446 388
445 389 454 389
445 394 449 395
446 43 455 43
446 44 455 44
446 50 450 51
446 52 455 52
446 62 447 66
446 67 455 67
446 91 446 100
446 106 447 110
446 121 450 122
446 123 450 124
446 130 450 131
446 133 455 133
446 148 447 152
446 153 450 154
446 155 455 155
446 162 450 163
446 164 455 164
446 175 450 176
446 177 450 178
446 200 450 201
446 216 455 216
446 218 450 219
446 225 447 229
446 245 450 246
446 250 447 253
446 255 450 256
446 260 450 261
446 276 450 277
446 285 450 286
446 288 455 288
446 292 450 293
446 299 455 299
446 311 450 312
446 317 450 318
446 320 447 324
446 341 455 341
446 345 450 346
446 347 455 347
446 357 450 358
446 363 455 363
446 365 450 366
446 373 450 374
447 6 451 7
447 14 448 18
447 19 451 20
447 29 448 33
447 34 451 35
447 48 454 48
447 56 451 57
447 58 456 58
447 60 451 61
447 78 456 78
447 80 448 84
447 85 451 86
447 91 447 100
447 101 456 101
447 114 451 115
447 132 456 132
447 141 448 145
447 157 451 158
447 159 451 160
447 167 451 168
447 169 451 170
447 171 454 171
447 182 456 182
447 185 456 185
447 187 448 191
447 196 451 197
447 234 451 235
447 247 451 248
447 258 451 259
447 273 451 274
447 283 451 284
447 297 451 298
447 313 451 314
447 316 456 316
447 330 456 330
447 335 456 335
447 384 451 385
447 386 451 387
447 388 456 388
445 390 454 390
448 13 457 13
448 37 452 38
448 39 452 40
448 45 457 45
448 53 452 54
448 62 449 66
448 69 452 70
448 72 452 73
448 74 457 74
448 87 452 88
448 91 448 100
448 104 449 108
448 109 452 110
448 111 457 111
448 118 457 118
448 128 452 129
448 148 449 152
447 198 451 199
448 205 448 214
448 217 457 217
448 220 452 221
448 225 449 229
448 239 457 239
443 240 452 240
448 243 452 244
448 250 452 251
448 252 452 253
448 257 457 257
448 271 452 272
448 287 457 287
448 289 452 289
448 290 452 291
448 295 457 295
448 303 457 303
448 309 452 310
448 320 449 324
448 325 452 326
448 328 452 329
448 348 457 348
448 352 457 352
448 359 452 360
448 369 452 370
448 371 452 372
448 377 452 378
448 379 456 379
448 392 452 393
449 3 453 4
449 10 458 10
449 14 453 15
449 16 453 17
449 18 458 18
449 21 453 22
449 24 453 25
449 29 450 33
449 71 458 71
449 76 453 77
449 80 450 84
449 91 449 100
449 139 458 139
449 141 450 145
449 146 453 147
449 181 458 181
449 187 450 191
449 192 453 193
449 194 453 195
449 205 453 206
449 207 453 208
449 209 458 209
449 210 450 214
449 230 453 231
449 232 457 232
449 249 458 249
449 262 453 263
449 264 458 264
449 269 453 270
449 294 457 294
449 304 458 304
449 319 458 319
449 333 458 333
449 349 457 349
449 353 453 354
453 367 457 368
449 380 453 381
447 383 456 383
449 391 458 391
449 396 453 397
450 1 454 2
450 59 459 59
450 62 451 66
450 91 450 100
450 104 454 105
450 106 459 106
450 107 454 108
450 116 454 117
450 119 454 120
450 125 454 126
450 134 454 135
450 137 454 138
450 148 451 152
450 161 459 161
450 165 459 165
450 184 459 184
450 202 454 203
450 222 454 223
450 225 451 229
450 233 459 233
451 236 459 236
448 236 450 237
450 278 454 279
450 281 454 282
450 300 454 301
450 302 459 302
450 305 454 306
450 307 454 308
450 320 451 324
450 336 454 337
450 338 454 339
450 350 457 350
450 355 454 356
450 375 459 375
450 394 454 395
451 29 452 33
451 42 460 42
451 46 460 46
451 50 455 51
451 80 452 84
451 91 451 100
451 102 460 102
451 112 455 113
451 121 455 122
451 123 455 124
451 127 459 127
451 130 455 131
451 141 452 145
451 153 455 154
451 162 455 163
451 175 455 176
451 177 460 177
451 178 460 178
451 187 452 191
451 200 460 200
451 201 460 201
451 210 452 214
451 215 460 215
451 218 455 219
451 245 455 246
451 255 455 256
451 260 455 261
451 276 455 277
451 285 455 286
451 292 455 293
451 311 455 312
451 317 455 318
451 342 460 342
451 344 455 345
451 346 460 346
451 351 460 351
451 357 460 357
451 358 460 358
451 361 455 362
451 364 455 365
451 366 460 366
451 373 455 374
451 398 460 398
452 6 461 6
452 7 456 8
452 9 458 9
452 19 456 20
452 27 461 27
452 34 456 35
452 36 461 36
452 47 461 47
452 56 456 57
452 60 453 64
452 65 456 66
452 79 461 79
452 85 456 86
452 91 452 100
452 114 456 115
452 140 461 140
452 148 453 152
452 157 461 157
452 158 454 160
452 166 453 170
452 179 461 179
452 186 461 186
452 196 456 196
452 197 456 198
452 199 461 199
452 225 453 229
452 234 456 235
452 247 456 248
452 258 456 259
452 273 456 274
452 275 461 275
452 283 456 284
452 297 456 298
452 313 456 314
452 320 453 324
452 376 461 376
452 384 456 385
452 386 456 387
453 0 462 0
453 23 462 23
453 29 454 33
453 37 457 38
453 39 457 40
453 53 457 54
453 69 457 70
453 72 462 72
453 73 462 73
453 75 462 75
453 80 454 84
453 87 457 88
453 89 462 89
453 91 453 100
453 103 462 103
453 109 457 110
453 128 457 129
453 136 462 136
453 141 454 145
453 174 462 174
453 187 454 191
453 210 454 213
453 220 457 221
453 240 462 240
453 241 462 241
453 243 457 244
453 250 454 254
453 265 457 266
453 271 457 272
453 280 462 280
453 289 457 290
453 291 462 291
453 309 457 310
453 325 454 329
453 340 462 340
453 343 462 343
453 359 457 360
453 369 457 370
453 371 457 372
453 377 457 378
453 392 457 393
454 3 458 4
454 5 463 5
454 11 458 11
454 14 458 15
454 16 458 17
454 21 458 22
454 24 458 25
454 26 463 26
453 41 462 41
454 55 463 55
454 60 455 64
454 76 458 77
454 91 454 100
454 146 455 150
454 151 458 152
454 156 463 156
454 166 455 170
454 173 463 173
454 180 463 180
454 192 458 193
454 194 458 195
454 205 458 206
454 207 458 208
454 225 455 229
454 230 458 231
454 237 463 237
454 262 458 263
454 267 463 267
454 269 458 270
454 296 463 296
454 315 463 315
454 320 455 324
454 331 458 332
454 334 463 334
454 353 458 354
458 368 463 368
454 380 458 381
454 396 458 397
455 1 459 2
455 28 456 32
455 33 464 33
455 48 459 49
455 68 464 68
455 80 456 84
455 90 459 91
455 92 459 93
455 94 456 98
455 99 459 100
455 104 459 105
455 107 459 108
455 116 457 117
455 119 459 120
455 125 459 126
455 134 464 134
455 135 464 135
455 137 459 138
455 141 456 145
455 158 459 159
455 160 464 160
455 172 464 172
455 183 464 183
455 187 456 191
455 202 459 203
455 204 464 204
455 210 459 211
455 212 459 213
453 214 462 214
455 222 459 223
455 224 464 224
455 238 464 238
455 250 456 254
455 268 464 268
455 278 459 279
455 281 459 282
455 300 459 301
455 305 459 306
455 307 459 308
455 325 459 326
455 327 459 328
455 329 464 329
455 336 457 338
455 339 464 339
455 355 459 356
455 382 464 382
455 389 459 390
455 394 459 395
456 43 460 44
456 50 460 51
456 52 465 52
456 60 460 61
456 62 460 63
456 64 465 64
456 67 465 67
456 112 460 113
456 121 460 122
456 123 460 124
456 130 460 131
456 133 465 133
456 146 465 146
456 147 460 148
456 149 460 150
456 153 460 154
456 155 465 155
456 162 460 163
456 164 465 164
456 166 459 167
456 168 459 169
456 170 461 170
456 175 460 176
456 216 465 216
456 218 460 219
456 225 457 229
456 242 465 242
456 245 460 246
456 255 460 256
456 260 460 261
456 276 460 277
456 285 460 286
456 288 465 288
456 292 460 293
456 299 465 299
456 311 465 311
456 312 465 312
456 317 460 318
456 320 457 324
456 341 465 341
456 344 460 345
456 347 465 347
456 361 457 365
456 373 460 374
457 7 461 8
457 19 461 20
457 28 458 32
457 34 466 34
457 35 466 35
457 56 461 56
457 58 466 58
457 65 461 66
457 78 466 78
457 80 458 84
457 85 461 86
457 94 458 98
457 101 466 101
457 114 461 115
457 132 466 132
457 141 458 145
455 171 464 171
457 182 466 182
457 185 466 185
457 187 458 191
457 196 461 197
457 198 466 198
457 234 459 235
457 247 461 248
457 250 458 254
457 258 461 259
457 273 461 274
457 283 461 284
457 297 461 298
457 313 461 314
457 316 466 316
457 330 466 330
457 335 466 335
457 383 458 387
457 388 466 388
458 13 467 13
458 37 462 38
458 39 462 40
458 45 467 45
458 53 467 53
458 54 467 54
458 69 462 70
458 74 467 74
458 87 462 88
458 109 462 110
458 111 467 111
458 116 460 118
458 128 462 129
458 217 465 217
458 220 462 221
458 225 462 226
458 227 462 228
458 229 467 229
458 239 467 239
458 243 462 244
458 257 467 257
458 265 462 266
458 271 462 272
458 287 467 287
458 289 462 290
458 294 462 295
458 303 467 303
458 309 462 310
458 320 459 324
458 336 462 337
458 338 467 338
458 348 460 350
458 352 467 352
458 359 459 362
458 364 462 365
458 369 462 370
458 371 462 372
458 377 462 378
457 379 466 379
458 392 462 393
459 3 463 4
459 9 463 10
459 11 468 11
454 12 463 12
459 14 460 18
459 21 463 22
459 24 463 25
459 28 460 32
459 71 468 71
459 76 463 77
459 80 460 84
459 94 460 98
459 139 468 139
459 141 460 145
459 151 463 152
459 181 468 181
459 187 460 191
459 192 463 193
459 194 463 195
459 205 460 209
459 230 463 231
458 232 467 232
459 249 460 253
459 254 468 254
459 262 463 263
459 264 468 264
459 269 463 270
459 304 468 304
459 319 468 319
459 331 463 332
459 333 468 333
459 353 463 354
459 367 468 367
459 380 463 381
459 383 460 387
459 391 468 391
459 396 463 397
460 1 464 2
460 48 464 49
460 59 469 59
460 90 464 91
460 92 469 92
460 99 463 100
460 104 461 108
460 119 464 120
460 125 462 127
460 137 464 138
460 158 464 159
460 161 469 161
460 165 469 165
460 184 469 184
460 202 464 203
460 210 464 211
460 212 464 213
460 222 464 223
463 233 469 233
460 236 469 236
460 278 464 279
460 281 464 282
460 300 464 301
460 302 469 302
460 305 469 305
460 306 469 306
460 307 464 308
460 320 461 324
460 325 469 325
460 326 469 326
460 327 464 328
460 355 464 356
460 359 461 362
460 375 469 375
460 389 464 390
460 394 463 395
461 14 462 18
461 28 462 32
461 42 465 43
461 44 470 44
461 46 470 46
461 50 465 51
461 60 465 61
461 62 465 63
461 80 462 84
461 93 462 97
461 98 468 98
461 102 470 102
461 112 465 113
461 116 465 117
461 118 470 118
461 121 465 122
461 123 465 124
461 130 465 131
461 141 462 145
461 147 465 148
461 149 465 150
461 153 465 154
461 162 465 163
462 166 465 167
462 168 470 168
460 166 461 169
461 175 465 176
461 177 470 177
461 178 470 178
461 187 462 191
461 200 465 201
461 205 462 209
461 215 470 215
461 218 465 219
461 245 465 246
461 249 462 253
461 255 465 256
461 260 465 261
461 276 465 277
461 285 465 286
461 292 465 293
461 317 465 318
461 342 470 342
461 344 465 345
461 346 470 346
461 348 465 349
461 350 465 351
461 357 465 358
461 366 470 366
461 373 465 374
461 383 462 387
461 398 470 398
462 6 466 7
462 8 471 8
462 19 466 20
462 27 471 27
462 36 471 36
462 47 471 47
462 56 471 56
457 57 466 57
462 65 466 66
462 79 471 79
462 85 466 86
462 104 463 108
462 114 466 115
462 140 471 140
462 157 471 157
462 169 466 170
462 179 471 179
462 186 471 186
462 196 466 197
462 199 471 199
460 233 462 235
462 247 471 247
462 248 471 248
462 258 465 259
462 273 466 274
462 275 471 275
462 283 466 284
462 297 465 298
462 313 466 314
462 320 466 321
462 322 466 323
462 324 471 324
462 359 463 362
462 376 471 376
463 0 472 0
463 14 464 18
463 23 472 23
463 28 464 32
463 37 464 41
463 69 467 70
463 72 467 73
463 75 472 75
463 80 464 84
463 87 467 88
463 89 472 89
463 93 464 97
463 103 472 103
463 109 467 110
463 125 467 126
463 127 467 128
463 129 472 129
463 136 472 136
463 141 464 145
463 174 472 174
463 187 464 191
463 205 464 209
463 214 472 214
463 220 467 221
463 225 467 226
463 227 467 228
463 234 472 234
463 235 472 235
463 240 467 241
463 243 467 244
463 249 464 253
463 265 467 266
463 271 467 272
463 280 472 280
463 289 467 290
463 291 472 291
463 294 467 295
463 309 467 310
463 336 467 337
463 340 472 340
463 343 472 343
463 364 467 365
463 369 467 370
463 371 467 372
463 377 467 378
463 383 464 387
463 392 467 393
464 3 468 4
464 5 473 5
464 9 468 10
464 21 468 22
464 24 468 25
464 26 473 26
464 55 473 55
464 76 468 77
464 104 465 108
464 151 468 152
464 156 473 156
464 173 473 173
464 180 473 180
464 192 468 193
464 194 468 195
464 230 473 230
464 237 473 237
464 262 468 263
464 267 473 267
464 269 468 270
464 296 473 296
464 315 473 315
464 331 468 332
464 334 473 334
464 353 468 354
464 359 468 360
464 361 468 362
458 363 467 363
464 368 473 368
464 380 467 381
466 396 469 396
464 394 465 397
465 1 469 2
465 14 466 18
465 28 466 32
465 33 474 33
465 37 466 41
465 48 469 49
465 68 474 68
465 80 466 84
465 90 469 91
465 93 466 97
464 99 468 100
465 119 469 120
465 134 469 135
465 137 469 138
465 141 466 145
465 158 469 159
465 160 474 160
465 171 469 172
465 183 474 183
465 187 466 191
465 202 466 206
465 207 469 208
465 209 466 213
465 222 469 223
465 224 474 224
465 238 474 238
465 249 466 253
465 268 474 268
465 278 469 279
465 281 469 282
465 300 469 301
465 307 469 308
465 327 469 328
465 329 474 329
465 339 474 339
465 355 469 356
465 382 466 385
465 386 469 387
465 389 469 390
466 42 470 43
466 50 470 51
466 52 475 52
466 60 470 61
466 62 470 63
466 64 475 64
466 67 475 67
466 104 467 108
466 112 470 113
466 116 470 117
466 121 470 122
466 123 470 124
466 130 470 131
466 133 475 133
466 146 467 150
466 153 470 154
466 155 475 155
466 162 470 163
466 164 475 164
466 166 470 167
466 175 470 176
466 200 470 201
466 216 470 217
466 218 470 219
466 242 475 242
466 245 475 245
466 246 475 246
466 255 470 256
466 260 470 261
466 276 470 277
466 285 470 286
466 288 475 288
466 292 470 293
466 297 468 299
466 311 470 312
466 317 470 318
466 341 475 341
466 344 475 344
466 345 475 345
466 347 470 348
466 349 470 350
466 351 475 351
466 357 470 358
466 373 470 374
466 394 470 395
466 397 475 397
467 6 471 7
467 12 476 12
467 14 468 18
467 19 471 20
467 28 471 29
467 30 476 30
467 31 471 32
467 34 471 35
467 37 468 41
467 57 471 58
467 65 471 66
467 78 476 78
467 80 468 84
467 85 471 86
467 93 468 97
467 101 476 101
467 114 471 115
467 132 476 132
467 141 468 145
467 169 471 170
467 182 476 182
467 185 476 185
467 187 468 191
467 196 471 197
467 198 476 198
467 202 468 206
467 209 468 213
467 249 468 253
466 258 470 259
467 273 471 274
467 283 471 284
467 313 471 314
467 316 476 316
467 320 471 321
467 322 471 323
467 330 476 330
467 335 476 335
467 379 476 379
467 382 471 383
467 384 471 385
467 388 476 388
468 13 476 13
468 45 477 45
468 53 472 54
468 69 472 70
468 72 472 73
468 74 477 74
468 87 472 88
468 104 469 107
468 110 472 110
468 111 477 111
468 125 472 126
468 127 472 128
468 146 472 147
468 148 472 149
468 150 477 150
468 220 472 221
468 225 469 229
468 232 477 232
468 239 472 240
468 241 477 241
468 243 472 244
468 257 477 257
468 265 472 266
468 271 472 272
468 287 477 287
468 289 472 290
468 294 472 295
468 303 476 303
468 309 471 310
468 336 472 337
468 338 477 338
468 352 475 352
468 363 477 363
468 364 472 365
468 369 472 370
468 371 477 371
468 372 477 372
468 377 472 378
468 392 472 393
469 3 473 4
469 9 473 10
469 11 478 11
469 14 470 18
469 21 473 22
469 24 473 25
469 37 470 41
469 71 478 71
469 76 473 77
469 80 470 84
469 93 470 97
469 98 473 99
469 100 478 100
469 139 478 139
469 141 470 145
469 151 473 152
469 181 478 181
469 187 470 191
469 192 478 192
469 193 473 194
469 195 478 195
469 202 470 206
469 209 470 213
469 249 470 253
469 254 478 254
469 262 473 263
469 264 477 264
469 269 473 270
469 297 473 298
469 299 478 299
469 304 478 304
469 319 478 319
469 331 473 332
469 333 478 333
469 353 473 354
469 359 478 359
469 360 473 361
469 362 478 362
469 367 478 367
468 380 472 381
469 391 478 391
470 1 474 2
470 48 474 49
470 59 479 59
470 90 474 91
470 92 479 92
470 104 474 105
470 106 479 106
470 107 479 107
468 108 472 109
470 119 474 120
470 134 474 135
470 137 474 138
470 158 474 159
470 161 479 161
470 165 479 165
470 171 474 172
470 184 476 184
470 207 474 208
470 222 474 223
470 225 471 229
470 231 479 231
470 233 479 233
470 236 479 236
470 278 474 279
470 281 474 282
472 300 473 302
470 300 471 302
470 305 474 306
470 307 474 308
470 325 474 326
470 327 474 328
470 355 474 356
470 375 479 375
470 386 474 387
470 389 474 390
471 14 472 18
471 37 472 41
471 42 475 43
471 44 480 44
471 46 480 46
471 50 475 51
471 60 475 61
471 62 475 63
471 80 472 84
471 93 472 97
471 102 480 102
471 112 475 113
471 116 475 117
471 118 480 118
471 121 475 122
471 123 475 124
471 130 475 131
471 141 472 145
471 153 475 154
471 162 475 163
471 166 475 167
471 168 480 168
471 175 475 176
471 177 475 178
471 187 472 191
471 200 472 204
471 205 475 206
471 209 472 213
471 215 475 216
471 217 475 218
471 219 480 219
471 249 472 253
471 255 475 255
471 258 475 259
471 260 475 261
471 276 480 276
471 277 480 277
471 286 478 286
471 292 475 293
471 311 475 312
471 317 475 318
471 342 480 342
471 346 472 350
471 357 475 358
471 366 480 366
471 373 475 374
471 394 475 395
471 398 480 398
472 6 476 7
472 8 481 8
472 19 476 20
472 27 476 28
472 29 481 29
472 31 476 32
472 34 476 35
472 36 481 36
472 47 481 47
472 56 476 57
472 58 481 58
472 65 476 66
472 79 481 79
472 85 481 85
472 86 481 86
472 114 476 115
472 140 481 140
472 157 481 157
472 169 481 169
472 170 481 170
472 179 481 179
472 186 480 186
472 196 476 197
472 199 481 199
472 225 473 229
472 247 476 248
472 273 476 274
472 275 481 275
472 283 476 283
472 284 476 285
472 313 476 314
472 320 473 324
472 376 481 376
472 382 476 383
472 384 476 385
473 0 482 0
473 14 474 18
473 23 482 23
473 37 474 41
473 53 477 54
473 69 477 70
473 72 477 73
473 75 482 75
473 80 474 84
473 87 477 88
473 89 482 89
473 93 474 97
473 103 482 103
473 108 477 109
473 110 482 110
473 125 474 129
473 136 482 136
473 141 474 145
473 146 477 147
473 148 477 149
473 174 482 174
473 187 474 191
473 200 474 204
473 209 474 212
473 213 477 214
473 220 477 221
473 234 477 235
473 239 477 240
473 243 477 244
473 249 474 253
473 265 477 266
473 271 477 272
473 280 482 280
473 289 474 290
473 291 482 291
473 294 482 294
473 295 482 295
472 309 475 310
473 336 477 337
473 340 482 340
473 343 480 343
473 346 474 350
473 364 477 365
473 369 477 370
473 377 477 378
473 380 482 380
473 392 477 393
474 3 478 4
474 5 483 5
474 9 478 10
474 21 478 22
474 24 478 25
474 26 483 26
474 55 483 55
474 76 478 77
474 98 478 99
474 151 478 152
474 156 483 156
474 173 482 173
474 180 483 180
474 193 478 194
474 225 478 226
474 227 478 228
474 229 478 230
474 237 483 237
474 262 477 263
474 267 483 267
474 269 478 270
474 296 478 297
474 298 483 298
474 300 476 302
474 315 483 315
474 320 475 324
474 331 478 332
474 334 483 334
474 353 478 354
474 360 483 360
474 361 483 361
474 368 483 368
474 381 483 381
470 396 479 396
475 1 479 2
475 14 476 18
475 33 484 33
475 37 476 41
475 48 479 49
475 68 481 68
475 80 476 84
475 90 479 91
475 93 476 97
475 104 479 105
475 119 479 120
475 125 476 129
475 134 479 135
475 137 479 138
475 141 476 145
475 158 479 159
475 160 484 160
475 171 479 172
475 183 484 183
475 187 476 191
475 200 476 204
475 207 476 211
475 212 484 212
475 222 479 223
475 224 484 224
475 238 484 238
475 249 476 253
475 268 481 268
475 278 479 279
475 281 479 282
475 305 479 306
475 307 478 308
475 325 476 329
475 339 484 339
475 346 476 350
475 355 479 356
475 386 479 387
475 389 479 390
476 42 480 43
476 50 480 51
476 52 485 52
476 60 477 64
476 67 485 67
476 112 480 113
476 116 480 117
476 121 480 122
476 123 480 124
476 130 480 131
476 133 485 133
476 153 480 154
476 155 485 155
476 162 480 163
476 164 485 164
476 166 480 167
476 175 480 176
476 177 480 178
476 205 480 206
476 215 480 216
476 217 480 218
476 242 485 242
476 245 480 246
476 255 484 255
471 256 480 256
476 258 480 259
476 260 480 261
476 288 485 288
476 292 480 293
478 311 480 312
476 317 480 318
476 320 477 324
476 341 485 341
476 344 480 345
476 351 485 351
476 357 480 358
476 373 480 374
476 394 479 395
476 397 485 397
477 6 481 7
477 12 478 16
477 17 481 18
477 19 481 20
477 27 481 28
477 30 481 31
477 32 486 32
477 34 481 35
477 37 478 41
477 56 481 57
477 65 481 66
477 78 486 78
477 80 478 84
477 93 478 97
477 101 486 101
477 114 481 115
477 125 478 129
477 132 486 132
477 141 478 145
477 182 486 182
477 184 481 185
477 187 478 191
477 196 481 197
477 198 486 198
477 200 478 204
477 207 478 211
477 247 481 248
477 249 478 253
477 273 481 274
477 283 481 284
477 300 481 301
477 302 481 303
476 309 477 312
477 313 481 314
477 316 486 316
477 325 478 329
477 330 486 330
477 335 486 335
477 346 478 350
477 379 486 379
477 382 481 383
477 384 481 385
478 45 487 45
478 53 482 54
478 60 487 60
478 61 482 62
478 63 482 64
478 69 482 70
478 72 482 73
478 74 487 74
478 87 482 88
478 108 482 109
478 111 487 111
478 146 479 150
478 213 482 214
478 220 482 221
478 232 483 232
478 234 482 235
478 239 482 240
478 241 487 241
478 243 482 244
478 257 487 257
478 262 479 266
478 271 482 272
478 287 487 287
480 289 487 289
475 289 479 290
478 310 487 310
478 320 479 324
478 336 482 337
478 338 487 338
476 352 485 352
478 363 482 364
478 365 487 365
478 369 482 370
478 371 482 372
478 377 482 378
478 388 487 388
478 392 482 393
479 3 483 4
479 9 480 13
479 14 483 15
479 21 483 22
479 24 483 25
479 37 480 41
479 71 488 71
479 76 483 77
479 80 483 81
479 82 488 82
479 83 483 84
479 93 480 97
479 98 483 99
479 100 488 100
479 125 480 129
479 139 488 139
479 141 480 145
479 151 483 152
479 181 488 181
479 187 480 191
479 192 483 193
479 194 488 194
479 195 488 195
479 200 480 204
479 207 480 211
479 225 480 229
479 230 488 230
479 249 480 253
479 254 488 254
479 269 483 270
479 285 483 286
479 296 483 297
479 299 488 299
479 304 488 304
479 307 481 309
479 319 488 319
479 325 480 329
482 331 483 332
479 331 481 333
479 346 480 350
479 353 483 354
479 359 488 359
479 362 488 362
479 367 488 367
479 391 488 391
480 1 484 2
480 16 489 16
480 48 484 49
480 59 489 59
480 90 484 91
480 92 489 92
480 104 484 105
480 106 484 107
480 119 484 120
480 134 484 135
480 137 484 138
480 146 481 150
480 158 484 159
480 161 489 161
480 165 489 165
480 171 489 171
480 172 489 172
480 222 482 223
480 233 488 233
480 236 487 236
480 262 481 266
480 278 484 279
480 281 484 282
480 290 489 290
480 305 484 306
480 320 484 321
480 322 484 323
480 324 489 324
480 355 484 356
480 375 489 375
480 386 484 387
480 389 484 390
480 394 482 396
481 9 482 13
481 37 482 41
481 42 485 43
481 44 490 44
481 46 487 46
481 50 485 51
481 93 482 97
481 102 490 102
481 112 485 113
481 116 485 117
481 118 490 118
481 121 481 130
481 131 490 131
481 141 482 145
481 153 485 154
481 162 485 163
481 166 485 167
481 168 490 168
481 175 485 176
481 177 490 177
481 178 489 178
481 188 482 191
481 200 482 204
481 205 490 205
481 206 482 210
481 211 490 211
481 215 482 219
481 225 482 229
481 245 485 246
481 249 482 253
481 256 490 256
481 258 485 259
481 260 485 261
481 276 485 277
481 292 485 293
481 311 485 312
481 317 485 318
481 325 482 329
481 342 482 346
481 347 485 348
481 349 485 350
481 357 485 358
481 366 490 366
481 373 485 374
481 398 490 398
482 6 486 7
482 8 491 8
482 17 486 18
482 19 486 20
482 27 483 31
482 34 486 35
482 36 491 36
482 47 491 47
482 56 486 57
482 58 491 58
482 65 486 66
482 79 491 79
482 85 486 86
482 114 486 115
482 121 482 130
482 140 491 140
482 146 483 150
482 157 491 157
482 169 486 170
482 179 491 179
482 184 491 184
482 185 491 185
481 186 485 187
482 196 486 197
482 199 491 199
482 247 486 248
482 262 483 266
482 273 486 274
482 275 491 275
482 283 486 284
482 300 486 300
482 301 486 302
482 303 491 303
482 307 486 307
482 308 486 309
482 313 486 314
482 333 491 333
482 376 491 376
482 382 486 383
482 384 486 385
483 0 492 0
483 9 484 13
483 23 492 23
483 37 484 41
483 53 487 54
483 61 487 62
483 63 487 64
483 69 487 70
483 72 487 73
483 75 492 75
483 87 487 88
483 89 492 89
483 93 484 97
483 103 492 103
483 108 487 109
483 110 492 110
483 121 484 125
483 126 487 127
483 128 487 129
483 130 492 130
483 136 492 136
483 141 484 145
483 173 487 174
483 188 487 189
483 190 487 191
483 200 484 204
483 206 484 210
483 213 484 217
483 218 487 219
483 220 487 221
483 225 484 229
483 234 487 235
483 239 487 240
483 243 487 244
483 249 484 253
483 271 487 272
483 280 489 280
483 291 489 291
483 294 487 295
483 325 484 329
483 336 487 337
483 340 492 340
483 342 483 346
483 363 487 364
483 369 487 370
483 371 487 372
483 377 487 378
483 380 492 380
483 392 484 396
484 3 488 4
484 5 493 5
484 14 488 15
484 21 488 22
484 24 485 28
484 29 488 30
484 31 493 31
484 55 493 55
484 76 488 77
484 80 488 81
484 83 488 84
484 98 488 99
484 146 485 150
484 151 488 152
484 156 493 156
484 180 493 180
484 192 488 193
484 231 488 232
484 237 493 237
484 262 485 266
484 267 493 267
484 269 488 270
484 285 488 286
484 296 488 297
484 298 493 298
484 315 493 315
484 331 488 332
484 334 493 334
484 353 488 354
484 360 488 361
484 368 493 368
484 381 493 381
485 1 489 2
485 9 486 13
485 33 494 33
485 37 486 41
485 48 489 49
482 68 491 68
485 90 489 91
485 93 486 97
485 104 489 105
485 106 489 107
485 119 486 123
485 124 489 124
485 134 489 135
485 137 489 138
485 141 486 145
485 158 489 159
485 160 494 160
485 183 494 183
485 200 486 204
485 206 486 210
485 212 486 216
485 217 494 217
485 224 486 225
485 226 489 227
485 228 489 229
485 238 494 238
485 249 486 253
482 268 491 268
485 278 489 279
485 281 489 282
485 305 489 306
485 320 489 321
485 322 489 323
485 325 486 329
485 339 494 339
484 342 485 346
485 355 488 356
485 386 489 387
485 389 489 390
485 392 486 396
486 24 487 28
486 42 490 43
486 50 489 51
486 52 495 52
486 67 495 67
486 112 490 113
486 116 490 117
486 133 495 133
486 146 490 147
486 148 495 148
486 149 490 150
486 153 490 154
486 155 495 155
486 162 490 163
486 164 495 164
486 166 490 167
486 175 490 176
486 186 490 187
486 242 495 242
486 245 490 246
485 255 494 255
486 258 487 262
486 263 490 264
486 265 490 266
486 276 490 277
486 288 495 288
486 292 490 293
486 311 490 312
486 317 490 318
486 341 486 350
486 351 490 352
486 357 490 358
486 373 490 374
486 397 495 397
487 6 491 7
487 9 488 13
487 17 491 18
487 19 491 20
487 32 496 32
487 34 491 35
487 37 488 41
487 56 491 57
487 65 491 66
487 78 496 78
487 85 491 86
487 93 488 97
487 101 496 101
487 114 491 115
487 119 491 120
487 121 491 122
487 123 496 123
487 132 496 132
487 141 488 145
487 169 491 170
487 182 496 182
487 196 491 197
487 198 496 198
487 200 488 204
487 206 488 210
487 212 488 216
483 222 487 223
487 224 496 224
487 225 496 225
487 247 491 248
487 249 491 250
487 251 496 251
487 252 491 253
487 273 491 274
487 283 491 284
487 300 491 301
487 302 496 302
487 307 491 308
487 309 496 309
487 313 491 314
487 316 496 316
487 325 488 329
487 330 496 330
487 335 496 335
487 341 487 350
487 379 496 379
487 382 491 383
487 384 491 385
487 392 488 396
488 24 489 28
488 45 492 46
488 53 492 54
488 60 489 64
488 69 492 70
488 72 492 73
488 74 497 74
488 87 492 88
488 108 492 109
488 111 497 111
488 126 492 127
488 128 492 129
488 173 492 174
488 188 492 189
488 190 497 190
488 191 497 191
488 218 489 222
488 234 492 234
488 239 492 240
488 241 497 241
488 243 492 244
488 257 489 261
488 262 497 262
488 271 492 272
488 287 497 287
488 289 497 289
488 294 492 295
488 310 497 310
488 336 492 337
488 338 497 338
488 341 488 350
488 363 492 364
488 365 497 365
488 369 497 369
488 370 492 371
488 372 497 372
488 377 497 377
488 378 497 378
488 388 497 388
489 3 493 4
489 9 490 13
489 14 493 15
489 21 493 22
489 29 493 30
489 37 493 38
489 39 493 40
489 41 498 41
489 71 498 71
489 76 493 77
489 80 490 84
489 93 490 97
489 98 493 99
489 100 498 100
489 139 498 139
489 141 490 145
489 151 493 152
489 181 496 181
489 192 493 193
489 194 493 195
489 200 493 201
489 202 493 203
489 204 498 204
489 206 490 210
489 212 490 216
489 230 493 231
489 232 493 233
489 254 498 254
489 269 493 270
489 285 493 286
489 296 493 297
489 299 498 299
489 304 498 304
489 319 498 319
489 325 490 329
489 331 493 332
489 341 489 350
489 353 493 354
489 359 493 360
489 361 493 362
489 367 498 367
489 391 490 395
489 396 496 396
490 1 494 2
490 24 491 28
492 48 494 49
490 59 491 63
490 64 498 64
490 90 494 91
490 92 499 92
490 104 494 105
490 106 494 107
490 124 498 124
485 125 494 125
490 134 494 135
490 137 494 138
490 158 494 159
490 161 499 161
490 165 499 165
490 171 494 172
490 218 491 220
490 221 492 223
490 226 494 227
490 228 494 229
488 235 492 236
490 257 491 261
490 278 494 279
490 280 494 281
490 282 499 282
490 290 494 291
490 305 494 306
490 320 491 324
490 341 490 350
489 355 493 356
490 375 499 375
490 386 494 387
490 389 494 390
491 9 492 13
491 42 495 43
491 44 500 44
490 48 491 51
491 80 492 84
491 93 500 93
491 94 500 94
491 95 495 96
491 97 498 97
491 102 500 102
491 112 495 113
491 116 494 117
491 118 500 118
491 131 500 131
491 141 492 145
491 146 495 147
491 149 495 150
491 153 495 154
491 162 495 163
491 166 495 167
491 168 500 168
491 175 495 176
491 177 495 177
491 186 495 187
491 205 495 206
491 207 491 216
491 245 495 246
491 256 499 256
491 263 495 264
491 265 500 265
491 266 500 266
491 276 495 277
491 292 495 293
491 311 495 312
491 317 495 318
491 325 492 329
491 341 491 350
491 351 495 352
491 357 500 357
491 358 500 358
491 366 500 366
491 373 495 374
491 391 492 395
491 398 500 398
492 6 496 7
492 8 501 8
492 16 493 20
492 24 493 28
492 34 496 35
492 36 501 36
492 47 501 47
492 50 501 50
492 51 501 51
492 56 493 60
492 61 496 62
492 63 501 63
492 65 496 66
492 68 501 68
492 79 501 79
492 85 496 86
492 114 496 115
492 119 496 120
492 121 496 122
492 140 501 140
492 157 501 157
492 169 501 169
492 170 501 170
492 179 501 179
492 184 496 185
492 196 496 197
492 199 501 199
492 207 496 208
492 209 501 209
492 210 493 214
492 216 501 216
492 218 496 219
492 220 501 220
492 247 496 248
492 249 496 250
492 252 496 253
492 258 493 261
492 268 501 268
492 273 496 274
492 275 501 275
492 283 494 284
492 300 496 301
492 303 501 303
492 307 496 308
492 313 496 314
492 320 493 324
492 333 499 333
492 341 492 350
492 376 501 376
492 383 496 383
492 384 496 385
493 0 502 0
493 9 497 10
493 11 497 12
493 13 502 13
493 23 502 23
493 45 497 46
493 53 502 53
493 54 502 54
493 69 497 70
493 72 497 73
493 75 502 75
493 83 494 84
493 87 497 88
493 89 502 89
493 103 501 103
493 108 497 109
493 110 502 110
493 126 494 130
493 136 502 136
493 141 494 145
493 173 497 174
493 188 497 189
496 221 497 222
493 221 495 223
493 234 497 235
493 236 502 236
493 239 497 240
493 243 497 244
493 271 497 272
493 294 497 295
493 325 494 329
493 336 497 337
493 340 493 349
493 350 500 350
493 363 497 364
493 370 497 371
493 380 502 380
493 391 494 395
494 3 497 4
494 5 503 5
494 14 503 14
494 15 495 19
494 20 498 21
494 22 503 22
494 24 495 28
494 29 498 30
494 31 503 31
494 37 498 38
494 39 498 40
494 55 495 59
494 60 503 60
494 76 498 77
494 98 498 99
494 151 498 152
494 156 503 156
494 180 503 180
494 192 498 193
494 194 498 195
494 200 498 201
494 202 498 203
494 210 495 214
494 230 498 231
494 232 498 233
494 237 502 237
494 258 495 261
494 267 503 267
494 269 498 270
494 286 503 286
494 296 498 297
494 298 500 298
494 315 503 315
494 320 495 324
494 331 498 332
494 334 502 334
494 340 494 349
494 353 498 354
494 355 498 356
494 359 503 359
494 360 498 361
494 362 503 362
494 368 503 368
494 381 503 381
495 1 499 2
495 33 504 33
495 48 499 49
493 80 495 82
495 83 499 84
495 90 499 91
495 104 499 105
495 106 499 107
495 125 496 128
495 129 499 130
495 134 499 135
495 137 499 138
495 141 496 145
495 158 499 159
495 160 504 160
495 171 499 172
495 183 504 183
495 217 504 217
495 226 499 227
495 228 499 229
495 238 502 238
495 255 504 255
495 278 499 279
495 280 499 281
495 283 497 285
495 290 504 290
495 291 504 291
495 305 504 305
495 306 504 306
495 325 496 329
495 339 495 348
495 349 504 349
495 386 499 387
495 389 496 393
495 394 499 395
496 15 505 15
496 16 500 17
496 18 500 19
496 24 497 26
496 42 500 43
496 52 505 52
496 55 497 59
496 67 505 67
496 80 505 80
496 81 500 82
496 95 500 96
496 112 500 113
495 116 499 117
496 133 505 133
496 146 497 150
496 153 500 154
496 155 503 155
496 162 500 163
496 164 505 164
496 166 500 167
496 175 505 175
496 176 500 177
490 178 499 178
496 186 500 187
496 205 500 206
496 210 497 214
496 223 505 223
496 242 505 242
496 245 500 246
496 258 497 261
496 263 500 264
496 276 500 277
496 288 505 288
496 292 500 293
496 311 500 312
496 317 505 317
496 318 505 318
496 320 497 324
496 339 496 348
496 351 500 352
496 373 500 374
497 6 501 7
497 32 506 32
497 34 501 35
497 61 501 62
497 65 501 66
497 78 506 78
497 85 501 86
497 101 506 101
497 114 501 115
497 119 498 123
497 125 498 128
497 132 506 132
497 141 498 145
497 181 501 182
497 184 501 185
497 196 501 197
497 198 506 198
497 207 501 208
497 218 501 219
497 224 506 224
497 225 506 225
497 247 498 251
497 252 501 253
497 273 501 274
497 300 501 301
497 302 506 302
497 307 501 308
497 309 506 309
497 313 501 314
497 316 506 316
497 325 498 329
497 330 506 330
497 335 506 335
497 339 497 348
497 379 506 379
497 383 499 384
497 385 506 385
497 389 498 393
497 396 501 397
498 9 502 10
498 11 502 12
498 24 500 26
496 27 500 28
498 45 502 46
498 55 499 59
498 69 502 70
498 72 502 73
498 74 507 74
498 87 502 88
498 108 502 109
498 111 507 111
498 146 499 150
498 173 502 174
498 188 502 189
498 190 502 191
498 210 499 214
498 215 507 215
498 221 502 222
498 234 502 235
498 239 507 239
498 240 502 241
498 243 502 244
498 258 502 259
498 260 502 261
498 262 507 262
498 271 501 272
498 283 502 284
498 285 507 285
498 287 507 287
498 289 507 289
498 294 502 295
498 310 507 310
498 320 499 324
498 336 499 340
498 341 499 345
498 346 502 347
498 348 507 348
498 363 502 364
498 365 507 365
498 369 502 370
498 371 502 372
498 377 502 378
498 388 507 388
498 3 502 4
499 20 503 21
499 29 503 30
499 37 500 41
499 71 508 71
499 76 503 77
501 98 508 98
499 97 500 100
499 119 500 123
499 124 503 125
499 126 503 127
499 128 508 128
499 139 508 139
499 141 508 141
499 142 501 144
499 145 508 145
499 151 503 152
499 192 503 193
499 194 503 195
499 200 500 204
499 230 503 231
499 232 503 233
499 247 500 251
499 254 508 254
499 269 503 270
499 296 503 297
499 299 508 299
499 304 508 304
499 319 508 319
499 325 500 329
499 331 508 331
499 353 500 354
499 355 503 356
499 361 508 361
499 367 508 367
499 389 500 393
500 1 504 2
500 48 504 49
500 55 501 59
499 64 508 64
500 83 504 84
500 90 504 91
500 92 509 92
500 104 504 105
500 106 504 107
500 116 509 116
500 117 509 117
500 129 504 130
500 134 504 135
500 137 504 137
500 146 501 150
500 158 504 159
500 161 509 161
500 165 509 165
500 171 504 172
500 178 509 178
500 210 501 214
500 226 504 227
500 228 504 229
500 278 501 281
500 320 501 324
500 332 504 333
500 336 500 345
500 375 509 375
492 382 501 382
500 383 504 384
500 386 504 387
500 394 504 395
501 16 503 18
501 19 510 19
501 24 502 28
501 37 502 41
501 42 505 43
501 44 510 44
501 81 505 82
501 93 502 97
501 99 505 100
501 102 510 102
501 112 505 113
501 118 502 121
501 122 505 123
501 131 510 131
501 153 505 154
501 162 505 163
501 166 505 167
501 168 510 168
501 176 505 177
501 186 505 187
501 200 505 201
501 202 502 206
501 245 502 249
501 250 505 251
500 256 509 256
492 257 501 257
503 258 507 259
501 263 505 264
501 265 505 266
501 276 504 277
501 292 505 293
501 311 510 311
501 312 510 312
501 325 502 329
501 336 501 345
501 350 505 351
501 352 503 354
501 357 505 358
501 360 510 360
501 366 510 366
501 373 505 374
501 389 502 393
501 398 510 398
502 6 506 7
502 8 511 8
502 34 506 35
502 36 511 36
502 47 511 47
502 50 506 51
502 55 503 59
502 61 506 62
502 63 511 63
502 65 511 65
502 66 511 66
502 68 511 68
502 79 511 79
502 85 506 86
502 114 506 115
502 140 508 140
502 142 506 143
502 144 511 144
502 146 503 150
502 157 511 157
502 169 506 170
502 179 511 179
502 181 506 182
502 184 506 185
502 196 506 197
502 199 511 199
502 207 506 208
502 209 503 213
502 214 511 214
502 216 511 216
502 218 506 219
502 220 511 220
502 252 506 253
502 268 511 268
502 271 503 275
502 278 510 278
502 279 506 280
502 281 511 281
500 282 509 282
502 300 506 301
502 303 511 303
502 307 506 308
502 313 506 314
502 320 511 320
502 321 511 321
502 322 506 323
502 324 511 324
502 336 502 345
502 376 511 376
502 382 511 382
502 396 506 397
503 0 512 0
503 3 507 4
503 9 504 13
503 23 504 27
503 28 512 28
503 37 504 41
503 45 507 46
503 53 507 54
503 69 507 70
503 72 507 73
503 75 512 75
503 87 507 88
503 89 512 89
503 93 507 94
503 95 507 96
503 97 512 97
502 103 511 103
503 108 507 109
503 110 512 110
503 118 507 119
503 120 507 121
503 136 511 136
503 173 507 174
503 188 507 189
503 190 507 191
503 202 504 206
503 221 507 222
503 234 507 235
503 236 505 238
503 240 507 241
503 243 504 247
503 248 507 249
503 257 512 257
503 260 507 261
503 283 507 284
503 294 507 295
503 325 504 329
503 336 503 345
503 346 507 347
503 363 507 364
503 369 507 370
503 371 507 372
503 377 507 378
503 380 512 380
503 389 504 393
504 5 508 5
504 14 513 14
504 16 508 17
504 18 513 18
504 20 508 21
504 22 513 22
504 29 508 30
504 31 513 31
504 55 505 58
504 59 508 60
504 76 508 77
504 124 508 125
504 126 508 127
504 146 505 150
504 151 508 152
504 155 508 156
504 180 511 180
504 192 508 193
504 194 513 194
504 195 513 195
504 209 505 213
504 230 508 231
504 232 508 233
504 267 513 267
504 269 505 273
504 274 513 274
504 286 513 286
504 296 508 297
501 298 510 298
504 315 512 315
503 334 512 334
504 336 504 345
504 352 505 356
504 359 513 359
504 362 509 362
504 368 513 368
504 381 513 381
505 1 509 2
505 9 506 13
505 23 506 27
505 33 511 33
505 37 506 41
505 48 514 48
505 49 514 49
505 83 509 84
505 90 509 91
505 104 514 104
505 105 514 105
505 106 509 107
505 129 509 130
505 134 509 135
505 137 511 137
500 138 509 138
505 158 509 159
505 160 514 160
505 171 509 172
505 183 514 183
505 202 509 203
505 204 514 204
505 205 514 205
505 206 513 206
505 217 512 217
505 226 509 227
505 228 509 229
505 243 506 247
505 255 514 255
505 275 507 277
505 290 509 291
505 305 514 305
505 306 514 306
505 325 506 329
505 332 509 333
505 336 505 345
505 349 514 349
505 383 509 384
505 386 509 387
505 389 506 393
505 394 509 395
506 15 515 15
506 42 510 43
506 52 515 52
506 55 510 56
506 57 510 58
506 67 515 67
506 80 510 81
506 82 515 82
506 99 510 100
506 112 510 113
506 122 515 122
506 123 515 123
506 133 515 133
506 146 507 150
506 153 510 154
506 162 510 163
506 164 515 164
506 166 510 167
506 175 510 176
506 177 515 177
506 186 510 187
506 200 510 201
506 209 507 213
506 223 509 223
506 236 510 237
506 238 515 238
506 242 515 242
506 250 515 250
506 251 515 251
508 258 516 258
506 263 510 264
506 265 510 266
506 269 507 273
506 288 515 288
506 292 510 293
506 317 510 318
506 336 506 345
506 350 510 351
506 352 515 352
506 353 510 354
506 355 507 358
506 373 510 374
507 6 511 7
507 10 508 13
507 23 508 27
507 32 516 32
507 34 511 35
507 37 508 41
507 50 511 51
507 61 511 62
507 78 516 78
507 85 511 86
507 101 516 101
507 114 511 115
507 132 516 132
507 142 511 143
507 169 511 170
507 181 511 182
507 184 511 185
507 196 511 197
507 198 516 198
507 207 511 208
507 218 511 219
507 224 511 225
507 243 511 244
507 245 511 246
507 247 516 247
507 252 511 253
507 279 511 280
507 300 511 301
507 302 516 302
507 307 511 308
507 309 516 309
507 313 511 314
507 316 515 316
507 322 511 323
507 325 508 329
507 330 516 330
507 335 507 344
507 345 516 345
507 379 516 379
507 385 516 385
507 389 508 393
507 396 511 397
508 3 512 4
508 45 512 46
508 53 512 54
508 69 512 70
508 72 512 72
508 74 517 74
508 87 512 88
508 93 512 94
508 95 512 96
508 108 512 109
508 111 517 111
508 118 512 119
508 120 512 121
508 146 509 150
508 173 512 174
508 188 512 189
508 190 512 191
508 209 509 213
508 215 517 215
508 221 512 222
508 234 512 235
508 239 512 240
508 241 515 241
508 248 512 249
508 260 512 261
508 262 513 262
508 269 509 273
508 275 510 277
508 283 512 284
508 285 517 285
508 287 517 287
508 289 517 289
508 294 512 295
508 310 515 310
508 335 508 344
508 346 512 347
508 348 517 348
508 355 517 355
508 356 510 358
508 363 512 364
508 365 517 365
508 369 512 370
508 371 512 372
508 378 512 378
508 388 517 388
507 9 516 9
509 10 518 10
509 12 512 13
509 16 513 17
509 20 513 21
509 23 510 27
509 29 513 30
509 37 510 41
509 59 518 59
509 60 518 60
509 64 518 64
509 71 518 71
509 76 513 77
509 98 518 98
509 124 510 128
509 139 518 139
509 140 513 141
509 145 518 145
509 151 513 152
509 155 513 156
509 192 513 193
509 230 513 231
509 232 513 233
509 254 518 254
509 296 513 297
509 299 518 299
509 304 518 304
509 319 518 319
509 325 510 329
509 331 518 331
509 335 509 344
509 361 518 361
509 367 518 367
509 389 510 393
510 1 514 2
510 83 514 84
510 90 514 91
510 92 519 92
510 106 514 107
510 116 514 117
510 129 514 130
510 134 514 135
510 138 516 138
510 146 511 150
510 158 514 159
510 161 519 161
510 165 519 165
510 171 514 172
510 178 519 178
510 202 514 203
510 209 511 213
510 226 514 227
510 228 514 229
510 256 519 256
510 269 514 270
510 271 519 271
510 272 514 273
510 282 519 282
510 290 514 291
510 332 514 333
510 335 510 344
510 375 519 375
510 383 514 384
510 386 514 387
510 394 514 395
511 19 520 19
511 23 512 27
511 37 512 41
511 42 515 43
511 44 520 44
511 55 515 56
511 57 515 58
511 80 515 81
511 99 515 100
511 102 520 102
511 112 515 113
511 124 512 128
511 131 520 131
511 153 515 154
511 162 515 163
511 166 514 167
511 168 520 168
511 175 515 176
511 186 515 187
511 200 515 201
511 236 515 237
511 259 520 259
511 263 515 264
511 265 515 266
511 275 512 278
511 292 515 293
511 298 520 298
511 311 515 312
511 317 515 318
511 325 512 329
511 335 511 344
511 350 515 351
511 353 515 354
511 356 513 358
511 360 520 360
511 366 520 366
511 373 520 373
511 374 520 374
511 389 512 393
511 398 520 398
512 6 516 7
512 8 521 8
512 34 516 35
512 36 521 36
512 47 521 47
512 51 516 51
512 61 516 62
512 63 521 63
512 65 516 66
512 68 521 68
512 79 521 79
512 85 514 86
512 103 520 103
512 114 516 115
512 142 516 143
512 144 521 144
512 146 513 150
512 157 521 157
512 169 516 170
512 179 516 180
512 181 516 182
512 184 516 185
512 196 516 197
512 199 521 199
512 207 513 211
512 212 516 213
512 214 521 214
512 216 521 216
512 218 516 219
512 220 521 220
512 224 516 225
512 243 516 244
512 245 516 246
512 252 516 253
512 268 521 268
512 279 516 280
512 281 520 281
512 300 516 301
512 303 521 303
512 307 516 308
512 313 516 314
512 320 513 324
512 335 512 344
512 376 521 376
512 382 521 382
512 396 516 397
513 0 519 0
513 3 517 4
513 11 515 13
513 23 514 27
513 28 522 28
513 37 517 38
513 39 517 40
513 41 522 41
513 45 517 46
513 53 517 54
513 69 517 70
513 72 522 72
508 73 517 73
513 75 522 75
513 87 517 88
513 89 522 89
513 93 514 97
513 108 517 109
513 110 522 110
513 118 517 119
513 120 517 121
513 124 514 128
512 136 516 137
513 173 517 174
513 188 517 189
513 190 517 191
513 221 517 222
513 234 517 235
513 239 515 240
513 248 517 249
513 257 522 257
513 260 517 261
513 275 517 276
513 277 517 278
513 283 522 283
513 284 522 284
513 294 517 295
513 325 514 329
513 334 513 343
513 344 522 344
513 346 517 347
513 363 517 364
513 369 517 370
513 371 517 372
508 377 517 377
513 378 522 378
513 380 522 380
513 389 514 393
509 5 518 5
514 14 523 14
514 16 518 17
514 18 523 18
514 20 518 21
514 22 523 22
514 29 518 30
514 31 523 31
514 76 518 77
514 140 518 141
514 146 515 150
514 151 518 152
514 155 518 156
514 192 518 193
514 194 518 195
516 207 518 208
516 209 523 209
514 206 515 210
514 211 523 211
514 230 518 231
514 232 518 233
514 267 523 267
514 274 523 274
514 286 523 286
514 296 518 297
513 315 522 315
514 320 515 324
514 334 514 343
514 356 515 359
510 362 519 362
514 368 523 368
514 381 523 381
515 1 519 2
515 23 516 27
512 33 521 33
515 48 519 49
515 83 524 83
515 84 517 86
515 90 519 91
515 93 516 97
515 104 524 104
515 105 519 106
515 107 524 107
515 116 519 117
515 124 516 128
515 129 519 130
515 134 516 135
515 158 519 159
515 160 524 160
515 171 519 172
515 183 524 183
515 202 519 203
515 204 519 205
513 217 521 217
515 226 524 226
515 227 519 228
515 229 524 229
515 255 524 255
515 269 519 270
515 272 519 273
515 290 519 291
515 305 519 306
515 325 516 329
515 332 515 341
515 342 519 343
515 349 524 349
515 383 519 384
515 386 519 387
515 389 516 393
515 394 519 395
516 11 520 12
516 13 525 13
516 15 523 15
516 42 520 43
516 52 525 52
516 55 520 56
516 57 520 58
516 67 525 67
516 80 520 81
516 99 520 100
516 112 520 113
516 122 520 123
516 133 525 133
516 146 517 150
516 153 520 154
516 162 520 163
516 164 525 164
515 166 519 167
516 175 520 176
516 177 525 177
516 186 520 187
516 200 520 201
516 206 525 206
516 210 525 210
510 223 519 223
516 236 525 236
516 237 517 241
516 242 525 242
516 250 520 251
516 263 520 264
516 265 520 266
516 288 523 288
516 292 520 293
516 310 520 311
516 312 525 312
516 316 520 317
516 318 525 318
516 320 517 324
516 332 516 341
516 350 517 354
516 356 518 358
516 359 525 359
517 6 521 7
517 9 526 9
517 23 521 24
517 25 521 26
517 27 526 27
517 32 526 32
517 35 526 35
512 50 521 50
517 51 526 51
517 61 521 62
517 65 521 66
517 78 526 78
517 93 518 97
517 101 526 101
517 114 526 114
517 115 526 115
517 124 518 128
517 132 526 132
517 134 519 136
517 137 521 138
517 142 521 143
517 169 521 170
517 179 521 180
517 181 521 182
517 184 521 185
517 196 526 196
517 197 521 198
517 212 521 213
517 218 521 219
517 224 521 225
517 243 518 247
517 252 521 253
517 258 526 258
517 279 521 280
517 300 521 301
517 302 526 302
517 307 526 307
517 308 520 309
517 313 521 314
517 325 518 329
517 330 526 330
517 332 517 341
517 345 526 345
517 379 526 379
517 385 524 385
517 389 518 393
517 396 521 397
518 3 522 4
518 34 527 34
518 37 521 37
518 38 521 39
518 40 527 40
518 45 520 46
518 53 522 54
518 69 522 70
518 74 527 74
518 84 519 88
518 108 522 109
518 111 527 111
518 118 522 119
518 120 522 121
518 146 519 150
518 173 522 174
518 188 522 189
518 190 522 191
518 215 527 215
518 221 522 222
518 234 522 235
518 237 519 241
518 248 522 249
518 260 522 261
514 262 523 262
518 275 522 276
518 277 522 278
518 285 527 285
518 287 523 287
518 289 527 289
518 295 523 295
518 320 519 324
518 332 518 341
518 346 522 347
518 348 527 348
518 350 519 354
518 355 527 355
518 363 522 364
518 365 527 365
518 369 522 370
518 371 522 372
518 377 527 377
518 388 527 388
519 5 528 5
519 10 528 10
519 16 523 17
519 20 523 21
519 29 523 30
519 59 523 60
519 64 528 64
519 71 528 71
519 76 523 77
519 82 528 82
519 93 520 97
519 98 528 98
519 124 520 128
519 139 523 140
519 141 528 141
519 145 528 145
519 151 523 152
519 155 523 156
519 192 523 193
519 194 523 195
519 207 523 208
519 230 523 231
519 232 523 233
519 243 520 247
519 254 528 254
519 296 523 297
519 299 528 299
519 304 528 304
519 319 528 319
519 325 520 329
519 331 520 335
519 336 520 340
519 341 528 341
519 356 528 356
519 357 528 357
519 358 528 358
519 361 528 361
519 367 528 367
519 389 520 393
520 1 524 2
520 48 524 49
520 84 521 88
520 90 524 91
520 92 528 92
520 105 524 106
520 116 529 116
520 117 529 117
520 129 524 130
520 134 524 135
520 136 529 136
520 146 521 150
520 158 524 159
520 161 529 161
520 165 529 165
520 166 529 166
520 167 529 167
520 171 524 172
520 178 529 178
520 202 524 203
520 204 524 205
520 223 529 223
520 227 524 228
520 237 521 241
520 256 529 256
520 269 521 273
520 290 524 291
520 305 524 306
520 320 521 324
520 342 524 343
520 350 521 354
520 362 529 362
520 375 529 375
520 383 524 384
520 386 524 387
520 394 524 395
521 11 525 12
521 19 525 19
523 42 525 43
521 42 522 46
521 55 525 56
521 57 525 58
521 80 525 81
521 93 522 97
521 99 525 100
521 102 530 102
521 112 525 113
521 123 522 126
521 127 530 127
521 128 530 128
521 131 530 131
521 153 525 154
521 162 525 163
521 168 529 168
521 175 525 176
521 186 525 187
521 200 525 201
521 243 522 247
521 250 525 251
521 259 526 259
521 263 525 264
521 265 525 266
521 281 525 282
521 292 525 293
521 298 530 298
523 310 530 310
521 308 522 311
521 316 525 317
521 325 522 329
521 331 521 340
521 360 530 360
521 366 530 366
521 373 525 374
521 389 522 393
521 398 530 398
522 6 526 7
522 8 531 8
522 23 526 24
522 25 526 26
522 33 531 33
522 36 528 36
522 47 531 47
522 50 531 50
522 61 526 62
522 63 531 63
522 65 526 66
522 68 531 68
522 73 531 73
522 79 526 79
522 84 523 88
521 103 530 103
522 137 531 137
522 138 531 138
522 142 531 142
522 143 526 144
522 146 523 150
522 157 531 157
522 169 526 170
522 179 526 180
522 181 526 182
522 184 526 185
522 197 526 198
522 199 530 199
522 212 526 212
522 213 526 214
522 216 531 216
522 219 526 219
522 220 531 220
522 224 526 225
522 237 523 241
522 268 523 272
522 273 531 273
522 279 526 280
522 300 526 301
522 303 531 303
522 314 531 314
522 320 523 324
522 331 522 340
522 350 523 354
522 376 531 376
522 382 531 382
522 396 526 397
520 0 529 0
523 3 527 4
523 28 532 28
524 37 528 38
522 37 523 39
523 41 532 41
523 44 527 45
523 46 532 46
523 53 527 54
523 69 527 70
523 72 531 72
523 75 532 75
523 89 532 89
523 93 524 97
523 108 532 108
523 109 527 110
523 118 524 121
523 124 527 124
523 125 527 126
523 173 527 174
523 188 527 189
523 190 527 191
522 217 524 218
523 221 527 222
523 234 527 235
523 243 527 244
523 245 524 249
523 253 532 253
523 257 532 257
523 260 527 261
523 275 527 276
523 277 527 278
523 283 527 284
518 294 527 294
523 308 527 309
523 311 532 311
523 315 532 315
523 325 524 329
523 331 523 340
523 344 532 344
523 346 527 347
523 363 527 364
523 369 527 370
523 371 526 372
523 378 532 378
523 380 532 380
523 389 524 393
526 14 533 14
526 16 528 17
524 14 525 18
524 20 528 21
524 22 533 22
524 29 528 30
524 31 533 31
524 59 528 60
524 76 528 77
524 84 525 88
524 139 528 140
524 146 528 147
524 148 528 149
524 150 528 151
524 152 533 152
524 155 528 156
524 192 528 193
524 194 528 195
524 207 533 207
524 208 528 209
524 211 533 211
524 230 528 231
524 232 528 233
524 237 525 241
524 252 533 252
524 262 533 262
524 267 525 271
524 272 533 272
524 274 533 274
524 286 533 286
524 295 526 297
524 320 525 324
524 331 524 340
524 350 525 354
524 368 533 368
524 381 530 381
525 1 529 2
525 39 534 39
525 48 529 49
525 83 534 83
525 90 529 91
525 93 526 97
525 104 529 105
525 106 529 107
525 118 529 119
525 120 529 121
521 122 530 122
525 129 529 130
525 134 529 135
525 158 529 159
525 160 534 160
525 171 529 172
525 183 534 183
525 202 529 203
525 204 529 205
525 226 529 227
525 228 529 229
525 245 526 249
525 255 534 255
525 290 527 291
525 305 529 306
525 313 534 313
525 325 526 329
525 331 525 340
525 342 529 343
525 349 534 349
527 383 534 383
525 383 526 387
525 389 526 393
525 394 529 395
526 11 530 12
526 13 535 13
526 15 532 15
526 18 530 19
526 42 530 43
526 52 535 52
526 55 530 56
526 57 530 58
526 67 535 67
526 80 530 81
526 84 530 85
526 86 530 87
526 88 535 88
526 99 530 100
526 112 530 113
526 133 535 133
526 153 530 154
526 162 530 163
526 164 535 164
526 175 530 176
526 177 535 177
526 186 530 187
526 200 530 201
526 206 535 206
526 210 535 210
526 236 527 240
526 241 530 242
526 250 530 251
526 263 527 267
526 268 530 269
526 270 530 271
526 281 535 281
526 282 535 282
531 288 538 288
526 292 529 293
526 312 535 312
526 316 529 317
526 318 535 318
526 320 527 324
526 331 526 340
526 350 527 354
526 359 535 359
526 373 530 374
527 6 531 7
527 9 536 9
527 23 528 27
527 32 536 32
527 35 536 35
527 51 536 51
527 61 531 62
527 65 531 66
527 78 531 79
527 93 536 93
527 94 531 95
527 96 531 97
527 101 535 101
527 114 531 115
527 132 536 132
527 143 531 144
527 169 535 169
527 170 536 170
527 179 531 180
527 181 531 182
527 184 536 184
527 185 536 185
527 196 531 197
527 198 536 198
527 212 531 213
527 214 536 214
525 217 529 218
527 219 536 219
527 224 531 225
527 245 528 249
527 258 531 259
527 279 531 280
527 295 531 296
527 297 534 297
527 300 531 301
527 302 536 302
527 307 536 307
527 325 527 334
527 335 528 339
527 340 536 340
527 345 536 345
527 379 536 379
527 384 536 384
527 385 531 386
527 387 536 387
527 389 528 391
527 396 531 397
528 3 530 4
528 34 537 34
529 37 537 37
528 40 537 40
528 44 532 45
528 53 532 54
528 69 532 70
528 74 537 74
528 109 537 109
528 110 532 111
528 124 530 125
528 126 536 126
528 173 532 174
528 188 532 189
528 190 532 191
528 215 537 215
528 221 532 222
528 234 529 238
528 239 532 240
528 243 532 244
528 260 532 261
528 263 529 267
528 275 532 276
528 277 532 278
528 283 532 284
528 285 537 285
524 287 527 288
531 289 539 289
528 294 537 294
528 308 537 308
528 309 537 309
528 320 528 329
528 330 529 334
528 346 531 346
528 347 531 348
528 350 529 354
528 355 537 355
528 363 532 364
528 365 537 365
528 369 532 370
527 371 531 372
528 377 537 377
528 388 537 388
529 5 538 5
529 10 538 10
529 16 532 17
529 20 533 21
529 23 530 27
529 29 533 30
529 59 533 60
529 64 538 64
529 71 537 71
529 76 533 77
529 82 537 82
529 98 538 98
529 139 533 140
529 141 536 141
529 145 530 149
529 150 533 151
529 155 533 156
529 192 531 194
529 195 538 195
529 208 533 209
529 230 532 231
529 232 533 233
529 245 530 249
529 254 538 254
528 287 529 291
529 299 538 299
529 304 538 304
529 319 529 328
529 329 538 329
529 335 530 339
529 341 538 341
529 356 533 357
529 358 538 358
529 361 538 361
529 367 538 367
529 389 530 391
530 0 534 1
530 38 539 38
530 48 534 49
530 90 534 91
529 92 538 92
530 104 534 105
530 106 534 107
530 116 531 119
530 120 534 121
530 129 534 130
530 134 534 135
530 136 539 136
530 158 534 159
530 161 539 161
530 165 534 166
530 167 534 168
530 171 534 172
530 178 539 178
530 202 534 203
530 204 534 205
530 217 534 218
530 223 539 223
530 226 534 227
530 228 534 229
530 234 531 238
530 256 539 256
530 263 531 267
530 287 530 293
530 305 534 306
530 319 530 328
530 330 531 334
530 342 534 343
530 350 531 354
530 362 538 362
530 375 539 375
530 394 534 395
531 2 533 4
531 11 535 12
531 18 540 18
531 19 540 19
531 23 532 27
531 42 535 43
531 55 535 56
531 57 540 57
531 58 540 58
531 80 535 81
531 84 534 85
531 86 535 87
531 99 540 99
531 102 535 103
531 112 535 113
531 122 540 122
523 123 532 123
531 124 535 125
531 127 535 128
531 131 539 131
531 145 532 149
531 153 535 154
531 162 540 162
531 163 540 163
531 175 535 176
531 186 535 187
531 200 535 201
531 241 535 242
531 245 532 249
531 250 535 250
531 268 535 269
531 270 535 271
531 287 540 287
531 290 540 290
531 291 535 292
531 293 540 293
531 298 540 298
531 310 540 310
530 316 534 317
531 319 531 328
531 335 532 339
531 360 540 360
531 366 540 366
531 373 535 374
531 389 535 390
531 391 540 391
527 392 529 393
531 398 540 398
532 6 536 7
532 8 541 8
532 33 541 33
529 36 538 36
532 47 541 47
532 50 541 50
532 61 536 62
532 63 541 63
532 65 536 66
532 68 541 68
532 73 541 73
532 78 536 79
532 94 536 95
532 96 536 97
532 114 533 118
532 119 541 119
532 137 536 138
532 142 536 143
532 144 540 144
532 157 538 157
532 179 533 181
532 182 541 182
532 192 541 192
532 194 541 194
532 196 536 197
531 199 540 199
532 212 536 213
532 216 541 216
532 220 541 220
532 224 536 225
532 234 533 238
532 258 541 258
532 259 541 259
532 263 533 267
532 273 539 273
532 279 536 280
532 295 536 296
532 300 536 301
532 303 541 303
532 314 541 314
532 319 532 328
532 330 533 334
532 350 533 354
532 371 536 372
532 376 541 376
532 382 541 382
532 385 536 386
530 392 534 393
532 396 536 397
533 23 534 27
533 28 542 28
533 41 542 41
533 44 537 45
533 46 542 46
533 53 537 54
533 69 537 70
532 72 541 72
533 75 542 75
533 89 542 89
533 108 542 108
533 110 537 111
533 123 542 123
533 145 534 149
533 173 537 174
533 188 537 189
533 190 542 190
533 191 542 191
533 221 537 222
533 239 537 240
533 243 534 247
533 248 537 249
533 253 542 253
533 257 539 257
533 260 537 261
533 275 537 276
533 277 537 278
533 283 537 284
533 311 542 311
533 315 541 315
533 319 533 328
533 335 534 339
533 344 542 344
535 346 537 347
532 346 534 348
533 363 537 364
533 369 537 370
533 378 542 378
533 380 542 380
534 2 543 2
534 3 538 4
534 14 543 14
536 15 538 17
533 15 535 17
534 20 538 21
534 22 543 22
534 29 538 30
534 31 543 31
534 59 538 60
534 76 538 77
534 114 535 118
534 139 536 140
534 150 538 151
534 152 543 152
534 155 538 156
534 207 538 208
534 209 543 209
534 211 543 211
534 232 535 234
534 235 538 236
534 237 543 237
534 238 543 238
534 252 543 252
534 262 535 265
534 266 538 267
534 272 543 272
534 274 543 274
534 286 543 286
534 319 534 328
534 330 535 334
534 350 535 354
534 356 538 357
534 368 543 368
531 381 540 381
535 0 539 1
535 23 536 27
535 39 544 39
535 48 539 49
535 83 537 85
535 90 539 90
535 104 539 105
535 106 539 107
535 120 539 121
535 129 539 130
535 134 539 135
535 145 536 149
535 158 539 159
535 160 544 160
535 165 539 166
535 167 539 168
535 171 539 172
534 179 536 181
535 183 544 183
535 202 539 203
535 204 539 205
535 217 544 217
535 218 544 218
535 226 539 227
535 228 539 229
535 243 539 244
535 245 544 245
535 246 539 247
535 255 544 255
535 305 539 306
535 313 544 313
535 316 539 317
535 319 535 328
535 335 536 339
535 342 539 343
535 348 539 349
535 383 544 383
535 392 544 392
535 393 544 393
535 394 539 395
536 11 538 12
536 13 545 13
536 42 540 43
536 52 545 52
536 55 540 56
536 67 545 67
536 80 540 81
536 86 540 87
536 88 545 88
536 101 540 102
536 103 545 103
536 112 537 116
536 117 540 118
536 124 540 125
536 128 542 128
536 133 545 133
536 153 545 153
536 154 545 154
536 164 545 164
536 175 540 176
536 177 545 177
536 186 540 187
536 200 540 201
536 206 545 206
536 210 545 210
533 230 537 231
536 232 540 233
536 234 545 234
536 241 540 242
536 250 545 250
531 251 540 251
536 262 540 263
536 264 540 265
536 268 540 269
536 270 545 270
536 271 545 271
536 281 540 282
536 291 540 292
536 312 545 312
536 318 537 322
536 323 537 327
536 328 545 328
536 330 540 331
536 332 540 333
536 334 545 334
536 350 537 354
536 359 545 359
536 373 540 374
536 389 540 390
537 6 541 7
537 9 546 9
539 17 546 17
537 23 538 27
537 35 546 35
537 51 546 51
537 61 546 61
537 62 546 62
537 65 541 66
537 78 541 79
537 93 538 97
537 132 545 132
537 137 546 137
537 138 538 142
537 143 546 143
537 145 538 149
537 170 541 170
537 179 541 180
537 181 546 181
537 184 541 185
537 196 541 197
537 198 546 198
537 212 546 212
537 213 541 214
537 219 545 219
537 224 541 225
537 279 541 280
537 295 541 296
535 297 544 297
537 300 541 301
537 302 546 302
537 307 546 307
537 335 538 339
537 340 546 340
537 345 546 345
537 371 541 372
537 379 542 379
537 384 541 385
537 386 541 387
537 396 541 397
538 34 547 34
538 37 547 37
538 40 547 40
538 44 542 45
538 53 542 54
538 69 542 70
538 74 547 74
538 82 542 83
538 84 542 85
538 109 539 112
538 113 542 114
538 115 547 115
538 116 547 116
537 126 546 126
538 173 542 174
538 188 542 189
538 193 547 193
538 215 547 215
538 221 542 222
538 230 542 231
538 239 542 240
538 248 542 249
538 260 542 261
538 275 542 276
538 277 542 278
538 283 542 284
538 285 547 285
538 294 547 294
538 308 542 309
538 318 538 327
538 346 542 347
538 350 539 354
538 355 547 355
538 363 542 364
538 365 547 365
538 369 542 370
538 377 547 377
538 388 547 388
539 3 543 4
539 5 548 5
539 10 548 10
539 15 548 15
539 16 548 16
539 20 543 21
539 23 540 27
539 29 543 30
539 59 543 60
539 64 548 64
538 71 547 71
539 76 543 77
539 92 543 93
539 94 540 98
539 100 548 100
539 138 540 142
539 145 540 149
539 150 543 151
539 155 543 156
539 195 548 195
539 207 543 208
539 235 543 236
539 254 548 254
539 266 543 267
539 288 548 288
539 299 548 299
539 304 548 304
539 318 539 327
539 329 548 329
539 335 540 339
539 341 548 341
539 356 543 357
539 358 547 358
539 361 548 361
539 367 547 367
540 0 544 1
540 38 549 38
540 48 544 49
540 90 549 90
535 91 544 91
540 104 544 105
540 106 544 107
540 109 544 110
540 111 544 112
540 120 544 121
542 129 544 130
540 134 544 135
540 136 549 136
540 158 544 159
540 161 549 161
540 165 544 166
540 167 544 168
540 171 544 172
540 178 549 178
540 202 544 203
540 204 549 204
540 223 549 223
540 226 544 227
540 228 544 229
540 243 544 244
540 246 544 247
540 256 544 257
540 289 549 289
540 305 544 306
540 316 540 325
540 326 544 327
540 342 544 343
540 348 541 352
540 353 544 354
539 362 548 362
540 375 549 375
540 394 544 395
539 11 543 12
541 18 545 19
541 23 542 27
541 42 545 43
541 55 545 56
541 57 545 58
541 80 545 81
541 86 545 87
541 94 542 98
541 99 550 99
541 101 545 102
541 117 545 118
541 122 550 122
541 124 545 125
536 127 545 127
540 129 541 131
541 138 542 142
541 145 542 149
541 162 545 163
541 175 545 176
541 186 545 187
541 199 550 199
541 200 545 201
541 205 550 205
541 232 545 233
541 241 545 242
541 251 550 251
541 262 545 263
541 264 544 265
541 268 545 269
541 281 544 282
541 287 550 287
541 291 545 292
541 293 545 293
541 298 550 298
541 310 550 310
541 316 541 325
541 330 545 331
541 332 545 333
541 335 541 339
541 360 550 360
541 366 547 366
541 373 545 374
541 381 550 381
541 389 545 390
541 391 547 391
541 398 548 398
542 6 546 7
542 8 551 8
542 32 551 32
542 33 551 33
542 47 551 47
542 50 551 50
542 63 551 63
542 65 546 66
542 68 551 68
542 72 545 73
542 78 546 79
542 119 551 119
542 131 551 131
541 144 550 144
539 157 548 157
536 169 545 169
542 170 551 170
542 179 546 180
542 182 548 182
542 184 546 185
542 192 551 192
542 194 551 194
542 196 546 197
542 213 546 214
542 216 551 216
542 220 551 220
542 224 546 225
542 258 546 259
540 273 549 273
542 279 546 280
542 295 546 296
542 300 546 301
542 303 551 303
542 314 542 323
542 324 546 325
542 348 543 352
542 371 546 372
542 376 551 376
542 382 551 382
542 384 546 385
542 386 546 387
542 396 546 397
543 23 544 27
543 28 552 28
543 41 552 41
543 44 547 45
543 46 549 46
543 53 547 54
543 69 547 70
543 75 552 75
543 82 552 82
543 83 547 84
543 85 552 85
543 89 552 89
543 94 544 98
543 108 552 108
543 113 547 114
543 123 552 123
543 128 552 128
543 138 544 142
543 145 544 149
543 173 547 174
543 188 547 189
543 190 552 190
543 191 552 191
543 221 547 222
543 230 545 231
543 239 547 240
543 248 547 249
543 253 552 253
543 260 547 261
543 275 547 276
543 277 547 278
543 283 547 284
543 308 547 309
543 311 552 311
543 314 543 323
542 335 543 339
543 344 552 344
543 346 547 347
543 363 547 364
543 369 547 370
543 378 552 378
543 379 547 380
544 2 548 3
544 4 553 4
544 11 548 12
544 14 553 14
544 20 548 21
544 22 553 22
544 29 548 30
544 31 553 31
544 36 553 36
544 59 548 60
544 76 548 77
544 92 548 93
544 150 548 151
544 152 553 152
544 155 548 156
544 207 548 208
544 209 553 209
544 211 553 211
544 235 548 236
544 237 548 238
544 252 552 252
544 266 548 267
544 272 553 272
544 274 547 274
544 286 553 286
544 314 544 323
544 335 545 339
544 348 545 352
544 356 547 357
544 368 551 368
545 0 549 1
545 23 546 27
545 39 554 39
545 48 549 49
545 91 554 91
545 94 546 98
545 104 549 105
545 106 549 107
545 109 554 109
545 110 549 111
545 112 554 112
545 120 549 121
545 129 549 130
545 134 549 135
545 138 549 139
545 140 549 141
545 142 549 142
545 145 546 149
545 158 549 159
545 160 554 160
545 165 549 166
545 167 549 168
545 171 549 172
545 183 554 183
545 202 549 203
545 217 549 218
545 226 549 227
545 228 549 229
545 243 546 247
545 255 549 256
545 257 554 257
545 297 554 297
545 305 549 306
545 313 545 322
545 323 554 323
545 326 549 327
545 342 549 343
545 353 549 354
545 383 554 383
545 392 547 394
545 395 554 395
546 13 555 13
546 18 550 19
546 42 550 43
546 52 555 52
546 55 550 56
546 57 550 58
546 67 555 67
546 80 550 81
546 86 550 87
546 88 555 88
546 101 550 102
546 103 554 103
546 117 555 117
546 118 555 118
546 124 550 125
546 127 555 127
546 132 550 133
546 153 550 154
546 162 549 163
546 164 554 164
546 169 555 169
546 175 550 176
546 177 555 177
546 186 550 187
546 200 550 201
546 206 555 206
546 210 555 210
546 230 547 234
546 241 550 242
546 250 555 250
546 262 549 263
552 264 555 264
545 264 549 265
546 268 550 269
546 270 550 271
545 281 549 282
546 292 550 293
546 312 546 321
546 322 555 322
546 328 555 328
546 330 546 339
546 349 547 352
546 359 555 359
546 373 550 374
546 389 550 390
547 6 551 7
547 9 556 9
547 17 556 17
547 23 548 27
547 35 556 35
547 51 556 51
547 61 551 62
547 65 551 66
546 72 550 73
547 78 551 79
547 94 548 98
547 126 556 126
547 137 556 137
547 143 556 143
547 145 548 149
547 179 551 180
547 181 556 181
547 184 551 185
547 196 551 197
547 198 556 198
547 212 551 213
547 214 556 214
546 219 553 219
547 224 551 225
547 243 548 247
547 258 556 258
547 259 556 259
547 279 551 280
547 295 551 296
547 300 551 301
547 302 556 302
547 307 556 307
547 312 547 321
547 324 551 325
547 330 547 339
547 340 556 340
547 345 556 345
547 371 550 372
547 384 551 385
547 386 551 387
547 396 551 397
548 34 557 34
548 37 557 37
548 40 557 40
548 44 557 44
548 53 552 54
548 69 552 70
548 74 557 74
548 83 557 83
548 84 557 84
548 113 552 114
548 115 552 116
548 173 552 174
548 188 552 189
548 193 557 193
548 215 557 215
548 221 552 222
548 230 549 234
548 239 552 240
548 248 552 249
548 260 552 261
548 275 552 276
548 277 552 278
548 283 552 284
548 285 557 285
548 294 557 294
548 308 552 309
548 312 548 321
548 330 549 333
550 335 557 335
548 334 549 338
548 339 557 339
548 346 552 347
546 348 555 348
548 349 557 349
548 350 552 351
548 352 557 352
548 355 550 357
548 363 552 364
548 365 552 365
548 369 552 370
548 377 557 377
548 379 552 380
548 388 557 388
548 391 552 392
548 393 552 394
549 2 553 3
549 5 558 5
549 10 558 10
549 11 553 12
549 15 553 16
549 20 553 21
549 23 550 27
549 29 553 30
549 59 553 60
549 64 557 64
549 76 553 77
549 92 553 93
549 94 550 98
549 100 558 100
549 145 550 148
552 149 554 151
549 155 553 156
549 157 558 157
549 195 558 195
549 207 553 208
549 235 553 236
549 237 553 238
549 243 550 247
549 254 558 254
549 266 551 267
549 288 558 288
549 290 558 290
549 291 558 291
549 299 558 299
549 304 558 304
549 312 550 316
549 317 550 321
549 329 558 329
549 341 558 341
548 358 557 358
549 361 551 362
553 367 557 367
550 0 554 1
550 38 558 38
550 45 554 46
550 48 554 49
550 90 559 90
550 104 554 105
550 106 554 107
550 110 554 111
550 120 554 121
550 129 554 130
550 134 554 135
550 136 559 136
550 138 554 138
550 139 554 140
550 141 554 142
550 158 554 159
550 161 559 161
550 165 554 166
550 167 554 168
550 171 554 172
550 178 559 178
550 202 554 203
550 204 559 204
550 217 553 218
550 223 559 223
550 226 551 230
550 231 559 231
550 232 552 234
550 255 554 256
550 262 551 265
550 273 559 273
550 281 559 281
550 282 559 282
550 289 558 289
550 305 554 306
550 326 554 327
550 330 551 334
550 336 554 337
550 338 559 338
550 342 554 343
550 353 554 354
550 375 559 375
551 18 555 19
551 23 552 27
551 42 555 43
551 55 555 56
551 57 555 58
551 72 555 73
551 80 555 81
551 86 555 87
551 94 552 98
551 99 560 99
551 101 555 102
551 122 560 122
551 124 555 125
551 132 560 132
551 133 560 133
551 144 552 148
549 149 551 151
551 153 555 154
550 162 554 163
551 175 555 176
551 186 555 187
551 199 555 200
551 201 560 201
551 205 560 205
551 241 552 245
551 246 555 247
551 251 560 251
551 268 555 269
551 270 555 271
551 287 560 287
551 298 560 298
551 310 560 310
551 312 551 321
551 355 555 356
551 357 560 357
551 360 560 360
548 366 552 367
551 371 553 373
551 374 560 374
551 381 560 381
551 389 554 390
549 398 558 398
552 6 556 7
552 8 561 8
552 32 556 33
552 50 561 50
552 61 556 62
552 63 561 63
552 65 556 66
552 68 561 68
552 78 556 79
552 119 561 119
552 131 561 131
552 170 561 170
552 179 561 179
552 180 561 180
549 182 558 182
552 184 556 185
552 192 561 192
552 194 561 194
552 196 556 197
552 212 556 213
552 216 561 216
552 220 561 220
552 224 556 225
552 226 553 230
552 262 556 263
552 265 554 267
552 279 556 280
552 293 561 293
552 295 556 296
552 300 556 301
552 303 561 303
552 312 552 321
552 324 556 325
552 330 553 334
552 376 561 376
552 382 561 382
552 384 556 385
552 386 556 387
552 396 556 397
553 23 557 24
553 25 554 28
553 41 562 41
553 47 562 47
553 53 557 54
553 69 562 69
553 70 562 70
553 75 562 75
553 82 562 82
553 85 562 85
553 89 562 89
553 94 553 98
553 108 562 108
553 113 557 114
553 115 557 116
553 123 562 123
553 128 562 128
553 144 554 145
553 146 554 148
553 173 557 174
553 188 557 189
553 190 557 191
553 221 557 222
553 232 562 232
553 233 562 233
553 234 562 234
553 239 554 243
553 244 557 245
553 248 562 248
553 249 562 249
558 253 562 253
553 260 557 261
553 275 557 276
553 277 557 278
553 283 557 284
553 308 557 309
553 311 553 320
553 321 562 321
553 344 562 344
553 346 557 347
553 350 557 351
553 363 557 364
553 365 557 366
553 369 557 370
553 378 557 379
553 380 562 380
557 391 562 391
553 391 554 394
554 2 558 3
554 4 563 4
554 11 558 12
554 14 558 15
554 16 563 16
554 20 558 21
554 22 563 22
554 29 558 30
554 31 563 31
554 36 563 36
554 59 558 60
554 76 558 77
554 92 554 98
555 150 558 151
554 152 563 152
554 155 558 156
557 207 558 208
554 207 556 209
554 211 563 211
554 226 555 230
554 235 558 236
554 237 558 238
553 252 557 253
554 272 563 272
548 274 557 274
554 286 563 286
554 311 554 320
554 330 555 334
557 361 563 361
552 361 556 362
552 368 561 368
554 371 558 371
554 372 558 373
555 1 564 1
555 25 559 26
555 27 559 28
555 39 564 39
555 45 559 46
555 48 559 49
555 71 564 71
555 91 556 95
555 96 564 96
555 97 559 98
557 104 559 105
557 106 564 106
555 103 556 107
555 109 559 110
555 111 559 112
555 120 559 121
555 129 559 130
555 134 559 135
555 138 556 142
555 144 559 145
555 146 559 147
555 148 558 149
555 158 559 159
555 160 564 160
555 162 556 166
555 167 559 168
555 171 559 172
555 183 564 183
555 202 559 203
557 217 559 218
555 239 556 243
555 255 559 256
555 257 564 257
555 265 557 267
555 297 564 297
555 305 559 306
555 311 555 320
555 323 564 323
555 326 559 327
555 336 559 337
555 342 559 343
555 353 559 354
555 383 561 383
555 389 556 393
555 394 559 395
556 13 565 13
556 18 560 19
556 42 560 43
556 52 565 52
556 55 560 56
556 57 560 58
556 67 565 67
556 72 560 73
556 80 560 81
556 86 560 87
556 88 565 88
556 101 558 102
556 117 560 118
556 124 560 125
556 127 565 127
556 153 560 154
556 169 565 169
556 175 565 175
556 176 560 177
556 186 565 186
556 187 565 187
556 199 560 200
556 206 565 206
556 210 565 210
554 217 556 219
556 226 557 230
556 246 560 247
556 250 565 250
556 264 565 264
556 268 560 269
556 270 560 271
556 292 565 292
556 311 556 320
556 322 565 322
556 328 565 328
556 330 560 331
556 332 560 333
556 334 565 334
556 348 565 348
556 355 565 355
556 359 565 359
557 6 561 7
557 9 566 9
557 17 566 17
557 32 561 33
557 35 566 35
557 51 566 51
557 61 561 62
557 65 561 66
557 78 561 79
557 91 558 95
557 103 566 103
557 107 566 107
557 126 565 126
557 137 558 141
557 142 561 143
557 162 558 166
557 181 566 181
557 184 561 185
557 196 561 197
557 198 566 198
557 209 566 209
557 212 561 213
557 214 566 214
557 219 566 219
557 224 561 225
557 239 558 243
557 258 561 259
557 262 561 263
557 279 561 280
557 295 566 295
557 296 566 296
557 300 561 301
557 302 566 302
557 307 566 307
557 311 557 320
557 324 561 325
557 340 566 340
557 345 566 345
557 362 566 362
557 384 561 385
557 386 561 387
557 389 561 390
557 392 561 393
557 396 561 397
558 0 567 0
558 23 562 24
558 37 567 37
558 40 567 40
558 44 567 44
558 53 562 54
558 74 567 74
558 83 562 84
558 113 562 114
558 115 562 116
558 173 562 174
558 188 562 189
558 190 562 191
558 193 567 193
558 215 567 215
558 221 562 222
558 226 559 230
558 244 562 245
558 252 567 252
558 260 562 261
558 265 560 267
558 274 559 278
558 283 562 284
558 285 567 285
558 308 562 309
558 311 558 320
558 335 567 335
558 339 567 339
558 346 562 347
558 349 562 350
558 351 562 352
558 356 567 356
558 358 567 358
558 363 562 364
558 365 561 366
558 369 562 370
558 377 562 378
558 379 567 379
558 388 566 388
559 2 563 3
559 5 568 5
559 10 563 10
559 11 563 12
559 14 563 15
559 20 563 21
559 29 563 30
559 59 563 60
558 64 567 64
559 76 563 77
559 91 560 95
559 100 568 100
559 137 560 141
559 150 563 151
559 155 563 156
559 157 568 157
559 162 560 166
559 182 566 182
559 195 568 195
559 207 563 208
559 235 560 239
559 240 562 241
559 242 563 242
559 254 567 254
559 288 568 288
559 289 563 290
559 294 568 294
559 299 568 299
559 304 568 304
559 311 559 320
559 329 568 329
559 341 568 341
558 367 567 367
559 371 563 372
559 373 568 373
559 398 564 398
560 25 569 25
560 26 569 26
560 27 564 28
560 34 569 34
559 38 568 38
560 45 564 46
560 48 564 49
560 90 569 90
560 97 564 98
560 104 569 104
560 105 569 105
560 109 563 110
560 111 564 112
560 120 564 121
560 129 564 130
560 134 564 135
560 136 569 136
560 144 564 145
560 146 564 147
559 148 563 149
560 158 564 159
560 161 569 161
560 167 564 168
560 171 564 172
560 178 569 178
560 202 565 202
560 203 564 204
560 217 564 218
560 223 569 223
560 226 561 230
560 231 569 231
560 255 564 256
560 273 561 277
560 278 569 278
560 281 564 282
560 305 564 306
560 311 560 320
560 326 564 327
560 336 564 337
560 338 569 338
560 342 564 343
560 353 564 354
560 375 569 375
560 394 564 395
561 18 565 19
561 42 565 43
561 55 565 56
561 57 565 58
561 72 565 73
561 80 565 81
561 86 565 87
561 91 562 95
561 99 570 99
559 101 563 102
561 117 563 118
561 122 569 122
561 124 565 125
561 132 565 133
561 137 562 141
561 153 565 154
561 162 562 166
561 176 565 177
561 199 565 199
561 200 565 201
561 205 570 205
561 235 562 239
561 246 565 247
561 251 570 251
561 265 562 269
561 270 565 271
561 287 570 287
561 298 570 298
561 310 561 319
561 320 570 320
561 330 565 331
561 332 565 333
561 357 570 357
561 360 570 360
561 374 570 374
561 381 570 381
562 6 566 7
562 8 571 8
562 32 566 33
562 50 571 50
562 61 566 62
562 63 568 63
562 65 566 66
562 68 571 68
562 78 566 79
562 119 568 119
562 131 571 131
562 142 566 143
562 170 571 170
562 179 566 180
562 184 566 185
562 192 571 192
562 194 571 194
562 196 566 197
562 212 566 213
562 216 571 216
562 220 571 220
562 224 563 228
562 229 566 230
562 258 566 259
562 262 566 263
562 273 563 277
562 279 566 280
562 293 571 293
562 300 566 301
562 303 571 303
562 310 562 319
562 324 566 325
562 368 571 368
562 382 566 383
562 384 566 385
562 386 566 387
562 389 566 390
562 392 566 393
562 396 566 397
563 23 567 24
563 41 572 41
563 47 569 47
563 53 567 54
563 69 567 70
563 75 568 75
563 82 567 83
563 84 567 85
563 89 572 89
563 91 564 95
563 108 567 108
563 113 567 114
563 115 567 116
563 123 572 123
563 128 572 128
563 137 564 141
563 162 564 166
563 173 567 174
563 188 567 189
563 190 567 191
563 221 567 222
563 232 564 236
563 237 567 238
563 239 565 241
563 244 567 245
563 248 567 249
563 253 572 253
563 260 567 261
563 265 567 266
563 267 565 269
563 283 567 284
563 291 572 291
563 308 563 317
563 318 567 319
563 321 572 321
563 344 572 344
563 346 566 347
563 349 567 350
563 351 567 352
563 363 567 364
567 365 572 365
562 365 566 366
563 369 567 370
563 376 565 378
563 380 572 380
563 391 572 391
564 2 568 3
564 4 568 4
564 10 568 11
564 12 573 12
564 14 568 15
564 16 573 16
564 20 568 21
564 22 573 22
564 29 568 30
564 31 573 31
564 36 573 36
564 59 568 60
564 76 568 77
564 101 573 101
564 102 573 102
564 148 565 152
564 155 568 156
564 207 568 208
564 211 573 211
564 224 565 228
564 242 573 242
559 243 568 243
564 272 565 275
564 276 568 277
564 286 573 286
564 289 568 290
564 308 564 317
564 361 573 361
564 371 568 372
565 1 574 1
565 27 569 28
565 39 574 39
565 45 569 46
565 48 569 49
565 71 574 71
565 91 566 95
565 96 569 97
565 98 574 98
565 106 574 106
564 109 568 110
565 111 569 112
565 120 569 121
565 129 569 130
565 134 569 135
565 137 566 141
565 144 569 145
565 146 569 147
565 158 569 159
565 160 574 160
565 162 566 166
565 167 569 168
565 171 569 172
565 183 574 183
565 203 569 204
565 217 569 218
565 232 566 236
565 255 569 256
565 257 574 257
565 281 569 282
565 297 574 297
565 305 569 306
565 308 565 317
565 323 574 323
565 326 569 327
565 336 569 337
565 342 569 343
565 353 569 354
565 394 569 395
566 13 575 13
566 18 570 19
566 42 570 43
566 52 575 52
566 55 570 56
566 57 570 58
566 67 575 67
566 72 570 73
566 80 570 81
566 86 570 87
566 88 570 88
564 117 568 118
566 124 570 125
566 126 570 127
566 132 570 133
566 148 567 152
566 153 568 154
566 169 575 169
566 175 570 176
566 177 575 177
566 186 570 187
566 199 570 200
566 201 570 202
566 206 573 206
566 210 575 210
566 224 567 228
566 239 568 241
566 246 568 247
566 250 575 250
566 264 575 264
566 267 567 271
566 272 570 273
566 274 570 275
566 292 575 292
566 308 566 317
566 322 575 322
566 328 575 328
566 330 567 334
566 348 575 348
566 355 575 355
566 359 575 359
566 376 575 376
566 378 575 378
567 6 571 7
567 9 576 9
567 17 576 17
567 32 571 33
567 35 576 35
567 51 576 51
567 61 571 62
567 65 571 66
567 78 571 79
567 91 568 95
567 103 575 103
567 137 568 141
567 142 571 143
567 162 568 166
567 179 571 180
567 181 571 182
567 184 571 185
567 196 571 197
567 198 576 198
567 209 576 209
567 212 571 213
567 214 576 214
567 219 576 219
567 229 571 230
567 232 568 236
567 258 571 259
567 262 571 263
567 279 571 280
567 295 571 296
567 300 571 301
567 302 576 302
567 307 567 316
567 317 576 317
567 324 571 325
567 340 576 340
567 345 576 345
567 362 576 362
567 366 576 366
567 382 571 383
567 384 568 388
567 389 571 390
567 392 571 393
567 396 571 397
568 0 577 0
568 23 572 24
568 37 577 37
568 40 577 40
568 44 577 44
568 53 572 54
568 69 572 70
568 74 577 74
568 82 572 83
568 84 577 84
568 85 577 85
568 107 572 108
568 113 572 114
568 115 572 116
568 148 569 152
568 173 572 174
568 188 572 189
568 190 572 191
568 193 577 193
568 215 576 215
568 221 572 222
568 224 569 228
568 237 572 238
568 244 572 245
568 249 577 249
568 252 577 252
568 260 572 261
568 265 569 269
568 270 572 271
568 283 572 284
568 285 577 285
568 307 569 311
568 312 569 316
568 318 572 319
568 330 569 334
568 335 577 335
568 339 577 339
567 346 571 347
568 349 572 350
568 351 572 352
568 356 577 356
568 358 577 358
568 363 572 364
568 367 577 367
568 369 572 370
568 379 575 379
569 2 573 3
569 4 573 5
569 10 573 11
569 14 578 14
569 15 578 15
569 20 573 21
569 29 573 30
569 38 577 38
569 59 573 60
569 63 573 64
569 75 573 76
569 77 578 77
569 91 570 95
569 100 578 100
569 109 573 110
569 117 577 117
569 118 573 119
569 137 570 141
571 155 578 155
569 153 570 157
569 162 573 163
569 164 573 165
569 166 578 166
569 195 578 195
569 207 573 208
569 232 570 236
569 239 578 239
569 240 573 241
569 243 578 243
569 246 571 248
568 254 577 254
569 276 573 277
569 288 573 289
569 290 578 290
569 294 578 294
569 299 578 299
569 304 578 304
569 329 578 329
569 341 578 341
569 371 572 372
569 373 578 373
569 384 573 385
569 387 578 387
569 388 578 388
565 398 574 398
570 25 574 26
570 27 574 28
570 34 579 34
570 45 574 46
570 48 574 49
570 90 579 90
570 96 574 97
570 104 574 105
570 111 574 112
570 120 574 121
570 129 574 130
570 134 574 135
570 136 579 136
570 144 571 148
570 149 579 149
570 150 572 152
570 158 574 159
570 161 579 161
570 167 574 168
570 171 574 172
570 178 579 178
570 203 574 204
570 217 574 218
570 223 571 227
570 228 579 228
570 231 577 231
570 255 574 256
570 265 571 269
570 278 578 278
570 281 574 282
570 305 570 314
570 315 574 316
570 326 574 327
570 330 571 334
570 336 574 337
570 338 579 338
570 342 574 343
570 353 574 354
570 375 577 375
570 394 574 395
571 18 575 19
571 42 575 43
571 55 575 56
571 57 575 58
571 72 575 73
571 80 575 81
571 86 580 86
571 87 575 88
571 91 572 95
571 99 580 99
570 122 579 122
571 124 575 125
571 126 580 126
571 127 580 127
571 132 575 133
571 137 572 141
571 153 574 154
571 156 575 157
571 175 575 176
571 186 575 187
571 199 575 200
571 201 575 202
571 205 580 205
571 232 572 236
571 251 580 251
571 272 575 273
571 274 575 275
571 287 580 287
571 298 580 298
571 305 571 314
571 320 580 320
571 357 580 357
571 360 580 360
571 374 577 374
571 381 580 381
572 6 576 7
572 8 581 8
572 32 576 33
572 50 581 50
572 61 576 62
572 65 576 66
572 68 581 68
572 78 576 79
572 131 581 131
572 142 573 146
572 147 581 147
572 148 581 148
572 170 581 170
572 179 576 180
572 181 576 182
572 184 576 185
572 192 581 192
572 194 581 194
572 196 576 197
572 212 576 213
572 216 581 216
572 220 581 220
572 223 573 227
572 229 576 230
572 246 576 247
572 248 581 248
572 258 576 259
572 262 576 263
572 265 573 269
572 279 576 280
572 293 581 293
572 295 576 296
572 300 576 301
572 303 581 303
572 305 572 314
572 324 576 325
572 330 573 334
572 346 581 346
572 347 581 347
572 368 581 368
572 382 576 383
572 389 576 390
572 392 576 393
572 396 576 397
573 23 577 24
573 41 582 41
570 47 579 47
573 53 577 54
573 69 577 70
573 82 577 83
573 89 582 89
573 91 574 95
573 107 577 108
575 113 577 114
575 115 582 115
573 113 574 116
573 123 582 123
573 128 582 128
573 137 574 141
573 151 576 152
573 173 577 174
573 188 577 189
573 190 577 191
573 221 577 222
573 232 574 236
573 237 577 238
573 244 577 245
573 253 582 253
573 260 577 261
573 270 577 271
573 283 577 284
573 291 582 291
573 305 573 314
573 318 577 319
573 321 582 321
573 344 582 344
573 349 577 350
573 351 577 352
573 363 577 364
573 365 582 365
573 369 582 369
573 370 575 372
573 380 582 380
573 391 582 391
574 2 578 3
574 4 578 5
574 10 578 11
574 12 583 12
574 16 583 16
574 20 578 21
574 22 583 22
574 29 578 30
574 31 583 31
574 36 583 36
574 59 578 60
574 63 578 64
574 75 578 76
574 101 578 102
574 109 583 109
574 110 583 110
574 118 583 118
574 142 574 146
574 162 578 163
574 164 578 165
574 207 578 208
574 211 583 211
574 223 575 227
574 240 578 241
574 242 583 242
574 265 575 269
574 276 578 277
574 286 583 286
574 288 578 289
574 305 574 314
574 330 575 334
574 361 583 361
574 384 578 385
575 1 584 1
575 25 579 26
575 27 579 28
575 39 584 39
575 45 577 46
575 48 579 49
575 71 584 71
575 91 576 95
575 96 579 97
575 98 584 98
575 104 579 105
575 106 584 106
575 111 579 112
575 116 584 116
575 119 579 120
575 121 584 121
575 129 579 130
575 134 579 135
575 137 575 146
575 158 579 159
575 160 584 160
575 167 579 168
575 171 579 172
575 183 584 183
575 203 579 204
575 217 579 218
575 232 576 236
575 255 579 256
575 257 584 257
575 281 579 282
575 297 584 297
575 305 575 314
575 315 579 316
575 323 584 323
575 326 579 327
575 336 579 337
575 342 578 343
575 353 579 354
575 394 584 394
575 395 584 395
575 398 584 398
576 13 585 13
576 18 580 19
576 42 580 43
576 52 585 52
576 55 580 56
576 57 585 57
576 67 585 67
576 73 585 73
576 80 580 81
576 87 580 88
576 124 580 125
576 132 580 133
576 137 577 141
576 142 577 146
575 153 579 154
576 156 580 157
576 169 585 169
576 175 580 176
576 177 585 177
576 186 580 187
576 199 580 200
576 201 580 202
574 206 583 206
576 210 585 210
576 223 577 227
576 250 585 250
576 264 577 268
576 269 585 269
576 272 580 273
576 274 580 275
576 292 585 292
576 305 576 314
576 322 585 322
576 328 585 328
576 330 577 334
576 355 585 355
576 359 582 359
576 370 578 372
576 376 585 376
576 377 585 377
576 378 580 379
577 6 581 7
577 9 586 9
577 17 586 17
577 32 581 33
577 35 586 35
577 51 586 51
577 58 586 58
577 61 581 62
577 65 581 66
577 78 581 79
577 91 578 95
576 103 585 103
577 150 579 152
577 179 581 180
577 181 581 182
577 184 581 185
577 196 581 197
577 198 586 198
577 209 584 209
577 212 581 213
577 214 585 214
577 219 586 219
577 229 581 230
577 232 578 236
577 246 581 247
577 258 581 259
577 262 581 263
577 279 581 280
577 295 581 296
577 300 581 301
577 302 586 302
577 305 577 314
577 317 586 317
577 324 581 325
577 340 586 340
577 345 586 345
577 362 586 362
577 366 586 366
577 382 581 383
577 389 581 390
577 392 581 393
577 396 581 397
578 0 587 0
578 23 582 24
578 37 587 37
578 40 587 40
578 44 580 46
578 53 582 54
578 69 582 70
578 74 587 74
578 82 582 83
578 84 582 85
578 107 582 108
578 113 582 114
578 137 578 146
578 173 582 174
578 188 582 189
578 190 582 191
578 193 585 193
577 215 586 215
578 221 579 225
578 226 582 227
578 237 582 238
578 244 582 245
578 249 587 249
578 252 587 252
578 254 587 254
578 260 582 261
578 264 579 268
578 270 582 271
578 283 582 284
578 285 587 285
578 305 578 314
578 318 582 319
578 330 579 334
578 335 587 335
578 339 587 339
578 348 582 349
578 350 582 351
578 352 587 352
578 356 587 356
578 358 587 358
578 363 582 364
578 367 587 367
579 2 583 3
579 4 583 5
579 10 583 11
579 14 583 15
579 20 588 20
579 21 588 21
579 29 588 29
579 30 588 30
578 38 587 38
579 59 583 60
579 63 583 64
579 75 583 76
579 77 588 77
579 91 580 95
579 100 588 100
579 101 583 102
578 117 587 117
579 137 579 146
579 155 588 155
579 162 580 166
579 195 588 195
579 207 583 208
579 232 580 236
579 239 581 241
579 243 588 243
579 277 583 278
579 288 583 289
579 290 588 290
579 294 588 294
579 299 588 299
579 304 579 313
579 314 588 314
579 329 583 329
579 341 581 343
579 371 583 372
579 373 588 373
579 384 580 388
580 25 589 25
580 26 589 26
580 27 584 28
580 34 589 34
580 47 582 49
580 90 589 90
580 96 584 97
580 104 584 105
580 111 584 112
580 119 584 120
580 122 589 122
580 129 584 130
580 134 580 143
580 144 584 145
580 146 589 146
580 149 581 153
580 154 589 154
580 158 584 159
580 161 589 161
580 167 584 168
580 171 584 172
580 178 589 178
580 203 589 203
580 204 589 204
580 217 584 218
580 221 581 225
580 228 589 228
578 231 587 231
580 255 584 256
580 264 584 265
580 266 589 266
580 267 584 268
580 276 589 276
580 281 584 282
580 304 580 313
580 315 584 316
580 326 584 327
580 330 581 334
580 336 584 337
580 338 589 338
580 353 584 354
583 375 589 375
581 18 585 19
581 42 585 43
581 44 590 44
581 45 583 46
581 55 585 56
581 72 590 72
581 80 585 81
581 86 585 87
581 88 590 88
581 91 582 95
581 99 590 99
581 124 585 125
581 126 585 127
581 132 581 141
581 142 585 143
581 156 585 157
581 162 582 166
581 175 585 176
581 186 585 187
581 199 590 199
581 200 585 201
581 202 590 202
581 205 590 205
581 232 582 236
581 251 590 251
581 272 585 273
581 274 585 275
581 287 590 287
581 298 590 298
581 304 581 313
581 320 590 320
581 357 587 357
581 360 590 360
581 370 590 370
578 374 582 375
581 378 590 378
581 379 590 379
581 381 590 381
581 384 582 388
582 6 586 7
582 8 591 8
582 32 586 33
582 50 589 50
582 61 586 62
582 65 586 66
582 78 586 79
582 131 582 140
582 141 591 141
582 147 583 151
582 152 586 153
582 170 591 170
582 179 591 179
582 180 586 181
582 182 591 182
582 184 586 185
582 192 591 192
582 194 589 194
582 196 586 197
582 212 586 213
582 216 586 216
582 220 583 224
582 225 591 225
582 229 586 230
582 239 591 239
582 240 586 241
582 246 586 247
582 248 591 248
582 258 586 259
582 262 586 263
582 279 586 280
582 293 591 293
582 295 586 295
582 300 586 301
582 303 583 307
582 308 583 312
582 313 591 313
582 324 586 325
582 330 583 334
582 341 586 342
582 343 591 343
582 346 586 347
582 368 591 368
582 382 586 383
582 389 586 390
582 392 586 393
582 396 584 397
583 23 587 24
583 41 592 41
583 48 587 49
583 53 587 54
583 69 592 69
583 70 592 70
583 82 587 83
583 84 587 85
583 89 592 89
583 91 584 95
583 107 587 108
583 113 587 114
583 115 592 115
583 123 592 123
583 128 592 128
583 131 583 140
583 162 584 166
583 173 587 174
583 188 587 189
583 190 587 191
583 226 587 227
583 232 584 236
583 237 587 238
583 244 587 245
583 253 588 253
583 260 592 260
583 261 592 261
583 270 587 271
583 283 587 284
583 291 592 291
583 318 587 319
583 321 592 321
583 344 592 344
583 348 587 349
583 350 587 351
583 363 587 364
583 365 592 365
583 369 592 369
583 374 592 374
583 380 592 380
583 384 584 388
583 391 592 391
584 2 588 3
584 4 588 5
584 10 588 11
584 12 593 12
584 14 588 15
584 16 593 16
584 22 589 22
584 31 593 31
584 36 593 36
584 45 586 47
584 59 588 60
584 63 588 64
584 75 588 76
584 101 588 102
584 109 588 110
584 118 593 118
584 131 584 140
584 147 585 151
584 206 588 207
584 208 593 208
584 211 588 211
584 220 585 224
584 242 593 242
584 277 588 278
584 286 591 286
584 288 588 289
584 303 584 312
584 330 585 334
584 361 593 361
584 371 588 372
585 1 594 1
585 27 589 28
585 39 594 39
585 71 594 71
585 91 586 95
585 96 589 97
585 98 594 98
585 104 589 105
585 106 594 106
585 111 589 112
585 116 594 116
585 119 589 120
585 121 594 121
585 129 586 133
585 134 586 138
585 139 589 140
585 144 589 145
585 158 589 159
585 160 594 160
585 162 586 166
585 167 589 168
585 171 589 172
585 183 594 183
585 217 589 218
585 232 586 236
585 255 589 256
585 257 594 257
585 264 589 265
585 267 589 268
585 281 589 281
585 297 594 297
585 303 585 312
585 315 589 316
585 323 594 323
585 326 589 327
585 336 589 337
585 353 589 354
585 384 586 388
585 394 594 394
585 395 587 397
585 398 594 398
586 13 595 13
586 18 590 19
586 42 590 43
586 52 595 52
586 55 590 56
586 57 595 57
586 67 595 67
586 73 595 73
586 80 590 81
586 86 590 87
586 103 595 103
586 124 590 125
586 126 590 127
586 142 590 143
586 147 590 148
586 149 590 150
586 151 595 151
586 156 590 157
586 169 595 169
586 175 590 176
586 177 595 177
586 186 590 187
586 200 590 201
586 220 587 224
586 250 594 250
586 269 595 269
586 272 587 273
586 274 589 275
586 292 595 292
586 303 586 312
586 322 595 322
586 328 595 328
586 330 590 331
586 332 590 333
586 334 595 334
586 355 595 355
583 359 590 359
586 376 590 377
587 6 591 7
587 9 596 9
587 17 596 17
587 32 591 33
587 35 596 35
587 45 590 46
587 47 596 47
587 51 596 51
587 58 596 58
587 61 591 62
587 65 591 66
587 78 591 79
587 91 588 95
587 129 587 138
587 152 591 153
587 162 588 166
587 180 591 181
587 184 591 185
587 196 591 197
587 198 596 198
585 209 594 209
587 212 591 213
586 214 595 214
587 215 591 216
587 219 596 219
587 229 591 230
587 232 588 236
587 240 591 240
587 246 596 246
587 247 596 247
587 258 591 259
587 262 591 263
587 279 591 280
587 295 596 295
582 296 591 296
587 300 587 309
587 310 591 311
587 312 596 312
587 317 596 317
587 324 591 325
587 340 591 341
587 342 596 342
587 345 591 346
587 347 596 347
587 362 596 362
587 366 596 366
587 382 588 386
587 387 591 388
587 389 591 390
587 392 591 393
588 0 597 0
588 23 592 24
588 37 592 38
588 40 596 40
588 53 592 54
588 68 597 68
588 74 597 74
588 82 592 83
588 84 592 85
588 107 592 108
588 113 592 114
588 117 597 117
588 129 588 138
588 173 592 174
588 188 592 189
588 190 592 191
586 193 591 193
588 220 589 224
588 226 592 227
588 231 597 231
588 237 592 238
588 244 592 245
588 249 595 249
588 252 597 252
588 254 597 254
588 270 597 270
588 271 590 273
588 283 592 284
588 285 597 285
588 300 588 309
588 318 592 319
588 335 597 335
588 339 597 339
588 348 589 352
588 356 595 356
588 357 592 358
588 363 592 364
588 367 596 367
588 395 590 397
589 2 593 3
589 4 593 5
589 10 593 11
589 14 593 15
589 20 593 21
589 29 593 30
589 59 593 60
589 63 593 64
589 75 593 76
589 77 598 77
589 91 590 95
589 100 593 101
589 102 598 102
589 109 593 110
589 129 589 138
589 155 598 155
589 162 590 166
589 195 598 195
589 206 593 207
589 210 593 211
589 232 590 236
589 243 598 243
589 277 592 278
589 288 593 289
589 290 598 290
589 294 598 294
589 299 589 308
589 309 598 309
589 314 598 314
584 329 593 329
589 371 593 372
589 373 598 373
589 382 590 386
590 25 594 26
590 27 594 28
590 34 599 34
590 49 594 50
590 90 599 90
590 96 594 97
590 104 594 105
590 111 594 112
590 119 599 119
590 120 599 120
590 122 599 122
590 129 590 138
590 139 594 140
590 144 594 145
590 146 599 146
590 154 599 154
590 158 594 159
590 161 599 161
590 167 594 168
590 171 599 171
590 172 599 172
590 178 599 178
590 203 594 204
590 217 594 218
590 220 591 224
590 228 599 228
590 255 594 256
590 264 591 268
590 274 592 276
590 281 599 281
585 282 594 282
590 299 590 308
590 315 594 316
590 326 594 327
590 336 594 337
590 338 599 338
590 348 591 352
590 353 594 354
590 375 599 375
591 18 595 19
591 42 595 43
591 44 600 44
591 55 595 56
591 72 600 72
591 80 595 81
591 86 595 87
591 88 600 88
591 91 592 95
591 99 600 99
591 124 595 125
591 126 595 127
591 129 591 138
591 142 600 142
591 143 600 143
591 147 595 148
591 149 595 150
591 156 595 157
591 162 592 166
591 175 595 176
591 186 595 187
591 199 595 200
591 201 595 202
591 205 600 205
591 232 592 236
591 251 600 251
591 271 595 272
591 273 600 273
591 287 600 287
591 298 591 307
591 308 600 308
591 320 600 320
591 330 595 331
591 332 600 332
591 333 600 333
596 360 600 360
591 370 600 370
591 376 595 377
591 378 595 379
591 381 592 385
591 386 600 386
591 395 595 396
591 397 599 397
592 6 596 7
592 8 599 8
592 32 596 33
591 45 595 46
592 61 596 62
592 65 596 66
592 78 596 79
592 129 592 138
592 141 601 141
592 152 596 153
592 170 600 170
592 179 596 180
592 181 596 182
592 184 594 185
592 192 596 193
590 194 599 194
592 196 596 197
592 212 595 213
592 215 596 216
592 220 593 224
592 225 601 225
592 229 596 230
592 239 596 240
587 241 596 241
592 248 601 248
592 258 596 259
592 262 593 266
592 267 596 268
592 279 596 280
592 293 601 293
592 296 601 296
592 298 592 307
592 310 596 311
592 313 601 313
592 324 596 325
592 340 596 341
592 343 601 343
592 345 595 346
592 348 593 352
592 368 601 368
592 387 596 388
592 389 596 390
592 392 596 393
593 23 597 24
593 37 597 38
593 41 602 41
593 53 597 54
593 69 597 70
593 82 597 83
593 84 597 85
593 89 602 89
593 91 594 95
593 107 597 108
593 113 597 114
593 115 602 115
593 123 602 123
593 128 593 137
593 138 602 138
593 162 594 166
593 173 597 174
593 188 597 189
593 190 597 191
593 226 597 227
593 232 594 236
593 237 597 238
593 244 597 245
589 253 597 253
593 260 597 261
593 274 597 275
593 276 595 278
593 283 594 284
593 291 602 291
593 298 593 307
593 318 597 319
593 321 602 321
593 344 602 344
593 357 597 358
591 359 595 360
593 363 597 364
593 365 602 365
593 369 602 369
593 374 602 374
593 380 594 384
593 385 602 385
593 391 602 391
594 2 598 3
594 4 598 5
594 10 598 11
594 12 603 12
594 14 598 15
594 16 603 16
594 20 598 21
590 22 599 22
594 29 598 30
594 31 603 31
594 36 603 36
594 59 598 60
594 63 598 64
594 75 598 76
594 100 598 101
594 109 598 110
594 118 603 118
594 128 594 137
594 206 598 207
594 208 603 208
594 210 598 211
594 220 595 224
594 242 603 242
594 262 595 266
592 286 601 286
594 288 598 289
594 298 594 307
594 329 603 329
594 348 598 349
594 350 598 351
594 352 603 352
594 361 603 361
594 371 598 372
595 1 604 1
595 25 599 26
595 27 599 28
595 39 604 39
595 48 604 48
595 49 599 50
595 71 604 71
595 91 596 95
595 96 599 97
595 98 604 98
595 104 599 105
595 106 604 106
595 111 599 112
595 116 604 116
595 121 604 121
595 128 595 137
595 139 599 140
595 144 604 144
595 145 604 145
595 158 604 158
595 159 599 160
595 162 596 166
595 167 599 168
595 183 604 183
595 203 599 204
595 209 604 209
595 217 599 217
595 232 596 236
595 255 599 256
595 257 604 257
595 282 597 284
595 297 595 306
595 307 600 307
595 315 604 315
595 316 604 316
595 323 604 323
595 326 599 327
595 336 599 337
595 353 599 354
595 380 596 384
595 394 603 394
595 398 604 398
596 13 605 13
596 18 600 19
596 42 600 43
596 45 600 46
596 52 605 52
596 55 600 56
596 57 605 57
596 67 605 67
596 73 605 73
596 80 600 81
596 86 600 87
596 103 605 103
596 124 596 133
596 134 600 135
596 136 605 136
596 137 605 137
596 147 600 148
596 149 605 149
596 150 600 151
596 156 600 157
596 169 605 169
596 175 600 176
596 177 605 177
596 186 600 187
596 199 600 200
596 201 598 202
596 212 598 214
596 220 597 224
595 250 604 250
596 262 597 266
596 269 605 269
596 271 600 272
596 276 600 277
596 278 605 278
596 292 605 292
596 297 596 306
596 322 605 322
596 328 605 328
596 330 600 331
596 334 605 334
596 355 600 356
596 359 604 359
596 376 600 377
596 378 600 379
596 395 600 396
597 6 601 7
597 9 606 9
597 17 606 17
597 32 601 33
597 35 604 35
597 47 606 47
597 51 606 51
597 58 605 58
597 61 601 62
597 65 601 66
597 78 601 79
597 91 598 95
597 124 597 133
597 152 601 153
597 162 598 166
597 179 601 180
597 181 601 182
595 184 599 185
597 196 601 197
597 198 606 198
597 215 601 216
597 219 604 219
597 229 601 230
597 232 598 236
597 239 601 240
597 241 606 241
597 246 601 247
597 258 601 259
597 267 601 268
597 279 601 280
597 295 606 295
597 297 597 306
597 310 601 311
597 312 606 312
597 317 606 317
597 324 601 325
597 340 606 340
597 341 601 342
596 345 600 346
597 347 606 347
597 362 606 362
597 366 601 367
597 380 598 384
597 387 601 388
597 389 601 390
597 392 601 393
598 0 603 0
598 23 602 24
598 37 602 38
597 40 606 40
598 53 602 54
598 68 602 69
598 70 607 70
598 74 607 74
598 82 602 83
598 84 602 84
598 107 602 108
598 113 602 114
598 117 607 117
598 124 598 133
598 173 602 174
598 188 602 189
598 190 602 191
598 192 602 193
598 220 599 224
598 226 602 227
598 231 607 231
598 237 602 238
598 244 602 245
596 249 605 249
601 252 607 252
598 254 607 254
598 260 599 264
598 265 602 266
598 270 605 270
598 274 602 275
598 282 602 283
598 284 602 285
598 297 598 303
598 318 602 319
598 335 607 335
598 339 607 339
598 357 607 357
598 358 604 358
598 363 602 364
599 2 601 4
599 5 608 5
599 10 603 11
599 14 603 15
599 20 603 21
599 29 603 30
599 59 603 59
599 63 603 64
599 75 603 76
599 77 606 77
599 91 600 95
599 100 603 101
599 102 608 102
599 109 603 110
599 124 599 133
599 155 608 155
599 162 600 166
599 195 608 195
599 206 603 207
599 210 603 211
599 212 603 213
599 232 600 236
599 243 608 243
598 252 600 253
599 288 603 289
599 290 608 290
599 294 608 294
599 297 600 301
599 302 603 303
601 304 603 305
598 304 600 306
599 309 608 309
599 314 608 314
599 348 603 349
599 350 603 351
599 371 603 372
599 373 608 373
599 380 600 384
600 22 609 22
600 25 604 26
600 27 604 28
600 34 604 34
600 49 609 49
600 50 609 50
600 90 609 90
600 96 604 97
600 104 604 105
600 111 604 111
600 119 604 120
600 122 609 122
600 124 601 128
600 129 601 133
600 139 604 140
600 146 609 146
600 154 609 154
600 159 609 159
600 160 609 160
600 161 607 161
600 167 604 168
600 171 604 172
600 178 609 178
600 184 609 184
600 185 609 185
600 194 609 194
600 203 604 204
600 214 609 214
600 217 609 217
595 218 604 218
600 220 601 224
600 228 609 228
600 255 604 256
600 260 601 264
600 281 609 281
600 326 604 327
600 336 604 337
600 338 609 338
600 353 604 354
600 375 609 375
601 18 605 19
601 42 602 46
601 55 605 56
601 72 610 72
601 80 605 81
601 86 605 87
601 88 610 88
601 91 602 95
601 99 610 99
601 134 605 135
601 142 605 143
601 147 605 148
601 150 610 150
601 151 610 151
601 156 605 157
601 162 602 166
601 175 610 175
601 176 610 176
601 186 605 187
601 199 605 200
599 201 603 202
601 205 610 205
601 232 602 236
601 251 610 251
601 253 610 253
601 271 605 272
601 273 610 273
601 276 605 277
601 287 610 287
601 297 602 301
601 306 605 307
601 308 610 308
601 320 610 320
601 330 605 331
601 332 605 333
601 345 605 346
601 355 605 356
601 360 610 360
601 370 610 370
601 376 605 377
601 378 602 382
601 383 605 384
601 386 610 386
601 395 605 396
600 397 609 397
602 2 606 3
602 4 611 4
602 6 606 7
600 8 609 8
602 32 606 33
602 61 606 62
602 65 606 66
602 78 606 79
602 124 602 133
602 141 611 141
602 152 606 153
601 170 610 170
602 179 606 180
602 181 606 182
602 196 611 196
602 197 611 197
602 215 606 216
602 220 603 224
602 225 611 225
602 229 606 230
602 239 606 240
602 246 606 247
602 248 611 248
602 258 603 262
602 263 606 264
602 267 606 268
602 279 606 280
602 286 611 286
602 293 611 293
602 296 611 296
602 310 606 311
602 313 611 313
602 324 606 325
602 341 606 342
602 343 611 343
602 366 611 366
602 367 606 368
602 387 606 388
602 389 606 390
602 392 606 393
603 23 607 24
603 37 607 38
603 41 607 42
603 43 607 44
603 45 607 46
603 53 607 54
603 68 607 69
603 82 612 82
603 83 607 84
598 85 607 85
603 89 612 89
603 91 604 95
603 107 607 108
603 113 607 114
603 115 612 115
603 123 603 132
603 133 612 133
603 138 612 138
603 162 604 166
603 173 607 174
603 188 604 192
603 193 612 193
603 226 607 227
603 232 604 236
603 237 607 238
603 244 607 245
603 265 607 266
603 274 607 275
603 282 607 283
603 284 607 285
603 291 612 291
603 297 604 301
603 318 607 319
603 321 612 321
603 344 612 344
603 363 607 364
603 365 612 365
603 369 612 369
603 374 612 374
603 378 604 382
603 385 612 385
603 391 612 391
604 10 608 11
604 12 613 12
604 14 608 15
604 16 613 16
604 20 608 21
604 29 608 30
604 31 613 31
604 36 609 36
604 59 613 59
599 60 608 60
604 63 607 64
604 75 608 76
604 100 608 101
604 109 608 110
604 118 612 118
604 123 604 132
604 201 608 202
604 206 608 207
604 208 613 208
604 210 608 211
604 212 608 213
604 220 605 224
604 242 611 242
604 258 605 262
604 288 608 289
604 302 608 303
604 304 608 305
604 329 613 329
604 348 605 352
604 361 613 361
604 371 608 372
605 1 614 1
605 25 609 26
605 27 609 28
605 39 614 39
605 48 614 48
605 71 614 71
605 91 606 94
605 97 609 97
605 98 612 98
605 105 609 105
605 106 614 106
605 111 614 111
600 112 607 112
605 116 614 116
605 119 609 120
605 121 614 121
605 123 605 132
605 139 609 140
605 144 609 145
605 158 614 158
605 162 606 166
605 167 609 168
605 171 609 172
605 183 614 183
605 188 606 192
605 203 608 204
605 209 613 209
605 218 609 219
605 232 606 236
605 250 614 250
605 255 609 256
605 257 614 257
605 297 606 301
605 315 609 316
605 323 614 323
605 326 609 327
605 336 609 337
605 353 609 354
605 378 606 382
604 394 613 394
605 398 614 398
606 13 615 13
606 18 610 19
606 52 615 52
606 55 610 56
606 57 610 58
606 67 615 67
606 73 615 73
606 80 609 81
606 86 610 87
606 103 614 103
606 123 606 132
606 134 610 135
606 136 610 137
606 142 610 142
606 147 610 148
606 149 615 149
606 156 610 157
606 169 615 169
606 177 615 177
606 186 610 187
606 199 610 200
606 220 607 224
606 249 615 249
606 258 607 262
609 269 615 269
606 271 610 272
606 276 610 277
606 278 615 278
606 292 615 292
606 306 610 307
606 322 615 322
606 328 615 328
606 330 607 334
606 345 615 345
606 346 615 346
606 348 607 352
606 355 610 356
605 358 609 359
606 376 610 377
606 383 610 384
606 395 610 396
607 2 611 3
607 6 611 7
607 9 616 9
607 17 616 17
607 32 611 33
605 34 609 35
607 40 616 40
607 47 616 47
607 51 616 51
607 61 611 62
607 65 611 66
607 77 609 79
607 91 611 91
607 92 611 93
607 94 616 94
605 95 609 96
607 123 607 132
607 152 611 153
607 162 608 166
607 179 616 179
607 180 611 181
607 182 616 182
607 188 611 189
607 190 616 190
607 191 611 192
607 198 616 198
607 215 611 216
607 229 611 230
607 232 608 236
607 239 616 239
607 240 616 240
607 241 616 241
607 246 611 247
607 263 611 264
607 267 611 268
607 279 611 280
607 295 616 295
607 297 608 301
607 310 611 311
607 312 616 312
607 317 616 317
607 324 616 324
607 325 616 325
607 340 611 341
607 342 616 342
607 347 616 347
607 362 616 362
607 367 611 368
607 378 608 382
607 387 611 388
607 389 611 390
607 392 611 393
604 0 613 0
608 23 612 24
608 37 612 38
608 41 609 45
608 46 616 46
608 53 612 54
608 68 612 69
608 70 617 70
608 74 617 74
608 83 612 84
608 85 615 85
608 107 612 108
608 114 612 114
608 117 614 117
608 123 608 132
608 173 612 174
608 220 609 224
608 226 612 227
608 231 617 231
608 237 612 238
608 244 612 245
608 252 617 252
608 254 617 254
608 258 609 262
608 265 612 266
606 269 608 270
608 274 612 275
608 282 612 282
608 284 617 284
608 285 617 285
608 318 612 319
608 330 609 334
608 335 617 335
608 339 617 339
608 348 609 352
608 357 617 357
608 363 612 364
609 5 618 5
609 10 613 11
609 14 613 15
609 20 613 21
609 29 618 29
609 30 618 30
609 60 618 60
608 63 612 64
609 75 613 76
609 100 613 101
609 102 618 102
609 109 613 110
609 123 609 132
609 155 617 155
609 162 610 166
609 195 618 195
609 201 610 204
609 206 613 207
609 210 613 211
609 212 613 213
609 232 610 236
609 243 618 243
609 270 618 270
609 288 613 289
609 290 618 290
609 294 618 294
609 297 610 301
609 302 613 303
609 304 613 305
609 309 618 309
609 314 618 314
609 371 613 372
609 373 618 373
609 378 610 382
610 8 619 8
610 22 617 22
610 25 614 26
610 27 614 28
610 34 619 34
610 35 614 36
610 41 611 45
610 49 614 50
610 77 611 81
610 90 619 90
610 95 614 96
610 97 619 97
605 104 614 104
610 105 619 105
608 112 612 113
610 119 614 120
610 122 610 131
610 132 619 132
610 139 614 140
610 144 614 145
610 146 619 146
610 154 619 154
610 159 614 160
608 161 617 161
610 167 614 168
610 171 614 172
610 178 619 178
610 184 614 185
610 194 618 194
610 214 619 214
610 217 611 221
610 222 614 223
610 224 618 224
610 228 619 228
610 255 614 256
610 258 611 262
610 281 619 281
610 315 614 316
610 326 614 327
610 330 611 334
610 336 614 337
610 338 619 338
610 348 611 352
610 353 614 353
610 358 614 359
610 375 619 375
610 397 619 397
611 18 615 19
611 55 615 56
611 57 615 58
611 72 620 72
611 86 615 87
611 88 620 88
611 99 620 99
611 122 615 123
611 124 612 128
611 129 620 129
611 130 615 131
611 134 620 134
611 135 613 137
611 142 620 142
606 143 615 143
611 147 615 148
611 150 615 151
611 156 615 157
611 162 612 166
611 170 620 170
611 175 615 176
611 186 615 187
611 199 612 203
611 204 615 205
611 232 612 236
611 251 620 251
611 253 620 253
611 271 615 272
611 273 620 273
611 276 615 277
611 287 620 287
611 297 612 301
611 306 615 307
611 308 620 308
611 320 620 320
611 355 615 356
611 360 620 360
611 370 616 370
611 376 612 380
611 381 614 382
611 383 615 384
611 386 620 386
611 395 615 396
612 2 616 3
612 4 621 4
612 6 616 7
612 32 621 32
612 33 621 33
612 41 613 45
612 61 616 62
612 65 616 66
612 77 613 81
612 91 616 92
612 93 621 93
612 141 621 141
612 152 616 153
612 180 615 181
612 188 616 189
612 191 615 192
612 196 616 197
612 215 616 216
612 217 613 221
612 225 621 225
612 229 616 230
612 246 616 247
612 248 621 248
612 258 613 262
612 263 616 264
612 267 616 268
612 279 616 280
612 286 621 286
612 293 621 293
612 296 621 296
612 310 616 311
612 313 621 313
612 330 613 334
612 340 616 341
612 343 621 343
612 348 613 352
612 366 616 367
612 368 621 368
612 387 616 388
612 389 616 390
612 392 616 393
613 23 617 24
613 37 617 38
613 53 617 54
613 63 617 64
613 68 617 69
613 82 617 83
613 84 622 84
613 89 622 89
613 107 617 108
613 112 617 113
613 114 617 115
613 124 614 128
613 133 622 133
613 138 618 138
613 162 617 163
613 164 617 165
613 166 622 166
613 173 617 174
613 199 614 203
613 226 617 227
613 232 614 236
613 237 617 238
613 244 617 245
613 265 617 266
613 274 617 275
613 282 622 282
608 283 617 283
613 291 622 291
613 297 614 301
613 318 617 319
613 321 622 321
613 344 622 344
613 363 617 364
613 365 622 365
613 369 622 369
613 374 620 374
613 376 614 380
613 385 622 385
613 391 622 391
614 0 623 0
614 10 618 11
614 12 623 12
614 14 618 15
614 16 623 16
614 20 618 21
614 31 623 31
614 41 615 45
614 59 623 59
614 75 615 79
614 80 618 81
614 100 618 101
614 109 618 110
613 118 622 118
614 135 623 135
614 136 618 137
614 206 618 207
614 208 623 208
617 209 618 211
614 212 618 213
614 217 615 221
612 242 621 242
614 258 615 262
614 288 618 289
614 302 618 303
614 304 618 305
614 329 615 333
614 334 623 334
614 348 615 352
614 361 623 361
614 371 618 372
614 394 620 394
615 1 624 1
615 25 619 26
615 27 619 28
615 35 619 36
615 39 624 39
615 48 616 49
615 50 624 50
615 71 624 71
615 95 624 95
615 96 624 96
613 98 622 98
615 103 619 104
615 106 624 106
615 111 624 111
615 116 622 116
615 119 619 120
615 121 624 121
615 124 616 128
615 139 619 140
615 144 619 145
615 158 619 159
615 160 624 160
615 167 619 168
615 171 619 172
615 183 619 184
615 185 624 185
615 199 616 203
614 209 616 211
615 222 619 223
615 232 616 236
615 250 624 250
615 255 619 256
615 257 624 257
615 297 616 301
615 315 624 315
615 316 624 316
615 323 624 323
615 326 619 327
615 336 619 337
615 353 624 353
610 354 619 354
615 358 619 359
615 376 624 376
615 377 615 382
615 398 624 398
616 13 625 13
616 18 620 19
616 41 617 45
616 52 622 52
616 55 620 56
616 57 620 58
616 67 625 67
616 73 625 73
616 75 617 79
616 85 620 86
616 87 625 87
616 122 620 123
616 130 620 131
616 143 625 143
616 147 617 151
616 156 625 156
616 157 625 157
616 169 625 169
616 175 620 176
616 177 625 177
616 186 620 187
616 191 618 193
616 204 620 205
616 217 620 218
616 219 620 220
616 221 625 221
616 249 625 249
616 258 617 262
616 269 625 269
616 271 620 272
616 276 618 277
616 278 625 278
616 292 625 292
616 306 620 307
616 322 624 322
616 328 618 330
616 331 620 332
616 333 625 333
616 345 620 346
616 348 617 352
616 355 620 356
616 377 616 384
616 395 620 396
617 2 621 3
617 6 621 7
617 9 626 9
617 17 626 17
617 40 626 40
617 47 626 47
617 51 624 51
617 61 621 62
617 65 621 66
617 91 621 92
617 94 626 94
617 124 618 128
617 152 621 153
617 179 623 179
616 180 620 181
617 182 626 182
617 188 626 188
617 189 621 190
617 196 618 200
617 201 621 202
617 203 626 203
617 215 621 216
617 229 621 230
617 232 618 236
617 239 621 240
617 241 626 241
617 246 621 247
617 263 621 264
617 267 621 268
617 279 621 280
617 295 626 295
617 297 618 301
617 310 621 311
617 312 626 312
617 317 626 317
617 324 621 325
617 340 621 341
617 342 626 342
617 347 626 347
617 362 626 362
617 366 621 367
617 377 618 381
617 382 621 383
617 384 626 384
617 387 626 387
617 388 626 388
617 389 621 390
617 392 621 393
618 24 622 24
618 37 622 38
618 41 619 45
617 46 626 46
618 53 622 54
618 63 622 64
618 68 622 69
618 70 627 70
618 74 619 78
618 79 627 79
618 82 622 83
618 107 622 108
618 112 622 113
618 114 622 115
615 117 624 117
618 147 619 151
618 161 619 165
618 173 622 174
618 226 622 227
618 231 627 231
618 237 622 238
618 244 622 245
618 252 627 252
618 254 627 254
618 258 619 262
618 265 622 266
618 274 622 275
618 283 622 284
618 285 627 285
618 318 622 319
618 335 627 335
618 339 627 339
618 348 619 352
618 357 627 357
618 363 622 364
619 5 628 5
619 10 623 11
619 14 623 15
619 20 623 21
619 29 623 30
619 60 628 60
619 80 623 81
619 100 623 101
619 102 628 102
619 109 628 109
619 110 628 110
619 124 620 128
619 136 628 136
619 137 623 138
618 155 627 155
619 191 623 192
619 193 620 197
619 198 622 199
619 200 628 200
619 206 623 207
619 209 620 213
619 232 620 236
619 243 628 243
619 270 628 270
619 288 623 289
619 290 627 290
619 294 628 294
619 297 620 301
619 302 623 303
619 304 623 305
619 309 628 309
619 314 628 314
619 328 623 329
619 330 628 330
619 371 623 372
619 373 624 373
619 377 620 381
620 8 629 8
618 22 622 23
620 25 622 27
620 28 629 28
620 34 624 35
620 36 629 36
620 41 621 45
617 48 621 49
620 74 621 78
620 90 629 90
620 97 629 97
620 103 624 104
620 105 629 105
620 119 624 120
620 132 629 132
620 139 624 140
620 144 621 148
620 149 629 149
620 150 624 151
620 154 627 154
620 158 624 159
620 161 621 162
620 167 624 168
620 171 624 172
620 178 629 178
620 183 624 184
620 214 629 214
620 222 624 223
619 224 628 224
620 228 629 228
620 255 624 256
620 258 621 262
620 281 629 281
620 326 624 327
620 336 624 337
620 338 629 338
620 348 621 352
620 354 629 354
620 358 624 359
620 375 629 375
620 397 624 397
621 18 625 19
621 55 625 56
621 57 624 58
621 72 630 72
621 85 630 85
621 88 630 88
621 99 626 99
621 122 621 131
621 134 630 134
621 142 630 142
621 170 630 170
621 175 625 176
621 181 630 181
621 186 625 187
621 193 622 197
621 204 625 205
621 209 622 213
621 217 625 218
621 219 625 220
621 232 622 236
621 251 630 251
621 253 627 253
621 271 625 272
621 273 630 273
624 276 630 276
619 276 623 277
621 287 630 287
621 297 622 301
621 306 625 307
621 308 630 308
621 320 630 320
621 331 625 332
621 345 625 346
621 355 625 356
621 360 630 360
617 370 626 370
621 377 622 381
621 386 630 386
621 394 625 395
621 396 630 396
622 2 626 3
622 4 631 4
622 6 626 7
622 32 626 33
622 41 623 45
622 48 631 48
622 49 631 49
622 61 626 62
622 65 626 66
622 74 623 78
622 86 631 86
622 91 626 92
622 93 631 93
622 122 622 131
622 141 631 141
622 144 623 148
622 152 626 153
622 161 626 162
620 163 622 165
622 189 631 189
622 190 631 190
622 201 626 202
622 215 626 216
622 225 631 225
622 229 626 230
622 239 626 240
622 242 631 242
622 246 624 248
622 258 623 262
622 263 626 264
622 267 626 268
622 280 631 280
622 286 631 286
622 293 628 293
622 296 631 296
622 310 626 311
622 313 631 313
622 324 626 325
622 340 626 341
622 343 631 343
622 348 623 352
622 366 626 367
622 368 631 368
622 382 631 382
622 383 631 383
622 389 626 390
622 392 626 393
623 22 624 26
623 27 632 27
623 37 627 38
623 53 627 54
623 63 627 64
623 68 627 69
623 82 627 83
623 84 632 84
623 89 630 89
623 98 632 98
623 107 627 108
623 112 627 113
623 114 627 115
623 118 632 118
623 122 623 131
623 133 629 133
623 163 625 165
623 166 632 166
623 173 627 174
623 193 624 197
623 209 624 213
623 226 627 227
623 232 624 236
623 237 632 237
623 238 632 238
623 244 627 245
623 265 627 266
623 274 627 275
623 279 632 279
623 282 627 283
623 284 632 284
623 291 632 291
623 297 624 301
623 318 627 319
623 321 630 321
623 344 632 344
623 363 627 364
623 365 632 365
623 369 632 369
621 374 630 374
623 377 624 381
623 385 632 385
623 391 631 391
624 0 633 0
624 10 628 11
624 12 633 12
624 14 628 15
624 16 633 16
624 20 628 21
624 29 628 30
624 31 633 31
624 41 625 45
624 59 633 59
624 74 625 78
624 80 628 81
624 100 628 101
624 122 624 131
624 135 633 135
624 137 633 137
624 138 633 138
624 144 625 148
624 179 628 180
624 191 631 191
624 192 632 192
623 198 627 199
624 206 628 207
624 208 628 208
624 258 625 262
624 288 628 289
624 302 628 303
624 304 627 305
624 328 628 329
624 334 633 334
624 348 625 352
624 361 633 361
624 371 632 371
625 1 634 1
625 22 634 22
625 23 629 24
625 25 629 26
625 34 629 35
625 39 634 39
625 50 629 51
625 71 634 71
625 95 629 96
625 103 629 104
625 106 634 106
625 111 634 111
623 116 632 116
625 117 634 117
625 119 625 128
625 129 629 130
625 131 634 131
625 139 629 140
625 150 629 151
625 158 629 159
625 160 634 160
625 167 629 168
625 171 629 172
625 183 629 184
625 185 634 185
625 193 626 197
625 209 626 213
625 222 629 223
625 232 626 236
625 246 629 247
625 248 634 248
625 250 634 250
625 255 629 256
625 257 632 257
625 277 634 277
625 297 626 301
625 315 629 316
625 322 628 323
625 326 629 327
625 336 629 337
625 353 634 353
625 358 629 359
625 372 629 373
625 376 626 380
625 381 634 381
625 397 629 398
626 13 635 13
626 18 630 19
626 41 627 45
623 52 632 52
626 55 630 56
630 57 635 57
625 57 629 58
626 67 634 67
626 73 626 77
626 78 635 78
626 87 635 87
626 119 626 128
626 143 627 146
626 147 630 148
626 156 630 157
626 163 635 163
626 164 630 165
626 169 635 169
626 175 630 176
626 177 635 177
626 186 630 187
626 204 630 205
626 217 627 221
626 249 634 249
626 258 627 262
626 269 635 269
626 271 630 272
626 278 635 278
626 292 635 292
626 306 630 307
626 331 630 332
626 333 635 333
626 345 630 346
626 348 627 352
626 355 630 356
626 394 630 395
627 2 631 3
627 6 629 7
627 9 636 9
627 17 636 17
627 32 631 33
627 40 636 40
627 46 636 46
627 47 636 47
627 61 631 62
627 65 631 66
627 91 631 92
627 94 636 94
627 119 627 128
627 152 631 153
627 161 631 162
627 182 636 182
627 188 636 188
627 195 631 196
627 197 636 197
627 201 631 201
627 202 631 203
627 209 627 213
627 215 631 216
627 229 631 230
627 232 628 236
627 239 631 240
627 241 636 241
627 263 631 264
627 267 631 268
627 295 636 295
627 297 628 301
627 310 631 311
627 312 636 312
627 317 636 317
627 324 631 325
627 340 631 341
627 342 636 342
627 347 636 347
627 362 636 362
627 366 631 367
627 370 636 370
627 376 628 380
627 384 636 384
627 387 631 388
627 389 631 390
627 392 631 393
628 37 632 38
628 41 629 45
628 53 632 54
628 63 637 63
628 64 637 64
628 68 630 70
629 73 632 74
629 75 637 75
627 73 628 77
628 79 637 79
628 82 632 83
628 107 632 108
628 112 632 113
628 114 632 115
628 119 628 128
628 143 632 144
628 145 632 146
628 154 632 155
628 173 632 174
628 198 637 198
628 199 637 199
628 217 629 221
628 226 630 227
628 231 636 231
628 244 632 245
628 252 632 253
628 254 637 254
628 258 629 262
628 265 632 266
628 274 632 275
628 282 632 283
628 285 637 285
628 318 632 319
628 335 637 335
628 339 637 339
628 348 629 352
628 357 637 357
628 363 632 364
629 5 638 5
629 10 633 11
629 14 633 15
629 20 633 21
629 29 633 30
629 60 638 60
629 77 638 77
629 80 633 81
629 100 633 101
629 102 638 102
629 109 633 110
629 119 629 128
629 136 638 136
629 179 638 179
629 180 638 180
629 194 638 194
629 200 638 200
629 206 638 206
629 207 633 208
630 209 633 210
628 209 629 213
629 224 638 224
629 232 630 236
629 243 638 243
629 270 638 270
629 288 633 289
628 290 637 290
629 293 633 294
629 297 630 301
629 302 633 303
628 304 632 305
629 309 638 309
629 314 638 314
629 328 631 330
629 376 630 380
636 8 639 8
630 23 634 24
630 25 634 26
630 28 638 28
630 34 634 35
630 36 639 36
630 41 631 45
630 50 639 50
630 51 639 51
630 58 639 58
630 76 639 76
630 90 639 90
630 95 634 96
630 97 639 97
630 103 634 104
630 105 639 105
630 119 630 128
630 129 634 130
630 132 634 133
630 139 634 140
630 149 634 150
630 151 639 151
630 158 634 159
630 167 634 168
630 171 634 172
630 178 639 178
630 183 634 184
630 211 634 212
630 213 634 214
630 217 631 221
630 222 634 223
630 228 639 228
630 246 634 247
630 255 634 256
630 258 631 262
630 281 639 281
630 315 634 316
629 322 633 323
630 326 634 327
630 336 633 337
630 338 638 338
630 348 631 352
630 354 639 354
630 358 634 359
630 373 639 373
630 375 639 375
630 397 634 398
631 18 635 19
631 55 635 56
631 69 640 69
631 70 640 70
631 72 640 72
631 85 640 85
635 88 640 88
627 99 636 99
631 119 631 128
631 134 640 134
631 142 640 142
631 147 640 147
631 148 640 148
631 156 634 157
631 164 635 165
631 170 640 170
631 175 635 176
631 181 640 181
631 186 635 187
631 204 635 205
631 232 632 236
631 251 640 251
631 271 635 272
631 273 640 273
631 276 640 276
631 287 640 287
631 297 632 301
631 306 635 307
631 308 640 308
631 320 640 320
631 331 635 332
631 345 635 346
631 355 635 356
631 360 640 360
631 374 639 374
631 376 632 380
631 386 640 386
631 394 635 395
631 396 640 396
632 2 636 3
632 4 641 4
633 6 641 6
630 6 632 8
632 32 636 33
632 41 633 45
632 48 636 49
632 61 636 62
632 65 636 66
632 86 636 86
632 91 636 92
632 93 641 93
632 119 632 128
632 141 641 141
632 152 636 153
632 161 636 162
632 189 636 190
632 195 636 196
632 201 636 202
632 203 641 203
632 215 633 219
632 220 636 221
632 225 641 225
632 229 636 230
632 239 636 240
632 242 641 242
632 258 636 259
632 260 633 264
632 267 636 268
632 280 641 280
632 286 641 286
632 296 641 296
632 310 636 311
632 313 641 313
632 324 636 325
632 328 636 329
632 330 641 330
632 340 641 340
632 341 641 341
632 343 641 343
632 348 633 352
632 366 636 367
632 368 641 368
632 382 636 383
632 387 636 388
632 389 636 390
632 392 636 393
633 7 635 8
633 27 642 27
633 37 637 38
633 52 642 52
633 53 637 54
633 73 637 74
633 82 637 83
633 84 642 84
631 88 634 89
633 98 642 98
633 107 637 108
633 112 634 116
633 118 633 127
633 128 642 128
633 143 637 144
633 145 637 146
633 154 637 155
633 166 642 166
633 173 637 174
633 192 637 193
631 226 635 227
633 232 634 236
633 237 637 238
633 244 637 245
633 252 637 253
633 265 637 266
633 274 637 275
633 279 642 279
633 282 637 283
633 284 642 284
633 291 642 291
633 297 634 301
633 304 637 305
633 318 637 319
631 321 640 321
633 344 642 344
633 363 637 364
633 365 642 365
633 369 642 369
633 371 636 372
633 376 634 380
633 385 642 385
632 391 641 391
634 0 643 0
634 10 638 11
634 12 643 12
634 14 638 15
634 16 643 16
634 20 643 20
634 21 643 21
634 29 638 29
634 31 643 31
634 41 635 45
634 59 643 59
634 80 638 81
634 100 638 101
634 109 638 110
634 118 634 127
634 135 643 135
634 137 638 138
632 191 641 191
634 207 638 208
634 209 643 209
634 210 643 210
634 215 635 219
634 260 635 264
634 288 638 289
634 293 638 294
634 302 638 303
634 322 638 323
634 334 643 334
634 348 635 351
634 361 643 361
635 1 644 1
635 22 636 26
635 34 639 35
635 39 644 39
635 67 639 68
635 71 644 71
635 95 639 96
635 103 639 104
635 106 644 106
635 111 635 120
635 121 636 125
635 126 639 127
635 129 636 133
635 139 639 140
635 149 639 150
635 158 639 159
635 160 644 160
635 167 639 168
635 171 639 172
635 183 639 184
635 185 644 185
635 211 639 212
635 213 639 214
635 222 643 222
635 223 644 223
635 232 636 236
635 246 639 247
635 248 639 249
635 250 644 250
635 255 639 256
633 257 642 257
635 277 644 277
635 297 636 301
635 315 639 316
635 326 639 327
634 336 638 337
635 353 644 353
635 358 639 359
635 376 636 380
635 381 644 381
635 397 639 398
636 7 645 7
636 13 645 13
636 18 640 19
636 41 637 45
636 55 640 56
636 57 645 57
636 78 645 78
636 89 645 89
636 111 636 120
635 156 639 157
636 163 640 164
636 165 642 165
636 169 645 169
636 175 645 175
636 176 640 177
636 186 640 187
636 204 640 205
636 215 637 219
636 226 640 227
636 260 637 264
636 269 645 269
636 271 645 271
636 272 645 272
636 278 645 278
636 292 642 292
636 306 640 307
636 331 640 332
636 333 645 333
636 345 640 346
636 348 640 349
636 350 640 351
634 352 643 352
636 355 645 355
636 356 645 356
636 394 640 395
637 2 641 3
637 9 646 9
637 17 646 17
637 22 638 26
637 32 646 32
637 33 646 33
637 40 645 40
637 46 641 47
637 48 641 49
637 61 641 62
637 65 641 66
637 86 641 87
637 91 641 92
637 94 646 94
637 99 646 99
637 111 637 120
637 121 638 125
637 129 638 133
637 152 641 153
637 161 641 162
637 182 646 182
637 188 641 189
637 190 646 190
637 195 641 196
637 197 646 197
637 201 641 202
637 220 641 221
637 229 641 230
637 234 638 236
637 239 641 240
637 241 646 241
637 258 641 259
637 267 641 268
637 295 644 295
637 297 638 301
637 310 641 311
637 312 646 312
637 317 645 317
637 324 646 324
637 325 646 325
637 328 641 329
637 342 641 342
637 347 646 347
637 362 646 362
637 366 641 367
640 370 646 370
637 376 638 380
640 382 641 384
637 382 639 384
637 387 646 387
637 388 641 389
637 392 641 393
638 37 642 38
638 41 639 45
638 53 642 54
638 63 642 64
638 73 642 74
638 75 647 75
638 79 647 79
638 82 642 83
638 107 642 108
638 111 638 120
638 143 642 144
638 145 642 146
638 154 642 155
638 173 642 174
638 192 642 193
638 198 642 199
638 215 639 219
637 231 639 233
638 237 642 238
638 244 642 245
638 252 642 253
638 254 647 254
638 260 639 264
638 265 642 266
638 274 642 275
638 282 642 283
638 285 647 285
638 290 647 290
638 304 642 305
638 318 642 319
638 335 647 335
638 339 647 339
638 357 647 357
638 363 642 364
640 371 647 371
637 370 639 372
639 5 648 5
639 10 643 11
639 14 643 15
639 22 640 26
639 28 643 29
634 30 643 30
639 60 648 60
639 77 648 77
639 80 643 81
639 100 643 101
639 102 648 102
639 109 639 118
639 119 640 123
639 124 643 125
639 129 643 130
639 131 643 132
639 133 648 133
639 136 643 137
639 138 648 138
639 179 643 180
639 194 648 194
639 200 648 200
639 206 643 207
639 208 648 208
639 224 648 224
639 234 643 235
639 236 648 236
639 243 648 243
639 270 648 270
639 288 648 288
639 289 648 289
639 293 643 294
639 297 640 301
639 302 643 303
639 309 648 309
639 314 648 314
639 322 643 323
639 336 641 338
639 376 640 380
639 390 648 390
640 8 649 8
640 34 644 35
640 36 649 36
640 41 641 45
640 50 644 51
640 58 649 58
640 67 644 68
640 76 649 76
640 90 649 90
640 95 644 96
640 97 649 97
640 103 644 104
640 105 649 105
640 109 640 118
640 126 644 127
640 139 644 140
640 149 644 149
640 151 649 151
640 156 644 157
640 158 644 159
640 167 644 168
640 171 644 172
640 178 648 178
640 211 644 212
640 213 649 213
640 214 644 215
640 216 644 217
640 218 644 219
640 228 649 228
640 231 644 232
640 233 649 233
640 246 641 249
640 255 644 256
640 260 641 264
640 281 649 281
640 315 644 316
640 326 644 327
640 354 649 354
640 358 649 358
640 359 649 359
640 372 642 374
640 375 649 375
640 397 644 398
641 18 645 19
641 22 642 26
641 55 645 56
641 69 645 70
641 72 650 72
641 85 650 85
641 88 650 88
641 109 641 118
641 119 642 123
641 134 650 134
641 142 650 142
641 147 645 148
641 163 645 164
641 170 650 170
641 176 645 177
641 181 650 181
641 186 650 186
641 187 650 187
641 204 645 205
641 226 650 226
641 227 650 227
641 251 650 251
641 273 650 273
641 276 650 276
641 287 650 287
641 297 642 301
641 306 645 307
641 308 650 308
641 320 645 321
641 331 645 332
641 345 645 346
641 348 645 349
641 350 650 350
641 351 650 351
641 360 650 360
641 376 650 376
641 377 650 377
641 378 650 378
641 379 645 380
642 384 650 384
641 386 650 386
641 394 645 395
641 396 650 396
642 2 646 3
642 4 651 4
642 6 650 6
642 41 643 45
642 46 646 47
642 48 646 49
642 61 646 62
642 65 646 66
642 86 646 87
642 91 646 92
642 93 646 93
642 109 642 118
642 141 651 141
642 152 646 153
642 161 646 162
642 183 646 184
642 188 646 189
642 191 651 191
642 195 646 196
642 201 646 202
642 203 651 203
642 220 646 221
642 225 651 225
642 229 646 230
642 239 646 240
642 242 651 242
642 246 651 246
642 247 651 247
642 249 651 249
642 258 643 262
642 263 646 264
642 267 646 268
642 280 651 280
642 286 651 286
642 296 651 296
642 310 646 311
642 313 651 313
642 328 646 329
642 330 651 330
642 336 646 337
642 338 651 338
642 340 651 340
642 341 645 342
642 343 651 343
642 366 646 367
642 368 651 368
642 382 646 383
642 388 646 388
642 391 646 392
642 393 651 393
643 22 644 26
643 27 652 27
643 37 647 38
643 52 647 53
643 54 652 54
643 63 647 64
643 73 647 74
643 82 647 83
643 84 649 84
643 98 652 98
643 107 643 116
643 117 644 121
643 122 647 123
643 128 652 128
643 143 652 143
643 144 652 144
643 145 647 146
643 154 647 155
643 165 647 166
643 173 652 173
643 174 652 174
643 192 647 193
643 198 647 199
643 237 647 238
643 244 647 245
643 252 647 253
643 257 652 257
643 265 647 266
643 274 647 275
643 279 652 279
643 282 647 283
643 284 652 284
643 291 652 291
643 297 644 301
643 304 647 305
643 318 647 319
643 344 651 344
643 363 647 364
643 365 652 365
643 369 652 369
643 372 652 372
643 373 647 374
643 385 652 385
644 0 653 0
644 10 648 11
644 12 653 12
644 14 648 15
644 16 653 16
644 20 648 21
644 28 648 29
644 30 648 31
644 41 645 45
644 59 650 59
644 80 647 81
644 100 648 101
644 107 644 116
644 124 648 125
644 129 648 130
644 131 648 132
644 135 648 136
644 137 653 137
644 179 648 180
644 206 648 207
644 209 648 210
644 234 648 235
644 258 645 262
644 293 648 294
644 302 653 302
644 303 653 303
644 322 648 323
644 334 653 334
644 352 653 352
644 361 653 361
645 1 654 1
645 22 649 23
645 24 649 25
645 26 654 26
645 34 649 35
645 39 654 39
645 50 649 51
645 67 649 68
645 71 654 71
645 95 649 96
645 103 649 104
645 106 645 115
645 116 646 120
645 121 654 121
645 126 649 127
645 139 649 140
645 149 654 149
640 150 649 150
645 156 646 160
645 167 649 168
645 171 654 171
645 172 654 172
645 185 654 185
645 211 649 212
645 214 646 218
645 219 653 219
644 222 653 222
645 223 654 223
645 231 649 232
645 250 654 250
645 255 649 256
645 277 654 277
645 297 646 301
645 315 649 316
645 326 649 327
645 353 654 353
645 381 654 381
645 397 649 398
646 7 655 7
646 13 655 13
646 18 650 19
646 42 647 45
646 55 650 56
646 57 655 57
646 69 650 70
646 78 655 78
646 89 655 89
646 106 646 115
646 147 650 148
646 163 650 164
646 169 655 169
646 176 650 176
646 177 655 177
646 204 650 205
646 258 647 262
646 269 655 269
646 271 650 272
646 278 655 278
643 292 652 292
646 306 650 307
646 320 650 321
646 331 650 332
646 333 655 333
646 345 650 346
646 348 650 349
646 355 650 356
646 379 650 380
646 394 650 395
647 2 651 3
647 9 656 9
647 17 656 17
647 32 651 33
646 40 650 41
647 46 651 47
647 48 651 49
647 61 651 62
647 65 651 66
647 86 651 87
647 91 651 92
647 93 651 94
647 99 656 99
647 106 647 115
647 116 648 120
647 152 651 153
647 156 648 160
647 161 651 162
647 182 651 183
647 184 656 184
647 188 651 189
647 190 656 190
647 195 651 196
647 197 656 197
647 201 651 202
647 214 648 218
647 220 651 221
647 229 651 230
647 239 651 240
647 241 656 241
647 263 656 263
647 264 656 264
647 267 651 268
645 295 654 295
647 297 651 298
647 299 651 300
647 301 656 301
647 310 651 311
647 312 656 312
646 317 655 317
647 324 651 325
647 328 651 329
647 337 656 337
646 341 650 342
647 347 656 347
647 362 656 362
647 366 651 367
647 370 656 370
647 382 651 383
647 387 651 388
642 389 651 389
647 391 651 392
648 37 657 37
648 38 657 38
648 42 652 43
648 44 652 45
648 52 652 53
648 63 652 64
648 73 652 74
648 75 657 75
648 79 655 79
650 82 657 82
648 80 649 83
648 106 648 115
648 122 652 123
648 145 652 146
648 154 652 155
648 165 652 166
648 192 651 193
648 198 652 199
648 237 652 238
648 244 652 245
648 248 657 248
648 252 657 252
648 253 652 254
648 258 649 262
648 265 652 266
648 274 652 275
648 282 652 283
648 285 657 285
648 290 657 290
648 304 652 305
648 318 652 319
648 335 657 335
648 336 657 336
648 339 657 339
648 357 657 357
648 363 652 364
648 371 657 371
648 373 652 374
649 5 658 5
649 10 653 11
649 14 653 15
649 20 653 21
649 28 653 29
649 30 653 31
649 60 658 60
649 77 658 77
649 100 653 101
649 102 658 102
649 106 649 114
649 116 653 117
649 118 653 119
649 120 658 120
649 124 653 125
649 129 650 133
649 135 653 136
649 138 656 138
649 156 650 160
649 179 653 180
649 194 656 194
649 200 658 200
649 206 650 210
649 214 650 218
649 224 657 224
649 234 658 234
649 235 653 236
649 243 658 243
649 270 658 270
649 288 653 289
649 293 653 294
649 309 658 309
649 314 658 314
649 322 653 323
649 390 658 390
650 8 659 8
650 23 654 24
650 25 659 25
650 34 659 34
650 35 654 36
650 50 654 51
650 58 659 58
650 67 654 68
650 76 659 76
650 80 654 81
650 83 654 84
650 90 659 90
650 95 654 96
650 97 659 97
650 103 650 112
650 113 654 114
649 115 658 115
650 126 654 127
650 139 654 140
650 150 654 151
650 167 654 168
649 178 658 178
650 211 654 212
650 213 659 213
650 228 659 228
650 231 654 232
650 233 659 233
650 255 654 256
650 258 651 262
650 281 659 281
650 315 654 316
650 326 654 327
650 354 659 354
650 358 659 358
650 359 659 359
650 375 659 375
650 397 654 398
651 18 655 19
651 22 660 22
651 40 655 41
651 55 655 56
651 69 655 70
651 72 660 72
651 85 660 85
651 88 660 88
651 103 651 112
651 129 652 133
651 134 660 134
651 142 660 142
651 147 655 148
651 156 652 160
651 163 655 164
651 170 660 170
646 175 655 175
651 176 660 176
651 181 660 181
651 186 655 187
651 204 652 208
651 209 655 210
651 214 652 218
651 226 660 226
651 227 660 227
651 251 660 251
651 271 655 271
651 272 655 273
651 276 660 276
651 287 660 287
651 306 655 307
651 308 660 308
651 320 655 321
651 331 655 332
651 341 655 342
651 345 655 346
651 348 655 349
651 350 655 351
651 355 655 355
651 360 657 360
651 376 652 380
651 384 660 384
651 386 660 386
651 394 655 395
651 396 660 396
652 2 656 3
652 4 661 4
651 6 660 6
652 32 656 33
652 46 656 47
652 48 656 49
652 61 656 62
652 65 656 66
652 86 661 86
652 87 661 87
652 91 656 91
652 92 656 93
652 94 661 94
652 103 652 112
652 141 661 141
652 152 656 153
652 161 656 162
652 182 656 183
652 188 656 189
652 191 654 193
652 195 656 196
652 201 656 202
652 203 659 203
652 220 656 221
652 225 661 225
652 229 656 230
652 239 656 240
652 242 656 242
652 246 656 247
652 249 661 249
652 258 653 262
652 267 656 268
652 280 661 280
652 286 660 286
652 296 653 300
652 310 656 311
652 313 661 313
652 324 656 325
652 328 656 329
652 330 661 330
652 338 661 338
652 340 661 340
652 343 661 343
652 366 656 367
652 368 661 368
652 382 656 383
652 387 656 388
652 389 661 389
652 391 656 392
652 393 661 393
653 27 662 27
653 42 657 43
653 44 657 45
653 52 657 53
653 54 662 54
653 63 657 64
653 73 657 74
653 98 662 98
653 103 653 112
653 122 657 123
653 128 654 132
653 133 660 133
653 143 662 143
653 144 657 145
653 146 662 146
653 154 654 158
653 159 657 160
653 165 657 166
653 173 657 174
653 198 657 199
653 204 654 208
653 214 654 218
653 237 657 238
653 244 657 245
653 253 657 254
653 257 662 257
653 265 655 266
653 274 657 275
653 279 662 279
653 282 657 283
653 284 662 284
653 291 662 291
653 292 661 292
653 304 657 305
653 318 657 319
652 344 661 344
653 363 657 364
653 365 658 365
653 369 662 369
653 372 657 373
653 374 662 374
653 376 654 380
653 385 662 385
654 0 663 0
654 10 658 11
654 12 663 12
654 14 658 15
654 16 663 16
654 20 658 21
654 28 658 29
654 30 658 31
651 59 660 59
654 100 658 101
654 103 655 107
654 108 658 109
654 110 663 110
654 111 663 111
654 112 663 112
654 116 658 117
654 118 658 119
654 124 663 124
654 125 663 125
654 135 658 136
654 137 663 137
654 179 658 180
654 222 663 222
654 235 658 236
654 258 655 262
654 288 658 289
654 293 658 294
654 296 655 300
654 302 658 303
654 322 658 323
654 334 663 334
654 352 663 352
654 361 663 361
655 1 664 1
655 23 659 24
655 26 664 26
655 35 659 36
655 39 664 39
655 50 659 51
655 67 659 68
655 71 664 71
655 80 659 81
655 83 659 84
655 95 659 96
655 113 659 114
655 121 660 121
655 126 656 130
655 131 659 132
655 139 659 140
655 149 659 150
655 151 664 151
655 154 656 158
655 167 664 167
655 168 664 168
655 171 659 172
655 185 664 185
655 191 659 192
655 193 664 193
655 204 656 208
655 211 659 212
655 214 656 218
654 219 663 219
655 223 664 223
655 231 659 232
655 250 664 250
655 255 659 256
655 277 664 277
655 295 664 295
655 315 659 316
655 326 659 327
655 353 662 353
655 376 656 380
655 381 664 381
655 397 659 398
656 7 665 7
656 13 665 13
656 18 660 19
656 40 660 41
656 55 665 55
656 56 660 57
656 69 660 70
656 78 660 79
656 89 665 89
656 103 657 107
656 147 660 148
656 163 660 164
656 169 665 169
656 175 665 175
656 177 665 177
656 186 660 187
656 209 660 210
656 258 657 262
656 269 665 269
656 271 660 272
656 273 665 273
656 278 665 278
656 296 657 300
656 306 660 307
656 317 665 317
656 320 660 321
656 331 660 332
656 333 665 333
656 341 660 342
656 345 660 346
656 348 660 349
656 350 660 351
656 355 665 355
651 356 660 356
656 394 660 395
657 2 666 2
657 3 666 3
657 9 665 9
657 17 666 17
657 32 661 33
657 46 661 47
657 48 661 49
657 61 661 62
657 65 661 66
657 91 661 92
657 93 666 93
657 99 666 99
657 126 658 130
657 152 658 156
657 157 661 158
657 161 660 162
657 182 661 183
657 184 666 184
657 188 661 189
657 190 666 190
657 195 661 196
657 197 666 197
657 201 661 202
657 204 658 208
657 214 658 218
657 220 661 221
657 229 661 230
657 239 661 240
657 241 661 242
657 246 661 247
657 263 661 264
657 267 661 268
657 301 665 301
657 310 661 311
657 312 666 312
657 324 661 325
657 328 661 329
657 337 666 337
657 347 666 347
657 362 666 362
657 366 661 367
657 370 666 370
657 376 658 380
657 382 661 383
657 387 661 388
657 391 661 392
658 37 662 38
658 42 662 43
658 44 662 45
658 52 662 53
658 63 662 64
658 73 662 74
658 75 667 75
658 82 667 82
658 103 659 107
658 122 662 123
658 144 662 145
658 159 662 160
658 165 662 166
658 173 662 174
658 198 662 199
658 237 662 238
658 244 662 245
658 248 667 248
658 252 662 253
658 254 667 254
658 258 659 262
656 265 660 266
658 274 662 275
658 282 662 283
658 285 667 285
658 290 667 290
658 296 659 300
658 304 662 305
658 318 662 319
658 335 662 336
658 339 667 339
658 357 667 357
658 363 662 364
658 371 662 372
658 373 667 373
659 5 668 5
659 10 663 11
659 14 663 15
659 20 663 21
659 28 668 28
659 29 663 30
659 31 668 31
659 60 668 60
659 77 668 77
659 100 663 101
659 102 668 102
659 108 663 109
659 115 660 119
659 126 660 130
659 135 663 136
657 138 666 138
659 152 660 156
659 178 663 179
659 180 668 180
657 194 666 194
659 200 668 200
659 204 660 208
659 214 663 215
659 216 663 217
659 218 668 218
658 224 667 224
659 234 663 235
659 236 663 236
659 243 668 243
659 270 668 270
659 288 663 288
659 293 668 293
659 294 668 294
659 302 663 303
659 309 668 309
659 314 668 314
659 322 663 323
659 376 660 380
659 390 668 390
660 8 669 8
660 23 664 24
660 25 669 25
660 34 669 34
660 35 664 36
660 50 663 51
660 58 669 58
660 67 664 68
660 76 669 76
660 80 664 81
660 83 664 84
660 90 669 90
660 95 663 96
660 97 669 97
660 103 661 107
660 113 669 113
660 114 669 114
660 131 664 132
660 139 664 140
660 149 664 150
660 171 664 172
660 191 664 192
660 211 664 212
660 213 669 213
660 228 666 228
660 231 664 232
660 233 668 233
660 255 664 256
660 258 661 262
660 281 669 281
660 296 661 300
660 315 664 316
660 326 664 327
660 354 669 354
660 358 664 359
660 375 669 375
660 397 664 398
661 6 670 6
661 18 665 19
661 22 670 22
661 40 665 41
661 56 665 57
661 59 669 59
661 69 670 69
661 70 670 70
661 72 670 72
661 78 665 79
661 85 670 85
661 88 670 88
661 115 662 119
661 120 665 121
661 126 662 130
661 133 665 134
661 142 670 142
661 147 665 148
661 152 662 156
661 163 665 164
661 170 670 170
661 176 670 176
661 181 670 181
661 186 665 187
661 204 662 208
661 209 665 210
661 226 665 227
661 251 670 251
661 265 665 266
661 271 665 272
661 276 667 276
661 287 670 287
661 306 665 307
661 308 670 308
661 320 665 321
661 331 665 332
661 341 665 342
661 345 665 346
661 348 665 349
661 350 665 351
661 356 670 356
658 360 667 360
661 376 662 380
661 384 670 384
661 386 670 386
661 394 665 395
661 396 670 396
662 4 671 4
662 32 666 33
662 46 666 47
662 48 671 48
662 49 671 49
662 61 666 62
662 65 666 66
662 86 666 87
662 91 666 92
662 94 671 94
662 103 663 107
662 141 671 141
662 157 666 158
661 161 665 162
662 182 666 183
662 188 666 189
662 195 666 196
662 201 666 202
660 203 669 203
662 220 666 221
662 225 666 225
662 229 666 230
662 239 666 240
662 241 666 242
662 246 666 247
662 249 671 249
662 258 663 262
662 263 666 264
662 267 666 268
662 280 671 280
661 286 670 286
662 296 663 300
662 310 666 311
662 313 671 313
662 324 666 325
662 328 666 329
662 330 670 330
662 338 667 338
662 340 671 340
662 343 666 344
662 366 666 367
662 368 671 368
662 382 666 383
662 387 666 388
662 389 671 389
662 391 666 392
662 393 671 393
663 27 672 27
663 37 672 37
663 38 672 38
663 42 667 43
663 44 667 45
663 52 667 53
663 54 672 54
663 63 666 64
663 73 667 74
663 98 672 98
663 115 664 119
663 122 672 122
663 123 672 123
663 126 664 130
663 143 667 144
663 145 666 146
663 152 664 156
663 159 672 159
663 160 672 160
663 165 665 166
663 173 667 174
663 198 667 199
663 204 664 208
663 238 672 238
663 244 667 245
663 252 667 253
663 257 672 257
663 274 667 275
663 279 672 279
663 282 667 283
663 284 672 284
663 291 671 291
662 292 671 292
663 304 667 305
663 318 667 319
663 335 667 336
663 363 667 364
659 365 668 365
663 369 672 369
663 371 667 372
663 374 672 374
663 376 664 380
663 385 670 385
664 0 673 0
664 10 668 11
664 12 673 12
664 14 668 15
664 16 673 16
664 20 668 21
664 29 668 30
664 100 668 101
664 103 664 112
664 124 668 125
664 135 668 136
664 137 673 137
664 178 668 179
664 214 668 215
664 216 668 217
664 219 673 219
664 222 673 222
664 234 668 235
664 236 668 237
664 258 665 262
664 288 673 288
659 289 668 289
664 296 665 300
664 302 668 303
664 322 673 322
664 323 673 323
664 334 673 334
664 352 672 352
664 361 673 361
665 1 670 1
665 23 669 24
665 26 674 26
665 35 669 36
665 39 674 39
664 50 668 51
665 67 669 68
665 71 674 71
665 80 669 81
665 83 669 84
664 95 668 96
665 103 665 112
665 115 666 119
665 126 666 130
665 131 669 132
665 139 669 140
665 149 666 153
665 154 669 155
665 156 674 156
665 167 669 168
665 171 669 172
665 185 674 185
665 191 669 192
665 193 674 193
665 204 666 208
665 211 669 212
665 223 674 223
665 231 666 232
665 250 674 250
665 255 669 256
665 277 674 277
665 295 674 295
665 315 669 316
665 326 669 327
663 353 672 353
665 358 669 359
665 376 666 380
665 381 674 381
665 397 669 398
666 7 675 7
666 13 675 13
666 18 670 19
666 40 670 41
666 55 670 56
666 57 675 57
666 78 670 79
666 89 675 89
666 103 666 112
666 120 670 121
666 133 670 134
666 147 670 148
666 161 668 163
666 164 668 166
666 169 675 169
666 175 675 175
666 177 675 177
666 186 670 187
666 209 670 210
666 227 675 227
666 258 667 262
666 265 670 266
666 269 675 269
666 271 670 272
666 273 675 273
666 278 675 278
666 296 667 299
666 306 670 307
666 317 675 317
666 320 670 321
666 331 670 332
666 333 675 333
666 341 670 342
666 345 670 346
666 348 670 349
666 350 670 351
666 355 675 355
666 394 670 395
667 2 671 3
666 9 675 9
667 17 676 17
667 32 671 33
667 46 676 46
667 47 676 47
667 61 671 62
667 63 669 65
667 86 671 87
667 91 671 92
667 93 676 93
667 99 676 99
667 103 667 112
667 115 668 119
667 126 668 130
667 138 676 138
667 149 668 153
667 157 671 158
667 182 671 183
667 184 676 184
667 188 671 189
667 190 676 190
667 194 671 195
667 196 671 197
667 201 671 202
667 204 668 208
667 220 671 221
667 225 671 226
667 228 671 229
667 230 669 232
667 239 671 240
667 241 671 242
667 246 671 247
667 263 671 264
667 267 671 268
666 300 670 301
667 310 671 311
667 312 676 312
667 324 671 325
667 328 671 329
667 337 676 337
667 343 671 344
667 347 676 347
667 362 676 362
667 366 671 367
667 370 676 370
667 376 668 380
667 382 671 383
667 387 671 388
667 391 671 392
668 42 672 43
668 44 672 45
668 52 672 53
668 73 672 74
668 75 677 75
668 82 677 82
668 103 668 112
668 143 672 144
667 145 671 146
668 173 672 174
668 198 672 199
668 224 677 224
668 244 672 245
668 248 676 248
668 252 672 253
668 254 677 254
668 258 669 262
668 274 677 274
668 275 672 276
668 282 677 282
668 283 677 283
668 285 677 285
668 290 677 290
668 296 672 297
668 298 672 299
668 304 672 305
668 318 672 319
668 335 672 336
668 339 677 339
668 357 677 357
668 360 677 360
668 363 672 364
668 371 672 372
668 373 677 373
669 5 678 5
669 10 673 11
669 14 673 15
669 20 673 21
669 28 673 29
669 30 673 31
669 50 673 51
669 60 678 60
669 77 678 77
669 95 673 96
669 100 669 109
669 110 673 111
669 112 678 112
669 115 670 119
669 124 670 128
669 129 673 130
669 135 673 136
669 149 670 153
669 161 670 165
669 166 678 166
669 178 673 179
669 180 678 180
669 200 677 200
669 204 670 208
669 214 670 218
669 235 673 235
669 236 673 237
669 243 678 243
669 270 678 270
669 289 678 289
669 293 673 294
669 302 673 303
669 309 678 309
669 314 678 314
669 365 678 365
669 376 670 380
669 390 678 390
670 8 679 8
670 23 674 24
670 25 679 25
670 34 674 35
670 36 679 36
670 58 674 59
670 63 679 63
670 64 671 68
670 76 679 76
670 80 674 81
670 83 674 84
670 90 679 90
670 97 679 97
670 100 670 109
670 114 678 114
670 131 674 132
670 139 674 140
670 154 674 155
670 167 674 168
670 171 674 172
670 191 674 192
670 203 679 203
670 211 674 212
670 213 679 213
670 230 674 231
670 232 679 232
669 233 673 234
670 255 674 256
670 258 671 262
670 281 679 281
670 315 674 316
670 326 674 327
670 354 679 354
670 375 679 375
670 397 674 398
671 6 679 6
671 18 675 19
671 22 680 22
671 40 675 41
671 55 675 56
671 69 675 70
671 72 680 72
671 78 675 79
671 85 680 85
671 88 680 88
671 100 671 109
671 113 680 113
671 115 672 119
671 120 675 121
671 124 672 128
671 133 675 134
671 142 680 142
671 147 672 151
671 152 675 153
671 161 672 165
671 170 680 170
671 176 680 176
671 181 680 181
671 186 675 187
671 204 672 208
671 209 675 210
671 214 672 218
671 251 680 251
671 265 675 266
671 271 675 272
671 286 675 287
671 300 675 301
671 306 675 307
671 308 680 308
671 320 675 321
671 330 675 331
671 332 680 332
671 341 675 342
671 345 675 346
671 348 680 348
671 349 680 349
671 350 675 351
671 356 677 356
671 358 680 358
671 376 672 380
671 384 680 384
671 385 675 386
671 394 675 395
671 396 680 396
672 2 676 3
672 4 681 4
672 32 676 33
672 48 676 49
672 61 676 62
672 64 673 68
672 86 676 87
672 91 676 92
672 94 681 94
672 100 672 109
672 141 679 141
672 145 676 146
672 157 676 158
672 182 681 182
672 183 681 183
672 188 676 189
672 194 676 195
672 196 676 197
672 201 676 202
672 220 676 221
672 225 676 226
672 228 676 229
672 239 676 240
672 241 676 242
672 246 676 247
672 249 681 249
672 258 673 262
672 263 676 264
672 267 676 268
672 280 681 280
672 291 676 292
672 310 676 311
672 313 681 313
672 324 676 325
672 328 676 329
668 338 677 338
672 340 681 340
672 343 681 343
672 344 681 344
672 366 676 367
672 368 681 368
672 382 676 383
672 387 676 388
672 389 681 389
672 391 676 392
672 393 681 393
673 27 682 27
673 37 677 38
673 42 677 43
673 44 677 45
673 52 675 54
673 73 677 74
673 98 682 98
673 100 673 109
673 115 674 119
673 122 677 123
673 124 674 128
673 143 677 144
673 147 674 151
673 159 674 163
673 164 677 165
673 173 677 174
673 198 677 199
673 204 674 208
673 214 674 218
673 238 679 238
673 244 677 245
673 252 677 253
673 257 682 257
673 275 677 276
673 279 682 279
673 284 682 284
673 296 677 297
673 298 677 299
673 304 677 305
673 318 675 319
673 335 677 336
673 352 677 353
673 363 677 364
673 369 682 369
673 371 677 372
673 374 682 374
673 376 674 380
674 0 683 0
674 10 678 11
674 12 683 12
674 14 678 15
674 16 683 16
674 20 678 21
674 28 678 29
674 30 678 31
674 50 678 51
674 64 675 68
674 95 678 96
674 100 674 109
674 110 678 111
674 129 678 130
674 135 678 136
674 137 683 137
674 178 678 179
674 219 683 219
674 222 683 222
674 233 675 237
674 258 675 262
674 288 683 288
674 293 676 294
674 302 678 303
674 322 682 322
674 323 683 323
674 334 683 334
674 359 683 359
674 361 683 361
671 1 680 1
675 23 679 24
675 26 684 26
675 34 679 35
675 39 682 39
675 58 679 59
675 71 683 71
675 80 679 81
675 83 679 84
675 100 679 101
675 102 679 103
675 104 684 104
675 105 679 106
675 107 684 107
675 108 679 109
675 115 676 119
675 124 676 128
675 131 679 132
675 139 679 140
675 147 676 151
675 154 679 155
675 156 684 156
675 159 676 163
675 167 684 167
675 171 679 172
675 185 684 185
675 191 679 192
675 193 684 193
675 204 676 208
675 211 679 212
675 214 676 218
675 223 684 223
675 230 679 231
675 250 684 250
675 255 679 256
675 277 684 277
675 295 684 295
675 315 679 316
675 326 679 327
675 376 676 380
675 381 684 381
675 397 679 398
676 7 685 7
676 9 685 9
676 13 685 13
676 18 680 19
676 40 680 41
676 52 677 56
676 57 685 57
676 64 677 68
676 69 678 70
676 78 680 79
676 89 685 89
676 120 680 121
676 133 680 134
676 152 680 153
676 169 685 169
676 175 685 175
676 177 685 177
676 186 680 187
676 209 680 210
676 227 685 227
676 233 677 237
676 258 677 262
676 265 680 266
676 269 685 269
676 271 685 271
676 272 685 272
676 273 685 273
676 278 685 278
676 286 680 287
676 300 680 301
676 306 680 307
676 317 677 321
676 330 680 331
676 333 685 333
676 341 685 341
676 342 685 342
676 345 680 346
676 350 680 351
676 355 685 355
676 385 680 386
676 394 680 395
677 2 681 3
677 17 686 17
677 32 680 33
677 46 681 47
677 48 681 49
677 61 678 62
677 86 681 87
677 91 681 92
677 93 686 93
677 99 686 99
677 115 678 119
677 124 678 128
677 138 686 138
677 145 681 146
677 147 678 151
677 157 678 161
677 162 681 163
677 184 686 184
677 188 681 189
677 190 685 190
677 194 681 195
677 196 681 197
677 201 681 201
677 204 678 208
677 214 678 218
677 220 681 221
677 225 681 226
677 228 681 229
677 239 681 240
677 241 681 242
677 246 679 248
677 263 681 264
677 267 686 267
677 268 686 268
677 291 686 291
677 292 679 294
677 310 681 311
677 312 686 312
677 324 681 325
677 328 681 329
677 337 686 337
677 347 686 347
677 362 686 362
677 366 681 367
677 370 686 370
677 376 678 380
677 382 681 382
677 387 681 388
677 391 681 392
678 37 682 38
678 42 682 43
678 44 682 45
678 52 679 56
678 64 679 68
678 73 682 74
678 75 687 75
678 82 687 82
678 122 682 123
678 143 682 144
678 164 682 165
678 173 682 174
678 198 681 199
678 224 687 224
678 233 679 237
678 244 682 245
678 252 682 253
678 254 687 254
678 258 679 262
678 274 687 274
678 275 682 276
678 282 682 283
678 285 687 285
678 290 687 290
678 296 682 297
678 298 682 299
678 304 682 305
678 317 679 321
678 335 682 336
678 338 682 339
678 352 682 353
678 357 687 357
678 360 687 360
678 363 682 364
678 371 682 372
678 373 687 373
679 5 688 5
679 10 683 11
679 14 683 15
679 20 683 21
679 28 683 29
679 30 680 31
679 50 683 51
679 60 681 62
679 77 688 77
679 95 683 96
679 110 683 111
679 112 688 112
679 117 680 119
679 124 680 128
679 129 683 130
679 135 683 136
679 147 680 151
679 157 680 161
679 166 688 166
679 178 683 179
679 180 688 180
678 200 687 200
679 204 680 208
679 214 680 218
679 243 688 243
679 270 688 270
679 289 688 289
679 302 683 303
679 309 688 309
679 314 688 314
679 365 688 365
679 376 680 380
679 390 688 390
680 8 689 8
680 23 684 24
680 25 689 25
680 34 683 35
680 36 689 36
680 52 681 56
680 58 684 59
680 63 681 67
680 68 686 68
680 76 689 76
680 80 684 81
680 83 684 84
680 90 686 90
680 97 689 97
680 100 684 101
680 102 684 103
680 105 684 106
680 108 684 108
679 114 681 116
680 131 684 132
680 139 684 140
680 154 684 155
680 171 684 172
680 191 684 192
680 203 689 203
680 211 684 212
680 213 689 213
680 230 681 234
680 235 684 236
680 237 684 238
680 246 684 247
680 248 689 248
680 255 689 255
680 256 689 256
680 258 681 262
680 281 689 281
680 292 689 292
680 293 684 294
680 315 684 316
680 317 681 321
680 326 684 327
680 354 686 354
680 375 689 375
680 397 684 398
681 1 690 1
680 6 689 6
681 18 685 19
681 22 690 22
681 41 687 41
687 69 690 70
679 69 683 70
681 72 690 72
681 78 685 79
681 85 690 85
681 88 690 88
681 113 690 113
681 117 685 118
681 119 685 120
681 121 690 121
681 124 685 125
681 126 685 127
681 128 690 128
681 133 685 134
681 142 690 142
681 147 682 151
681 152 685 153
681 157 682 161
681 168 690 168
681 170 690 170
681 176 690 176
681 181 690 181
681 186 685 187
681 204 682 208
681 209 685 210
681 214 682 218
681 251 690 251
681 265 685 266
681 286 685 287
681 300 685 301
681 306 685 307
681 308 690 308
681 330 685 331
681 332 690 332
681 345 685 346
681 348 685 349
681 350 685 351
678 356 687 356
681 358 690 358
681 376 682 380
681 384 685 385
681 386 690 386
681 394 685 395
681 396 690 396
682 2 686 3
682 4 691 4
683 30 685 32
681 30 682 33
682 46 685 47
682 48 685 49
682 52 686 53
682 54 686 55
682 56 691 56
682 60 683 64
682 65 686 65
682 66 686 67
682 86 686 87
682 91 686 92
682 94 691 94
682 114 686 115
682 116 691 116
680 141 689 141
682 145 686 146
682 162 686 163
682 182 686 183
682 188 686 189
682 194 686 195
682 196 691 196
682 197 684 199
682 201 691 201
677 202 686 202
682 220 686 221
682 225 686 226
682 228 683 232
682 233 686 234
682 239 684 240
682 241 686 242
682 249 691 249
682 258 683 262
682 263 686 264
682 280 691 280
682 310 686 311
682 313 691 313
682 317 683 321
682 324 686 325
682 328 686 329
682 340 691 340
682 343 686 344
682 366 686 367
682 368 690 368
682 382 691 382
677 383 686 383
682 387 686 388
682 389 691 389
682 391 686 392
682 393 690 393
683 27 692 27
683 37 687 37
683 42 687 43
683 44 687 45
683 73 687 74
683 98 692 98
683 122 687 123
683 143 687 144
683 147 687 148
683 149 687 150
683 151 690 151
683 157 684 161
683 164 687 165
683 173 687 174
683 204 684 208
683 214 684 218
683 244 687 245
683 252 687 253
683 257 687 257
683 275 687 276
683 279 692 279
683 282 687 283
683 284 692 284
683 296 687 297
683 298 687 299
683 304 687 305
683 335 687 336
683 338 687 339
683 352 686 353
683 363 687 364
683 369 692 369
683 371 687 372
683 374 692 374
683 376 684 380
684 0 693 0
684 10 688 11
684 12 693 12
684 14 688 15
684 16 693 16
684 20 688 21
684 28 688 29
684 33 686 35
684 51 693 51
684 60 685 64
684 69 686 71
684 95 688 96
684 110 688 111
684 129 688 130
684 135 688 136
684 137 693 137
684 178 688 179
684 219 693 219
684 222 693 222
684 228 685 232
684 258 685 262
684 288 693 288
684 302 688 303
684 317 685 321
683 322 692 322
684 323 693 323
684 334 693 334
684 359 693 359
684 361 693 361
685 23 689 24
685 26 694 26
686 30 689 31
683 38 687 39
685 58 689 59
685 80 689 81
685 83 689 84
685 100 686 104
685 105 689 106
685 107 688 108
680 109 688 109
685 131 689 132
685 139 689 140
685 154 686 158
685 159 688 160
685 161 694 161
685 167 694 167
685 171 689 172
685 185 694 185
685 191 689 192
685 193 694 193
685 197 688 198
685 199 692 199
685 204 686 208
685 211 689 212
685 214 686 218
685 223 694 223
685 235 689 236
685 237 694 237
685 238 687 240
685 246 689 247
685 250 694 250
685 277 694 277
685 293 689 294
685 295 694 295
685 315 689 316
685 326 694 326
685 327 694 327
685 376 686 380
685 381 693 381
685 397 689 398
686 7 695 7
686 9 695 9
686 13 692 13
686 18 690 19
686 46 687 50
686 57 695 57
686 60 687 64
686 78 690 79
686 89 692 89
686 117 690 118
686 119 690 120
686 124 690 125
686 126 690 127
686 133 690 134
686 152 690 153
686 169 690 169
686 175 695 175
686 177 695 177
686 186 690 187
686 209 690 210
686 227 687 231
686 232 695 232
686 258 687 262
686 265 690 266
686 269 695 269
686 271 690 272
686 273 695 273
686 278 695 278
686 286 690 287
686 300 689 301
686 306 690 307
686 317 687 321
686 330 690 331
686 333 695 333
686 341 690 342
686 345 695 345
686 346 695 346
686 348 690 349
686 350 690 351
686 355 695 355
686 384 690 385
686 394 690 395
687 2 691 3
687 17 692 17
687 32 696 32
687 33 691 34
687 35 691 35
687 52 691 53
687 54 691 55
687 65 691 66
687 67 691 68
687 71 696 71
687 86 691 87
687 90 691 91
687 92 691 93
687 99 688 103
687 104 696 104
687 115 696 115
687 138 696 138
687 145 691 146
687 154 688 158
687 162 691 163
687 182 691 183
687 184 696 184
687 188 691 189
686 190 695 190
687 194 691 195
687 202 696 202
687 204 688 208
687 214 688 218
687 220 691 221
687 225 691 226
687 233 691 234
687 241 691 242
687 263 691 264
687 267 691 268
687 291 696 291
687 310 691 311
687 312 696 312
687 324 691 325
687 328 691 329
687 337 696 337
687 343 691 344
687 347 694 347
687 362 693 362
687 366 691 367
687 370 696 370
687 376 688 380
687 383 696 383
687 387 691 388
687 391 691 392
688 37 692 38
688 39 697 39
688 40 692 41
688 42 689 46
688 47 692 48
688 49 692 50
688 60 689 64
688 73 692 74
688 75 697 75
688 82 697 82
688 122 692 123
688 143 692 144
688 147 692 148
688 149 692 150
688 164 692 165
688 173 692 174
688 200 697 200
688 224 697 224
688 227 689 231
688 238 692 239
688 240 697 240
688 244 692 245
688 252 692 253
688 254 697 254
688 257 692 258
688 259 696 259
688 260 690 262
688 274 692 275
688 276 697 276
688 282 692 283
688 285 697 285
688 290 697 290
688 296 692 297
688 298 692 299
688 304 692 305
688 317 689 321
688 335 692 336
688 338 692 339
687 352 689 354
688 356 692 357
688 360 697 360
688 363 692 364
688 371 690 372
688 373 697 373
689 5 698 5
689 10 693 11
689 14 693 15
689 20 693 21
689 28 693 29
689 77 698 77
689 95 693 96
689 99 690 103
689 110 693 111
689 112 698 112
689 129 693 130
689 135 693 136
689 154 690 157
689 166 698 166
689 178 693 179
689 180 698 180
689 204 690 208
689 214 690 218
689 243 698 243
689 270 698 270
689 289 698 289
689 302 691 303
689 309 698 309
689 314 698 314
689 365 698 365
689 376 690 380
689 390 698 390
690 6 695 6
690 8 699 8
690 23 694 24
690 25 699 25
690 30 694 31
690 36 699 36
690 42 691 46
690 58 691 62
690 63 694 64
690 76 699 76
690 80 694 81
690 83 694 84
690 97 699 97
690 105 694 106
692 107 694 108
689 107 691 109
690 131 694 132
690 139 694 140
690 141 699 141
689 158 691 160
690 172 699 172
690 191 694 192
689 197 692 198
690 203 699 203
690 211 694 212
690 213 699 213
690 227 691 231
690 235 694 236
690 246 694 247
690 248 699 248
690 255 694 256
690 292 694 293
690 294 699 294
690 315 691 319
690 320 694 321
690 352 699 352
690 353 694 354
690 375 699 375
690 397 694 398
691 1 700 1
691 18 695 19
691 22 697 22
691 69 695 70
691 72 700 72
691 78 695 79
691 85 700 85
691 88 700 88
691 99 692 103
691 113 695 114
691 117 692 121
691 124 692 128
691 133 695 134
691 142 700 142
693 152 699 152
691 151 692 155
691 156 695 157
691 168 700 168
691 169 695 170
691 171 700 171
691 176 700 176
691 181 700 181
691 186 695 187
691 204 692 208
691 209 695 210
691 214 692 218
691 251 700 251
691 260 695 261
691 262 700 262
691 265 695 266
691 271 695 272
691 286 695 287
690 300 694 301
691 306 695 307
691 308 700 308
691 330 695 331
691 332 700 332
691 341 695 342
691 348 700 348
691 349 695 350
691 351 700 351
691 358 700 358
691 376 692 380
691 384 695 385
691 386 700 386
691 394 695 395
691 396 700 396
692 2 696 3
692 4 701 4
692 33 701 33
692 34 696 35
692 42 693 46
692 52 693 56
692 58 693 62
692 65 696 66
692 67 696 68
692 86 696 87
692 90 693 94
692 109 701 109
692 116 701 116
692 145 696 146
692 158 700 158
692 160 701 160
692 162 696 163
692 182 696 183
692 188 696 189
692 194 696 195
692 196 701 196
692 201 701 201
692 220 696 221
692 225 701 225
692 226 701 226
692 227 696 228
692 229 694 231
692 233 696 234
692 241 696 242
692 249 701 249
692 263 696 264
692 267 696 268
692 280 696 281
692 310 696 311
692 313 701 313
692 315 693 319
692 324 696 325
692 328 695 329
692 340 701 340
692 343 696 344
692 366 696 367
691 368 700 368
692 382 701 382
692 387 696 388
692 389 701 389
692 391 696 392
691 393 700 393
693 27 702 27
693 37 697 38
693 40 702 40
693 41 702 41
693 47 697 48
693 49 697 50
693 73 697 74
693 98 694 102
693 103 702 103
693 117 693 126
693 127 697 128
693 143 697 144
693 147 694 151
693 154 697 155
693 159 702 159
693 164 697 165
693 173 697 174
693 204 694 208
693 214 694 218
693 238 697 239
693 244 697 245
693 252 697 253
693 257 697 258
693 274 697 275
693 279 702 279
693 282 697 283
693 284 697 284
693 296 697 297
693 298 697 299
693 304 697 305
693 322 702 322
693 335 697 336
693 338 696 339
693 356 697 357
693 363 697 364
693 369 700 369
696 371 702 371
691 371 695 372
693 374 702 374
693 376 694 380
694 0 703 0
694 10 698 11
694 12 702 12
694 14 698 15
694 16 703 16
694 20 698 21
694 28 698 29
694 42 695 46
694 51 695 55
694 56 703 56
694 58 695 62
694 90 695 94
694 95 698 96
694 110 697 111
694 117 694 126
694 129 698 130
694 135 698 136
694 137 698 137
694 153 703 153
694 178 698 179
696 197 703 197
693 197 695 199
694 219 703 219
694 222 703 222
694 288 703 288
692 302 696 303
694 315 695 319
694 323 703 323
694 334 703 334
694 359 703 359
694 361 697 362
695 23 699 24
695 26 702 26
695 30 699 31
695 63 699 64
695 80 699 81
695 83 699 84
695 98 696 102
695 105 699 106
695 107 699 108
695 117 695 126
695 131 699 132
695 139 704 139
695 140 704 140
695 147 696 151
695 161 701 161
695 167 704 167
695 185 704 185
695 191 699 192
695 193 704 193
695 204 699 205
695 206 704 206
695 207 699 208
695 211 699 212
695 214 696 218
695 223 703 223
695 229 697 231
695 235 699 236
695 237 704 237
695 246 699 247
695 250 704 250
695 255 699 256
695 277 704 277
695 292 699 293
695 295 704 295
695 300 698 301
695 320 699 321
695 326 699 327
695 353 699 354
695 376 696 380
694 381 703 381
695 397 699 398
696 6 700 7
696 9 705 9
693 13 702 13
696 18 700 19
696 42 697 46
696 51 697 55
696 57 697 61
696 62 703 62
696 69 705 69
696 70 705 70
696 78 700 79
693 89 700 89
696 90 700 91
696 92 700 93
696 94 705 94
696 113 700 114
696 117 696 126
696 133 700 134
696 156 700 157
696 169 705 169
696 175 705 175
696 177 705 177
696 186 700 187
696 190 705 190
696 198 700 199
696 209 700 210
696 232 705 232
696 261 705 261
696 265 700 266
696 269 705 269
696 271 700 272
696 273 705 273
696 278 702 278
696 286 700 287
696 306 700 307
696 315 697 319
696 328 698 330
696 331 705 331
696 333 705 333
696 341 700 342
696 345 700 346
696 349 700 350
696 355 705 355
696 372 705 372
696 384 700 385
696 394 700 395
697 2 701 3
693 17 702 17
697 32 706 32
697 34 701 35
697 65 701 66
697 67 706 67
697 68 706 68
697 71 706 71
697 86 701 87
697 98 698 102
697 104 706 104
697 115 706 115
697 117 697 126
697 138 706 138
697 145 698 149
697 150 701 151
697 162 701 163
697 182 701 183
697 184 706 184
697 188 701 189
697 194 701 195
697 202 706 202
697 214 698 218
697 220 701 221
697 227 701 228
697 233 701 234
697 241 700 242
697 259 701 260
697 263 701 264
697 267 701 268
697 280 701 281
697 291 706 291
697 303 706 303
697 310 701 311
697 312 706 312
697 324 701 325
697 337 698 339
697 343 701 344
695 347 704 347
697 366 701 367
697 370 706 370
697 376 698 380
697 383 706 383
697 387 701 388
697 391 701 392
698 37 702 38
698 39 707 39
698 42 698 51
698 52 702 53
698 54 702 55
698 57 699 61
698 73 702 74
698 75 707 75
698 82 704 82
698 117 699 121
698 122 702 123
698 124 702 125
698 126 702 127
698 128 707 128
698 143 702 144
698 154 702 155
698 164 702 165
698 173 702 174
698 200 707 200
698 224 706 224
698 229 702 230
698 231 707 231
698 238 702 239
698 240 707 240
698 244 702 245
698 252 702 253
698 254 707 254
698 257 702 258
698 274 702 275
698 276 707 276
698 282 702 283
698 284 702 285
698 290 707 290
698 296 702 297
698 298 702 299
698 304 702 305
698 315 699 319
698 335 702 336
698 356 702 357
698 360 699 364
698 373 707 373
699 5 708 5
699 10 703 11
699 14 703 15
699 20 703 21
699 28 703 29
699 42 699 51
699 77 708 77
699 95 703 96
699 98 700 102
698 110 702 111
699 112 708 112
699 129 703 130
699 135 708 135
699 136 703 137
699 145 700 149
699 166 708 166
699 170 708 170
699 178 703 179
699 180 708 180
699 214 700 218
699 243 708 243
699 270 708 270
699 289 707 289
699 300 701 302
699 309 708 309
699 314 708 314
699 328 703 329
699 365 708 365
699 376 700 380
699 390 708 390
700 8 709 8
700 23 704 24
700 25 704 25
700 30 704 31
700 36 709 36
700 42 700 51
700 57 701 61
700 63 704 64
700 76 709 76
700 80 704 81
700 83 704 84
700 97 709 97
700 105 704 106
700 107 709 107
700 108 709 108
700 117 701 121
700 131 704 132
700 141 709 141
700 172 709 172
700 191 704 192
700 203 704 204
700 205 709 205
700 207 704 208
700 211 704 212
700 213 709 213
700 235 704 236
700 246 704 247
700 248 709 248
700 255 704 256
700 292 704 293
700 294 709 294
700 315 701 319
700 320 704 321
700 326 704 327
699 337 701 339
700 352 704 353
700 354 709 354
700 360 701 364
700 375 709 375
700 397 704 398
701 1 710 1
701 6 705 7
701 18 705 19
698 22 707 22
701 42 701 51
701 72 710 72
701 78 705 79
701 85 710 85
701 88 702 92
701 93 710 93
701 98 702 102
701 113 705 114
701 133 705 134
701 142 710 142
701 145 702 149
700 152 709 152
704 156 705 157
701 168 710 168
701 171 710 171
701 176 710 176
701 181 708 181
701 186 705 187
701 198 705 199
701 209 705 210
701 214 702 218
701 251 710 251
701 262 710 262
701 265 705 266
701 271 705 272
701 286 705 287
701 306 705 307
701 308 710 308
701 332 710 332
701 341 705 342
701 345 705 346
701 348 705 349
701 350 705 351
701 358 710 358
701 368 705 369
701 376 702 380
701 384 705 385
701 386 710 386
701 393 710 393
701 394 710 394
701 395 710 395
701 396 710 396
702 2 706 3
702 4 711 4
702 33 706 34
702 35 711 35
702 42 702 51
702 57 703 61
702 65 711 65
702 66 711 66
702 87 705 87
702 116 703 120
702 121 711 121
702 150 706 151
701 156 703 158
702 160 706 161
702 162 706 163
702 182 706 183
702 188 706 189
702 194 706 195
702 196 711 196
702 201 711 201
702 220 706 221
702 225 706 226
702 227 706 228
702 233 706 234
701 241 705 242
702 249 711 249
702 259 711 259
702 260 711 260
702 263 706 264
702 267 706 268
702 280 706 281
702 300 706 301
702 302 711 302
702 310 706 311
702 313 711 313
702 315 703 319
702 324 706 325
702 330 711 330
702 337 706 338
702 339 706 340
702 343 706 344
702 360 711 360
702 361 706 362
702 363 706 364
702 366 711 366
702 367 711 367
702 382 711 382
702 387 706 388
702 389 711 389
702 391 706 392
703 12 707 13
703 17 712 17
703 26 707 27
703 37 707 38
703 40 703 49
703 50 704 54
703 55 712 55
703 73 707 74
703 88 705 90
703 91 707 92
703 98 704 102
703 103 712 103
703 109 707 110
703 111 712 111
703 122 704 126
703 127 712 127
703 143 707 144
703 145 707 146
703 147 707 148
703 149 712 149
703 154 707 155
703 159 712 159
703 164 707 165
703 173 707 174
703 214 704 218
703 229 707 230
703 238 707 239
703 244 707 245
703 252 707 253
703 257 707 258
703 274 707 275
703 278 707 279
703 282 707 283
703 284 707 285
703 296 707 297
703 298 707 299
703 304 706 305
703 322 712 322
703 335 707 336
703 356 707 357
703 371 712 371
703 374 712 374
703 376 704 380
704 0 713 0
704 10 708 11
704 14 708 15
704 16 713 16
704 20 708 21
704 28 708 29
704 40 704 49
704 56 705 60
704 61 713 61
704 95 708 96
704 116 705 120
704 129 708 130
704 136 708 137
704 153 713 153
704 158 713 158
704 178 708 179
704 197 713 197
704 219 713 219
704 222 706 223
704 288 713 288
704 315 705 319
704 323 713 323
704 328 708 329
704 334 713 334
704 359 713 359
704 381 713 381
705 23 714 23
705 24 709 25
705 30 709 31
705 40 705 49
705 50 706 54
705 63 709 64
705 80 709 81
705 83 709 84
705 98 706 102
705 105 709 106
705 122 706 126
705 131 709 132
705 139 709 140
705 167 714 167
705 185 714 185
705 191 709 192
705 193 714 193
705 203 709 204
705 206 709 207
705 208 714 208
705 211 709 212
705 214 706 218
705 235 709 236
705 237 714 237
705 246 709 247
705 250 714 250
705 255 709 256
705 277 714 277
705 292 709 293
705 295 714 295
705 320 709 321
705 326 709 327
705 347 714 347
705 352 709 353
705 376 706 380
705 397 709 398
706 6 710 7
706 9 715 9
706 18 715 18
706 19 715 19
706 40 706 49
706 56 707 60
704 62 713 62
706 69 710 70
706 78 710 79
706 87 707 90
706 94 715 94
706 113 710 114
706 116 710 117
706 118 710 119
706 120 715 120
706 133 710 134
706 156 710 157
706 169 715 169
706 175 715 175
706 177 715 177
706 186 710 187
706 190 715 190
706 198 710 199
706 209 710 210
706 232 715 232
706 241 710 242
706 261 715 261
706 265 710 266
706 269 715 269
706 271 715 271
706 272 710 273
706 286 710 287
706 306 710 307
706 315 707 319
706 331 715 331
706 333 715 333
706 341 710 342
706 345 710 346
706 348 710 349
706 350 710 351
706 355 715 355
706 368 715 368
706 372 715 372
706 384 710 385
707 2 710 3
707 32 711 32
707 34 716 34
707 40 707 49
707 50 708 54
707 67 711 68
707 71 716 71
707 98 708 102
707 104 716 104
707 115 716 115
707 122 708 126
707 138 716 138
707 150 711 151
707 160 711 161
707 162 711 163
707 182 711 183
707 184 716 184
707 188 711 189
707 194 711 195
707 202 715 202
707 214 708 218
707 220 716 220
707 221 708 225
707 226 716 226
707 227 711 228
707 233 711 234
707 263 711 264
707 267 711 268
707 280 711 281
707 291 716 291
707 300 711 301
707 303 709 305
707 310 711 311
707 312 716 312
707 324 711 325
707 337 711 338
707 339 711 340
707 343 710 344
707 361 711 362
707 363 711 364
707 370 716 370
707 376 711 377
707 378 711 379
707 380 716 380
707 383 716 383
707 387 710 388
707 391 711 392
708 12 712 13
708 22 717 22
708 26 712 27
708 37 708 46
708 47 712 48
708 49 716 49
708 56 709 60
708 73 712 74
708 75 717 75
705 82 714 82
702 86 711 86
708 87 709 91
708 92 717 92
708 109 712 110
708 128 717 128
708 143 709 147
708 148 717 148
708 154 712 155
708 164 712 165
708 173 712 174
708 200 717 200
708 229 712 230
708 231 717 231
708 238 712 239
708 240 717 240
708 244 712 245
708 252 717 252
708 253 712 254
708 257 712 258
708 274 712 275
708 276 717 276
708 278 712 279
708 282 717 282
708 283 712 284
708 285 717 285
708 289 712 290
708 296 712 297
708 298 712 299
708 315 709 319
708 335 712 336
708 356 712 357
708 373 717 373
709 5 718 5
709 10 713 11
709 14 713 15
709 20 713 21
709 28 713 29
709 37 709 46
709 50 710 54
709 77 718 77
709 95 713 96
709 98 710 102
709 112 717 112
709 122 710 126
709 129 713 130
709 135 713 136
709 166 718 166
709 170 718 170
709 178 713 179
709 180 718 180
709 214 713 215
709 216 713 217
709 218 718 218
709 221 710 225
709 243 718 243
709 270 718 270
709 309 718 309
709 314 718 314
709 328 713 329
709 365 718 365
709 390 718 390
710 8 719 8
710 24 714 25
710 30 714 31
710 36 710 45
710 46 718 46
710 56 711 60
710 63 714 64
710 76 719 76
710 80 714 81
710 83 714 84
710 87 711 91
710 97 719 97
710 105 714 106
710 107 714 108
710 131 714 132
710 139 714 140
710 141 719 141
710 143 711 147
710 152 719 152
710 172 719 172
710 191 714 192
710 203 711 207
710 211 714 212
710 213 719 213
710 235 714 236
710 246 714 247
710 248 719 248
710 255 714 256
710 292 713 293
710 294 719 294
710 303 714 304
710 305 719 305
710 315 711 319
710 320 714 321
710 326 714 327
710 352 714 353
710 354 719 354
710 369 719 369
710 375 719 375
710 397 714 398
711 1 713 3
711 6 715 7
711 36 711 45
711 50 712 54
711 69 715 70
711 72 720 72
711 78 715 79
711 85 720 85
711 93 720 93
711 98 712 102
711 113 715 114
711 116 715 117
711 118 715 119
711 122 712 126
711 133 715 134
711 142 720 142
711 156 715 157
711 168 720 168
711 171 720 171
711 176 720 176
709 181 718 181
711 186 715 187
711 198 715 199
711 209 715 210
711 221 712 225
711 241 715 242
711 251 720 251
711 262 720 262
711 265 715 266
711 272 715 273
711 286 715 287
711 306 715 307
711 308 720 308
711 332 720 332
711 341 712 345
711 346 720 346
711 348 715 349
711 350 715 351
711 358 720 358
711 384 715 385
711 386 713 388
711 393 715 394
711 395 715 396
712 4 721 4
712 32 721 32
707 33 716 33
712 35 712 44
712 45 721 45
712 56 713 60
712 65 716 66
712 67 716 68
712 86 713 90
712 91 721 91
712 121 721 121
712 137 721 137
712 143 713 147
712 150 716 151
712 160 716 161
712 162 716 163
712 182 716 183
712 188 716 189
712 194 716 195
712 196 721 196
712 201 721 201
712 203 713 207
712 227 716 228
712 233 716 234
712 249 721 249
712 259 715 260
712 263 716 264
712 267 721 267
712 268 721 268
712 280 716 281
712 300 716 301
712 302 721 302
712 310 716 311
712 313 721 313
712 315 713 319
712 324 716 325
712 330 721 330
712 337 716 338
712 339 716 340
712 360 713 364
712 366 716 367
712 376 715 377
712 378 716 379
712 382 721 382
712 389 721 389
712 391 721 391
712 392 721 392
713 12 717 13
713 17 722 17
713 26 717 27
713 35 713 44
713 47 717 48
713 50 714 54
713 55 722 55
713 73 717 74
713 98 717 99
713 100 717 101
713 102 717 103
713 109 717 110
713 111 720 111
713 122 714 126
713 127 721 127
713 154 717 155
713 159 722 159
713 164 717 165
713 173 717 174
713 221 714 225
713 229 717 230
713 238 717 239
713 244 717 245
713 253 717 254
713 257 715 258
713 274 716 275
713 278 717 279
713 283 717 284
713 289 716 290
713 296 717 297
713 298 717 299
713 322 722 322
713 335 717 335
713 341 714 345
713 356 722 356
713 357 722 357
713 371 722 371
713 374 722 374
714 0 718 1
714 2 718 3
714 10 718 11
714 14 718 15
714 16 722 16
714 20 718 21
714 28 718 29
714 35 714 44
714 56 715 60
714 61 718 62
714 87 723 87
714 88 723 88
714 89 718 90
714 95 718 96
714 129 718 130
714 135 718 136
714 143 715 147
714 153 723 153
714 158 723 158
714 178 718 179
714 197 723 197
714 203 715 207
714 214 718 215
714 216 718 217
714 219 723 219
714 288 723 288
714 315 715 319
714 323 722 323
714 328 718 329
714 334 723 334
714 359 715 363
714 364 723 364
714 381 721 381
714 386 718 387
714 388 723 388
715 23 719 24
715 25 724 25
715 30 719 31
715 35 715 43
715 50 716 54
715 63 719 64
715 80 716 84
715 105 719 106
715 107 719 108
715 122 716 126
715 131 719 132
715 139 719 140
715 149 724 149
715 167 724 167
715 185 724 185
715 191 719 192
715 193 724 193
715 208 724 208
715 211 719 212
715 221 716 225
715 235 719 236
715 237 724 237
715 246 719 247
715 250 722 250
715 255 719 256
715 277 724 277
714 292 718 293
715 295 724 295
715 303 719 304
715 320 724 320
715 321 724 321
715 326 719 327
715 341 716 345
715 347 724 347
715 352 719 353
715 397 719 398
716 6 720 7
716 9 725 9
716 18 720 19
716 35 720 36
716 37 720 38
716 39 717 43
715 44 724 44
716 56 717 60
716 69 720 70
716 78 720 79
716 86 725 86
716 94 725 94
716 113 720 114
716 116 717 120
716 133 720 134
716 143 717 147
716 156 720 157
716 169 725 169
716 175 725 175
716 177 725 177
716 186 720 187
716 190 725 190
716 198 720 199
716 203 717 207
716 209 720 210
716 232 725 232
716 241 720 242
716 261 725 261
716 265 720 266
716 269 725 269
716 271 720 272
716 273 725 273
716 286 720 287
716 306 720 307
716 315 717 319
716 331 725 331
716 333 725 333
716 348 720 349
716 350 720 351
716 355 725 355
716 359 717 363
716 368 725 368
716 372 725 372
716 384 720 385
716 393 718 395
716 396 725 396
717 33 726 33
717 34 726 34
717 51 718 54
717 65 721 66
717 67 721 68
717 71 726 71
717 80 718 84
717 104 726 104
717 115 726 115
717 122 721 123
717 124 721 125
717 126 726 126
717 138 726 138
717 150 721 151
717 160 721 161
717 162 721 163
717 182 721 183
717 184 726 184
717 188 721 189
717 194 721 195
716 202 725 202
717 220 718 224
717 225 721 226
717 227 721 228
717 233 721 234
718 259 726 259
716 257 717 260
717 263 721 264
717 280 721 281
717 289 719 291
717 300 721 301
717 310 719 312
717 324 721 325
717 337 718 341
717 342 721 343
717 344 721 345
717 366 721 367
717 370 726 370
716 376 720 377
717 378 720 379
717 380 723 380
717 383 726 383
718 12 722 13
718 22 727 22
718 26 722 27
718 39 719 43
718 47 722 48
717 49 721 50
718 56 719 60
718 73 722 74
718 75 727 75
718 92 727 92
718 98 719 102
718 103 727 103
718 109 722 110
718 116 719 120
718 128 727 128
718 143 719 147
718 148 727 148
718 154 722 155
718 164 722 165
718 173 722 174
718 200 727 200
718 203 719 207
718 229 721 230
718 231 727 231
718 238 722 239
718 240 727 240
718 244 722 245
718 252 722 253
718 254 727 254
718 257 722 258
717 274 721 275
718 278 722 279
718 282 722 283
718 284 727 284
718 285 727 285
718 296 722 297
718 298 722 299
718 315 722 316
718 317 727 317
718 318 722 319
718 335 727 335
713 336 722 336
718 359 719 363
718 373 727 373
719 0 728 0
719 1 728 1
719 2 723 3
719 5 728 5
719 10 723 11
719 14 723 15
719 20 723 21
719 28 723 29
719 51 723 52
719 53 723 54
719 61 723 62
719 77 728 77
719 80 720 84
719 89 723 90
719 95 723 96
718 112 727 112
719 129 723 130
719 135 728 135
719 136 728 136
719 166 728 166
719 170 728 170
719 178 723 179
719 180 723 181
719 214 720 218
719 220 720 224
719 243 728 243
719 270 728 270
719 276 728 276
719 292 723 293
719 309 724 309
719 314 728 314
719 328 723 329
719 337 720 341
719 365 728 365
719 386 723 387
719 390 728 390
719 393 721 394
719 395 728 395
720 8 729 8
720 23 724 24
720 30 729 30
720 31 729 31
720 39 721 43
719 46 728 46
720 56 721 60
720 63 724 64
720 76 729 76
720 97 721 101
720 102 729 102
720 105 724 106
720 107 724 108
720 116 721 120
720 131 724 132
720 139 724 140
720 141 729 141
720 143 721 147
720 152 729 152
720 172 729 172
720 191 724 192
720 203 721 207
720 211 724 212
720 213 729 213
720 235 724 236
720 246 724 247
720 248 729 248
720 255 729 255
720 256 729 256
720 289 724 290
720 291 729 291
720 294 729 294
720 303 724 304
720 305 729 305
720 310 724 311
720 312 724 312
720 326 724 327
720 352 724 353
720 354 729 354
720 359 721 363
720 369 729 369
720 375 729 375
720 397 724 398
721 6 725 7
721 18 725 19
721 35 725 36
721 37 725 38
721 69 725 70
721 72 726 72
721 78 722 82
721 83 725 84
721 93 730 93
721 113 725 114
721 133 725 134
721 142 730 142
721 156 725 157
721 168 730 168
721 171 730 171
721 176 730 176
721 186 730 186
721 187 730 187
721 198 725 199
721 209 724 210
721 214 722 218
721 220 722 224
721 241 725 242
721 251 730 251
721 262 730 262
721 265 725 266
721 271 725 272
721 286 725 287
721 306 725 307
721 308 730 308
721 332 730 332
721 337 721 341
721 346 730 346
721 348 725 349
721 350 725 351
721 358 730 358
721 376 730 376
721 377 723 379
721 384 725 385
722 4 731 4
722 32 729 32
722 39 723 43
722 45 729 45
722 49 726 50
722 56 723 60
722 65 726 66
722 67 726 68
722 85 731 85
722 91 731 91
722 97 723 101
722 116 722 125
722 137 730 137
722 143 723 147
722 150 726 151
722 160 726 161
722 162 726 163
722 182 731 182
722 183 731 183
722 188 726 189
722 194 726 195
722 196 731 196
722 203 723 207
722 225 731 225
722 226 723 230
722 233 726 234
722 249 731 249
722 260 731 260
722 263 726 264
722 267 726 268
722 274 726 275
722 280 726 281
722 300 726 301
722 302 731 302
722 313 731 313
722 324 726 325
722 330 731 330
723 342 731 342
723 343 731 343
722 337 722 345
722 359 723 363
722 366 726 367
727 382 731 382
722 389 731 389
722 391 731 391
722 392 724 394
723 12 727 13
723 16 727 17
723 26 727 27
723 47 727 48
723 55 732 55
723 73 727 74
723 78 724 82
723 109 727 110
721 111 730 111
723 116 723 125
722 127 731 127
723 154 727 155
723 159 732 159
723 164 727 165
723 173 727 174
723 201 732 201
723 214 724 218
723 220 724 224
723 238 727 239
723 244 732 244
723 245 732 245
723 252 727 253
723 257 727 258
723 278 732 278
723 282 726 283
723 296 727 297
723 298 727 299
723 315 727 316
723 318 727 319
723 322 727 323
723 336 724 340
723 341 732 341
723 344 727 345
723 356 727 357
723 371 732 371
723 374 732 374
724 2 728 3
724 10 728 11
724 14 728 15
724 20 728 21
724 28 728 29
724 39 725 43
724 51 728 52
724 53 728 54
724 56 725 60
724 61 728 62
724 87 728 88
724 89 728 90
724 95 725 99
724 100 728 101
724 116 724 125
724 129 728 130
724 143 725 147
724 153 733 153
724 158 733 158
724 178 728 179
724 180 728 181
724 197 733 197
724 203 725 207
724 219 733 219
724 226 725 230
724 288 733 288
724 292 728 293
724 328 728 329
724 334 733 334
724 359 725 363
724 364 733 364
724 377 728 378
724 379 728 380
722 381 726 382
724 386 728 387
724 388 733 388
725 23 729 24
725 25 734 25
725 44 734 44
725 63 729 64
725 78 726 82
725 105 729 106
725 107 729 108
725 116 725 125
725 131 729 132
725 139 729 140
725 149 733 149
725 167 734 167
725 185 734 185
725 191 728 192
725 193 734 193
725 208 726 212
725 214 726 218
725 220 726 224
725 235 729 236
725 237 734 237
725 246 729 247
723 250 732 250
725 277 734 277
725 289 729 290
725 295 734 295
725 303 729 304
725 309 729 310
725 311 729 312
725 320 729 321
725 326 729 327
725 336 726 340
725 347 734 347
725 352 729 353
725 393 734 393
725 394 734 394
725 397 729 398
726 6 730 7
726 9 735 9
726 18 730 19
726 35 727 39
726 40 730 41
726 42 730 43
726 56 727 60
726 69 730 70
726 83 730 84
726 86 735 86
726 94 727 97
726 98 730 99
726 113 730 114
726 116 726 125
726 133 735 133
726 134 735 134
726 143 727 147
726 156 730 157
726 169 735 169
726 175 735 175
726 177 735 177
726 190 735 190
726 198 730 199
726 202 727 206
726 207 734 207
726 226 727 230
726 232 734 232
726 241 730 242
726 261 735 261
726 265 730 266
726 269 735 269
726 271 728 273
726 286 730 287
726 306 730 307
726 331 735 331
726 333 735 333
726 348 730 349
726 350 730 351
726 355 735 355
726 359 727 363
726 368 735 368
726 372 735 372
726 384 730 385
726 396 735 396
727 33 731 34
727 49 731 50
727 65 731 66
727 67 731 68
732 71 736 71
727 78 728 82
727 104 736 104
727 115 727 124
727 125 731 126
727 138 736 138
727 150 731 151
727 160 729 162
727 163 736 163
727 184 736 184
727 188 731 189
727 194 736 194
727 195 736 195
727 208 728 212
727 214 728 218
727 220 728 224
727 233 731 234
727 259 736 259
727 263 731 264
727 267 731 268
727 274 731 275
727 279 731 280
727 281 729 283
727 300 731 301
727 324 731 325
727 336 728 340
727 366 736 366
727 367 736 367
727 370 736 370
727 381 736 381
727 383 736 383
728 12 732 13
728 16 732 17
728 22 737 22
728 26 732 27
728 35 729 39
728 47 732 48
728 56 729 60
728 73 737 73
728 74 732 75
728 92 737 92
728 94 732 95
728 96 732 97
728 103 737 103
728 109 732 110
728 112 737 112
728 115 728 124
728 128 737 128
728 143 729 147
728 148 737 148
728 154 732 155
728 164 732 165
728 173 732 174
728 200 737 200
728 202 729 206
728 226 729 230
728 231 737 231
728 238 732 239
728 240 737 240
728 252 732 253
728 254 733 254
728 257 732 258
728 284 732 285
728 296 732 297
728 298 732 299
728 315 729 319
728 322 732 323
728 335 737 335
728 344 732 345
728 356 732 357
728 359 729 363
728 373 737 373
729 0 733 1
729 2 733 3
729 5 738 5
729 11 736 11
729 14 732 15
729 20 733 21
729 28 733 29
729 46 738 46
729 51 738 51
729 52 733 53
729 54 738 54
729 61 733 62
729 77 730 81
729 82 738 82
729 87 733 88
729 89 732 90
729 100 733 101
729 115 729 124
729 129 737 129
729 130 737 130
729 135 733 136
729 166 738 166
729 170 738 170
729 178 738 178
729 179 733 180
729 181 738 181
729 208 730 212
729 214 730 218
729 220 730 224
729 243 736 243
729 270 733 271
729 272 733 273
729 276 738 276
729 292 733 293
729 314 738 314
729 328 733 329
729 336 730 340
729 365 737 365
729 377 733 378
729 379 738 379
729 380 738 380
729 386 733 387
729 390 738 390
729 395 738 395
730 8 739 8
730 23 734 24
730 30 732 32
730 35 731 39
730 56 731 60
730 63 734 64
730 76 739 76
730 102 739 102
730 105 734 105
730 106 734 107
730 108 735 108
730 115 730 124
730 131 734 132
730 139 734 140
730 141 739 141
730 143 731 147
730 152 739 152
730 160 733 161
730 162 738 162
730 172 739 172
729 191 733 192
730 202 731 206
730 213 739 213
730 226 731 230
730 235 734 236
730 246 739 246
730 247 734 248
730 255 734 256
730 281 734 282
730 283 739 283
730 289 734 290
730 291 739 291
730 294 739 294
730 303 734 304
730 305 739 305
730 309 734 310
730 311 734 312
730 315 731 319
730 320 734 321
730 326 734 327
730 352 734 353
730 354 739 354
730 359 731 363
730 369 739 369
730 375 739 375
730 392 739 392
730 397 734 398
731 6 735 7
731 18 735 19
731 40 735 41
731 42 735 43
731 69 735 70
727 71 731 72
731 77 732 81
731 83 735 84
731 93 740 93
731 98 735 99
731 111 740 111
731 113 731 122
731 123 735 124
731 142 740 142
731 156 735 157
731 168 740 168
731 171 739 171
731 176 740 176
731 186 735 187
731 198 735 199
731 208 732 212
731 214 732 218
731 220 732 224
731 241 735 242
731 251 740 251
731 262 740 262
731 265 735 266
731 286 735 287
731 306 735 307
731 308 739 308
731 332 740 332
731 336 732 340
731 346 740 346
731 348 733 349
731 350 735 351
731 358 740 358
731 376 740 376
731 384 735 385
732 4 741 4
732 10 741 10
732 33 733 37
732 38 736 38
730 45 739 45
732 49 736 50
732 56 733 60
732 65 736 66
732 67 736 68
732 72 741 72
732 85 741 85
732 91 741 91
732 113 732 122
732 125 736 126
732 127 740 127
731 137 740 137
732 143 733 147
732 150 736 151
732 182 736 183
732 188 735 189
732 196 741 196
732 202 733 206
732 225 733 229
732 230 741 230
732 233 735 234
732 249 741 249
732 260 741 260
732 263 736 264
732 267 736 268
732 274 736 275
732 279 735 280
732 300 736 301
732 302 741 302
732 313 741 313
732 315 733 319
732 324 741 324
732 325 741 325
732 330 741 330
732 342 736 343
732 359 733 363
732 382 740 382
732 389 741 389
732 391 737 391
733 12 734 15
733 16 737 17
733 26 737 27
733 30 737 31
733 32 742 32
733 47 737 48
733 55 742 55
733 74 737 75
733 77 742 77
733 78 742 78
733 79 737 80
733 81 742 81
733 94 737 95
733 96 737 97
733 109 737 110
733 113 733 122
733 154 737 155
733 159 742 159
733 164 737 165
733 173 737 174
733 201 742 201
733 208 734 212
733 214 734 218
733 220 734 224
733 238 736 239
733 244 737 245
733 250 742 250
733 252 737 253
733 257 736 258
733 278 742 278
733 284 737 285
733 296 737 297
733 298 737 299
733 322 737 323
733 336 734 340
733 341 742 341
733 344 742 344
733 356 737 357
733 371 742 371
733 374 742 374
734 0 738 1
734 2 738 3
734 20 738 21
734 28 738 29
734 33 735 37
734 52 738 53
734 56 735 60
734 61 738 62
734 87 738 88
733 89 737 90
734 100 738 101
734 113 734 122
734 135 738 136
734 143 735 147
734 153 743 153
734 158 743 158
734 179 738 180
734 191 738 192
734 197 743 197
734 202 735 206
734 219 743 219
734 225 735 229
734 270 738 271
734 272 738 273
734 288 743 288
734 292 738 293
734 315 735 319
734 328 738 329
734 334 743 334
734 359 735 363
734 364 743 364
734 377 738 378
734 386 738 387
734 388 741 388
735 12 736 15
735 23 739 24
735 25 744 25
735 44 744 44
735 63 739 64
735 105 739 106
735 113 735 122
735 131 739 132
735 139 739 140
734 149 743 149
739 160 744 160
734 160 738 161
735 167 744 167
735 185 744 185
735 193 744 193
735 208 736 212
735 214 736 218
735 220 736 224
735 235 739 236
735 237 744 237
735 247 739 248
735 255 739 256
735 277 744 277
735 281 739 282
735 289 739 290
735 295 744 295
735 303 739 304
735 309 739 310
735 311 739 312
735 320 739 321
735 326 739 327
735 336 736 340
735 345 744 345
735 347 744 347
735 352 739 353
735 393 739 394
735 397 739 398
736 6 740 7
736 9 745 9
736 18 740 19
736 33 737 37
736 40 740 41
736 42 740 43
736 56 740 57
736 58 740 59
736 60 745 60
736 69 740 70
736 83 740 84
736 86 745 86
736 98 740 99
736 107 740 108
736 113 737 117
736 118 737 122
736 123 740 124
736 133 740 134
736 143 737 147
736 156 740 157
736 169 745 169
736 175 745 175
736 177 745 177
736 186 740 187
739 190 745 190
736 198 740 199
736 202 737 206
735 207 744 207
736 225 737 229
735 232 744 232
736 241 740 242
736 261 745 261
736 265 740 266
736 269 745 269
736 286 740 287
736 306 739 307
736 315 737 319
736 331 745 331
736 333 745 333
734 348 738 349
736 350 740 351
736 355 745 355
736 359 737 363
736 368 745 368
736 372 745 372
736 384 740 385
736 396 745 396
737 11 738 15
737 38 746 38
732 39 741 39
737 49 746 49
737 50 746 50
737 65 741 66
737 67 741 68
737 71 742 71
737 104 746 104
737 125 741 126
737 138 746 138
737 150 741 151
737 163 746 163
737 182 741 183
737 184 746 184
736 188 738 190
737 194 741 195
737 208 738 212
737 214 740 215
737 216 740 217
737 218 746 218
737 220 738 224
736 233 740 234
737 257 739 259
737 263 741 264
737 267 741 268
737 274 741 275
736 279 740 280
737 300 741 301
737 336 738 340
737 342 741 343
737 366 741 367
737 370 746 370
737 381 746 381
737 383 746 383
738 16 742 17
738 22 747 22
738 26 742 27
738 30 742 31
738 33 739 37
738 47 742 48
738 73 742 74
738 75 747 75
738 79 742 80
738 89 742 90
738 92 747 92
738 94 742 95
738 96 742 97
738 103 747 103
738 109 747 109
738 110 747 110
738 112 738 121
738 122 747 122
738 128 740 130
738 143 739 147
738 148 747 148
738 154 742 155
738 164 742 165
738 173 742 174
738 200 747 200
738 202 739 206
738 225 739 229
738 231 747 231
737 238 741 239
738 240 747 240
738 244 742 245
738 252 742 253
734 254 743 254
738 284 742 285
738 296 742 297
738 298 742 299
738 315 739 319
738 322 742 323
738 335 747 335
738 356 742 357
738 359 739 363
738 373 747 373
739 0 743 1
739 2 743 3
739 5 748 5
739 11 740 15
739 20 743 21
739 28 743 29
739 46 748 46
739 51 743 52
739 53 743 54
739 61 743 62
739 82 748 82
739 87 743 88
739 100 743 101
739 112 739 121
739 135 743 136
739 161 743 162
739 166 748 166
739 170 748 170
739 178 743 179
739 180 743 181
739 188 743 189
739 191 743 192
739 208 740 212
739 220 740 224
737 243 746 243
739 270 743 271
739 272 743 273
739 276 748 276
739 292 743 292
739 314 748 314
739 328 743 329
739 336 740 340
739 348 743 349
738 365 746 365
739 377 743 378
739 379 743 380
739 386 743 387
739 390 748 390
739 395 748 395
740 8 749 8
740 23 749 23
740 24 749 24
740 33 741 37
740 45 749 45
740 63 744 64
740 76 749 76
740 102 749 102
740 105 744 106
740 112 740 121
740 131 744 132
740 139 744 140
740 141 749 141
740 143 741 147
740 152 749 152
740 171 744 172
740 202 741 206
740 213 749 213
740 225 741 229
740 235 744 236
740 246 744 247
740 248 744 248
740 255 744 256
740 257 744 258
740 259 749 259
740 281 744 282
740 283 749 283
740 289 744 290
740 291 749 291
740 294 749 294
740 303 744 304
740 305 741 309
740 310 744 311
740 312 749 312
740 315 741 319
740 320 744 321
740 326 744 327
740 352 744 353
740 354 746 354
740 359 741 363
740 369 749 369
740 375 749 375
740 392 744 393
740 394 749 394
740 397 744 398
741 6 745 7
741 11 745 12
741 13 745 14
741 15 750 15
741 18 750 18
741 19 750 19
741 40 745 41
741 42 745 43
741 56 745 57
741 58 745 59
741 69 745 70
741 83 745 84
741 93 750 93
741 98 745 99
741 107 745 108
741 111 741 120
741 121 747 121
741 123 745 124
741 127 745 128
741 129 745 130
741 133 745 134
741 137 750 137
741 142 750 142
741 156 745 157
741 168 750 168
741 176 750 176
741 186 745 187
741 198 745 199
741 208 742 212
741 220 742 224
741 233 750 233
741 241 745 242
741 251 750 251
741 262 750 262
741 265 745 266
741 279 745 280
741 286 745 287
741 332 750 332
741 336 742 340
741 346 750 346
741 350 745 351
741 358 750 358
741 376 750 376
741 384 750 384
741 385 750 385
742 4 751 4
742 10 750 10
742 33 743 37
742 39 751 39
742 65 746 66
742 67 746 68
742 72 751 72
742 85 751 85
742 91 751 91
742 111 742 120
742 125 746 126
742 143 746 144
742 145 746 146
742 147 751 147
742 150 746 151
742 182 746 183
742 194 746 195
742 196 751 196
742 202 743 206
743 214 746 215
741 214 742 217
742 225 743 229
742 230 751 230
742 234 751 234
742 238 746 239
742 249 751 249
742 260 751 260
742 263 746 264
742 267 746 268
742 274 746 275
742 300 746 301
742 302 751 302
742 305 743 309
742 313 751 313
742 315 743 319
742 324 746 325
742 330 751 330
742 342 746 343
742 359 743 363
742 366 746 367
741 382 750 382
742 388 746 389
738 391 747 391
743 16 747 17
743 26 751 26
743 27 752 27
743 30 747 31
743 32 752 32
743 47 747 48
743 55 751 55
743 73 747 74
743 77 744 81
743 89 747 90
743 94 747 95
743 96 747 97
743 111 743 120
743 154 747 155
743 159 752 159
743 164 747 165
743 173 747 174
743 201 752 201
743 208 744 212
743 216 747 217
743 220 744 224
743 244 747 245
743 250 752 250
743 252 747 253
743 278 752 278
743 284 747 285
743 296 752 296
743 297 747 298
743 299 752 299
743 322 747 323
743 336 744 340
743 341 752 341
743 344 752 344
743 356 747 357
743 371 752 371
743 374 750 374
744 0 748 1
744 2 748 3
744 20 748 21
744 28 748 29
744 33 745 37
744 51 748 52
744 53 748 54
744 61 748 62
744 87 748 88
744 100 753 100
744 101 753 101
744 111 744 120
744 135 748 136
744 149 753 149
744 153 753 153
744 158 753 158
744 161 748 162
744 178 753 178
744 179 748 180
744 181 753 181
744 188 748 189
744 191 748 192
744 197 753 197
744 202 745 206
744 219 753 219
744 225 745 229
744 254 753 254
744 270 748 271
744 272 748 273
744 288 753 288
744 292 753 292
739 293 748 293
744 305 745 309
744 315 745 319
744 328 748 329
744 334 753 334
744 348 748 349
744 359 745 363
744 364 753 364
744 377 748 378
744 379 748 380
744 386 748 387
745 25 754 25
745 44 754 44
745 63 749 64
745 77 746 81
745 105 749 106
745 111 745 120
745 131 749 132
745 139 749 140
745 160 754 160
745 167 754 167
745 171 749 172
745 185 754 185
745 193 754 193
745 207 746 211
745 212 754 212
745 220 746 224
745 235 749 236
745 237 754 237
745 246 754 246
745 247 749 248
745 256 747 258
745 277 754 277
745 281 749 282
745 289 749 290
745 295 754 295
745 303 749 304
745 310 749 311
745 320 749 321
745 326 749 327
745 336 749 337
745 338 754 338
745 339 749 340
745 345 754 345
745 347 754 347
745 352 749 353
745 392 749 393
745 397 754 397
745 398 754 398
746 6 750 7
746 9 755 9
746 11 750 12
746 13 750 14
746 33 747 37
746 40 750 41
746 42 750 43
746 56 747 60
746 69 750 70
746 83 750 84
746 86 755 86
746 98 750 99
746 107 750 108
746 111 746 120
746 123 749 124
746 127 755 127
746 128 750 129
746 133 750 134
746 156 750 157
746 169 755 169
746 175 755 175
746 177 755 177
746 186 750 187
746 190 755 190
746 198 750 199
746 202 755 202
746 203 755 203
746 204 750 205
746 206 755 206
746 225 747 229
746 241 750 242
746 261 755 261
746 265 750 266
746 269 755 269
746 279 750 280
746 286 750 287
746 305 747 309
746 315 750 316
746 317 750 318
746 319 755 319
746 331 755 331
746 333 755 333
746 350 750 351
746 355 755 355
746 359 747 363
746 368 755 368
746 372 755 372
746 396 752 396
747 38 756 38
747 49 751 50
747 65 751 65
747 66 751 67
747 68 756 68
743 71 752 71
747 77 751 78
747 79 756 79
747 80 751 81
747 104 756 104
747 111 747 120
747 125 751 126
747 130 756 130
747 138 751 138
747 143 751 144
747 145 751 146
747 150 751 151
747 163 756 163
747 182 750 183
747 184 756 184
747 194 751 195
747 207 748 210
747 214 756 214
747 215 756 215
747 218 756 218
747 220 748 224
747 238 751 239
747 243 755 243
747 263 751 264
747 267 751 268
747 274 751 275
747 300 756 300
747 301 756 301
747 324 756 324
747 325 756 325
747 342 751 343
750 366 751 367
747 370 756 370
747 381 756 381
747 383 756 383
747 388 751 389
748 16 752 17
748 22 757 22
748 30 752 31
748 33 749 37
748 47 752 48
748 56 749 60
748 73 752 74
748 75 757 75
748 89 751 90
748 92 754 92
748 94 752 95
748 96 752 97
748 103 757 103
748 109 748 118
748 119 752 120
748 121 750 122
748 148 757 148
748 154 752 155
748 164 752 165
748 173 752 174
748 200 757 200
748 216 757 216
748 217 757 217
748 225 752 226
748 227 752 228
748 229 757 229
748 231 757 231
748 240 757 240
748 244 752 245
748 252 752 253
748 255 752 256
748 257 752 258
748 284 752 285
748 297 752 298
748 305 749 309
748 322 752 323
748 335 757 335
748 356 752 357
748 359 749 363
747 365 749 367
748 373 757 373
748 391 757 391
749 0 753 1
749 2 753 3
749 5 758 5
749 20 753 21
749 28 753 29
749 46 758 46
749 51 753 52
749 53 753 54
749 61 753 62
749 82 758 82
749 87 753 88
749 109 749 118
749 135 753 136
749 161 753 162
749 166 758 166
749 170 758 170
749 179 753 180
749 188 753 189
749 191 753 192
749 207 753 208
749 209 753 210
747 211 756 211
749 220 750 224
749 270 753 271
749 272 753 273
749 276 758 276
749 293 758 293
749 314 758 314
749 328 753 329
749 348 753 349
749 377 753 378
749 379 753 380
749 386 753 387
749 390 758 390
749 395 758 395
750 8 759 8
750 23 754 24
750 33 751 37
750 45 759 45
750 56 751 60
750 63 754 64
750 76 759 76
750 102 759 102
750 105 754 106
750 109 750 118
750 131 754 132
750 139 754 140
750 141 759 141
750 152 759 152
750 171 754 172
750 213 759 213
750 232 759 232
750 235 754 236
750 247 754 248
750 259 759 259
750 281 759 281
750 282 759 282
750 283 759 283
750 289 759 289
750 290 754 291
750 294 759 294
750 303 750 312
750 320 754 321
750 326 754 327
750 336 754 337
750 339 754 340
750 352 754 353
747 354 756 354
750 359 751 363
750 365 759 365
750 369 756 369
750 375 759 375
750 392 754 393
750 394 759 394
751 6 755 7
751 12 752 15
751 18 755 19
751 40 755 41
751 42 755 43
751 69 752 70
751 83 755 84
751 93 760 93
751 98 755 99
751 107 751 116
751 117 755 118
750 123 754 124
751 128 755 129
751 133 755 134
751 142 760 142
751 156 754 157
751 168 760 168
751 176 760 176
751 186 755 187
751 198 755 199
751 204 755 205
751 220 752 224
751 233 760 233
751 241 755 242
751 251 760 251
751 262 760 262
751 265 755 266
751 279 755 280
751 286 755 287
751 303 752 307
751 308 752 312
751 315 755 316
751 317 755 318
751 332 760 332
751 346 760 346
751 350 755 351
751 358 760 358
751 376 760 376
751 382 760 382
751 384 755 385
752 4 759 4
751 10 755 11
752 33 753 37
752 39 761 39
752 49 756 50
752 56 753 60
752 65 756 66
752 67 761 67
752 72 761 72
752 77 756 78
752 80 756 81
752 85 761 85
752 89 754 91
752 107 752 115
752 125 756 126
752 137 756 138
752 143 753 147
752 150 756 151
751 182 755 183
752 194 756 195
752 196 761 196
752 234 761 234
752 238 756 239
752 249 761 249
752 260 761 260
752 263 756 264
752 267 756 268
752 274 756 275
752 302 761 302
752 313 761 313
752 330 760 330
752 342 756 343
752 359 753 363
752 366 756 367
752 388 756 389
753 12 754 16
753 17 762 17
753 27 757 27
753 30 757 31
753 32 762 32
753 47 757 48
752 55 758 55
753 69 755 71
753 73 757 74
753 94 757 95
753 96 757 97
753 107 757 108
753 109 757 110
753 111 754 115
752 116 761 116
753 119 757 120
756 121 762 121
751 121 755 122
753 154 757 155
753 159 762 159
753 164 757 165
753 173 757 174
753 201 762 201
753 220 754 224
753 225 757 226
753 227 757 228
753 230 762 230
753 244 757 245
753 250 762 250
753 252 757 253
753 255 762 255
753 256 757 257
753 258 762 258
753 278 762 278
753 284 757 285
753 296 757 297
753 298 762 298
753 299 762 299
753 303 753 312
753 322 757 323
753 341 762 341
753 344 762 344
753 356 757 357
753 371 762 371
751 374 760 374
754 0 758 1
754 2 763 2
754 3 763 3
754 20 757 21
754 28 757 29
754 33 755 37
754 51 758 52
754 53 758 54
754 56 755 60
754 61 758 62
754 87 758 88
754 100 758 101
754 135 758 136
754 143 755 147
754 149 763 149
754 153 759 153
754 158 763 158
754 161 758 162
754 178 758 179
754 180 758 181
754 188 758 188
754 191 758 192
754 197 763 197
754 207 758 208
754 209 758 210
754 219 763 219
754 254 763 254
754 270 758 271
754 272 758 273
754 288 763 288
754 292 761 292
754 303 754 312
754 328 758 329
754 334 763 334
754 348 758 349
754 359 755 363
754 364 763 364
754 377 758 378
754 379 758 380
754 386 758 387
755 12 756 16
755 23 759 24
755 25 764 25
755 44 764 44
755 63 759 64
755 89 759 90
755 91 759 92
755 105 759 106
755 111 756 115
755 123 764 123
755 124 764 124
755 131 764 131
755 132 764 132
755 139 759 140
755 160 764 160
755 167 764 167
755 171 764 171
755 172 764 172
755 185 764 185
755 193 764 193
755 212 764 212
755 220 756 224
755 235 759 236
755 237 762 237
755 246 759 247
755 248 764 248
755 277 764 277
755 290 759 291
755 295 764 295
755 303 755 312
755 320 759 321
755 326 759 327
755 336 756 340
755 345 764 345
755 347 764 347
755 352 759 353
755 392 759 393
755 397 759 398
756 6 760 7
759 9 765 9
756 9 758 11
756 18 760 19
756 33 757 37
756 40 760 41
756 42 760 43
756 56 757 60
756 69 760 69
756 70 760 71
756 83 760 84
756 86 765 86
756 98 760 99
756 117 760 118
756 122 765 122
756 127 760 128
756 129 765 129
756 133 760 134
756 143 757 147
760 156 765 156
755 156 759 157
756 169 765 169
756 175 765 175
756 177 765 177
756 182 765 182
756 183 765 183
756 186 765 186
756 187 765 187
756 190 765 190
756 198 760 199
756 202 757 206
756 241 765 241
756 242 760 243
756 261 765 261
756 265 760 266
756 269 765 269
756 279 760 280
756 286 760 287
756 303 756 312
756 315 757 319
756 331 765 331
756 333 765 333
756 350 760 351
756 355 765 355
756 359 757 363
756 368 765 368
756 372 765 372
756 384 760 385
753 396 762 396
757 12 758 16
757 38 766 38
757 49 761 50
757 65 761 66
757 68 766 68
757 77 761 78
757 79 761 80
757 81 766 81
757 104 766 104
757 111 758 115
757 125 761 126
757 137 761 138
757 150 761 151
757 163 766 163
757 184 766 184
757 194 761 195
757 211 766 211
757 214 761 215
757 218 766 218
757 220 758 224
757 238 761 239
757 263 760 264
757 267 761 268
757 274 761 275
757 300 761 301
757 303 757 312
757 324 761 325
757 336 758 340
757 342 761 343
757 354 766 354
757 366 761 367
762 369 765 370
757 381 766 381
757 383 766 383
757 388 761 389
758 20 760 22
758 27 759 30
758 31 767 31
758 33 759 37
758 47 762 48
758 56 759 60
758 73 762 74
758 75 767 75
758 94 762 95
758 96 762 97
758 103 767 103
758 107 762 108
758 109 767 109
758 110 767 110
758 119 762 120
758 143 759 147
758 148 767 148
758 154 762 155
758 164 767 164
758 165 767 165
758 173 762 174
758 200 767 200
758 202 758 206
758 216 762 217
758 225 759 229
758 231 767 231
758 240 767 240
758 244 760 245
758 252 762 253
758 256 762 257
758 284 762 285
758 296 762 297
758 303 758 312
758 315 759 319
758 322 762 323
758 335 767 335
758 356 762 357
758 359 759 363
758 391 767 391
759 0 768 0
759 1 768 1
759 5 768 5
759 10 768 10
759 11 760 15
759 16 768 16
759 46 768 46
759 51 768 51
759 52 763 53
759 54 763 55
759 61 763 62
759 82 768 82
759 87 763 88
759 100 761 101
759 111 760 115
759 130 768 130
759 135 763 136
759 161 768 161
759 162 768 162
759 166 764 166
759 170 768 170
759 178 763 179
759 180 763 181
759 188 768 188
754 189 763 189
759 191 763 192
759 202 759 210
759 220 760 224
759 270 763 271
759 272 763 273
759 276 768 276
759 293 768 293
759 303 759 312
759 314 768 314
759 328 763 329
759 336 760 340
759 348 763 349
759 377 763 378
759 379 763 380
759 386 763 387
759 390 768 390
759 395 768 395
760 8 769 8
760 23 764 24
752 26 761 26
760 27 769 27
760 28 764 29
760 30 767 30
760 33 761 37
760 45 769 45
760 56 761 60
760 63 764 64
760 76 769 76
760 89 764 90
760 91 769 91
760 92 769 92
760 102 766 102
760 105 764 106
760 139 764 140
760 141 769 141
760 143 761 147
760 152 764 153
760 157 769 157
760 202 761 206
760 207 764 208
760 209 764 210
760 213 769 213
760 225 761 229
760 232 769 232
760 235 764 236
760 246 764 247
760 259 769 259
760 281 764 282
760 283 769 283
760 289 764 290
760 291 769 291
760 294 769 294
760 303 760 312
760 315 761 319
760 320 764 321
760 326 764 327
760 352 764 353
760 359 761 363
760 365 769 365
757 369 761 370
760 375 769 375
760 392 764 393
760 394 769 394
760 397 764 398
761 6 765 7
761 11 762 15
761 18 765 19
761 20 765 20
761 21 765 22
761 40 765 41
761 42 765 43
761 69 765 70
761 71 770 71
761 83 765 84
761 93 770 93
761 98 765 99
761 111 762 115
761 117 765 118
761 127 765 128
761 133 765 134
761 142 770 142
761 168 770 168
761 176 770 176
761 198 765 199
761 220 762 224
761 233 770 233
761 242 762 245
761 251 770 251
761 262 762 266
761 279 765 280
761 286 765 287
761 303 761 312
761 332 770 332
761 336 762 340
761 346 770 346
761 350 765 351
761 358 767 358
761 373 765 374
761 376 770 376
761 382 770 382
761 384 765 385
760 4 769 4
762 33 763 37
762 39 771 39
762 49 766 50
762 56 763 60
762 65 766 66
762 67 771 67
762 72 771 72
762 77 766 78
762 79 766 80
762 85 771 85
762 116 771 116
762 125 766 126
762 137 766 138
762 143 763 147
762 150 766 151
762 194 766 195
762 196 771 196
762 202 763 206
762 214 766 215
762 225 766 226
762 227 766 228
762 229 771 229
762 234 771 234
762 238 766 239
762 249 771 249
762 260 771 260
762 267 766 268
762 274 766 275
762 300 762 309
762 310 766 311
762 312 766 313
762 315 763 319
762 324 771 324
762 325 771 325
761 330 770 330
762 342 766 343
762 359 763 363
762 366 766 367
762 388 771 388
762 389 771 389
763 11 767 12
763 13 767 14
763 17 768 17
763 26 772 26
763 32 772 32
763 47 772 47
763 48 772 48
763 73 767 74
763 94 767 95
763 96 767 97
763 107 767 108
763 111 764 115
763 119 767 120
763 121 772 121
763 154 767 155
763 159 772 159
763 173 767 174
763 201 771 201
763 216 767 217
763 220 764 224
763 230 772 230
763 242 764 245
763 250 772 250
763 252 767 253
763 255 767 256
763 257 767 258
763 262 764 266
763 278 772 278
763 284 767 285
763 296 764 300
763 301 772 301
763 302 772 302
763 303 772 303
763 304 767 305
763 306 772 306
763 308 767 309
763 322 772 322
763 323 772 323
763 336 764 340
763 341 772 341
763 344 772 344
763 356 767 357
763 371 772 371
763 396 772 396
764 2 768 3
764 15 773 15
764 33 765 37
764 52 764 61
764 62 773 62
764 87 768 88
762 100 766 101
764 135 768 136
764 143 765 147
764 149 773 149
764 158 773 158
764 178 768 179
764 180 768 181
764 189 773 189
764 191 768 192
764 197 773 197
764 202 765 206
764 219 773 219
764 254 773 254
764 270 768 271
764 272 768 273
764 288 773 288
762 292 771 292
764 315 765 319
764 328 768 329
764 334 773 334
764 348 768 349
764 359 765 363
764 364 773 364
764 377 768 378
764 379 768 380
764 386 768 387
765 23 769 24
765 25 774 25
765 28 769 29
765 44 774 44
765 52 765 61
765 63 769 64
765 89 769 90
765 105 769 106
765 111 766 115
765 123 774 123
765 124 774 124
765 131 769 132
765 139 769 140
765 152 769 153
765 160 774 160
765 166 769 167
765 171 769 172
765 185 774 185
765 193 774 193
765 207 769 208
765 209 769 210
765 212 774 212
765 220 766 224
765 235 769 236
763 237 772 237
765 243 769 244
765 245 774 245
765 246 774 246
765 247 774 247
765 248 774 248
765 262 769 263
765 264 769 265
765 266 774 266
765 277 774 277
765 281 769 282
765 289 769 290
765 295 766 299
765 300 774 300
765 307 774 307
765 320 769 321
765 326 769 327
765 336 769 337
765 338 769 339
765 340 774 340
765 345 774 345
765 347 774 347
765 352 769 353
765 392 769 393
765 397 769 398
766 6 770 7
766 9 775 9
766 18 767 22
766 33 767 37
766 40 770 41
766 42 770 43
766 52 766 61
766 69 770 70
766 83 770 84
766 86 773 86
766 98 770 99
766 117 770 118
766 122 773 122
766 127 770 128
766 129 775 129
766 133 770 134
766 143 767 147
766 156 775 156
766 169 775 169
766 175 775 175
766 177 770 177
766 182 770 183
766 186 770 187
766 190 775 190
766 198 770 199
766 202 767 206
766 241 770 242
766 261 774 261
766 269 775 269
766 279 770 280
766 286 770 287
766 315 770 316
766 317 770 318
766 319 775 319
766 331 775 331
766 333 775 333
766 350 770 351
766 355 775 355
766 359 767 363
766 368 770 369
766 372 770 373
766 374 773 374
766 384 770 385
767 38 776 38
767 49 771 50
767 52 767 61
767 65 771 66
767 68 776 68
767 77 768 81
767 100 769 102
767 104 776 104
767 111 768 115
767 125 771 126
767 137 771 138
767 150 771 151
767 163 776 163
767 184 776 184
767 194 771 195
767 211 776 211
767 214 771 215
767 218 775 218
767 220 768 224
767 225 771 226
767 227 771 228
767 238 771 239
767 267 771 268
767 274 771 275
767 296 768 299
767 310 771 311
767 312 771 313
767 342 771 343
767 354 776 354
767 366 770 367
767 370 776 370
767 381 776 381
767 383 776 383
768 11 772 12
768 13 772 14
768 18 769 22
768 30 772 31
768 33 769 37
768 52 768 61
768 73 772 74
768 75 777 75
768 94 772 95
768 96 772 97
768 103 777 103
768 107 772 108
768 109 772 110
768 119 772 120
768 143 769 147
768 148 777 148
768 154 772 155
768 164 772 165
768 173 772 174
768 200 777 200
768 202 769 206
768 216 772 217
768 231 777 231
768 240 777 240
768 252 772 253
768 255 772 256
768 257 772 258
768 284 772 285
768 304 772 305
768 308 772 309
768 335 777 335
768 357 772 358
768 359 769 363
768 391 777 391
769 0 773 1
769 2 773 3
769 5 778 5
769 10 778 10
769 16 773 17
769 46 778 46
769 51 769 60
769 61 778 61
769 77 770 81
769 82 778 82
769 87 773 88
769 111 770 115
769 130 778 130
769 135 773 136
769 161 773 162
769 170 778 170
769 178 773 179
769 180 773 181
769 188 778 188
769 191 773 192
769 220 770 224
769 270 773 271
769 272 773 273
769 276 778 276
769 293 778 293
769 296 770 299
769 314 778 314
769 328 773 329
769 348 773 349
769 377 773 378
769 379 773 380
769 386 773 387
769 390 778 390
769 395 778 395
770 4 778 4
770 8 779 8
770 18 771 22
770 23 774 24
770 27 774 28
770 29 779 29
770 33 771 37
770 45 779 45
770 51 770 60
770 63 774 64
770 76 779 76
770 89 774 90
770 91 774 92
770 100 779 100
770 102 774 102
770 105 779 105
770 106 779 106
770 131 774 132
770 139 774 140
770 141 779 141
770 143 771 147
770 152 774 153
770 157 779 157
770 166 774 167
770 171 774 172
770 202 771 206
770 207 778 207
770 208 774 209
770 210 779 210
770 213 779 213
770 232 779 232
770 235 774 236
770 243 774 244
770 259 779 259
770 262 774 263
770 264 779 264
770 265 779 265
770 281 774 282
770 283 779 283
770 289 774 290
770 291 779 291
770 294 779 294
770 320 774 321
770 326 774 327
770 336 774 337
770 338 774 339
770 352 774 353
770 356 779 356
770 359 771 363
770 365 779 365
770 375 779 375
770 392 774 393
770 394 779 394
770 397 774 398
771 6 775 7
771 40 780 40
771 42 775 43
771 51 771 60
771 69 775 70
771 71 780 71
771 77 772 81
771 83 775 84
771 93 780 93
771 98 775 99
771 111 772 115
771 117 775 118
771 127 775 128
771 133 775 134
771 142 780 142
771 168 780 168
771 176 774 177
771 182 775 183
771 186 775 187
771 198 775 199
771 220 772 224
771 233 780 233
771 241 780 241
771 242 780 242
771 251 780 251
771 279 775 280
771 286 775 287
767 295 776 295
771 296 780 296
771 297 775 298
771 299 780 299
771 315 775 316
771 317 775 318
771 330 780 330
771 332 780 332
771 346 780 346
771 350 775 351
771 366 773 368
771 369 780 369
771 372 775 373
771 376 780 376
771 382 780 382
771 384 775 385
772 18 773 22
772 33 773 37
772 39 781 39
772 49 772 58
772 59 776 60
772 65 776 66
772 67 781 67
772 72 781 72
772 85 781 85
772 116 781 116
772 125 776 126
772 137 776 138
772 143 773 147
772 150 776 151
772 194 774 196
772 203 773 206
772 214 776 215
772 225 773 229
772 234 781 234
772 238 776 239
772 249 781 249
772 260 781 260
772 267 776 268
772 274 776 275
772 292 781 292
772 310 776 311
772 312 776 313
772 324 776 325
772 342 776 343
772 359 773 363
772 388 776 389
773 11 777 12
773 13 777 14
773 26 782 26
773 30 777 31
773 32 782 32
773 47 774 51
773 52 774 56
773 57 777 58
773 73 777 74
773 77 774 81
773 94 777 95
773 96 776 97
773 107 774 111
773 112 777 113
773 114 777 115
773 119 777 120
773 121 782 121
773 154 782 154
773 155 782 155
773 159 782 159
773 164 777 165
773 173 777 174
772 201 776 202
773 216 777 217
773 220 774 224
773 230 782 230
773 237 782 237
773 250 782 250
773 252 777 253
773 255 777 256
773 257 777 258
773 278 782 278
773 284 777 285
773 301 774 305
773 306 782 306
773 308 777 309
773 322 777 323
773 341 782 341
773 344 782 344
773 357 777 358
773 371 782 371
773 396 782 396
774 0 778 1
774 2 778 3
774 15 775 19
774 20 778 21
774 22 783 22
774 33 775 37
774 41 783 41
774 62 783 62
774 86 776 88
774 135 778 136
774 143 783 143
774 144 778 145
774 146 778 147
774 149 783 149
774 158 783 158
774 161 778 162
774 178 778 179
774 180 778 181
774 189 783 189
774 191 775 192
774 197 783 197
774 203 778 204
774 205 778 206
774 219 783 219
774 225 775 229
774 254 783 254
774 270 778 271
774 272 778 273
774 288 783 288
774 328 783 328
774 329 783 329
774 334 783 334
774 348 778 349
774 359 775 363
774 364 783 364
774 366 778 367
774 368 783 368
774 377 778 378
774 379 778 380
774 386 778 387
775 23 779 24
775 25 784 25
775 27 779 28
775 44 784 44
775 47 776 51
775 52 779 53
775 54 779 55
775 56 784 56
775 63 779 64
775 77 776 81
775 89 779 90
775 91 779 92
770 101 779 101
775 102 784 102
775 107 779 108
775 109 779 110
775 111 784 111
775 123 779 124
775 131 779 132
775 139 779 140
775 152 779 153
775 160 784 160
775 166 779 167
775 171 779 172
775 185 784 185
775 193 777 195
775 196 784 196
775 208 779 209
775 212 784 212
775 220 776 224
775 235 779 236
775 243 776 247
775 248 784 248
775 262 779 263
775 266 784 266
775 277 784 277
775 281 779 282
775 289 779 290
775 300 776 304
775 305 784 305
775 307 784 307
775 320 779 321
775 326 779 327
775 336 776 340
775 345 784 345
775 347 784 347
775 352 779 353
775 392 779 393
775 397 779 398
776 6 780 7
776 9 785 9
776 15 780 16
776 17 780 18
776 19 785 19
776 33 777 37
776 42 780 43
776 69 780 70
776 83 780 84
776 98 780 99
776 117 780 118
774 122 782 122
776 127 780 128
776 129 785 129
776 133 780 134
776 169 785 169
776 175 785 175
775 176 779 177
776 182 780 183
776 186 780 187
776 190 777 192
776 198 780 199
776 225 777 229
775 261 784 261
776 269 785 269
776 279 780 280
776 286 780 287
776 297 780 298
776 315 777 319
776 331 785 331
776 333 785 333
776 350 780 351
776 355 785 355
776 359 777 363
776 372 780 373
774 374 783 374
776 384 780 385
777 38 786 38
777 47 778 51
777 59 781 60
777 65 781 66
777 68 786 68
777 77 778 81
777 86 779 88
777 104 786 104
777 125 781 126
777 137 781 138
777 150 781 151
777 156 786 156
777 163 786 163
777 184 786 184
777 201 781 202
777 211 786 211
777 214 781 215
776 218 785 218
777 220 778 224
777 238 781 239
777 243 778 247
777 267 781 268
777 274 778 275
777 295 786 295
777 300 778 304
777 310 786 310
777 311 781 312
777 313 786 313
777 324 781 325
777 336 781 337
777 338 781 339
777 340 786 340
777 342 781 343
777 354 786 354
777 370 786 370
777 381 786 381
777 383 786 383
777 388 781 389
778 11 782 12
778 13 782 14
778 30 782 31
778 33 779 37
778 57 782 58
778 73 782 74
778 75 787 75
778 94 782 95
777 96 781 97
778 103 787 103
778 112 782 113
778 114 782 115
778 119 782 120
778 148 787 148
778 164 781 165
778 173 782 174
778 190 779 194
778 195 787 195
778 200 787 200
778 216 782 217
778 225 779 229
778 231 787 231
778 240 787 240
778 252 782 253
778 255 782 256
778 257 782 258
778 284 787 284
778 285 787 285
778 308 782 309
778 315 779 319
778 322 782 323
778 335 787 335
778 357 779 360
778 362 782 363
778 391 787 391
779 0 783 1
779 2 780 5
779 10 788 10
779 20 783 21
779 46 780 50
779 51 788 51
779 61 788 61
779 77 783 78
779 79 783 80
779 81 783 82
779 130 788 130
779 135 783 136
779 144 783 145
779 146 783 147
779 161 783 162
779 170 788 170
779 178 783 179
779 180 783 181
779 188 788 188
779 203 780 207
779 220 780 224
779 243 780 247
779 270 783 271
779 272 783 273
779 274 781 276
779 293 788 293
779 300 780 304
779 314 788 314
779 348 783 349
779 366 783 367
779 377 783 378
779 379 783 380
779 386 783 387
779 390 785 390
779 395 788 395
780 8 789 8
780 23 784 24
780 27 784 28
780 29 789 29
780 33 781 37
780 45 789 45
780 52 784 53
780 54 784 55
780 63 784 64
780 76 789 76
780 86 781 90
780 91 784 92
780 100 784 101
780 105 781 109
780 110 788 110
780 123 782 124
780 131 784 132
780 139 784 140
780 141 789 141
780 152 784 153
780 157 789 157
780 166 784 167
780 171 789 171
780 172 789 172
780 176 784 177
780 190 784 191
780 192 784 193
780 208 784 209
780 210 789 210
780 213 788 213
780 225 781 229
780 232 789 232
780 235 784 236
780 259 789 259
780 262 784 263
780 264 784 265
780 281 784 282
780 283 789 283
780 289 784 290
780 291 789 291
780 294 789 294
780 315 781 319
780 320 789 320
780 321 789 321
780 326 784 327
780 352 784 353
780 356 781 360
778 361 787 361
780 365 789 365
780 375 789 375
780 392 784 393
780 394 789 394
780 397 784 398
781 2 782 6
781 7 790 7
781 15 785 16
781 17 785 18
781 40 790 40
781 42 785 43
781 46 782 50
781 69 785 70
781 71 790 71
781 83 785 84
781 93 790 93
781 98 785 99
781 117 785 118
781 127 785 128
781 133 785 134
781 142 790 142
781 168 790 168
781 182 790 182
781 183 790 183
781 186 790 186
781 187 790 187
781 198 785 199
781 203 782 207
781 220 782 224
781 233 790 233
781 241 782 245
781 246 785 247
781 251 790 251
781 279 785 280
781 286 785 287
781 296 782 300
781 301 783 303
781 304 790 304
781 330 790 330
781 332 790 332
781 346 790 346
781 350 790 350
781 351 790 351
781 369 790 369
781 372 785 373
781 376 789 376
781 382 790 382
781 384 785 385
782 33 783 37
782 39 791 39
782 59 786 60
782 65 786 66
782 67 791 67
782 72 791 72
782 85 783 89
782 90 791 90
782 96 791 96
782 97 791 97
782 105 783 109
782 116 791 116
782 125 786 126
782 137 786 138
782 150 786 151
782 201 786 202
782 214 786 215
782 225 783 229
782 234 791 234
782 238 786 239
782 249 791 249
782 260 791 260
782 267 786 268
782 274 786 275
782 276 791 276
782 292 791 292
782 311 786 312
782 315 783 319
782 324 786 325
782 336 786 337
782 339 791 339
782 342 786 343
782 356 783 360
782 388 786 389
783 2 787 3
783 4 787 5
783 6 792 6
783 11 787 12
783 13 787 14
783 26 792 26
783 30 787 31
783 32 792 32
783 46 784 50
783 57 786 58
783 73 787 74
783 94 787 95
783 112 787 113
783 114 787 115
783 119 787 120
783 121 792 121
783 154 787 155
783 159 792 159
782 164 786 165
783 173 787 174
783 194 792 194
783 203 784 207
783 216 787 217
783 220 784 224
783 230 792 230
783 237 792 237
783 241 784 245
783 250 792 250
783 252 787 253
783 255 787 256
783 257 787 258
783 278 792 278
783 296 784 300
783 306 792 306
783 308 787 309
783 322 787 323
783 341 792 341
783 344 792 344
783 362 787 363
783 371 792 371
783 396 789 396
784 0 788 1
784 20 788 21
784 22 793 22
784 33 785 37
784 41 793 41
784 62 793 62
784 77 785 81
784 82 793 82
784 85 785 89
784 105 785 109
783 122 785 124
784 135 788 136
784 143 785 147
784 149 793 149
784 158 793 158
784 161 793 161
784 162 793 162
784 178 788 179
784 180 788 181
784 189 793 189
784 197 793 197
784 219 793 219
784 225 785 229
784 254 793 254
784 270 788 271
784 272 788 273
784 288 793 288
784 301 793 301
784 302 788 303
784 315 785 319
784 328 788 329
784 334 793 334
784 338 793 338
784 348 788 349
784 356 785 360
784 364 793 364
784 366 788 367
784 368 793 368
784 374 793 374
784 377 788 378
784 379 788 380
784 386 793 386
784 387 793 387
785 23 789 24
785 25 794 25
785 27 789 28
785 44 794 44
785 46 786 50
785 53 786 56
785 63 789 64
785 91 789 92
785 100 789 101
785 102 794 102
785 111 794 111
785 131 794 131
785 139 789 140
785 152 789 153
785 160 794 160
785 166 789 167
785 176 789 177
785 185 794 185
785 190 789 191
785 192 789 193
785 196 794 196
785 203 786 207
785 208 789 209
785 212 794 212
785 220 786 224
785 235 789 236
785 241 786 245
785 248 794 248
785 261 786 265
785 266 794 266
785 277 794 277
785 281 789 282
785 289 789 290
785 296 786 300
785 305 794 305
785 307 792 307
785 326 789 327
785 345 794 345
785 347 794 347
785 352 789 353
785 392 789 393
785 397 789 398
786 9 795 9
786 15 787 19
786 33 787 37
786 42 790 43
786 69 790 70
786 77 787 81
786 83 787 87
786 88 790 89
786 98 790 99
786 105 787 109
786 117 790 118
786 122 790 123
786 124 795 124
786 127 788 129
786 133 795 133
786 134 795 134
786 143 787 147
786 169 795 169
786 175 795 175
786 198 790 199
786 218 795 218
786 225 787 229
786 246 790 247
786 269 795 269
786 279 790 280
786 286 790 287
786 315 787 319
786 331 795 331
786 333 795 333
786 355 787 359
786 360 795 360
786 372 790 373
786 384 790 385
787 38 796 38
787 46 788 50
785 52 793 52
787 53 787 60
787 65 791 66
787 68 796 68
787 104 796 104
787 125 791 126
787 137 791 138
787 150 791 151
787 156 796 156
787 163 796 163
787 164 791 165
787 184 796 184
787 201 788 205
787 206 791 207
787 211 796 211
787 214 791 215
787 220 788 224
787 238 791 239
787 241 788 245
787 261 788 265
787 267 796 267
787 268 796 268
787 274 791 275
787 295 788 299
787 300 796 300
787 310 791 311
787 312 791 313
787 324 791 325
787 336 791 337
787 340 796 340
787 342 791 343
787 354 796 354
787 370 796 370
787 381 794 381
787 383 795 383
787 388 791 389
788 2 792 3
788 4 792 5
788 11 789 15
788 16 792 17
788 18 792 19
788 30 792 31
788 33 789 37
788 53 789 57
788 58 792 59
788 60 797 60
788 73 792 74
788 75 797 75
788 77 789 81
788 83 789 87
788 94 792 95
788 103 796 103
788 105 789 109
788 112 792 113
788 114 792 115
788 119 792 120
788 132 797 132
788 143 797 143
788 144 797 144
788 145 797 145
788 146 792 147
788 148 797 148
788 154 792 155
788 173 792 174
788 195 797 195
788 200 797 200
788 216 797 216
788 217 797 217
788 225 789 229
788 231 797 231
788 240 797 240
788 252 792 253
788 255 792 256
788 257 792 258
788 284 792 285
788 308 792 309
788 315 789 319
788 322 792 323
788 335 797 335
788 355 789 359
788 361 792 362
788 363 797 363
788 391 797 391
789 0 793 1
789 10 798 10
789 20 793 21
789 46 790 50
789 51 798 51
789 61 798 61
789 127 793 128
789 129 793 130
789 135 793 136
789 170 798 170
789 178 793 179
789 180 793 181
789 188 798 188
789 201 790 205
789 220 790 224
789 241 790 245
789 261 790 265
789 270 793 271
789 272 793 273
789 293 798 293
789 295 790 299
789 302 793 303
789 314 796 314
789 328 793 329
789 348 793 349
789 366 793 367
789 377 793 378
789 379 793 380
786 390 795 390
789 395 798 395
790 8 799 8
790 11 791 15
790 23 794 24
790 27 794 28
790 29 799 29
790 33 791 37
790 45 799 45
790 54 798 54
790 56 794 57
790 63 794 64
790 76 791 80
790 81 799 81
790 83 791 87
790 91 794 92
790 100 794 101
790 105 791 109
789 110 798 110
790 139 794 140
790 141 799 141
790 152 794 153
790 157 799 157
790 166 799 166
790 167 799 167
790 171 794 172
790 176 794 177
790 190 794 191
790 192 794 193
790 208 794 209
790 210 799 210
789 213 798 213
790 225 791 229
790 232 797 232
790 235 794 236
790 259 799 259
790 281 794 282
790 283 799 283
790 289 794 290
790 291 799 291
790 294 799 294
790 315 791 319
790 320 794 321
790 326 794 327
790 352 794 353
790 355 794 356
790 357 794 358
790 359 799 359
790 365 799 365
795 375 799 376
790 392 794 393
790 394 799 394
790 396 794 397
790 398 799 398
791 7 800 7
791 40 800 40
791 42 795 43
791 46 792 50
791 55 800 55
791 69 795 70
791 71 800 71
791 88 795 89
791 93 800 93
791 98 795 99
791 117 795 118
791 122 795 123
791 142 800 142
791 168 800 168
791 182 795 183
791 186 795 187
791 198 795 199
791 201 795 202
791 203 795 204
791 205 800 205
791 220 792 224
791 233 800 233
791 241 797 241
791 242 795 243
791 244 795 245
791 246 795 247
791 251 798 251
791 261 792 265
791 279 795 280
791 286 795 287
791 295 792 299
791 304 800 304
791 330 800 330
791 332 800 332
791 346 800 346
791 350 795 351
791 369 800 369
791 372 795 373
790 375 794 376
792 11 793 15
792 33 793 37
792 39 801 39
792 65 796 66
792 67 801 67
792 72 801 72
792 76 793 80
792 83 793 87
792 90 801 90
792 96 796 97
792 105 793 109
792 116 801 116
792 125 796 126
792 137 795 138
792 150 796 151
792 164 801 164
792 165 801 165
792 206 796 206
792 214 796 215
792 225 793 229
792 234 801 234
792 238 801 238
792 239 801 239
792 249 801 249
792 260 801 260
792 274 796 275
792 276 801 276
792 292 801 292
792 310 796 311
792 312 796 313
792 315 793 319
792 324 796 325
792 336 796 337
792 339 801 339
792 342 796 343
792 388 793 389
793 2 794 6
793 16 797 17
793 18 797 19
793 26 802 26
793 30 797 31
793 32 802 32
793 46 794 50
793 58 797 59
793 73 797 74
793 94 797 95
793 112 797 113
793 114 797 115
793 119 797 120
793 121 802 121
793 146 797 147
793 154 797 155
793 159 802 159
793 173 797 174
793 194 802 194
793 220 794 224
793 230 801 230
793 237 802 237
793 250 802 250
793 252 797 253
793 255 797 256
793 257 797 258
793 261 794 265
793 278 802 278
793 284 797 285
793 295 794 299
793 306 797 307
793 308 797 309
793 322 797 323
793 341 802 341
793 344 802 344
793 361 797 362
793 371 802 371
794 0 798 1
794 11 795 15
794 20 798 21
794 22 803 22
794 33 795 37
794 41 803 41
794 52 798 53
794 62 803 62
794 76 795 80
794 82 795 86
794 87 803 87
794 105 795 109
794 127 798 128
794 129 798 130
794 135 798 136
794 149 803 149
794 158 803 158
794 161 798 162
794 178 798 179
794 180 798 181
794 189 803 189
794 197 803 197
794 219 803 219
794 225 795 229
794 254 803 254
794 270 798 271
794 272 798 273
794 288 803 288
794 301 798 302
794 303 803 303
794 315 795 319
794 328 798 329
794 334 803 334
794 338 803 338
794 348 798 349
794 364 803 364
794 366 798 367
794 368 803 368
794 374 803 374
794 377 798 378
794 379 798 380
794 385 803 385
794 386 803 386
794 387 795 389
795 2 796 6
795 23 799 24
795 25 804 25
795 27 799 28
795 44 799 44
795 46 796 50
795 56 799 57
795 63 799 64
795 91 799 92
795 100 799 101
795 102 804 102
795 111 804 111
795 131 804 131
795 139 799 140
795 152 799 153
795 160 804 160
795 171 799 172
795 176 799 177
795 185 804 185
795 190 799 191
795 192 799 193
795 196 803 196
795 208 804 208
795 209 804 209
795 212 804 212
795 220 796 224
795 235 799 236
795 248 804 248
795 261 796 265
795 266 804 266
795 277 804 277
795 281 799 282
795 289 799 290
795 295 796 299
795 305 804 305
795 320 799 321
795 326 799 327
795 345 804 345
795 347 804 347
795 352 799 353
795 355 799 356
795 357 799 358
795 381 799 382
795 392 799 393
795 396 799 397
796 9 805 9
796 11 797 15
796 33 797 37
796 42 800 43
796 69 800 70
796 76 797 80
796 82 797 86
796 88 800 89
796 98 800 99
796 105 797 109
796 117 805 117
796 118 805 118
796 122 800 123
796 124 805 124
796 133 800 134
796 169 805 169
796 175 805 175
796 182 800 183
796 186 800 187
796 198 800 199
796 201 800 202
796 203 800 204
796 218 805 218
796 225 797 229
796 242 797 246
796 247 805 247
796 269 805 269
796 279 800 280
796 286 800 287
796 315 797 319
796 333 805 333
796 350 799 351
796 360 805 360
796 372 800 373
800 376 805 376
796 383 800 384
796 390 805 390
797 2 806 2
797 3 801 4
797 5 801 6
797 38 806 38
797 46 798 50
797 65 801 66
797 68 806 68
797 96 801 97
797 103 801 104
797 125 801 126
796 137 800 138
797 150 801 151
797 156 806 156
797 163 806 163
797 184 806 184
797 206 806 206
792 207 799 207
797 211 806 211
797 214 801 215
797 220 798 224
797 261 798 265
797 267 801 268
797 274 801 275
797 295 798 299
797 300 806 300
797 310 801 311
797 312 806 312
797 313 806 313
797 324 801 325
797 331 806 331
797 336 801 337
797 340 806 340
797 342 801 343
797 354 806 354
797 370 806 370
796 387 798 389
798 11 799 15
798 16 802 17
798 18 802 19
798 30 802 31
798 33 799 37
798 58 802 59
798 60 807 60
798 73 799 77
798 78 802 79
798 80 807 80
798 82 799 86
798 94 802 95
798 105 799 109
798 112 802 113
798 114 802 115
798 119 802 120
798 132 807 132
798 143 799 146
798 147 802 148
798 154 802 155
798 173 802 174
798 195 807 195
798 200 807 200
798 216 802 217
798 225 799 229
798 231 801 232
798 240 804 240
798 241 802 242
798 243 807 243
798 244 802 245
798 246 807 246
798 252 802 253
798 255 802 256
798 257 802 258
798 284 802 285
798 306 802 307
798 308 802 309
798 315 799 319
798 322 802 322
798 335 807 335
798 361 807 361
798 362 802 363
798 391 807 391
799 0 803 1
799 10 808 10
799 20 803 21
799 46 800 50
799 51 803 52
799 53 803 54
799 61 808 61
799 110 808 110
799 127 803 128
799 129 803 130
799 135 803 136
799 161 803 162
799 170 808 170
799 178 803 179
799 180 803 181
799 188 808 188
799 213 808 213
799 220 800 224
799 261 800 265
799 270 803 271
799 272 803 273
799 293 808 293
799 295 800 299
799 301 803 302
797 314 806 314
799 328 803 329
799 348 803 349
799 366 803 367
799 377 803 378
799 379 803 380
799 387 803 388
799 389 808 389
799 395 808 395
800 8 809 8
800 11 801 15
800 23 804 24
800 27 809 27
800 28 804 29
800 33 801 37
800 44 804 45
800 56 809 56
800 57 809 57
800 63 804 64
800 73 801 77
800 81 801 85
800 86 809 86
800 91 804 92
800 100 804 101
800 105 801 109
800 139 804 140
800 141 809 141
800 143 804 144
800 145 804 146
800 152 804 153
800 157 809 157
800 166 804 167
800 171 804 172
800 176 804 177
800 190 804 191
800 192 804 193
800 210 809 210
800 225 801 229
800 235 804 236
800 259 809 259
800 281 804 282
800 283 807 283
800 289 804 290
800 291 809 291
800 294 808 294
800 315 801 319
800 320 804 321
800 326 804 327
802 352 809 352
800 350 801 353
800 355 801 359
800 365 809 365
800 375 809 375
800 381 804 382
800 392 804 393
800 394 809 394
800 396 804 397
800 398 804 398
801 7 810 7
801 40 810 40
801 42 805 43
801 46 805 47
801 48 805 49
801 50 810 50
801 55 810 55
801 69 805 70
801 71 810 71
801 88 805 89
801 93 810 93
801 98 805 99
801 122 805 123
801 133 805 134
801 138 810 138
801 142 810 142
801 168 810 168
801 182 805 183
801 186 805 187
801 198 805 199
801 201 805 202
801 203 805 204
801 205 810 205
801 220 802 224
801 233 807 233
799 251 808 251
801 261 802 265
801 279 805 280
801 286 810 286
801 287 810 287
801 295 802 299
801 304 810 304
801 330 810 330
801 332 810 332
801 346 810 346
801 369 810 369
801 372 805 373
801 383 810 383
801 384 810 384
802 3 806 4
802 5 806 6
802 11 803 15
802 33 803 37
802 39 811 39
802 65 811 65
802 66 806 67
802 72 803 76
802 77 808 77
802 81 803 85
802 90 811 90
802 96 805 97
802 103 803 107
802 108 806 109
802 116 810 116
802 125 806 126
802 150 806 150
802 164 806 165
800 207 809 207
802 214 806 215
802 225 803 229
802 234 811 234
802 238 806 239
802 249 811 249
802 260 811 260
802 267 806 268
802 274 806 275
802 276 811 276
802 292 811 292
802 310 806 311
802 315 803 319
802 324 806 325
802 336 806 337
802 339 811 339
802 342 806 343
802 350 806 351
802 353 811 353
802 355 803 359
803 16 807 17
803 18 807 19
803 26 812 26
803 30 807 31
803 32 812 32
803 58 807 59
803 78 807 79
803 94 807 95
803 112 807 113
803 114 807 115
803 119 807 120
803 121 812 121
803 137 812 137
803 147 812 147
803 148 812 148
803 154 807 155
803 159 812 159
803 173 807 174
803 194 807 194
803 216 807 217
803 220 807 221
803 222 807 223
803 224 812 224
808 230 812 230
802 230 804 232
803 237 812 237
803 244 807 245
803 250 811 250
803 252 807 253
803 255 807 256
803 257 807 258
803 261 804 265
803 278 812 278
803 284 807 285
803 295 804 299
803 306 807 307
803 308 807 309
803 322 812 322
798 323 806 323
803 341 812 341
803 344 812 344
803 362 807 363
803 371 812 371
804 0 808 1
804 11 805 15
804 20 808 21
804 22 813 22
804 33 805 37
804 41 813 41
804 51 808 52
804 53 813 53
804 54 813 54
804 62 813 62
804 72 805 76
804 81 808 82
804 83 813 83
804 84 813 84
804 85 813 85
804 87 813 87
804 103 805 107
804 127 808 128
804 129 808 130
804 135 808 136
804 149 813 149
804 158 813 158
804 161 808 162
804 178 808 179
804 180 808 181
804 189 813 189
804 196 808 197
804 219 813 219
804 225 804 229
804 242 813 242
804 254 812 254
804 270 808 271
804 272 808 273
804 288 813 288
804 301 808 302
804 303 813 303
804 315 805 319
804 328 808 329
804 334 813 334
804 338 811 338
804 348 808 349
804 355 805 359
804 364 813 364
804 366 808 367
804 368 813 368
804 374 813 374
804 377 808 378
804 379 808 380
804 385 808 386
804 387 808 388
805 23 809 23
805 24 809 25
805 28 809 29
805 44 809 45
805 63 809 64
805 91 809 92
805 100 809 101
805 102 814 102
805 111 814 111
805 131 813 131
805 139 809 140
805 143 809 144
805 145 809 146
805 152 809 153
805 160 814 160
805 166 809 167
805 171 809 172
805 176 809 177
805 185 814 185
805 190 809 191
805 192 809 193
805 208 809 209
805 212 814 212
805 225 805 232
805 235 809 236
805 240 809 241
805 248 814 248
805 261 806 265
805 266 814 266
805 277 811 277
805 281 809 282
805 289 809 290
805 295 806 299
805 305 814 305
805 320 809 321
805 326 809 327
805 345 814 345
805 347 814 347
805 381 809 382
805 392 814 392
805 393 814 393
805 396 814 396
805 397 809 398
806 9 814 9
806 11 807 15
806 33 807 37
806 42 810 43
806 48 815 48
806 49 815 49
806 69 810 70
806 72 807 76
806 88 810 89
806 98 810 99
806 103 807 107
806 117 810 118
806 122 810 123
806 124 815 124
806 133 810 134
806 169 815 169
806 175 815 175
806 182 810 183
806 186 810 187
806 198 810 199
806 201 809 202
806 203 810 204
806 218 815 218
806 225 807 228
808 231 815 231
806 229 807 232
806 247 814 247
806 269 815 269
806 279 810 280
806 315 807 319
806 333 815 333
806 355 807 359
806 360 813 360
806 372 810 373
806 376 815 376
806 390 815 390
807 2 808 6
807 38 816 38
807 46 816 46
807 66 811 67
807 68 816 68
811 96 816 96
806 96 810 97
807 108 811 109
807 125 811 126
807 150 816 150
802 151 811 151
807 156 816 156
807 163 811 164
807 165 816 165
807 184 816 184
807 206 816 206
807 211 816 211
807 214 811 215
807 238 811 239
807 261 808 264
807 267 811 268
807 274 811 275
807 295 808 299
807 300 816 300
807 310 808 314
807 324 811 325
807 331 816 331
807 336 811 337
807 340 816 340
807 342 811 343
807 350 811 351
807 354 816 354
807 370 816 370
808 11 812 12
808 13 812 14
808 15 809 19
808 30 812 31
808 33 809 37
808 58 812 59
808 60 817 60
808 72 809 76
808 78 812 79
808 80 817 80
808 94 812 95
808 103 809 107
808 112 812 113
808 114 812 115
808 119 812 120
808 132 816 132
808 154 812 155
808 173 812 174
808 194 812 195
808 216 812 217
808 220 812 221
808 222 812 223
808 225 809 229
808 232 812 233
808 243 812 244
808 245 812 246
808 252 812 253
808 255 812 256
808 257 812 258
808 284 812 285
808 306 812 307
808 308 812 309
808 315 809 319
807 323 816 323
808 335 817 335
808 355 812 356
808 357 812 358
808 359 817 359
808 361 812 362
808 363 817 363
808 391 817 391
809 0 810 4
809 5 813 6
809 10 818 10
809 20 813 21
809 51 813 52
809 61 817 61
809 81 813 82
809 110 818 110
809 127 813 128
809 129 813 130
809 135 813 136
809 161 813 162
809 170 818 170
809 178 813 179
809 180 813 181
809 188 818 188
809 196 818 196
809 197 818 197
809 213 818 213
809 251 816 251
809 261 813 262
809 263 813 264
807 265 816 265
809 270 813 271
809 272 813 273
809 293 818 293
809 295 810 299
809 301 813 302
809 310 810 314
809 328 813 329
809 349 813 349
809 366 813 367
809 377 813 378
809 379 813 380
809 385 810 389
809 395 818 395
810 8 815 8
810 15 811 19
810 23 814 24
810 25 819 25
810 27 814 28
810 29 819 29
810 33 811 37
810 44 813 45
810 56 814 57
810 63 814 64
810 72 811 76
810 86 819 86
810 91 814 92
810 100 814 101
810 103 811 107
810 139 814 140
810 141 819 141
810 143 814 144
810 145 814 146
810 152 814 153
810 157 819 157
810 167 819 167
810 171 814 172
810 176 814 177
810 190 814 191
810 192 814 193
810 200 812 202
810 207 814 208
810 209 814 210
810 225 814 226
810 227 819 227
810 228 814 229
810 235 814 236
810 240 818 240
810 259 817 259
810 281 814 282
808 283 817 283
810 289 814 290
810 291 819 291
809 294 818 294
810 315 811 319
810 320 814 321
810 326 814 327
810 352 819 352
810 365 819 365
810 375 819 375
810 381 814 382
810 394 819 394
810 397 814 398
811 0 812 4
811 7 820 7
811 40 820 40
811 42 815 43
811 50 820 50
811 55 820 55
811 69 815 70
811 71 820 71
811 88 815 89
811 93 820 93
811 97 815 98
811 99 820 99
814 117 820 117
811 116 813 118
811 122 815 123
811 133 815 134
811 142 820 142
811 166 820 166
811 168 820 168
811 182 815 183
811 186 815 187
811 198 815 199
811 203 815 204
811 205 820 205
811 279 815 280
811 286 815 287
811 295 812 299
811 304 820 304
811 310 812 314
811 330 820 330
811 332 820 332
811 346 820 346
811 369 816 369
811 372 820 372
811 373 820 373
811 383 812 387
811 388 815 389
812 15 816 16
812 17 816 18
812 19 818 19
812 33 813 37
812 39 821 39
812 47 821 47
812 65 816 66
812 67 821 67
812 72 813 76
809 77 818 77
812 90 821 90
812 103 813 107
812 108 816 109
812 125 816 126
812 138 821 138
812 151 821 151
812 163 816 164
812 214 816 215
812 234 821 234
812 238 816 239
812 249 816 250
812 260 821 260
812 267 816 268
812 274 816 275
812 276 816 277
812 292 821 292
812 315 813 319
812 324 816 325
812 336 816 337
818 338 821 339
812 342 816 343
812 350 816 351
812 353 821 353
813 0 814 4
813 11 817 12
813 13 817 14
813 26 819 26
813 30 817 31
813 32 822 32
813 58 817 59
813 78 817 79
813 94 817 95
813 112 817 113
813 114 817 115
813 119 817 120
813 121 822 121
813 137 821 137
813 147 817 148
813 154 817 155
813 159 822 159
813 173 817 174
813 194 817 195
813 200 815 202
813 216 817 217
813 220 814 224
813 230 822 230
813 232 817 233
813 237 819 237
813 243 822 243
813 244 815 246
813 252 814 256
813 257 816 258
813 278 822 278
813 284 817 285
813 295 814 299
813 306 817 307
813 308 814 312
813 313 817 314
813 322 822 322
813 341 822 341
813 344 822 344
813 355 817 356
813 357 817 358
813 361 817 362
813 371 822 371
813 383 814 387
814 5 818 6
814 20 818 21
814 22 823 22
814 33 815 37
814 41 823 41
814 51 818 52
814 53 818 54
814 62 823 62
814 72 815 76
814 81 815 85
814 87 823 87
814 103 815 107
814 116 823 116
814 118 823 118
814 127 818 128
814 129 816 131
814 135 818 136
814 149 823 149
814 158 823 158
814 161 818 162
814 178 818 179
814 180 818 181
814 189 823 189
814 219 823 219
814 242 823 242
814 261 818 262
814 263 818 264
814 270 818 271
814 272 818 273
814 288 823 288
814 301 818 302
814 303 820 303
814 315 815 319
814 328 818 329
814 334 823 334
812 338 813 339
809 348 818 348
814 349 823 349
814 364 823 364
814 366 818 367
814 368 823 368
814 374 823 374
814 377 818 378
814 379 818 380
815 0 816 4
815 23 819 24
815 27 819 28
814 44 818 45
815 56 819 57
815 63 819 64
815 91 819 92
815 100 819 101
815 102 824 102
815 111 824 111
815 139 824 139
815 140 824 140
815 143 819 144
815 145 819 146
815 152 819 153
815 160 824 160
815 171 819 172
815 176 819 177
815 185 824 185
815 190 819 191
815 192 819 193
815 207 819 208
815 209 819 210
815 212 824 212
815 220 816 224
815 225 819 226
815 228 819 229
815 235 824 235
815 248 824 248
815 252 816 256
815 266 824 266
815 281 819 282
815 289 819 290
815 295 816 299
815 305 824 305
815 308 819 309
815 310 819 311
815 312 824 312
815 320 819 321
815 326 819 327
815 345 824 345
815 347 824 347
815 381 816 385
815 386 819 387
815 392 819 393
815 396 817 397
815 398 824 398
815 9 824 9
816 33 817 37
816 42 820 43
816 48 820 49
816 69 820 70
816 72 817 76
816 81 817 85
816 88 820 89
816 97 820 98
816 103 817 107
816 122 820 123
816 124 824 124
816 133 820 134
816 169 825 169
816 175 825 175
816 182 820 183
816 186 817 187
816 198 820 199
816 200 817 204
816 218 825 218
816 231 825 231
816 241 825 241
816 244 825 244
816 245 820 246
815 247 824 247
816 269 821 269
816 279 819 280
816 286 825 286
816 287 825 287
816 315 817 319
816 333 825 333
814 360 823 360
816 376 825 376
816 388 820 389
816 390 825 390
817 0 818 4
817 15 821 16
817 17 821 18
817 38 825 38
817 46 826 46
817 65 821 66
817 68 826 68
817 96 826 96
817 108 821 109
817 125 821 126
817 129 818 132
817 150 826 150
817 156 826 156
817 163 821 164
817 165 826 165
817 184 826 184
817 206 826 206
817 211 826 211
817 214 821 215
817 220 818 224
817 238 821 239
817 249 821 250
817 251 821 252
817 253 817 258
817 265 826 265
817 267 821 268
817 274 821 275
817 276 821 277
817 295 818 299
817 300 826 300
817 323 821 324
817 325 826 325
817 331 826 331
817 336 826 336
817 337 826 337
814 338 817 339
817 340 826 340
817 342 821 343
817 350 821 351
817 354 826 354
817 369 821 370
817 381 818 385
818 11 822 12
818 13 822 14
818 30 822 31
818 33 819 37
818 58 822 59
818 60 822 61
818 72 819 76
818 78 819 82
818 83 822 84
818 85 827 85
818 94 822 95
818 103 819 107
818 112 822 113
818 114 822 115
818 119 822 120
818 147 822 148
818 154 822 155
818 173 822 174
818 194 822 195
818 200 819 204
818 216 822 217
818 232 827 232
818 233 827 233
818 254 822 255
818 256 819 259
818 283 822 284
818 285 827 285
818 306 822 307
818 313 819 317
818 318 822 319
818 335 827 335
818 355 819 359
818 361 822 362
818 363 827 363
818 391 827 391
819 0 820 3
819 4 823 5
819 6 828 6
819 10 828 10
819 19 823 20
819 21 828 21
819 44 828 44
819 51 822 52
819 53 822 54
819 77 828 77
819 110 828 110
819 127 820 130
819 131 823 132
819 135 823 136
819 161 823 162
819 170 828 170
819 178 823 179
819 180 823 181
819 188 828 188
819 196 823 197
819 213 828 213
819 220 820 224
819 253 828 253
819 261 823 262
819 263 823 264
819 270 823 271
819 272 823 273
819 293 823 294
819 295 820 299
819 301 828 301
819 328 823 329
819 348 828 348
819 366 823 367
819 377 820 381
819 382 823 383
819 384 823 385
819 395 828 395
816 8 825 8
820 23 824 24
820 25 824 26
820 27 824 28
820 29 829 29
820 33 821 37
820 56 824 57
820 63 824 64
820 72 821 76
820 78 821 82
820 86 827 86
820 91 824 92
820 100 824 101
820 103 821 107
820 141 829 141
820 143 824 144
820 145 824 146
820 152 824 153
820 157 829 157
820 167 826 167
820 171 824 172
820 176 824 177
820 190 824 191
820 192 824 193
820 200 821 204
820 207 824 208
820 209 824 210
820 225 821 229
820 236 824 237
819 240 828 240
820 256 824 257
820 258 821 259
820 279 821 282
820 289 823 290
820 291 829 291
820 308 824 309
820 310 824 311
820 313 821 317
820 320 824 321
820 326 824 327
820 352 829 352
820 355 822 357
820 358 824 359
820 365 829 365
820 375 829 375
820 386 824 387
820 392 824 393
820 394 827 394
823 396 829 396
818 396 822 397
821 0 825 1
821 2 825 3
821 7 828 7
821 40 830 40
821 42 825 43
821 48 825 49
821 50 825 50
821 55 830 55
821 69 825 70
821 71 830 71
821 88 825 89
821 93 830 93
821 97 825 98
821 99 830 99
821 117 830 117
821 122 825 123
821 127 825 128
821 129 825 130
821 133 825 134
821 142 829 142
821 166 830 166
821 168 830 168
821 182 830 182
821 183 826 183
827 186 830 186
818 186 822 187
821 198 830 198
821 199 830 199
821 205 830 205
821 220 822 224
821 245 825 246
821 295 822 299
821 302 825 303
821 304 830 304
821 330 830 330
821 332 830 332
822 338 830 338
821 346 830 346
821 372 830 372
821 373 830 373
821 377 822 381
821 388 825 389
822 15 826 16
822 17 831 17
822 18 831 18
822 33 823 37
822 39 831 39
822 45 831 45
822 47 831 47
822 65 824 66
822 67 831 67
822 72 826 73
822 74 826 75
822 76 831 76
822 78 823 82
822 90 829 90
822 103 823 107
822 108 831 108
822 125 826 126
822 137 826 138
822 151 831 151
822 163 826 164
822 200 826 201
822 202 826 203
822 204 830 204
822 214 826 215
822 225 823 229
822 234 831 234
822 238 826 239
822 249 826 250
822 251 826 252
822 260 831 260
822 267 831 267
822 268 826 269
822 274 826 275
822 276 826 277
822 279 826 280
822 281 831 281
822 282 831 282
822 292 831 292
822 313 823 317
822 323 826 324
822 339 831 339
822 342 826 343
822 350 826 351
822 353 831 353
822 369 826 370
823 11 827 12
823 13 831 13
823 14 831 14
823 30 827 31
823 32 832 32
823 58 827 59
823 60 832 60
823 61 832 61
823 83 827 84
823 94 827 95
823 112 827 113
823 114 827 115
823 119 827 120
823 121 832 121
823 147 827 148
823 154 827 155
823 159 832 159
823 173 832 173
823 174 832 174
823 186 826 187
823 194 827 195
823 216 827 217
823 220 824 224
823 230 832 230
823 243 832 243
823 254 827 255
823 278 832 278
823 283 827 284
823 295 824 299
823 306 827 307
823 318 832 318
823 319 832 319
823 322 832 322
823 341 832 341
823 344 832 344
823 355 827 356
823 357 832 357
823 361 827 362
823 371 832 371
823 377 824 381
823 397 832 397
824 4 828 5
824 19 828 20
824 22 833 22
824 33 825 37
824 41 833 41
825 51 828 52
825 53 833 53
823 51 824 54
824 62 833 62
824 78 825 82
824 87 833 87
824 103 825 107
824 116 833 116
824 118 833 118
824 131 828 132
824 135 828 136
824 149 833 149
824 158 832 158
824 161 828 162
824 178 828 179
824 180 833 180
824 181 833 181
824 189 833 189
824 196 828 197
824 219 833 219
824 225 825 229
824 242 833 242
824 261 828 262
824 263 828 264
824 270 828 271
824 272 828 273
824 288 826 290
824 293 828 294
824 313 825 317
824 328 828 329
824 334 833 334
824 349 833 349
824 360 833 360
824 364 829 364
824 366 828 367
824 368 829 368
824 374 833 374
824 382 828 383
824 384 828 385
825 9 834 9
825 23 826 27
825 28 834 28
825 56 829 57
825 63 826 66
825 91 829 92
825 100 829 101
825 102 834 102
825 111 834 111
825 139 829 140
825 143 829 144
825 145 829 146
825 152 829 153
825 160 834 160
825 171 829 172
825 176 829 177
825 185 831 185
825 190 829 191
825 192 829 192
825 207 826 208
825 209 829 210
825 212 834 212
825 220 826 224
825 235 829 236
825 237 834 237
825 247 829 248
825 256 829 257
827 258 834 258
822 258 826 259
825 266 834 266
825 295 826 299
825 305 834 305
825 308 826 312
825 320 829 321
825 326 829 327
825 345 832 345
825 347 834 347
825 358 834 358
825 377 826 381
825 386 829 387
825 392 827 393
825 398 832 398
826 0 830 1
826 2 830 3
826 8 832 8
826 33 827 36
826 42 830 43
826 48 835 48
826 49 830 50
826 69 830 70
826 78 827 82
826 88 835 88
826 89 835 89
826 97 830 98
826 103 827 107
826 122 830 123
825 124 834 124
826 127 830 128
826 129 830 130
826 133 830 134
826 169 835 169
826 175 835 175
826 218 835 218
826 225 827 229
826 231 835 231
826 241 832 241
826 244 830 245
826 246 835 246
826 286 830 287
826 302 830 303
826 313 827 317
826 333 835 333
826 376 835 376
826 388 830 389
826 390 834 390
827 15 831 16
827 23 831 24
827 25 831 26
827 27 836 27
826 37 830 38
827 46 836 46
827 54 836 54
827 63 831 64
827 65 831 66
827 68 836 68
827 72 831 73
827 74 831 75
827 96 836 96
827 109 836 109
827 125 831 126
827 137 831 138
827 150 836 150
827 156 836 156
827 163 831 164
827 165 833 165
827 183 831 184
827 187 836 187
827 200 829 202
827 203 836 203
827 206 829 208
827 211 836 211
827 214 831 215
827 220 828 224
827 238 831 239
827 249 831 250
827 251 836 251
827 252 836 252
827 259 835 259
827 265 834 265
827 274 831 275
827 276 836 276
827 277 836 277
827 279 831 280
827 288 831 289
827 290 836 290
827 295 828 299
827 300 836 300
827 308 828 312
827 323 831 324
827 325 836 325
827 331 836 331
827 336 831 337
827 340 836 340
827 342 836 342
827 343 836 343
827 350 831 351
827 354 836 354
827 359 836 359
827 369 831 370
827 377 828 381
828 11 832 12
828 30 832 31
828 33 837 33
828 34 832 35
828 36 837 36
828 58 832 59
828 78 829 82
828 83 832 84
828 85 832 86
828 94 832 95
828 103 829 107
828 112 832 113
828 114 832 115
828 119 832 120
828 147 832 148
828 154 832 155
828 194 832 195
828 216 831 217
828 225 829 229
828 232 832 233
828 254 832 255
828 283 832 284
828 285 837 285
828 306 832 307
828 313 829 317
828 335 837 335
828 355 837 355
828 356 837 356
828 361 832 362
828 363 837 363
828 391 834 391
829 4 833 5
829 6 833 7
829 10 838 10
829 19 833 20
829 21 838 21
829 44 838 44
829 51 833 52
829 77 834 77
829 110 836 110
829 131 833 132
829 135 833 136
829 161 833 162
829 170 838 170
829 178 833 179
829 188 838 188
829 196 833 197
829 213 838 213
829 220 830 224
829 240 838 240
829 253 838 253
829 261 832 262
829 263 832 264
829 268 833 269
829 270 838 270
829 271 831 273
829 293 830 297
829 298 838 298
829 299 838 299
829 301 834 301
829 308 830 312
829 328 833 329
829 348 838 348
829 366 833 366
829 377 830 381
829 382 833 383
829 384 833 385
829 395 838 395
830 29 839 29
830 56 834 57
830 78 831 82
830 91 834 92
830 100 834 101
830 103 831 107
830 139 834 140
830 141 831 145
830 146 839 146
830 152 834 153
830 157 839 157
827 167 836 167
830 171 834 172
830 176 834 177
830 190 834 191
830 192 839 192
825 193 832 193
830 200 834 201
830 202 839 202
830 206 831 210
830 225 834 226
830 227 834 228
830 229 839 229
830 235 834 236
830 247 834 248
830 256 834 257
830 291 839 291
830 313 831 317
830 320 834 321
830 326 834 327
830 352 839 352
830 364 834 365
830 375 836 375
830 386 834 387
828 392 830 394
830 396 839 396
831 0 835 1
831 2 835 3
831 37 835 38
831 40 840 40
831 42 835 43
831 49 835 50
831 55 840 55
831 69 833 71
831 93 840 93
831 97 835 98
831 99 840 99
831 117 840 117
831 122 834 123
831 127 835 128
831 129 835 130
831 133 835 134
831 166 840 166
831 168 840 168
831 182 840 182
831 186 840 186
831 198 835 199
831 205 840 205
831 220 835 221
831 222 835 223
831 224 840 224
831 244 835 245
831 286 835 287
831 293 832 297
831 302 835 303
831 304 840 304
831 308 832 312
831 330 840 330
831 332 840 332
831 338 840 338
831 346 840 346
831 372 835 373
831 377 832 381
831 388 835 389
831 393 835 394
832 15 836 16
832 17 836 18
832 23 836 24
832 25 836 26
832 39 840 39
832 45 841 45
832 47 841 47
832 63 833 67
832 72 833 76
832 78 836 79
832 80 836 81
832 82 841 82
830 90 839 90
832 103 833 107
832 108 841 108
832 125 836 126
832 137 836 138
832 141 833 145
832 151 841 151
832 163 836 164
832 183 840 183
832 184 836 185
831 204 840 204
832 206 833 210
832 214 841 214
832 215 834 217
832 234 841 234
832 238 836 239
832 249 836 250
832 260 841 260
832 267 841 267
832 271 833 275
832 279 836 280
832 281 836 282
832 288 836 289
832 292 841 292
832 313 833 317
832 323 836 324
832 336 836 337
832 339 841 339
832 350 836 351
832 353 841 353
832 369 836 370
833 11 837 12
832 13 841 13
832 14 841 14
833 30 837 31
833 32 842 32
833 34 837 35
833 58 837 59
833 60 837 61
833 83 837 84
833 85 842 85
833 86 842 86
833 94 836 95
833 112 837 113
833 114 837 115
833 119 837 120
833 121 842 121
833 147 837 148
833 154 837 155
833 158 837 159
833 173 837 174
833 195 837 195
833 230 842 230
833 232 837 233
833 243 842 243
833 254 837 255
833 278 842 278
833 283 837 284
833 293 834 297
833 306 834 310
833 311 837 312
833 318 842 318
833 319 842 319
833 322 842 322
833 341 842 341
838 344 842 345
833 357 842 357
833 361 837 362
833 371 842 371
833 377 834 381
838 397 842 397
834 4 838 5
834 6 838 7
834 19 838 20
834 22 843 22
834 41 843 41
834 51 838 52
834 53 843 53
834 62 835 66
834 67 843 67
834 69 835 73
834 74 838 75
834 76 843 76
834 87 843 87
834 103 835 107
834 116 843 116
834 118 843 118
834 131 838 132
834 135 838 136
834 141 835 145
834 149 843 149
834 161 838 162
834 178 838 179
834 180 838 181
834 189 843 189
834 196 838 197
834 206 835 210
834 219 843 219
834 242 843 242
835 261 838 262
835 263 843 263
833 261 834 264
834 269 843 269
834 271 835 275
834 313 835 317
834 328 838 329
834 334 843 334
834 349 838 349
834 360 843 360
834 366 843 366
829 367 838 367
830 368 839 368
834 374 843 374
834 382 838 383
834 384 838 385
835 9 844 9
835 28 844 28
835 56 839 57
835 91 844 91
835 92 844 92
835 100 839 101
835 102 844 102
835 111 844 111
835 122 837 124
835 139 839 140
835 152 844 152
835 153 844 153
835 160 844 160
835 171 839 172
835 176 839 177
835 190 839 191
833 193 837 194
835 200 839 201
835 212 844 212
835 215 839 216
835 217 844 217
835 225 839 226
835 227 839 228
835 235 839 236
835 237 844 237
835 247 839 248
835 256 844 256
835 257 839 258
835 264 839 265
835 266 842 266
835 293 836 297
835 305 836 309
835 310 844 310
835 320 839 321
835 326 839 327
833 344 837 345
835 347 844 347
835 358 844 358
835 364 839 365
835 377 836 381
835 386 839 387
835 392 844 392
833 397 837 398
836 0 840 1
836 2 840 3
833 8 842 8
836 37 840 38
836 42 840 43
836 48 840 49
836 50 845 50
836 62 837 66
836 69 837 73
836 88 840 89
836 97 840 98
836 103 837 107
836 127 840 128
836 129 840 130
836 133 840 134
836 141 837 145
836 169 845 169
836 175 845 175
836 198 840 199
836 206 837 210
836 218 845 218
836 220 840 221
836 222 840 223
836 231 845 231
833 241 842 241
836 244 840 245
836 246 845 246
836 268 845 268
836 271 837 275
836 286 840 287
836 302 840 303
836 313 837 317
836 333 843 333
836 372 845 372
836 373 845 373
836 376 844 376
836 388 840 389
835 390 839 391
836 393 840 394
837 15 846 15
837 16 841 17
837 18 846 18
837 23 838 27
837 46 846 46
837 54 846 54
837 68 846 68
837 78 841 79
837 80 841 81
837 94 839 96
837 109 841 110
837 125 841 126
837 137 841 138
837 150 846 150
837 156 846 156
837 163 841 164
834 165 843 165
837 167 846 167
837 184 841 185
837 187 846 187
837 203 846 203
837 211 846 211
837 238 841 239
837 249 841 250
837 251 841 252
836 259 845 259
837 276 841 277
837 279 841 280
837 281 841 281
837 288 841 289
837 290 846 290
837 293 838 297
837 300 846 300
837 305 838 309
837 323 841 324
837 325 846 325
837 331 846 331
837 336 841 337
837 340 846 340
837 342 841 343
837 350 841 351
837 354 846 354
837 359 846 359
837 369 841 370
837 377 838 381
838 11 842 12
838 30 842 31
838 33 842 34
838 35 842 36
838 58 839 62
838 63 842 64
838 65 842 66
838 69 839 73
838 83 842 84
838 103 839 107
838 112 842 113
838 114 842 115
838 119 842 120
838 122 842 123
838 124 847 124
838 141 839 145
838 147 842 148
838 154 842 155
838 158 842 159
838 173 842 174
838 193 840 195
838 206 839 210
838 232 842 233
838 254 842 255
838 271 839 275
838 283 842 284
838 285 847 285
838 311 842 312
838 313 839 317
838 335 847 335
838 355 842 356
838 361 842 362
838 363 847 363
838 398 847 398
839 4 843 5
839 6 843 7
839 10 848 10
839 19 843 20
839 21 848 21
839 23 840 27
839 51 843 52
839 74 843 75
835 77 844 77
839 131 843 132
839 135 843 136
839 161 843 162
839 170 848 170
839 178 843 179
839 180 843 181
839 188 848 188
839 196 843 197
839 213 848 213
839 240 848 240
839 253 848 253
839 261 843 262
839 270 848 270
839 293 840 297
839 298 843 299
835 301 844 301
839 305 840 309
839 328 848 328
839 329 848 329
843 345 848 345
839 348 843 349
839 367 848 367
839 377 840 381
839 382 843 383
839 384 843 385
839 395 848 395
840 29 849 29
840 44 849 44
840 56 841 60
840 61 844 62
840 69 841 73
840 90 849 90
840 94 844 95
840 96 849 96
840 100 844 101
840 103 841 107
840 139 841 143
840 144 844 145
840 146 849 146
840 157 849 157
840 171 844 172
840 176 844 177
840 190 844 191
840 192 849 192
840 200 844 201
840 202 848 202
840 206 841 210
840 215 844 216
840 225 841 229
840 235 844 236
840 247 844 248
840 257 844 258
840 264 849 264
840 271 841 275
840 291 849 291
840 313 841 317
840 320 844 321
840 326 844 327
840 352 849 352
840 364 844 365
840 368 849 368
837 375 844 375
840 386 849 386
840 387 849 387
840 390 849 390
840 391 849 391
840 396 849 396
841 0 845 1
841 2 845 3
841 23 845 24
841 25 845 26
841 27 850 27
841 37 845 38
846 40 850 40
841 42 845 43
841 48 845 49
841 55 850 55
841 88 845 89
841 93 849 93
841 97 845 98
841 99 850 99
841 117 850 117
841 127 845 128
841 129 845 130
841 133 845 134
841 166 850 166
841 168 849 168
841 182 845 183
841 186 850 186
841 193 845 194
841 195 848 195
841 198 845 199
841 204 845 205
841 220 842 224
841 244 845 245
841 286 845 287
841 293 842 297
841 302 842 306
841 307 845 308
841 309 850 309
841 330 850 330
841 332 850 332
841 338 850 338
841 346 850 346
841 377 842 381
841 388 845 389
841 393 845 394
842 13 846 14
842 16 846 17
841 39 845 40
842 45 851 45
842 47 851 47
842 56 843 60
842 69 843 73
842 78 843 82
842 103 843 107
842 108 851 108
842 109 846 110
842 125 846 126
842 137 846 138
842 139 843 143
842 151 851 151
842 163 846 164
842 184 846 185
842 206 843 210
842 214 851 214
842 225 843 229
842 234 851 234
842 238 846 239
842 249 846 250
842 251 846 252
842 260 851 260
842 267 851 267
842 271 843 275
842 276 846 277
842 279 846 280
842 281 850 281
837 282 846 282
842 288 846 289
842 292 849 292
842 313 843 317
842 323 846 324
842 336 846 337
842 339 851 339
842 342 846 343
842 350 846 351
842 353 851 353
842 369 846 370
843 8 852 8
843 11 847 12
843 30 844 34
843 35 847 36
843 63 847 64
843 65 847 66
843 83 847 84
843 85 847 86
843 112 847 113
843 114 847 115
843 119 844 123
843 147 847 148
843 154 847 155
843 158 847 159
843 173 847 174
843 220 844 224
843 230 852 230
843 232 847 233
843 241 852 241
843 243 852 243
843 254 847 255
843 265 847 266
843 278 852 278
843 283 847 284
843 293 844 297
843 302 844 306
843 311 847 312
843 318 847 319
843 322 852 322
843 341 851 341
843 344 852 344
843 355 847 356
843 357 852 357
843 361 847 362
843 371 852 371
843 377 847 378
843 379 847 380
843 381 852 381
843 397 852 397
844 4 848 5
844 6 848 7
844 19 853 19
844 20 853 20
844 22 853 22
844 41 853 41
844 51 848 52
844 53 853 53
844 56 845 60
844 67 853 67
844 69 845 73
844 74 848 75
844 76 853 76
844 78 845 82
844 87 852 87
844 103 848 104
844 105 848 106
844 107 853 107
844 116 853 116
844 118 853 118
844 131 848 132
844 135 848 136
844 139 845 143
844 149 853 149
844 161 848 162
844 165 853 165
844 178 848 179
844 180 848 181
844 189 853 189
844 196 848 197
844 206 845 210
844 219 853 219
844 225 845 229
844 242 853 242
844 261 848 262
844 263 853 263
844 269 853 269
844 271 845 275
844 298 848 299
844 313 845 317
844 333 848 334
844 348 848 349
844 360 853 360
844 366 853 366
844 374 853 374
844 382 848 383
844 384 848 385
845 9 854 9
845 28 854 28
845 30 846 34
845 61 849 62
845 77 854 77
845 91 849 92
845 94 849 95
845 100 849 101
845 102 853 102
845 111 854 111
845 119 846 123
845 144 849 145
845 152 849 153
845 160 854 160
845 171 849 172
845 176 848 177
845 190 849 191
845 200 854 200
845 201 854 201
845 212 854 212
845 215 849 216
845 217 854 217
845 220 846 224
845 235 849 236
845 237 854 237
845 247 849 248
845 256 849 257
845 258 854 258
845 293 846 297
845 301 846 304
850 305 854 306
845 310 854 310
845 320 849 321
845 326 849 327
845 347 853 347
845 358 854 358
845 364 849 365
845 392 854 392
846 0 850 1
846 2 850 3
846 23 850 24
846 25 850 26
846 37 850 38
846 39 855 39
846 42 850 43
846 48 850 49
846 50 854 50
846 56 847 60
846 69 847 73
846 78 847 82
846 88 850 89
846 97 850 98
846 127 850 128
846 129 850 130
846 133 850 134
846 139 847 143
846 169 855 169
846 175 855 175
846 182 850 183
846 193 855 193
846 198 850 199
846 204 847 208
846 209 850 210
846 218 855 218
846 225 847 229
846 231 855 231
846 244 850 245
846 246 850 246
846 259 855 259
846 268 853 268
846 271 847 275
846 286 850 287
846 307 850 308
846 313 847 317
846 372 850 373
849 376 855 376
846 388 850 389
846 393 855 393
846 394 855 394
847 13 848 17
847 18 856 18
847 30 848 34
847 46 856 46
847 54 856 54
847 68 856 68
847 109 851 110
847 119 848 123
847 125 851 126
847 137 851 138
847 150 856 150
847 156 856 156
847 163 851 164
847 167 856 167
847 184 851 185
847 187 856 187
847 203 856 203
847 211 856 211
847 220 848 224
847 238 851 239
847 249 851 250
847 251 851 252
847 276 851 277
847 279 850 280
847 282 855 282
847 288 851 289
847 290 856 290
847 293 848 297
847 300 848 304
845 305 849 306
847 323 851 324
847 325 856 325
847 331 856 331
847 336 851 337
847 340 856 340
847 342 851 343
847 350 851 351
847 354 856 354
847 359 856 359
847 369 851 370
845 375 848 376
848 11 852 12
848 35 852 36
848 56 849 60
848 63 852 64
848 65 852 66
848 69 849 73
848 78 849 82
848 83 852 84
848 85 852 86
848 112 857 112
848 113 852 114
848 115 857 115
848 124 856 124
848 139 849 143
848 147 852 148
848 154 852 155
848 158 852 159
848 173 852 174
848 204 849 208
848 225 852 226
848 227 852 228
848 229 857 229
848 232 852 233
848 254 852 255
848 265 851 266
848 271 849 275
848 283 852 284
848 285 855 285
848 311 849 315
848 316 852 317
848 318 852 319
848 335 857 335
848 355 852 356
848 361 852 362
848 363 857 363
848 377 852 378
848 379 852 380
848 398 857 398
849 4 853 5
849 6 853 7
849 10 858 10
849 13 850 17
849 21 858 21
849 30 850 34
849 51 853 52
849 74 853 75
849 103 853 104
849 105 853 106
849 119 850 123
849 131 853 132
849 135 853 136
849 162 858 162
849 170 855 170
849 178 853 179
849 180 853 181
849 188 858 188
849 194 853 195
849 196 853 197
849 213 858 213
849 220 853 221
849 222 853 223
849 224 858 224
849 240 858 240
849 253 858 253
849 261 853 262
849 270 858 270
849 293 849 302
849 303 853 304
849 328 853 329
849 333 853 334
849 345 858 345
849 348 853 349
849 367 858 367
849 375 858 375
849 382 853 383
849 384 853 385
849 395 858 395
850 29 859 29
850 44 859 44
850 56 851 60
850 61 854 62
850 69 851 73
850 78 851 82
850 90 854 91
850 92 851 96
850 100 859 100
850 101 859 101
850 139 851 143
850 144 854 145
850 146 859 146
850 152 854 153
850 157 857 157
850 161 859 161
850 171 854 172
849 176 853 177
850 190 854 191
850 192 859 192
849 202 858 202
850 204 851 208
850 215 854 216
850 235 854 236
850 247 854 248
850 256 854 257
850 264 859 264
850 271 851 275
850 291 851 295
850 296 851 300
850 301 854 302
850 311 851 315
850 320 854 321
850 326 854 327
850 352 859 352
850 364 854 365
850 368 859 368
850 386 859 386
850 387 859 387
850 390 854 391
850 396 859 396
851 0 855 1
851 2 855 3
851 13 852 17
851 23 852 27
851 30 852 34
851 37 855 38
851 40 860 40
851 42 853 43
851 48 855 49
851 55 860 55
851 88 855 89
851 97 855 98
851 99 860 99
851 117 860 117
851 119 852 123
851 127 855 128
851 129 855 130
851 133 855 134
851 166 860 166
850 168 859 168
851 182 855 183
851 186 860 186
851 198 855 199
851 209 855 210
851 244 855 245
851 286 855 287
851 307 855 308
851 309 860 309
851 330 858 330
851 332 860 332
851 338 860 338
851 346 860 346
851 372 855 373
851 388 855 389
852 45 861 45
852 47 861 47
852 56 853 60
852 69 853 73
852 78 853 82
852 92 853 96
852 108 856 109
852 110 861 110
852 125 856 126
852 137 853 140
852 141 855 142
852 143 861 143
852 151 861 151
852 163 856 164
852 184 856 185
852 204 853 208
852 214 861 214
852 234 861 234
852 238 856 239
852 249 856 250
852 251 856 251
852 260 861 260
856 267 861 267
852 271 853 275
852 276 855 277
854 279 855 281
851 279 853 281
852 288 856 289
852 291 856 292
852 293 853 297
852 298 856 299
852 300 861 300
855 305 861 305
852 311 853 315
852 323 856 324
852 336 856 337
852 339 861 339
852 341 856 342
852 343 861 343
852 350 856 351
852 353 861 353
852 369 856 370
853 8 862 8
853 11 854 15
853 16 857 16
853 23 854 27
853 30 854 34
853 35 857 36
853 63 857 64
853 65 857 66
853 83 854 87
853 113 857 114
853 119 854 123
853 147 857 148
853 154 861 154
853 155 862 155
853 158 857 159
853 173 855 174
853 225 862 225
853 226 857 227
853 228 862 228
853 230 862 230
853 232 857 233
853 241 862 241
853 243 861 243
853 254 857 255
856 265 862 265
852 265 853 267
853 278 862 278
853 283 857 284
853 316 857 317
853 318 857 319
853 322 862 322
853 344 862 344
853 355 857 356
853 357 859 357
853 361 857 362
853 371 862 371
853 377 854 381
853 397 857 397
854 4 858 5
854 6 858 7
854 19 858 20
854 22 863 22
857 41 863 41
854 51 858 52
854 53 863 53
854 56 855 60
854 67 863 67
854 69 855 73
854 74 858 75
854 76 863 76
854 78 855 82
854 92 855 96
854 103 855 107
854 116 863 116
854 118 863 118
854 131 858 132
854 136 858 136
854 137 858 138
854 139 858 140
854 149 863 149
854 165 862 165
854 176 855 180
854 181 863 181
854 189 863 189
854 194 858 195
854 196 858 197
854 204 855 208
854 219 855 223
854 242 863 242
854 261 863 261
854 262 858 263
856 268 858 269
854 271 855 275
854 293 858 294
854 295 858 296
854 297 863 297
854 303 858 304
854 311 855 315
854 328 858 329
854 333 858 334
854 348 858 349
854 360 863 360
854 366 863 366
854 374 863 374
854 382 858 383
854 384 858 385
855 9 864 9
855 11 856 15
855 23 856 27
855 28 864 28
855 30 856 34
855 61 859 62
855 77 864 77
855 83 859 84
855 85 859 86
855 87 864 87
855 90 859 91
854 102 863 102
855 111 864 111
855 119 856 123
855 145 864 145
855 152 859 153
855 160 862 160
855 171 859 172
855 190 859 191
855 200 858 201
855 212 864 212
855 215 857 217
855 235 859 236
855 237 864 237
855 247 859 248
855 256 859 257
855 258 864 258
854 265 855 269
855 301 859 302
855 306 864 306
855 310 864 310
855 320 859 321
855 326 859 327
854 347 863 347
855 358 859 358
855 364 859 365
855 377 856 381
855 390 859 391
855 392 864 392
856 0 860 1
856 2 860 3
856 37 860 38
856 39 865 39
854 41 856 43
856 48 860 49
855 50 864 50
856 56 857 60
856 69 857 73
856 78 857 82
856 88 860 89
856 92 857 96
856 97 860 98
856 103 857 107
856 127 860 128
856 129 860 130
856 133 860 134
856 144 865 144
856 169 859 170
856 175 857 179
856 180 865 180
856 182 860 183
856 193 865 193
856 198 860 199
856 204 857 208
856 209 860 210
856 218 860 219
856 220 860 221
856 222 860 223
856 231 865 231
856 244 860 245
851 246 860 246
856 259 864 259
856 271 857 274
856 281 860 282
856 285 860 286
856 287 865 287
856 307 860 308
856 311 857 315
856 372 860 373
856 376 865 376
856 388 860 389
856 393 860 394
857 11 858 15
857 18 866 18
857 23 858 27
857 30 858 34
857 42 861 43
857 46 861 46
857 54 866 54
857 68 866 68
857 108 861 109
857 119 858 122
857 125 861 126
861 141 866 141
856 141 860 142
857 150 866 150
857 156 866 156
857 163 861 164
857 167 866 167
857 184 866 184
857 185 866 185
857 187 866 187
857 203 866 203
857 211 866 211
857 238 861 239
857 249 861 250
857 251 866 251
852 252 861 252
856 275 858 277
857 279 861 280
857 288 861 289
857 290 866 290
857 291 861 292
857 298 861 299
857 323 861 324
857 325 866 325
857 331 866 331
857 336 861 337
857 340 861 341
857 350 861 351
857 354 866 354
857 359 866 359
857 369 861 370
857 377 858 381
858 16 867 16
853 17 862 17
858 35 862 36
858 56 859 60
858 63 862 64
858 65 862 66
858 69 859 73
858 78 859 82
858 92 859 96
858 103 859 107
858 112 862 113
858 114 862 115
857 123 861 124
858 147 862 148
858 158 862 159
858 175 859 177
858 178 862 179
858 204 859 208
858 215 862 216
858 217 867 217
858 226 862 227
858 229 867 229
858 232 862 233
858 254 862 255
858 271 862 272
858 273 862 274
858 283 862 284
858 311 859 315
858 316 862 317
858 318 862 319
858 335 867 335
858 355 862 356
858 361 862 362
858 363 867 363
858 397 862 398
859 4 863 5
859 6 863 7
859 10 860 14
859 15 868 15
859 19 863 20
859 21 868 21
859 23 860 27
859 30 860 34
859 51 863 52
859 74 863 75
859 119 863 120
859 121 863 122
859 131 863 132
854 135 863 135
859 136 860 140
859 162 868 162
859 188 868 188
859 194 863 195
859 196 863 197
859 200 861 202
859 213 868 213
859 224 868 224
859 240 868 240
859 253 868 253
859 262 863 263
859 268 868 268
859 269 863 270
859 275 863 276
859 277 868 277
859 293 863 294
859 295 863 296
859 303 863 304
859 328 863 329
859 333 863 334
859 342 868 342
859 345 863 345
859 348 863 349
859 367 867 367
859 375 868 375
859 377 860 381
859 382 863 383
859 384 863 385
859 395 868 395
860 29 869 29
860 44 869 44
860 56 861 60
860 61 864 62
860 69 861 71
860 78 869 78
860 79 864 80
860 81 864 82
860 83 864 84
860 85 864 86
860 90 861 94
860 95 864 96
860 100 864 101
860 103 861 107
860 146 868 146
860 152 869 152
858 157 867 157
860 161 866 161
860 168 869 168
860 171 864 172
861 173 865 174
856 173 860 174
860 175 864 176
860 177 869 177
860 190 864 191
860 192 869 192
860 204 861 208
860 235 864 236
860 247 864 248
860 256 864 257
860 264 869 264
860 301 864 302
860 311 861 315
860 320 864 321
860 326 864 327
860 352 869 352
860 364 864 365
860 368 867 368
860 386 864 387
860 390 864 391
860 396 869 396
861 0 865 1
861 2 869 2
861 3 869 3
861 10 862 14
861 23 862 27
861 30 865 31
861 32 870 32
861 33 870 33
861 34 870 34
861 37 865 38
861 40 870 40
861 48 865 49
861 55 870 55
861 88 865 89
861 97 865 98
861 99 870 99
861 117 868 117
861 127 865 128
861 129 865 130
861 133 865 134
861 136 862 140
861 142 870 142
861 166 870 166
860 169 864 170
861 182 865 183
861 186 870 186
861 198 865 199
861 209 865 210
861 218 862 222
861 223 870 223
861 244 865 244
861 245 865 246
861 281 865 282
861 285 865 286
861 307 865 308
861 309 870 309
859 330 868 330
861 332 870 332
861 338 870 338
861 346 868 346
861 372 865 373
861 377 862 381
861 388 865 389
861 393 865 394
862 42 866 43
862 45 866 46
862 47 871 47
862 56 863 60
862 69 866 70
862 71 870 71
860 72 863 73
862 90 863 94
862 103 863 107
862 108 866 109
862 110 871 110
862 123 866 124
862 125 866 126
862 143 871 143
862 151 871 151
862 153 866 154
862 163 866 164
866 174 871 174
862 200 866 200
862 201 866 202
862 204 863 208
862 214 871 214
862 234 871 234
862 238 866 239
862 249 871 249
862 252 871 252
862 260 868 260
862 267 871 267
862 279 866 280
862 288 865 289
862 291 866 292
862 298 866 299
862 300 871 300
862 305 871 305
862 311 863 315
862 323 866 324
862 336 866 337
862 339 866 340
862 341 871 341
862 343 871 343
862 350 866 351
862 353 871 353
862 369 866 370
863 8 872 8
863 10 864 14
863 17 872 17
863 23 864 27
863 35 867 36
863 63 872 63
863 64 865 66
863 112 867 113
863 114 867 115
863 136 864 140
863 147 867 148
863 155 872 155
866 158 867 159
863 178 867 179
863 215 867 216
863 218 864 222
863 225 867 226
863 227 867 228
863 230 869 230
863 232 867 233
863 241 872 241
862 243 871 243
863 254 867 255
863 265 867 266
863 271 867 272
863 273 867 274
863 278 872 278
863 283 867 284
863 316 867 317
863 318 867 319
863 322 871 322
863 355 867 356
860 357 864 358
863 361 867 362
863 371 872 371
863 377 864 381
863 397 867 398
864 4 868 5
864 6 868 7
864 19 868 20
864 22 873 22
864 41 870 41
864 51 866 53
864 56 865 60
864 67 873 67
866 72 867 75
864 76 873 76
864 90 865 94
864 102 865 106
864 107 873 107
864 116 873 116
864 118 865 122
864 131 868 132
864 135 873 135
864 149 873 149
863 165 872 165
864 181 873 181
864 189 873 189
864 194 868 195
864 196 868 197
864 204 865 208
864 242 873 242
864 250 873 250
864 261 868 262
864 263 868 263
864 269 868 270
864 275 868 276
864 293 865 297
864 303 868 304
864 311 865 315
864 328 868 329
864 333 873 333
864 334 873 334
864 344 868 345
864 347 868 348
864 349 873 349
864 360 873 360
864 366 873 366
864 374 873 374
864 382 868 383
864 384 868 385
865 9 866 13
865 14 874 14
865 23 866 27
865 28 874 28
865 50 874 50
865 61 869 62
864 72 865 75
865 77 874 77
865 79 866 83
865 84 869 85
865 86 869 87
865 95 869 96
865 100 869 101
865 111 874 111
865 136 866 140
865 145 874 145
863 158 865 160
865 169 868 170
865 171 870 171
865 175 869 176
865 190 869 191
865 212 874 212
865 218 866 222
865 235 869 236
865 237 873 237
865 247 869 248
865 256 869 257
865 258 874 258
865 301 869 302
865 306 874 306
865 310 874 310
865 320 869 321
865 326 869 327
865 364 869 365
865 377 866 381
865 386 869 387
865 390 874 390
865 391 869 392
866 0 870 1
866 30 870 31
866 37 870 38
866 39 875 39
866 48 870 49
866 56 867 60
866 64 875 64
866 66 872 66
866 88 875 88
866 89 867 93
866 94 875 94
866 97 870 98
866 102 867 106
866 118 867 122
866 127 870 128
866 129 870 130
866 133 870 134
866 144 875 144
866 172 870 173
866 180 875 180
866 182 870 183
866 193 874 193
866 198 870 199
866 204 867 208
866 209 870 210
866 231 875 231
866 244 875 244
866 245 875 245
866 246 875 246
865 259 874 259
866 281 870 282
866 285 870 286
866 287 868 289
866 293 867 297
866 307 870 308
866 311 867 315
866 372 870 373
866 376 875 376
866 388 870 389
866 393 870 394
867 9 868 13
867 18 876 18
867 23 868 27
867 42 871 43
867 45 871 46
867 51 871 52
867 53 871 54
867 68 871 69
867 70 875 70
868 73 876 73
867 79 868 83
867 108 871 109
867 123 871 124
867 125 871 126
867 136 868 140
867 141 876 141
867 150 876 150
867 153 871 154
867 156 876 156
867 160 870 161
867 163 871 164
867 167 876 167
867 184 871 185
867 187 876 187
867 200 871 201
867 202 871 203
867 211 876 211
867 218 868 222
867 238 871 239
867 251 876 251
867 279 871 280
867 290 871 291
867 292 876 292
867 298 871 299
867 323 871 324
867 325 876 325
867 331 876 331
867 336 871 337
867 339 871 340
867 350 871 351
867 354 876 354
867 359 876 359
867 369 871 370
867 377 871 378
867 379 871 380
867 381 876 381
868 16 877 16
868 35 872 36
868 56 869 60
868 89 869 93
868 102 869 106
868 112 871 113
868 114 871 115
868 118 869 122
868 147 872 148
868 157 872 157
868 158 872 159
868 178 872 179
868 204 869 208
868 215 872 216
868 217 877 217
868 225 869 229
868 232 872 233
868 254 877 254
868 255 877 255
868 265 872 266
868 271 872 272
868 273 872 274
868 283 872 284
868 293 869 297
868 311 869 315
868 316 872 317
868 318 872 319
868 335 877 335
868 355 872 356
868 361 872 362
868 363 877 363
868 397 872 398
869 4 873 5
869 6 873 7
869 9 870 13
869 15 878 15
869 19 873 20
869 21 878 21
869 23 870 27
869 74 873 75
869 79 870 83
869 131 873 132
869 136 870 140
869 162 878 162
869 188 878 188
869 194 873 195
869 196 873 197
869 213 878 213
869 218 870 222
869 224 878 224
869 240 878 240
869 253 878 253
869 260 873 261
869 262 873 263
869 268 873 269
869 270 878 270
869 275 873 276
869 277 877 277
869 287 873 288
869 289 878 289
869 303 873 304
869 328 873 329
869 330 878 330
869 342 878 342
869 344 878 344
869 345 870 348
868 367 872 368
869 375 878 375
869 382 873 383
869 384 873 385
869 395 878 395
870 29 879 29
870 44 879 44
870 56 871 60
870 61 874 62
870 78 879 78
870 84 874 85
870 86 874 87
870 89 871 93
870 95 874 96
870 100 871 104
870 105 873 106
870 118 871 122
869 146 878 146
870 152 879 152
870 168 879 168
874 169 879 169
869 169 873 170
870 175 874 176
870 177 879 177
870 190 874 191
870 192 874 192
870 204 871 208
870 225 871 229
870 235 874 236
870 247 874 248
870 256 874 257
870 293 871 297
870 301 874 302
870 311 871 315
870 320 874 321
870 326 874 327
870 352 879 352
870 357 879 357
870 358 879 358
870 364 874 365
870 386 874 387
870 391 874 392
870 396 879 396
871 0 874 1
870 2 874 3
871 9 872 13
871 23 872 27
871 30 875 31
871 32 875 33
871 34 880 34
871 37 875 38
871 40 880 40
871 48 875 49
871 55 880 55
871 71 875 72
871 79 872 83
871 97 880 97
871 98 875 99
869 117 877 117
871 127 875 128
871 129 875 130
871 133 873 134
871 136 872 140
871 142 880 142
871 166 880 166
871 171 873 172
871 173 880 173
871 182 875 183
871 186 876 186
871 198 875 199
871 209 875 210
871 218 875 219
871 220 875 221
871 222 875 223
871 281 875 282
871 285 875 286
871 307 875 308
871 309 880 309
871 332 880 332
871 338 880 338
871 345 880 345
871 346 880 346
871 347 875 348
871 372 875 373
871 388 875 389
871 393 875 394
872 42 876 43
872 45 876 46
872 47 878 47
872 51 876 52
872 53 876 54
872 56 873 60
872 68 876 69
872 89 873 93
872 100 873 104
872 108 876 109
872 110 881 110
872 118 873 122
872 123 876 124
872 125 875 126
872 143 881 143
872 151 881 151
872 153 876 154
871 160 875 161
872 163 876 164
872 174 881 174
872 184 876 185
872 200 873 204
872 205 876 206
872 207 876 208
872 214 881 214
872 225 873 229
872 234 881 234
872 238 876 239
872 243 881 243
872 249 881 249
872 252 881 252
872 264 881 264
872 267 881 267
872 279 876 280
872 290 876 291
872 293 873 297
872 298 876 299
872 300 881 300
872 305 881 305
872 311 873 315
872 324 876 324
872 336 876 337
872 339 876 340
872 343 878 343
872 350 876 351
872 353 881 353
872 369 876 370
872 377 876 378
872 379 876 380
873 8 874 12
873 13 882 13
873 17 882 17
873 23 874 27
873 35 877 36
873 63 882 63
873 65 877 66
873 79 874 83
872 112 873 115
873 136 874 140
873 147 877 148
873 155 882 155
873 157 877 158
873 159 878 159
873 165 882 165
873 178 877 179
873 215 877 216
870 230 879 230
873 232 876 233
873 241 882 241
873 265 877 266
873 271 877 272
873 273 877 274
873 278 882 278
873 283 877 284
873 316 877 317
873 318 877 319
872 322 876 323
873 341 882 341
873 355 877 356
873 361 877 362
873 367 882 367
873 368 882 368
873 371 882 371
873 397 877 398
874 4 878 5
874 6 878 7
874 19 878 20
874 22 883 22
871 41 880 41
874 56 878 57
874 58 878 59
874 60 883 60
874 67 883 67
874 74 878 75
874 76 883 76
874 89 875 93
874 100 875 104
874 107 881 107
874 112 875 116
874 118 875 122
874 131 883 131
874 132 876 134
874 135 883 135
874 170 878 171
874 181 883 181
874 189 883 189
874 194 878 195
874 196 878 197
874 200 875 204
874 225 875 229
874 242 883 242
874 250 883 250
874 260 878 261
874 262 878 263
874 268 878 269
874 275 877 276
874 287 878 288
874 293 875 297
874 303 878 304
874 311 875 315
874 328 878 329
874 333 878 334
874 349 883 349
874 360 883 360
874 366 883 366
874 374 883 374
874 382 878 383
874 384 876 385
875 0 877 2
875 3 884 3
875 8 876 12
875 14 882 14
875 23 876 27
875 28 884 28
875 50 884 50
875 61 879 62
875 77 884 77
875 79 876 83
875 84 879 85
875 86 879 87
875 95 879 96
874 105 878 106
875 111 884 111
875 136 879 137
875 138 879 139
875 140 884 140
875 145 884 145
875 175 879 176
875 190 879 191
875 212 884 212
875 235 879 236
874 237 883 237
875 247 879 248
875 256 884 256
875 257 884 257
875 258 879 259
875 301 879 302
875 306 884 306
875 310 884 310
875 320 879 321
875 326 879 327
875 364 879 365
875 386 879 387
875 390 879 391
875 392 884 392
876 30 880 31
876 32 880 33
876 37 880 38
876 39 885 39
876 48 880 49
876 64 885 64
876 70 878 71
876 72 885 72
876 88 877 92
876 93 880 94
876 98 877 102
876 103 878 104
876 112 877 116
876 118 877 122
876 125 877 129
876 130 885 130
876 144 885 144
876 161 885 161
876 180 885 180
876 182 880 182
875 192 879 193
876 198 877 202
876 203 885 203
876 204 885 204
876 209 885 209
876 210 885 210
876 218 877 222
876 223 885 223
876 225 877 229
876 231 885 231
876 244 880 245
876 246 885 246
876 281 880 282
876 285 880 286
876 293 877 297
876 307 880 308
876 311 880 312
876 313 885 313
876 314 880 315
876 347 880 348
876 372 885 372
876 373 885 373
876 376 883 376
876 388 879 389
876 393 880 394
877 8 878 12
877 18 886 18
877 23 878 27
877 42 879 43
877 45 881 46
877 51 881 52
877 53 881 54
877 68 881 69
877 73 886 73
877 79 878 83
877 108 881 109
877 123 881 124
877 132 881 133
877 134 886 134
877 141 886 141
877 149 881 150
877 153 881 154
877 156 886 156
877 163 881 164
877 167 886 167
875 172 884 172
877 184 886 184
877 185 881 186
877 187 886 187
877 205 881 206
877 207 881 208
877 211 886 211
877 238 881 238
877 251 886 251
877 279 881 280
877 290 879 292
877 298 881 299
877 322 878 325
877 331 886 331
877 336 881 337
877 339 881 340
877 350 881 351
877 354 886 354
877 359 886 359
877 369 881 370
877 377 878 381
878 0 887 0
878 2 887 2
878 16 887 16
878 35 882 36
878 65 882 66
878 88 879 92
878 98 879 102
878 112 879 116
878 119 879 122
878 125 879 129
878 147 882 148
878 157 882 158
878 178 882 179
878 198 879 202
878 215 879 219
878 220 882 221
878 222 887 222
878 225 879 229
877 232 881 233
878 254 882 255
878 265 882 266
878 271 887 271
878 272 882 273
878 274 887 274
878 283 880 284
878 293 879 297
878 316 882 317
878 318 882 319
878 335 887 335
878 355 882 356
878 361 882 362
878 363 887 363
878 397 882 398
879 4 880 8
879 9 883 10
879 11 883 12
879 19 883 20
879 21 888 21
879 23 880 27
879 56 883 57
879 58 883 59
879 74 883 75
879 79 880 83
879 103 881 105
879 106 888 106
878 117 882 118
879 146 888 146
879 159 883 160
879 162 888 162
879 188 888 188
879 194 883 195
879 196 883 197
879 213 888 213
879 224 887 224
879 240 888 240
879 253 888 253
879 260 883 261
879 262 883 263
879 268 883 269
879 270 888 270
881 275 888 275
881 276 888 276
878 275 880 277
879 287 883 288
879 289 888 289
879 303 883 304
879 322 883 323
879 324 883 325
879 328 883 329
879 330 888 330
879 333 883 334
879 342 883 343
879 344 888 344
879 375 888 375
879 377 880 381
879 382 883 383
877 384 881 385
879 395 888 395
880 29 889 29
880 42 882 44
880 61 884 62
880 78 889 78
880 84 881 88
880 89 884 90
880 91 884 92
880 95 884 96
880 98 880 102
880 112 881 116
880 119 884 120
880 121 884 122
880 125 881 129
880 136 884 137
880 138 884 139
880 152 888 152
880 168 884 168
880 169 884 170
880 175 884 176
880 177 889 177
880 190 884 191
880 192 884 193
880 198 881 202
880 215 881 219
880 225 881 229
880 230 889 230
880 235 889 235
880 236 886 236
880 247 884 248
880 258 884 259
880 290 881 294
880 295 884 296
880 297 889 297
880 301 884 302
880 320 884 321
880 326 884 327
880 352 889 352
880 357 884 358
880 364 884 365
880 386 889 386
880 387 881 391
880 396 889 396
881 4 882 8
881 23 882 27
881 30 885 31
881 32 885 33
881 34 890 34
881 37 885 38
881 40 885 41
881 48 885 49
881 55 890 55
884 70 890 70
879 70 883 71
881 79 882 83
881 93 885 94
881 97 881 102
881 142 890 142
881 166 890 166
881 173 888 173
881 182 890 182
876 183 885 183
881 244 885 245
881 277 890 277
881 281 890 281
881 282 882 286
881 307 885 308
881 309 889 309
881 311 885 312
881 314 885 315
881 332 890 332
881 338 890 338
881 345 885 346
881 347 885 348
881 377 882 381
881 393 885 394
882 45 886 46
879 47 888 47
882 51 886 52
882 53 886 54
882 68 886 69
882 84 883 88
882 97 883 101
882 102 886 103
882 104 891 104
882 105 891 105
882 108 891 108
882 109 891 109
882 110 891 110
882 112 883 116
882 123 883 127
882 128 886 129
882 132 886 133
882 143 891 143
882 150 886 151
882 153 886 154
882 163 886 164
882 174 891 174
882 185 886 186
882 198 883 202
882 205 886 206
882 207 886 208
882 214 883 218
882 219 891 219
882 225 883 229
882 232 884 234
882 238 891 238
877 239 886 239
882 243 891 243
882 249 891 249
882 252 889 252
882 264 891 264
882 267 891 267
882 279 886 280
882 290 883 294
882 298 891 298
882 299 888 299
882 300 891 300
882 305 891 305
882 336 886 337
882 339 886 340
882 350 886 351
882 353 891 353
882 369 886 370
882 388 890 388
882 389 884 391
883 4 884 8
883 13 892 13
883 14 886 15
883 17 892 17
883 23 884 27
883 35 887 36
883 42 887 42
883 43 887 44
883 63 892 63
883 66 892 66
883 79 884 83
883 117 892 117
883 118 892 118
883 147 887 148
883 149 892 149
883 155 892 155
883 157 887 158
883 165 892 165
883 178 887 179
883 220 887 221
883 241 892 241
883 254 887 255
883 265 887 265
883 272 887 273
883 278 892 278
883 282 892 282
883 283 892 283
883 284 887 285
883 286 892 286
883 316 887 317
883 318 887 319
883 341 892 341
883 355 887 356
883 361 887 362
883 367 887 368
883 371 892 371
883 377 884 381
883 384 887 385
883 397 892 397
883 398 892 398
884 1 893 1
884 9 888 10
884 11 888 12
884 19 888 20
884 22 893 22
884 56 885 60
884 65 893 65
884 67 892 67
884 71 893 71
884 74 888 75
884 76 893 76
884 84 885 88
884 97 885 101
882 107 891 107
884 112 885 116
884 123 885 127
884 131 893 131
884 135 893 135
884 159 888 160
884 181 893 181
884 189 893 189
884 194 885 198
884 199 888 200
884 201 888 202
884 214 885 218
884 225 885 229
884 242 893 242
884 250 893 250
884 260 888 261
884 262 888 263
884 268 888 269
884 287 893 287
884 288 893 288
884 290 885 294
884 303 888 304
884 322 888 323
884 324 888 325
884 328 888 329
884 333 888 334
884 342 893 342
884 343 893 343
884 349 891 349
884 360 893 360
884 366 893 366
884 374 893 374
884 382 888 383
884 387 893 387
885 3 894 3
885 4 886 8
885 23 886 27
885 28 894 28
885 50 894 50
885 61 889 62
885 77 894 77
885 79 886 83
885 89 889 90
885 91 889 92
885 95 889 96
885 111 894 111
885 119 889 120
885 121 889 122
885 136 886 140
885 145 894 145
885 168 889 169
885 170 894 170
885 171 889 172
885 175 889 176
885 190 889 191
885 192 889 193
885 212 894 212
885 232 894 232
885 233 889 234
885 247 889 248
885 256 889 257
885 258 888 259
885 295 889 296
885 301 889 302
885 306 894 306
885 310 894 310
885 320 889 320
885 326 889 327
885 357 889 358
885 364 889 365
885 377 886 381
885 389 894 389
885 390 889 391
885 392 894 392
886 30 890 31
886 32 890 33
886 37 887 41
886 48 890 49
886 56 887 60
886 64 895 64
886 72 895 72
886 87 887 88
886 93 890 94
886 97 887 101
886 112 887 116
886 123 887 127
886 130 895 130
886 144 895 144
886 161 895 161
886 180 893 180
886 183 895 183
886 194 887 198
886 203 890 204
886 209 890 210
886 214 887 218
886 223 895 223
886 225 890 226
889 227 891 229
886 227 888 229
886 231 894 231
886 244 890 245
886 246 895 246
886 290 887 294
886 307 890 308
886 311 890 312
886 313 890 314
886 315 895 315
886 345 890 346
886 347 890 348
886 372 890 373
884 376 893 376
886 393 890 394
887 4 888 8
887 18 896 18
887 23 888 27
887 45 896 45
887 46 896 46
887 51 891 52
887 53 891 54
887 68 891 69
887 73 896 73
887 79 888 83
887 102 891 103
887 128 891 129
887 132 891 133
887 134 896 134
887 136 888 140
887 141 896 141
887 150 896 150
887 151 896 151
887 153 891 154
887 156 896 156
887 163 891 164
887 167 896 167
887 184 891 185
887 186 891 187
887 205 891 206
887 207 891 208
887 211 896 211
887 236 891 237
887 239 896 239
887 251 896 251
887 279 891 280
887 331 896 331
887 336 891 337
887 339 891 340
887 350 891 351
887 354 896 354
887 359 896 359
887 369 891 370
887 377 891 378
887 379 891 380
887 381 896 381
888 0 897 0
888 2 897 2
887 14 891 15
888 16 897 16
888 35 888 44
888 56 889 60
886 84 888 86
888 87 891 88
888 97 889 101
888 112 889 116
888 123 889 127
888 147 892 148
888 157 892 158
888 178 892 179
888 194 889 198
888 214 889 218
888 220 892 221
888 222 897 222
888 254 892 255
888 265 897 265
883 266 891 266
888 271 892 272
888 273 892 274
888 284 892 285
888 290 892 291
888 292 892 293
888 294 897 294
888 316 892 317
888 318 897 318
888 319 897 319
888 335 896 335
888 355 892 356
888 361 892 362
888 363 897 363
888 367 892 368
888 384 897 384
888 385 897 385
889 4 890 8
889 9 893 10
889 11 898 11
889 12 898 12
889 19 893 20
889 21 898 21
889 23 890 27
889 35 889 44
889 47 898 47
889 74 893 75
889 79 890 83
889 84 891 86
889 106 898 106
889 136 890 140
889 146 894 146
889 159 893 160
889 162 898 162
889 188 898 188
889 199 893 200
889 201 893 202
889 213 897 213
888 224 897 224
889 240 896 240
889 253 898 253
890 260 893 261
889 258 889 263
889 268 893 269
889 270 898 270
889 275 893 276
889 289 898 289
889 303 893 304
889 322 893 323
889 324 893 325
889 328 893 329
889 330 898 330
889 333 893 334
889 344 898 344
889 375 898 375
889 382 893 383
889 395 898 395
890 29 899 29
890 35 890 44
890 56 891 60
890 61 894 62
890 78 899 78
890 89 894 90
890 91 894 92
890 95 891 99
890 101 894 101
890 112 891 116
890 119 891 123
890 124 894 125
890 126 894 127
889 152 898 152
890 168 899 168
890 169 899 169
890 171 894 172
890 175 894 176
890 177 899 177
890 190 891 194
890 195 894 196
890 197 894 198
890 214 891 218
890 230 899 230
890 233 894 234
890 235 899 235
890 247 894 248
890 256 894 257
890 258 894 259
890 262 894 263
890 295 894 296
890 297 899 297
890 301 891 302
890 320 899 320
885 321 894 321
890 326 894 327
890 352 899 352
890 357 894 358
890 364 894 365
890 386 899 386
890 390 894 391
890 396 899 396
891 4 892 8
891 23 892 27
891 30 892 34
891 35 895 36
891 37 895 38
891 39 895 40
891 41 900 41
891 42 895 43
891 44 900 44
891 48 895 49
891 55 896 55
891 70 900 70
891 79 892 83
891 93 895 94
891 136 892 140
891 142 900 142
891 166 900 166
889 173 898 173
891 182 900 182
891 203 895 204
891 209 895 210
891 225 895 226
892 227 900 227
891 244 895 245
891 277 900 277
891 281 900 281
891 307 895 308
890 309 899 309
891 311 900 311
891 312 895 313
891 314 900 314
891 332 900 332
891 338 900 338
891 345 895 346
891 347 895 348
891 372 895 373
891 393 900 393
892 14 896 15
892 51 896 52
892 53 896 54
892 56 893 60
892 68 896 69
892 84 896 85
892 86 894 88
892 95 893 99
892 102 896 103
892 104 896 105
892 107 896 108
892 109 896 110
892 112 893 116
892 119 893 123
892 128 896 129
892 132 896 133
892 143 901 143
892 153 896 154
892 163 896 164
892 174 901 174
892 184 901 184
892 185 894 187
892 190 893 194
892 205 896 206
892 207 896 208
892 214 893 218
892 219 901 219
892 229 901 229
892 236 896 237
892 238 901 238
892 243 901 243
892 249 901 249
890 252 898 252
892 264 900 264
892 266 896 267
892 279 896 280
892 298 901 298
889 299 898 299
892 300 894 302
892 305 901 305
892 336 896 337
892 339 896 340
892 351 896 351
892 353 901 353
892 369 896 370
892 377 893 380
891 388 900 388
893 4 894 8
893 13 902 13
893 17 902 17
893 23 894 27
893 30 894 34
893 63 902 63
893 66 902 66
893 79 894 83
893 118 902 118
893 136 894 140
893 147 897 148
893 149 902 149
893 155 902 155
893 157 897 158
893 165 902 165
893 178 897 179
893 220 897 221
893 228 902 228
893 241 902 241
893 254 897 255
893 271 897 272
893 273 897 274
893 278 899 278
893 282 894 286
893 290 897 291
893 292 897 293
893 316 897 317
893 341 902 341
893 355 897 356
893 361 897 362
893 367 897 368
893 371 902 371
893 397 897 398
894 1 903 1
894 9 898 10
894 19 898 20
894 22 903 22
894 56 895 60
894 65 903 65
893 67 902 67
894 71 903 71
894 74 898 75
894 76 903 76
894 95 895 99
894 112 895 114
894 115 896 117
894 119 895 123
894 131 903 131
894 135 903 135
894 159 898 160
894 180 898 181
894 189 895 193
894 194 903 194
894 199 898 200
894 201 898 202
894 214 895 218
894 242 903 242
894 250 903 250
894 260 898 261
894 268 898 269
894 275 898 276
894 287 898 288
894 303 897 304
894 322 898 323
894 324 898 325
894 328 898 329
894 333 898 334
894 342 898 343
892 349 896 350
894 360 903 360
894 366 903 366
894 374 903 374
894 376 895 380
894 382 898 383
894 387 903 387
895 3 896 7
895 8 904 8
895 23 896 27
895 28 904 28
895 30 896 34
895 50 904 50
895 61 899 62
895 77 904 77
895 79 896 83
895 86 896 90
895 91 899 92
890 100 899 100
895 101 904 101
895 111 904 111
895 124 899 125
895 126 899 127
895 136 896 140
895 145 904 145
895 170 899 171
895 172 904 172
895 175 899 176
895 185 899 186
895 187 904 187
895 195 904 195
895 196 899 197
895 198 904 198
895 212 904 212
895 231 899 232
895 233 904 233
895 234 904 234
895 247 899 248
895 256 899 257
895 258 899 259
895 262 904 262
895 263 904 263
895 282 896 286
895 295 899 296
895 300 899 301
895 306 904 306
895 310 904 310
895 326 899 327
895 357 899 358
895 364 899 365
895 389 899 390
895 391 899 392
895 394 904 394
896 35 897 39
896 40 905 40
896 42 900 43
896 48 900 49
896 56 897 60
896 64 905 64
896 72 905 72
896 93 897 97
896 98 900 99
896 112 900 113
896 114 905 114
896 119 897 123
896 130 903 130
896 144 905 144
896 161 905 161
896 183 905 183
896 189 897 193
896 203 900 204
896 209 900 209
896 214 897 218
896 223 905 223
896 225 900 226
896 244 900 245
896 246 905 246
896 302 905 302
896 307 900 308
896 312 905 312
896 315 905 315
896 321 905 321
896 345 900 346
896 347 900 348
896 372 900 373
896 376 897 380
897 3 898 7
897 14 901 15
897 18 906 18
897 23 898 27
897 30 898 34
897 45 901 46
897 51 901 52
897 53 906 53
897 54 901 55
897 68 901 69
897 73 905 73
897 79 897 88
897 89 901 90
897 102 901 103
897 104 900 105
897 107 901 108
897 109 901 110
897 115 901 116
897 128 901 129
897 132 901 133
897 134 906 134
897 136 898 140
897 141 906 141
897 150 901 151
897 153 901 154
897 156 906 156
897 163 901 164
897 167 906 167
897 205 901 206
897 207 901 208
897 211 904 211
897 236 901 237
897 239 901 240
897 251 903 251
897 266 906 266
897 279 899 280
897 282 898 286
897 313 906 313
897 331 906 331
897 336 901 337
897 339 901 340
897 349 901 350
897 351 906 351
897 354 906 354
897 359 906 359
897 369 901 370
897 381 906 381
898 0 907 0
898 2 907 2
898 16 907 16
898 35 902 36
898 37 902 38
898 39 907 39
898 56 899 60
898 79 898 88
898 93 899 97
898 119 899 123
898 147 902 148
898 157 902 158
898 178 902 179
898 189 902 190
898 191 902 192
898 193 907 193
898 214 899 218
898 220 902 221
898 222 907 222
898 224 907 224
898 254 902 255
898 265 906 265
898 271 902 272
898 273 902 274
898 290 899 294
898 316 902 317
898 318 902 319
897 335 906 335
898 355 902 356
898 361 902 362
898 363 907 363
898 367 902 368
898 376 899 380
898 384 902 385
898 397 902 398
899 3 900 7
899 9 903 10
899 11 908 11
899 12 908 12
899 19 903 20
899 21 907 21
899 23 908 23
899 24 903 25
899 26 908 26
899 27 908 27
899 30 900 34
899 47 907 47
899 74 903 75
899 79 899 88
899 117 908 117
899 136 900 140
895 146 904 146
899 152 908 152
899 159 903 160
899 162 906 162
899 173 906 173
899 180 903 181
899 188 907 188
899 199 903 200
899 201 903 202
898 213 907 213
904 253 908 253
899 260 903 261
899 267 903 268
899 269 903 270
899 275 903 276
899 282 900 286
899 287 903 288
899 289 907 289
899 299 908 299
898 303 902 304
899 322 903 323
899 324 903 325
899 328 903 329
899 330 906 330
899 333 903 334
899 342 903 343
899 344 907 344
899 375 908 375
899 382 903 383
899 395 904 395
900 29 909 29
900 56 901 60
900 61 904 62
900 78 901 82
900 83 901 87
900 88 909 88
900 91 901 95
900 96 904 97
900 100 909 100
900 119 901 123
900 124 904 125
900 126 904 127
900 168 904 169
900 170 904 171
900 175 904 176
900 177 909 177
900 185 904 186
900 196 904 197
900 214 901 218
900 230 904 231
900 232 909 232
900 235 909 235
900 247 904 248
899 252 903 253
900 256 904 257
900 258 904 259
900 290 901 294
900 295 904 296
900 297 909 297
900 300 903 301
900 309 909 309
900 320 907 320
900 326 904 327
900 352 908 352
900 357 904 358
900 364 904 365
900 376 904 377
900 378 904 379
900 380 905 380
900 386 909 386
900 389 904 390
900 391 904 392
900 396 909 396
901 3 902 7
901 30 902 34
901 41 905 42
901 43 905 44
901 48 904 49
901 70 910 70
901 98 905 99
901 104 903 106
901 112 905 113
901 136 902 140
901 142 910 142
901 166 910 166
901 182 910 182
901 203 905 204
901 209 910 209
896 210 904 210
901 225 905 226
901 227 910 227
901 244 905 245
901 277 910 277
901 281 902 285
901 286 910 286
901 307 905 308
901 311 910 311
901 314 910 314
901 332 910 332
901 338 910 338
901 345 905 346
901 347 905 348
901 372 905 373
901 388 909 388
901 393 910 393
902 14 906 15
902 45 906 46
902 51 906 52
902 54 903 58
902 59 911 59
902 60 911 60
902 68 910 68
902 69 910 69
902 78 902 87
902 89 903 93
902 94 906 95
902 102 911 102
902 103 911 103
902 107 906 108
902 109 906 110
902 115 904 116
902 119 906 120
902 121 906 122
902 123 911 123
902 128 906 129
902 132 906 133
902 143 910 143
902 150 906 151
902 153 906 154
902 163 906 164
902 174 911 174
902 184 910 184
902 205 905 206
902 207 905 208
902 214 903 218
902 219 911 219
902 229 911 229
902 236 903 240
902 243 911 243
902 249 911 249
901 264 910 264
903 278 906 279
900 278 902 280
902 290 903 294
902 298 911 298
902 305 909 305
902 336 906 337
902 339 906 340
902 349 906 350
902 353 908 353
902 369 906 370
903 3 904 7
903 13 911 13
903 17 912 17
903 30 904 34
903 35 907 36
903 37 907 38
903 63 912 63
903 66 907 67
903 78 903 87
903 118 908 118
903 136 904 140
903 147 907 148
903 149 909 149
903 155 911 155
903 157 907 158
903 165 910 165
903 178 907 179
903 189 907 190
903 191 907 192
903 220 906 221
903 241 911 241
903 254 912 254
903 255 912 255
903 271 907 272
903 273 907 274
903 280 904 284
903 285 910 285
903 303 907 304
903 316 907 317
903 318 907 319
903 341 911 341
903 355 907 356
903 361 907 362
903 367 906 368
903 371 910 371
903 384 907 385
903 397 907 398
904 1 911 1
904 9 908 10
904 19 908 20
904 22 910 22
904 24 908 25
904 54 905 58
904 65 912 65
904 71 913 71
904 74 908 75
904 76 913 76
904 78 904 87
904 89 905 93
907 104 908 105
904 104 906 106
904 131 911 131
904 135 913 135
904 159 908 160
904 180 908 181
904 194 913 194
904 199 907 200
904 201 912 201
904 202 912 202
904 214 905 218
904 228 913 228
904 236 905 240
904 242 911 242
904 250 911 250
904 252 913 252
904 260 908 261
904 267 907 268
904 269 907 270
904 275 908 276
904 287 908 288
904 290 905 294
904 322 908 323
904 324 908 325
904 328 908 329
904 333 908 334
904 342 908 343
904 360 912 360
904 366 913 366
904 374 913 374
904 382 908 383
904 387 909 387
905 3 906 7
905 8 914 8
905 28 914 28
905 30 906 34
905 48 907 50
905 61 909 62
905 77 905 86
905 87 914 87
905 96 907 97
905 101 909 101
905 111 913 111
905 124 909 125
905 126 909 127
905 136 906 140
905 145 909 146
905 168 906 172
905 175 909 176
905 185 909 186
905 187 914 187
905 195 909 196
905 197 914 197
905 198 914 198
908 212 914 212
905 230 909 231
905 233 909 234
905 247 909 248
905 256 909 257
905 258 909 259
905 262 908 263
905 280 906 284
905 295 909 296
904 300 908 301
905 306 914 306
905 310 913 310
905 326 909 327
905 357 909 358
905 364 909 365
905 376 908 377
905 378 909 379
905 389 909 390
905 391 909 392
905 394 909 395
906 40 907 44
906 54 907 58
906 64 914 64
906 72 910 73
906 77 906 86
906 89 907 93
906 98 910 99
906 112 909 113
906 114 914 114
904 130 911 130
906 144 913 144
906 161 914 161
906 183 914 183
906 203 910 204
905 210 907 212
906 214 907 218
906 223 914 223
906 225 910 226
906 236 910 237
906 238 910 239
906 240 914 240
906 244 908 245
906 246 913 246
906 290 907 294
906 302 911 302
906 308 913 308
906 312 910 312
906 315 913 315
906 321 912 321
906 345 910 346
906 347 914 347
906 348 914 348
906 372 910 373
907 3 908 7
907 14 911 15
907 18 912 18
907 30 908 34
907 45 909 46
907 51 910 52
907 53 913 53
907 77 907 86
907 94 911 95
907 106 908 110
910 115 914 115
905 115 909 116
907 119 911 120
907 121 911 122
907 128 911 129
907 132 911 133
907 134 914 134
907 136 908 140
907 141 913 141
907 150 908 151
907 153 911 154
907 156 912 156
907 162 911 163
907 164 914 164
907 167 908 171
907 172 911 173
908 205 911 206
908 207 914 207
906 205 907 208
904 251 913 251
907 265 910 266
907 278 908 282
907 283 910 284
907 313 910 313
907 330 910 331
907 335 911 336
907 337 914 337
907 339 911 340
907 349 911 350
907 351 914 351
907 354 912 354
907 359 914 359
907 367 909 369
907 370 914 370
907 381 914 381
908 0 911 0
908 2 914 2
908 16 914 16
908 35 908 41
909 49 912 50
908 47 908 50
908 54 909 58
908 66 912 67
908 77 908 86
908 89 909 93
908 147 912 148
908 157 912 158
908 178 911 179
908 190 909 193
908 210 912 211
908 213 909 216
908 217 912 218
907 220 911 221
908 222 914 222
908 224 914 224
908 267 909 271
908 272 912 273
908 274 914 274
908 291 909 294
908 303 911 304
908 316 910 318
908 319 912 320
908 355 912 356
908 361 912 362
908 363 914 363
908 384 912 385
908 397 912 398
909 3 910 7
909 9 913 10
909 11 913 12
909 19 912 20
908 21 914 21
909 23 910 27
909 30 909 39
909 40 913 41
912 42 913 46
908 42 909 44
909 47 912 48
909 74 913 75
909 77 909 86
909 104 910 108
909 109 913 110
909 117 910 118
909 136 910 140
909 150 911 152
909 159 911 160
909 167 913 168
909 170 913 171
909 180 911 181
908 188 912 189
908 199 912 200
909 253 914 253
909 260 913 261
909 275 912 276
909 278 910 282
909 287 913 288
908 289 911 290
909 299 913 300
909 301 914 301
909 322 912 323
909 324 913 325
909 328 913 329
909 333 912 334
909 342 913 343
908 344 914 344
909 375 911 377
909 382 912 383
910 29 910 36
910 39 914 39
910 54 911 58
910 61 912 62
910 77 910 86
910 88 911 91
910 92 914 93
908 96 912 97
910 100 914 101
910 124 914 125
910 126 914 127
910 145 913 146
910 175 914 176
910 177 914 177
910 185 914 186
910 190 912 191
910 192 913 193
910 195 913 196
910 213 914 214
910 215 914 216
910 230 911 234
910 247 913 248
910 256 912 257
910 258 913 259
909 262 913 263
910 267 914 268
910 269 914 270
910 291 911 295
910 296 911 297
910 309 913 309
910 326 913 327
909 352 912 353
910 357 914 358
910 364 913 365
912 367 913 369
910 367 911 369
910 378 914 379
906 380 914 380
910 386 914 387
910 388 914 389
910 390 912 392
910 394 914 395
910 396 914 396
911 3 912 7
911 22 913 24
911 25 913 27
911 29 911 33
911 34 913 36
910 37 914 38
910 42 911 46
911 51 912 52
911 68 913 70
911 72 913 73
911 77 911 86
911 98 914 99
911 104 912 108
910 112 913 113
911 116 913 118
911 136 912 140
911 142 913 143
911 165 914 166
911 203 914 204
911 225 913 227
911 235 912 239
909 244 913 245
911 264 913 266
911 277 912 281
911 282 912 286
906 307 914 307
911 311 913 312
911 313 913 314
911 316 913 318
911 330 912 332
911 338 914 338
911 345 914 346
911 371 913 373
912 13 914 15
912 54 913 57
912 58 914 60
912 77 912 86
912 88 914 89
912 90 914 91
912 94 914 95
912 102 914 103
912 119 913 123
912 128 914 130
912 131 914 133
912 150 914 152
912 162 914 163
912 172 913 174
912 180 914 182
911 184 914 184
912 205 914 206
912 219 914 221
912 229 913 231
912 232 913 234
912 241 914 243
912 249 914 250
912 292 913 295
912 296 913 298
910 305 914 305
912 335 914 336
912 339 914 341
912 349 914 350
912 375 913 377
913 3 914 7
913 17 914 20
912 29 913 33
913 47 913 52
913 61 914 63
913 65 914 67
913 77 913 86
913 104 914 108
913 136 913 140
910 149 914 149
913 156 914 158
912 178 914 179
913 188 914 191
913 199 914 202
913 208 914 211
913 235 914 239
913 254 914 257
913 271 914 273
913 279 914 281
913 282 914 286
912 289 914 291
912 302 914 304
913 319 914 323
913 352 914 356
913 360 914 362
913 382 914 385
913 397 914 398
912 0 914 1
914 9 914 12
914 40 914 49
914 50 914 57
914 68 914 77
914 78 914 86
914 109 914 113
914 116 914 123
914 135 914 139
914 140 914 148
912 153 914 155
912 159 914 160
914 167 914 174
914 192 914 196
914 225 914 234
914 244 914 248
914 258 914 266
913 275 914 278
914 292 914 300
914 308 914 312
914 313 914 318
914 324 914 329
913 330 914 334
914 364 914 369
914 371 914 377
