11270
0 0 0 43
0 44 0 87
0 88 0 131
0 132 0 175
0 176 0 219
0 220 0 263
0 264 0 307
0 308 0 351
0 352 0 395
0 396 0 439
0 440 0 483
0 484 0 527
0 528 3 538
1 0 1 43
1 44 1 87
1 88 1 131
1 132 1 175
1 176 1 219
1 220 1 263
1 264 1 307
1 308 1 351
1 352 1 395
1 396 1 439
1 440 1 483
1 484 1 527
2 0 2 43
2 44 2 87
2 88 2 131
2 132 2 175
2 176 2 219
2 220 2 263
2 264 2 307
2 308 2 351
2 352 2 395
2 396 2 439
2 440 2 483
2 484 2 527
3 0 3 43
3 44 3 87
3 88 3 131
3 132 3 175
3 176 3 219
3 220 3 263
3 264 3 307
3 308 3 351
3 352 3 395
3 396 3 439
3 440 3 483
3 484 3 527
4 0 4 43
4 44 4 87
4 88 4 131
4 132 4 175
4 176 4 219
4 220 4 263
4 264 4 307
4 308 4 351
4 352 4 395
4 396 4 439
4 440 4 483
4 484 4 527
4 528 7 538
5 0 5 43
5 44 5 87
5 88 5 131
5 132 5 175
5 176 5 219
5 220 5 263
5 264 5 307
5 308 5 351
5 352 5 395
5 396 5 439
5 440 5 483
5 484 5 527
6 0 6 43
6 44 6 87
6 88 6 131
6 132 6 175
6 176 6 219
6 220 6 263
6 264 6 307
6 308 6 351
6 352 6 395
6 396 6 439
6 440 6 483
6 484 6 527
7 0 7 43
7 44 7 87
7 88 7 131
7 132 7 175
7 176 7 219
7 220 7 263
7 264 7 307
7 308 7 351
7 352 7 395
7 396 7 439
7 440 7 483
7 484 7 527
8 0 8 43
8 44 8 87
8 88 8 131
8 132 8 175
8 176 8 219
8 220 8 263
8 264 8 307
8 308 8 351
8 352 8 395
8 396 8 439
8 440 8 483
8 484 8 527
8 528 11 538
9 0 9 43
9 44 9 87
9 88 9 131
9 132 9 175
9 176 9 219
9 220 9 263
9 264 9 307
9 308 10 329
9 330 9 373
9 374 9 417
9 418 9 461
9 462 9 505
9 506 10 527
10 0 10 43
10 44 10 87
10 88 10 131
10 132 10 175
10 176 10 219
10 220 10 263
10 264 10 307
10 330 10 373
10 374 10 417
10 418 10 461
10 462 10 505
11 0 11 43
11 44 11 87
11 88 11 131
11 132 11 175
11 176 11 219
11 220 11 263
11 264 11 307
11 308 11 351
11 352 11 395
11 396 11 439
11 440 11 483
11 484 11 527
12 0 12 43
12 44 12 87
12 88 12 131
12 132 12 175
12 176 12 219
12 220 12 263
12 264 12 307
12 308 12 351
12 352 12 395
12 396 12 439
12 440 12 483
12 484 12 527
12 528 15 538
13 0 13 43
13 44 13 87
13 88 13 131
13 132 13 175
13 176 13 219
13 220 13 263
13 264 13 307
13 308 13 351
13 352 13 395
13 396 13 439
13 440 13 483
13 484 13 527
14 0 14 43
14 44 14 87
14 88 14 131
14 132 14 175
14 176 14 219
14 220 14 263
14 264 14 307
14 308 14 351
14 352 14 395
14 396 14 439
14 440 14 483
14 484 14 527
15 0 15 43
15 44 15 87
15 88 15 131
15 132 15 175
15 176 15 219
15 220 15 263
15 264 15 307
15 308 15 351
15 352 15 395
15 396 15 439
15 440 15 483
15 484 15 527
16 0 16 43
16 44 16 87
16 88 16 131
16 132 16 175
16 176 16 219
16 220 16 263
16 264 16 307
16 308 16 351
16 352 16 395
16 396 16 439
16 440 16 483
16 484 16 527
16 528 19 538
17 0 17 43
17 44 17 87
17 88 17 131
17 132 17 175
17 176 17 219
17 220 17 263
17 264 17 307
17 308 17 351
17 352 17 395
17 396 17 439
17 440 17 483
17 484 17 527
18 0 18 43
18 44 18 87
18 88 18 131
18 132 18 175
18 176 18 219
18 220 18 263
18 264 18 307
18 308 18 351
18 352 18 395
18 396 18 439
18 440 18 483
18 484 18 527
19 0 19 43
19 44 19 87
19 88 19 131
19 132 19 175
19 176 19 219
19 220 19 263
19 264 19 307
19 308 19 351
19 352 19 395
19 396 19 439
19 440 19 483
19 484 19 527
20 0 20 43
20 44 20 87
20 88 20 131
20 132 20 175
20 176 20 219
20 220 20 263
20 264 20 307
20 308 20 351
20 352 20 395
20 396 20 439
20 440 20 483
20 484 20 527
20 528 23 538
21 0 21 43
21 44 21 87
21 88 21 131
21 132 21 175
21 176 21 219
21 220 21 263
21 264 21 307
21 308 21 351
21 352 21 395
21 396 21 439
21 440 21 483
21 484 21 527
22 0 22 43
22 44 22 87
22 88 22 131
22 132 22 175
22 176 22 219
22 220 22 263
22 264 22 307
22 308 22 351
22 352 22 395
22 396 22 439
22 440 22 483
22 484 22 527
23 0 23 43
23 44 23 87
23 88 23 131
23 132 23 175
23 176 23 219
23 220 23 263
23 264 23 307
23 308 23 351
23 352 23 395
23 396 23 439
23 440 23 483
23 484 23 527
24 0 24 43
24 44 24 87
24 88 24 131
24 132 24 175
24 176 24 219
24 220 24 263
24 264 24 307
24 308 24 351
24 352 24 395
24 396 24 439
24 440 24 483
24 484 24 527
24 528 27 538
25 0 25 43
25 44 25 87
25 88 25 131
25 132 25 175
25 176 25 219
25 220 25 263
25 264 25 307
25 308 25 351
25 352 25 395
25 396 25 439
25 440 25 483
25 484 25 527
26 0 26 43
26 44 26 87
26 88 26 131
26 132 26 175
26 176 26 219
26 220 26 263
26 264 26 307
26 308 26 351
26 352 26 395
26 396 26 439
26 440 26 483
26 484 26 527
27 0 27 43
27 44 27 87
27 88 27 131
27 132 27 175
27 176 27 219
27 220 27 263
27 264 27 307
27 308 27 351
27 352 27 395
27 396 27 439
27 440 27 483
27 484 27 527
28 0 28 43
28 44 28 87
28 88 28 131
28 132 28 175
28 176 28 219
28 220 28 263
28 264 28 307
28 308 28 351
28 352 28 395
28 396 28 439
28 440 28 483
28 484 28 527
28 528 31 538
29 0 29 43
29 44 29 87
29 88 29 131
29 132 29 175
29 176 29 219
29 220 29 263
29 264 29 307
29 308 29 351
29 352 29 395
29 396 29 439
29 440 29 483
29 484 29 527
30 0 30 43
30 44 30 87
30 88 30 131
30 132 30 175
30 176 30 219
30 220 30 263
30 264 30 307
30 308 30 351
30 352 30 395
30 396 30 439
30 440 30 483
30 484 30 527
31 0 31 43
31 44 31 87
31 88 31 131
31 132 31 175
31 176 31 219
31 220 31 263
31 264 31 307
31 308 31 351
31 352 31 395
31 396 31 439
31 440 31 483
31 484 31 527
32 0 32 43
32 44 32 87
32 88 32 131
32 132 32 175
32 176 32 219
32 220 32 263
32 264 32 307
32 308 32 351
32 352 32 395
32 396 32 439
32 440 32 483
32 484 32 527
32 528 35 538
33 0 33 43
33 44 33 87
33 88 33 131
33 132 33 175
33 176 33 219
33 220 33 263
33 264 33 307
33 308 33 351
33 352 33 395
33 396 33 439
33 440 33 483
33 484 33 527
34 0 34 43
34 44 34 87
34 88 34 131
34 132 34 175
34 176 34 219
34 220 34 263
34 264 34 307
34 308 34 351
34 352 34 395
34 396 34 439
34 440 34 483
34 484 34 527
35 0 35 43
35 44 35 87
35 88 35 131
35 132 35 175
35 176 35 219
35 220 35 263
35 264 35 307
35 308 35 351
35 352 35 395
35 396 35 439
35 440 35 483
35 484 35 527
36 0 36 43
36 44 36 87
36 88 36 131
36 132 36 175
36 176 36 219
36 220 36 263
36 264 36 307
36 308 36 351
36 352 36 395
36 396 36 439
36 440 36 483
36 484 36 527
36 528 39 538
37 0 37 43
37 44 37 87
37 88 37 131
37 132 37 175
37 176 37 219
37 220 37 263
37 264 37 307
37 308 37 351
37 352 37 395
37 396 37 439
37 440 37 483
37 484 37 527
38 0 38 43
38 44 38 87
38 88 38 131
38 132 38 175
38 176 38 219
38 220 38 263
38 264 38 307
38 308 38 351
38 352 38 395
38 396 38 439
38 440 38 483
38 484 38 527
39 0 39 43
39 44 39 87
39 88 39 131
39 132 39 175
39 176 39 219
39 220 39 263
39 264 39 307
39 308 39 351
39 352 39 395
39 396 39 439
39 440 39 483
39 484 39 527
40 0 40 43
40 44 40 87
40 88 40 131
40 132 40 175
40 176 40 219
40 220 40 263
40 264 40 307
40 308 40 351
40 352 40 395
40 396 40 439
40 440 40 483
40 484 40 527
40 528 43 538
41 0 41 43
41 44 41 87
41 88 41 131
41 132 41 175
41 176 41 219
41 220 41 263
41 264 41 307
41 308 41 351
41 352 41 395
41 396 41 439
41 440 41 483
41 484 41 527
42 0 42 43
42 44 42 87
42 88 42 131
42 132 42 175
42 176 42 219
42 220 42 263
42 264 42 307
42 308 42 351
42 352 42 395
42 396 42 439
42 440 42 483
42 484 42 527
43 0 43 43
43 44 43 87
43 88 43 131
43 132 43 175
43 176 43 219
43 220 43 263
43 264 43 307
43 308 43 351
43 352 43 395
43 396 43 439
43 440 43 483
43 484 43 527
44 0 44 43
44 44 44 87
44 88 44 131
44 132 44 175
44 176 44 219
44 220 44 263
44 264 44 307
44 308 44 351
44 352 44 395
44 396 44 439
44 440 44 483
44 484 44 527
44 528 47 538
45 0 45 43
45 44 45 87
45 88 45 131
45 132 45 175
45 176 45 219
45 220 45 263
45 264 45 307
45 308 45 351
45 352 45 395
45 396 45 439
45 440 45 483
45 484 45 527
46 0 46 43
46 44 46 87
46 88 46 131
46 132 46 175
46 176 46 219
46 220 46 263
46 264 46 307
46 308 46 351
46 352 46 395
46 396 46 439
46 440 46 483
46 484 46 527
47 0 47 43
47 44 47 87
47 88 47 131
47 132 47 175
47 176 47 219
47 220 47 263
47 264 47 307
47 308 47 351
47 352 47 395
47 396 47 439
47 440 47 483
47 484 47 527
48 0 48 43
48 44 48 87
48 88 48 131
48 132 49 153
48 154 49 175
48 176 48 219
48 220 48 263
48 264 48 307
48 308 48 351
48 352 48 395
48 396 48 439
48 440 48 483
48 484 48 527
48 528 51 538
49 0 49 43
49 44 49 87
49 88 49 131
49 176 49 219
49 220 49 263
49 264 49 307
49 308 49 351
49 352 49 395
49 396 49 439
49 440 49 483
49 484 49 527
50 0 50 43
50 44 50 87
50 88 50 131
50 132 50 175
50 176 50 219
50 220 50 263
50 264 50 307
50 308 50 351
50 352 50 395
50 396 50 439
50 440 50 483
50 484 50 527
51 0 51 43
51 44 51 87
51 88 51 131
51 132 51 175
51 176 51 219
51 220 51 263
51 264 51 307
51 308 51 351
51 352 51 395
51 396 51 439
51 440 51 483
51 484 51 527
52 0 52 43
52 44 52 87
52 88 52 131
52 132 52 175
52 176 52 219
52 220 52 263
52 264 52 307
52 308 52 351
52 352 52 395
52 396 52 439
52 440 52 483
52 484 52 527
52 528 55 538
53 0 53 43
53 44 53 87
53 88 53 131
53 132 53 175
53 176 53 219
53 220 53 263
53 264 53 307
53 308 53 351
53 352 53 395
53 396 53 439
53 440 53 483
53 484 53 527
54 0 54 43
54 44 54 87
54 88 54 131
54 132 54 175
54 176 54 219
54 220 54 263
54 264 54 307
54 308 54 351
54 352 54 395
54 396 54 439
54 440 54 483
54 484 54 527
55 0 55 43
55 44 55 87
55 88 55 131
55 132 55 175
55 176 55 219
55 220 55 263
55 264 55 307
55 308 55 351
55 352 55 395
55 396 55 439
55 440 55 483
55 484 55 527
56 0 56 43
56 44 56 87
56 88 56 131
56 132 56 175
56 176 56 219
56 220 56 263
56 264 56 307
56 308 56 351
56 352 56 395
56 396 56 439
56 440 56 483
56 484 56 527
56 528 59 538
57 0 57 43
57 44 57 87
57 88 57 131
57 132 57 175
57 176 57 219
57 220 57 263
57 264 57 307
57 308 57 351
57 352 57 395
57 396 57 439
57 440 57 483
57 484 57 527
58 0 58 43
58 44 58 87
58 88 58 131
58 132 58 175
58 176 58 219
58 220 58 263
58 264 58 307
58 308 58 351
58 352 58 395
58 396 58 439
58 440 58 483
58 484 58 527
59 0 59 43
59 44 59 87
59 88 59 131
59 132 60 153
59 154 60 175
59 176 59 219
59 220 59 263
59 264 59 307
59 308 59 351
59 352 59 395
59 396 59 439
59 440 59 483
59 484 59 527
60 0 60 43
60 44 60 87
60 88 60 131
60 176 60 219
60 220 60 263
60 264 60 307
60 308 60 351
60 352 60 395
60 396 60 439
60 440 60 483
60 484 60 527
60 528 63 538
61 0 61 43
61 44 61 87
61 88 61 131
61 132 61 175
61 176 61 219
61 220 61 263
61 264 61 307
61 308 61 351
61 352 61 395
61 396 61 439
61 440 61 483
61 484 61 527
62 0 62 43
62 44 62 87
62 88 62 131
62 132 62 175
62 176 62 219
62 220 62 263
62 264 62 307
62 308 62 351
62 352 62 395
62 396 62 439
62 440 62 483
62 484 62 527
63 0 63 43
63 44 63 87
63 88 63 131
63 132 63 175
63 176 63 219
63 220 63 263
63 264 63 307
63 308 63 351
63 352 63 395
63 396 63 439
63 440 63 483
63 484 63 527
64 0 64 43
64 44 64 87
64 88 64 131
64 132 64 175
64 176 64 219
64 220 64 263
64 264 64 307
64 308 64 351
64 352 64 395
64 396 64 439
64 440 64 483
64 484 64 527
64 528 67 538
65 0 65 43
65 44 65 87
65 88 65 131
65 132 65 175
65 176 65 219
65 220 65 263
65 264 65 307
65 308 65 351
65 352 65 395
65 396 65 439
65 440 65 483
65 484 65 527
66 0 66 43
66 44 66 87
66 88 66 131
66 132 66 175
66 176 66 219
66 220 66 263
66 264 66 307
66 308 66 351
66 352 66 395
66 396 66 439
66 440 66 483
66 484 66 527
67 0 67 43
67 44 67 87
67 88 67 131
67 132 67 175
67 176 67 219
67 220 67 263
67 264 67 307
67 308 67 351
67 352 67 395
67 396 67 439
67 440 67 483
67 484 67 527
68 0 68 43
68 44 68 87
68 88 68 131
68 132 68 175
68 176 68 219
68 220 68 263
68 264 68 307
68 308 68 351
68 352 68 395
68 396 68 439
68 440 68 483
68 484 68 527
68 528 71 538
69 0 69 43
69 44 69 87
69 88 69 131
69 132 69 175
69 176 69 219
69 220 69 263
69 264 69 307
69 308 69 351
69 352 69 395
69 396 69 439
69 440 69 483
69 484 69 527
70 0 70 43
70 44 70 87
70 88 70 131
70 132 70 175
70 176 70 219
70 220 70 263
70 264 70 307
70 308 70 351
70 352 70 395
70 396 70 439
70 440 70 483
70 484 70 527
71 0 71 43
71 44 71 87
71 88 71 131
71 132 71 175
71 176 71 219
71 220 71 263
71 264 71 307
71 308 71 351
71 352 71 395
71 396 71 439
71 440 71 483
71 484 71 527
72 0 72 43
72 44 72 87
72 88 72 131
72 132 72 175
72 176 72 219
72 220 72 263
72 264 72 307
72 308 72 351
72 352 72 395
72 396 72 439
72 440 72 483
72 484 72 527
72 528 75 538
73 0 73 43
73 44 73 87
73 88 73 131
73 132 73 175
73 176 73 219
73 220 73 263
73 264 73 307
73 308 73 351
73 352 73 395
73 396 73 439
73 440 73 483
73 484 73 527
74 0 74 43
74 44 74 87
74 88 74 131
74 132 74 175
74 176 74 219
74 220 74 263
74 264 74 307
74 308 74 351
74 352 74 395
74 396 74 439
74 440 74 483
74 484 74 527
75 0 75 43
75 44 75 87
75 88 75 131
75 132 75 175
75 176 75 219
75 220 75 263
75 264 75 307
75 308 75 351
75 352 75 395
75 396 75 439
75 440 75 483
75 484 75 527
76 0 76 43
76 44 76 87
76 88 76 131
76 132 76 175
76 176 76 219
76 220 76 263
76 264 76 307
76 308 76 351
76 352 76 395
76 396 76 439
76 440 76 483
76 484 76 527
76 528 79 538
77 0 77 43
77 44 77 87
77 88 77 131
77 132 77 175
77 176 77 219
77 220 77 263
77 264 77 307
77 308 77 351
77 352 77 395
77 396 77 439
77 440 77 483
77 484 77 527
78 0 78 43
78 44 78 87
78 88 78 131
78 132 78 175
78 176 78 219
78 220 78 263
78 264 78 307
78 308 78 351
78 352 78 395
78 396 78 439
78 440 78 483
78 484 78 527
79 0 79 43
79 44 79 87
79 88 79 131
79 132 79 175
79 176 79 219
79 220 79 263
79 264 79 307
79 308 79 351
79 352 79 395
79 396 79 439
79 440 79 483
79 484 79 527
80 0 80 43
80 44 80 87
80 88 80 131
80 132 80 175
80 176 80 219
80 220 80 263
80 264 80 307
80 308 80 351
80 352 80 395
80 396 80 439
80 440 80 483
80 484 80 527
80 528 83 538
81 0 81 43
81 44 81 87
81 88 81 131
81 132 81 175
81 176 81 219
81 220 81 263
81 264 81 307
81 308 81 351
81 352 81 395
81 396 81 439
81 440 81 483
81 484 81 527
82 0 82 43
82 44 82 87
82 88 82 131
82 132 82 175
82 176 82 219
82 220 82 263
82 264 82 307
82 308 82 351
82 352 82 395
82 396 82 439
82 440 82 483
82 484 82 527
83 0 83 43
83 44 83 87
83 88 83 131
83 132 83 175
83 176 83 219
83 220 83 263
83 264 83 307
83 308 83 351
83 352 83 395
83 396 83 439
83 440 83 483
83 484 83 527
84 0 84 43
84 44 84 87
84 88 84 131
84 132 84 175
84 176 84 219
84 220 84 263
84 264 84 307
84 308 84 351
84 352 84 395
84 396 84 439
84 440 84 483
84 484 84 527
84 528 87 538
85 0 85 43
85 44 85 87
85 88 85 131
85 132 85 175
85 176 85 219
85 220 85 263
85 264 85 307
85 308 85 351
85 352 85 395
85 396 85 439
85 440 85 483
85 484 85 527
86 0 86 43
86 44 86 87
86 88 86 131
86 132 86 175
86 176 86 219
86 220 86 263
86 264 86 307
86 308 86 351
86 352 86 395
86 396 86 439
86 440 86 483
86 484 86 527
87 0 87 43
87 44 87 87
87 88 87 131
87 132 87 175
87 176 87 219
87 220 87 263
87 264 87 307
87 308 87 351
87 352 87 395
87 396 87 439
87 440 87 483
87 484 87 527
88 0 88 43
88 44 88 87
88 88 88 131
88 132 88 175
88 176 88 219
88 220 88 263
88 264 88 307
88 308 88 351
88 352 88 395
88 396 88 439
88 440 88 483
88 484 88 527
88 528 91 538
89 0 89 43
89 44 89 87
89 88 89 131
89 132 89 175
89 176 89 219
89 220 89 263
89 264 89 307
89 308 89 351
89 352 89 395
89 396 89 439
89 440 89 483
89 484 89 527
90 0 90 43
90 44 90 87
90 88 90 131
90 132 90 175
90 176 90 219
90 220 90 263
90 264 90 307
90 308 90 351
90 352 90 395
90 396 90 439
90 440 90 483
90 484 90 527
91 0 91 43
91 44 91 87
91 88 91 131
91 132 91 175
91 176 91 219
91 220 91 263
91 264 91 307
91 308 91 351
91 352 91 395
91 396 91 439
91 440 91 483
91 484 91 527
92 0 92 43
92 44 92 87
92 88 92 131
92 132 92 175
92 176 92 219
92 220 92 263
92 264 92 307
92 308 92 351
92 352 92 395
92 396 92 439
92 440 92 483
92 484 92 527
92 528 95 538
93 0 93 43
93 44 93 87
93 88 93 131
93 132 93 175
93 176 93 219
93 220 93 263
93 264 93 307
93 308 93 351
93 352 93 395
93 396 93 439
93 440 93 483
93 484 93 527
94 0 94 43
94 44 94 87
94 88 94 131
94 132 94 175
94 176 94 219
94 220 94 263
94 264 94 307
94 308 94 351
94 352 94 395
94 396 94 439
94 440 94 483
94 484 94 527
95 0 95 43
95 44 95 87
95 88 95 131
95 132 95 175
95 176 95 219
95 220 95 263
95 264 95 307
95 308 95 351
95 352 95 395
95 396 95 439
95 440 95 483
95 484 95 527
96 0 96 43
96 44 96 87
96 88 96 131
96 132 96 175
96 176 96 219
96 220 96 263
96 264 96 307
96 308 96 351
96 352 96 395
96 396 96 439
96 440 96 483
96 484 96 527
96 528 99 538
97 0 97 43
97 44 97 87
97 88 97 131
97 132 97 175
97 176 97 219
97 220 97 263
97 264 97 307
97 308 97 351
97 352 97 395
97 396 97 439
97 440 97 483
97 484 97 527
98 0 98 43
98 44 98 87
98 88 98 131
98 132 98 175
98 176 98 219
98 220 98 263
98 264 98 307
98 308 98 351
98 352 98 395
98 396 98 439
98 440 98 483
98 484 98 527
99 0 99 43
99 44 99 87
99 88 99 131
99 132 99 175
99 176 99 219
99 220 99 263
99 264 99 307
99 308 99 351
99 352 99 395
99 396 99 439
99 440 99 483
99 484 99 527
100 0 100 43
100 44 100 87
100 88 100 131
100 132 100 175
100 176 100 219
100 220 100 263
100 264 100 307
100 308 100 351
100 352 100 395
100 396 100 439
100 440 100 483
100 484 100 527
100 528 103 538
101 0 101 43
101 44 101 87
101 88 101 131
101 132 101 175
101 176 101 219
101 220 101 263
101 264 101 307
101 308 101 351
101 352 101 395
101 396 101 439
101 440 101 483
101 484 101 527
102 0 102 43
102 44 102 87
102 88 102 131
102 132 102 175
102 176 102 219
102 220 102 263
102 264 102 307
102 308 102 351
102 352 102 395
102 396 102 439
102 440 102 483
102 484 102 527
103 0 103 43
103 44 103 87
103 88 103 131
103 132 103 175
103 176 103 219
103 220 103 263
103 264 103 307
103 308 103 351
103 352 103 395
103 396 103 439
103 440 103 483
103 484 103 527
104 0 104 43
104 44 104 87
104 88 104 131
104 132 104 175
104 176 104 219
104 220 104 263
104 264 104 307
104 308 104 351
104 352 104 395
104 396 104 439
104 440 104 483
104 484 104 527
104 528 107 538
105 0 105 43
105 44 105 87
105 88 105 131
105 132 105 175
105 176 105 219
105 220 105 263
105 264 105 307
105 308 105 351
105 352 105 395
105 396 105 439
105 440 105 483
105 484 105 527
106 0 106 43
106 44 106 87
106 88 106 131
106 132 106 175
106 176 106 219
106 220 106 263
106 264 106 307
106 308 106 351
106 352 106 395
106 396 106 439
106 440 106 483
106 484 106 527
107 0 107 43
107 44 107 87
107 88 107 131
107 132 107 175
107 176 107 219
107 220 107 263
107 264 107 307
107 308 107 351
107 352 107 395
107 396 107 439
107 440 107 483
107 484 107 527
108 0 108 43
108 44 108 87
108 88 108 131
108 132 108 175
108 176 108 219
108 220 108 263
108 264 108 307
108 308 108 351
108 352 108 395
108 396 108 439
108 440 108 483
108 484 108 527
108 528 111 538
109 0 109 43
109 44 109 87
109 88 110 109
109 110 109 153
109 154 109 197
109 198 109 241
109 242 109 285
109 286 109 329
109 330 109 373
109 374 109 417
109 418 109 461
109 462 109 505
109 506 110 527
110 0 110 43
110 44 110 87
110 110 110 153
110 154 110 197
110 198 110 241
110 242 110 285
110 286 110 329
110 330 110 373
110 374 110 417
110 418 110 461
110 462 110 505
111 0 111 43
111 44 111 87
111 88 111 131
111 132 111 175
111 176 111 219
111 220 111 263
111 264 111 307
111 308 111 351
111 352 111 395
111 396 111 439
111 440 111 483
111 484 111 527
112 0 112 43
112 44 112 87
112 88 112 131
112 132 112 175
112 176 112 219
112 220 112 263
112 264 112 307
112 308 112 351
112 352 112 395
112 396 112 439
112 440 112 483
112 484 112 527
112 528 115 538
113 0 113 43
113 44 113 87
113 88 113 131
113 132 113 175
113 176 113 219
113 220 113 263
113 264 113 307
113 308 113 351
113 352 113 395
113 396 113 439
113 440 113 483
113 484 113 527
114 0 114 43
114 44 114 87
114 88 114 131
114 132 114 175
114 176 114 219
114 220 114 263
114 264 114 307
114 308 114 351
114 352 114 395
114 396 114 439
114 440 114 483
114 484 114 527
115 0 115 43
115 44 115 87
115 88 115 131
115 132 115 175
115 176 115 219
115 220 115 263
115 264 115 307
115 308 115 351
115 352 115 395
115 396 115 439
115 440 115 483
115 484 115 527
116 0 116 43
116 44 116 87
116 88 116 131
116 132 116 175
116 176 116 219
116 220 116 263
116 264 116 307
116 308 116 351
116 352 116 395
116 396 116 439
116 440 116 483
116 484 116 527
116 528 119 538
117 0 117 43
117 44 117 87
117 88 117 131
117 132 117 175
117 176 117 219
117 220 117 263
117 264 117 307
117 308 117 351
117 352 117 395
117 396 117 439
117 440 117 483
117 484 117 527
118 0 118 43
118 44 118 87
118 88 118 131
118 132 118 175
118 176 118 219
118 220 118 263
118 264 118 307
118 308 118 351
118 352 118 395
118 396 118 439
118 440 118 483
118 484 118 527
119 0 119 43
119 44 119 87
119 88 119 131
119 132 119 175
119 176 119 219
119 220 119 263
119 264 119 307
119 308 119 351
119 352 119 395
119 396 119 439
119 440 119 483
119 484 119 527
120 0 120 43
120 44 120 87
120 88 120 131
120 132 120 175
120 176 120 219
120 220 120 263
120 264 120 307
120 308 120 351
120 352 120 395
120 396 120 439
120 440 120 483
120 484 120 527
120 528 123 538
121 0 121 43
121 44 121 87
121 88 121 131
121 132 121 175
121 176 121 219
121 220 121 263
121 264 121 307
121 308 121 351
121 352 121 395
121 396 121 439
121 440 121 483
121 484 121 527
122 0 122 43
122 44 122 87
122 88 122 131
122 132 122 175
122 176 122 219
122 220 122 263
122 264 122 307
122 308 122 351
122 352 122 395
122 396 122 439
122 440 122 483
122 484 122 527
123 0 123 43
123 44 123 87
123 88 123 131
123 132 123 175
123 176 123 219
123 220 123 263
123 264 123 307
123 308 123 351
123 352 123 395
123 396 123 439
123 440 123 483
123 484 123 527
124 0 124 43
124 44 124 87
124 88 124 131
124 132 124 175
124 176 124 219
124 220 124 263
124 264 124 307
124 308 124 351
124 352 124 395
124 396 124 439
124 440 124 483
124 484 124 527
124 528 127 538
125 0 125 43
125 44 125 87
125 88 125 131
125 132 125 175
125 176 125 219
125 220 125 263
125 264 125 307
125 308 125 351
125 352 125 395
125 396 125 439
125 440 125 483
125 484 125 527
126 0 126 43
126 44 126 87
126 88 126 131
126 132 126 175
126 176 126 219
126 220 126 263
126 264 126 307
126 308 126 351
126 352 126 395
126 396 126 439
126 440 126 483
126 484 126 527
127 0 127 43
127 44 127 87
127 88 127 131
127 132 127 175
127 176 127 219
127 220 127 263
127 264 127 307
127 308 127 351
127 352 127 395
127 396 127 439
127 440 127 483
127 484 127 527
128 0 128 43
128 44 128 87
128 88 128 131
128 132 128 175
128 176 128 219
128 220 128 263
128 264 128 307
128 308 128 351
128 352 128 395
128 396 128 439
128 440 128 483
128 484 128 527
128 528 131 538
129 0 129 43
129 44 129 87
129 88 129 131
129 132 129 175
129 176 129 219
129 220 129 263
129 264 129 307
129 308 129 351
129 352 129 395
129 396 129 439
129 440 129 483
129 484 129 527
130 0 130 43
130 44 130 87
130 88 130 131
130 132 130 175
130 176 130 219
130 220 130 263
130 264 130 307
130 308 130 351
130 352 130 395
130 396 130 439
130 440 130 483
130 484 130 527
131 0 131 43
131 44 131 87
131 88 131 131
131 132 131 175
131 176 131 219
131 220 131 263
131 264 131 307
131 308 131 351
131 352 131 395
131 396 131 439
131 440 131 483
131 484 131 527
132 0 132 43
132 44 132 87
132 88 132 131
132 132 132 175
132 176 132 219
132 220 132 263
132 264 132 307
132 308 132 351
132 352 132 395
132 396 132 439
132 440 132 483
132 484 132 527
132 528 135 538
133 0 133 43
133 44 133 87
133 88 133 131
133 132 133 175
133 176 133 219
133 220 133 263
133 264 133 307
133 308 133 351
133 352 133 395
133 396 133 439
133 440 133 483
133 484 133 527
134 0 134 43
134 44 134 87
134 88 134 131
134 132 134 175
134 176 134 219
134 220 134 263
134 264 134 307
134 308 134 351
134 352 134 395
134 396 134 439
134 440 134 483
134 484 134 527
135 0 135 43
135 44 135 87
135 88 135 131
135 132 135 175
135 176 135 219
135 220 135 263
135 264 135 307
135 308 135 351
135 352 135 395
135 396 135 439
135 440 135 483
135 484 135 527
136 0 136 43
136 44 136 87
136 88 136 131
136 132 136 175
136 176 136 219
136 220 136 263
136 264 136 307
136 308 136 351
136 352 136 395
136 396 136 439
136 440 136 483
136 484 136 527
136 528 139 538
137 0 137 43
137 44 137 87
137 88 137 131
137 132 137 175
137 176 137 219
137 220 137 263
137 264 137 307
137 308 137 351
137 352 137 395
137 396 137 439
137 440 137 483
137 484 137 527
138 0 138 43
138 44 138 87
138 88 138 131
138 132 138 175
138 176 138 219
138 220 138 263
138 264 138 307
138 308 138 351
138 352 138 395
138 396 138 439
138 440 138 483
138 484 138 527
139 0 139 43
139 44 139 87
139 88 139 131
139 132 139 175
139 176 139 219
139 220 139 263
139 264 139 307
139 308 139 351
139 352 139 395
139 396 139 439
139 440 139 483
139 484 139 527
140 0 140 43
140 44 140 87
140 88 140 131
140 132 140 175
140 176 140 219
140 220 140 263
140 264 140 307
140 308 140 351
140 352 140 395
140 396 140 439
140 440 140 483
140 484 140 527
140 528 143 538
141 0 141 43
141 44 141 87
141 88 141 131
141 132 141 175
141 176 141 219
141 220 141 263
141 264 141 307
141 308 141 351
141 352 141 395
141 396 141 439
141 440 141 483
141 484 141 527
142 0 142 43
142 44 142 87
142 88 142 131
142 132 142 175
142 176 142 219
142 220 142 263
142 264 142 307
142 308 142 351
142 352 142 395
142 396 142 439
142 440 142 483
142 484 142 527
143 0 143 43
143 44 143 87
143 88 143 131
143 132 143 175
143 176 143 219
143 220 143 263
143 264 143 307
143 308 143 351
143 352 143 395
143 396 143 439
143 440 143 483
143 484 143 527
144 0 144 43
144 44 144 87
144 88 144 131
144 132 144 175
144 176 144 219
144 220 144 263
144 264 144 307
144 308 144 351
144 352 144 395
144 396 144 439
144 440 144 483
144 484 144 527
144 528 147 538
145 0 145 43
145 44 145 87
145 88 145 131
145 132 145 175
145 176 145 219
145 220 145 263
145 264 145 307
145 308 145 351
145 352 145 395
145 396 145 439
145 440 145 483
145 484 145 527
146 0 146 43
146 44 146 87
146 88 146 131
146 132 146 175
146 176 146 219
146 220 146 263
146 264 146 307
146 308 146 351
146 352 146 395
146 396 146 439
146 440 146 483
146 484 146 527
147 0 147 43
147 44 147 87
147 88 147 131
147 132 147 175
147 176 147 219
147 220 147 263
147 264 147 307
147 308 147 351
147 352 147 395
147 396 147 439
147 440 147 483
147 484 147 527
148 0 148 43
148 44 148 87
148 88 148 131
148 132 148 175
148 176 148 219
148 220 148 263
148 264 148 307
148 308 148 351
148 352 148 395
148 396 148 439
148 440 148 483
148 484 148 527
148 528 151 538
149 0 149 43
149 44 149 87
149 88 149 131
149 132 149 175
149 176 149 219
149 220 149 263
149 264 149 307
149 308 149 351
149 352 149 395
149 396 149 439
149 440 149 483
149 484 149 527
150 0 150 43
150 44 150 87
150 88 150 131
150 132 150 175
150 176 150 219
150 220 150 263
150 264 151 285
150 286 150 329
150 330 150 373
150 374 150 417
150 418 150 461
150 462 150 505
150 506 151 527
151 0 151 43
151 44 151 87
151 88 151 131
151 132 152 153
151 154 151 197
151 198 151 241
151 242 152 263
151 286 151 329
151 330 151 373
151 374 151 417
151 418 151 461
151 462 151 505
152 0 152 43
152 44 152 87
152 88 152 131
152 154 152 197
152 198 152 241
152 264 152 307
152 308 152 351
152 352 152 395
152 396 152 439
152 440 152 483
152 484 152 527
152 528 155 538
153 0 153 43
153 44 153 87
153 88 153 131
153 132 153 175
153 176 153 219
153 220 153 263
153 264 153 307
153 308 153 351
153 352 153 395
153 396 153 439
153 440 153 483
153 484 153 527
154 0 154 43
154 44 154 87
154 88 154 131
154 132 154 175
154 176 154 219
154 220 154 263
154 264 154 307
154 308 154 351
154 352 154 395
154 396 154 439
154 440 154 483
154 484 154 527
155 0 155 43
155 44 155 87
155 88 155 131
155 132 155 175
155 176 155 219
155 220 155 263
155 264 155 307
155 308 155 351
155 352 155 395
155 396 155 439
155 440 155 483
155 484 155 527
156 0 156 43
156 44 156 87
156 88 156 131
156 132 156 175
156 176 156 219
156 220 156 263
156 264 156 307
156 308 156 351
156 352 156 395
156 396 156 439
156 440 156 483
156 484 156 527
156 528 159 538
157 0 157 43
157 44 157 87
157 88 157 131
157 132 157 175
157 176 157 219
157 220 157 263
157 264 157 307
157 308 157 351
157 352 157 395
157 396 157 439
157 440 157 483
157 484 157 527
158 0 158 43
158 44 158 87
158 88 158 131
158 132 158 175
158 176 158 219
158 220 158 263
158 264 158 307
158 308 158 351
158 352 158 395
158 396 158 439
158 440 158 483
158 484 158 527
159 0 159 43
159 44 159 87
159 88 159 131
159 132 159 175
159 176 159 219
159 220 159 263
159 264 159 307
159 308 159 351
159 352 159 395
159 396 159 439
159 440 159 483
159 484 159 527
160 0 160 43
160 44 160 87
160 88 160 131
160 132 160 175
160 176 160 219
160 220 160 263
160 264 160 307
160 308 160 351
160 352 160 395
160 396 160 439
160 440 160 483
160 484 160 527
160 528 163 538
161 0 161 43
161 44 161 87
161 88 161 131
161 132 161 175
161 176 161 219
161 220 161 263
161 264 161 307
161 308 161 351
161 352 161 395
161 396 161 439
161 440 161 483
161 484 161 527
162 0 162 43
162 44 162 87
162 88 162 131
162 132 162 175
162 176 162 219
162 220 162 263
162 264 162 307
162 308 163 329
162 330 162 373
162 374 162 417
162 418 162 461
162 462 162 505
162 506 163 527
163 0 163 43
163 44 163 87
163 88 163 131
163 132 163 175
163 176 163 219
163 220 163 263
163 264 163 307
163 330 163 373
163 374 163 417
163 418 163 461
163 462 163 505
164 0 164 43
164 44 164 87
164 88 164 131
164 132 164 175
164 176 164 219
164 220 164 263
164 264 164 307
164 308 164 351
164 352 164 395
164 396 164 439
164 440 164 483
164 484 164 527
164 528 167 538
165 0 165 43
165 44 165 87
165 88 165 131
165 132 165 175
165 176 165 219
165 220 165 263
165 264 165 307
165 308 165 351
165 352 165 395
165 396 165 439
165 440 165 483
165 484 165 527
166 0 166 43
166 44 166 87
166 88 166 131
166 132 166 175
166 176 166 219
166 220 166 263
166 264 166 307
166 308 166 351
166 352 166 395
166 396 166 439
166 440 166 483
166 484 166 527
167 0 167 43
167 44 167 87
167 88 167 131
167 132 167 175
167 176 167 219
167 220 167 263
167 264 167 307
167 308 167 351
167 352 167 395
167 396 167 439
167 440 167 483
167 484 167 527
168 0 168 43
168 44 168 87
168 88 168 131
168 132 168 175
168 176 168 219
168 220 168 263
168 264 168 307
168 308 168 351
168 352 168 395
168 396 168 439
168 440 168 483
168 484 168 527
168 528 171 538
169 0 169 43
169 44 169 87
169 88 169 131
169 132 169 175
169 176 169 219
169 220 169 263
169 264 169 307
169 308 169 351
169 352 169 395
169 396 169 439
169 440 169 483
169 484 169 527
170 0 170 43
170 44 170 87
170 88 170 131
170 132 170 175
170 176 170 219
170 220 170 263
170 264 170 307
170 308 170 351
170 352 170 395
170 396 170 439
170 440 170 483
170 484 170 527
171 0 171 43
171 44 171 87
171 88 171 131
171 132 171 175
171 176 171 219
171 220 171 263
171 264 171 307
171 308 171 351
171 352 171 395
171 396 171 439
171 440 171 483
171 484 171 527
172 0 172 43
172 44 172 87
172 88 172 131
172 132 172 175
172 176 172 219
172 220 172 263
172 264 172 307
172 308 172 351
172 352 172 395
172 396 172 439
172 440 172 483
172 484 172 527
172 528 175 538
173 0 173 43
173 44 173 87
173 88 173 131
173 132 173 175
173 176 173 219
173 220 173 263
173 264 173 307
173 308 173 351
173 352 173 395
173 396 173 439
173 440 173 483
173 484 173 527
174 0 174 43
174 44 174 87
174 88 174 131
174 132 174 175
174 176 174 219
174 220 174 263
174 264 174 307
174 308 174 351
174 352 174 395
174 396 174 439
174 440 174 483
174 484 174 527
175 0 175 43
175 44 175 87
175 88 175 131
175 132 175 175
175 176 175 219
175 220 175 263
175 264 175 307
175 308 175 351
175 352 175 395
175 396 175 439
175 440 175 483
175 484 175 527
176 0 176 43
176 44 176 87
176 88 176 131
176 132 176 175
176 176 176 219
176 220 176 263
176 264 176 307
176 308 176 351
176 352 176 395
176 396 176 439
176 440 176 483
176 484 176 527
176 528 179 538
177 0 177 43
177 44 177 87
177 88 177 131
177 132 177 175
177 176 177 219
177 220 177 263
177 264 177 307
177 308 177 351
177 352 177 395
177 396 177 439
177 440 177 483
177 484 177 527
178 0 178 43
178 44 178 87
178 88 178 131
178 132 178 175
178 176 178 219
178 220 178 263
178 264 178 307
178 308 178 351
178 352 178 395
178 396 179 417
178 418 178 461
178 462 178 505
178 506 179 527
179 0 179 43
179 44 179 87
179 88 179 131
179 132 179 175
179 176 179 219
179 220 179 263
179 264 179 307
179 308 179 351
179 352 179 395
179 418 179 461
179 462 179 505
180 0 180 43
180 44 180 87
180 88 180 131
180 132 180 175
180 176 180 219
180 220 180 263
180 264 180 307
180 308 180 351
180 352 180 395
180 396 180 439
180 440 180 483
180 484 180 527
180 528 183 538
181 0 181 43
181 44 181 87
181 88 181 131
181 132 181 175
181 176 181 219
181 220 181 263
181 264 181 307
181 308 181 351
181 352 181 395
181 396 181 439
181 440 181 483
181 484 181 527
182 0 182 43
182 44 182 87
182 88 182 131
182 132 182 175
182 176 182 219
182 220 182 263
182 264 182 307
182 308 182 351
182 352 182 395
182 396 182 439
182 440 182 483
182 484 182 527
183 0 183 43
183 44 183 87
183 88 183 131
183 132 183 175
183 176 183 219
183 220 183 263
183 264 183 307
183 308 183 351
183 352 183 395
183 396 183 439
183 440 183 483
183 484 183 527
184 0 184 43
184 44 184 87
184 88 184 131
184 132 184 175
184 176 184 219
184 220 184 263
184 264 184 307
184 308 184 351
184 352 184 395
184 396 184 439
184 440 184 483
184 484 184 527
184 528 187 538
185 0 185 43
185 44 185 87
185 88 185 131
185 132 185 175
185 176 185 219
185 220 185 263
185 264 185 307
185 308 185 351
185 352 185 395
185 396 185 439
185 440 185 483
185 484 185 527
186 0 186 43
186 44 186 87
186 88 186 131
186 132 186 175
186 176 186 219
186 220 186 263
186 264 186 307
186 308 186 351
186 352 186 395
186 396 186 439
186 440 186 483
186 484 186 527
187 0 187 43
187 44 187 87
187 88 187 131
187 132 187 175
187 176 187 219
187 220 187 263
187 264 187 307
187 308 187 351
187 352 187 395
187 396 187 439
187 440 187 483
187 484 187 527
188 0 188 43
188 44 188 87
188 88 188 131
188 132 188 175
188 176 188 219
188 220 188 263
188 264 188 307
188 308 188 351
188 352 188 395
188 396 188 439
188 440 188 483
188 484 188 527
188 528 191 538
189 0 189 43
189 44 189 87
189 88 189 131
189 132 189 175
189 176 189 219
189 220 189 263
189 264 189 307
189 308 189 351
189 352 189 395
189 396 189 439
189 440 189 483
189 484 189 527
190 0 190 43
190 44 190 87
190 88 190 131
190 132 190 175
190 176 190 219
190 220 190 263
190 264 190 307
190 308 190 351
190 352 190 395
190 396 190 439
190 440 190 483
190 484 190 527
191 0 191 43
191 44 191 87
191 88 191 131
191 132 191 175
191 176 191 219
191 220 191 263
191 264 191 307
191 308 191 351
191 352 191 395
191 396 191 439
191 440 191 483
191 484 191 527
192 0 192 43
192 44 192 87
192 88 192 131
192 132 192 175
192 176 192 219
192 220 192 263
192 264 192 307
192 308 192 351
192 352 192 395
192 396 192 439
192 440 192 483
192 484 192 527
192 528 195 538
193 0 193 43
193 44 193 87
193 88 193 131
193 132 193 175
193 176 193 219
193 220 193 263
193 264 193 307
193 308 193 351
193 352 193 395
193 396 193 439
193 440 193 483
193 484 193 527
194 0 194 43
194 44 194 87
194 88 194 131
194 132 194 175
194 176 194 219
194 220 194 263
194 264 194 307
194 308 194 351
194 352 194 395
194 396 194 439
194 440 194 483
194 484 194 527
195 0 195 43
195 44 195 87
195 88 195 131
195 132 195 175
195 176 195 219
195 220 195 263
195 264 195 307
195 308 195 351
195 352 195 395
195 396 195 439
195 440 195 483
195 484 195 527
196 0 196 43
196 44 196 87
196 88 196 131
196 132 196 175
196 176 196 219
196 220 196 263
196 264 196 307
196 308 196 351
196 352 196 395
196 396 196 439
196 440 196 483
196 484 196 527
196 528 199 538
197 0 197 43
197 44 197 87
197 88 197 131
197 132 197 175
197 176 197 219
197 220 197 263
197 264 197 307
197 308 197 351
197 352 197 395
197 396 197 439
197 440 197 483
197 484 197 527
198 0 198 43
198 44 198 87
198 88 198 131
198 132 198 175
198 176 198 219
198 220 198 263
198 264 198 307
198 308 198 351
198 352 198 395
198 396 198 439
198 440 198 483
198 484 198 527
199 0 199 43
199 44 199 87
199 88 199 131
199 132 199 175
199 176 199 219
199 220 199 263
199 264 199 307
199 308 199 351
199 352 199 395
199 396 199 439
199 440 199 483
199 484 199 527
200 0 200 43
200 44 200 87
200 88 200 131
200 132 200 175
200 176 200 219
200 220 200 263
200 264 200 307
200 308 200 351
200 352 200 395
200 396 200 439
200 440 200 483
200 484 200 527
200 528 203 538
201 0 201 43
201 44 201 87
201 88 201 131
201 132 201 175
201 176 201 219
201 220 201 263
201 264 201 307
201 308 201 351
201 352 201 395
201 396 201 439
201 440 201 483
201 484 201 527
202 0 202 43
202 44 202 87
202 88 202 131
202 132 202 175
202 176 202 219
202 220 202 263
202 264 202 307
202 308 202 351
202 352 202 395
202 396 202 439
202 440 202 483
202 484 202 527
203 0 203 43
203 44 203 87
203 88 203 131
203 132 203 175
203 176 203 219
203 220 203 263
203 264 203 307
203 308 203 351
203 352 203 395
203 396 203 439
203 440 203 483
203 484 203 527
204 0 204 43
204 44 204 87
204 88 204 131
204 132 204 175
204 176 204 219
204 220 204 263
204 264 204 307
204 308 204 351
204 352 204 395
204 396 204 439
204 440 204 483
204 484 204 527
204 528 207 538
205 0 205 43
205 44 205 87
205 88 205 131
205 132 205 175
205 176 205 219
205 220 205 263
205 264 205 307
205 308 205 351
205 352 205 395
205 396 205 439
205 440 205 483
205 484 205 527
206 0 206 43
206 44 206 87
206 88 206 131
206 132 206 175
206 176 206 219
206 220 206 263
206 264 206 307
206 308 206 351
206 352 206 395
206 396 206 439
206 440 206 483
206 484 206 527
207 0 207 43
207 44 207 87
207 88 207 131
207 132 207 175
207 176 207 219
207 220 207 263
207 264 207 307
207 308 207 351
207 352 207 395
207 396 207 439
207 440 207 483
207 484 207 527
208 0 208 43
208 44 208 87
208 88 208 131
208 132 208 175
208 176 208 219
208 220 208 263
208 264 208 307
208 308 208 351
208 352 208 395
208 396 208 439
208 440 208 483
208 484 208 527
208 528 211 538
209 0 209 43
209 44 209 87
209 88 209 131
209 132 209 175
209 176 209 219
209 220 209 263
209 264 209 307
209 308 209 351
209 352 209 395
209 396 209 439
209 440 209 483
209 484 209 527
210 0 210 43
210 44 210 87
210 88 210 131
210 132 210 175
210 176 210 219
210 220 210 263
210 264 210 307
210 308 210 351
210 352 210 395
210 396 210 439
210 440 210 483
210 484 210 527
211 0 211 43
211 44 211 87
211 88 211 131
211 132 211 175
211 176 211 219
211 220 211 263
211 264 211 307
211 308 211 351
211 352 211 395
211 396 211 439
211 440 211 483
211 484 211 527
212 0 212 43
212 44 212 87
212 88 212 131
212 132 212 175
212 176 212 219
212 220 212 263
212 264 212 307
212 308 212 351
212 352 212 395
212 396 212 439
212 440 212 483
212 484 212 527
212 528 215 538
213 0 213 43
213 44 213 87
213 88 213 131
213 132 213 175
213 176 213 219
213 220 213 263
213 264 213 307
213 308 213 351
213 352 213 395
213 396 213 439
213 440 213 483
213 484 213 527
214 0 214 43
214 44 214 87
214 88 214 131
214 132 214 175
214 176 214 219
214 220 214 263
214 264 214 307
214 308 214 351
214 352 214 395
214 396 214 439
214 440 214 483
214 484 214 527
215 0 215 43
215 44 215 87
215 88 215 131
215 132 215 175
215 176 215 219
215 220 215 263
215 264 215 307
215 308 215 351
215 352 215 395
215 396 215 439
215 440 215 483
215 484 215 527
216 0 216 43
216 44 216 87
216 88 216 131
216 132 216 175
216 176 216 219
216 220 216 263
216 264 216 307
216 308 216 351
216 352 216 395
216 396 216 439
216 440 216 483
216 484 216 527
216 528 219 538
217 0 217 43
217 44 217 87
217 88 217 131
217 132 217 175
217 176 217 219
217 220 217 263
217 264 217 307
217 308 217 351
217 352 217 395
217 396 217 439
217 440 217 483
217 484 217 527
218 0 218 43
218 44 218 87
218 88 218 131
218 132 218 175
218 176 218 219
218 220 218 263
218 264 218 307
218 308 218 351
218 352 218 395
218 396 218 439
218 440 218 483
218 484 218 527
219 0 219 43
219 44 219 87
219 88 219 131
219 132 219 175
219 176 219 219
219 220 219 263
219 264 219 307
219 308 219 351
219 352 219 395
219 396 219 439
219 440 219 483
219 484 219 527
220 0 220 43
220 44 220 87
220 88 220 131
220 132 220 175
220 176 220 219
220 220 220 263
220 264 220 307
220 308 220 351
220 352 220 395
220 396 220 439
220 440 220 483
220 484 220 527
220 528 223 538
221 0 221 43
221 44 221 87
221 88 221 131
221 132 221 175
221 176 221 219
221 220 221 263
221 264 221 307
221 308 221 351
221 352 221 395
221 396 221 439
221 440 221 483
221 484 221 527
222 0 222 43
222 44 222 87
222 88 222 131
222 132 222 175
222 176 222 219
222 220 222 263
222 264 222 307
222 308 222 351
222 352 222 395
222 396 222 439
222 440 222 483
222 484 222 527
223 0 223 43
223 44 223 87
223 88 223 131
223 132 223 175
223 176 223 219
223 220 223 263
223 264 223 307
223 308 223 351
223 352 223 395
223 396 223 439
223 440 223 483
223 484 223 527
224 0 224 43
224 44 224 87
224 88 224 131
224 132 224 175
224 176 224 219
224 220 224 263
224 264 224 307
224 308 224 351
224 352 224 395
224 396 224 439
224 440 224 483
224 484 224 527
224 528 227 538
225 0 225 43
225 44 225 87
225 88 225 131
225 132 225 175
225 176 225 219
225 220 225 263
225 264 225 307
225 308 225 351
225 352 225 395
225 396 225 439
225 440 225 483
225 484 225 527
226 0 226 43
226 44 226 87
226 88 226 131
226 132 226 175
226 176 226 219
226 220 226 263
226 264 226 307
226 308 226 351
226 352 226 395
226 396 226 439
226 440 226 483
226 484 226 527
227 0 227 43
227 44 227 87
227 88 227 131
227 132 227 175
227 176 227 219
227 220 227 263
227 264 227 307
227 308 227 351
227 352 227 395
227 396 227 439
227 440 227 483
227 484 227 527
228 0 228 43
228 44 228 87
228 88 228 131
228 132 228 175
228 176 228 219
228 220 228 263
228 264 228 307
228 308 228 351
228 352 228 395
228 396 228 439
228 440 228 483
228 484 228 527
228 528 231 538
229 0 229 43
229 44 229 87
229 88 229 131
229 132 229 175
229 176 229 219
229 220 229 263
229 264 229 307
229 308 229 351
229 352 229 395
229 396 229 439
229 440 229 483
229 484 229 527
230 0 230 43
230 44 230 87
230 88 230 131
230 132 230 175
230 176 230 219
230 220 230 263
230 264 230 307
230 308 230 351
230 352 230 395
230 396 230 439
230 440 230 483
230 484 230 527
231 0 231 43
231 44 231 87
231 88 231 131
231 132 231 175
231 176 231 219
231 220 231 263
231 264 231 307
231 308 231 351
231 352 231 395
231 396 231 439
231 440 231 483
231 484 231 527
232 0 232 43
232 44 232 87
232 88 232 131
232 132 232 175
232 176 232 219
232 220 232 263
232 264 232 307
232 308 232 351
232 352 232 395
232 396 232 439
232 440 232 483
232 484 232 527
232 528 235 538
233 0 233 43
233 44 233 87
233 88 233 131
233 132 233 175
233 176 233 219
233 220 233 263
233 264 233 307
233 308 233 351
233 352 233 395
233 396 233 439
233 440 233 483
233 484 233 527
234 0 234 43
234 44 234 87
234 88 234 131
234 132 235 153
234 154 234 197
234 198 234 241
234 242 234 285
234 286 234 329
234 330 234 373
234 374 234 417
234 418 234 461
234 462 234 505
234 506 235 527
235 0 235 43
235 44 235 87
235 88 235 131
235 154 235 197
235 198 235 241
235 242 235 285
235 286 235 329
235 330 235 373
235 374 235 417
235 418 235 461
235 462 235 505
236 0 236 43
236 44 236 87
236 88 236 131
236 132 236 175
236 176 236 219
236 220 236 263
236 264 236 307
236 308 236 351
236 352 236 395
236 396 236 439
236 440 236 483
236 484 236 527
236 528 239 538
237 0 237 43
237 44 237 87
237 88 237 131
237 132 237 175
237 176 237 219
237 220 237 263
237 264 237 307
237 308 237 351
237 352 237 395
237 396 237 439
237 440 237 483
237 484 237 527
238 0 238 43
238 44 238 87
238 88 238 131
238 132 238 175
238 176 238 219
238 220 238 263
238 264 238 307
238 308 238 351
238 352 238 395
238 396 238 439
238 440 238 483
238 484 238 527
239 0 239 43
239 44 239 87
239 88 239 131
239 132 239 175
239 176 239 219
239 220 239 263
239 264 239 307
239 308 239 351
239 352 239 395
239 396 239 439
239 440 239 483
239 484 239 527
240 0 240 43
240 44 240 87
240 88 240 131
240 132 240 175
240 176 240 219
240 220 240 263
240 264 240 307
240 308 240 351
240 352 240 395
240 396 240 439
240 440 240 483
240 484 240 527
240 528 243 538
241 0 241 43
241 44 241 87
241 88 241 131
241 132 241 175
241 176 241 219
241 220 241 263
241 264 241 307
241 308 241 351
241 352 241 395
241 396 241 439
241 440 241 483
241 484 241 527
242 0 242 43
242 44 242 87
242 88 242 131
242 132 242 175
242 176 242 219
242 220 242 263
242 264 242 307
242 308 242 351
242 352 242 395
242 396 242 439
242 440 242 483
242 484 242 527
243 0 243 43
243 44 243 87
243 88 243 131
243 132 243 175
243 176 243 219
243 220 243 263
243 264 243 307
243 308 243 351
243 352 243 395
243 396 243 439
243 440 243 483
243 484 243 527
244 0 244 43
244 44 244 87
244 88 244 131
244 132 244 175
244 176 244 219
244 220 244 263
244 264 244 307
244 308 244 351
244 352 244 395
244 396 244 439
244 440 244 483
244 484 244 527
244 528 247 538
245 0 245 43
245 44 245 87
245 88 245 131
245 132 245 175
245 176 245 219
245 220 245 263
245 264 245 307
245 308 245 351
245 352 245 395
245 396 245 439
245 440 245 483
245 484 245 527
246 0 246 43
246 44 246 87
246 88 246 131
246 132 246 175
246 176 246 219
246 220 246 263
246 264 246 307
246 308 246 351
246 352 246 395
246 396 246 439
246 440 246 483
246 484 246 527
247 0 247 43
247 44 247 87
247 88 247 131
247 132 247 175
247 176 247 219
247 220 247 263
247 264 247 307
247 308 247 351
247 352 247 395
247 396 247 439
247 440 247 483
247 484 247 527
248 0 248 43
248 44 248 87
248 88 248 131
248 132 248 175
248 176 248 219
248 220 248 263
248 264 248 307
248 308 248 351
248 352 248 395
248 396 248 439
248 440 248 483
248 484 248 527
248 528 251 538
249 0 249 43
249 44 249 87
249 88 249 131
249 132 249 175
249 176 249 219
249 220 249 263
249 264 249 307
249 308 249 351
249 352 249 395
249 396 249 439
249 440 249 483
249 484 249 527
250 0 250 43
250 44 250 87
250 88 250 131
250 132 250 175
250 176 250 219
250 220 250 263
250 264 250 307
250 308 250 351
250 352 250 395
250 396 250 439
250 440 250 483
250 484 250 527
251 0 251 43
251 44 251 87
251 88 251 131
251 132 251 175
251 176 251 219
251 220 251 263
251 264 251 307
251 308 251 351
251 352 251 395
251 396 251 439
251 440 251 483
251 484 251 527
252 0 252 43
252 44 252 87
252 88 252 131
252 132 252 175
252 176 252 219
252 220 252 263
252 264 252 307
252 308 252 351
252 352 252 395
252 396 252 439
252 440 252 483
252 484 252 527
252 528 255 538
253 0 253 43
253 44 253 87
253 88 253 131
253 132 253 175
253 176 253 219
253 220 253 263
253 264 253 307
253 308 253 351
253 352 253 395
253 396 253 439
253 440 253 483
253 484 253 527
254 0 254 43
254 44 254 87
254 88 254 131
254 132 254 175
254 176 254 219
254 220 254 263
254 264 254 307
254 308 254 351
254 352 254 395
254 396 254 439
254 440 254 483
254 484 254 527
255 0 255 43
255 44 255 87
255 88 255 131
255 132 255 175
255 176 255 219
255 220 255 263
255 264 255 307
255 308 255 351
255 352 255 395
255 396 255 439
255 440 255 483
255 484 255 527
256 0 256 43
256 44 256 87
256 88 256 131
256 132 256 175
256 176 256 219
256 220 256 263
256 264 256 307
256 308 256 351
256 352 256 395
256 396 256 439
256 440 256 483
256 484 256 527
256 528 259 538
257 0 257 43
257 44 257 87
257 88 257 131
257 132 257 175
257 176 257 219
257 220 257 263
257 264 257 307
257 308 257 351
257 352 257 395
257 396 257 439
257 440 257 483
257 484 257 527
258 0 258 43
258 44 258 87
258 88 258 131
258 132 258 175
258 176 258 219
258 220 258 263
258 264 258 307
258 308 258 351
258 352 258 395
258 396 258 439
258 440 258 483
258 484 258 527
259 0 259 43
259 44 259 87
259 88 259 131
259 132 259 175
259 176 259 219
259 220 259 263
259 264 259 307
259 308 259 351
259 352 259 395
259 396 259 439
259 440 259 483
259 484 259 527
260 0 260 43
260 44 260 87
260 88 260 131
260 132 260 175
260 176 260 219
260 220 260 263
260 264 260 307
260 308 260 351
260 352 260 395
260 396 260 439
260 440 260 483
260 484 260 527
260 528 263 538
261 0 261 43
261 44 261 87
261 88 261 131
261 132 261 175
261 176 261 219
261 220 261 263
261 264 261 307
261 308 261 351
261 352 261 395
261 396 261 439
261 440 261 483
261 484 261 527
262 0 262 43
262 44 262 87
262 88 262 131
262 132 262 175
262 176 262 219
262 220 262 263
262 264 262 307
262 308 262 351
262 352 262 395
262 396 262 439
262 440 262 483
262 484 262 527
263 0 263 43
263 44 263 87
263 88 263 131
263 132 263 175
263 176 263 219
263 220 263 263
263 264 263 307
263 308 263 351
263 352 263 395
263 396 263 439
263 440 263 483
263 484 263 527
264 0 264 43
264 44 264 87
264 88 264 131
264 132 264 175
264 176 264 219
264 220 264 263
264 264 264 307
264 308 264 351
264 352 264 395
264 396 264 439
264 440 264 483
264 484 264 527
264 528 267 538
265 0 265 43
265 44 265 87
265 88 265 131
265 132 265 175
265 176 265 219
265 220 265 263
265 264 265 307
265 308 265 351
265 352 265 395
265 396 265 439
265 440 265 483
265 484 265 527
266 0 266 43
266 44 266 87
266 88 266 131
266 132 266 175
266 176 266 219
266 220 266 263
266 264 266 307
266 308 266 351
266 352 266 395
266 396 266 439
266 440 266 483
266 484 266 527
267 0 267 43
267 44 267 87
267 88 267 131
267 132 267 175
267 176 267 219
267 220 267 263
267 264 267 307
267 308 267 351
267 352 267 395
267 396 267 439
267 440 267 483
267 484 267 527
268 0 268 43
268 44 268 87
268 88 268 131
268 132 268 175
268 176 268 219
268 220 268 263
268 264 268 307
268 308 268 351
268 352 268 395
268 396 268 439
268 440 268 483
268 484 268 527
268 528 271 538
269 0 269 43
269 44 269 87
269 88 269 131
269 132 269 175
269 176 269 219
269 220 269 263
269 264 269 307
269 308 269 351
269 352 269 395
269 396 269 439
269 440 269 483
269 484 269 527
270 0 270 43
270 44 270 87
270 88 270 131
270 132 270 175
270 176 270 219
270 220 270 263
270 264 270 307
270 308 270 351
270 352 270 395
270 396 270 439
270 440 270 483
270 484 270 527
271 0 271 43
271 44 271 87
271 88 271 131
271 132 271 175
271 176 271 219
271 220 271 263
271 264 271 307
271 308 271 351
271 352 271 395
271 396 271 439
271 440 271 483
271 484 271 527
272 0 272 43
272 44 272 87
272 88 272 131
272 132 272 175
272 176 272 219
272 220 272 263
272 264 272 307
272 308 272 351
272 352 272 395
272 396 272 439
272 440 272 483
272 484 272 527
272 528 275 538
273 0 273 43
273 44 273 87
273 88 273 131
273 132 273 175
273 176 273 219
273 220 273 263
273 264 273 307
273 308 273 351
273 352 273 395
273 396 273 439
273 440 273 483
273 484 273 527
274 0 274 43
274 44 274 87
274 88 274 131
274 132 274 175
274 176 274 219
274 220 274 263
274 264 274 307
274 308 274 351
274 352 274 395
274 396 274 439
274 440 274 483
274 484 274 527
275 0 275 43
275 44 275 87
275 88 275 131
275 132 275 175
275 176 275 219
275 220 275 263
275 264 275 307
275 308 275 351
275 352 275 395
275 396 275 439
275 440 275 483
275 484 275 527
276 0 276 43
276 44 276 87
276 88 276 131
276 132 276 175
276 176 276 219
276 220 276 263
276 264 276 307
276 308 276 351
276 352 276 395
276 396 276 439
276 440 276 483
276 484 276 527
276 528 279 538
277 0 277 43
277 44 277 87
277 88 277 131
277 132 277 175
277 176 277 219
277 220 277 263
277 264 277 307
277 308 277 351
277 352 277 395
277 396 277 439
277 440 277 483
277 484 277 527
278 0 278 43
278 44 278 87
278 88 278 131
278 132 278 175
278 176 278 219
278 220 278 263
278 264 278 307
278 308 278 351
278 352 278 395
278 396 278 439
278 440 278 483
278 484 278 527
279 0 279 43
279 44 279 87
279 88 279 131
279 132 279 175
279 176 279 219
279 220 279 263
279 264 279 307
279 308 279 351
279 352 279 395
279 396 279 439
279 440 279 483
279 484 279 527
280 0 280 43
280 44 280 87
280 88 280 131
280 132 280 175
280 176 280 219
280 220 280 263
280 264 280 307
280 308 280 351
280 352 280 395
280 396 280 439
280 440 280 483
280 484 280 527
280 528 283 538
281 0 281 43
281 44 281 87
281 88 281 131
281 132 281 175
281 176 281 219
281 220 281 263
281 264 281 307
281 308 281 351
281 352 281 395
281 396 282 417
281 418 281 461
281 462 281 505
281 506 282 527
282 0 282 43
282 44 282 87
282 88 282 131
282 132 282 175
282 176 282 219
282 220 282 263
282 264 282 307
282 308 282 351
282 352 282 395
282 418 282 461
282 462 282 505
283 0 283 43
283 44 283 87
283 88 283 131
283 132 283 175
283 176 283 219
283 220 283 263
283 264 283 307
283 308 283 351
283 352 283 395
283 396 283 439
283 440 283 483
283 484 283 527
284 0 284 43
284 44 284 87
284 88 284 131
284 132 284 175
284 176 284 219
284 220 284 263
284 264 284 307
284 308 284 351
284 352 284 395
284 396 284 439
284 440 284 483
284 484 284 527
284 528 287 538
285 0 285 43
285 44 285 87
285 88 285 131
285 132 285 175
285 176 285 219
285 220 285 263
285 264 285 307
285 308 285 351
285 352 285 395
285 396 285 439
285 440 285 483
285 484 285 527
286 0 286 43
286 44 286 87
286 88 286 131
286 132 286 175
286 176 286 219
286 220 286 263
286 264 286 307
286 308 286 351
286 352 286 395
286 396 286 439
286 440 286 483
286 484 286 527
287 0 287 43
287 44 287 87
287 88 287 131
287 132 287 175
287 176 287 219
287 220 287 263
287 264 287 307
287 308 287 351
287 352 287 395
287 396 287 439
287 440 287 483
287 484 287 527
288 0 288 43
288 44 288 87
288 88 288 131
288 132 288 175
288 176 288 219
288 220 288 263
288 264 288 307
288 308 288 351
288 352 288 395
288 396 288 439
288 440 288 483
288 484 288 527
288 528 291 538
289 0 289 43
289 44 289 87
289 88 289 131
289 132 289 175
289 176 289 219
289 220 289 263
289 264 289 307
289 308 289 351
289 352 289 395
289 396 289 439
289 440 289 483
289 484 289 527
290 0 290 43
290 44 290 87
290 88 290 131
290 132 290 175
290 176 290 219
290 220 290 263
290 264 290 307
290 308 290 351
290 352 290 395
290 396 290 439
290 440 290 483
290 484 290 527
291 0 291 43
291 44 291 87
291 88 291 131
291 132 291 175
291 176 291 219
291 220 291 263
291 264 291 307
291 308 291 351
291 352 291 395
291 396 291 439
291 440 291 483
291 484 291 527
292 0 292 43
292 44 292 87
292 88 292 131
292 132 292 175
292 176 292 219
292 220 292 263
292 264 292 307
292 308 292 351
292 352 292 395
292 396 292 439
292 440 292 483
292 484 292 527
292 528 295 538
293 0 293 43
293 44 293 87
293 88 293 131
293 132 293 175
293 176 293 219
293 220 293 263
293 264 293 307
293 308 293 351
293 352 293 395
293 396 293 439
293 440 293 483
293 484 293 527
294 0 294 43
294 44 294 87
294 88 294 131
294 132 294 175
294 176 294 219
294 220 294 263
294 264 294 307
294 308 294 351
294 352 294 395
294 396 294 439
294 440 294 483
294 484 294 527
295 0 295 43
295 44 295 87
295 88 295 131
295 132 295 175
295 176 295 219
295 220 295 263
295 264 295 307
295 308 295 351
295 352 295 395
295 396 295 439
295 440 295 483
295 484 295 527
296 0 296 43
296 44 296 87
296 88 296 131
296 132 296 175
296 176 296 219
296 220 296 263
296 264 296 307
296 308 296 351
296 352 296 395
296 396 296 439
296 440 296 483
296 484 296 527
296 528 299 538
297 0 297 43
297 44 297 87
297 88 297 131
297 132 297 175
297 176 297 219
297 220 297 263
297 264 297 307
297 308 297 351
297 352 297 395
297 396 297 439
297 440 297 483
297 484 297 527
298 0 298 43
298 44 298 87
298 88 298 131
298 132 298 175
298 176 298 219
298 220 298 263
298 264 298 307
298 308 298 351
298 352 298 395
298 396 298 439
298 440 298 483
298 484 298 527
299 0 299 43
299 44 299 87
299 88 299 131
299 132 299 175
299 176 299 219
299 220 299 263
299 264 299 307
299 308 299 351
299 352 299 395
299 396 299 439
299 440 299 483
299 484 299 527
300 0 300 43
300 44 300 87
300 88 300 131
300 132 300 175
300 176 300 219
300 220 300 263
300 264 300 307
300 308 300 351
300 352 300 395
300 396 300 439
300 440 300 483
300 484 300 527
300 528 303 538
301 0 301 43
301 44 301 87
301 88 301 131
301 132 301 175
301 176 301 219
301 220 301 263
301 264 301 307
301 308 301 351
301 352 301 395
301 396 301 439
301 440 301 483
301 484 301 527
302 0 302 43
302 44 302 87
302 88 302 131
302 132 302 175
302 176 302 219
302 220 302 263
302 264 302 307
302 308 302 351
302 352 302 395
302 396 302 439
302 440 302 483
302 484 302 527
303 0 303 43
303 44 303 87
303 88 303 131
303 132 303 175
303 176 303 219
303 220 303 263
303 264 303 307
303 308 303 351
303 352 303 395
303 396 303 439
303 440 303 483
303 484 303 527
304 0 304 43
304 44 304 87
304 88 304 131
304 132 304 175
304 176 304 219
304 220 304 263
304 264 304 307
304 308 304 351
304 352 304 395
304 396 304 439
304 440 304 483
304 484 304 527
304 528 307 538
305 0 305 43
305 44 305 87
305 88 305 131
305 132 305 175
305 176 305 219
305 220 305 263
305 264 305 307
305 308 305 351
305 352 305 395
305 396 305 439
305 440 305 483
305 484 305 527
306 0 306 43
306 44 306 87
306 88 306 131
306 132 306 175
306 176 306 219
306 220 306 263
306 264 306 307
306 308 306 351
306 352 306 395
306 396 306 439
306 440 306 483
306 484 306 527
307 0 307 43
307 44 307 87
307 88 307 131
307 132 307 175
307 176 307 219
307 220 307 263
307 264 307 307
307 308 307 351
307 352 307 395
307 396 307 439
307 440 307 483
307 484 307 527
308 0 308 43
308 44 308 87
308 88 308 131
308 132 308 175
308 176 308 219
308 220 308 263
308 264 308 307
308 308 308 351
308 352 308 395
308 396 308 439
308 440 308 483
308 484 308 527
308 528 311 538
309 0 309 43
309 44 309 87
309 88 309 131
309 132 309 175
309 176 309 219
309 220 309 263
309 264 309 307
309 308 309 351
309 352 309 395
309 396 309 439
309 440 309 483
309 484 309 527
310 0 310 43
310 44 310 87
310 88 310 131
310 132 310 175
310 176 310 219
310 220 310 263
310 264 310 307
310 308 310 351
310 352 310 395
310 396 310 439
310 440 310 483
310 484 310 527
311 0 311 43
311 44 311 87
311 88 311 131
311 132 311 175
311 176 311 219
311 220 311 263
311 264 311 307
311 308 311 351
311 352 311 395
311 396 311 439
311 440 311 483
311 484 311 527
312 0 312 43
312 44 312 87
312 88 312 131
312 132 312 175
312 176 312 219
312 220 312 263
312 264 312 307
312 308 312 351
312 352 312 395
312 396 312 439
312 440 312 483
312 484 312 527
312 528 315 538
313 0 313 43
313 44 313 87
313 88 313 131
313 132 313 175
313 176 313 219
313 220 313 263
313 264 313 307
313 308 313 351
313 352 313 395
313 396 313 439
313 440 313 483
313 484 313 527
314 0 314 43
314 44 314 87
314 88 314 131
314 132 314 175
314 176 314 219
314 220 314 263
314 264 314 307
314 308 314 351
314 352 314 395
314 396 314 439
314 440 314 483
314 484 314 527
315 0 315 43
315 44 315 87
315 88 315 131
315 132 315 175
315 176 315 219
315 220 315 263
315 264 315 307
315 308 315 351
315 352 315 395
315 396 315 439
315 440 315 483
315 484 315 527
316 0 316 43
316 44 316 87
316 88 316 131
316 132 316 175
316 176 316 219
316 220 316 263
316 264 316 307
316 308 316 351
316 352 316 395
316 396 316 439
316 440 316 483
316 484 316 527
316 528 319 538
317 0 317 43
317 44 317 87
317 88 317 131
317 132 317 175
317 176 317 219
317 220 317 263
317 264 317 307
317 308 317 351
317 352 317 395
317 396 317 439
317 440 317 483
317 484 317 527
318 0 318 43
318 44 318 87
318 88 318 131
318 132 318 175
318 176 318 219
318 220 318 263
318 264 318 307
318 308 318 351
318 352 318 395
318 396 318 439
318 440 318 483
318 484 318 527
319 0 319 43
319 44 319 87
319 88 319 131
319 132 319 175
319 176 319 219
319 220 319 263
319 264 319 307
319 308 319 351
319 352 319 395
319 396 319 439
319 440 319 483
319 484 319 527
320 0 320 43
320 44 320 87
320 88 320 131
320 132 320 175
320 176 320 219
320 220 320 263
320 264 320 307
320 308 320 351
320 352 320 395
320 396 320 439
320 440 320 483
320 484 320 527
320 528 323 538
321 0 321 43
321 44 321 87
321 88 321 131
321 132 321 175
321 176 321 219
321 220 321 263
321 264 321 307
321 308 321 351
321 352 321 395
321 396 321 439
321 440 321 483
321 484 321 527
322 0 322 43
322 44 322 87
322 88 322 131
322 132 322 175
322 176 322 219
322 220 322 263
322 264 322 307
322 308 322 351
322 352 322 395
322 396 322 439
322 440 322 483
322 484 322 527
323 0 323 43
323 44 323 87
323 88 323 131
323 132 323 175
323 176 323 219
323 220 323 263
323 264 323 307
323 308 323 351
323 352 323 395
323 396 323 439
323 440 323 483
323 484 323 527
324 0 324 43
324 44 324 87
324 88 324 131
324 132 324 175
324 176 324 219
324 220 324 263
324 264 324 307
324 308 324 351
324 352 324 395
324 396 324 439
324 440 324 483
324 484 324 527
324 528 327 538
325 0 325 43
325 44 325 87
325 88 325 131
325 132 325 175
325 176 325 219
325 220 325 263
325 264 325 307
325 308 325 351
325 352 325 395
325 396 325 439
325 440 325 483
325 484 325 527
326 0 326 43
326 44 326 87
326 88 326 131
326 132 326 175
326 176 326 219
326 220 326 263
326 264 326 307
326 308 326 351
326 352 326 395
326 396 326 439
326 440 326 483
326 484 326 527
327 0 327 43
327 44 327 87
327 88 327 131
327 132 327 175
327 176 327 219
327 220 327 263
327 264 327 307
327 308 327 351
327 352 327 395
327 396 327 439
327 440 327 483
327 484 327 527
328 0 328 43
328 44 328 87
328 88 328 131
328 132 328 175
328 176 328 219
328 220 328 263
328 264 328 307
328 308 328 351
328 352 328 395
328 396 328 439
328 440 328 483
328 484 328 527
328 528 331 538
329 0 329 43
329 44 329 87
329 88 329 131
329 132 329 175
329 176 329 219
329 220 329 263
329 264 329 307
329 308 329 351
329 352 329 395
329 396 329 439
329 440 329 483
329 484 329 527
330 0 330 43
330 44 330 87
330 88 330 131
330 132 330 175
330 176 330 219
330 220 330 263
330 264 330 307
330 308 330 351
330 352 330 395
330 396 330 439
330 440 330 483
330 484 330 527
331 0 331 43
331 44 331 87
331 88 331 131
331 132 331 175
331 176 331 219
331 220 331 263
331 264 331 307
331 308 331 351
331 352 331 395
331 396 331 439
331 440 331 483
331 484 331 527
332 0 332 43
332 44 332 87
332 88 332 131
332 132 332 175
332 176 332 219
332 220 332 263
332 264 332 307
332 308 332 351
332 352 332 395
332 396 332 439
332 440 332 483
332 484 332 527
332 528 335 538
333 0 333 43
333 44 333 87
333 88 333 131
333 132 333 175
333 176 333 219
333 220 333 263
333 264 333 307
333 308 333 351
333 352 333 395
333 396 333 439
333 440 333 483
333 484 333 527
334 0 334 43
334 44 334 87
334 88 334 131
334 132 334 175
334 176 334 219
334 220 334 263
334 264 334 307
334 308 334 351
334 352 334 395
334 396 334 439
334 440 334 483
334 484 334 527
335 0 335 43
335 44 335 87
335 88 335 131
335 132 335 175
335 176 335 219
335 220 335 263
335 264 335 307
335 308 335 351
335 352 335 395
335 396 335 439
335 440 335 483
335 484 335 527
336 0 336 43
336 44 336 87
336 88 336 131
336 132 336 175
336 176 336 219
336 220 336 263
336 264 336 307
336 308 336 351
336 352 336 395
336 396 336 439
336 440 336 483
336 484 336 527
336 528 339 538
337 0 337 43
337 44 337 87
337 88 337 131
337 132 337 175
337 176 337 219
337 220 337 263
337 264 337 307
337 308 337 351
337 352 337 395
337 396 337 439
337 440 337 483
337 484 337 527
338 0 338 43
338 44 338 87
338 88 338 131
338 132 338 175
338 176 338 219
338 220 338 263
338 264 338 307
338 308 338 351
338 352 338 395
338 396 338 439
338 440 338 483
338 484 338 527
339 0 339 43
339 44 339 87
339 88 339 131
339 132 339 175
339 176 339 219
339 220 339 263
339 264 339 307
339 308 339 351
339 352 339 395
339 396 339 439
339 440 339 483
339 484 339 527
340 0 340 43
340 44 340 87
340 88 340 131
340 132 340 175
340 176 340 219
340 220 340 263
340 264 340 307
340 308 340 351
340 352 340 395
340 396 340 439
340 440 340 483
340 484 340 527
340 528 343 538
341 0 341 43
341 44 341 87
341 88 341 131
341 132 341 175
341 176 341 219
341 220 341 263
341 264 341 307
341 308 341 351
341 352 341 395
341 396 341 439
341 440 341 483
341 484 341 527
342 0 342 43
342 44 342 87
342 88 342 131
342 132 342 175
342 176 342 219
342 220 342 263
342 264 342 307
342 308 342 351
342 352 342 395
342 396 342 439
342 440 342 483
342 484 342 527
343 0 343 43
343 44 343 87
343 88 343 131
343 132 343 175
343 176 343 219
343 220 343 263
343 264 343 307
343 308 343 351
343 352 343 395
343 396 343 439
343 440 343 483
343 484 343 527
344 0 344 43
344 44 344 87
344 88 344 131
344 132 344 175
344 176 344 219
344 220 344 263
344 264 344 307
344 308 344 351
344 352 344 395
344 396 344 439
344 440 344 483
344 484 344 527
344 528 347 538
345 0 345 43
345 44 345 87
345 88 345 131
345 132 345 175
345 176 345 219
345 220 345 263
345 264 345 307
345 308 345 351
345 352 345 395
345 396 345 439
345 440 345 483
345 484 345 527
346 0 346 43
346 44 346 87
346 88 346 131
346 132 346 175
346 176 346 219
346 220 346 263
346 264 346 307
346 308 346 351
346 352 346 395
346 396 346 439
346 440 346 483
346 484 346 527
347 0 347 43
347 44 347 87
347 88 347 131
347 132 347 175
347 176 347 219
347 220 347 263
347 264 347 307
347 308 347 351
347 352 347 395
347 396 347 439
347 440 347 483
347 484 347 527
348 0 348 43
348 44 348 87
348 88 348 131
348 132 348 175
348 176 348 219
348 220 348 263
348 264 348 307
348 308 348 351
348 352 348 395
348 396 348 439
348 440 348 483
348 484 348 527
348 528 351 538
349 0 349 43
349 44 349 87
349 88 349 131
349 132 349 175
349 176 349 219
349 220 349 263
349 264 349 307
349 308 349 351
349 352 349 395
349 396 349 439
349 440 349 483
349 484 349 527
350 0 350 43
350 44 350 87
350 88 350 131
350 132 350 175
350 176 350 219
350 220 350 263
350 264 350 307
350 308 350 351
350 352 350 395
350 396 350 439
350 440 350 483
350 484 350 527
351 0 351 43
351 44 351 87
351 88 351 131
351 132 351 175
351 176 351 219
351 220 351 263
351 264 351 307
351 308 351 351
351 352 351 395
351 396 351 439
351 440 351 483
351 484 351 527
352 0 352 43
352 44 352 87
352 88 352 131
352 132 352 175
352 176 352 219
352 220 352 263
352 264 352 307
352 308 352 351
352 352 352 395
352 396 352 439
352 440 352 483
352 484 352 527
352 528 355 538
353 0 353 43
353 44 353 87
353 88 353 131
353 132 353 175
353 176 353 219
353 220 353 263
353 264 353 307
353 308 353 351
353 352 353 395
353 396 353 439
353 440 353 483
353 484 353 527
354 0 354 43
354 44 354 87
354 88 354 131
354 132 354 175
354 176 354 219
354 220 354 263
354 264 354 307
354 308 354 351
354 352 354 395
354 396 354 439
354 440 354 483
354 484 354 527
355 0 355 43
355 44 355 87
355 88 355 131
355 132 355 175
355 176 355 219
355 220 355 263
355 264 355 307
355 308 355 351
355 352 355 395
355 396 355 439
355 440 355 483
355 484 355 527
356 0 356 43
356 44 356 87
356 88 356 131
356 132 356 175
356 176 356 219
356 220 356 263
356 264 356 307
356 308 356 351
356 352 356 395
356 396 356 439
356 440 356 483
356 484 356 527
356 528 359 538
357 0 357 43
357 44 357 87
357 88 357 131
357 132 357 175
357 176 357 219
357 220 357 263
357 264 357 307
357 308 357 351
357 352 357 395
357 396 357 439
357 440 357 483
357 484 357 527
358 0 358 43
358 44 358 87
358 88 358 131
358 132 358 175
358 176 358 219
358 220 358 263
358 264 358 307
358 308 358 351
358 352 358 395
358 396 358 439
358 440 358 483
358 484 358 527
359 0 359 43
359 44 359 87
359 88 359 131
359 132 359 175
359 176 359 219
359 220 359 263
359 264 359 307
359 308 359 351
359 352 359 395
359 396 359 439
359 440 359 483
359 484 359 527
360 0 360 43
360 44 360 87
360 88 360 131
360 132 360 175
360 176 360 219
360 220 360 263
360 264 360 307
360 308 360 351
360 352 360 395
360 396 360 439
360 440 360 483
360 484 360 527
360 528 363 538
361 0 361 43
361 44 361 87
361 88 361 131
361 132 361 175
361 176 361 219
361 220 361 263
361 264 361 307
361 308 361 351
361 352 361 395
361 396 361 439
361 440 361 483
361 484 361 527
362 0 362 43
362 44 362 87
362 88 362 131
362 132 362 175
362 176 362 219
362 220 362 263
362 264 362 307
362 308 362 351
362 352 362 395
362 396 362 439
362 440 362 483
362 484 362 527
363 0 363 43
363 44 363 87
363 88 363 131
363 132 363 175
363 176 363 219
363 220 363 263
363 264 363 307
363 308 363 351
363 352 363 395
363 396 363 439
363 440 363 483
363 484 363 527
364 0 364 43
364 44 364 87
364 88 364 131
364 132 364 175
364 176 364 219
364 220 364 263
364 264 364 307
364 308 364 351
364 352 364 395
364 396 364 439
364 440 364 483
364 484 364 527
364 528 367 538
365 0 365 43
365 44 365 87
365 88 365 131
365 132 365 175
365 176 365 219
365 220 365 263
365 264 365 307
365 308 365 351
365 352 365 395
365 396 365 439
365 440 365 483
365 484 365 527
366 0 366 43
366 44 366 87
366 88 366 131
366 132 366 175
366 176 366 219
366 220 366 263
366 264 366 307
366 308 366 351
366 352 366 395
366 396 366 439
366 440 366 483
366 484 366 527
367 0 367 43
367 44 367 87
367 88 367 131
367 132 367 175
367 176 367 219
367 220 367 263
367 264 367 307
367 308 367 351
367 352 367 395
367 396 367 439
367 440 367 483
367 484 367 527
368 0 368 43
368 44 368 87
368 88 368 131
368 132 368 175
368 176 368 219
368 220 368 263
368 264 368 307
368 308 368 351
368 352 368 395
368 396 368 439
368 440 368 483
368 484 368 527
368 528 371 538
369 0 369 43
369 44 369 87
369 88 369 131
369 132 369 175
369 176 369 219
369 220 369 263
369 264 369 307
369 308 369 351
369 352 369 395
369 396 369 439
369 440 369 483
369 484 369 527
370 0 370 43
370 44 370 87
370 88 370 131
370 132 370 175
370 176 370 219
370 220 370 263
370 264 370 307
370 308 370 351
370 352 370 395
370 396 370 439
370 440 370 483
370 484 370 527
371 0 371 43
371 44 371 87
371 88 371 131
371 132 371 175
371 176 371 219
371 220 371 263
371 264 371 307
371 308 371 351
371 352 371 395
371 396 371 439
371 440 371 483
371 484 371 527
372 0 372 43
372 44 372 87
372 88 372 131
372 132 372 175
372 176 372 219
372 220 372 263
372 264 372 307
372 308 372 351
372 352 372 395
372 396 372 439
372 440 372 483
372 484 372 527
372 528 375 538
373 0 373 43
373 44 373 87
373 88 373 131
373 132 373 175
373 176 373 219
373 220 373 263
373 264 373 307
373 308 373 351
373 352 373 395
373 396 373 439
373 440 373 483
373 484 373 527
374 0 374 43
374 44 374 87
374 88 374 131
374 132 374 175
374 176 374 219
374 220 374 263
374 264 374 307
374 308 374 351
374 352 374 395
374 396 374 439
374 440 374 483
374 484 374 527
375 0 375 43
375 44 375 87
375 88 375 131
375 132 375 175
375 176 375 219
375 220 375 263
375 264 375 307
375 308 375 351
375 352 375 395
375 396 375 439
375 440 375 483
375 484 375 527
376 0 376 43
376 44 376 87
376 88 376 131
376 132 376 175
376 176 376 219
376 220 376 263
376 264 376 307
376 308 376 351
376 352 376 395
376 396 376 439
376 440 376 483
376 484 376 527
376 528 379 538
377 0 377 43
377 44 377 87
377 88 377 131
377 132 377 175
377 176 377 219
377 220 377 263
377 264 377 307
377 308 377 351
377 352 377 395
377 396 377 439
377 440 377 483
377 484 377 527
378 0 378 43
378 44 378 87
378 88 378 131
378 132 378 175
378 176 378 219
378 220 378 263
378 264 378 307
378 308 378 351
378 352 378 395
378 396 378 439
378 440 378 483
378 484 378 527
379 0 379 43
379 44 379 87
379 88 379 131
379 132 379 175
379 176 379 219
379 220 379 263
379 264 379 307
379 308 379 351
379 352 379 395
379 396 379 439
379 440 379 483
379 484 379 527
380 0 380 43
380 44 380 87
380 88 380 131
380 132 380 175
380 176 380 219
380 220 380 263
380 264 380 307
380 308 380 351
380 352 380 395
380 396 380 439
380 440 380 483
380 484 380 527
380 528 383 538
381 0 381 43
381 44 381 87
381 88 381 131
381 132 381 175
381 176 381 219
381 220 381 263
381 264 381 307
381 308 381 351
381 352 381 395
381 396 381 439
381 440 381 483
381 484 381 527
382 0 382 43
382 44 382 87
382 88 382 131
382 132 382 175
382 176 382 219
382 220 382 263
382 264 382 307
382 308 382 351
382 352 382 395
382 396 382 439
382 440 382 483
382 484 382 527
383 0 383 43
383 44 383 87
383 88 383 131
383 132 383 175
383 176 383 219
383 220 383 263
383 264 383 307
383 308 383 351
383 352 383 395
383 396 383 439
383 440 383 483
383 484 383 527
384 0 384 43
384 44 384 87
384 88 384 131
384 132 384 175
384 176 384 219
384 220 384 263
384 264 384 307
384 308 384 351
384 352 384 395
384 396 384 439
384 440 384 483
384 484 384 527
384 528 387 538
385 0 385 43
385 44 385 87
385 88 385 131
385 132 385 175
385 176 385 219
385 220 385 263
385 264 385 307
385 308 385 351
385 352 385 395
385 396 385 439
385 440 385 483
385 484 385 527
386 0 386 43
386 44 386 87
386 88 386 131
386 132 386 175
386 176 386 219
386 220 386 263
386 264 386 307
386 308 387 329
386 330 389 340
386 341 389 351
386 352 386 395
386 396 386 439
386 440 386 483
386 484 386 527
387 0 387 43
387 44 387 87
387 88 387 131
387 132 387 175
387 176 387 219
387 220 387 263
387 264 387 307
387 352 387 395
387 396 387 439
387 440 387 483
387 484 387 527
388 0 388 43
388 44 388 87
388 88 388 131
388 132 388 175
388 176 388 219
388 220 388 263
388 264 388 307
388 308 389 329
388 352 388 395
388 396 388 439
388 440 388 483
388 484 388 527
388 528 391 538
389 0 389 43
389 44 389 87
389 88 389 131
389 132 389 175
389 176 389 219
389 220 389 263
389 264 389 307
389 352 389 395
389 396 389 439
389 440 389 483
389 484 389 527
390 0 390 43
390 44 390 87
390 88 390 131
390 132 390 175
390 176 390 219
390 220 390 263
390 264 390 307
390 308 390 351
390 352 390 395
390 396 390 439
390 440 390 483
390 484 390 527
391 0 391 43
391 44 391 87
391 88 391 131
391 132 391 175
391 176 391 219
391 220 391 263
391 264 391 307
391 308 391 351
391 352 391 395
391 396 391 439
391 440 391 483
391 484 391 527
392 0 392 43
392 44 392 87
392 88 392 131
392 132 392 175
392 176 392 219
392 220 392 263
392 264 392 307
392 308 392 351
392 352 392 395
392 396 392 439
392 440 392 483
392 484 392 527
392 528 395 538
393 0 393 43
393 44 393 87
393 88 393 131
393 132 393 175
393 176 393 219
393 220 393 263
393 264 393 307
393 308 393 351
393 352 393 395
393 396 393 439
393 440 393 483
393 484 393 527
394 0 394 43
394 44 394 87
394 88 394 131
394 132 394 175
394 176 394 219
394 220 394 263
394 264 394 307
394 308 394 351
394 352 394 395
394 396 394 439
394 440 394 483
394 484 394 527
395 0 395 43
395 44 395 87
395 88 395 131
395 132 395 175
395 176 395 219
395 220 395 263
395 264 395 307
395 308 395 351
395 352 395 395
395 396 395 439
395 440 395 483
395 484 395 527
396 0 396 43
396 44 396 87
396 88 396 131
396 132 396 175
396 176 396 219
396 220 396 263
396 264 396 307
396 308 396 351
396 352 396 395
396 396 396 439
396 440 396 483
396 484 396 527
396 528 399 538
397 0 397 43
397 44 397 87
397 88 397 131
397 132 397 175
397 176 397 219
397 220 397 263
397 264 397 307
397 308 397 351
397 352 397 395
397 396 397 439
397 440 397 483
397 484 397 527
398 0 398 43
398 44 398 87
398 88 398 131
398 132 398 175
398 176 398 219
398 220 398 263
398 264 398 307
398 308 398 351
398 352 398 395
398 396 398 439
398 440 398 483
398 484 398 527
399 0 399 43
399 44 399 87
399 88 399 131
399 132 399 175
399 176 399 219
399 220 399 263
399 264 399 307
399 308 399 351
399 352 399 395
399 396 399 439
399 440 399 483
399 484 399 527
400 0 400 43
400 44 400 87
400 88 400 131
400 132 400 175
400 176 400 219
400 220 400 263
400 264 400 307
400 308 400 351
400 352 400 395
400 396 400 439
400 440 400 483
400 484 400 527
400 528 403 538
401 0 401 43
401 44 401 87
401 88 401 131
401 132 401 175
401 176 401 219
401 220 401 263
401 264 401 307
401 308 401 351
401 352 401 395
401 396 401 439
401 440 401 483
401 484 401 527
402 0 402 43
402 44 402 87
402 88 402 131
402 132 402 175
402 176 402 219
402 220 402 263
402 264 402 307
402 308 402 351
402 352 402 395
402 396 402 439
402 440 402 483
402 484 402 527
403 0 403 43
403 44 403 87
403 88 403 131
403 132 403 175
403 176 403 219
403 220 403 263
403 264 403 307
403 308 403 351
403 352 403 395
403 396 403 439
403 440 403 483
403 484 403 527
404 0 404 43
404 44 404 87
404 88 404 131
404 132 404 175
404 176 404 219
404 220 404 263
404 264 404 307
404 308 404 351
404 352 404 395
404 396 404 439
404 440 404 483
404 484 404 527
404 528 407 538
405 0 405 43
405 44 405 87
405 88 405 131
405 132 405 175
405 176 405 219
405 220 405 263
405 264 405 307
405 308 405 351
405 352 405 395
405 396 405 439
405 440 405 483
405 484 405 527
406 0 406 43
406 44 406 87
406 88 406 131
406 132 406 175
406 176 406 219
406 220 406 263
406 264 406 307
406 308 406 351
406 352 406 395
406 396 406 439
406 440 406 483
406 484 406 527
407 0 407 43
407 44 407 87
407 88 407 131
407 132 407 175
407 176 407 219
407 220 407 263
407 264 407 307
407 308 407 351
407 352 407 395
407 396 407 439
407 440 407 483
407 484 407 527
408 0 408 43
408 44 408 87
408 88 408 131
408 132 408 175
408 176 408 219
408 220 408 263
408 264 408 307
408 308 408 351
408 352 408 395
408 396 408 439
408 440 408 483
408 484 408 527
408 528 411 538
409 0 409 43
409 44 409 87
409 88 409 131
409 132 409 175
409 176 409 219
409 220 409 263
409 264 409 307
409 308 409 351
409 352 409 395
409 396 409 439
409 440 409 483
409 484 409 527
410 0 410 43
410 44 410 87
410 88 410 131
410 132 410 175
410 176 410 219
410 220 410 263
410 264 410 307
410 308 410 351
410 352 410 395
410 396 410 439
410 440 410 483
410 484 410 527
411 0 411 43
411 44 411 87
411 88 411 131
411 132 411 175
411 176 411 219
411 220 411 263
411 264 411 307
411 308 411 351
411 352 411 395
411 396 411 439
411 440 411 483
411 484 411 527
412 0 412 43
412 44 412 87
412 88 412 131
412 132 412 175
412 176 412 219
412 220 412 263
412 264 412 307
412 308 412 351
412 352 412 395
412 396 412 439
412 440 412 483
412 484 412 527
412 528 415 538
413 0 413 43
413 44 413 87
413 88 413 131
413 132 413 175
413 176 413 219
413 220 413 263
413 264 413 307
413 308 413 351
413 352 413 395
413 396 413 439
413 440 413 483
413 484 413 527
414 0 414 43
414 44 414 87
414 88 414 131
414 132 414 175
414 176 414 219
414 220 414 263
414 264 414 307
414 308 414 351
414 352 414 395
414 396 414 439
414 440 414 483
414 484 414 527
415 0 415 43
415 44 415 87
415 88 415 131
415 132 415 175
415 176 415 219
415 220 415 263
415 264 415 307
415 308 415 351
415 352 415 395
415 396 415 439
415 440 415 483
415 484 415 527
416 0 416 43
416 44 416 87
416 88 416 131
416 132 416 175
416 176 416 219
416 220 416 263
416 264 416 307
416 308 416 351
416 352 416 395
416 396 416 439
416 440 416 483
416 484 416 527
416 528 419 538
417 0 417 43
417 44 417 87
417 88 417 131
417 132 417 175
417 176 417 219
417 220 417 263
417 264 417 307
417 308 417 351
417 352 417 395
417 396 417 439
417 440 417 483
417 484 417 527
418 0 418 43
418 44 418 87
418 88 418 131
418 132 418 175
418 176 418 219
418 220 418 263
418 264 418 307
418 308 418 351
418 352 418 395
418 396 418 439
418 440 418 483
418 484 418 527
419 0 419 43
419 44 419 87
419 88 419 131
419 132 419 175
419 176 419 219
419 220 419 263
419 264 419 307
419 308 419 351
419 352 419 395
419 396 419 439
419 440 419 483
419 484 419 527
420 0 420 43
420 44 420 87
420 88 420 131
420 132 420 175
420 176 420 219
420 220 420 263
420 264 420 307
420 308 420 351
420 352 420 395
420 396 420 439
420 440 420 483
420 484 420 527
420 528 423 538
421 0 421 43
421 44 421 87
421 88 421 131
421 132 421 175
421 176 421 219
421 220 421 263
421 264 421 307
421 308 421 351
421 352 421 395
421 396 421 439
421 440 421 483
421 484 421 527
422 0 422 43
422 44 422 87
422 88 422 131
422 132 422 175
422 176 422 219
422 220 422 263
422 264 422 307
422 308 422 351
422 352 422 395
422 396 422 439
422 440 422 483
422 484 422 527
423 0 423 43
423 44 423 87
423 88 423 131
423 132 423 175
423 176 423 219
423 220 423 263
423 264 423 307
423 308 423 351
423 352 423 395
423 396 423 439
423 440 423 483
423 484 423 527
424 0 424 43
424 44 424 87
424 88 424 131
424 132 424 175
424 176 424 219
424 220 424 263
424 264 424 307
424 308 424 351
424 352 424 395
424 396 424 439
424 440 424 483
424 484 424 527
424 528 427 538
425 0 425 43
425 44 425 87
425 88 425 131
425 132 425 175
425 176 425 219
425 220 425 263
425 264 425 307
425 308 425 351
425 352 425 395
425 396 425 439
425 440 425 483
425 484 425 527
426 0 426 43
426 44 426 87
426 88 426 131
426 132 426 175
426 176 426 219
426 220 426 263
426 264 426 307
426 308 426 351
426 352 426 395
426 396 426 439
426 440 426 483
426 484 426 527
427 0 427 43
427 44 427 87
427 88 427 131
427 132 427 175
427 176 427 219
427 220 427 263
427 264 427 307
427 308 427 351
427 352 427 395
427 396 427 439
427 440 427 483
427 484 427 527
428 0 428 43
428 44 428 87
428 88 428 131
428 132 428 175
428 176 428 219
428 220 428 263
428 264 428 307
428 308 428 351
428 352 428 395
428 396 428 439
428 440 428 483
428 484 428 527
428 528 431 538
429 0 429 43
429 44 429 87
429 88 429 131
429 132 429 175
429 176 429 219
429 220 429 263
429 264 429 307
429 308 429 351
429 352 429 395
429 396 429 439
429 440 429 483
429 484 429 527
430 0 430 43
430 44 430 87
430 88 430 131
430 132 430 175
430 176 430 219
430 220 430 263
430 264 430 307
430 308 430 351
430 352 430 395
430 396 430 439
430 440 430 483
430 484 430 527
431 0 431 43
431 44 431 87
431 88 431 131
431 132 431 175
431 176 431 219
431 220 431 263
431 264 431 307
431 308 431 351
431 352 431 395
431 396 431 439
431 440 431 483
431 484 431 527
432 0 432 43
432 44 432 87
432 88 432 131
432 132 432 175
432 176 432 219
432 220 432 263
432 264 432 307
432 308 432 351
432 352 432 395
432 396 432 439
432 440 432 483
432 484 432 527
432 528 435 538
433 0 433 43
433 44 433 87
433 88 433 131
433 132 433 175
433 176 433 219
433 220 433 263
433 264 433 307
433 308 433 351
433 352 433 395
433 396 433 439
433 440 433 483
433 484 433 527
434 0 434 43
434 44 434 87
434 88 434 131
434 132 434 175
434 176 434 219
434 220 434 263
434 264 434 307
434 308 434 351
434 352 434 395
434 396 434 439
434 440 434 483
434 484 434 527
435 0 435 43
435 44 435 87
435 88 435 131
435 132 435 175
435 176 435 219
435 220 435 263
435 264 435 307
435 308 435 351
435 352 435 395
435 396 435 439
435 440 435 483
435 484 435 527
436 0 436 43
436 44 436 87
436 88 436 131
436 132 436 175
436 176 436 219
436 220 436 263
436 264 436 307
436 308 436 351
436 352 436 395
436 396 436 439
436 440 436 483
436 484 436 527
436 528 439 538
437 0 437 43
437 44 437 87
437 88 437 131
437 132 437 175
437 176 437 219
437 220 437 263
437 264 437 307
437 308 437 351
437 352 437 395
437 396 437 439
437 440 437 483
437 484 437 527
438 0 438 43
438 44 438 87
438 88 438 131
438 132 438 175
438 176 438 219
438 220 438 263
438 264 438 307
438 308 438 351
438 352 438 395
438 396 438 439
438 440 438 483
438 484 438 527
439 0 439 43
439 44 439 87
439 88 439 131
439 132 439 175
439 176 439 219
439 220 439 263
439 264 439 307
439 308 439 351
439 352 439 395
439 396 439 439
439 440 439 483
439 484 439 527
440 0 440 43
440 44 440 87
440 88 440 131
440 132 440 175
440 176 440 219
440 220 440 263
440 264 440 307
440 308 440 351
440 352 440 395
440 396 440 439
440 440 440 483
440 484 440 527
440 528 443 538
441 0 441 43
441 44 441 87
441 88 441 131
441 132 441 175
441 176 441 219
441 220 441 263
441 264 441 307
441 308 441 351
441 352 441 395
441 396 441 439
441 440 441 483
441 484 441 527
442 0 442 43
442 44 442 87
442 88 442 131
442 132 442 175
442 176 442 219
442 220 442 263
442 264 442 307
442 308 442 351
442 352 442 395
442 396 442 439
442 440 442 483
442 484 442 527
443 0 443 43
443 44 443 87
443 88 443 131
443 132 443 175
443 176 443 219
443 220 443 263
443 264 443 307
443 308 443 351
443 352 443 395
443 396 443 439
443 440 443 483
443 484 443 527
444 0 444 43
444 44 444 87
444 88 444 131
444 132 444 175
444 176 444 219
444 220 444 263
444 264 444 307
444 308 444 351
444 352 444 395
444 396 444 439
444 440 444 483
444 484 444 527
444 528 447 538
445 0 445 43
445 44 445 87
445 88 445 131
445 132 445 175
445 176 445 219
445 220 445 263
445 264 445 307
445 308 445 351
445 352 445 395
445 396 445 439
445 440 445 483
445 484 445 527
446 0 446 43
446 44 446 87
446 88 446 131
446 132 446 175
446 176 446 219
446 220 446 263
446 264 446 307
446 308 446 351
446 352 446 395
446 396 446 439
446 440 446 483
446 484 446 527
447 0 447 43
447 44 447 87
447 88 447 131
447 132 447 175
447 176 447 219
447 220 447 263
447 264 447 307
447 308 447 351
447 352 447 395
447 396 447 439
447 440 447 483
447 484 447 527
448 0 448 43
448 44 448 87
448 88 448 131
448 132 448 175
448 176 448 219
448 220 448 263
448 264 448 307
448 308 448 351
448 352 448 395
448 396 448 439
448 440 448 483
448 484 448 527
448 528 451 538
449 0 449 43
449 44 449 87
449 88 449 131
449 132 449 175
449 176 449 219
449 220 449 263
449 264 449 307
449 308 449 351
449 352 449 395
449 396 449 439
449 440 449 483
449 484 449 527
450 0 450 43
450 44 450 87
450 88 450 131
450 132 450 175
450 176 450 219
450 220 450 263
450 264 450 307
450 308 450 351
450 352 450 395
450 396 450 439
450 440 450 483
450 484 450 527
451 0 451 43
451 44 451 87
451 88 451 131
451 132 451 175
451 176 451 219
451 220 451 263
451 264 451 307
451 308 451 351
451 352 451 395
451 396 451 439
451 440 451 483
451 484 451 527
452 0 452 43
452 44 452 87
452 88 452 131
452 132 452 175
452 176 452 219
452 220 452 263
452 264 452 307
452 308 452 351
452 352 452 395
452 396 452 439
452 440 452 483
452 484 452 527
452 528 455 538
453 0 453 43
453 44 453 87
453 88 453 131
453 132 453 175
453 176 453 219
453 220 453 263
453 264 453 307
453 308 453 351
453 352 453 395
453 396 453 439
453 440 453 483
453 484 453 527
454 0 454 43
454 44 454 87
454 88 454 131
454 132 454 175
454 176 454 219
454 220 454 263
454 264 454 307
454 308 454 351
454 352 454 395
454 396 454 439
454 440 454 483
454 484 454 527
455 0 455 43
455 44 455 87
455 88 455 131
455 132 455 175
455 176 455 219
455 220 455 263
455 264 455 307
455 308 455 351
455 352 455 395
455 396 455 439
455 440 455 483
455 484 455 527
456 0 456 43
456 44 456 87
456 88 456 131
456 132 456 175
456 176 456 219
456 220 456 263
456 264 456 307
456 308 456 351
456 352 456 395
456 396 456 439
456 440 456 483
456 484 456 527
456 528 459 538
457 0 457 43
457 44 457 87
457 88 457 131
457 132 457 175
457 176 458 197
457 198 457 241
457 242 457 285
457 286 457 329
457 330 457 373
457 374 457 417
457 418 457 461
457 462 457 505
457 506 458 527
458 0 458 43
458 44 458 87
458 88 458 131
458 132 458 175
458 198 458 241
458 242 458 285
458 286 458 329
458 330 458 373
458 374 458 417
458 418 458 461
458 462 458 505
459 0 459 43
459 44 459 87
459 88 459 131
459 132 459 175
459 176 459 219
459 220 459 263
459 264 459 307
459 308 459 351
459 352 459 395
459 396 459 439
459 440 459 483
459 484 459 527
460 0 460 43
460 44 460 87
460 88 460 131
460 132 460 175
460 176 460 219
460 220 460 263
460 264 460 307
460 308 460 351
460 352 460 395
460 396 460 439
460 440 460 483
460 484 460 527
460 528 463 538
461 0 461 43
461 44 461 87
461 88 461 131
461 132 461 175
461 176 461 219
461 220 461 263
461 264 461 307
461 308 461 351
461 352 461 395
461 396 461 439
461 440 461 483
461 484 461 527
462 0 462 43
462 44 462 87
462 88 462 131
462 132 462 175
462 176 462 219
462 220 462 263
462 264 462 307
462 308 462 351
462 352 462 395
462 396 462 439
462 440 462 483
462 484 462 527
463 0 463 43
463 44 463 87
463 88 463 131
463 132 463 175
463 176 463 219
463 220 463 263
463 264 463 307
463 308 463 351
463 352 463 395
463 396 463 439
463 440 463 483
463 484 463 527
464 0 464 43
464 44 464 87
464 88 464 131
464 132 464 175
464 176 464 219
464 220 464 263
464 264 464 307
464 308 464 351
464 352 464 395
464 396 464 439
464 440 464 483
464 484 464 527
464 528 467 538
465 0 465 43
465 44 465 87
465 88 465 131
465 132 465 175
465 176 465 219
465 220 465 263
465 264 465 307
465 308 465 351
465 352 465 395
465 396 465 439
465 440 465 483
465 484 465 527
466 0 466 43
466 44 466 87
466 88 466 131
466 132 466 175
466 176 466 219
466 220 466 263
466 264 466 307
466 308 466 351
466 352 466 395
466 396 466 439
466 440 466 483
466 484 466 527
467 0 467 43
467 44 467 87
467 88 467 131
467 132 467 175
467 176 467 219
467 220 467 263
467 264 467 307
467 308 467 351
467 352 467 395
467 396 467 439
467 440 467 483
467 484 467 527
468 0 468 43
468 44 468 87
468 88 468 131
468 132 468 175
468 176 468 219
468 220 468 263
468 264 468 307
468 308 468 351
468 352 468 395
468 396 468 439
468 440 468 483
468 484 468 527
468 528 471 538
469 0 469 43
469 44 469 87
469 88 469 131
469 132 469 175
469 176 469 219
469 220 469 263
469 264 469 307
469 308 469 351
469 352 469 395
469 396 469 439
469 440 469 483
469 484 469 527
470 0 470 43
470 44 470 87
470 88 470 131
470 132 470 175
470 176 470 219
470 220 470 263
470 264 470 307
470 308 470 351
470 352 470 395
470 396 470 439
470 440 470 483
470 484 470 527
471 0 471 43
471 44 471 87
471 88 471 131
471 132 471 175
471 176 471 219
471 220 471 263
471 264 471 307
471 308 471 351
471 352 471 395
471 396 471 439
471 440 471 483
471 484 471 527
472 0 472 43
472 44 472 87
472 88 472 131
472 132 472 175
472 176 472 219
472 220 472 263
472 264 472 307
472 308 472 351
472 352 472 395
472 396 472 439
472 440 472 483
472 484 472 527
472 528 475 538
473 0 473 43
473 44 473 87
473 88 473 131
473 132 473 175
473 176 473 219
473 220 473 263
473 264 473 307
473 308 473 351
473 352 473 395
473 396 473 439
473 440 473 483
473 484 473 527
474 0 474 43
474 44 474 87
474 88 474 131
474 132 474 175
474 176 474 219
474 220 474 263
474 264 474 307
474 308 474 351
474 352 474 395
474 396 474 439
474 440 474 483
474 484 474 527
475 0 475 43
475 44 475 87
475 88 475 131
475 132 475 175
475 176 475 219
475 220 475 263
475 264 475 307
475 308 475 351
475 352 475 395
475 396 475 439
475 440 475 483
475 484 475 527
476 0 476 43
476 44 476 87
476 88 476 131
476 132 476 175
476 176 476 219
476 220 476 263
476 264 476 307
476 308 476 351
476 352 476 395
476 396 476 439
476 440 476 483
476 484 476 527
476 528 479 538
477 0 477 43
477 44 477 87
477 88 477 131
477 132 477 175
477 176 477 219
477 220 477 263
477 264 477 307
477 308 477 351
477 352 477 395
477 396 477 439
477 440 477 483
477 484 477 527
478 0 478 43
478 44 478 87
478 88 478 131
478 132 478 175
478 176 478 219
478 220 478 263
478 264 478 307
478 308 478 351
478 352 478 395
478 396 478 439
478 440 478 483
478 484 478 527
479 0 479 43
479 44 479 87
479 88 479 131
479 132 479 175
479 176 479 219
479 220 479 263
479 264 479 307
479 308 479 351
479 352 479 395
479 396 479 439
479 440 479 483
479 484 479 527
480 0 480 43
480 44 480 87
480 88 480 131
480 132 480 175
480 176 480 219
480 220 480 263
480 264 480 307
480 308 480 351
480 352 480 395
480 396 480 439
480 440 480 483
480 484 480 527
480 528 483 538
481 0 481 43
481 44 481 87
481 88 481 131
481 132 481 175
481 176 481 219
481 220 481 263
481 264 481 307
481 308 481 351
481 352 481 395
481 396 481 439
481 440 481 483
481 484 481 527
482 0 482 43
482 44 482 87
482 88 482 131
482 132 482 175
482 176 482 219
482 220 482 263
482 264 482 307
482 308 482 351
482 352 482 395
482 396 482 439
482 440 482 483
482 484 482 527
483 0 483 43
483 44 483 87
483 88 483 131
483 132 483 175
483 176 483 219
483 220 483 263
483 264 483 307
483 308 483 351
483 352 483 395
483 396 483 439
483 440 483 483
483 484 483 527
484 0 484 43
484 44 484 87
484 88 484 131
484 132 484 175
484 176 484 219
484 220 484 263
484 264 484 307
484 308 484 351
484 352 484 395
484 396 484 439
484 440 484 483
484 484 484 527
484 528 487 538
485 0 485 43
485 44 485 87
485 88 485 131
485 132 485 175
485 176 485 219
485 220 485 263
485 264 485 307
485 308 485 351
485 352 485 395
485 396 485 439
485 440 485 483
485 484 485 527
486 0 486 43
486 44 486 87
486 88 486 131
486 132 486 175
486 176 486 219
486 220 486 263
486 264 486 307
486 308 486 351
486 352 486 395
486 396 486 439
486 440 486 483
486 484 486 527
487 0 487 43
487 44 487 87
487 88 487 131
487 132 487 175
487 176 487 219
487 220 487 263
487 264 487 307
487 308 487 351
487 352 487 395
487 396 487 439
487 440 487 483
487 484 487 527
488 0 488 43
488 44 488 87
488 88 488 131
488 132 488 175
488 176 488 219
488 220 488 263
488 264 488 307
488 308 488 351
488 352 488 395
488 396 488 439
488 440 488 483
488 484 488 527
488 528 491 538
489 0 489 43
489 44 489 87
489 88 489 131
489 132 489 175
489 176 489 219
489 220 489 263
489 264 489 307
489 308 489 351
489 352 489 395
489 396 489 439
489 440 489 483
489 484 489 527
490 0 490 43
490 44 490 87
490 88 490 131
490 132 490 175
490 176 490 219
490 220 490 263
490 264 490 307
490 308 490 351
490 352 490 395
490 396 490 439
490 440 490 483
490 484 490 527
491 0 491 43
491 44 491 87
491 88 491 131
491 132 491 175
491 176 491 219
491 220 491 263
491 264 491 307
491 308 491 351
491 352 491 395
491 396 491 439
491 440 491 483
491 484 491 527
492 0 492 43
492 44 492 87
492 88 492 131
492 132 492 175
492 176 492 219
492 220 492 263
492 264 492 307
492 308 492 351
492 352 492 395
492 396 492 439
492 440 492 483
492 484 492 527
492 528 495 538
493 0 493 43
493 44 493 87
493 88 493 131
493 132 493 175
493 176 493 219
493 220 493 263
493 264 493 307
493 308 493 351
493 352 493 395
493 396 493 439
493 440 493 483
493 484 493 527
494 0 494 43
494 44 494 87
494 88 494 131
494 132 494 175
494 176 494 219
494 220 494 263
494 264 494 307
494 308 494 351
494 352 494 395
494 396 494 439
494 440 494 483
494 484 494 527
495 0 495 43
495 44 495 87
495 88 495 131
495 132 495 175
495 176 495 219
495 220 495 263
495 264 495 307
495 308 495 351
495 352 495 395
495 396 495 439
495 440 495 483
495 484 495 527
496 0 496 43
496 44 496 87
496 88 496 131
496 132 496 175
496 176 496 219
496 220 496 263
496 264 496 307
496 308 496 351
496 352 496 395
496 396 496 439
496 440 496 483
496 484 496 527
496 528 499 538
497 0 497 43
497 44 497 87
497 88 497 131
497 132 497 175
497 176 497 219
497 220 497 263
497 264 497 307
497 308 497 351
497 352 497 395
497 396 497 439
497 440 497 483
497 484 497 527
498 0 498 43
498 44 498 87
498 88 498 131
498 132 498 175
498 176 498 219
498 220 498 263
498 264 498 307
498 308 498 351
498 352 498 395
498 396 498 439
498 440 498 483
498 484 498 527
499 0 499 43
499 44 499 87
499 88 499 131
499 132 499 175
499 176 499 219
499 220 499 263
499 264 499 307
499 308 499 351
499 352 499 395
499 396 499 439
499 440 499 483
499 484 499 527
500 0 500 43
500 44 500 87
500 88 500 131
500 132 500 175
500 176 500 219
500 220 500 263
500 264 500 307
500 308 500 351
500 352 500 395
500 396 500 439
500 440 500 483
500 484 500 527
500 528 503 538
501 0 501 43
501 44 501 87
501 88 501 131
501 132 501 175
501 176 501 219
501 220 501 263
501 264 501 307
501 308 501 351
501 352 501 395
501 396 501 439
501 440 501 483
501 484 501 527
502 0 502 43
502 44 502 87
502 88 502 131
502 132 502 175
502 176 502 219
502 220 502 263
502 264 502 307
502 308 502 351
502 352 502 395
502 396 502 439
502 440 502 483
502 484 502 527
503 0 503 43
503 44 503 87
503 88 503 131
503 132 503 175
503 176 503 219
503 220 503 263
503 264 503 307
503 308 503 351
503 352 503 395
503 396 503 439
503 440 503 483
503 484 503 527
504 0 504 43
504 44 504 87
504 88 504 131
504 132 504 175
504 176 504 219
504 220 504 263
504 264 504 307
504 308 504 351
504 352 504 395
504 396 504 439
504 440 504 483
504 484 504 527
504 528 507 538
505 0 505 43
505 44 505 87
505 88 505 131
505 132 505 175
505 176 505 219
505 220 505 263
505 264 505 307
505 308 505 351
505 352 505 395
505 396 505 439
505 440 505 483
505 484 505 527
506 0 506 43
506 44 506 87
506 88 506 131
506 132 506 175
506 176 506 219
506 220 506 263
506 264 506 307
506 308 506 351
506 352 506 395
506 396 506 439
506 440 506 483
506 484 506 527
507 0 507 43
507 44 507 87
507 88 507 131
507 132 507 175
507 176 507 219
507 220 507 263
507 264 507 307
507 308 507 351
507 352 507 395
507 396 507 439
507 440 507 483
507 484 507 527
508 0 508 43
508 44 508 87
508 88 508 131
508 132 508 175
508 176 508 219
508 220 508 263
508 264 508 307
508 308 508 351
508 352 508 395
508 396 508 439
508 440 508 483
508 484 508 527
508 528 511 538
509 0 509 43
509 44 509 87
509 88 509 131
509 132 509 175
509 176 509 219
509 220 509 263
509 264 509 307
509 308 509 351
509 352 509 395
509 396 509 439
509 440 509 483
509 484 509 527
510 0 510 43
510 44 510 87
510 88 510 131
510 132 510 175
510 176 510 219
510 220 510 263
510 264 510 307
510 308 510 351
510 352 510 395
510 396 510 439
510 440 510 483
510 484 510 527
511 0 511 43
511 44 511 87
511 88 511 131
511 132 511 175
511 176 511 219
511 220 511 263
511 264 511 307
511 308 511 351
511 352 511 395
511 396 511 439
511 440 511 483
511 484 511 527
512 0 512 43
512 44 512 87
512 88 512 131
512 132 512 175
512 176 512 219
512 220 512 263
512 264 512 307
512 308 512 351
512 352 512 395
512 396 512 439
512 440 512 483
512 484 512 527
512 528 515 538
513 0 513 43
513 44 513 87
513 88 513 131
513 132 513 175
513 176 513 219
513 220 513 263
513 264 513 307
513 308 513 351
513 352 513 395
513 396 513 439
513 440 513 483
513 484 513 527
514 0 514 43
514 44 514 87
514 88 514 131
514 132 514 175
514 176 514 219
514 220 514 263
514 264 514 307
514 308 514 351
514 352 514 395
514 396 514 439
514 440 514 483
514 484 514 527
515 0 515 43
515 44 515 87
515 88 515 131
515 132 515 175
515 176 515 219
515 220 515 263
515 264 515 307
515 308 515 351
515 352 515 395
515 396 515 439
515 440 515 483
515 484 515 527
516 0 516 43
516 44 516 87
516 88 516 131
516 132 516 175
516 176 516 219
516 220 516 263
516 264 516 307
516 308 516 351
516 352 516 395
516 396 516 439
516 440 516 483
516 484 516 527
516 528 519 538
517 0 517 43
517 44 517 87
517 88 517 131
517 132 517 175
517 176 517 219
517 220 517 263
517 264 517 307
517 308 517 351
517 352 517 395
517 396 517 439
517 440 517 483
517 484 517 527
518 0 518 43
518 44 518 87
518 88 518 131
518 132 518 175
518 176 518 219
518 220 518 263
518 264 518 307
518 308 518 351
518 352 518 395
518 396 518 439
518 440 518 483
518 484 518 527
519 0 519 43
519 44 519 87
519 88 519 131
519 132 519 175
519 176 519 219
519 220 519 263
519 264 519 307
519 308 519 351
519 352 519 395
519 396 519 439
519 440 519 483
519 484 519 527
520 0 520 43
520 44 520 87
520 88 520 131
520 132 520 175
520 176 520 219
520 220 520 263
520 264 520 307
520 308 520 351
520 352 520 395
520 396 520 439
520 440 520 483
520 484 520 527
520 528 523 538
521 0 521 43
521 44 521 87
521 88 521 131
521 132 521 175
521 176 521 219
521 220 521 263
521 264 521 307
521 308 521 351
521 352 521 395
521 396 521 439
521 440 521 483
521 484 521 527
522 0 522 43
522 44 522 87
522 88 522 131
522 132 522 175
522 176 522 219
522 220 522 263
522 264 522 307
522 308 522 351
522 352 522 395
522 396 522 439
522 440 522 483
522 484 522 527
523 0 523 43
523 44 523 87
523 88 523 131
523 132 523 175
523 176 523 219
523 220 523 263
523 264 523 307
523 308 523 351
523 352 523 395
523 396 523 439
523 440 523 483
523 484 523 527
524 0 524 43
524 44 524 87
524 88 524 131
524 132 524 175
524 176 524 219
524 220 524 263
524 264 524 307
524 308 524 351
524 352 524 395
524 396 524 439
524 440 524 483
524 484 524 527
524 528 527 538
525 0 525 43
525 44 525 87
525 88 525 131
525 132 525 175
525 176 525 219
525 220 525 263
525 264 525 307
525 308 525 351
525 352 525 395
525 396 525 439
525 440 525 483
525 484 525 527
526 0 526 43
526 44 526 87
526 88 526 131
526 132 526 175
526 176 526 219
526 220 526 263
526 264 526 307
526 308 526 351
526 352 526 395
526 396 526 439
526 440 526 483
526 484 526 527
527 0 527 43
527 44 527 87
527 88 527 131
527 132 527 175
527 176 527 219
527 220 527 263
527 264 527 307
527 308 527 351
527 352 527 395
527 396 527 439
527 440 527 483
527 484 527 527
528 0 528 43
528 44 528 87
528 88 528 131
528 132 528 175
528 176 528 219
528 220 528 263
528 264 528 307
528 308 528 351
528 352 528 395
528 396 528 439
528 440 528 483
528 484 528 527
528 528 531 538
529 0 529 43
529 44 529 87
529 88 529 131
529 132 529 175
529 176 529 219
529 220 529 263
529 264 529 307
529 308 529 351
529 352 529 395
529 396 529 439
529 440 529 483
529 484 529 527
530 0 530 43
530 44 530 87
530 88 530 131
530 132 530 175
530 176 530 219
530 220 530 263
530 264 530 307
530 308 530 351
530 352 530 395
530 396 530 439
530 440 530 483
530 484 530 527
531 0 531 43
531 44 531 87
531 88 531 131
531 132 531 175
531 176 531 219
531 220 531 263
531 264 531 307
531 308 531 351
531 352 531 395
531 396 531 439
531 440 531 483
531 484 531 527
532 0 532 43
532 44 532 87
532 88 532 131
532 132 532 175
532 176 532 219
532 220 532 263
532 264 532 307
532 308 532 351
532 352 532 395
532 396 532 439
532 440 532 483
532 484 532 527
532 528 535 538
533 0 533 43
533 44 533 87
533 88 533 131
533 132 533 175
533 176 533 219
533 220 533 263
533 264 533 307
533 308 533 351
533 352 533 395
533 396 533 439
533 440 533 483
533 484 533 527
534 0 534 43
534 44 534 87
534 88 534 131
534 132 534 175
534 176 534 219
534 220 534 263
534 264 534 307
534 308 534 351
534 352 534 395
534 396 534 439
534 440 534 483
534 484 534 527
535 0 535 43
535 44 535 87
535 88 535 131
535 132 535 175
535 176 536 197
535 198 535 241
535 242 535 285
535 286 535 329
535 330 535 373
535 374 535 417
535 418 535 461
535 462 535 505
535 506 536 527
536 0 536 43
536 44 536 87
536 88 536 131
536 132 536 175
536 198 536 241
536 242 536 285
536 286 536 329
536 330 536 373
536 374 536 417
536 418 536 461
536 462 536 505
536 528 539 538
537 0 537 43
537 44 537 87
537 88 537 131
537 132 537 175
537 176 537 219
537 220 537 263
537 264 537 307
537 308 537 351
537 352 537 395
537 396 537 439
537 440 537 483
537 484 537 527
538 0 538 43
538 44 538 87
538 88 538 131
538 132 538 175
538 176 538 219
538 220 538 263
538 264 538 307
538 308 538 351
538 352 538 395
538 396 538 439
538 440 538 483
538 484 538 527
539 0 539 43
539 44 539 87
539 88 539 131
539 132 539 175
539 176 539 219
539 220 539 263
539 264 539 307
539 308 539 351
539 352 539 395
539 396 539 439
539 440 539 483
539 484 539 527
540 0 540 43
540 44 540 87
540 88 540 131
540 132 540 175
540 176 540 219
540 220 540 263
540 264 540 307
540 308 540 351
540 352 540 395
540 396 540 439
540 440 540 483
540 484 540 527
540 528 543 538
541 0 541 43
541 44 541 87
541 88 541 131
541 132 541 175
541 176 541 219
541 220 541 263
541 264 541 307
541 308 541 351
541 352 541 395
541 396 541 439
541 440 541 483
541 484 541 527
542 0 542 43
542 44 542 87
542 88 542 131
542 132 542 175
542 176 542 219
542 220 542 263
542 264 542 307
542 308 542 351
542 352 542 395
542 396 542 439
542 440 542 483
542 484 542 527
543 0 543 43
543 44 543 87
543 88 543 131
543 132 543 175
543 176 543 219
543 220 543 263
543 264 543 307
543 308 543 351
543 352 543 395
543 396 543 439
543 440 543 483
543 484 543 527
544 0 544 43
544 44 544 87
544 88 544 131
544 132 544 175
544 176 544 219
544 220 544 263
544 264 544 307
544 308 544 351
544 352 544 395
544 396 544 439
544 440 544 483
544 484 544 527
544 528 547 538
545 0 545 43
545 44 545 87
545 88 546 109
545 110 545 153
545 154 545 197
545 198 545 241
545 242 545 285
545 286 545 329
545 330 545 373
545 374 545 417
545 418 545 461
545 462 545 505
545 506 546 527
546 0 546 43
546 44 546 87
546 110 546 153
546 154 546 197
546 198 546 241
546 242 546 285
546 286 546 329
546 330 546 373
546 374 546 417
546 418 546 461
546 462 546 505
547 0 547 43
547 44 547 87
547 88 547 131
547 132 547 175
547 176 547 219
547 220 547 263
547 264 547 307
547 308 547 351
547 352 547 395
547 396 547 439
547 440 547 483
547 484 547 527
548 0 548 43
548 44 548 87
548 88 548 131
548 132 548 175
548 176 548 219
548 220 548 263
548 264 548 307
548 308 548 351
548 352 548 395
548 396 548 439
548 440 548 483
548 484 548 527
548 528 551 538
549 0 549 43
549 44 549 87
549 88 549 131
549 132 549 175
549 176 549 219
549 220 549 263
549 264 549 307
549 308 549 351
549 352 549 395
549 396 549 439
549 440 549 483
549 484 549 527
550 0 550 43
550 44 550 87
550 88 550 131
550 132 550 175
550 176 550 219
550 220 550 263
550 264 550 307
550 308 550 351
550 352 550 395
550 396 550 439
550 440 550 483
550 484 550 527
551 0 551 43
551 44 551 87
551 88 551 131
551 132 551 175
551 176 551 219
551 220 551 263
551 264 551 307
551 308 551 351
551 352 551 395
551 396 551 439
551 440 551 483
551 484 551 527
552 0 552 43
552 44 552 87
552 88 552 131
552 132 552 175
552 176 552 219
552 220 552 263
552 264 552 307
552 308 552 351
552 352 552 395
552 396 552 439
552 440 552 483
552 484 552 527
552 528 555 538
553 0 553 43
553 44 553 87
553 88 553 131
553 132 553 175
553 176 553 219
553 220 553 263
553 264 553 307
553 308 553 351
553 352 553 395
553 396 553 439
553 440 553 483
553 484 553 527
554 0 554 43
554 44 554 87
554 88 554 131
554 132 554 175
554 176 554 219
554 220 554 263
554 264 554 307
554 308 554 351
554 352 554 395
554 396 554 439
554 440 554 483
554 484 554 527
555 0 555 43
555 44 555 87
555 88 555 131
555 132 555 175
555 176 555 219
555 220 555 263
555 264 555 307
555 308 555 351
555 352 555 395
555 396 555 439
555 440 555 483
555 484 555 527
556 0 556 43
556 44 556 87
556 88 556 131
556 132 556 175
556 176 556 219
556 220 556 263
556 264 556 307
556 308 556 351
556 352 556 395
556 396 556 439
556 440 556 483
556 484 556 527
556 528 559 538
557 0 557 43
557 44 557 87
557 88 557 131
557 132 557 175
557 176 557 219
557 220 557 263
557 264 557 307
557 308 557 351
557 352 557 395
557 396 557 439
557 440 557 483
557 484 557 527
558 0 558 43
558 44 558 87
558 88 558 131
558 132 558 175
558 176 558 219
558 220 558 263
558 264 558 307
558 308 558 351
558 352 558 395
558 396 558 439
558 440 558 483
558 484 558 527
559 0 559 43
559 44 559 87
559 88 559 131
559 132 559 175
559 176 559 219
559 220 559 263
559 264 559 307
559 308 559 351
559 352 559 395
559 396 559 439
559 440 559 483
559 484 559 527
560 0 560 43
560 44 560 87
560 88 560 131
560 132 560 175
560 176 560 219
560 220 560 263
560 264 560 307
560 308 560 351
560 352 560 395
560 396 560 439
560 440 560 483
560 484 560 527
560 528 563 538
561 0 561 43
561 44 561 87
561 88 561 131
561 132 561 175
561 176 561 219
561 220 561 263
561 264 561 307
561 308 561 351
561 352 561 395
561 396 561 439
561 440 561 483
561 484 561 527
562 0 562 43
562 44 562 87
562 88 562 131
562 132 562 175
562 176 562 219
562 220 562 263
562 264 562 307
562 308 562 351
562 352 562 395
562 396 562 439
562 440 562 483
562 484 562 527
563 0 563 43
563 44 563 87
563 88 563 131
563 132 563 175
563 176 563 219
563 220 563 263
563 264 563 307
563 308 563 351
563 352 563 395
563 396 563 439
563 440 563 483
563 484 563 527
564 0 564 43
564 44 564 87
564 88 564 131
564 132 564 175
564 176 564 219
564 220 564 263
564 264 564 307
564 308 564 351
564 352 564 395
564 396 564 439
564 440 564 483
564 484 564 527
564 528 567 538
565 0 565 43
565 44 565 87
565 88 565 131
565 132 565 175
565 176 565 219
565 220 565 263
565 264 565 307
565 308 565 351
565 352 565 395
565 396 565 439
565 440 565 483
565 484 565 527
566 0 566 43
566 44 566 87
566 88 566 131
566 132 566 175
566 176 566 219
566 220 566 263
566 264 566 307
566 308 566 351
566 352 566 395
566 396 566 439
566 440 566 483
566 484 566 527
567 0 567 43
567 44 567 87
567 88 567 131
567 132 567 175
567 176 567 219
567 220 567 263
567 264 567 307
567 308 567 351
567 352 567 395
567 396 567 439
567 440 567 483
567 484 567 527
568 0 568 43
568 44 568 87
568 88 568 131
568 132 568 175
568 176 568 219
568 220 568 263
568 264 568 307
568 308 568 351
568 352 568 395
568 396 568 439
568 440 568 483
568 484 568 527
568 528 571 538
569 0 569 43
569 44 569 87
569 88 569 131
569 132 569 175
569 176 569 219
569 220 569 263
569 264 569 307
569 308 569 351
569 352 569 395
569 396 569 439
569 440 569 483
569 484 569 527
570 0 570 43
570 44 570 87
570 88 570 131
570 132 570 175
570 176 570 219
570 220 570 263
570 264 570 307
570 308 570 351
570 352 570 395
570 396 570 439
570 440 570 483
570 484 570 527
571 0 571 43
571 44 571 87
571 88 571 131
571 132 571 175
571 176 571 219
571 220 571 263
571 264 571 307
571 308 571 351
571 352 571 395
571 396 571 439
571 440 571 483
571 484 571 527
572 0 572 43
572 44 572 87
572 88 572 131
572 132 572 175
572 176 572 219
572 220 572 263
572 264 572 307
572 308 572 351
572 352 572 395
572 396 572 439
572 440 572 483
572 484 572 527
572 528 575 538
573 0 573 43
573 44 573 87
573 88 573 131
573 132 573 175
573 176 573 219
573 220 573 263
573 264 573 307
573 308 573 351
573 352 573 395
573 396 573 439
573 440 573 483
573 484 573 527
574 0 574 43
574 44 574 87
574 88 574 131
574 132 574 175
574 176 574 219
574 220 574 263
574 264 574 307
574 308 574 351
574 352 574 395
574 396 574 439
574 440 574 483
574 484 574 527
575 0 575 43
575 44 575 87
575 88 575 131
575 132 575 175
575 176 575 219
575 220 575 263
575 264 575 307
575 308 575 351
575 352 575 395
575 396 575 439
575 440 575 483
575 484 575 527
576 0 576 43
576 44 576 87
576 88 576 131
576 132 576 175
576 176 576 219
576 220 576 263
576 264 576 307
576 308 576 351
576 352 576 395
576 396 576 439
576 440 576 483
576 484 576 527
576 528 579 538
577 0 577 43
577 44 577 87
577 88 577 131
577 132 577 175
577 176 577 219
577 220 577 263
577 264 577 307
577 308 577 351
577 352 577 395
577 396 577 439
577 440 577 483
577 484 577 527
578 0 578 43
578 44 578 87
578 88 578 131
578 132 578 175
578 176 578 219
578 220 578 263
578 264 578 307
578 308 578 351
578 352 578 395
578 396 578 439
578 440 578 483
578 484 578 527
579 0 579 43
579 44 579 87
579 88 579 131
579 132 579 175
579 176 579 219
579 220 579 263
579 264 579 307
579 308 579 351
579 352 579 395
579 396 579 439
579 440 579 483
579 484 579 527
580 0 580 43
580 44 580 87
580 88 580 131
580 132 580 175
580 176 580 219
580 220 580 263
580 264 580 307
580 308 580 351
580 352 580 395
580 396 580 439
580 440 580 483
580 484 580 527
580 528 583 538
581 0 581 43
581 44 581 87
581 88 581 131
581 132 581 175
581 176 581 219
581 220 581 263
581 264 581 307
581 308 581 351
581 352 581 395
581 396 581 439
581 440 581 483
581 484 581 527
582 0 582 43
582 44 582 87
582 88 582 131
582 132 582 175
582 176 582 219
582 220 582 263
582 264 582 307
582 308 582 351
582 352 582 395
582 396 582 439
582 440 582 483
582 484 582 527
583 0 583 43
583 44 583 87
583 88 583 131
583 132 583 175
583 176 583 219
583 220 583 263
583 264 583 307
583 308 583 351
583 352 583 395
583 396 583 439
583 440 583 483
583 484 583 527
584 0 584 43
584 44 584 87
584 88 584 131
584 132 584 175
584 176 584 219
584 220 584 263
584 264 584 307
584 308 584 351
584 352 584 395
584 396 584 439
584 440 584 483
584 484 584 527
584 528 587 538
585 0 585 43
585 44 585 87
585 88 585 131
585 132 585 175
585 176 585 219
585 220 585 263
585 264 585 307
585 308 585 351
585 352 585 395
585 396 585 439
585 440 585 483
585 484 585 527
586 0 586 43
586 44 586 87
586 88 586 131
586 132 586 175
586 176 586 219
586 220 586 263
586 264 586 307
586 308 586 351
586 352 586 395
586 396 586 439
586 440 586 483
586 484 586 527
587 0 587 43
587 44 587 87
587 88 587 131
587 132 587 175
587 176 587 219
587 220 587 263
587 264 587 307
587 308 587 351
587 352 587 395
587 396 587 439
587 440 587 483
587 484 587 527
588 0 588 43
588 44 588 87
588 88 588 131
588 132 588 175
588 176 588 219
588 220 588 263
588 264 588 307
588 308 588 351
588 352 588 395
588 396 588 439
588 440 588 483
588 484 588 527
588 528 591 538
589 0 589 43
589 44 589 87
589 88 589 131
589 132 589 175
589 176 589 219
589 220 589 263
589 264 589 307
589 308 589 351
589 352 589 395
589 396 590 417
589 418 589 461
589 462 589 505
589 506 590 527
590 0 590 43
590 44 590 87
590 88 590 131
590 132 590 175
590 176 590 219
590 220 590 263
590 264 590 307
590 308 590 351
590 352 590 395
590 418 590 461
590 462 590 505
591 0 591 43
591 44 591 87
591 88 591 131
591 132 591 175
591 176 591 219
591 220 591 263
591 264 591 307
591 308 591 351
591 352 591 395
591 396 591 439
591 440 591 483
591 484 591 527
592 0 592 43
592 44 592 87
592 88 592 131
592 132 592 175
592 176 592 219
592 220 592 263
592 264 592 307
592 308 592 351
592 352 592 395
592 396 592 439
592 440 592 483
592 484 592 527
592 528 595 538
593 0 593 43
593 44 593 87
593 88 593 131
593 132 593 175
593 176 593 219
593 220 593 263
593 264 593 307
593 308 593 351
593 352 593 395
593 396 593 439
593 440 593 483
593 484 593 527
594 0 594 43
594 44 594 87
594 88 594 131
594 132 594 175
594 176 594 219
594 220 594 263
594 264 594 307
594 308 594 351
594 352 594 395
594 396 594 439
594 440 594 483
594 484 594 527
595 0 595 43
595 44 595 87
595 88 595 131
595 132 595 175
595 176 595 219
595 220 595 263
595 264 595 307
595 308 595 351
595 352 595 395
595 396 595 439
595 440 595 483
595 484 595 527
596 0 596 43
596 44 596 87
596 88 596 131
596 132 596 175
596 176 596 219
596 220 596 263
596 264 596 307
596 308 596 351
596 352 596 395
596 396 596 439
596 440 596 483
596 484 596 527
596 528 599 538
597 0 597 43
597 44 597 87
597 88 597 131
597 132 597 175
597 176 597 219
597 220 597 263
597 264 597 307
597 308 597 351
597 352 597 395
597 396 597 439
597 440 597 483
597 484 597 527
598 0 598 43
598 44 598 87
598 88 598 131
598 132 598 175
598 176 598 219
598 220 598 263
598 264 598 307
598 308 598 351
598 352 598 395
598 396 598 439
598 440 598 483
598 484 598 527
599 0 599 43
599 44 599 87
599 88 599 131
599 132 599 175
599 176 599 219
599 220 599 263
599 264 600 285
599 286 600 307
599 308 599 351
599 352 599 395
599 396 599 439
599 440 599 483
599 484 599 527
600 0 600 43
600 44 600 87
600 88 600 131
600 132 600 175
600 176 600 219
600 220 600 263
600 308 600 351
600 352 600 395
600 396 600 439
600 440 600 483
600 484 600 527
600 528 603 538
601 0 601 43
601 44 601 87
601 88 601 131
601 132 601 175
601 176 601 219
601 220 601 263
601 264 601 307
601 308 601 351
601 352 601 395
601 396 601 439
601 440 601 483
601 484 601 527
602 0 602 43
602 44 602 87
602 88 602 131
602 132 602 175
602 176 602 219
602 220 602 263
602 264 602 307
602 308 602 351
602 352 602 395
602 396 602 439
602 440 602 483
602 484 602 527
603 0 603 43
603 44 603 87
603 88 603 131
603 132 603 175
603 176 603 219
603 220 603 263
603 264 603 307
603 308 603 351
603 352 603 395
603 396 603 439
603 440 603 483
603 484 603 527
604 0 604 43
604 44 604 87
604 88 604 131
604 132 604 175
604 176 604 219
604 220 604 263
604 264 604 307
604 308 604 351
604 352 604 395
604 396 604 439
604 440 604 483
604 484 604 527
604 528 607 538
605 0 605 43
605 44 605 87
605 88 605 131
605 132 605 175
605 176 605 219
605 220 605 263
605 264 605 307
605 308 605 351
605 352 605 395
605 396 605 439
605 440 605 483
605 484 605 527
606 0 606 43
606 44 606 87
606 88 606 131
606 132 606 175
606 176 606 219
606 220 606 263
606 264 606 307
606 308 606 351
606 352 606 395
606 396 606 439
606 440 606 483
606 484 606 527
607 0 607 43
607 44 607 87
607 88 607 131
607 132 607 175
607 176 607 219
607 220 607 263
607 264 607 307
607 308 607 351
607 352 607 395
607 396 607 439
607 440 607 483
607 484 607 527
608 0 608 43
608 44 608 87
608 88 608 131
608 132 608 175
608 176 608 219
608 220 608 263
608 264 608 307
608 308 608 351
608 352 608 395
608 396 608 439
608 440 608 483
608 484 608 527
608 528 611 538
609 0 609 43
609 44 609 87
609 88 609 131
609 132 609 175
609 176 609 219
609 220 609 263
609 264 609 307
609 308 609 351
609 352 609 395
609 396 609 439
609 440 609 483
609 484 609 527
610 0 610 43
610 44 610 87
610 88 610 131
610 132 610 175
610 176 610 219
610 220 610 263
610 264 610 307
610 308 610 351
610 352 610 395
610 396 610 439
610 440 610 483
610 484 610 527
611 0 611 43
611 44 611 87
611 88 611 131
611 132 611 175
611 176 611 219
611 220 611 263
611 264 611 307
611 308 611 351
611 352 611 395
611 396 611 439
611 440 611 483
611 484 611 527
612 0 612 43
612 44 612 87
612 88 612 131
612 132 612 175
612 176 612 219
612 220 612 263
612 264 612 307
612 308 612 351
612 352 612 395
612 396 612 439
612 440 612 483
612 484 612 527
612 528 615 538
613 0 613 43
613 44 613 87
613 88 613 131
613 132 613 175
613 176 613 219
613 220 613 263
613 264 613 307
613 308 613 351
613 352 613 395
613 396 613 439
613 440 613 483
613 484 613 527
614 0 614 43
614 44 614 87
614 88 614 131
614 132 614 175
614 176 614 219
614 220 614 263
614 264 615 285
614 286 614 329
614 330 614 373
614 374 614 417
614 418 614 461
614 462 614 505
614 506 615 527
615 0 615 43
615 44 615 87
615 88 615 131
615 132 615 175
615 176 615 219
615 220 615 263
615 286 615 329
615 330 615 373
615 374 615 417
615 418 615 461
615 462 615 505
616 0 616 43
616 44 616 87
616 88 616 131
616 132 616 175
616 176 616 219
616 220 616 263
616 264 616 307
616 308 616 351
616 352 616 395
616 396 616 439
616 440 616 483
616 484 616 527
616 528 619 538
617 0 617 43
617 44 617 87
617 88 617 131
617 132 617 175
617 176 617 219
617 220 617 263
617 264 617 307
617 308 617 351
617 352 617 395
617 396 617 439
617 440 617 483
617 484 617 527
618 0 618 43
618 44 618 87
618 88 618 131
618 132 618 175
618 176 618 219
618 220 618 263
618 264 618 307
618 308 618 351
618 352 618 395
618 396 618 439
618 440 618 483
618 484 618 527
619 0 619 43
619 44 619 87
619 88 619 131
619 132 619 175
619 176 619 219
619 220 619 263
619 264 619 307
619 308 619 351
619 352 619 395
619 396 619 439
619 440 619 483
619 484 619 527
620 0 620 43
620 44 620 87
620 88 620 131
620 132 620 175
620 176 620 219
620 220 620 263
620 264 620 307
620 308 620 351
620 352 620 395
620 396 620 439
620 440 620 483
620 484 620 527
620 528 623 538
621 0 621 43
621 44 621 87
621 88 621 131
621 132 621 175
621 176 621 219
621 220 621 263
621 264 621 307
621 308 621 351
621 352 621 395
621 396 621 439
621 440 621 483
621 484 621 527
622 0 622 43
622 44 622 87
622 88 622 131
622 132 622 175
622 176 622 219
622 220 622 263
622 264 622 307
622 308 622 351
622 352 622 395
622 396 622 439
622 440 622 483
622 484 622 527
623 0 623 43
623 44 623 87
623 88 623 131
623 132 623 175
623 176 623 219
623 220 623 263
623 264 623 307
623 308 623 351
623 352 623 395
623 396 623 439
623 440 623 483
623 484 623 527
624 0 624 43
624 44 624 87
624 88 624 131
624 132 624 175
624 176 624 219
624 220 624 263
624 264 624 307
624 308 624 351
624 352 624 395
624 396 624 439
624 440 624 483
624 484 624 527
624 528 627 538
625 0 625 43
625 44 625 87
625 88 625 131
625 132 625 175
625 176 625 219
625 220 625 263
625 264 625 307
625 308 625 351
625 352 625 395
625 396 625 439
625 440 625 483
625 484 625 527
626 0 626 43
626 44 626 87
626 88 626 131
626 132 626 175
626 176 626 219
626 220 626 263
626 264 626 307
626 308 626 351
626 352 626 395
626 396 626 439
626 440 626 483
626 484 626 527
627 0 627 43
627 44 627 87
627 88 627 131
627 132 627 175
627 176 627 219
627 220 627 263
627 264 627 307
627 308 627 351
627 352 627 395
627 396 627 439
627 440 627 483
627 484 627 527
628 0 628 43
628 44 628 87
628 88 628 131
628 132 628 175
628 176 628 219
628 220 628 263
628 264 628 307
628 308 628 351
628 352 628 395
628 396 628 439
628 440 628 483
628 484 628 527
628 528 631 538
629 0 629 43
629 44 629 87
629 88 629 131
629 132 629 175
629 176 629 219
629 220 629 263
629 264 629 307
629 308 629 351
629 352 629 395
629 396 629 439
629 440 629 483
629 484 629 527
630 0 630 43
630 44 630 87
630 88 630 131
630 132 630 175
630 176 630 219
630 220 630 263
630 264 630 307
630 308 630 351
630 352 630 395
630 396 630 439
630 440 630 483
630 484 630 527
631 0 631 43
631 44 631 87
631 88 631 131
631 132 631 175
631 176 631 219
631 220 631 263
631 264 631 307
631 308 631 351
631 352 631 395
631 396 631 439
631 440 631 483
631 484 631 527
632 0 632 43
632 44 632 87
632 88 632 131
632 132 632 175
632 176 632 219
632 220 632 263
632 264 632 307
632 308 632 351
632 352 632 395
632 396 632 439
632 440 632 483
632 484 632 527
632 528 635 538
633 0 633 43
633 44 633 87
633 88 633 131
633 132 633 175
633 176 633 219
633 220 633 263
633 264 633 307
633 308 633 351
633 352 634 373
633 374 633 417
633 418 633 461
633 462 633 505
633 506 634 527
634 0 634 43
634 44 634 87
634 88 634 131
634 132 634 175
634 176 634 219
634 220 634 263
634 264 634 307
634 308 634 351
634 374 634 417
634 418 634 461
634 462 634 505
635 0 635 43
635 44 635 87
635 88 635 131
635 132 635 175
635 176 635 219
635 220 635 263
635 264 635 307
635 308 635 351
635 352 635 395
635 396 635 439
635 440 635 483
635 484 635 527
636 0 636 43
636 44 637 65
636 66 636 109
636 110 636 153
636 154 636 197
636 198 636 241
636 242 636 285
636 286 636 329
636 330 636 373
636 374 636 417
636 418 636 461
636 462 636 505
636 506 637 527
636 528 639 538
637 0 637 43
637 66 637 109
637 110 637 153
637 154 637 197
637 198 637 241
637 242 637 285
637 286 637 329
637 330 637 373
637 374 637 417
637 418 637 461
637 462 637 505
638 0 638 43
638 44 638 87
638 88 638 131
638 132 638 175
638 176 638 219
638 220 638 263
638 264 638 307
638 308 638 351
638 352 638 395
638 396 638 439
638 440 638 483
638 484 638 527
639 0 639 43
639 44 639 87
639 88 639 131
639 132 639 175
639 176 639 219
639 220 639 263
639 264 639 307
639 308 639 351
639 352 639 395
639 396 639 439
639 440 639 483
639 484 639 527
640 0 640 43
640 44 640 87
640 88 640 131
640 132 640 175
640 176 640 219
640 220 640 263
640 264 640 307
640 308 640 351
640 352 640 395
640 396 640 439
640 440 640 483
640 484 640 527
640 528 643 538
641 0 641 43
641 44 641 87
641 88 641 131
641 132 641 175
641 176 641 219
641 220 641 263
641 264 641 307
641 308 641 351
641 352 641 395
641 396 641 439
641 440 641 483
641 484 641 527
642 0 642 43
642 44 642 87
642 88 642 131
642 132 642 175
642 176 642 219
642 220 642 263
642 264 642 307
642 308 642 351
642 352 642 395
642 396 642 439
642 440 642 483
642 484 642 527
643 0 643 43
643 44 643 87
643 88 643 131
643 132 643 175
643 176 643 219
643 220 643 263
643 264 643 307
643 308 643 351
643 352 643 395
643 396 643 439
643 440 643 483
643 484 643 527
644 0 644 43
644 44 644 87
644 88 644 131
644 132 644 175
644 176 644 219
644 220 644 263
644 264 644 307
644 308 644 351
644 352 644 395
644 396 644 439
644 440 644 483
644 484 644 527
644 528 647 538
645 0 645 43
645 44 645 87
645 88 645 131
645 132 645 175
645 176 645 219
645 220 645 263
645 264 645 307
645 308 645 351
645 352 645 395
645 396 645 439
645 440 645 483
645 484 645 527
646 0 646 43
646 44 646 87
646 88 646 131
646 132 646 175
646 176 646 219
646 220 646 263
646 264 646 307
646 308 646 351
646 352 646 395
646 396 646 439
646 440 646 483
646 484 646 527
647 0 647 43
647 44 647 87
647 88 647 131
647 132 647 175
647 176 648 197
647 198 647 241
647 242 647 285
647 286 647 329
647 330 647 373
647 374 647 417
647 418 647 461
647 462 647 505
647 506 648 527
648 0 648 43
648 44 648 87
648 88 648 131
648 132 648 175
648 198 648 241
648 242 648 285
648 286 648 329
648 330 648 373
648 374 648 417
648 418 648 461
648 462 648 505
648 528 651 538
649 0 649 43
649 44 649 87
649 88 649 131
649 132 649 175
649 176 649 219
649 220 649 263
649 264 649 307
649 308 649 351
649 352 649 395
649 396 649 439
649 440 649 483
649 484 649 527
650 0 650 43
650 44 650 87
650 88 650 131
650 132 650 175
650 176 650 219
650 220 650 263
650 264 650 307
650 308 650 351
650 352 650 395
650 396 650 439
650 440 650 483
650 484 650 527
651 0 651 43
651 44 651 87
651 88 651 131
651 132 651 175
651 176 651 219
651 220 651 263
651 264 651 307
651 308 651 351
651 352 651 395
651 396 651 439
651 440 651 483
651 484 651 527
652 0 652 43
652 44 652 87
652 88 652 131
652 132 652 175
652 176 652 219
652 220 652 263
652 264 652 307
652 308 652 351
652 352 652 395
652 396 652 439
652 440 652 483
652 484 652 527
652 528 655 538
653 0 653 43
653 44 653 87
653 88 653 131
653 132 653 175
653 176 653 219
653 220 653 263
653 264 653 307
653 308 653 351
653 352 653 395
653 396 653 439
653 440 653 483
653 484 653 527
654 0 654 43
654 44 654 87
654 88 654 131
654 132 654 175
654 176 654 219
654 220 654 263
654 264 654 307
654 308 654 351
654 352 654 395
654 396 654 439
654 440 654 483
654 484 654 527
655 0 655 43
655 44 655 87
655 88 655 131
655 132 655 175
655 176 655 219
655 220 655 263
655 264 655 307
655 308 655 351
655 352 655 395
655 396 655 439
655 440 655 483
655 484 655 527
656 0 656 43
656 44 656 87
656 88 656 131
656 132 656 175
656 176 656 219
656 220 656 263
656 264 656 307
656 308 656 351
656 352 656 395
656 396 656 439
656 440 656 483
656 484 656 527
656 528 659 538
657 0 657 43
657 44 657 87
657 88 657 131
657 132 657 175
657 176 657 219
657 220 657 263
657 264 657 307
657 308 657 351
657 352 660 362
657 363 657 406
657 407 657 450
657 451 657 494
657 495 658 516
657 517 660 527
658 0 658 43
658 44 658 87
658 88 658 131
658 132 658 175
658 176 658 219
658 220 658 263
658 264 658 307
658 308 658 351
658 363 658 406
658 407 658 450
658 451 658 494
659 0 659 43
659 44 659 87
659 88 659 131
659 132 659 175
659 176 659 219
659 220 659 263
659 264 659 307
659 308 659 351
659 363 659 406
659 407 659 450
659 451 659 494
659 495 660 516
660 0 660 43
660 44 660 87
660 88 660 131
660 132 660 175
660 176 660 219
660 220 660 263
660 264 660 307
660 308 660 351
660 363 660 406
660 407 660 450
660 451 660 494
660 528 663 538
661 0 661 43
661 44 661 87
661 88 661 131
661 132 661 175
661 176 661 219
661 220 661 263
661 264 661 307
661 308 661 351
661 352 661 395
661 396 661 439
661 440 661 483
661 484 661 527
662 0 662 43
662 44 662 87
662 88 662 131
662 132 662 175
662 176 662 219
662 220 662 263
662 264 662 307
662 308 662 351
662 352 662 395
662 396 662 439
662 440 662 483
662 484 662 527
663 0 663 43
663 44 663 87
663 88 663 131
663 132 663 175
663 176 663 219
663 220 663 263
663 264 663 307
663 308 663 351
663 352 663 395
663 396 663 439
663 440 663 483
663 484 663 527
664 0 664 43
664 44 664 87
664 88 664 131
664 132 664 175
664 176 664 219
664 220 664 263
664 264 664 307
664 308 664 351
664 352 664 395
664 396 664 439
664 440 664 483
664 484 664 527
664 528 667 538
665 0 665 43
665 44 665 87
665 88 665 131
665 132 665 175
665 176 665 219
665 220 665 263
665 264 665 307
665 308 665 351
665 352 665 395
665 396 665 439
665 440 665 483
665 484 665 527
666 0 666 43
666 44 666 87
666 88 666 131
666 132 666 175
666 176 666 219
666 220 666 263
666 264 666 307
666 308 666 351
666 352 666 395
666 396 666 439
666 440 666 483
666 484 666 527
667 0 667 43
667 44 667 87
667 88 667 131
667 132 667 175
667 176 667 219
667 220 667 263
667 264 667 307
667 308 667 351
667 352 667 395
667 396 667 439
667 440 667 483
667 484 667 527
668 0 668 43
668 44 668 87
668 88 668 131
668 132 668 175
668 176 668 219
668 220 668 263
668 264 668 307
668 308 668 351
668 352 668 395
668 396 668 439
668 440 668 483
668 484 668 527
668 528 671 538
669 0 669 43
669 44 669 87
669 88 669 131
669 132 669 175
669 176 669 219
669 220 669 263
669 264 669 307
669 308 669 351
669 352 669 395
669 396 669 439
669 440 669 483
669 484 669 527
670 0 670 43
670 44 670 87
670 88 670 131
670 132 670 175
670 176 670 219
670 220 670 263
670 264 670 307
670 308 670 351
670 352 670 395
670 396 670 439
670 440 670 483
670 484 670 527
671 0 671 43
671 44 671 87
671 88 671 131
671 132 671 175
671 176 671 219
671 220 671 263
671 264 671 307
671 308 671 351
671 352 671 395
671 396 671 439
671 440 671 483
671 484 671 527
672 0 672 43
672 44 672 87
672 88 672 131
672 132 672 175
672 176 672 219
672 220 672 263
672 264 672 307
672 308 672 351
672 352 672 395
672 396 672 439
672 440 672 483
672 484 672 527
672 528 675 538
673 0 673 43
673 44 673 87
673 88 673 131
673 132 673 175
673 176 673 219
673 220 673 263
673 264 673 307
673 308 673 351
673 352 673 395
673 396 673 439
673 440 673 483
673 484 673 527
674 0 674 43
674 44 674 87
674 88 674 131
674 132 674 175
674 176 674 219
674 220 674 263
674 264 674 307
674 308 674 351
674 352 674 395
674 396 674 439
674 440 674 483
674 484 674 527
675 0 675 43
675 44 675 87
675 88 675 131
675 132 675 175
675 176 675 219
675 220 675 263
675 264 675 307
675 308 675 351
675 352 675 395
675 396 675 439
675 440 675 483
675 484 675 527
676 0 676 43
676 44 676 87
676 88 676 131
676 132 676 175
676 176 676 219
676 220 676 263
676 264 676 307
676 308 676 351
676 352 676 395
676 396 676 439
676 440 676 483
676 484 676 527
676 528 679 538
677 0 677 43
677 44 677 87
677 88 677 131
677 132 677 175
677 176 677 219
677 220 677 263
677 264 677 307
677 308 677 351
677 352 677 395
677 396 677 439
677 440 677 483
677 484 677 527
678 0 678 43
678 44 678 87
678 88 678 131
678 132 678 175
678 176 678 219
678 220 678 263
678 264 678 307
678 308 678 351
678 352 678 395
678 396 678 439
678 440 678 483
678 484 678 527
679 0 679 43
679 44 679 87
679 88 679 131
679 132 679 175
679 176 679 219
679 220 679 263
679 264 679 307
679 308 679 351
679 352 679 395
679 396 679 439
679 440 679 483
679 484 679 527
680 0 680 43
680 44 680 87
680 88 680 131
680 132 680 175
680 176 680 219
680 220 680 263
680 264 680 307
680 308 680 351
680 352 680 395
680 396 681 417
680 418 680 461
680 462 680 505
680 506 681 527
680 528 683 538
681 0 681 43
681 44 681 87
681 88 681 131
681 132 681 175
681 176 681 219
681 220 681 263
681 264 681 307
681 308 681 351
681 352 681 395
681 418 681 461
681 462 681 505
682 0 682 43
682 44 682 87
682 88 682 131
682 132 682 175
682 176 682 219
682 220 682 263
682 264 682 307
682 308 682 351
682 352 682 395
682 396 682 439
682 440 682 483
682 484 682 527
683 0 683 43
683 44 683 87
683 88 683 131
683 132 683 175
683 176 683 219
683 220 683 263
683 264 683 307
683 308 683 351
683 352 683 395
683 396 683 439
683 440 683 483
683 484 683 527
684 0 684 43
684 44 684 87
684 88 684 131
684 132 684 175
684 176 684 219
684 220 684 263
684 264 684 307
684 308 684 351
684 352 684 395
684 396 684 439
684 440 684 483
684 484 684 527
684 528 687 538
685 0 685 43
685 44 685 87
685 88 685 131
685 132 685 175
685 176 685 219
685 220 685 263
685 264 685 307
685 308 685 351
685 352 685 395
685 396 685 439
685 440 685 483
685 484 685 527
686 0 686 43
686 44 686 87
686 88 686 131
686 132 686 175
686 176 686 219
686 220 686 263
686 264 686 307
686 308 686 351
686 352 686 395
686 396 686 439
686 440 686 483
686 484 686 527
687 0 687 43
687 44 687 87
687 88 687 131
687 132 687 175
687 176 687 219
687 220 687 263
687 264 687 307
687 308 687 351
687 352 687 395
687 396 687 439
687 440 687 483
687 484 687 527
688 0 688 43
688 44 688 87
688 88 688 131
688 132 688 175
688 176 688 219
688 220 688 263
688 264 688 307
688 308 688 351
688 352 688 395
688 396 688 439
688 440 688 483
688 484 688 527
688 528 691 538
689 0 689 43
689 44 689 87
689 88 689 131
689 132 689 175
689 176 689 219
689 220 689 263
689 264 689 307
689 308 689 351
689 352 689 395
689 396 689 439
689 440 689 483
689 484 689 527
690 0 690 43
690 44 690 87
690 88 690 131
690 132 690 175
690 176 690 219
690 220 690 263
690 264 690 307
690 308 690 351
690 352 690 395
690 396 690 439
690 440 690 483
690 484 690 527
691 0 691 43
691 44 691 87
691 88 691 131
691 132 691 175
691 176 691 219
691 220 691 263
691 264 691 307
691 308 691 351
691 352 691 395
691 396 691 439
691 440 691 483
691 484 691 527
692 0 692 43
692 44 692 87
692 88 692 131
692 132 692 175
692 176 692 219
692 220 692 263
692 264 692 307
692 308 692 351
692 352 692 395
692 396 692 439
692 440 692 483
692 484 692 527
692 528 695 538
693 0 693 43
693 44 693 87
693 88 693 131
693 132 693 175
693 176 693 219
693 220 693 263
693 264 693 307
693 308 693 351
693 352 693 395
693 396 693 439
693 440 693 483
693 484 693 527
694 0 694 43
694 44 694 87
694 88 694 131
694 132 694 175
694 176 694 219
694 220 694 263
694 264 694 307
694 308 694 351
694 352 694 395
694 396 694 439
694 440 694 483
694 484 694 527
695 0 695 43
695 44 695 87
695 88 695 131
695 132 695 175
695 176 695 219
695 220 695 263
695 264 695 307
695 308 695 351
695 352 695 395
695 396 695 439
695 440 695 483
695 484 695 527
696 0 696 43
696 44 696 87
696 88 696 131
696 132 696 175
696 176 696 219
696 220 696 263
696 264 696 307
696 308 696 351
696 352 696 395
696 396 696 439
696 440 696 483
696 484 696 527
696 528 699 538
697 0 697 43
697 44 697 87
697 88 697 131
697 132 697 175
697 176 697 219
697 220 697 263
697 264 697 307
697 308 697 351
697 352 697 395
697 396 697 439
697 440 697 483
697 484 697 527
698 0 698 43
698 44 698 87
698 88 698 131
698 132 698 175
698 176 698 219
698 220 698 263
698 264 698 307
698 308 698 351
698 352 698 395
698 396 698 439
698 440 698 483
698 484 698 527
699 0 699 43
699 44 699 87
699 88 699 131
699 132 699 175
699 176 699 219
699 220 699 263
699 264 699 307
699 308 699 351
699 352 699 395
699 396 699 439
699 440 699 483
699 484 699 527
700 0 700 43
700 44 700 87
700 88 700 131
700 132 700 175
700 176 700 219
700 220 700 263
700 264 700 307
700 308 700 351
700 352 700 395
700 396 700 439
700 440 700 483
700 484 700 527
700 528 703 538
701 0 701 43
701 44 701 87
701 88 701 131
701 132 701 175
701 176 701 219
701 220 701 263
701 264 701 307
701 308 701 351
701 352 701 395
701 396 701 439
701 440 701 483
701 484 701 527
702 0 702 43
702 44 702 87
702 88 702 131
702 132 702 175
702 176 702 219
702 220 702 263
702 264 702 307
702 308 702 351
702 352 702 395
702 396 702 439
702 440 702 483
702 484 702 527
703 0 703 43
703 44 703 87
703 88 703 131
703 132 703 175
703 176 703 219
703 220 703 263
703 264 703 307
703 308 703 351
703 352 703 395
703 396 703 439
703 440 703 483
703 484 703 527
704 0 704 43
704 44 704 87
704 88 704 131
704 132 704 175
704 176 704 219
704 220 704 263
704 264 704 307
704 308 704 351
704 352 704 395
704 396 704 439
704 440 704 483
704 484 704 527
704 528 707 538
705 0 705 43
705 44 705 87
705 88 705 131
705 132 705 175
705 176 705 219
705 220 705 263
705 264 705 307
705 308 705 351
705 352 705 395
705 396 705 439
705 440 705 483
705 484 705 527
706 0 706 43
706 44 706 87
706 88 706 131
706 132 706 175
706 176 706 219
706 220 706 263
706 264 706 307
706 308 706 351
706 352 706 395
706 396 706 439
706 440 706 483
706 484 706 527
707 0 707 43
707 44 707 87
707 88 707 131
707 132 707 175
707 176 707 219
707 220 707 263
707 264 707 307
707 308 707 351
707 352 707 395
707 396 707 439
707 440 707 483
707 484 707 527
708 0 708 43
708 44 708 87
708 88 708 131
708 132 708 175
708 176 708 219
708 220 708 263
708 264 708 307
708 308 708 351
708 352 708 395
708 396 708 439
708 440 708 483
708 484 708 527
708 528 711 538
709 0 709 43
709 44 709 87
709 88 709 131
709 132 709 175
709 176 709 219
709 220 709 263
709 264 709 307
709 308 709 351
709 352 709 395
709 396 709 439
709 440 709 483
709 484 709 527
710 0 710 43
710 44 710 87
710 88 710 131
710 132 710 175
710 176 710 219
710 220 710 263
710 264 710 307
710 308 710 351
710 352 710 395
710 396 710 439
710 440 710 483
710 484 710 527
711 0 711 43
711 44 711 87
711 88 711 131
711 132 711 175
711 176 711 219
711 220 711 263
711 264 711 307
711 308 711 351
711 352 711 395
711 396 711 439
711 440 711 483
711 484 711 527
712 0 712 43
712 44 712 87
712 88 712 131
712 132 715 142
712 143 712 186
712 187 712 230
712 231 712 274
712 275 712 318
712 319 712 362
712 363 712 406
712 407 712 450
712 451 712 494
712 495 712 538
713 0 713 43
713 44 713 87
713 88 713 131
713 143 713 186
713 187 713 230
713 231 713 274
713 275 713 318
713 319 713 362
713 363 713 406
713 407 713 450
713 451 713 494
713 495 713 538
714 0 714 43
714 44 714 87
714 88 714 131
714 143 714 186
714 187 714 230
714 231 714 274
714 275 714 318
714 319 714 362
714 363 714 406
714 407 714 450
714 451 714 494
714 495 714 538
715 0 715 43
715 44 715 87
715 88 715 131
715 143 715 186
715 187 715 230
715 231 715 274
715 275 715 318
715 319 715 362
715 363 715 406
715 407 715 450
715 451 715 494
715 495 715 538
716 0 716 43
716 44 716 87
716 88 716 131
716 132 716 175
716 176 716 219
716 220 716 263
716 264 716 307
716 308 716 351
716 352 716 395
716 396 716 439
716 440 716 483
716 484 717 505
716 506 717 527
716 528 719 538
717 0 717 43
717 44 717 87
717 88 717 131
717 132 717 175
717 176 717 219
717 220 717 263
717 264 717 307
717 308 717 351
717 352 717 395
717 396 717 439
717 440 717 483
718 0 718 43
718 44 718 87
718 88 718 131
718 132 718 175
718 176 718 219
718 220 718 263
718 264 718 307
718 308 718 351
718 352 718 395
718 396 718 439
718 440 718 483
718 484 718 527
719 0 719 43
719 44 719 87
719 88 719 131
719 132 719 175
719 176 719 219
719 220 719 263
719 264 719 307
719 308 719 351
719 352 719 395
719 396 719 439
719 440 719 483
719 484 719 527
720 0 720 43
720 44 720 87
720 88 720 131
720 132 720 175
720 176 720 219
720 220 720 263
720 264 720 307
720 308 720 351
720 352 720 395
720 396 720 439
720 440 720 483
720 484 720 527
720 528 723 538
721 0 721 43
721 44 721 87
721 88 721 131
721 132 721 175
721 176 721 219
721 220 721 263
721 264 721 307
721 308 721 351
721 352 721 395
721 396 721 439
721 440 721 483
721 484 721 527
722 0 722 43
722 44 722 87
722 88 722 131
722 132 722 175
722 176 722 219
722 220 722 263
722 264 722 307
722 308 722 351
722 352 722 395
722 396 722 439
722 440 722 483
722 484 722 527
723 0 723 43
723 44 723 87
723 88 723 131
723 132 723 175
723 176 723 219
723 220 723 263
723 264 723 307
723 308 723 351
723 352 723 395
723 396 723 439
723 440 723 483
723 484 723 527
724 0 724 43
724 44 724 87
724 88 724 131
724 132 724 175
724 176 724 219
724 220 724 263
724 264 724 307
724 308 724 351
724 352 724 395
724 396 724 439
724 440 724 483
724 484 724 527
724 528 727 538
725 0 725 43
725 44 725 87
725 88 725 131
725 132 725 175
725 176 725 219
725 220 725 263
725 264 725 307
725 308 725 351
725 352 725 395
725 396 725 439
725 440 725 483
725 484 725 527
726 0 726 43
726 44 726 87
726 88 726 131
726 132 726 175
726 176 726 219
726 220 726 263
726 264 726 307
726 308 726 351
726 352 726 395
726 396 726 439
726 440 726 483
726 484 726 527
727 0 727 43
727 44 727 87
727 88 727 131
727 132 727 175
727 176 727 219
727 220 727 263
727 264 727 307
727 308 727 351
727 352 727 395
727 396 727 439
727 440 727 483
727 484 727 527
728 0 728 43
728 44 728 87
728 88 728 131
728 132 728 175
728 176 728 219
728 220 728 263
728 264 728 307
728 308 728 351
728 352 728 395
728 396 728 439
728 440 728 483
728 484 728 527
728 528 731 538
729 0 729 43
729 44 729 87
729 88 729 131
729 132 729 175
729 176 729 219
729 220 729 263
729 264 729 307
729 308 729 351
729 352 729 395
729 396 729 439
729 440 729 483
729 484 729 527
730 0 730 43
730 44 730 87
730 88 730 131
730 132 730 175
730 176 730 219
730 220 730 263
730 264 730 307
730 308 730 351
730 352 730 395
730 396 730 439
730 440 730 483
730 484 730 527
731 0 731 43
731 44 731 87
731 88 731 131
731 132 731 175
731 176 731 219
731 220 731 263
731 264 731 307
731 308 731 351
731 352 731 395
731 396 731 439
731 440 731 483
731 484 731 527
732 0 732 43
732 44 732 87
732 88 732 131
732 132 732 175
732 176 732 219
732 220 732 263
732 264 732 307
732 308 732 351
732 352 732 395
732 396 732 439
732 440 732 483
732 484 732 527
732 528 735 538
733 0 733 43
733 44 733 87
733 88 733 131
733 132 733 175
733 176 733 219
733 220 733 263
733 264 733 307
733 308 733 351
733 352 733 395
733 396 733 439
733 440 733 483
733 484 733 527
734 0 734 43
734 44 734 87
734 88 734 131
734 132 734 175
734 176 734 219
734 220 734 263
734 264 734 307
734 308 734 351
734 352 734 395
734 396 734 439
734 440 734 483
734 484 734 527
735 0 735 43
735 44 735 87
735 88 735 131
735 132 735 175
735 176 735 219
735 220 735 263
735 264 735 307
735 308 735 351
735 352 735 395
735 396 735 439
735 440 735 483
735 484 735 527
736 0 736 43
736 44 736 87
736 88 736 131
736 132 736 175
736 176 736 219
736 220 736 263
736 264 736 307
736 308 736 351
736 352 736 395
736 396 736 439
736 440 736 483
736 484 736 527
736 528 739 538
737 0 737 43
737 44 737 87
737 88 737 131
737 132 737 175
737 176 737 219
737 220 737 263
737 264 737 307
737 308 737 351
737 352 737 395
737 396 737 439
737 440 737 483
737 484 737 527
738 0 738 43
738 44 738 87
738 88 738 131
738 132 738 175
738 176 738 219
738 220 738 263
738 264 738 307
738 308 738 351
738 352 738 395
738 396 738 439
738 440 738 483
738 484 738 527
739 0 739 43
739 44 739 87
739 88 739 131
739 132 739 175
739 176 739 219
739 220 739 263
739 264 739 307
739 308 739 351
739 352 739 395
739 396 739 439
739 440 739 483
739 484 739 527
740 0 740 43
740 44 740 87
740 88 740 131
740 132 740 175
740 176 740 219
740 220 740 263
740 264 740 307
740 308 740 351
740 352 740 395
740 396 740 439
740 440 740 483
740 484 740 527
740 528 743 538
741 0 741 43
741 44 741 87
741 88 741 131
741 132 741 175
741 176 741 219
741 220 741 263
741 264 741 307
741 308 741 351
741 352 741 395
741 396 741 439
741 440 741 483
741 484 741 527
742 0 742 43
742 44 742 87
742 88 742 131
742 132 742 175
742 176 742 219
742 220 742 263
742 264 742 307
742 308 742 351
742 352 742 395
742 396 742 439
742 440 742 483
742 484 742 527
743 0 743 43
743 44 743 87
743 88 743 131
743 132 743 175
743 176 743 219
743 220 743 263
743 264 743 307
743 308 743 351
743 352 743 395
743 396 743 439
743 440 743 483
743 484 743 527
744 0 744 43
744 44 744 87
744 88 744 131
744 132 744 175
744 176 744 219
744 220 744 263
744 264 744 307
744 308 744 351
744 352 744 395
744 396 744 439
744 440 744 483
744 484 744 527
744 528 747 538
745 0 745 43
745 44 745 87
745 88 745 131
745 132 745 175
745 176 745 219
745 220 745 263
745 264 745 307
745 308 745 351
745 352 745 395
745 396 745 439
745 440 745 483
745 484 745 527
746 0 746 43
746 44 746 87
746 88 746 131
746 132 746 175
746 176 746 219
746 220 746 263
746 264 746 307
746 308 746 351
746 352 746 395
746 396 746 439
746 440 746 483
746 484 746 527
747 0 748 21
747 22 747 65
747 66 747 109
747 110 747 153
747 154 747 197
747 198 747 241
747 242 747 285
747 286 747 329
747 330 747 373
747 374 747 417
747 418 747 461
747 462 747 505
747 506 748 527
748 22 748 65
748 66 748 109
748 110 748 153
748 154 748 197
748 198 748 241
748 242 748 285
748 286 748 329
748 330 748 373
748 374 748 417
748 418 748 461
748 462 748 505
748 528 751 538
749 0 749 43
749 44 749 87
749 88 749 131
749 132 749 175
749 176 749 219
749 220 749 263
749 264 749 307
749 308 749 351
749 352 749 395
749 396 749 439
749 440 749 483
749 484 749 527
750 0 750 43
750 44 750 87
750 88 750 131
750 132 750 175
750 176 750 219
750 220 750 263
750 264 750 307
750 308 750 351
750 352 750 395
750 396 750 439
750 440 750 483
750 484 750 527
751 0 751 43
751 44 751 87
751 88 751 131
751 132 751 175
751 176 751 219
751 220 751 263
751 264 751 307
751 308 751 351
751 352 751 395
751 396 751 439
751 440 751 483
751 484 751 527
752 0 752 43
752 44 752 87
752 88 752 131
752 132 752 175
752 176 752 219
752 220 752 263
752 264 752 307
752 308 752 351
752 352 752 395
752 396 752 439
752 440 752 483
752 484 752 527
752 528 755 538
753 0 753 43
753 44 753 87
753 88 753 131
753 132 753 175
753 176 753 219
753 220 753 263
753 264 753 307
753 308 753 351
753 352 753 395
753 396 753 439
753 440 753 483
753 484 753 527
754 0 754 43
754 44 754 87
754 88 754 131
754 132 754 175
754 176 754 219
754 220 754 263
754 264 754 307
754 308 754 351
754 352 754 395
754 396 754 439
754 440 754 483
754 484 754 527
755 0 755 43
755 44 755 87
755 88 755 131
755 132 755 175
755 176 755 219
755 220 755 263
755 264 755 307
755 308 755 351
755 352 755 395
755 396 755 439
755 440 755 483
755 484 755 527
756 0 756 43
756 44 756 87
756 88 756 131
756 132 756 175
756 176 756 219
756 220 756 263
756 264 757 285
756 286 757 307
756 308 756 351
756 352 756 395
756 396 756 439
756 440 756 483
756 484 756 527
756 528 759 538
757 0 757 43
757 44 757 87
757 88 757 131
757 132 757 175
757 176 757 219
757 220 757 263
757 308 757 351
757 352 757 395
757 396 757 439
757 440 757 483
757 484 757 527
758 0 758 43
758 44 758 87
758 88 758 131
758 132 758 175
758 176 758 219
758 220 758 263
758 264 758 307
758 308 758 351
758 352 758 395
758 396 758 439
758 440 758 483
758 484 758 527
759 0 759 43
759 44 759 87
759 88 759 131
759 132 759 175
759 176 759 219
759 220 759 263
759 264 759 307
759 308 759 351
759 352 759 395
759 396 759 439
759 440 759 483
759 484 759 527
760 0 760 43
760 44 760 87
760 88 760 131
760 132 760 175
760 176 760 219
760 220 760 263
760 264 760 307
760 308 760 351
760 352 760 395
760 396 760 439
760 440 760 483
760 484 760 527
760 528 763 538
761 0 761 43
761 44 761 87
761 88 761 131
761 132 761 175
761 176 761 219
761 220 761 263
761 264 761 307
761 308 761 351
761 352 761 395
761 396 761 439
761 440 761 483
761 484 761 527
762 0 762 43
762 44 762 87
762 88 762 131
762 132 762 175
762 176 762 219
762 220 762 263
762 264 762 307
762 308 762 351
762 352 762 395
762 396 762 439
762 440 762 483
762 484 762 527
763 0 763 43
763 44 763 87
763 88 763 131
763 132 763 175
763 176 763 219
763 220 763 263
763 264 763 307
763 308 763 351
763 352 763 395
763 396 763 439
763 440 763 483
763 484 763 527
764 0 764 43
764 44 764 87
764 88 764 131
764 132 764 175
764 176 764 219
764 220 764 263
764 264 764 307
764 308 764 351
764 352 764 395
764 396 764 439
764 440 764 483
764 484 764 527
764 528 767 538
765 0 765 43
765 44 765 87
765 88 765 131
765 132 765 175
765 176 765 219
765 220 765 263
765 264 765 307
765 308 765 351
765 352 765 395
765 396 765 439
765 440 765 483
765 484 765 527
766 0 766 43
766 44 766 87
766 88 766 131
766 132 766 175
766 176 766 219
766 220 766 263
766 264 766 307
766 308 766 351
766 352 766 395
766 396 766 439
766 440 766 483
766 484 766 527
767 0 767 43
767 44 767 87
767 88 767 131
767 132 767 175
767 176 767 219
767 220 767 263
767 264 767 307
767 308 767 351
767 352 767 395
767 396 767 439
767 440 767 483
767 484 767 527
768 0 768 43
768 44 768 87
768 88 768 131
768 132 768 175
768 176 768 219
768 220 768 263
768 264 768 307
768 308 768 351
768 352 768 395
768 396 768 439
768 440 768 483
768 484 768 527
768 528 771 538
769 0 769 43
769 44 769 87
769 88 769 131
769 132 769 175
769 176 769 219
769 220 769 263
769 264 769 307
769 308 769 351
769 352 769 395
769 396 769 439
769 440 769 483
769 484 769 527
770 0 770 43
770 44 770 87
770 88 770 131
770 132 770 175
770 176 770 219
770 220 770 263
770 264 770 307
770 308 770 351
770 352 770 395
770 396 770 439
770 440 770 483
770 484 770 527
771 0 771 43
771 44 771 87
771 88 771 131
771 132 771 175
771 176 771 219
771 220 771 263
771 264 771 307
771 308 771 351
771 352 771 395
771 396 771 439
771 440 771 483
771 484 771 527
772 0 772 43
772 44 772 87
772 88 772 131
772 132 772 175
772 176 772 219
772 220 772 263
772 264 772 307
772 308 772 351
772 352 772 395
772 396 772 439
772 440 772 483
772 484 772 527
772 528 775 538
773 0 773 43
773 44 773 87
773 88 773 131
773 132 773 175
773 176 773 219
773 220 773 263
773 264 773 307
773 308 773 351
773 352 773 395
773 396 773 439
773 440 773 483
773 484 773 527
774 0 774 43
774 44 774 87
774 88 774 131
774 132 774 175
774 176 774 219
774 220 774 263
774 264 774 307
774 308 774 351
774 352 774 395
774 396 774 439
774 440 774 483
774 484 774 527
775 0 775 43
775 44 775 87
775 88 775 131
775 132 775 175
775 176 775 219
775 220 775 263
775 264 775 307
775 308 775 351
775 352 775 395
775 396 775 439
775 440 775 483
775 484 775 527
776 0 776 43
776 44 776 87
776 88 776 131
776 132 776 175
776 176 776 219
776 220 776 263
776 264 776 307
776 308 776 351
776 352 776 395
776 396 776 439
776 440 776 483
776 484 776 527
776 528 779 538
777 0 777 43
777 44 777 87
777 88 777 131
777 132 777 175
777 176 777 219
777 220 777 263
777 264 777 307
777 308 777 351
777 352 777 395
777 396 777 439
777 440 777 483
777 484 777 527
778 0 778 43
778 44 778 87
778 88 778 131
778 132 778 175
778 176 778 219
778 220 778 263
778 264 778 307
778 308 778 351
778 352 778 395
778 396 778 439
778 440 778 483
778 484 778 527
779 0 779 43
779 44 779 87
779 88 779 131
779 132 779 175
779 176 779 219
779 220 779 263
779 264 779 307
779 308 779 351
779 352 779 395
779 396 779 439
779 440 779 483
779 484 779 527
780 0 780 43
780 44 780 87
780 88 780 131
780 132 780 175
780 176 780 219
780 220 780 263
780 264 780 307
780 308 780 351
780 352 780 395
780 396 780 439
780 440 780 483
780 484 780 527
780 528 783 538
781 0 781 43
781 44 781 87
781 88 781 131
781 132 781 175
781 176 781 219
781 220 781 263
781 264 781 307
781 308 781 351
781 352 781 395
781 396 781 439
781 440 781 483
781 484 781 527
782 0 782 43
782 44 782 87
782 88 782 131
782 132 782 175
782 176 782 219
782 220 782 263
782 264 782 307
782 308 782 351
782 352 782 395
782 396 782 439
782 440 782 483
782 484 782 527
783 0 783 43
783 44 783 87
783 88 783 131
783 132 783 175
783 176 783 219
783 220 783 263
783 264 783 307
783 308 783 351
783 352 783 395
783 396 783 439
783 440 783 483
783 484 783 527
784 0 784 43
784 44 784 87
784 88 784 131
784 132 784 175
784 176 784 219
784 220 784 263
784 264 784 307
784 308 784 351
784 352 784 395
784 396 784 439
784 440 784 483
784 484 784 527
784 528 787 538
785 0 785 43
785 44 785 87
785 88 785 131
785 132 785 175
785 176 785 219
785 220 785 263
785 264 785 307
785 308 785 351
785 352 785 395
785 396 785 439
785 440 785 483
785 484 785 527
786 0 786 43
786 44 786 87
786 88 786 131
786 132 786 175
786 176 786 219
786 220 786 263
786 264 786 307
786 308 786 351
786 352 786 395
786 396 786 439
786 440 786 483
786 484 786 527
787 0 787 43
787 44 787 87
787 88 787 131
787 132 787 175
787 176 787 219
787 220 787 263
787 264 787 307
787 308 787 351
787 352 787 395
787 396 787 439
787 440 787 483
787 484 787 527
788 0 788 43
788 44 788 87
788 88 788 131
788 132 788 175
788 176 788 219
788 220 788 263
788 264 788 307
788 308 788 351
788 352 788 395
788 396 788 439
788 440 788 483
788 484 788 527
788 528 791 538
789 0 789 43
789 44 789 87
789 88 789 131
789 132 789 175
789 176 789 219
789 220 789 263
789 264 789 307
789 308 789 351
789 352 789 395
789 396 789 439
789 440 789 483
789 484 789 527
790 0 790 43
790 44 790 87
790 88 790 131
790 132 790 175
790 176 790 219
790 220 790 263
790 264 790 307
790 308 790 351
790 352 790 395
790 396 790 439
790 440 790 483
790 484 790 527
791 0 791 43
791 44 791 87
791 88 791 131
791 132 791 175
791 176 791 219
791 220 791 263
791 264 791 307
791 308 791 351
791 352 791 395
791 396 791 439
791 440 791 483
791 484 791 527
792 0 792 43
792 44 792 87
792 88 792 131
792 132 792 175
792 176 792 219
792 220 792 263
792 264 792 307
792 308 792 351
792 352 792 395
792 396 792 439
792 440 792 483
792 484 792 527
792 528 795 538
793 0 793 43
793 44 793 87
793 88 793 131
793 132 793 175
793 176 793 219
793 220 793 263
793 264 793 307
793 308 793 351
793 352 793 395
793 396 793 439
793 440 793 483
793 484 793 527
794 0 794 43
794 44 794 87
794 88 794 131
794 132 794 175
794 176 794 219
794 220 794 263
794 264 794 307
794 308 794 351
794 352 794 395
794 396 794 439
794 440 794 483
794 484 794 527
795 0 795 43
795 44 795 87
795 88 795 131
795 132 795 175
795 176 795 219
795 220 795 263
795 264 795 307
795 308 795 351
795 352 795 395
795 396 795 439
795 440 795 483
795 484 795 527
796 0 796 43
796 44 796 87
796 88 796 131
796 132 796 175
796 176 796 219
796 220 796 263
796 264 796 307
796 308 796 351
796 352 796 395
796 396 796 439
796 440 796 483
796 484 796 527
796 528 799 538
797 0 797 43
797 44 797 87
797 88 797 131
797 132 797 175
797 176 797 219
797 220 797 263
797 264 797 307
797 308 797 351
797 352 797 395
797 396 797 439
797 440 797 483
797 484 797 527
798 0 798 43
798 44 798 87
798 88 798 131
798 132 798 175
798 176 798 219
798 220 798 263
798 264 798 307
798 308 798 351
798 352 798 395
798 396 798 439
798 440 798 483
798 484 798 527
799 0 799 43
799 44 799 87
799 88 799 131
799 132 799 175
799 176 799 219
799 220 799 263
799 264 799 307
799 308 799 351
799 352 799 395
799 396 799 439
799 440 799 483
799 484 799 527
800 0 800 43
800 44 800 87
800 88 800 131
800 132 800 175
800 176 800 219
800 220 800 263
800 264 800 307
800 308 800 351
800 352 800 395
800 396 800 439
800 440 800 483
800 484 800 527
800 528 803 538
801 0 801 43
801 44 801 87
801 88 801 131
801 132 801 175
801 176 801 219
801 220 801 263
801 264 801 307
801 308 801 351
801 352 801 395
801 396 801 439
801 440 801 483
801 484 801 527
802 0 802 43
802 44 802 87
802 88 802 131
802 132 802 175
802 176 802 219
802 220 802 263
802 264 802 307
802 308 802 351
802 352 802 395
802 396 802 439
802 440 802 483
802 484 802 527
803 0 803 43
803 44 803 87
803 88 803 131
803 132 803 175
803 176 803 219
803 220 803 263
803 264 803 307
803 308 803 351
803 352 803 395
803 396 803 439
803 440 803 483
803 484 803 527
804 0 804 43
804 44 804 87
804 88 804 131
804 132 804 175
804 176 804 219
804 220 804 263
804 264 805 285
804 286 804 329
804 330 804 373
804 374 804 417
804 418 804 461
804 462 804 505
804 506 805 527
804 528 807 538
805 0 805 43
805 44 805 87
805 88 805 131
805 132 805 175
805 176 805 219
805 220 805 263
805 286 805 329
805 330 805 373
805 374 805 417
805 418 805 461
805 462 805 505
806 0 806 43
806 44 806 87
806 88 806 131
806 132 806 175
806 176 806 219
806 220 806 263
806 264 806 307
806 308 806 351
806 352 806 395
806 396 806 439
806 440 806 483
806 484 806 527
807 0 807 43
807 44 807 87
807 88 807 131
807 132 807 175
807 176 807 219
807 220 807 263
807 264 807 307
807 308 807 351
807 352 807 395
807 396 807 439
807 440 807 483
807 484 807 527
808 0 808 43
808 44 808 87
808 88 808 131
808 132 808 175
808 176 808 219
808 220 808 263
808 264 808 307
808 308 808 351
808 352 808 395
808 396 808 439
808 440 808 483
808 484 808 527
808 528 811 538
809 0 809 43
809 44 809 87
809 88 809 131
809 132 809 175
809 176 809 219
809 220 809 263
809 264 809 307
809 308 809 351
809 352 809 395
809 396 809 439
809 440 809 483
809 484 809 527
810 0 810 43
810 44 810 87
810 88 810 131
810 132 810 175
810 176 810 219
810 220 810 263
810 264 810 307
810 308 810 351
810 352 810 395
810 396 810 439
810 440 810 483
810 484 810 527
811 0 811 43
811 44 811 87
811 88 811 131
811 132 811 175
811 176 811 219
811 220 811 263
811 264 811 307
811 308 811 351
811 352 811 395
811 396 811 439
811 440 811 483
811 484 811 527
812 0 812 43
812 44 812 87
812 88 812 131
812 132 812 175
812 176 812 219
812 220 812 263
812 264 812 307
812 308 812 351
812 352 812 395
812 396 812 439
812 440 812 483
812 484 812 527
812 528 815 538
813 0 813 43
813 44 813 87
813 88 813 131
813 132 813 175
813 176 813 219
813 220 813 263
813 264 813 307
813 308 813 351
813 352 813 395
813 396 813 439
813 440 813 483
813 484 813 527
814 0 814 43
814 44 814 87
814 88 814 131
814 132 814 175
814 176 814 219
814 220 814 263
814 264 814 307
814 308 814 351
814 352 814 395
814 396 814 439
814 440 814 483
814 484 814 527
815 0 815 43
815 44 815 87
815 88 815 131
815 132 815 175
815 176 815 219
815 220 815 263
815 264 815 307
815 308 815 351
815 352 815 395
815 396 815 439
815 440 815 483
815 484 815 527
816 0 816 43
816 44 816 87
816 88 816 131
816 132 816 175
816 176 816 219
816 220 816 263
816 264 816 307
816 308 816 351
816 352 816 395
816 396 816 439
816 440 816 483
816 484 816 527
816 528 819 538
817 0 817 43
817 44 817 87
817 88 817 131
817 132 817 175
817 176 817 219
817 220 817 263
817 264 817 307
817 308 817 351
817 352 817 395
817 396 817 439
817 440 817 483
817 484 817 527
818 0 818 43
818 44 818 87
818 88 818 131
818 132 818 175
818 176 818 219
818 220 818 263
818 264 818 307
818 308 818 351
818 352 818 395
818 396 818 439
818 440 818 483
818 484 818 527
819 0 819 43
819 44 819 87
819 88 819 131
819 132 819 175
819 176 819 219
819 220 819 263
819 264 819 307
819 308 819 351
819 352 819 395
819 396 819 439
819 440 819 483
819 484 819 527
820 0 820 43
820 44 820 87
820 88 820 131
820 132 820 175
820 176 820 219
820 220 820 263
820 264 820 307
820 308 820 351
820 352 820 395
820 396 820 439
820 440 820 483
820 484 820 527
820 528 823 538
821 0 821 43
821 44 821 87
821 88 821 131
821 132 821 175
821 176 821 219
821 220 821 263
821 264 821 307
821 308 821 351
821 352 821 395
821 396 821 439
821 440 821 483
821 484 821 527
822 0 822 43
822 44 822 87
822 88 822 131
822 132 822 175
822 176 822 219
822 220 822 263
822 264 822 307
822 308 822 351
822 352 822 395
822 396 822 439
822 440 822 483
822 484 822 527
823 0 823 43
823 44 823 87
823 88 823 131
823 132 823 175
823 176 823 219
823 220 823 263
823 264 823 307
823 308 823 351
823 352 823 395
823 396 823 439
823 440 823 483
823 484 823 527
824 0 824 43
824 44 824 87
824 88 824 131
824 132 824 175
824 176 824 219
824 220 824 263
824 264 824 307
824 308 824 351
824 352 824 395
824 396 824 439
824 440 824 483
824 484 824 527
824 528 827 538
825 0 825 43
825 44 825 87
825 88 825 131
825 132 825 175
825 176 825 219
825 220 825 263
825 264 825 307
825 308 825 351
825 352 825 395
825 396 825 439
825 440 825 483
825 484 825 527
826 0 826 43
826 44 826 87
826 88 826 131
826 132 826 175
826 176 826 219
826 220 826 263
826 264 826 307
826 308 826 351
826 352 826 395
826 396 826 439
826 440 826 483
826 484 826 527
827 0 827 43
827 44 827 87
827 88 827 131
827 132 827 175
827 176 827 219
827 220 827 263
827 264 827 307
827 308 827 351
827 352 827 395
827 396 827 439
827 440 827 483
827 484 827 527
828 0 828 43
828 44 828 87
828 88 828 131
828 132 828 175
828 176 828 219
828 220 828 263
828 264 828 307
828 308 828 351
828 352 828 395
828 396 828 439
828 440 828 483
828 484 828 527
828 528 831 538
829 0 829 43
829 44 829 87
829 88 829 131
829 132 829 175
829 176 829 219
829 220 829 263
829 264 829 307
829 308 829 351
829 352 829 395
829 396 829 439
829 440 829 483
829 484 829 527
830 0 830 43
830 44 830 87
830 88 830 131
830 132 830 175
830 176 830 219
830 220 830 263
830 264 830 307
830 308 830 351
830 352 830 395
830 396 830 439
830 440 830 483
830 484 830 527
831 0 831 43
831 44 831 87
831 88 831 131
831 132 831 175
831 176 831 219
831 220 831 263
831 264 831 307
831 308 831 351
831 352 831 395
831 396 831 439
831 440 831 483
831 484 831 527
832 0 832 43
832 44 832 87
832 88 832 131
832 132 832 175
832 176 832 219
832 220 832 263
832 264 832 307
832 308 832 351
832 352 832 395
832 396 832 439
832 440 832 483
832 484 832 527
832 528 835 538
833 0 833 43
833 44 833 87
833 88 833 131
833 132 833 175
833 176 833 219
833 220 833 263
833 264 833 307
833 308 833 351
833 352 833 395
833 396 833 439
833 440 833 483
833 484 833 527
834 0 834 43
834 44 834 87
834 88 834 131
834 132 834 175
834 176 834 219
834 220 834 263
834 264 834 307
834 308 834 351
834 352 834 395
834 396 834 439
834 440 834 483
834 484 834 527
835 0 835 43
835 44 835 87
835 88 835 131
835 132 835 175
835 176 835 219
835 220 835 263
835 264 835 307
835 308 835 351
835 352 835 395
835 396 835 439
835 440 835 483
835 484 835 527
836 0 836 43
836 44 836 87
836 88 836 131
836 132 836 175
836 176 836 219
836 220 836 263
836 264 836 307
836 308 836 351
836 352 836 395
836 396 836 439
836 440 836 483
836 484 836 527
836 528 839 538
837 0 837 43
837 44 837 87
837 88 837 131
837 132 837 175
837 176 837 219
837 220 837 263
837 264 837 307
837 308 837 351
837 352 837 395
837 396 837 439
837 440 837 483
837 484 837 527
838 0 838 43
838 44 838 87
838 88 838 131
838 132 838 175
838 176 838 219
838 220 838 263
838 264 838 307
838 308 838 351
838 352 838 395
838 396 838 439
838 440 838 483
838 484 838 527
839 0 839 43
839 44 839 87
839 88 839 131
839 132 839 175
839 176 839 219
839 220 839 263
839 264 839 307
839 308 839 351
839 352 839 395
839 396 839 439
839 440 839 483
839 484 839 527
840 0 840 43
840 44 840 87
840 88 840 131
840 132 840 175
840 176 840 219
840 220 840 263
840 264 840 307
840 308 840 351
840 352 840 395
840 396 840 439
840 440 840 483
840 484 840 527
840 528 843 538
841 0 841 43
841 44 841 87
841 88 841 131
841 132 841 175
841 176 841 219
841 220 841 263
841 264 841 307
841 308 841 351
841 352 841 395
841 396 841 439
841 440 841 483
841 484 841 527
842 0 842 43
842 44 842 87
842 88 842 131
842 132 842 175
842 176 842 219
842 220 842 263
842 264 842 307
842 308 842 351
842 352 842 395
842 396 842 439
842 440 842 483
842 484 842 527
843 0 843 43
843 44 843 87
843 88 843 131
843 132 843 175
843 176 843 219
843 220 843 263
843 264 843 307
843 308 843 351
843 352 843 395
843 396 843 439
843 440 843 483
843 484 843 527
844 0 844 43
844 44 844 87
844 88 844 131
844 132 844 175
844 176 844 219
844 220 844 263
844 264 844 307
844 308 844 351
844 352 844 395
844 396 844 439
844 440 844 483
844 484 844 527
844 528 847 538
845 0 845 43
845 44 845 87
845 88 845 131
845 132 845 175
845 176 845 219
845 220 845 263
845 264 845 307
845 308 845 351
845 352 845 395
845 396 845 439
845 440 845 483
845 484 845 527
846 0 846 43
846 44 846 87
846 88 846 131
846 132 846 175
846 176 846 219
846 220 846 263
846 264 846 307
846 308 846 351
846 352 846 395
846 396 846 439
846 440 846 483
846 484 846 527
847 0 847 43
847 44 847 87
847 88 847 131
847 132 847 175
847 176 847 219
847 220 847 263
847 264 847 307
847 308 847 351
847 352 847 395
847 396 847 439
847 440 847 483
847 484 847 527
848 0 848 43
848 44 848 87
848 88 848 131
848 132 848 175
848 176 848 219
848 220 848 263
848 264 848 307
848 308 848 351
848 352 848 395
848 396 848 439
848 440 848 483
848 484 848 527
848 528 851 538
849 0 849 43
849 44 849 87
849 88 849 131
849 132 849 175
849 176 849 219
849 220 849 263
849 264 849 307
849 308 849 351
849 352 849 395
849 396 849 439
849 440 849 483
849 484 849 527
850 0 850 43
850 44 850 87
850 88 850 131
850 132 850 175
850 176 850 219
850 220 850 263
850 264 850 307
850 308 850 351
850 352 850 395
850 396 850 439
850 440 850 483
850 484 850 527
851 0 851 43
851 44 851 87
851 88 851 131
851 132 851 175
851 176 851 219
851 220 851 263
851 264 851 307
851 308 851 351
851 352 851 395
851 396 851 439
851 440 851 483
851 484 851 527
852 0 852 43
852 44 852 87
852 88 852 131
852 132 852 175
852 176 852 219
852 220 852 263
852 264 852 307
852 308 852 351
852 352 852 395
852 396 852 439
852 440 852 483
852 484 852 527
852 528 855 538
853 0 853 43
853 44 853 87
853 88 853 131
853 132 853 175
853 176 853 219
853 220 853 263
853 264 853 307
853 308 853 351
853 352 853 395
853 396 853 439
853 440 853 483
853 484 853 527
854 0 854 43
854 44 854 87
854 88 854 131
854 132 854 175
854 176 854 219
854 220 854 263
854 264 854 307
854 308 854 351
854 352 854 395
854 396 854 439
854 440 854 483
854 484 854 527
855 0 855 43
855 44 855 87
855 88 855 131
855 132 855 175
855 176 855 219
855 220 855 263
855 264 855 307
855 308 855 351
855 352 855 395
855 396 855 439
855 440 855 483
855 484 855 527
856 0 856 43
856 44 856 87
856 88 856 131
856 132 856 175
856 176 856 219
856 220 856 263
856 264 856 307
856 308 856 351
856 352 856 395
856 396 856 439
856 440 856 483
856 484 856 527
856 528 859 538
857 0 857 43
857 44 857 87
857 88 857 131
857 132 857 175
857 176 857 219
857 220 857 263
857 264 857 307
857 308 857 351
857 352 857 395
857 396 857 439
857 440 857 483
857 484 857 527
858 0 858 43
858 44 858 87
858 88 858 131
858 132 858 175
858 176 858 219
858 220 858 263
858 264 858 307
858 308 858 351
858 352 858 395
858 396 858 439
858 440 858 483
858 484 858 527
859 0 859 43
859 44 859 87
859 88 859 131
859 132 859 175
859 176 859 219
859 220 859 263
859 264 859 307
859 308 859 351
859 352 859 395
859 396 859 439
859 440 859 483
859 484 859 527
860 0 860 43
860 44 860 87
860 88 860 131
860 132 860 175
860 176 860 219
860 220 860 263
860 264 860 307
860 308 860 351
860 352 860 395
860 396 860 439
860 440 860 483
860 484 860 527
860 528 863 538
861 0 861 43
861 44 861 87
861 88 861 131
861 132 861 175
861 176 861 219
861 220 861 263
861 264 861 307
861 308 861 351
861 352 861 395
861 396 861 439
861 440 861 483
861 484 861 527
862 0 862 43
862 44 862 87
862 88 862 131
862 132 862 175
862 176 862 219
862 220 862 263
862 264 862 307
862 308 862 351
862 352 862 395
862 396 862 439
862 440 862 483
862 484 862 527
863 0 863 43
863 44 863 87
863 88 863 131
863 132 863 175
863 176 863 219
863 220 863 263
863 264 863 307
863 308 863 351
863 352 863 395
863 396 863 439
863 440 863 483
863 484 863 527
864 0 864 43
864 44 864 87
864 88 864 131
864 132 864 175
864 176 864 219
864 220 864 263
864 264 864 307
864 308 864 351
864 352 864 395
864 396 864 439
864 440 864 483
864 484 864 527
864 528 867 538
865 0 865 43
865 44 865 87
865 88 865 131
865 132 865 175
865 176 865 219
865 220 865 263
865 264 865 307
865 308 865 351
865 352 865 395
865 396 865 439
865 440 865 483
865 484 865 527
866 0 866 43
866 44 866 87
866 88 866 131
866 132 866 175
866 176 866 219
866 220 866 263
866 264 866 307
866 308 866 351
866 352 866 395
866 396 866 439
866 440 866 483
866 484 866 527
867 0 867 43
867 44 867 87
867 88 867 131
867 132 867 175
867 176 867 219
867 220 867 263
867 264 867 307
867 308 867 351
867 352 867 395
867 396 867 439
867 440 867 483
867 484 867 527
868 0 868 43
868 44 868 87
868 88 868 131
868 132 868 175
868 176 868 219
868 220 868 263
868 264 868 307
868 308 868 351
868 352 868 395
868 396 868 439
868 440 868 483
868 484 868 527
868 528 871 538
869 0 869 43
869 44 869 87
869 88 869 131
869 132 869 175
869 176 869 219
869 220 869 263
869 264 869 307
869 308 869 351
869 352 869 395
869 396 869 439
869 440 869 483
869 484 869 527
870 0 870 43
870 44 870 87
870 88 870 131
870 132 870 175
870 176 870 219
870 220 870 263
870 264 870 307
870 308 870 351
870 352 870 395
870 396 870 439
870 440 870 483
870 484 870 527
871 0 871 43
871 44 871 87
871 88 871 131
871 132 871 175
871 176 871 219
871 220 871 263
871 264 871 307
871 308 871 351
871 352 871 395
871 396 871 439
871 440 871 483
871 484 871 527
872 0 872 43
872 44 872 87
872 88 872 131
872 132 872 175
872 176 872 219
872 220 872 263
872 264 872 307
872 308 872 351
872 352 872 395
872 396 872 439
872 440 872 483
872 484 872 527
872 528 875 538
873 0 873 43
873 44 873 87
873 88 873 131
873 132 873 175
873 176 873 219
873 220 873 263
873 264 873 307
873 308 873 351
873 352 873 395
873 396 873 439
873 440 873 483
873 484 873 527
874 0 874 43
874 44 874 87
874 88 874 131
874 132 874 175
874 176 874 219
874 220 874 263
874 264 874 307
874 308 874 351
874 352 874 395
874 396 874 439
874 440 874 483
874 484 874 527
875 0 875 43
875 44 875 87
875 88 875 131
875 132 875 175
875 176 875 219
875 220 875 263
875 264 875 307
875 308 875 351
875 352 875 395
875 396 875 439
875 440 875 483
875 484 875 527
876 0 876 43
876 44 876 87
876 88 876 131
876 132 876 175
876 176 876 219
876 220 876 263
876 264 876 307
876 308 876 351
876 352 876 395
876 396 876 439
876 440 876 483
876 484 876 527
876 528 879 538
877 0 877 43
877 44 877 87
877 88 877 131
877 132 877 175
877 176 877 219
877 220 877 263
877 264 877 307
877 308 877 351
877 352 877 395
877 396 877 439
877 440 877 483
877 484 877 527
878 0 878 43
878 44 878 87
878 88 878 131
878 132 878 175
878 176 878 219
878 220 878 263
878 264 878 307
878 308 878 351
878 352 878 395
878 396 878 439
878 440 878 483
878 484 878 527
879 0 879 43
879 44 879 87
879 88 879 131
879 132 879 175
879 176 879 219
879 220 879 263
879 264 879 307
879 308 879 351
879 352 879 395
879 396 879 439
879 440 879 483
879 484 879 527
880 0 880 43
880 44 880 87
880 88 880 131
880 132 880 175
880 176 880 219
880 220 880 263
880 264 880 307
880 308 880 351
880 352 880 395
880 396 880 439
880 440 881 461
880 462 880 505
880 506 881 527
880 528 883 538
881 0 881 43
881 44 881 87
881 88 881 131
881 132 881 175
881 176 881 219
881 220 881 263
881 264 881 307
881 308 881 351
881 352 881 395
881 396 881 439
881 462 881 505
882 0 882 43
882 44 882 87
882 88 882 131
882 132 882 175
882 176 882 219
882 220 882 263
882 264 882 307
882 308 882 351
882 352 882 395
882 396 882 439
882 440 882 483
882 484 882 527
883 0 883 43
883 44 883 87
883 88 883 131
883 132 883 175
883 176 883 219
883 220 883 263
883 264 883 307
883 308 883 351
883 352 883 395
883 396 883 439
883 440 883 483
883 484 883 527
884 0 884 43
884 44 884 87
884 88 884 131
884 132 884 175
884 176 884 219
884 220 884 263
884 264 884 307
884 308 884 351
884 352 884 395
884 396 884 439
884 440 884 483
884 484 884 527
884 528 887 538
885 0 885 43
885 44 885 87
885 88 885 131
885 132 885 175
885 176 885 219
885 220 885 263
885 264 885 307
885 308 885 351
885 352 885 395
885 396 885 439
885 440 885 483
885 484 885 527
886 0 886 43
886 44 886 87
886 88 886 131
886 132 886 175
886 176 886 219
886 220 886 263
886 264 886 307
886 308 886 351
886 352 886 395
886 396 886 439
886 440 886 483
886 484 886 527
887 0 887 43
887 44 887 87
887 88 887 131
887 132 887 175
887 176 887 219
887 220 887 263
887 264 887 307
887 308 887 351
887 352 887 395
887 396 887 439
887 440 887 483
887 484 887 527
888 0 888 43
888 44 888 87
888 88 888 131
888 132 888 175
888 176 888 219
888 220 888 263
888 264 888 307
888 308 888 351
888 352 888 395
888 396 888 439
888 440 888 483
888 484 888 527
888 528 891 538
889 0 889 43
889 44 889 87
889 88 889 131
889 132 889 175
889 176 889 219
889 220 889 263
889 264 889 307
889 308 889 351
889 352 889 395
889 396 889 439
889 440 889 483
889 484 889 527
890 0 890 43
890 44 890 87
890 88 890 131
890 132 890 175
890 176 890 219
890 220 890 263
890 264 890 307
890 308 890 351
890 352 890 395
890 396 890 439
890 440 890 483
890 484 890 527
891 0 891 43
891 44 891 87
891 88 891 131
891 132 891 175
891 176 891 219
891 220 891 263
891 264 891 307
891 308 891 351
891 352 891 395
891 396 891 439
891 440 891 483
891 484 891 527
892 0 892 43
892 44 892 87
892 88 892 131
892 132 892 175
892 176 892 219
892 220 892 263
892 264 892 307
892 308 892 351
892 352 892 395
892 396 892 439
892 440 892 483
892 484 892 527
892 528 895 538
893 0 893 43
893 44 893 87
893 88 893 131
893 132 893 175
893 176 893 219
893 220 893 263
893 264 893 307
893 308 893 351
893 352 893 395
893 396 893 439
893 440 893 483
893 484 893 527
894 0 894 43
894 44 894 87
894 88 894 131
894 132 894 175
894 176 894 219
894 220 894 263
894 264 894 307
894 308 894 351
894 352 894 395
894 396 894 439
894 440 894 483
894 484 894 527
895 0 895 43
895 44 895 87
895 88 895 131
895 132 895 175
895 176 895 219
895 220 895 263
895 264 895 307
895 308 895 351
895 352 895 395
895 396 895 439
895 440 895 483
895 484 895 527
896 0 896 43
896 44 896 87
896 88 896 131
896 132 896 175
896 176 896 219
896 220 896 263
896 264 896 307
896 308 896 351
896 352 896 395
896 396 896 439
896 440 896 483
896 484 896 527
896 528 899 538
897 0 897 43
897 44 897 87
897 88 897 131
897 132 897 175
897 176 897 219
897 220 897 263
897 264 897 307
897 308 897 351
897 352 897 395
897 396 897 439
897 440 897 483
897 484 897 527
898 0 898 43
898 44 898 87
898 88 898 131
898 132 898 175
898 176 898 219
898 220 898 263
898 264 898 307
898 308 898 351
898 352 898 395
898 396 898 439
898 440 898 483
898 484 898 527
899 0 899 43
899 44 899 87
899 88 899 131
899 132 899 175
899 176 899 219
899 220 899 263
899 264 899 307
899 308 899 351
899 352 899 395
899 396 899 439
899 440 899 483
899 484 899 527
900 0 900 43
900 44 900 87
900 88 900 131
900 132 900 175
900 176 900 219
900 220 900 263
900 264 900 307
900 308 900 351
900 352 900 395
900 396 900 439
900 440 900 483
900 484 900 527
900 528 903 538
901 0 901 43
901 44 901 87
901 88 901 131
901 132 901 175
901 176 901 219
901 220 901 263
901 264 901 307
901 308 901 351
901 352 901 395
901 396 901 439
901 440 901 483
901 484 901 527
902 0 902 43
902 44 902 87
902 88 902 131
902 132 902 175
902 176 902 219
902 220 902 263
902 264 902 307
902 308 902 351
902 352 902 395
902 396 902 439
902 440 902 483
902 484 902 527
903 0 903 43
903 44 903 87
903 88 903 131
903 132 903 175
903 176 903 219
903 220 903 263
903 264 903 307
903 308 903 351
903 352 903 395
903 396 903 439
903 440 903 483
903 484 903 527
904 0 904 43
904 44 904 87
904 88 904 131
904 132 904 175
904 176 904 219
904 220 904 263
904 264 904 307
904 308 904 351
904 352 904 395
904 396 904 439
904 440 904 483
904 484 904 527
904 528 907 538
905 0 905 43
905 44 905 87
905 88 905 131
905 132 905 175
905 176 905 219
905 220 905 263
905 264 905 307
905 308 905 351
905 352 905 395
905 396 905 439
905 440 905 483
905 484 905 527
906 0 906 43
906 44 906 87
906 88 906 131
906 132 906 175
906 176 906 219
906 220 906 263
906 264 906 307
906 308 906 351
906 352 906 395
906 396 906 439
906 440 906 483
906 484 906 527
907 0 907 43
907 44 907 87
907 88 907 131
907 132 907 175
907 176 907 219
907 220 907 263
907 264 907 307
907 308 907 351
907 352 907 395
907 396 907 439
907 440 907 483
907 484 907 527
908 0 908 43
908 44 908 87
908 88 908 131
908 132 908 175
908 176 908 219
908 220 908 263
908 264 908 307
908 308 908 351
908 352 908 395
908 396 908 439
908 440 908 483
908 484 908 527
908 528 911 538
909 0 909 43
909 44 909 87
909 88 909 131
909 132 909 175
909 176 909 219
909 220 909 263
909 264 909 307
909 308 909 351
909 352 909 395
909 396 909 439
909 440 909 483
909 484 909 527
910 0 910 43
910 44 910 87
910 88 910 131
910 132 910 175
910 176 910 219
910 220 910 263
910 264 910 307
910 308 910 351
910 352 910 395
910 396 910 439
910 440 910 483
910 484 910 527
911 0 911 43
911 44 911 87
911 88 911 131
911 132 911 175
911 176 911 219
911 220 911 263
911 264 911 307
911 308 911 351
911 352 911 395
911 396 911 439
911 440 911 483
911 484 911 527
912 0 912 43
912 44 912 87
912 88 912 131
912 132 912 175
912 176 912 219
912 220 912 263
912 264 912 307
912 308 912 351
912 352 912 395
912 396 912 439
912 440 912 483
912 484 912 527
912 528 915 538
913 0 913 43
913 44 913 87
913 88 913 131
913 132 913 175
913 176 913 219
913 220 913 263
913 264 913 307
913 308 913 351
913 352 913 395
913 396 913 439
913 440 913 483
913 484 913 527
914 0 914 43
914 44 914 87
914 88 914 131
914 132 914 175
914 176 914 219
914 220 914 263
914 264 914 307
914 308 914 351
914 352 914 395
914 396 914 439
914 440 914 483
914 484 914 527
915 0 915 43
915 44 915 87
915 88 915 131
915 132 915 175
915 176 915 219
915 220 915 263
915 264 915 307
915 308 915 351
915 352 915 395
915 396 915 439
915 440 915 483
915 484 915 527
916 0 916 43
916 44 916 87
916 88 916 131
916 132 916 175
916 176 916 219
916 220 916 263
916 264 916 307
916 308 916 351
916 352 916 395
916 396 916 439
916 440 916 483
916 484 916 527
916 528 919 538
917 0 917 43
917 44 917 87
917 88 917 131
917 132 917 175
917 176 917 219
917 220 917 263
917 264 917 307
917 308 917 351
917 352 917 395
917 396 917 439
917 440 917 483
917 484 917 527
918 0 918 43
918 44 918 87
918 88 918 131
918 132 918 175
918 176 918 219
918 220 918 263
918 264 918 307
918 308 918 351
918 352 918 395
918 396 918 439
918 440 918 483
918 484 918 527
919 0 919 43
919 44 919 87
919 88 919 131
919 132 919 175
919 176 919 219
919 220 919 263
919 264 919 307
919 308 919 351
919 352 919 395
919 396 919 439
919 440 919 483
919 484 919 527
