17844
0 0 0 29
0 30 1 44
0 45 0 74
0 75 0 104
0 105 0 134
0 135 1 149
0 150 0 179
0 180 0 209
0 210 0 239
0 240 1 254
0 255 0 284
0 285 0 314
0 315 0 344
0 345 0 374
0 375 0 404
0 405 4 410
0 411 0 440
0 441 0 470
0 471 0 500
0 501 0 530
0 531 4 536
0 537 29 537
0 538 29 538
1 0 1 29
1 45 1 74
1 75 1 104
1 105 1 134
1 150 2 164
1 165 3 174
1 175 2 189
1 190 2 204
1 205 1 233
1 234 5 239
1 255 1 284
1 285 1 314
1 315 1 344
1 345 1 374
1 375 1 404
1 411 1 440
1 441 1 470
1 471 1 500
1 501 1 530
2 0 2 29
2 30 2 59
2 60 2 89
2 90 2 119
2 120 2 149
2 205 3 219
2 220 4 229
2 230 11 232
2 233 31 233
2 240 2 269
2 270 2 299
2 300 6 305
2 306 2 335
2 336 4 345
2 346 2 375
2 376 3 390
2 391 4 400
2 401 11 403
2 404 31 404
2 411 2 440
2 441 2 470
2 471 2 500
2 501 2 530
3 0 3 29
3 30 3 59
3 60 3 89
3 90 3 119
3 120 3 149
3 150 4 164
3 175 3 204
3 240 5 249
3 250 3 279
3 280 4 294
3 295 8 299
3 306 3 335
3 346 3 375
3 411 3 440
3 441 3 470
3 471 3 500
3 501 3 530
4 0 4 29
4 30 4 59
4 60 4 89
4 90 4 119
4 120 4 149
4 165 4 194
4 195 5 209
4 210 6 219
4 250 4 279
4 306 5 320
4 321 6 330
4 332 18 333
4 335 31 335
4 346 4 375
4 376 5 390
4 411 4 440
4 441 4 470
4 471 4 500
4 501 4 530
5 0 5 29
5 30 5 59
5 60 5 89
5 90 5 119
5 120 5 149
5 150 5 179
5 180 6 194
5 220 7 229
5 250 5 279
5 280 6 294
5 334 34 334
5 336 5 365
5 366 7 375
5 391 7 400
5 405 5 434
5 435 5 464
5 465 5 494
5 495 5 524
5 525 9 530
5 531 9 536
6 0 6 29
6 30 7 44
6 45 6 74
6 75 6 104
6 105 6 134
6 135 7 149
6 150 6 179
6 195 7 209
6 234 6 263
6 264 7 278
6 279 35 279
6 306 7 320
6 336 6 365
6 376 7 390
6 405 6 434
6 435 6 464
6 465 6 494
6 495 6 524
7 0 7 29
7 45 9 54
7 55 8 66
9 70 21 71
7 67 8 81
7 82 8 96
7 97 9 106
7 107 11 112
7 113 8 127
7 128 11 133
7 134 36 134
7 150 7 179
7 180 8 194
7 210 9 219
7 234 7 263
7 280 8 294
7 300 11 305
7 321 9 330
7 336 7 365
7 405 8 419
7 420 7 449
7 450 7 479
7 480 7 509
7 510 8 524
8 0 8 29
8 30 9 44
8 135 8 164
8 165 9 179
8 195 10 204
8 205 13 209
8 220 12 225
8 226 17 228
8 229 37 229
8 234 8 263
8 264 9 278
8 306 10 315
8 316 13 320
8 336 8 365
8 366 8 395
8 396 13 400
8 420 9 434
8 435 8 464
8 465 8 494
8 495 9 509
9 0 9 29
9 55 10 69
9 72 13 77
9 78 13 83
9 84 11 93
9 94 18 96
9 113 10 127
9 135 9 164
9 180 10 194
9 234 9 263
9 280 10 294
9 295 14 299
9 336 9 365
9 366 9 395
9 405 10 419
9 435 9 464
9 465 9 494
9 510 10 524
10 0 10 29
10 30 14 35
10 36 15 40
10 42 19 44
10 45 12 54
10 97 12 106
10 135 11 149
10 150 10 179
10 210 12 219
10 234 10 263
10 264 11 278
10 321 14 326
10 327 15 331
10 336 10 365
10 366 10 395
10 420 10 449
10 450 11 464
10 465 10 494
10 495 11 509
10 525 12 534
10 535 24 536
11 0 11 29
11 55 12 69
11 113 13 121
11 122 15 127
11 150 11 179
11 180 12 192
11 197 13 204
11 234 11 263
11 280 12 294
11 306 13 315
11 336 11 365
11 366 11 395
11 405 12 419
11 420 11 449
11 465 11 494
11 510 12 524
12 0 12 29
12 84 14 93
12 107 16 112
12 128 16 133
12 135 12 164
12 165 13 179
12 230 21 232
12 234 12 263
12 264 13 278
12 300 16 305
12 336 12 365
12 366 12 395
12 401 21 403
12 420 12 449
12 450 13 464
12 465 13 479
12 480 13 494
12 495 17 499
12 500 14 509
13 0 13 29
13 45 15 54
13 55 14 69
13 97 17 102
13 103 22 105
13 106 42 106
13 135 14 149
13 150 15 159
13 160 22 162
13 163 27 164
13 180 14 192
13 210 14 224
13 225 42 225
13 234 13 263
13 280 15 289
13 290 18 294
13 336 14 350
13 351 27 352
13 353 22 355
13 356 42 356
13 358 22 360
13 361 15 370
13 371 18 375
13 376 14 390
13 391 22 393
13 394 27 395
13 405 13 434
13 435 14 449
13 510 14 524
13 525 15 534
14 0 14 29
14 72 16 81
14 82 28 83
14 113 23 115
14 116 18 121
14 165 15 179
14 197 15 209
14 234 14 263
14 264 15 278
14 306 15 320
14 396 19 400
14 405 15 419
14 420 15 434
14 450 15 464
14 465 15 479
14 480 15 494
15 0 15 29
15 30 19 35
15 55 16 69
15 84 24 86
15 87 19 92
15 93 44 93
15 135 16 149
15 180 16 192
15 210 16 224
15 234 15 263
15 295 20 299
15 321 19 326
15 336 16 350
15 357 44 357
15 376 17 385
15 386 23 388
15 389 29 390
15 435 16 449
15 500 16 514
15 515 17 524
16 0 16 29
16 36 20 41
16 45 18 54
16 122 45 122
16 124 25 126
16 127 42 127
16 150 18 159
16 165 17 179
16 197 17 209
16 234 16 263
16 264 17 278
16 280 18 289
16 306 17 320
16 327 21 331
16 361 20 366
16 367 25 369
16 370 45 370
16 405 21 409
16 410 17 424
16 425 18 434
16 450 16 479
16 480 20 485
16 486 20 491
16 492 25 494
16 525 18 534
17 0 17 29
17 55 18 69
17 72 22 76
17 77 22 81
17 107 22 111
17 112 46 112
17 128 21 133
17 135 18 149
17 180 26 182
17 183 21 188
17 189 26 191
17 192 46 192
11 193 17 196
17 210 18 224
17 234 18 248
17 249 19 258
17 259 22 263
17 300 22 304
17 305 46 305
17 336 18 350
17 435 17 464
17 465 21 470
17 471 26 473
17 474 21 479
17 500 18 514
18 0 18 29
18 97 22 102
18 123 47 123
18 165 19 179
18 193 19 207
18 208 32 209
18 226 27 228
18 264 19 278
18 306 19 320
18 376 20 385
18 410 19 424
18 435 20 444
18 445 19 459
18 460 23 464
18 495 23 499
18 515 20 524
19 0 19 29
19 45 20 59
19 60 21 69
19 94 28 96
19 116 23 121
19 135 20 149
19 150 21 159
19 210 20 224
19 234 20 248
19 280 21 289
19 290 24 294
19 332 33 333
19 336 20 350
19 371 24 375
19 425 21 434
19 500 20 514
19 525 21 534
20 0 20 29
20 30 24 35
20 42 29 44
20 87 24 92
20 165 21 179
20 193 21 207
20 249 22 258
20 264 21 278
20 306 21 320
20 321 24 326
20 396 25 400
20 410 21 424
20 445 21 459
21 0 21 29
21 36 25 41
21 45 22 59
21 135 22 149
21 210 22 224
21 234 22 248
21 295 26 299
21 336 22 350
21 361 25 366
21 376 23 385
21 435 23 444
21 480 23 489
21 491 50 491
21 500 22 514
21 515 23 524
22 0 23 14
22 15 24 24
22 25 31 27
22 28 36 29
22 60 24 69
22 70 36 71
22 128 26 133
22 150 24 159
22 165 23 179
22 183 31 185
22 187 36 188
22 193 23 207
22 230 31 232
22 264 23 278
22 280 24 289
22 306 23 320
22 327 26 331
22 401 31 403
22 405 22 434
22 445 23 459
22 465 26 470
22 474 26 479
22 525 24 534
23 45 24 59
23 72 25 81
23 97 27 102
23 103 32 105
23 107 28 111
23 135 24 149
23 160 52 160
23 161 37 162
23 210 24 224
23 234 25 243
23 244 32 246
23 247 25 256
23 257 27 262
23 263 52 263
23 300 28 304
23 336 24 350
23 353 30 355
23 358 32 360
23 391 32 393
23 405 23 434
23 500 24 514
24 0 25 14
24 113 28 118
24 119 33 121
24 165 25 179
24 186 53 186
24 193 25 207
24 264 25 278
24 306 25 320
24 376 26 384
24 405 24 434
24 435 24 464
24 480 26 487
24 488 33 490
24 495 29 499
24 515 26 524
25 15 27 24
25 30 29 35
25 45 30 49
25 50 29 55
25 56 27 65
25 66 34 68
25 69 54 69
25 84 29 89
25 90 34 92
25 135 26 149
25 150 27 159
25 210 26 224
25 280 26 294
25 321 30 325
25 336 26 350
25 371 30 375
24 385 30 388
25 405 25 434
25 435 25 464
25 500 26 514
25 525 29 530
25 531 29 536
26 0 27 14
26 36 30 41
26 72 28 81
26 124 35 126
26 165 27 179
26 193 27 205
26 234 28 243
26 247 55 247
26 248 35 250
26 251 38 252
26 253 35 255
26 256 52 256
26 264 27 278
26 306 27 320
26 361 30 366
26 367 35 369
26 396 31 400
26 405 27 419
26 420 26 449
26 450 27 464
26 492 40 493
26 494 55 494
27 128 36 130
27 131 36 133
27 135 28 149
27 180 36 182
27 189 36 191
27 210 28 224
27 280 28 294
27 295 32 299
27 326 31 331
27 336 28 350
27 376 31 381
27 382 36 384
27 420 27 449
27 465 29 474
27 475 56 475
27 476 41 477
27 479 36 481
27 482 31 487
27 500 28 514
27 515 29 524
28 0 33 4
28 5 37 7
28 8 42 9
28 10 32 15
28 16 33 20
28 21 37 23
28 24 57 24
28 56 30 65
28 97 32 102
28 150 32 155
28 156 37 158
28 159 57 159
28 163 29 177
28 178 42 179
28 193 30 202
28 203 37 205
26 206 40 207
28 226 42 227
28 228 57 228
28 257 32 262
28 264 29 278
28 306 29 320
28 351 42 352
28 394 42 395
28 405 28 434
28 435 28 464
28 478 57 478
29 72 34 76
29 77 33 82
29 83 58 83
29 94 38 96
29 107 34 111
29 113 33 118
29 135 30 149
29 210 30 224
29 234 31 243
29 280 30 294
29 300 34 304
29 336 31 345
29 346 34 350
29 405 29 434
29 435 29 464
29 500 30 514
30 30 34 35
30 42 39 44
30 50 34 55
30 84 34 89
30 163 31 177
30 264 31 278
30 306 31 320
30 389 44 390
30 405 31 419
30 420 30 449
30 450 31 464
30 465 34 470
30 471 39 473
30 474 59 474
30 495 59 495
30 496 59 496
30 497 44 498
30 499 59 499
30 515 31 529
30 530 34 535
30 536 39 538
31 36 35 41
31 45 36 49
31 56 33 65
31 135 32 149
31 193 33 202
31 210 32 224
31 280 32 294
31 321 36 325
31 361 35 366
31 371 36 375
31 385 40 387
31 388 60 388
31 420 31 449
31 500 32 514
32 25 41 27
32 163 34 172
32 173 41 175
32 176 46 177
32 183 41 185
32 230 46 231
32 232 34 241
32 242 46 243
32 264 33 278
32 306 34 315
32 316 37 320
32 326 36 331
32 337 34 345
32 376 36 381
32 396 33 410
32 411 33 425
32 426 32 455
32 456 36 461
32 462 41 464
32 482 36 487
32 515 33 529
33 10 37 15
33 97 37 102
33 103 42 105
33 135 34 149
33 150 37 155
33 208 34 222
33 223 47 224
33 244 42 246
33 257 37 262
33 280 34 294
33 295 38 299
31 353 40 355
33 358 42 360
33 391 42 393
33 426 33 455
33 500 34 514
34 0 39 4
34 16 39 20
34 56 36 65
34 77 38 82
34 113 38 118
34 119 43 121
34 193 36 202
34 264 35 278
34 332 48 333
32 335 46 336
34 396 34 425
34 426 34 455
34 488 48 489
34 490 63 490
34 515 35 529
35 30 39 35
35 50 39 55
35 66 44 68
35 72 40 76
35 84 39 89
35 90 49 91
35 92 64 92
35 107 40 111
35 135 36 149
35 163 37 170
35 208 37 217
35 218 40 222
35 232 39 237
35 238 43 240
35 280 37 289
35 290 40 294
35 300 44 302
35 303 49 304
35 306 37 315
35 334 64 334
35 337 37 346
35 347 44 349
35 350 64 350
35 396 35 425
35 426 35 454
35 465 39 470
35 500 36 514
35 530 39 535
36 36 40 41
36 124 50 125
36 248 45 250
36 253 45 255
36 264 37 278
36 361 40 366
36 367 45 369
36 396 36 425
36 426 38 435
36 436 37 450
36 451 50 452
36 453 65 453
36 454 65 454
35 455 64 455
36 515 37 529
37 28 51 29
37 45 42 49
37 56 39 65
37 70 51 71
37 128 38 142
37 143 66 143
37 144 41 149
37 180 46 182
37 187 42 191
37 193 39 202
37 321 39 330
37 331 66 331
37 371 39 380
37 381 46 383
37 384 66 384
37 396 37 425
37 456 41 461
37 479 41 484
37 485 66 485
37 486 66 486
37 487 66 487
37 500 38 514
38 5 47 7
38 10 42 15
38 21 47 23
38 97 42 102
38 150 52 151
38 152 42 157
38 161 40 170
35 171 49 172
38 203 47 205
38 208 40 217
38 229 67 229
38 257 42 262
38 264 39 278
38 279 40 287
38 288 52 289
38 306 40 315
38 316 43 320
38 337 43 341
38 342 47 344
38 345 52 346
38 396 38 425
38 436 39 450
38 515 39 529
39 77 43 82
39 94 48 96
39 113 43 118
39 128 40 142
39 295 44 299
39 396 39 425
39 426 41 435
39 500 40 514
40 0 49 2
40 3 69 3
40 16 45 20
40 30 44 35
40 42 49 44
40 50 41 64
40 65 69 65
40 84 44 89
40 193 42 202
40 232 44 237
40 264 41 278
40 321 42 330
40 371 42 380
40 396 40 425
40 436 41 450
40 465 44 470
40 471 49 473
40 515 41 529
40 530 44 535
40 536 49 538
41 36 45 41
41 72 46 76
41 107 46 111
41 128 42 142
41 161 45 166
41 167 50 169
41 170 70 170
41 206 42 220
41 221 54 222
39 251 53 252
41 279 45 284
41 285 50 287
41 290 46 294
41 307 43 315
41 353 50 355
41 361 45 366
41 385 50 387
41 396 41 425
41 492 70 492
41 493 70 493
41 500 42 514
42 25 51 27
42 50 43 64
42 144 46 149
42 173 51 175
42 183 51 185
42 264 43 278
42 396 42 425
42 426 43 440
42 441 44 450
42 456 51 458
42 459 46 464
42 476 56 477
42 479 46 484
42 515 43 529
43 8 47 13
43 14 57 15
43 45 48 49
43 97 57 98
43 99 47 104
43 105 57 106
43 126 45 135
43 136 70 136
43 138 48 142
43 152 47 157
43 178 57 179
43 187 48 191
43 193 45 202
43 206 44 220
43 225 52 227
43 244 52 246
43 257 47 262
43 321 45 330
43 351 57 352
43 356 72 356
43 358 52 360
43 371 45 380
43 391 43 420
43 421 48 425
43 500 44 514
44 50 45 64
44 77 48 82
44 113 48 118
44 119 53 121
44 238 50 241
44 264 45 278
44 307 45 320
44 337 53 339
44 340 57 341
44 391 44 420
44 426 45 440
44 515 45 529
45 30 49 35
45 66 54 68
45 84 49 89
45 93 74 93
45 206 46 220
45 232 49 237
45 295 49 300
45 301 74 301
45 347 54 349
45 357 74 357
45 389 45 418
45 419 59 420
45 441 47 450
45 465 49 470
45 497 59 498
45 500 46 514
45 530 49 535
46 16 51 20
46 36 49 41
46 50 47 64
46 122 75 122
46 126 48 135
46 158 75 158
46 161 50 166
46 193 48 202
46 248 55 250
46 253 55 255
46 264 47 278
46 279 50 284
41 306 70 306
46 307 70 307
46 308 55 310
46 311 50 316
46 317 48 326
46 327 55 329
46 330 75 330
46 361 47 375
46 376 51 380
46 389 46 418
46 426 47 440
46 515 47 529
47 72 56 74
47 75 61 76
47 107 51 112
47 144 51 149
47 176 61 177
47 180 56 182
47 192 76 192
47 206 48 220
47 230 61 231
47 242 61 243
47 290 52 294
47 305 76 305
47 335 61 336
47 381 56 383
47 389 48 403
47 404 48 418
47 459 51 464
47 479 56 481
47 482 56 484
47 500 48 514
48 6 52 11
48 12 62 13
48 21 57 23
48 50 50 59
48 60 57 62
48 64 77 64
48 99 52 104
48 123 77 123
48 152 52 157
48 203 57 205
48 223 62 224
48 257 77 257
48 258 53 262
48 264 49 278
48 342 57 344
48 361 50 370
48 371 53 375
48 426 50 435
48 436 49 450
48 515 49 529
49 45 54 49
49 77 53 82
49 94 58 96
49 113 78 113
49 114 58 116
49 118 78 118
49 126 51 135
49 137 53 142
49 187 54 191
49 193 51 202
49 206 58 208
49 209 63 210
49 211 78 211
49 212 53 217
49 218 78 218
49 302 78 302
49 317 51 326
49 332 63 333
49 389 50 403
49 404 50 418
49 421 54 425
49 488 63 489
49 500 50 514
50 0 59 2
50 30 54 35
50 36 53 42
50 84 54 89
50 90 64 91
50 171 79 171
50 172 79 172
50 232 54 237
50 264 51 278
50 295 54 300
50 303 79 303
50 304 79 304
50 436 51 450
50 465 54 470
50 471 59 473
50 515 51 529
50 530 54 535
50 536 59 538
51 43 65 44
51 50 53 59
51 124 65 125
51 161 80 161
51 162 56 166
51 167 60 169
51 238 57 241
51 279 55 284
51 285 60 287
51 311 55 316
51 353 65 354
51 361 53 370
51 385 60 387
51 389 51 418
51 426 53 435
51 451 65 452
51 491 80 491
51 500 52 514
52 16 57 20
52 25 57 29
52 70 66 71
52 107 56 112
52 126 54 135
52 144 56 149
52 173 61 175
52 183 81 183
52 184 81 184
52 185 81 185
52 193 54 202
52 264 53 278
52 317 54 326
52 355 81 355
52 376 57 380
52 389 53 403
52 404 53 418
52 436 53 450
52 456 56 460
52 461 66 462
52 464 81 464
52 515 53 529
53 5 62 7
53 8 62 10
53 11 82 11
53 99 58 103
53 104 82 104
53 150 62 152
53 153 58 157
53 160 82 160
53 219 67 220
53 225 62 227
53 244 62 246
53 263 82 263
53 289 62 291
53 292 62 294
53 345 66 346
53 358 62 360
53 500 54 514
54 36 58 41
54 42 83 42
54 50 56 59
54 77 63 79
54 80 63 82
54 119 63 121
54 138 83 138
54 140 68 141
54 142 83 142
54 186 83 186
54 212 58 217
54 251 68 252
54 258 59 262
54 264 55 278
54 337 63 339
54 361 58 366
54 367 59 371
54 372 63 374
54 375 83 375
54 389 54 418
54 426 55 440
54 441 56 450
54 515 55 529
55 30 59 35
55 45 60 49
55 66 64 68
55 69 84 69
55 84 59 89
55 126 57 135
55 139 84 139
55 187 83 187
55 188 83 188
55 189 64 191
55 193 57 202
55 232 59 237
55 288 84 288
55 295 59 300
55 317 57 326
55 347 64 349
55 389 55 418
55 421 60 425
55 465 59 470
55 500 56 514
55 530 59 535
56 4 85 4
56 117 85 117
55 221 69 222
56 247 65 249
56 250 85 250
56 253 85 253
56 254 70 255
53 256 82 256
56 264 57 278
56 279 60 284
56 308 60 313
56 314 65 316
56 327 65 329
56 389 56 418
56 426 57 440
56 494 85 494
56 515 58 524
56 525 61 529
57 50 59 59
57 63 86 63
57 72 66 74
57 107 61 112
57 144 61 149
57 162 62 166
57 180 66 182
57 381 66 383
57 389 57 418
57 441 61 446
57 447 66 449
57 450 86 450
57 456 62 460
57 475 66 477
57 479 61 484
57 500 59 509
57 510 78 510
57 511 71 512
57 513 71 514
58 14 59 27
58 28 72 29
58 60 67 62
58 97 72 98
58 105 72 106
58 126 60 135
58 137 87 137
58 159 87 159
58 178 72 179
58 193 62 198
58 199 62 204
58 205 87 205
58 228 86 228
58 264 59 278
58 317 60 326
58 340 63 344
58 351 87 351
58 352 87 352
58 376 63 380
58 389 58 418
58 426 59 440
58 478 87 478
59 36 63 41
59 83 88 83
59 94 73 95
59 96 88 96
59 99 68 101
59 103 88 103
59 114 68 116
59 153 73 154
59 155 88 155
59 156 73 157
59 206 68 208
59 212 63 217
59 361 68 363
59 364 68 366
59 389 59 418
59 515 61 524
60 0 69 2
60 14 62 23
60 24 74 25
60 26 74 27
60 30 64 35
60 50 62 59
60 84 65 88
60 89 89 89
60 232 64 237
60 238 66 241
60 258 65 262
60 264 61 278
60 295 64 300
60 367 65 371
60 389 61 403
60 404 61 418
60 419 74 420
60 426 62 435
60 436 65 440
60 465 62 474
60 495 62 504
60 505 65 509
60 530 64 535
60 536 69 538
61 45 70 47
61 48 75 49
61 126 63 135
61 167 70 169
61 279 65 284
61 285 70 287
61 308 65 313
61 317 63 326
61 385 70 387
61 388 90 388
61 421 66 425
62 75 76 76
62 107 66 112
62 144 66 149
62 173 67 177
62 230 76 231
62 242 76 243
62 264 63 278
62 335 75 336
62 389 62 418
62 441 66 446
62 463 91 463
62 479 66 484
62 515 66 519
62 520 76 521
62 524 76 525
62 526 91 526
62 527 71 529
63 5 67 10
63 12 65 21
63 22 76 23
63 50 65 59
63 150 72 152
63 162 68 166
63 193 68 197
63 198 72 200
63 201 72 203
63 204 92 204
63 223 68 227
63 244 72 246
63 289 67 294
63 358 72 360
63 389 64 403
63 404 64 418
63 426 72 428
63 429 77 430
63 431 68 435
63 456 67 460
63 465 65 474
63 495 65 504
64 36 68 41
64 77 68 82
64 119 73 121
64 126 93 126
64 127 93 127
64 128 69 132
64 133 73 135
64 209 78 210
64 212 68 217
64 264 65 278
64 317 66 326
64 332 93 332
64 333 93 333
64 337 69 341
64 342 92 342
64 343 90 343
64 372 93 372
64 374 93 374
64 376 69 380
64 488 73 490
65 30 69 35
65 66 74 68
65 90 74 92
65 102 94 102
65 189 74 191
65 232 69 237
65 295 69 300
65 334 93 334
65 347 74 349
65 350 94 350
65 373 94 373
65 389 65 418
65 455 94 455
65 530 69 535
66 12 68 21
66 43 95 43
66 44 95 44
66 50 68 59
66 84 71 88
66 124 80 125
66 247 75 249
66 258 71 262
66 264 67 278
66 279 70 284
66 308 70 313
66 314 75 316
66 327 75 329
66 353 80 354
66 367 71 371
66 389 66 418
66 436 71 440
66 451 75 453
66 454 95 454
66 465 68 474
66 495 67 509
66 522 95 522
67 70 72 74
67 107 71 112
67 143 71 148
67 180 76 182
67 238 76 240
67 241 96 241
67 317 69 326
67 331 95 331
67 344 76 346
67 381 76 383
67 384 93 384
67 389 67 418
67 421 72 425
67 441 76 443
67 444 71 449
67 475 76 477
67 479 71 484
67 485 76 487
67 515 72 519
68 5 72 10
68 60 77 62
68 173 73 177
68 219 97 219
68 229 94 229
68 264 69 278
68 289 72 294
68 389 68 416
68 456 72 461
68 495 69 509
69 12 71 21
69 36 73 41
69 50 71 59
69 77 73 82
69 99 78 101
69 114 78 116
69 140 83 141
69 162 74 166
69 193 74 197
69 206 78 208
69 212 73 217
69 223 74 227
69 251 83 252
69 361 73 366
69 389 74 393
69 394 73 399
69 400 74 404
69 405 83 406
69 407 71 416
68 417 82 418
69 431 74 435
69 462 98 462
69 465 71 474
69 523 98 523
70 0 79 2
70 3 99 3
70 30 74 35
70 65 99 65
70 128 75 132
70 220 79 222
70 232 74 237
70 264 74 269
70 270 74 275
70 276 84 277
70 278 99 278
70 295 74 300
70 317 74 322
70 323 79 325
70 326 94 326
70 337 75 341
70 376 75 380
70 495 71 509
70 530 74 535
70 536 79 538
71 45 80 47
71 149 100 149
71 167 85 168
71 169 85 170
71 254 85 255
71 279 80 281
71 282 75 287
71 306 75 311
71 312 100 312
71 313 100 313
71 385 80 387
71 492 85 493
72 12 74 21
72 50 74 59
72 84 77 88
72 107 76 112
72 143 76 148
72 258 77 262
72 367 77 371
72 407 74 416
72 436 81 438
72 439 86 440
72 444 76 449
72 465 74 474
72 479 76 484
72 495 73 509
72 511 81 513
72 514 101 514
72 527 86 528
72 529 101 529
73 5 77 10
73 28 87 29
73 70 78 74
73 97 87 98
73 105 87 106
71 136 100 136
73 150 87 151
73 178 87 179
73 198 77 203
73 244 82 246
73 289 82 291
73 292 82 294
73 356 102 356
73 358 82 360
73 421 77 426
73 427 87 428
73 456 77 461
73 515 81 517
73 518 87 519
74 36 78 41
74 77 103 77
74 78 79 82
74 94 88 95
74 119 83 121
74 133 83 135
74 152 83 154
74 156 88 157
74 173 79 177
74 212 78 217
74 361 78 366
74 394 78 399
74 488 83 490
74 495 75 509
75 12 77 21
75 24 84 26
75 27 104 27
75 30 79 35
75 50 77 59
75 66 84 68
75 90 84 92
75 93 104 93
75 162 80 166
75 189 83 191
75 193 80 197
75 223 80 227
75 232 79 237
75 264 77 273
75 274 89 275
75 295 79 300
75 301 104 301
75 317 80 321
75 322 104 322
75 347 84 349
75 357 104 357
75 389 80 393
75 400 80 404
75 407 77 416
75 419 89 420
75 431 80 435
75 465 77 474
75 530 79 535
76 48 90 49
76 122 105 122
76 128 81 132
76 158 105 158
76 247 85 249
76 282 80 287
76 306 80 311
76 314 85 316
76 327 85 329
76 330 105 330
76 337 81 341
76 376 81 380
76 451 85 453
76 495 77 509
77 75 91 76
77 107 81 112
77 143 81 148
77 180 86 182
77 192 106 192
77 230 91 231
77 238 86 240
77 242 91 243
77 305 106 305
76 335 90 336
77 344 86 346
77 381 86 383
77 441 81 446
77 447 86 449
77 475 86 477
77 479 81 484
77 485 86 487
77 520 88 521
77 524 106 524
77 525 106 525
78 5 82 10
78 12 80 21
77 22 91 23
78 50 80 57
78 60 87 62
78 64 107 64
78 84 83 88
78 123 107 123
78 198 82 203
78 257 92 258
78 259 87 261
78 262 107 262
78 264 80 273
78 367 83 371
78 407 80 416
78 421 87 423
78 424 87 426
78 429 92 430
78 456 82 461
78 465 80 474
78 495 79 509
79 36 83 41
79 70 84 74
79 99 88 101
79 113 88 115
79 116 108 116
79 118 103 118
79 206 84 210
79 211 83 216
79 217 93 218
79 302 108 302
79 361 83 366
79 394 83 399
80 0 89 2
80 30 84 35
80 78 85 82
80 171 84 176
80 177 109 177
80 221 94 222
80 232 84 237
80 295 84 300
80 303 94 304
80 323 89 325
80 495 81 509
80 530 84 535
80 536 89 538
81 12 83 21
81 45 90 47
81 50 83 57
81 124 95 125
81 161 85 166
81 193 86 197
81 223 86 227
81 264 83 273
81 279 85 284
81 285 90 287
81 306 85 311
81 317 86 321
81 353 95 354
81 385 90 387
81 389 86 393
81 400 86 404
81 407 83 416
81 431 86 435
81 465 83 474
81 491 109 491
82 107 86 112
82 128 111 128
82 129 96 130
82 131 111 131
82 143 86 148
82 183 91 185
82 337 91 339
82 341 111 341
82 376 87 380
82 436 91 438
82 441 86 446
82 464 111 464
82 479 86 484
82 495 83 509
82 511 91 513
83 5 87 10
83 11 112 11
83 104 112 104
83 132 112 132
83 160 112 160
83 198 87 203
83 244 92 246
83 256 112 256
83 263 112 263
83 289 87 294
83 340 112 340
83 355 112 355
83 358 92 360
83 417 97 418
83 456 87 461
82 515 91 517
84 12 86 21
84 36 88 41
84 42 113 42
84 50 88 55
84 56 98 57
78 58 92 59
84 84 89 88
84 119 93 121
84 133 93 135
84 138 113 138
84 140 93 142
84 152 93 154
84 186 88 191
84 211 88 216
84 251 98 252
84 264 86 273
84 361 86 370
84 371 113 371
84 375 113 375
84 394 88 399
84 405 86 414
84 415 98 416
84 465 86 474
84 488 93 490
84 495 85 509
85 24 94 26
85 30 89 35
85 66 89 71
85 72 94 74
85 90 94 92
85 139 113 139
85 171 89 176
85 206 90 210
85 232 89 237
85 276 99 277
85 288 114 288
85 295 90 299
85 347 94 349
85 530 89 535
86 4 115 4
86 78 91 82
86 161 91 165
86 166 100 167
86 168 95 170
86 247 95 249
86 250 115 250
86 253 115 253
86 254 115 254
86 255 115 255
86 279 90 284
86 306 90 311
86 314 95 316
86 327 95 329
86 451 95 453
86 492 87 506
86 507 95 509
87 12 89 21
87 63 116 63
87 107 91 112
87 143 92 147
87 148 116 148
87 180 96 182
87 193 92 197
87 223 93 226
87 238 96 240
87 264 89 273
87 317 92 321
87 344 101 345
87 346 116 346
87 361 89 370
87 381 96 383
87 389 92 393
87 400 88 414
87 431 92 435
87 439 89 448
87 449 101 450
87 465 89 474
87 475 96 477
87 479 91 484
87 485 96 487
79 510 108 510
87 527 101 528
88 5 92 10
88 28 117 28
88 29 117 29
88 60 97 62
88 97 102 98
88 105 102 106
88 137 117 137
88 150 102 151
88 159 117 159
88 178 102 179
88 198 92 203
88 205 115 205
87 227 101 228
88 259 117 259
88 260 117 260
88 261 117 261
88 289 92 294
88 351 102 352
88 376 97 378
88 379 102 380
88 421 92 426
88 427 117 427
88 428 117 428
88 456 93 460
88 478 117 478
88 492 92 497
88 498 97 500
88 501 92 506
89 36 95 39
89 40 103 41
89 50 93 55
89 83 118 83
89 94 103 95
89 96 118 96
89 99 96 101
89 103 118 103
89 113 97 115
89 155 98 157
89 186 93 191
89 211 93 216
89 394 94 398
89 399 90 413
89 414 118 414
89 518 118 518
89 519 98 521
90 0 99 2
90 12 92 21
90 30 94 35
90 66 94 71
90 84 94 89
90 171 94 176
90 232 99 234
90 235 99 237
90 264 92 273
90 274 104 275
90 323 119 323
90 361 92 370
90 419 104 420
90 439 92 448
90 465 92 474
90 530 94 535
90 536 99 538
91 45 96 49
91 206 96 210
91 279 95 284
91 285 100 287
91 295 95 300
91 306 95 311
91 324 120 324
91 335 105 336
91 385 100 387
91 388 120 388
91 399 92 413
92 22 106 23
92 75 105 76
92 78 97 82
92 107 121 107
92 109 121 109
92 111 119 111
92 161 97 165
92 183 101 185
92 220 121 220
92 242 106 243
92 337 101 339
92 436 101 438
92 463 121 463
92 479 96 484
92 511 101 513
92 515 106 516
92 526 121 526
93 5 97 10
93 12 97 17
93 18 102 20
93 21 122 21
93 58 122 58
93 59 122 59
93 143 98 147
93 193 95 202
93 203 107 204
94 224 102 226
93 244 102 246
93 257 122 257
93 258 122 258
93 264 95 273
93 289 97 294
93 317 98 321
93 358 95 367
93 368 102 370
93 389 98 393
93 399 94 413
93 421 97 426
93 429 97 434
93 435 122 435
93 439 95 448
93 465 95 474
93 492 97 497
93 501 97 506
94 50 98 55
94 119 103 121
94 126 108 127
94 133 103 135
94 140 103 142
94 152 103 154
94 186 98 191
94 211 98 216
94 217 108 218
94 223 123 223
94 332 103 334
93 342 122 342
91 343 118 343
94 372 123 372
94 374 123 374
94 456 98 461
94 488 123 488
94 490 123 490
94 517 123 517
95 24 104 26
95 30 99 35
95 66 124 66
95 67 99 72
95 73 105 74
95 84 104 86
95 87 99 92
95 171 99 176
95 221 109 222
95 229 109 230
95 303 109 304
95 325 109 326
95 347 104 349
95 350 124 350
95 373 124 373
95 394 96 408
95 409 104 411
95 412 109 413
95 455 124 455
95 530 99 535
96 43 110 44
96 124 110 125
96 168 110 169
96 170 125 170
96 193 98 202
96 247 105 249
96 264 100 269
96 270 105 272
96 273 125 273
96 279 99 284
96 295 100 300
96 306 100 311
96 314 105 316
96 327 105 329
96 353 110 354
96 358 102 361
96 362 125 362
96 363 101 367
96 439 98 448
96 451 105 453
96 454 125 454
96 465 101 469
96 470 105 472
96 473 110 474
96 507 105 509
96 522 125 522
97 36 103 39
97 45 102 49
97 99 103 102
97 110 126 110
97 129 126 129
97 180 106 182
97 206 102 210
97 231 126 231
97 238 106 240
97 241 126 241
96 331 125 331
97 381 106 383
94 384 123 384
97 394 98 408
97 475 106 477
97 479 101 483
97 484 106 486
98 5 102 10
98 12 102 17
98 60 107 62
98 78 112 79
98 80 112 81
98 82 127 82
98 112 104 115
98 161 103 165
98 219 127 219
98 289 102 293
98 376 112 377
98 378 127 378
98 417 112 418
98 421 102 426
98 429 102 434
98 492 99 506
99 50 103 55
99 56 113 57
99 108 128 108
99 143 104 147
99 155 108 157
99 186 103 191
99 193 101 202
99 211 104 215
99 216 128 216
99 251 113 252
99 317 104 321
99 389 100 403
99 404 104 408
99 415 113 416
99 439 103 444
99 445 113 446
99 447 113 448
99 456 103 461
99 462 128 462
99 489 128 489
99 519 128 519
99 520 128 520
99 521 128 521
99 523 128 523
100 0 109 2
100 3 129 3
100 30 104 35
100 65 129 65
100 67 109 69
100 71 114 72
100 87 104 92
100 171 105 175
100 176 129 176
100 232 104 237
100 276 102 284
100 487 129 487
100 492 101 506
100 530 104 535
100 536 109 538
101 136 130 136
101 149 130 149
101 166 115 167
101 264 105 269
101 285 110 287
101 295 105 300
101 306 105 311
101 312 115 313
101 385 110 387
101 389 102 403
102 183 111 185
102 193 104 202
102 227 114 228
102 337 129 337
102 339 131 339
102 345 131 345
102 363 107 367
102 436 111 438
102 449 116 450
102 465 107 469
102 479 107 483
102 492 103 506
102 511 131 511
102 512 111 514
102 527 116 528
103 5 107 10
103 12 107 17
103 18 112 20
103 45 108 49
103 97 117 98
103 105 117 106
103 150 114 151
103 178 117 179
103 206 108 210
103 224 132 224
103 225 132 225
103 226 132 226
103 244 132 244
103 245 117 246
103 276 107 281
103 282 116 283
103 284 132 284
103 289 112 291
103 292 117 293
98 294 127 294
103 351 117 352
103 356 132 356
103 368 112 370
103 379 117 380
103 389 104 403
103 421 107 426
103 429 107 434
104 36 108 41
104 50 108 55
104 94 133 94
104 99 113 101
104 102 133 102
104 117 109 121
104 133 113 135
104 140 113 142
104 153 118 154
104 161 109 165
104 186 108 191
104 332 113 334
104 439 108 444
104 456 109 460
104 492 105 506
105 24 114 26
105 27 134 27
105 30 109 35
105 84 107 93
105 114 119 115
105 143 110 147
105 193 107 202
105 211 110 215
105 232 109 237
105 274 119 275
105 301 134 301
105 317 109 322
105 347 114 349
105 357 134 357
105 358 111 361
105 389 107 398
105 399 107 408
105 409 114 411
105 419 119 420
105 529 109 534
105 535 134 535
106 73 111 77
106 113 135 113
106 122 135 122
106 158 135 158
106 171 111 175
106 247 115 249
106 264 110 269
106 270 115 272
106 295 110 300
106 306 110 311
106 314 115 316
106 327 115 329
106 330 135 330
106 335 120 336
106 451 115 453
106 470 115 472
106 492 107 506
106 507 115 509
107 22 121 23
107 180 116 182
107 192 136 192
107 238 116 240
107 242 121 243
107 305 136 305
107 381 121 382
107 383 136 383
107 475 116 477
107 484 136 484
107 486 136 486
107 515 121 516
107 524 121 525
108 5 112 10
108 12 112 17
108 60 117 62
108 64 137 64
108 84 110 93
108 123 137 123
108 130 137 130
108 193 110 202
108 203 122 204
108 262 137 262
108 276 112 281
108 363 113 367
108 389 109 403
108 404 117 406
108 407 122 408
108 421 112 426
108 429 112 434
108 465 113 469
108 479 117 481
108 482 122 483
108 492 109 505
109 36 113 41
109 45 111 53
109 54 123 55
109 126 123 127
109 155 118 157
109 186 113 191
109 206 114 210
109 217 123 218
109 302 138 302
109 439 113 444
109 485 138 485
109 510 138 510
110 0 119 2
110 30 115 34
110 35 139 35
110 67 116 70
110 95 139 95
110 116 114 121
110 161 115 165
110 177 139 177
110 221 124 222
110 230 139 230
110 232 114 237
110 303 124 304
110 317 114 322
110 325 124 326
110 389 111 403
110 412 139 412
110 413 139 413
110 456 115 460
110 494 111 505
110 530 139 530
110 531 124 532
110 533 124 534
110 536 119 538
111 43 125 44
111 84 115 89
111 90 120 92
111 93 140 93
111 124 137 124
111 125 137 125
111 143 120 145
111 146 125 147
111 168 140 168
111 193 113 202
111 211 116 215
111 264 115 269
111 285 120 287
111 295 115 300
111 306 115 311
111 353 125 354
111 385 120 387
111 473 125 474
110 491 119 493
111 529 140 529
112 45 116 50
112 51 126 52
112 53 141 53
112 73 121 75
112 76 126 77
112 128 141 128
112 131 141 131
112 169 141 169
112 171 117 175
112 183 121 185
112 341 141 341
112 358 121 360
112 389 113 403
112 436 121 438
112 464 141 464
112 494 116 499
112 500 116 505
108 506 137 506
112 513 126 514
113 5 115 14
113 15 122 17
113 18 122 20
113 78 122 80
113 104 142 104
113 132 142 132
113 160 142 160
113 256 142 256
113 263 142 263
113 276 117 281
113 289 122 291
113 338 142 338
113 340 142 340
113 355 142 355
113 368 122 370
113 376 127 377
113 417 127 418
113 421 117 426
113 429 117 433
114 36 118 41
114 42 143 42
114 56 128 57
114 99 123 101
114 133 143 133
114 134 128 135
114 138 119 142
114 186 143 186
114 187 123 189
114 190 127 191
114 193 116 202
114 251 143 251
114 333 128 334
114 363 119 367
114 371 143 371
114 375 143 375
114 389 115 403
114 415 128 416
114 439 116 448
114 465 119 469
115 24 124 26
115 71 144 71
115 116 120 120
115 121 144 121
115 150 124 152
115 206 120 210
115 227 124 229
115 232 119 237
115 288 144 288
115 317 119 322
115 347 124 349
115 361 144 361
115 409 124 411
116 4 118 13
116 14 145 14
116 30 121 34
116 72 145 72
116 84 120 89
116 161 120 166
116 167 145 167
116 247 125 249
116 250 145 250
116 252 145 252
116 253 130 254
116 255 145 255
116 264 120 269
116 270 125 272
116 295 125 297
116 298 125 300
116 306 118 315
116 316 144 316
116 327 145 327
116 329 145 329
116 332 145 332
116 389 117 403
116 451 125 453
116 456 120 461
116 470 125 472
116 507 125 509
117 45 121 50
117 63 146 63
117 148 146 148
117 180 124 182
117 193 131 194
117 195 121 200
117 201 131 202
117 211 122 215
117 238 131 239
117 240 146 240
117 346 146 346
117 439 119 448
117 449 131 450
117 475 126 477
117 494 126 496
117 497 146 497
117 498 121 503
117 504 131 505
117 527 131 528
118 28 147 28
118 60 127 62
118 67 124 70
118 97 132 98
118 105 132 106
118 137 147 137
118 159 147 159
118 171 123 175
118 178 132 179
116 205 145 205
118 245 132 246
118 259 127 261
118 276 122 281
117 282 131 283
118 292 132 293
118 351 130 352
118 379 132 380
118 389 119 403
118 404 127 406
118 421 120 430
118 431 127 433
113 434 142 434
118 478 144 478
118 479 127 481
118 512 147 512
119 4 121 13
119 29 148 29
119 36 123 41
119 83 148 83
119 103 148 103
119 153 124 157
119 306 121 315
119 343 133 344
119 414 148 414
119 518 148 518
120 0 129 2
120 81 149 81
120 111 134 112
120 114 134 115
120 138 125 142
120 232 124 237
120 274 134 275
120 317 124 322
120 323 149 323
120 363 125 367
120 389 121 403
120 419 134 420
120 439 124 444
120 445 129 447
120 448 149 448
120 465 125 469
120 491 129 493
120 536 129 538
121 84 125 89
121 90 130 92
121 116 130 118
121 119 135 120
121 143 130 145
121 161 125 166
121 206 126 210
121 264 125 269
121 285 130 287
121 324 150 324
121 328 150 328
121 335 135 336
121 385 130 387
121 388 150 388
121 421 126 425
121 426 130 428
121 429 135 430
121 456 125 461
122 4 124 13
122 22 136 23
122 30 127 34
122 45 126 50
122 73 151 73
122 74 136 75
122 96 151 96
122 107 151 107
122 109 151 109
122 184 136 185
122 195 126 200
122 220 151 220
122 242 136 243
122 306 124 315
122 358 131 360
122 381 136 382
122 389 123 403
122 436 131 438
122 463 151 463
122 498 126 503
122 515 136 516
122 524 136 525
123 15 127 20
123 21 150 21
123 58 137 59
123 78 132 80
123 203 137 204
123 211 128 215
123 257 137 258
123 276 127 281
123 289 132 291
123 368 132 370
123 408 152 408
123 435 151 435
123 482 137 483
124 36 128 41
124 54 138 55
124 99 133 101
124 126 138 127
124 171 129 175
124 187 138 188
124 217 138 218
124 223 153 223
124 342 153 342
124 372 153 372
124 374 153 374
124 384 153 384
124 389 125 403
124 488 153 488
124 490 153 490
124 517 146 517
125 4 127 13
125 24 134 26
125 66 130 70
125 150 129 155
125 156 136 157
125 180 131 183
125 222 154 222
125 227 134 229
125 232 129 237
125 303 139 304
125 306 127 315
125 317 129 322
125 325 139 326
125 347 139 348
125 349 139 350
125 373 154 373
125 409 134 411
125 439 129 444
125 455 154 455
125 531 134 533
125 534 154 534
126 44 155 44
126 84 130 89
126 138 131 142
126 146 140 147
126 161 130 166
126 170 155 170
126 247 135 249
126 264 130 269
126 270 135 272
126 273 155 273
126 295 130 300
126 331 155 331
126 354 155 354
126 362 130 367
126 389 127 403
126 451 135 453
126 456 135 458
126 459 155 459
126 461 155 461
126 465 140 466
126 467 130 472
126 473 140 474
126 507 135 509
126 522 155 522
127 45 131 50
127 52 156 52
127 76 141 77
127 110 156 110
127 129 156 129
127 195 156 195
127 196 136 198
127 206 132 210
127 231 156 231
127 421 132 425
127 475 136 477
127 494 136 496
127 498 131 503
127 513 141 514
127 526 156 526
128 4 130 13
128 15 132 20
128 30 133 34
128 51 157 51
128 60 137 62
128 189 137 191
128 219 157 219
128 259 137 261
128 276 132 281
128 306 130 315
128 376 137 378
128 389 129 403
128 404 137 406
128 417 142 418
128 431 137 433
128 454 157 454
128 479 157 479
128 480 142 481
129 36 133 41
129 57 158 57
129 108 158 108
129 134 143 135
129 211 133 216
129 221 158 221
129 333 143 334
129 415 143 416
129 462 158 462
129 489 158 489
129 519 138 521
129 523 155 523
130 0 144 1
130 2 159 2
130 3 159 3
130 65 159 65
130 150 134 155
130 171 134 176
130 232 135 236
130 237 159 237
130 241 159 241
130 317 134 322
130 389 131 403
130 439 159 439
130 440 134 445
130 446 144 447
130 487 159 487
130 491 139 493
130 536 159 536
131 4 133 13
131 66 145 67
131 68 140 70
131 84 135 89
131 90 140 92
131 116 140 118
131 136 160 136
131 143 140 145
131 149 160 149
131 162 135 166
131 253 145 254
131 264 140 266
131 267 140 269
131 285 140 287
131 294 135 299
131 300 160 300
131 306 133 315
131 351 140 353
131 362 136 366
131 385 145 386
131 426 140 428
131 467 160 467
131 469 145 470
131 471 145 472
132 43 161 43
132 45 136 50
132 138 141 140
132 141 146 142
132 180 141 182
132 183 161 183
132 193 146 194
132 199 138 202
132 238 146 239
132 282 161 282
132 283 161 283
130 337 159 337
132 339 161 339
132 345 161 345
132 358 141 360
132 389 133 403
132 436 141 438
132 449 146 450
132 498 136 503
132 504 146 505
132 511 161 511
132 527 146 528
133 15 137 20
133 78 162 78
133 79 147 80
133 82 162 82
133 97 147 98
133 105 147 106
133 178 147 179
133 206 138 210
133 224 142 226
133 244 142 246
133 276 137 281
133 289 138 293
133 356 157 356
133 367 142 369
133 370 160 370
133 379 147 380
133 407 162 407
133 421 138 425
133 468 162 468
134 4 136 13
134 30 139 34
134 36 138 41
134 94 163 94
134 99 143 101
134 102 163 102
134 211 138 216
134 284 163 284
134 306 136 315
134 343 163 343
134 344 163 344
134 389 135 403
135 24 144 26
135 27 164 27
135 111 149 112
135 114 149 115
135 150 139 155
135 171 139 176
135 227 144 229
135 274 164 274
135 275 164 275
135 301 163 301
135 317 139 322
135 357 157 357
135 409 144 411
135 419 149 420
135 441 140 445
135 531 144 533
135 535 164 535
136 56 165 56
136 84 140 89
136 113 165 113
136 119 150 120
136 122 165 122
131 161 160 161
136 162 141 166
136 232 141 236
136 247 150 248
136 249 165 249
136 270 145 272
136 294 140 299
136 330 161 330
136 335 165 335
136 336 165 336
136 389 137 403
136 429 150 430
136 451 165 451
136 452 150 453
136 457 165 457
136 458 165 458
136 507 145 509
137 4 139 13
137 22 151 23
137 45 141 50
137 74 151 75
137 156 146 158
137 184 151 185
137 192 166 192
137 196 151 197
137 198 158 198
137 242 151 243
137 305 141 310
137 311 142 315
137 362 142 366
137 381 146 383
137 456 166 456
137 475 166 475
137 476 166 476
137 484 166 484
137 486 166 486
137 494 151 495
137 496 166 496
137 498 146 500
137 501 146 503
137 515 151 516
137 524 151 525
138 15 142 20
138 58 143 62
138 64 167 64
138 123 147 125
138 130 167 130
138 189 147 191
138 203 152 204
138 257 143 261
138 262 167 262
138 276 143 280
138 281 167 281
138 376 167 376
138 377 167 377
138 378 167 378
138 389 139 403
138 404 147 406
138 432 152 433
138 482 152 483
138 506 167 506
138 537 167 537
139 36 148 38
139 39 148 41
139 54 153 55
139 126 153 127
139 187 153 188
139 201 153 202
139 206 141 215
139 216 148 218
139 289 144 293
139 302 168 302
139 421 148 423
139 425 168 425
139 485 166 485
139 510 168 510
139 519 148 521
140 4 142 13
140 30 144 35
140 95 169 95
140 150 144 155
140 171 144 176
140 177 169 177
140 230 164 230
140 303 154 304
140 317 144 322
140 325 169 325
140 326 169 326
140 347 149 349
140 350 169 350
140 389 141 403
140 412 154 413
140 440 169 440
140 491 149 493
140 530 169 530
141 68 150 70
141 84 143 93
141 116 150 118
141 143 170 143
141 144 155 145
141 146 155 147
141 168 170 168
141 264 145 269
141 285 150 287
141 294 145 299
141 351 150 353
141 424 170 424
141 426 150 428
141 441 146 445
141 465 170 465
141 466 170 466
141 473 170 473
141 529 170 529
142 45 146 50
142 53 171 53
142 76 156 77
142 128 171 128
142 131 171 131
142 138 151 140
142 162 151 164
142 165 171 165
142 166 171 166
142 169 171 169
142 181 171 181
142 182 171 182
142 206 144 215
142 232 147 236
142 305 146 310
142 341 171 341
142 358 151 360
142 389 143 403
142 431 171 431
142 436 151 438
142 464 171 464
142 513 156 514
143 4 145 13
143 15 147 20
143 104 172 104
143 132 171 132
143 160 172 160
143 200 172 200
143 224 152 226
143 244 152 246
143 256 172 256
143 311 148 315
143 338 172 338
143 340 172 340
143 355 172 355
143 362 152 364
143 365 172 365
143 366 152 368
143 369 172 369
143 417 157 418
143 434 172 434
143 480 157 481
144 42 173 42
144 58 149 62
144 84 149 88
144 89 173 89
144 90 173 90
144 92 173 92
144 93 173 93
144 99 153 101
144 133 152 135
144 180 173 180
144 186 173 186
144 251 173 251
144 257 149 261
144 276 149 280
144 333 158 334
144 371 173 371
144 375 173 375
144 387 173 387
144 389 145 403
144 415 158 416
144 538 173 538
145 24 154 26
145 30 154 32
145 33 154 35
145 71 174 71
145 121 171 121
145 150 150 154
145 155 174 155
145 171 149 176
145 206 147 215
145 227 154 229
145 263 174 263
145 288 149 293
145 317 149 322
145 409 154 411
145 446 159 447
145 477 159 478
145 531 154 533
146 4 148 13
146 14 175 14
146 66 160 67
146 91 175 91
146 167 175 167
146 205 175 205
146 250 175 250
146 252 155 254
146 255 172 255
146 264 150 269
146 270 155 272
146 294 150 299
145 316 174 316
146 327 175 327
146 329 175 329
146 332 175 332
146 361 175 361
146 385 160 386
146 389 147 403
146 469 155 471
146 507 155 509
147 0 176 0
147 1 176 1
147 45 151 50
147 63 176 63
147 141 161 142
147 148 176 148
147 156 176 156
147 157 176 157
147 158 176 158
147 193 161 194
147 238 161 239
147 240 176 240
147 305 151 310
147 346 176 346
147 381 156 383
147 441 152 445
147 449 161 450
147 497 151 502
147 503 156 505
147 527 157 528
148 15 152 20
148 28 177 28
148 72 177 72
148 79 162 80
148 97 162 98
148 105 162 106
148 123 171 123
148 125 177 125
148 137 177 137
148 178 162 179
148 189 157 191
148 206 150 215
148 232 153 236
148 379 159 380
148 389 149 403
148 404 157 406
148 512 177 512
149 4 151 13
149 29 178 29
149 36 153 41
149 216 158 218
149 311 154 315
149 414 178 414
149 421 163 422
149 423 178 423
149 518 158 520
149 521 178 521
150 58 155 62
150 81 179 81
150 83 159 85
150 86 179 86
150 87 164 88
150 103 179 103
150 111 164 112
150 114 164 115
150 124 179 124
150 171 154 176
150 257 178 257
150 258 159 260
150 261 179 261
150 276 155 280
150 288 154 293
150 317 155 321
150 322 164 323
150 347 159 349
150 389 151 403
150 419 164 420
150 448 179 448
150 491 159 493
151 68 160 70
151 116 156 120
151 150 156 154
151 206 153 215
151 247 165 248
151 264 155 269
151 285 160 287
151 294 155 299
151 324 180 324
151 328 180 328
151 351 160 353
151 388 180 388
151 426 156 430
151 452 165 453
152 4 154 13
152 22 181 22
152 45 181 45
152 46 181 46
152 47 166 48
152 49 166 50
152 73 161 75
152 96 181 96
152 107 181 107
152 109 181 109
152 138 161 140
152 162 161 164
152 184 166 185
152 196 166 197
152 220 181 220
152 242 166 243
152 305 156 310
152 358 161 360
152 389 153 403
152 435 161 437
152 438 180 438
152 463 181 463
152 494 166 495
152 497 156 502
152 515 166 516
152 524 166 525
153 16 158 20
151 21 180 21
153 23 182 23
153 203 167 204
153 224 162 226
153 244 162 246
153 362 162 364
153 366 162 368
153 408 182 408
153 441 158 445
153 482 167 483
154 36 159 40
154 41 183 41
154 54 168 55
154 99 163 101
154 126 183 126
153 133 162 135
154 187 165 188
154 201 168 202
154 206 156 215
154 223 183 223
154 232 159 236
154 342 183 342
154 372 183 372
154 374 183 374
154 384 183 384
154 389 158 394
154 395 183 395
154 396 183 396
154 397 168 398
154 399 168 400
154 401 168 402
154 403 183 403
154 460 183 460
154 488 183 488
154 490 183 490
147 517 176 517
155 4 157 13
155 24 164 26
155 30 159 35
155 171 159 176
155 222 183 222
155 227 164 229
155 288 159 293
155 303 168 304
155 311 160 315
155 373 184 373
155 409 160 413
155 455 184 455
155 531 164 533
155 534 184 534
156 44 185 44
156 58 170 59
156 61 185 61
156 62 185 62
156 144 170 145
156 146 170 147
156 170 185 170
156 252 165 254
156 264 158 273
156 276 165 278
156 279 170 280
156 294 160 299
156 317 165 319
156 320 170 321
156 331 185 331
156 354 185 354
156 432 185 432
156 459 185 459
156 461 185 461
156 469 162 472
156 507 165 509
156 522 170 523
157 52 186 52
157 60 186 60
157 76 171 77
157 110 186 110
157 116 186 116
157 117 166 119
157 120 186 120
157 127 186 127
157 129 186 129
157 150 162 154
157 195 186 195
157 206 159 215
157 231 186 231
157 305 161 310
157 382 186 382
157 383 186 383
157 426 162 430
157 497 161 502
157 503 166 505
157 513 170 514
158 4 160 13
158 51 187 51
158 189 167 191
158 219 186 219
158 404 167 406
158 417 172 418
158 454 187 454
158 479 167 481
158 526 167 528
159 16 173 17
159 18 168 20
159 57 188 57
159 108 185 108
159 198 173 199
159 216 168 218
159 221 188 221
159 264 163 269
159 270 173 271
159 272 188 272
159 333 173 334
159 389 163 394
159 415 173 416
159 441 163 445
159 462 188 462
159 489 188 489
159 518 168 520
160 2 174 3
160 15 189 15
160 30 162 39
160 40 189 40
160 65 189 65
160 83 169 85
160 171 164 176
160 206 162 215
160 232 164 237
160 258 174 259
160 260 189 260
160 288 164 293
160 337 189 337
160 347 169 349
160 379 169 381
160 439 189 439
160 447 189 447
160 477 189 477
160 478 189 478
160 487 189 487
160 491 169 493
160 536 189 536
161 4 163 13
161 66 170 68
161 69 175 70
161 136 190 136
161 149 190 149
161 161 189 161
161 285 170 287
161 294 165 299
161 311 166 315
161 351 175 352
161 353 186 353
161 385 175 386
161 409 166 413
161 467 190 467
162 43 191 43
162 73 171 75
162 138 167 142
162 159 191 159
162 162 171 164
162 193 176 194
162 238 176 239
162 282 176 283
162 300 191 300
162 305 166 310
162 339 184 339
162 345 191 345
162 358 170 360
162 435 176 436
162 437 191 437
162 449 191 449
162 450 191 450
162 497 166 502
162 511 191 511
163 30 165 39
163 78 172 80
163 97 177 98
163 106 192 106
163 133 172 135
163 150 168 154
163 178 177 179
163 206 192 206
163 208 172 210
163 211 177 212
163 213 192 213
163 214 192 214
163 215 192 215
163 224 172 226
163 241 192 241
163 244 172 246
170 356 192 356
163 362 172 364
163 366 172 368
161 370 190 370
163 407 184 407
163 426 168 430
163 474 192 474
164 4 169 8
164 9 169 13
164 94 193 94
164 99 173 101
164 102 193 102
164 183 193 183
164 264 168 269
164 284 193 284
164 343 178 344
164 389 168 394
164 421 178 422
164 441 168 446
164 468 169 472
165 24 174 26
165 27 194 27
165 87 179 88
165 111 179 112
165 114 179 115
165 171 169 176
165 207 194 207
165 227 179 228
165 229 179 230
165 232 169 237
165 273 174 275
165 288 174 290
165 291 174 293
164 301 193 301
165 322 179 323
158 356 169 357
165 419 179 420
165 531 174 533
165 535 194 535
166 30 170 35
166 36 175 38
166 39 195 39
166 56 195 56
166 105 195 105
166 113 195 113
166 247 175 249
166 252 175 254
166 276 175 278
166 294 175 296
166 297 175 299
166 317 175 319
162 330 191 330
166 335 178 336
166 451 175 453
166 457 195 457
166 507 175 509
167 47 176 49
167 50 196 50
167 117 196 117
167 118 181 119
167 184 181 185
167 192 190 192
167 196 181 197
167 242 196 242
167 243 196 243
167 305 169 314
167 315 196 315
167 409 172 413
167 475 181 476
167 484 176 486
167 494 169 503
167 504 181 505
167 515 181 516
167 524 196 524
167 525 196 525
168 64 197 64
168 130 197 130
168 138 173 142
168 189 197 189
168 203 179 204
168 262 197 262
168 281 197 281
168 376 182 377
168 378 197 378
168 404 177 406
168 479 173 483
168 506 197 506
168 527 197 527
168 528 197 528
169 18 178 20
169 54 183 55
169 82 198 82
169 150 174 154
166 187 180 188
169 190 198 190
169 201 179 202
169 216 178 218
169 264 173 269
169 302 178 304
169 389 173 394
169 397 173 402
169 425 174 429
169 430 198 430
169 441 198 441
169 443 178 445
169 446 198 446
169 456 198 456
169 510 198 510
169 518 178 520
170 4 174 9
170 10 179 12
170 13 199 13
170 83 179 85
170 95 199 95
170 171 174 176
170 177 199 177
170 232 174 237
170 305 172 314
170 325 184 326
170 347 179 349
170 350 199 350
170 379 179 381
170 433 199 433
170 440 199 440
170 468 175 472
170 491 172 500
170 501 179 503
170 530 199 530
170 537 199 537
171 30 175 35
171 58 185 59
171 66 180 68
171 143 180 145
171 146 185 147
171 168 200 168
171 279 185 280
171 285 180 287
171 320 185 321
171 357 177 360
171 424 200 424
171 465 185 466
171 522 200 522
171 523 200 523
171 529 200 529
172 53 201 53
172 73 177 77
172 121 181 123
172 128 201 128
172 131 186 132
172 162 177 166
172 169 201 169
172 181 201 181
172 341 201 341
172 431 201 431
172 464 201 464
171 513 185 514
173 78 182 80
173 104 202 104
173 133 202 133
173 134 202 134
173 135 202 135
173 160 202 160
173 182 202 182
173 200 202 200
173 208 182 210
173 224 182 226
173 244 182 246
173 255 187 256
173 305 175 314
173 355 202 355
173 362 177 367
173 368 187 369
173 409 178 413
173 417 187 418
173 434 202 434
173 491 175 500
174 16 188 17
174 89 188 90
174 92 188 93
174 99 183 101
174 138 179 142
174 180 203 180
174 186 203 186
174 198 203 198
174 251 203 251
174 264 178 269
174 270 188 271
174 333 188 334
174 371 203 371
174 375 203 375
174 387 203 387
174 389 178 394
174 397 178 402
174 415 188 416
174 479 179 483
174 538 203 538
175 2 179 7
175 8 189 9
175 24 184 26
175 71 204 71
175 150 179 155
175 171 179 176
175 199 204 199
175 232 179 237
175 259 199 259
175 263 201 263
175 273 184 275
175 288 179 293
175 316 204 316
175 340 204 340
175 425 180 429
175 442 204 442
175 531 184 533
176 14 205 14
176 30 180 35
176 36 185 38
176 42 205 42
176 69 187 70
176 91 205 91
176 167 205 167
176 247 185 249
176 250 205 250
176 252 185 254
176 276 185 278
176 294 180 299
176 305 178 314
176 317 185 319
176 327 205 327
176 329 205 329
176 332 205 332
176 351 190 352
176 361 205 361
176 385 190 386
176 451 185 453
176 468 180 473
176 491 178 499
176 507 185 509
177 0 191 1
177 47 186 49
177 63 206 63
177 148 206 148
177 156 186 158
177 193 190 194
177 238 191 239
177 240 206 240
177 282 191 283
177 346 206 346
177 435 191 436
177 484 206 484
177 486 206 486
177 517 206 517
178 28 207 28
178 72 182 77
178 97 192 98
178 125 207 125
178 137 207 137
178 162 183 166
178 178 192 179
178 211 192 212
178 357 192 358
178 360 207 360
178 362 182 367
178 404 192 405
178 512 207 512
178 526 207 526
179 18 188 20
179 29 208 29
179 216 186 218
179 257 193 258
179 264 183 269
179 302 181 311
179 312 187 314
179 343 193 344
179 389 183 394
179 397 183 402
179 409 183 414
179 421 188 423
179 443 188 445
179 458 208 458
179 491 181 499
179 518 193 519
179 520 193 521
180 2 185 6
180 10 189 12
180 81 209 81
180 83 185 87
180 88 209 88
180 111 194 112
180 114 194 115
180 124 209 124
180 138 185 142
180 150 209 150
180 151 209 151
180 152 209 152
180 153 209 153
180 154 209 154
180 155 208 155
180 171 189 173
180 174 189 176
180 201 185 205
180 227 189 229
180 230 209 230
180 232 184 237
180 261 209 261
180 288 184 293
180 322 194 323
180 347 189 349
180 379 189 381
180 419 194 420
180 448 209 448
180 479 185 483
180 501 189 503
181 21 210 21
181 30 185 35
181 66 195 67
181 143 190 145
181 187 195 188
181 285 190 287
181 294 185 299
181 324 210 324
181 328 209 328
179 335 193 336
181 388 210 388
181 425 190 427
181 428 191 429
181 468 185 473
182 45 196 46
182 96 211 96
182 107 211 107
182 109 211 109
182 118 196 119
182 121 191 123
182 184 196 185
182 196 211 196
182 220 211 220
182 302 186 307
182 308 191 310
182 359 211 359
181 438 210 438
182 463 211 463
182 475 192 476
182 491 186 496
182 497 191 499
176 500 205 500
182 504 196 505
182 515 196 516
183 22 197 23
183 72 187 77
183 78 192 80
183 208 192 210
183 224 192 226
183 244 192 246
183 362 187 367
183 376 197 377
183 408 212 408
184 7 213 7
184 41 213 41
184 54 198 55
184 99 193 101
184 126 213 126
184 162 189 166
184 222 198 223
184 264 188 269
184 342 212 342
184 372 213 372
184 374 213 374
184 384 213 384
184 389 185 403
184 409 188 414
184 460 213 460
184 488 213 488
184 490 213 490
185 24 194 26
185 197 214 197
185 232 189 237
185 273 194 275
185 288 190 292
185 293 214 293
185 325 199 326
185 338 199 339
185 373 214 373
185 406 199 407
185 455 214 455
185 531 194 533
185 534 214 534
186 2 195 4
186 5 215 5
186 6 215 6
186 30 190 35
186 36 195 38
186 44 215 44
186 58 200 59
186 61 200 62
186 83 195 85
186 86 215 86
186 103 215 103
186 138 191 142
186 146 200 147
186 170 214 170
186 201 215 201
186 202 200 203
186 204 215 204
186 247 195 249
186 252 195 254
186 276 191 280
186 294 190 299
186 317 191 321
186 331 215 331
186 389 187 403
186 432 215 432
186 451 195 453
186 459 215 459
186 461 215 461
186 465 200 466
186 468 190 473
186 479 191 483
186 507 195 509
186 513 200 514
187 47 196 49
187 52 216 52
187 110 216 110
187 116 216 116
187 120 216 120
187 127 216 127
187 129 216 129
187 131 201 132
187 156 196 158
187 195 216 195
187 231 216 231
187 302 191 307
187 353 201 354
187 382 201 383
187 491 216 491
187 494 216 494
187 496 216 496
188 51 217 51
188 60 217 60
188 68 197 70
188 72 192 77
187 216 193 219
188 255 202 256
188 311 194 314
188 362 192 367
188 368 202 369
188 389 189 403
188 417 202 418
189 16 194 20
189 57 218 57
189 87 218 87
189 89 203 90
189 92 203 93
186 108 215 108
189 221 218 221
189 264 193 269
189 270 203 271
189 333 203 334
189 409 193 414
189 415 203 416
189 421 198 423
189 443 198 445
189 462 218 462
189 485 218 485
189 489 218 489
190 8 195 12
190 15 219 15
190 40 219 40
190 65 219 65
190 162 195 166
190 171 194 176
190 227 199 229
190 232 194 237
190 260 215 260
190 337 219 337
190 347 199 349
190 379 199 381
190 389 191 403
190 439 219 439
190 447 219 447
190 477 204 478
190 487 218 487
190 502 204 503
190 536 219 536
191 30 195 35
191 136 220 136
191 143 200 145
191 149 220 149
190 161 219 161
191 191 197 194
191 205 220 205
191 285 195 290
191 291 220 291
191 292 220 292
191 294 195 299
191 351 205 352
191 370 220 370
191 385 220 385
191 386 220 386
191 425 205 426
191 467 195 472
192 0 206 1
192 43 221 43
192 121 201 123
192 138 197 142
192 159 221 159
192 238 206 239
192 276 197 280
192 282 206 283
192 300 221 300
192 302 196 307
192 309 221 309
192 310 221 310
192 317 197 321
192 330 221 330
192 345 221 345
192 389 194 398
192 399 197 403
192 427 201 429
192 435 201 437
192 449 206 450
192 454 221 454
192 479 201 481
192 482 221 482
192 483 221 483
192 492 221 492
192 497 201 499
192 511 218 511
193 72 197 77
193 78 207 79
193 80 222 80
193 97 207 98
193 106 222 106
193 178 222 178
193 206 222 206
193 208 197 213
193 214 207 215
193 224 202 226
193 241 222 241
193 244 202 246
193 356 202 358
193 362 197 367
193 404 207 405
193 473 199 476
193 495 222 495
194 94 218 94
194 99 203 101
194 102 221 102
194 183 223 183
194 217 206 218
194 257 223 257
194 264 198 269
194 284 223 284
194 335 223 335
194 336 223 336
194 343 208 344
194 409 198 414
194 518 203 520
194 521 223 521
195 16 200 20
195 24 204 26
195 27 222 27
195 111 209 112
195 114 209 115
195 171 199 176
195 207 224 207
195 232 199 237
195 272 204 274
195 275 224 275
195 311 204 313
195 314 223 314
195 322 209 323
195 389 197 398
195 419 224 419
195 531 204 533
196 2 210 3
196 4 225 4
196 8 201 12
196 30 198 39
196 56 225 56
196 66 210 67
196 83 205 85
196 105 225 105
196 113 225 113
196 162 201 166
196 187 225 187
196 188 225 188
196 247 205 249
196 252 205 254
196 285 205 287
196 290 225 290
196 294 200 299
196 301 225 301
196 308 225 308
196 451 205 453
196 467 205 469
196 470 205 472
196 507 205 509
197 45 201 50
197 117 206 119
197 156 206 158
197 179 226 179
197 184 211 185
197 242 211 243
197 302 201 307
197 315 226 315
197 420 226 420
197 501 226 501
197 504 211 505
197 515 211 516
197 524 211 525
198 22 212 23
198 64 227 64
198 68 207 70
198 72 202 77
198 130 227 130
198 138 203 142
198 189 225 189
198 192 212 193
198 208 202 213
198 262 227 262
198 276 202 281
198 317 203 321
198 362 202 367
198 376 207 378
198 389 199 403
198 506 227 506
198 527 227 527
198 528 227 528
198 535 227 535
199 30 201 39
199 54 228 54
199 55 228 55
199 82 228 82
199 216 228 216
199 222 213 223
199 264 203 269
199 289 228 289
199 409 208 411
199 412 208 414
199 421 208 423
199 430 228 430
199 441 228 441
199 444 213 445
199 456 228 456
199 510 228 510
200 13 229 13
200 95 229 95
200 171 204 176
200 177 229 177
200 227 209 229
200 232 204 237
200 258 214 259
200 325 214 326
200 339 229 339
200 347 209 349
200 350 229 350
200 379 209 381
200 389 201 403
200 433 229 433
200 440 229 440
200 473 209 475
200 476 229 476
200 530 229 530
201 16 206 20
201 58 215 59
201 61 215 62
201 143 206 147
201 168 230 168
201 202 215 203
201 294 205 299
201 424 230 424
201 465 215 466
201 513 215 514
201 522 215 523
201 529 230 529
201 537 230 537
202 8 207 12
202 30 204 39
202 45 206 50
202 53 228 53
202 121 211 123
202 128 231 128
202 132 231 132
202 162 207 166
202 181 231 181
202 302 211 304
202 305 216 306
202 307 231 307
202 341 231 341
202 353 216 354
202 382 213 383
202 389 203 403
202 406 231 406
202 427 211 429
202 431 231 431
202 435 211 437
202 457 231 457
202 464 231 464
202 479 211 481
202 493 231 493
202 497 211 499
203 72 217 73
203 74 217 75
203 76 217 77
203 104 232 104
203 133 212 135
203 182 232 182
203 200 232 200
203 208 207 213
203 224 212 226
203 244 212 246
203 255 217 256
203 276 212 278
203 279 217 280
203 281 232 281
203 355 212 357
203 358 232 358
203 362 207 367
203 368 217 369
203 417 217 418
203 434 232 434
204 89 233 89
204 90 233 90
204 92 218 93
204 99 213 101
204 131 233 131
204 138 209 142
204 186 233 186
204 198 233 198
204 251 233 251
204 264 208 269
204 270 217 271
204 317 209 321
204 333 218 334
204 371 233 371
204 375 233 375
204 389 205 403
204 415 218 416
204 518 213 520
204 538 233 538
205 24 214 26
205 30 207 39
205 71 234 71
205 160 234 160
205 171 209 176
205 191 234 191
205 194 234 194
205 199 234 199
205 232 209 237
202 263 231 263
205 272 219 273
205 288 234 288
205 311 214 313
205 316 232 316
205 338 234 338
205 340 234 340
205 442 234 442
205 477 219 478
205 502 219 503
205 531 214 533
206 14 235 14
206 42 235 42
206 83 215 85
206 91 235 91
206 247 215 249
206 250 235 250
206 252 215 254
206 274 235 274
206 285 215 287
206 294 210 299
206 327 235 327
206 329 235 329
206 332 235 332
206 351 220 352
206 361 231 361
206 389 207 403
206 425 220 426
206 451 215 453
206 467 210 472
206 500 235 500
206 507 215 509
207 0 236 0
207 16 212 20
207 45 211 50
207 63 236 63
207 117 221 118
207 119 236 119
207 143 211 148
207 157 221 158
207 169 236 169
207 180 236 180
207 190 236 190
207 217 216 219
207 238 216 240
207 282 221 283
207 346 236 346
207 449 221 450
207 484 236 484
207 486 236 486
207 517 235 517
208 8 213 12
208 28 237 28
208 30 210 39
208 68 217 70
208 78 222 79
208 97 222 98
208 125 237 125
208 137 237 137
208 162 212 167
208 208 212 213
208 360 237 360
208 362 212 367
208 376 222 377
208 378 237 378
208 389 209 403
208 404 222 405
208 512 237 512
208 526 237 526
209 29 238 29
209 155 223 156
209 214 238 214
209 264 214 268
209 269 238 269
209 343 221 344
209 409 213 414
209 422 223 423
209 458 238 458
210 81 239 81
210 88 236 88
210 111 224 112
210 114 224 115
210 124 237 124
210 138 215 142
210 150 215 154
210 171 214 176
210 227 219 229
210 230 239 230
210 232 214 237
210 261 239 261
210 317 214 321
210 322 224 323
210 347 219 349
210 380 224 381
210 389 211 403
210 407 239 407
210 448 239 448
210 473 219 475
211 1 220 3
211 21 240 21
211 30 213 39
211 66 225 67
211 294 215 299
211 324 240 324
210 328 239 328
211 379 240 379
211 387 225 388
211 421 240 421
211 438 240 438
211 467 215 472
212 45 216 50
212 96 241 96
212 107 241 107
212 109 239 109
212 121 221 123
212 143 216 148
212 184 226 185
212 196 241 196
212 220 241 220
212 242 222 243
212 302 221 304
212 389 213 403
212 427 221 429
212 435 221 437
212 446 241 446
212 463 241 463
212 479 226 480
212 497 219 499
212 504 226 505
212 515 241 515
212 516 235 516
212 524 241 524
212 525 241 525
213 16 218 20
213 22 227 23
213 133 227 134
213 162 217 167
213 192 227 193
213 208 217 213
213 224 227 225
213 244 222 246
213 276 222 278
213 355 222 357
213 362 217 367
213 408 241 408
213 481 242 481
214 7 218 12
214 30 216 39
214 41 243 41
214 99 221 101
214 126 243 126
214 222 228 223
213 342 242 342
214 359 243 359
214 372 243 372
214 374 243 374
214 382 223 384
214 389 216 398
214 399 243 399
214 400 243 400
214 401 223 403
214 409 218 414
214 443 223 445
214 460 243 460
214 488 243 488
214 490 243 490
214 518 223 520
215 24 224 26
215 171 219 176
215 197 244 197
215 226 244 226
215 232 219 237
215 264 220 268
215 293 244 293
215 311 223 313
215 317 220 321
215 325 229 326
215 455 244 455
215 531 224 533
215 534 244 534
216 5 228 6
216 44 245 44
216 58 230 59
216 61 230 62
216 83 225 85
216 86 245 86
216 108 245 108
216 135 245 135
216 138 221 142
216 150 221 154
215 170 244 170
216 201 222 204
216 247 225 249
216 252 230 253
216 254 245 254
216 259 230 260
216 285 230 286
216 287 245 287
216 294 221 298
216 299 245 299
216 331 245 331
216 432 245 432
216 451 225 453
216 459 245 459
216 461 245 461
216 465 220 470
216 471 230 472
216 507 225 509
216 513 230 514
216 522 230 523
217 30 219 39
217 45 221 50
217 52 246 52
217 110 246 110
217 116 246 116
217 120 246 120
217 127 246 127
217 129 246 129
217 143 221 148
217 217 225 219
217 231 246 231
217 238 226 240
217 305 231 306
217 353 231 354
217 389 221 394
217 395 226 397
217 398 246 398
217 491 246 491
217 494 246 494
218 60 247 60
218 68 227 70
218 72 222 77
218 162 222 167
218 195 247 195
218 208 222 213
218 255 232 256
218 279 232 280
218 362 222 367
218 368 232 369
218 417 247 417
218 418 247 418
219 7 223 12
219 16 224 20
219 57 248 57
219 87 248 87
219 92 233 93
219 221 248 221
218 270 232 271
219 333 233 334
219 409 223 413
219 415 233 416
219 462 241 462
219 485 247 485
219 489 248 489
220 15 249 15
220 30 222 39
220 40 249 40
220 65 249 65
220 161 249 161
220 171 224 176
220 227 229 229
220 232 224 237
220 272 249 272
220 337 249 337
220 347 229 349
220 439 249 439
220 447 249 447
220 473 229 475
220 477 234 478
219 487 248 487
220 496 226 499
220 502 234 503
220 536 249 536
221 1 230 3
221 136 250 136
221 149 250 149
221 205 250 205
221 215 250 215
221 264 226 268
221 291 235 292
221 317 226 321
221 351 235 352
221 370 250 370
221 385 235 386
221 425 235 426
221 465 225 470
222 43 251 43
222 45 236 46
222 47 231 49
222 50 236 51
222 99 227 103
222 117 236 118
222 121 231 123
222 138 224 147
222 148 251 148
222 150 227 154
222 157 231 159
222 273 251 273
222 282 236 283
222 294 227 298
222 300 251 300
222 302 231 304
222 309 251 309
222 330 251 330
222 343 231 345
222 389 226 394
222 427 231 429
222 435 231 437
222 449 236 450
222 454 251 454
222 482 236 483
222 492 246 492
219 511 248 511
223 30 225 39
223 72 227 77
223 78 232 80
223 97 237 98
223 106 252 106
223 162 227 167
223 206 252 206
223 208 227 213
223 241 227 246
223 276 232 278
223 355 237 356
223 357 245 357
223 362 227 367
223 376 237 377
223 404 237 405
223 495 252 495
224 7 233 9
224 12 253 12
219 94 248 94
224 156 253 156
224 183 253 183
224 257 253 257
224 284 253 284
224 310 229 314
224 335 238 336
224 382 233 384
224 401 233 403
224 409 229 413
219 414 248 414
224 422 237 423
224 443 233 445
224 518 233 520
224 521 253 521
225 16 230 20
225 24 234 26
223 27 252 27
225 111 239 112
225 114 239 115
225 138 227 147
225 171 229 176
225 178 254 178
225 201 231 204
225 207 251 207
225 232 229 237
225 275 254 275
225 322 239 323
225 373 254 373
225 380 239 381
225 419 254 419
225 531 234 533
226 4 255 4
226 30 228 39
226 56 255 56
226 66 240 67
226 83 235 85
226 105 255 105
226 113 255 113
226 187 255 187
226 188 240 189
226 247 235 249
226 290 255 290
226 301 255 301
226 308 255 308
226 387 240 388
226 451 235 453
226 465 230 470
226 507 235 509
227 155 256 155
227 179 256 179
227 184 241 185
226 217 235 219
227 238 236 240
227 264 232 268
227 315 256 315
227 317 232 321
227 389 231 394
227 395 236 397
227 420 256 420
227 479 241 480
227 496 233 499
227 501 256 501
227 504 241 505
228 11 257 11
228 22 242 23
228 64 257 64
228 68 237 70
228 72 232 77
228 99 237 101
228 102 257 102
228 130 257 130
228 133 238 134
228 138 230 147
228 150 233 154
228 162 232 167
228 192 242 193
228 208 237 210
228 211 242 212
228 213 257 213
228 224 257 224
228 225 257 225
228 241 232 246
228 258 257 258
228 262 257 262
228 294 233 298
228 362 232 367
228 506 257 506
228 527 242 528
228 535 257 535
229 30 231 39
229 53 238 55
229 82 258 82
229 103 258 103
229 222 243 223
229 289 258 289
229 430 258 430
229 441 258 441
229 456 258 456
229 510 258 510
230 13 259 13
230 95 259 95
230 171 234 176
230 177 259 177
230 216 259 216
230 227 239 229
230 232 234 237
230 310 235 314
230 325 244 326
230 339 259 339
230 347 239 349
230 350 259 350
230 409 235 413
230 433 259 433
230 440 259 440
230 473 244 474
230 475 259 475
230 476 259 476
230 530 259 530
231 1 240 3
229 5 243 6
231 16 236 20
231 58 245 59
231 61 245 62
231 138 233 147
231 168 260 168
231 252 245 253
231 259 245 260
231 285 245 286
231 424 260 424
231 465 235 470
231 471 245 472
231 513 245 514
231 522 245 523
231 529 260 529
231 537 260 537
232 30 234 39
232 47 241 49
232 121 246 122
232 123 261 123
232 128 261 128
232 132 261 132
232 157 241 159
232 201 241 203
232 263 261 263
232 302 236 307
232 343 246 344
232 345 261 345
232 353 261 353
232 389 246 390
232 391 261 391
232 392 261 392
232 393 246 394
232 406 261 406
232 427 241 429
232 431 261 431
232 435 241 437
232 457 261 457
232 464 261 464
232 493 261 493
233 10 262 10
233 72 237 77
233 78 242 80
233 104 262 104
233 162 237 167
233 182 262 182
233 200 262 200
233 241 237 246
233 255 247 256
233 264 238 268
233 270 247 271
233 276 238 280
233 281 262 281
233 318 238 321
233 362 237 367
233 368 262 368
233 434 259 434
234 7 248 8
234 9 262 9
234 89 248 90
234 92 248 93
234 131 263 131
234 138 236 147
234 150 239 154
234 186 263 186
234 198 263 198
234 251 263 251
234 294 239 298
234 333 262 333
234 334 262 334
234 369 263 369
234 371 263 371
234 375 263 375
234 382 248 383
234 401 243 403
234 415 248 416
234 443 248 444
234 445 263 445
234 496 243 498
234 499 262 499
234 519 248 520
234 538 263 538
235 24 249 25
235 30 237 39
235 71 264 71
235 160 264 160
235 171 239 176
235 194 264 194
235 199 264 199
235 204 264 204
235 232 239 237
235 288 264 288
233 316 247 317
235 338 264 338
235 442 264 442
235 477 249 478
235 502 249 503
235 531 244 533
236 14 265 14
236 42 265 42
236 83 250 84
236 91 263 91
236 191 265 191
236 217 245 219
236 247 245 249
236 250 265 250
236 274 264 274
236 291 250 292
236 311 265 311
236 312 248 313
236 327 265 327
236 329 265 329
236 332 265 332
236 351 265 351
236 352 265 352
232 361 261 361
236 384 250 385
236 386 265 386
236 409 241 413
236 425 250 426
236 451 245 453
236 465 240 470
236 500 265 500
236 507 250 508
236 509 265 509
236 516 245 518
237 16 242 20
237 45 247 46
237 50 251 51
237 63 266 63
237 85 266 85
237 117 246 119
237 138 239 147
237 169 266 169
237 180 266 180
237 190 266 190
237 238 246 240
237 282 266 282
237 302 241 307
237 346 266 346
237 395 246 397
237 449 251 450
237 482 246 484
238 28 267 28
238 30 240 39
238 68 252 69
238 73 247 75
238 76 266 76
238 77 266 77
238 97 247 99
238 100 252 101
238 124 252 125
238 137 267 137
238 162 242 167
238 208 247 210
238 241 247 243
238 244 247 246
238 283 267 283
238 355 252 356
238 360 267 360
238 362 242 367
238 376 247 378
238 404 252 405
238 486 267 486
238 512 267 512
238 526 267 526
239 26 268 26
239 29 268 29
239 214 268 214
239 264 243 269
239 276 244 280
239 318 248 320
239 321 268 321
239 335 253 336
239 341 268 341
238 422 252 423
239 458 268 458
240 81 262 81
237 88 266 88
240 111 254 112
240 114 254 115
240 138 242 147
240 150 249 152
240 153 254 154
240 171 244 176
240 181 269 181
240 227 249 229
240 230 269 230
240 232 244 237
240 261 269 261
240 294 245 298
240 322 254 323
240 328 265 328
240 347 254 348
240 349 267 349
240 380 254 381
240 407 269 407
240 448 269 448
241 0 247 3
241 21 270 21
241 30 243 39
241 53 250 55
241 66 270 66
241 188 255 189
241 324 270 324
241 379 270 379
241 387 255 388
241 438 267 438
241 465 245 470
242 48 256 49
242 96 271 96
242 107 271 107
240 109 269 109
242 157 251 159
242 184 256 185
242 196 271 196
242 201 251 203
242 220 271 220
242 302 251 304
242 305 271 305
242 306 256 307
242 310 271 310
242 340 271 340
242 409 247 413
242 421 271 421
242 427 251 429
242 435 251 437
242 446 271 446
242 462 256 463
242 479 256 480
242 504 256 505
242 524 256 525
243 16 248 20
243 22 257 23
243 70 272 70
243 78 252 80
239 133 253 134
243 138 245 147
243 162 247 167
243 192 257 193
243 211 257 212
243 362 247 367
242 408 271 408
243 515 272 515
243 527 272 527
243 528 272 528
244 5 273 5
244 6 273 6
244 30 246 39
244 126 273 126
244 222 258 223
244 264 248 269
244 372 273 372
244 374 273 374
244 399 253 401
244 402 254 403
244 460 273 460
244 490 273 490
244 496 253 498
245 67 274 67
245 170 250 174
245 175 259 176
245 197 274 197
245 226 273 226
245 232 254 234
245 235 254 237
245 276 254 278
245 280 274 280
245 293 274 293
245 325 259 326
245 455 274 455
245 473 259 474
245 488 274 488
245 531 254 533
245 534 274 534
246 44 275 44
246 58 260 59
246 61 260 62
246 86 275 86
246 108 275 108
246 135 275 135
246 138 248 147
246 217 255 219
246 247 255 249
246 252 255 254
246 259 260 260
246 285 253 287
246 294 250 299
246 331 275 331
246 354 275 354
246 357 260 358
246 432 275 432
246 451 255 453
246 459 275 459
246 461 275 461
246 465 250 470
246 471 260 472
246 513 260 514
246 516 260 517
246 522 260 523
247 30 251 35
247 36 261 37
247 38 276 38
247 39 276 39
247 52 276 52
247 110 276 110
247 116 251 121
247 122 276 122
247 127 274 127
247 129 276 129
247 231 276 231
247 238 256 240
247 343 261 344
247 389 261 390
247 393 251 398
247 481 256 483
247 484 276 484
247 491 261 492
247 494 276 494
248 0 257 2
248 3 277 3
248 41 277 41
248 45 257 47
248 60 277 60
248 72 257 74
248 97 257 99
248 162 252 167
248 195 277 195
248 208 257 210
248 241 252 246
248 255 262 256
248 270 262 271
248 316 262 317
248 362 252 367
248 376 257 378
248 409 253 413
248 417 262 418
248 518 277 518
249 7 263 8
249 16 254 20
249 57 278 57
249 87 278 87
249 89 263 90
249 92 258 94
249 138 251 147
249 221 278 221
249 264 253 269
249 312 258 314
249 318 258 320
249 382 263 383
249 414 258 416
249 443 263 444
248 485 277 485
249 487 278 487
249 489 278 489
249 511 278 511
249 519 263 520
250 15 279 15
250 24 264 25
250 40 279 40
250 65 279 65
250 150 259 152
250 161 279 161
250 227 259 229
250 272 279 272
250 337 279 337
250 439 279 439
250 447 279 447
250 477 264 478
250 502 264 503
250 536 276 536
251 53 265 54
251 55 280 55
251 83 265 84
251 136 280 136
251 149 280 149
251 170 260 172
251 173 264 174
251 205 280 205
251 215 280 215
251 291 265 292
251 294 255 299
251 370 280 370
251 384 265 385
251 425 280 425
251 426 280 426
251 465 255 470
251 507 265 508
252 30 257 34
252 35 281 35
252 43 281 43
252 50 266 51
252 116 256 121
252 138 254 147
252 148 281 148
252 157 261 159
252 201 261 203
252 273 281 273
252 300 281 300
252 302 259 304
252 309 281 309
252 330 280 330
252 393 256 398
252 427 261 429
252 435 261 437
252 449 266 450
252 454 281 454
253 27 282 27
253 68 267 69
253 78 262 80
253 100 267 101
253 106 282 106
253 124 282 124
253 162 257 167
253 206 282 206
253 242 267 243
253 244 262 246
253 279 282 279
253 342 282 342
253 355 282 355
253 356 281 356
253 362 257 367
253 405 282 405
253 422 282 422
253 423 282 423
253 495 282 495
254 12 283 12
254 156 283 156
254 183 283 183
254 241 283 241
254 257 283 257
254 264 258 269
254 284 260 287
254 399 263 401
254 409 259 413
254 496 263 498
254 521 283 521
255 16 260 20
255 75 284 75
255 111 269 112
255 114 269 115
255 138 257 147
255 153 269 154
255 178 284 178
252 207 281 207
255 232 269 233
255 234 264 236
255 237 284 237
255 275 264 277
255 278 282 278
255 322 269 323
255 347 269 348
255 373 284 373
255 380 269 381
255 402 264 404
255 419 284 419
255 531 264 533
256 4 285 4
256 105 285 105
256 113 285 113
256 187 265 189
256 217 265 219
256 247 265 249
256 252 285 252
256 253 270 254
256 290 285 290
256 294 260 299
256 301 285 301
256 308 285 308
256 387 270 388
256 451 265 453
256 465 260 470
257 48 271 49
257 56 286 56
257 116 261 121
257 155 286 155
257 184 271 185
257 238 286 238
257 239 271 240
257 306 286 306
257 307 286 307
257 315 286 315
257 393 261 398
257 420 286 420
257 462 271 463
257 479 262 483
257 501 286 501
257 504 271 505
257 524 271 525
258 0 267 2
258 11 285 11
258 22 272 23
258 30 263 34
258 45 267 47
258 64 287 64
258 72 267 74
258 97 267 99
258 102 287 102
258 130 287 130
258 138 260 147
258 162 262 167
258 192 287 192
258 193 287 193
258 208 262 213
258 224 272 225
258 258 287 258
258 262 287 262
258 362 262 367
258 376 267 378
258 506 287 506
258 535 287 535
259 82 288 82
259 92 268 94
259 179 288 179
259 222 272 223
259 264 263 269
259 289 288 289
259 312 268 314
259 318 268 320
259 414 266 416
259 430 288 430
259 456 288 456
259 510 288 510
260 13 289 13
260 95 289 95
260 103 289 103
260 150 269 152
260 175 269 177
260 216 289 216
260 227 269 229
260 325 274 326
260 339 289 339
260 350 289 350
260 409 274 410
260 411 269 413
260 433 274 434
260 440 274 441
260 473 269 475
260 476 289 476
260 530 289 530
261 16 266 20
261 58 275 59
261 61 275 62
261 133 290 133
261 138 263 147
261 168 290 168
261 171 275 172
261 259 275 260
261 285 270 287
261 294 265 299
261 424 290 424
261 465 270 467
261 468 266 472
261 513 275 514
261 516 275 517
261 522 275 523
261 529 290 529
261 537 290 537
262 36 291 36
262 116 266 121
262 123 291 123
262 128 291 128
262 132 291 132
262 157 276 158
262 159 291 159
262 201 271 203
262 263 291 263
260 302 269 304
262 343 271 345
262 353 291 353
262 361 291 361
262 389 264 398
262 427 271 429
262 431 291 431
262 435 271 437
262 464 291 464
262 491 271 493
263 9 277 10
263 78 292 78
263 79 292 79
263 80 277 81
263 104 292 104
263 162 267 167
263 182 292 182
263 200 292 200
263 208 267 213
263 244 272 246
263 255 277 256
263 271 292 271
263 281 292 281
263 316 277 317
263 333 272 335
263 357 272 359
263 362 267 367
263 368 292 368
263 418 292 418
263 479 268 483
264 7 278 8
264 30 269 34
264 89 273 91
264 131 293 131
264 138 266 147
264 186 293 186
264 198 293 198
264 251 293 251
264 264 268 269
264 284 293 284
264 369 293 369
264 371 293 371
264 375 293 375
264 382 278 383
264 399 273 401
264 443 273 445
264 457 293 457
264 496 273 498
263 499 292 499
264 519 278 520
265 24 279 25
265 71 294 71
265 160 294 160
265 194 294 194
265 199 294 199
265 204 294 204
265 234 274 236
265 270 294 270
265 274 271 277
265 288 294 288
265 338 294 338
265 389 267 398
265 402 274 404
265 442 294 442
265 477 279 478
265 502 279 503
265 531 274 533
266 14 295 14
266 53 295 53
266 54 295 54
266 83 280 84
266 125 295 125
265 173 279 174
266 187 275 189
266 191 295 191
266 217 275 219
266 247 275 249
266 250 293 250
266 291 280 292
266 294 270 299
266 311 295 311
266 328 280 329
266 332 292 332
266 351 280 352
266 384 275 386
266 451 275 453
266 500 294 500
266 507 275 509
267 16 272 20
267 50 296 50
267 51 296 51
267 63 296 63
267 85 296 85
267 116 271 121
267 138 269 147
267 169 296 169
267 180 296 180
267 190 296 190
267 282 296 282
267 346 296 346
267 414 273 417
267 449 281 450
267 468 272 472
268 0 282 1
268 2 297 2
268 28 297 28
268 45 282 46
268 68 282 69
268 72 277 74
267 76 281 77
268 97 273 101
268 137 297 137
268 162 272 167
268 170 297 170
268 208 272 213
268 242 282 243
268 283 297 283
268 360 291 360
268 362 277 364
268 365 277 367
268 376 277 378
268 389 270 398
268 486 297 486
268 512 297 512
268 526 297 526
269 26 292 26
269 29 298 29
269 47 298 47
269 92 278 94
269 134 298 134
269 214 298 214
269 264 273 269
269 312 278 314
269 318 283 319
269 320 283 321
269 341 298 341
269 458 298 458
269 479 274 483
270 30 275 34
270 37 299 37
270 109 299 109
270 111 299 111
270 112 299 112
270 114 284 115
270 138 272 147
270 150 275 154
270 175 279 177
270 181 299 181
270 227 279 229
270 230 299 230
270 232 284 233
270 261 299 261
270 302 284 303
270 304 299 304
270 323 299 323
270 347 284 348
268 349 297 349
270 380 284 381
270 407 299 407
270 411 279 413
270 448 299 448
270 473 279 475
271 21 300 21
271 42 300 42
271 66 300 66
271 253 285 254
271 285 280 287
271 294 275 299
271 324 300 324
271 379 300 379
271 387 273 396
271 397 300 397
271 398 300 398
268 438 297 438
271 465 280 467
272 48 286 49
272 96 301 96
272 107 301 107
272 116 276 121
272 184 286 185
272 196 300 196
272 201 279 203
272 220 301 220
272 239 286 240
272 305 301 305
272 310 295 310
272 340 301 340
272 343 281 345
272 408 301 408
272 421 301 421
272 427 281 429
272 435 281 437
272 446 301 446
272 462 286 463
272 491 281 493
272 504 286 505
272 524 286 525
272 538 301 538
273 16 278 20
273 22 287 23
273 70 302 70
273 138 275 147
273 162 277 167
273 208 277 213
273 222 282 224
273 244 282 246
273 274 279 277
273 333 282 335
273 406 302 406
273 468 278 472
273 515 302 515
273 527 287 528
274 5 288 6
274 89 283 91
274 97 279 101
274 126 303 126
274 225 288 226
274 264 278 269
274 322 303 322
274 359 303 359
274 372 303 372
274 374 303 374
274 387 276 396
274 399 283 401
274 414 283 416
274 417 303 417
274 443 283 445
274 460 301 460
274 490 303 490
274 496 282 498
275 67 304 67
275 197 304 197
275 234 284 236
275 280 304 280
275 293 304 293
275 325 289 326
275 358 304 358
275 402 284 404
275 409 289 410
275 433 289 434
275 440 302 440
275 455 304 455
275 479 280 483
275 488 304 488
275 531 289 532
275 533 289 534
276 30 281 34
276 44 305 44
276 58 290 59
276 61 290 62
276 86 305 86
276 108 299 108
276 138 278 147
276 150 281 154
276 171 305 171
276 172 305 172
276 187 285 189
276 217 285 219
276 248 290 249
276 259 290 260
276 294 281 298
276 299 305 299
276 331 305 331
276 336 305 336
276 354 305 354
276 384 305 384
276 386 305 386
276 432 305 432
276 451 285 453
276 459 305 459
276 461 301 461
276 507 285 509
276 513 290 514
276 516 290 517
276 522 290 523
277 39 300 39
277 52 306 52
277 110 306 110
277 116 281 121
277 122 306 122
275 127 304 127
277 129 306 129
277 157 291 158
277 231 306 231
277 385 306 385
277 387 279 396
277 441 306 441
277 484 306 484
277 494 306 494
278 3 307 3
278 9 292 10
278 60 307 60
278 72 287 74
278 80 307 80
278 162 282 167
278 195 301 195
278 208 282 213
278 255 292 256
278 316 292 317
278 362 282 367
278 376 287 378
278 485 306 485
278 518 307 518
279 7 293 8
279 16 284 20
279 57 308 57
279 87 293 88
279 92 288 94
279 138 281 147
279 264 283 269
279 312 288 314
279 382 293 383
279 468 284 472
279 487 308 487
279 489 308 489
279 511 308 511
279 519 293 520
280 15 309 15
280 24 292 25
280 38 309 38
280 40 309 40
280 65 309 65
280 97 285 101
280 161 309 161
280 173 289 175
280 176 294 177
280 227 289 229
280 272 309 272
280 274 289 276
280 277 309 277
280 337 309 337
280 387 282 396
280 411 289 413
280 439 309 439
280 447 309 447
280 473 289 475
280 477 294 478
280 502 294 503
277 536 306 536
281 41 310 41
281 55 310 55
281 83 295 84
281 136 310 136
281 149 310 149
281 205 310 205
281 215 310 215
281 285 290 287
281 291 310 291
281 327 295 328
281 329 295 330
281 351 295 352
281 370 310 370
281 425 295 426
281 465 290 467
281 479 286 483
282 30 287 34
282 35 311 35
282 43 311 43
282 76 296 77
282 116 286 121
282 135 311 135
282 138 284 146
282 147 296 148
282 150 287 154
280 201 289 203
282 207 311 207
282 294 287 298
282 300 311 300
282 309 311 309
282 343 291 345
282 356 296 357
282 427 291 429
282 435 291 437
282 449 296 450
282 454 311 454
282 491 291 493
283 0 297 1
283 27 312 27
283 45 297 46
283 68 297 69
283 106 312 106
283 124 312 124
283 162 287 167
283 206 312 206
283 208 292 210
283 212 297 213
283 222 292 224
283 242 287 247
283 278 297 279
283 333 292 335
283 362 287 367
283 387 285 396
283 405 312 405
283 422 297 423
283 495 289 498
284 12 313 12
284 89 293 91
284 156 308 156
284 183 313 183
284 241 313 241
284 257 313 257
284 264 288 269
284 318 292 320
284 321 313 321
284 342 313 342
284 399 293 401
284 414 293 416
284 443 293 445
284 521 313 521
285 16 290 20
285 75 314 75
285 114 299 115
285 139 289 144
285 145 299 146
285 232 294 234
285 235 294 237
285 302 299 303
285 347 299 348
285 373 313 373
285 380 299 381
285 402 294 404
285 419 314 419
285 468 290 472
286 4 315 4
286 97 291 101
286 105 315 105
286 113 312 113
286 187 315 187
286 188 315 188
286 217 294 219
286 252 295 254
286 290 315 290
286 301 315 301
286 308 315 308
286 387 315 387
286 388 315 388
286 389 315 389
286 390 295 392
286 393 300 394
286 395 300 396
286 451 295 453
286 507 295 509
287 48 301 49
287 56 316 56
287 116 291 121
287 155 316 155
287 184 316 184
287 238 296 240
287 306 301 307
287 315 316 315
287 420 316 420
287 462 301 463
287 479 292 483
287 501 316 501
287 504 301 505
287 524 301 525
286 11 315 11
288 22 317 22
288 30 293 34
288 72 297 74
288 102 317 102
288 130 317 130
288 150 293 154
288 162 292 167
288 189 317 189
288 192 302 193
288 242 292 247
288 258 317 258
288 262 317 262
288 294 293 298
288 362 292 367
288 376 317 376
288 506 317 506
288 527 302 528
288 535 317 535
289 5 303 6
289 64 318 64
289 82 318 82
289 92 318 92
289 94 310 94
289 179 318 179
289 225 303 226
289 264 298 266
289 267 298 269
289 289 318 289
289 292 318 292
289 312 298 314
289 430 318 430
289 456 318 456
289 510 318 510
290 13 319 13
290 103 319 103
290 138 294 143
290 144 317 144
290 173 299 175
290 185 319 185
290 201 299 203
290 227 299 229
290 273 299 275
290 276 319 276
290 325 304 326
290 339 319 339
290 350 319 350
290 409 295 413
290 433 304 434
290 473 299 475
290 476 319 476
290 495 299 497
290 498 319 498
290 530 295 534
291 16 296 20
291 58 305 59
291 62 320 62
291 133 320 133
291 168 320 168
291 248 305 249
291 259 305 260
291 285 300 287
291 424 320 424
291 465 295 470
291 471 305 472
291 513 305 514
291 516 305 517
291 522 305 523
291 529 320 529
291 537 320 537
292 36 321 36
292 61 321 61
292 81 321 81
292 97 297 101
292 116 296 121
292 123 321 123
292 128 318 128
292 132 321 132
292 157 306 158
292 159 321 159
292 343 301 345
292 353 321 353
292 360 306 361
292 427 301 429
292 431 321 431
292 435 301 437
292 464 318 464
292 491 301 493
293 9 307 10
293 23 299 26
293 78 307 79
293 104 322 104
293 162 302 164
293 165 322 165
293 167 320 167
293 182 322 182
293 200 322 200
293 208 302 210
293 221 302 223
293 242 297 247
293 255 305 256
293 263 322 263
293 271 322 271
293 281 322 281
299 316 322 316
293 316 298 320
293 332 299 335
293 355 322 355
293 362 298 366
293 367 307 368
293 378 322 378
293 479 298 483
294 7 308 8
294 30 299 34
294 87 299 91
294 131 323 131
294 150 299 154
294 186 323 186
294 198 323 198
294 211 323 211
294 224 323 224
294 250 308 251
294 284 320 284
294 294 299 298
294 369 323 369
294 371 323 371
294 375 323 375
294 382 308 383
294 399 303 401
294 414 303 416
294 443 303 445
294 457 323 457
294 519 308 520
295 71 324 71
295 95 324 95
295 138 299 143
295 160 324 160
295 176 304 178
295 194 324 194
295 199 324 199
295 204 324 204
295 216 301 219
295 232 299 237
295 270 324 270
295 288 324 288
295 338 324 338
295 402 304 404
295 442 324 442
295 477 309 478
295 499 309 500
295 502 309 503
296 14 325 14
296 53 310 54
296 83 310 84
296 125 325 125
296 191 325 191
296 252 310 253
296 310 310 311
296 327 325 327
296 328 305 330
296 351 310 352
296 390 305 392
296 409 301 413
296 451 305 453
296 465 300 470
296 507 305 509
296 530 301 534
297 16 302 20
297 50 326 50
297 63 326 63
297 76 311 77
297 85 326 85
297 116 301 121
297 148 326 148
297 169 326 169
297 180 326 180
297 190 319 190
297 238 306 240
297 282 322 282
297 346 326 346
297 356 311 357
297 425 326 425
297 449 311 450
298 0 307 2
298 28 327 28
298 45 312 46
298 51 327 51
298 68 312 69
298 72 307 74
298 93 327 93
298 97 303 101
298 137 327 137
298 170 327 170
298 212 312 213
298 242 302 247
298 278 312 279
298 283 327 283
298 349 327 349
298 422 327 422
298 486 327 486
298 512 327 512
298 526 327 526
299 29 327 29
299 47 328 47
299 134 328 134
299 214 328 214
299 264 303 269
299 312 308 314
299 317 308 319
299 320 328 320
299 341 328 341
299 362 304 366
299 377 328 377
299 426 328 426
299 458 323 458
299 479 308 481
299 482 328 482
299 483 328 483
300 23 309 25
300 26 329 26
300 30 305 34
300 37 329 37
300 87 305 91
300 108 314 109
300 111 314 112
300 114 329 114
300 115 329 115
300 138 304 143
300 145 309 147
300 150 305 154
300 173 314 174
300 181 329 181
300 201 309 203
300 227 309 229
300 230 329 230
300 232 304 237
300 261 329 261
300 273 309 275
300 294 304 298
300 302 309 304
300 323 329 323
300 347 314 348
300 380 314 381
300 407 329 407
300 438 329 438
300 448 329 448
300 473 308 475
300 495 308 497
301 21 328 21
301 66 330 66
301 166 330 166
301 285 310 287
301 324 330 324
301 332 307 335
301 393 310 395
301 396 310 398
301 423 330 423
301 465 310 467
301 469 315 470
302 48 316 49
302 96 331 96
302 107 328 107
302 116 306 121
301 196 330 196
302 216 307 220
302 305 316 306
302 307 331 307
302 340 330 340
302 343 311 345
302 408 306 413
302 421 331 421
302 427 311 429
302 435 316 436
302 437 331 437
302 446 331 446
309 462 331 462
302 460 308 463
302 468 331 468
302 491 311 493
302 504 316 505
302 524 331 524
302 530 307 534
302 538 331 538
303 16 312 18
303 19 317 20
303 70 332 70
303 162 312 164
303 192 317 193
303 208 312 210
303 221 312 223
303 242 312 244
303 245 317 246
303 247 332 247
303 406 332 406
303 515 332 515
303 525 332 525
303 527 317 528
304 5 318 6
304 97 313 99
304 100 318 101
304 225 318 226
304 264 308 269
304 322 333 322
304 359 333 359
304 372 333 372
304 374 333 374
304 379 333 379
304 399 313 401
304 414 313 416
304 417 318 418
304 443 313 445
304 490 333 490
305 67 334 67
305 138 309 143
305 175 314 177
305 178 334 178
305 197 330 197
305 232 310 236
305 237 334 237
305 280 334 280
310 293 334 293
305 325 319 326
305 358 334 358
305 362 310 366
305 402 312 404
305 433 319 434
303 440 332 440
305 455 333 455
305 488 334 488
306 30 311 34
306 44 335 44
306 58 320 59
306 86 310 91
306 150 311 154
306 171 335 171
306 172 335 172
306 248 320 249
306 254 315 256
306 259 320 260
310 294 335 294
305 293 309 298
306 299 335 299
306 328 315 330
306 336 335 336
306 354 335 354
306 384 335 384
306 386 329 386
306 390 315 392
306 432 335 432
306 451 315 453
306 459 335 459
306 471 335 471
306 507 320 508
306 509 335 509
306 513 320 514
306 516 320 517
306 522 320 523
301 39 330 39
307 42 336 42
307 52 336 52
307 110 336 110
307 116 311 121
307 122 336 122
307 129 336 129
307 157 321 158
307 231 334 231
307 238 316 240
307 361 336 361
307 408 311 413
307 441 336 441
307 484 321 485
307 536 336 536
308 0 317 2
308 3 337 3
308 9 322 10
308 60 329 60
308 72 317 74
308 78 317 80
302 195 331 195
308 216 337 216
308 217 317 219
308 220 337 220
308 332 337 332
308 333 322 334
308 335 337 335
308 367 322 368
308 518 337 518
308 530 313 534
309 7 323 8
309 57 338 57
309 250 323 251
309 264 313 269
309 312 318 314
309 317 318 319
309 382 323 383
309 460 323 461
309 472 315 475
309 479 318 481
309 487 338 487
309 489 333 489
309 494 315 497
309 511 338 511
309 519 338 519
310 15 339 15
310 23 339 23
310 24 324 25
310 38 339 38
310 40 339 40
310 65 339 65
310 138 314 143
310 145 324 146
310 147 339 147
310 161 339 161
310 201 319 203
310 227 319 229
310 272 324 273
310 274 324 275
310 277 339 277
310 295 339 295
310 298 339 298
310 302 319 304
310 337 339 337
310 439 339 439
310 447 339 447
310 477 323 478
310 499 324 500
310 502 324 503
311 41 340 41
311 53 320 55
311 83 325 84
311 86 315 91
311 136 340 136
311 149 340 149
311 205 340 205
311 215 340 215
311 232 316 236
311 252 325 253
311 285 320 287
311 296 325 297
311 310 325 311
311 331 340 331
311 351 323 352
311 365 340 365
311 366 340 366
311 370 340 370
311 393 315 398
311 463 340 463
311 465 320 467
312 30 316 35
312 43 341 43
312 76 326 77
312 116 316 121
312 126 341 126
312 135 341 135
312 150 317 154
312 207 341 207
312 300 341 300
312 309 341 309
312 343 321 345
312 356 326 357
312 362 326 363
312 408 316 413
312 427 321 429
312 449 326 450
312 454 341 454
312 491 321 493
313 16 322 18
313 27 342 27
313 45 327 46
313 68 327 69
313 106 342 106
313 124 342 124
313 162 322 164
313 206 342 206
313 208 322 210
313 212 323 213
313 221 322 223
313 242 322 244
313 278 342 278
313 291 342 291
313 402 319 405
314 12 343 12
314 97 323 99
309 156 338 156
314 183 343 183
314 241 339 241
314 257 343 257
314 264 323 266
314 267 323 269
314 321 343 321
314 342 343 342
314 360 343 360
314 364 343 364
314 399 322 401
314 414 323 416
314 443 323 445
314 521 343 521
314 530 319 534
315 75 344 75
315 108 329 109
315 111 329 112
315 138 319 143
315 173 320 177
315 347 329 348
314 373 343 373
315 380 329 381
315 419 344 419
316 4 341 4
316 86 330 87
316 88 345 88
316 89 330 90
316 91 345 91
316 105 345 105
313 113 342 113
316 187 330 188
316 254 330 255
316 256 345 256
316 290 345 290
316 301 345 301
316 308 345 308
316 328 325 330
316 387 318 396
316 397 330 398
316 451 325 453
316 469 330 470
316 472 330 473
316 475 345 475
316 494 325 496
316 497 342 497
317 30 321 35
317 48 331 49
317 56 346 56
317 116 321 121
317 155 346 155
317 184 346 184
317 232 322 236
317 238 326 240
317 279 346 279
317 305 346 305
317 306 346 306
317 315 346 315
317 408 321 413
317 420 346 420
317 435 331 436
317 501 346 501
317 504 331 505
318 0 327 2
318 19 332 20
318 22 347 22
318 72 347 72
318 73 332 74
318 78 327 80
318 102 347 102
318 130 347 130
318 150 323 154
318 189 343 189
318 192 332 193
318 217 327 219
318 245 332 246
318 258 347 258
318 262 347 262
318 376 347 376
318 506 347 506
318 527 328 528
318 535 339 535
319 5 333 6
319 64 348 64
319 82 348 82
319 92 348 92
311 94 340 94
319 100 333 101
319 127 333 128
319 225 333 226
319 289 348 289
319 292 348 292
319 312 328 314
319 317 328 319
319 387 321 396
319 417 333 418
319 430 348 430
319 456 348 456
319 479 328 481
319 510 348 510
320 13 349 13
320 103 349 103
320 138 324 143
318 144 347 144
320 201 329 203
320 227 329 229
320 276 349 276
320 302 329 304
320 325 334 326
320 339 349 339
320 350 349 350
320 402 328 404
320 433 334 434
320 498 349 498
320 530 325 534
321 53 330 55
321 58 335 59
321 62 350 62
321 133 350 133
321 167 335 168
321 173 326 177
321 185 350 185
321 248 335 249
321 259 335 260
321 284 327 287
321 424 350 424
321 465 330 467
321 507 335 508
321 513 335 514
321 516 335 517
321 522 335 523
321 529 349 529
321 537 350 537
322 30 326 35
322 36 351 36
322 81 351 81
322 116 326 121
322 123 351 123
322 132 351 132
322 157 331 159
322 343 331 345
322 353 351 353
322 387 331 389
322 391 351 391
322 392 336 393
322 394 351 394
322 395 351 395
322 396 351 396
322 408 326 413
322 427 331 429
322 431 351 431
319 464 348 464
322 484 336 485
322 491 331 493
323 9 352 9
323 10 352 10
323 16 332 18
323 104 352 104
323 162 332 164
323 165 352 165
323 182 352 182
323 200 352 200
323 208 332 210
323 221 332 223
323 232 328 236
323 242 332 244
323 263 352 263
323 271 352 271
323 281 336 282
323 316 352 316
323 333 337 334
323 355 352 355
323 367 337 368
324 7 338 8
324 97 333 99
324 131 353 131
324 150 329 154
324 186 353 186
324 198 353 198
324 211 333 213
324 224 353 224
324 250 338 251
324 264 328 269
324 369 353 369
324 371 353 371
324 375 353 375
324 382 338 383
323 399 332 401
324 414 333 416
324 443 346 443
324 444 353 444
324 445 353 445
324 457 338 458
324 460 338 461
324 476 333 478
325 24 339 25
325 95 354 95
325 138 329 143
325 145 339 146
325 160 354 160
325 194 354 194
325 199 353 199
325 204 354 204
325 270 354 270
325 272 334 274
325 275 354 275
325 288 354 288
325 338 354 338
325 390 354 390
325 442 354 442
325 499 339 500
325 502 339 503
325 520 354 520
326 14 355 14
326 71 355 71
326 83 340 84
326 125 355 125
326 191 355 191
326 252 340 253
326 297 355 297
326 310 340 311
326 327 355 327
326 328 335 330
324 351 338 352
326 451 335 453
326 494 355 494
326 495 355 495
326 496 355 496
326 530 331 534
327 30 331 35
327 50 356 50
327 63 356 63
327 76 339 77
327 85 354 85
327 116 331 121
327 148 356 148
327 169 356 169
327 173 332 177
327 179 341 180
320 190 349 190
327 238 336 240
327 346 353 346
327 356 341 357
327 363 356 363
327 408 331 413
327 425 356 425
327 449 341 450
328 0 337 2
328 28 342 29
328 45 341 46
328 51 357 51
328 68 342 69
328 78 337 80
328 93 353 93
328 137 357 137
328 170 357 170
328 217 337 219
328 349 357 349
328 422 357 422
328 486 355 486
328 512 357 512
329 11 358 11
329 47 358 47
329 134 358 134
329 214 358 214
329 232 334 236
329 264 333 269
329 283 334 287
329 312 338 314
329 317 343 318
329 319 343 320
329 341 358 341
329 377 343 378
329 402 335 405
329 426 358 426
329 479 334 483
329 526 338 528
330 37 359 37
330 60 344 61
330 108 344 109
330 111 344 112
330 114 344 115
330 138 334 143
330 150 335 154
330 181 359 181
330 201 339 203
330 227 339 229
330 230 359 230
330 261 359 261
330 302 339 304
330 323 359 323
330 347 344 348
330 380 344 381
330 385 344 386
330 407 359 407
330 438 359 438
330 448 359 448
329 21 358 21
331 26 360 26
331 53 340 55
331 66 360 66
331 86 360 86
331 89 345 90
331 166 360 166
331 187 343 188
331 196 360 196
331 254 345 255
331 324 360 324
331 362 360 362
331 397 345 398
331 423 360 423
331 465 340 467
331 469 345 470
331 472 345 473
332 30 336 35
332 39 361 39
332 48 346 49
332 87 361 87
332 96 361 96
329 107 358 107
332 116 336 121
332 157 340 159
332 195 361 195
332 307 361 307
331 340 358 340
332 343 341 345
332 387 341 389
332 408 336 413
332 421 360 421
332 427 361 427
332 428 361 428
332 429 361 429
332 435 341 437
332 446 361 446
332 462 361 462
332 468 361 468
332 491 341 493
332 504 346 505
332 524 361 524
332 530 337 534
332 538 361 538
333 16 338 20
333 70 362 70
333 73 347 74
333 162 342 164
333 173 338 177
333 192 347 193
333 208 342 210
333 221 342 223
333 242 337 247
333 399 347 400
333 401 362 401
333 406 362 406
333 440 362 440
333 515 362 515
333 525 362 525
334 5 348 6
334 97 339 101
334 127 348 128
334 211 343 213
334 225 348 226
334 264 338 269
334 359 363 359
334 372 363 372
334 374 363 374
334 414 343 416
334 417 348 418
334 476 363 476
334 477 363 477
334 478 363 478
334 489 348 490
335 67 364 67
335 138 339 143
335 178 364 178
331 197 360 197
335 233 339 237
335 272 344 274
335 280 364 280
335 283 340 287
335 293 364 293
335 296 364 296
335 322 364 322
335 325 349 326
335 358 364 358
335 433 349 434
334 455 363 455
335 479 340 483
335 488 364 488
336 44 365 44
336 58 350 59
336 150 341 154
336 167 350 168
336 171 350 172
336 249 365 249
336 259 350 260
336 294 364 294
336 299 365 299
336 328 345 330
336 336 365 336
336 354 365 354
336 379 365 379
336 384 365 384
336 402 344 404
336 432 365 432
336 451 345 453
336 459 365 459
336 471 365 471
336 507 345 509
336 514 365 514
336 516 350 517
336 522 350 523
337 30 341 35
337 42 366 42
337 52 366 52
337 110 366 110
337 116 341 121
337 122 366 122
337 129 366 129
335 231 348 232
337 238 346 240
337 361 366 361
337 392 366 392
337 408 341 413
337 441 366 441
337 474 366 474
337 484 351 485
337 536 366 536
338 0 347 2
338 3 367 3
338 78 352 79
338 80 367 80
338 216 347 218
338 219 352 220
338 242 352 243
338 244 343 248
337 281 351 282
338 332 347 334
338 335 367 335
338 367 367 367
338 518 367 518
338 530 343 534
339 7 353 8
339 16 344 20
339 57 368 57
339 173 344 177
339 250 353 251
339 264 343 268
339 312 348 314
339 351 353 352
339 368 368 368
339 382 353 383
339 457 353 458
339 460 353 461
339 487 368 487
339 511 368 511
339 519 368 519
339 526 348 528
340 15 369 15
340 23 349 25
340 38 369 38
340 40 369 40
340 65 369 65
340 97 369 97
340 99 349 101
340 138 344 142
340 145 369 145
340 146 354 147
340 161 369 161
340 201 349 203
340 227 349 229
340 233 345 237
340 277 369 277
340 295 369 295
340 298 369 298
340 302 349 304
340 337 369 337
340 439 369 439
340 447 369 447
340 499 368 499
340 500 369 500
340 502 354 503
341 41 370 41
341 53 350 55
341 83 355 84
341 136 370 136
341 149 370 149
341 156 347 159
341 205 370 205
341 215 370 215
341 252 355 253
341 283 346 287
341 310 355 311
341 331 370 331
341 365 355 366
341 370 370 370
341 463 370 463
341 465 350 467
341 479 346 483
342 30 346 35
340 76 354 77
342 116 346 121
342 126 371 126
342 135 371 135
342 150 351 152
342 153 356 154
342 180 371 180
342 207 371 207
342 300 371 300
342 309 371 309
342 343 351 345
342 356 356 357
342 387 351 389
342 408 371 408
342 409 371 409
342 410 351 412
342 413 371 413
342 435 351 437
342 449 356 450
342 454 371 454
342 491 351 493
343 27 352 29
342 45 356 46
343 68 357 69
343 106 372 106
343 113 372 113
343 124 372 124
343 162 352 164
343 206 372 206
343 208 352 210
343 221 352 223
343 278 369 278
343 291 372 291
344 12 373 12
344 183 373 183
344 211 352 213
340 241 369 241
344 244 349 248
344 257 373 257
344 264 349 268
339 269 368 269
344 317 349 321
344 342 373 342
344 360 373 360
344 364 373 364
344 377 373 377
344 393 373 393
344 414 353 416
344 513 373 513
344 530 349 534
345 16 350 20
345 60 359 61
345 75 374 75
345 94 374 94
345 98 374 98
345 108 359 109
345 111 359 112
345 115 369 115
345 138 349 142
345 173 367 173
345 175 354 177
345 272 359 273
345 274 374 274
345 347 359 348
345 373 374 373
345 380 359 381
345 385 374 385
345 386 371 386
345 402 351 405
345 419 374 419
342 4 371 4
346 88 355 90
346 91 375 91
346 105 375 105
354 187 375 187
344 187 353 189
346 233 351 237
346 254 355 256
346 290 374 290
346 308 375 308
346 328 355 330
346 397 360 398
346 451 375 451
346 452 360 453
346 469 360 470
346 472 360 473
346 475 375 475
343 497 372 497
346 507 360 508
346 509 375 509
346 521 375 521
347 30 351 35
347 43 376 43
347 48 361 49
347 56 374 56
347 116 351 121
347 155 376 155
347 184 376 184
347 238 356 240
347 279 376 279
347 283 352 287
347 305 361 306
347 315 376 315
347 420 376 420
347 479 352 483
347 501 376 501
347 504 361 505
348 0 357 2
348 22 377 22
348 72 377 72
348 73 377 73
348 74 377 74
348 102 377 102
348 130 375 130
348 144 373 144
348 156 357 158
348 159 377 159
348 192 362 193
348 216 357 218
348 258 377 258
348 332 357 334
348 376 377 376
348 399 377 399
348 400 377 400
348 506 377 506
340 535 367 535
349 5 363 6
349 64 370 64
349 82 377 82
349 127 363 128
349 225 363 226
349 289 374 289
349 292 378 292
349 312 358 314
349 417 363 418
349 430 378 430
349 456 378 456
349 464 378 464
349 489 363 490
349 510 375 510
350 13 379 13
350 23 359 25
350 99 359 101
350 103 376 103
350 138 354 142
350 190 379 190
350 201 358 203
350 227 359 229
349 231 363 232
350 244 355 248
350 262 379 262
350 264 355 268
350 276 379 276
350 302 364 303
350 304 379 304
350 317 355 321
350 325 364 326
350 339 379 339
350 350 379 350
350 378 379 378
350 433 364 434
350 498 379 498
350 526 355 530
350 531 359 533
351 16 356 20
351 53 360 55
351 58 365 59
351 62 380 62
351 133 380 133
351 167 365 168
351 171 380 171
351 174 380 174
351 185 380 185
351 259 365 260
351 424 380 424
351 466 365 467
351 516 365 517
351 522 365 523
351 537 380 537
352 30 356 35
352 36 381 36
352 81 377 81
352 114 381 114
352 116 356 121
352 123 381 123
352 132 381 132
352 150 361 152
352 233 357 237
352 281 366 282
352 343 361 345
352 353 381 353
352 387 361 389
352 394 361 396
352 402 361 404
352 410 361 412
352 431 381 431
352 435 361 437
352 484 366 485
352 491 361 493
353 9 382 9
353 10 382 10
353 27 367 28
353 29 382 29
353 78 367 79
353 104 376 104
353 162 362 164
353 165 382 165
353 182 382 182
353 200 382 200
353 208 357 213
353 219 357 223
353 242 367 243
353 271 382 271
353 283 358 287
353 355 374 355
353 405 382 405
353 479 382 479
353 480 362 482
353 483 382 483
354 7 368 8
354 92 368 93
354 131 383 131
354 186 383 186
354 188 368 189
354 198 368 199
354 224 382 224
354 250 383 250
354 251 383 251
354 301 383 301
354 351 367 352
354 369 383 369
354 371 383 371
354 375 383 375
354 382 368 383
354 391 383 391
354 414 363 416
347 443 376 443
354 444 383 444
354 457 368 458
354 460 368 461
355 76 369 77
355 95 384 95
355 138 359 142
355 146 384 146
355 147 384 147
355 160 384 160
355 175 364 177
355 179 384 179
355 194 384 194
355 270 384 270
355 275 384 275
355 288 384 288
355 338 384 338
355 390 384 390
355 442 380 442
355 502 369 503
356 14 385 14
356 71 385 71
356 83 370 84
356 88 365 90
356 125 385 125
356 191 379 191
356 244 361 248
356 252 365 254
356 255 370 256
356 263 360 268
356 297 385 297
356 311 385 311
356 316 365 318
356 319 365 321
356 327 365 329
356 330 385 330
356 365 370 366
356 465 385 465
356 494 385 494
356 495 370 496
356 526 385 526
356 528 370 529
356 530 385 530
356 534 385 534
357 16 362 20
357 30 361 35
357 45 371 46
357 50 386 50
357 63 385 63
355 85 384 85
357 116 361 121
357 148 386 148
357 153 371 154
357 169 386 169
357 238 366 240
354 346 383 346
357 356 371 357
357 363 386 363
357 425 386 425
357 449 371 450
358 0 367 2
358 51 387 51
358 68 372 69
358 137 387 137
358 156 367 158
358 170 387 170
358 208 362 213
358 216 372 217
358 218 362 223
358 233 363 237
358 332 367 334
358 349 387 349
358 422 387 422
356 486 385 486
358 512 383 512
359 11 388 11
359 47 388 47
359 107 388 107
359 134 388 134
359 201 365 204
359 214 388 214
359 283 364 287
359 312 368 314
359 340 373 341
359 426 388 426
360 23 369 25
360 37 389 37
360 60 374 61
360 99 369 101
360 108 374 109
360 111 374 112
360 138 366 141
360 142 389 142
340 143 369 143
360 227 369 229
360 230 385 230
360 261 385 261
360 272 374 273
360 310 389 310
360 323 389 323
360 347 374 348
360 380 374 381
360 407 389 407
360 438 389 438
360 531 369 533
361 53 370 55
361 66 390 66
361 86 390 86
361 166 390 166
361 196 375 197
361 263 365 268
361 324 390 324
361 362 390 362
361 397 375 398
361 423 390 423
361 445 390 445
361 452 390 452
361 469 375 470
361 472 390 472
361 473 390 473
361 507 375 508
362 31 366 35
362 39 391 39
362 48 391 48
362 96 391 96
362 116 366 121
362 150 371 152
362 244 367 248
362 305 371 307
362 343 371 345
362 387 371 389
362 394 371 396
362 402 371 404
362 410 371 412
361 421 390 421
362 427 371 429
362 435 371 437
362 446 391 446
362 453 391 453
362 462 391 462
362 468 391 468
362 491 371 493
362 504 376 505
362 524 391 524
362 538 385 538
363 16 368 20
363 21 392 21
363 70 392 70
363 162 372 164
363 192 377 193
363 195 392 195
363 208 368 212
363 213 392 213
363 218 372 220
363 221 372 223
363 401 392 401
363 406 392 406
363 448 392 448
363 480 372 482
363 515 391 515
363 525 392 525
364 87 393 87
364 127 378 128
364 225 378 226
364 231 369 235
364 236 378 237
364 372 393 372
364 374 393 374
364 414 369 418
364 455 393 455
364 476 373 478
364 489 378 490
365 6 394 6
365 67 390 67
365 175 374 177
365 178 394 178
365 280 394 280
365 283 370 287
365 293 378 294
365 296 394 296
365 302 379 303
365 322 394 322
365 325 379 326
365 358 394 358
365 433 394 433
365 440 394 440
365 488 394 488
365 527 394 527
366 5 395 5
366 44 395 44
366 58 380 59
366 88 395 88
366 90 395 90
366 167 380 168
366 201 375 203
366 204 395 204
366 249 395 249
366 252 375 254
366 259 380 260
366 263 370 268
366 299 395 299
366 316 371 320
366 321 395 321
366 327 375 329
366 336 395 336
366 384 395 384
366 432 395 432
366 459 395 459
366 466 380 467
366 471 395 471
366 516 380 517
366 522 380 523
367 26 396 26
362 30 391 30
367 31 381 32
367 33 396 33
367 34 381 35
367 42 396 42
367 110 396 110
367 116 371 120
367 121 381 122
367 129 396 129
367 238 376 240
367 281 381 282
367 361 396 361
367 392 396 392
367 441 396 441
367 474 396 474
367 484 381 485
367 514 396 514
368 0 377 2
368 3 397 3
368 27 382 28
368 49 397 49
368 52 397 52
368 78 377 80
368 156 377 158
368 172 381 173
368 242 372 246
368 247 382 248
368 332 377 334
368 335 397 335
368 367 397 367
368 434 397 434
368 518 397 518
368 535 382 536
369 7 398 7
369 16 383 17
369 19 380 20
369 57 398 57
369 92 383 93
369 138 375 141
369 188 383 189
369 198 383 199
369 208 374 212
369 269 398 269
369 312 378 314
368 351 382 352
369 368 398 368
369 382 383 383
369 457 383 458
369 460 382 461
369 487 398 487
369 511 398 511
369 519 398 519
370 15 399 15
370 23 379 25
370 38 399 38
370 40 399 40
370 76 384 77
370 97 399 97
370 99 379 101
370 145 399 145
370 161 399 161
370 227 379 229
370 232 399 232
370 233 379 235
370 241 399 241
370 277 384 278
370 295 397 295
370 298 399 298
370 337 399 337
370 414 375 418
370 439 399 439
370 447 399 447
369 499 398 499
370 500 399 500
370 502 384 503
370 531 379 533
371 41 399 41
371 53 400 53
371 54 400 54
371 64 385 65
371 83 385 84
371 136 400 136
371 149 400 149
371 205 399 205
371 215 400 215
371 255 385 256
371 263 375 268
371 283 376 287
371 331 400 331
371 365 385 366
371 370 400 370
371 463 400 463
371 495 385 496
371 528 385 529
372 8 401 8
372 46 401 46
372 116 377 120
372 126 401 126
372 135 401 135
372 150 377 154
372 207 401 207
372 300 401 300
372 305 381 307
372 309 401 309
372 316 377 320
372 343 381 345
372 356 386 357
372 387 381 389
372 394 381 396
372 402 381 404
372 408 386 409
372 410 386 411
372 412 401 412
372 413 401 413
372 427 381 429
372 435 381 437
372 449 386 450
372 454 401 454
372 491 381 493
373 68 387 69
373 106 397 106
373 113 399 113
373 124 401 124
373 162 382 164
373 206 399 206
373 217 378 220
373 221 382 223
373 242 378 246
373 291 402 291
373 379 402 379
373 480 382 482
373 497 402 497
374 12 403 12
374 143 388 144
374 183 403 183
374 257 403 257
374 340 383 342
374 360 403 360
374 364 399 364
374 377 403 377
374 393 403 393
374 476 383 478
375 55 389 56
375 60 389 61
375 75 404 75
375 94 404 94
375 98 404 98
375 108 388 109
375 111 389 112
370 115 399 115
375 175 384 177
375 208 380 212
375 272 384 274
375 347 389 348
375 354 389 355
375 373 404 373
375 380 404 380
375 381 404 381
375 385 404 385
372 386 401 386
375 419 404 419
376 91 405 91
376 138 390 139
376 140 405 140
376 187 405 187
376 196 386 197
376 201 385 203
376 231 405 231
376 252 385 254
376 263 380 268
375 289 389 290
376 308 405 308
376 327 385 329
376 397 390 398
376 414 381 418
376 451 401 451
376 469 390 470
376 475 402 475
376 507 390 508
376 509 390 510
376 520 390 521
377 4 406 4
377 43 406 43
377 103 386 105
377 155 406 155
377 184 406 184
377 238 386 240
377 279 406 279
377 283 382 287
377 315 406 315
377 420 406 420
377 443 406 443
377 501 406 501
377 504 391 505
378 0 387 2
378 22 407 22
378 72 387 74
378 78 383 82
378 89 407 89
378 102 407 102
378 116 383 120
376 130 405 130
378 150 383 154
378 156 387 158
378 159 403 159
378 192 407 192
378 193 407 193
378 258 407 258
378 316 387 318
378 319 392 320
378 332 387 334
378 376 407 376
378 399 390 400
378 506 407 506
379 127 393 128
373 216 398 216
379 218 388 220
379 225 393 226
379 236 393 237
379 242 384 246
379 292 388 294
379 312 388 314
379 359 408 359
379 430 408 430
379 456 405 456
379 464 408 464
379 489 393 490
380 13 409 13
380 23 389 25
380 99 389 101
380 190 394 191
380 227 389 229
380 233 389 235
380 262 409 262
380 276 409 276
380 302 389 304
380 325 394 326
380 339 409 339
380 350 405 350
380 378 409 378
380 498 409 498
380 531 388 533
381 18 390 20
381 58 395 59
381 62 410 62
381 133 410 133
381 167 395 168
381 174 410 174
381 185 409 185
381 208 386 212
381 259 410 259
381 263 385 268
381 424 410 424
381 466 392 467
381 516 410 516
381 522 395 523
382 31 392 32
382 34 391 36
382 45 411 45
382 114 411 114
382 121 391 123
382 132 411 132
382 171 391 173
382 217 411 217
382 281 396 282
382 305 396 306
382 307 411 307
382 343 391 345
382 353 411 353
382 387 391 389
382 394 391 396
382 402 391 404
382 414 387 418
382 427 391 429
382 431 411 431
382 435 391 437
382 484 396 485
382 491 391 493
382 517 411 517
383 9 397 10
383 27 392 29
383 162 390 164
383 165 412 165
383 181 397 182
383 200 412 200
383 221 412 221
383 222 412 222
383 223 397 224
383 247 397 248
383 271 412 271
383 283 392 285
383 352 412 352
383 405 412 405
383 479 397 480
383 481 392 483
383 535 412 535
384 16 398 17
384 78 389 82
384 92 398 93
384 116 389 120
384 131 413 131
384 150 389 154
384 180 413 180
384 186 413 186
384 188 413 188
384 198 398 199
384 250 398 251
384 301 413 301
384 340 398 341
384 342 413 342
384 346 413 346
384 369 413 369
384 371 413 371
384 382 398 383
384 391 413 391
384 444 413 444
384 457 398 458
383 460 397 461
384 476 393 478
384 512 398 513
385 76 399 77
385 85 414 85
385 95 414 95
385 146 399 147
385 160 414 160
385 175 394 177
385 179 414 179
385 194 414 194
385 242 390 246
385 270 414 270
385 272 394 274
385 275 414 275
385 286 414 286
385 287 414 287
385 288 414 288
385 338 414 338
385 390 413 390
381 442 408 442
385 502 396 503
386 14 415 14
386 63 395 65
386 71 415 71
386 83 400 84
386 125 415 125
386 201 415 201
386 202 415 202
386 252 391 256
386 260 400 261
386 263 391 267
386 268 415 268
386 277 415 277
386 297 415 297
386 311 415 311
386 327 400 328
386 329 415 329
386 330 415 330
386 365 400 366
386 465 415 465
386 486 415 486
386 494 395 496
386 526 415 526
386 528 399 529
386 530 415 530
386 537 400 538
387 50 416 50
387 103 396 105
387 141 416 141
387 148 416 148
387 169 416 169
387 208 392 212
387 238 396 240
387 356 401 357
387 363 416 363
387 375 416 375
387 408 396 410
387 411 416 411
387 425 416 425
387 449 401 450
388 0 402 1
388 2 417 2
388 51 417 51
388 68 402 69
388 72 397 74
388 137 417 137
388 156 397 158
388 170 417 170
388 316 397 318
388 332 397 334
388 349 417 349
388 414 393 418
388 422 417 422
389 11 418 11
389 47 418 47
389 107 418 107
389 134 418 134
389 143 418 143
389 144 418 144
389 203 418 203
389 214 418 214
389 219 418 219
389 292 398 294
389 312 398 314
389 426 418 426
389 531 395 534
390 24 404 25
390 37 419 37
390 55 404 56
390 60 404 61
390 78 395 82
390 99 404 100
390 101 418 101
389 108 403 109
390 111 404 112
390 116 395 120
390 142 419 142
390 150 395 154
390 227 399 229
386 230 415 230
390 233 399 235
390 278 419 278
390 289 404 290
390 302 404 303
390 304 419 304
390 310 419 310
390 323 419 323
390 348 419 348
390 354 401 355
390 438 419 438
391 18 400 20
391 66 405 67
391 86 420 86
391 138 405 139
391 166 420 166
387 196 401 197
391 242 396 246
391 324 420 324
391 362 420 362
391 397 420 397
391 398 400 400
391 423 420 423
391 445 420 445
391 452 420 452
391 469 405 470
391 472 405 473
391 507 405 508
391 509 405 510
391 520 405 521
392 34 401 36
392 39 414 39
392 48 421 48
392 96 421 96
392 121 401 123
392 171 401 173
392 252 397 256
392 263 397 267
392 343 401 345
392 387 401 389
392 394 406 395
392 396 421 396
392 402 401 404
392 427 401 429
392 435 401 437
392 446 421 446
392 462 421 462
392 491 401 493
392 505 421 505
392 524 421 524
393 21 422 21
393 27 407 28
393 29 399 32
393 70 422 70
391 162 400 164
393 195 422 195
393 208 397 213
393 283 402 285
393 319 407 320
393 401 422 401
393 406 422 406
393 448 422 448
393 466 402 468
393 481 402 483
392 515 421 515
393 525 422 525
394 87 423 87
394 127 408 128
394 225 408 226
394 236 423 236
394 237 423 237
394 372 423 372
394 374 423 374
394 414 399 418
394 455 423 455
394 476 403 478
394 489 423 489
394 490 423 490
395 6 424 6
395 175 404 177
395 178 424 178
395 189 404 191
395 272 404 274
395 280 424 280
395 296 424 296
395 322 424 322
395 325 409 326
395 358 422 358
395 421 424 421
395 433 424 433
395 440 424 440
395 488 422 488
396 5 425 5
396 44 418 44
396 58 410 59
396 64 425 64
396 65 425 65
396 78 410 79
396 80 405 82
396 88 425 88
396 90 425 90
396 116 401 120
396 150 401 154
396 167 410 168
396 218 425 218
396 249 425 249
396 299 425 299
396 321 425 321
396 336 425 336
396 384 425 384
396 407 425 407
396 432 425 432
396 459 425 459
396 471 425 471
396 494 405 496
396 522 410 523
396 531 405 533
396 534 425 534
397 26 426 26
397 33 426 33
397 42 426 42
397 103 411 104
397 110 426 110
397 129 426 129
397 238 406 240
397 242 402 246
397 281 411 282
397 305 411 306
397 361 426 361
397 392 426 392
397 408 411 409
397 410 426 410
397 441 426 441
397 453 426 453
397 484 411 485
397 502 406 504
397 514 426 514
398 3 427 3
398 9 412 10
398 49 427 49
398 52 427 52
398 72 407 74
398 105 412 106
398 156 407 158
398 181 427 181
398 182 427 182
398 208 402 213
398 223 412 224
398 247 412 248
398 252 403 256
398 263 403 267
398 316 407 318
398 332 407 334
398 367 427 367
398 434 427 434
398 460 412 461
398 479 427 479
398 480 427 480
398 518 427 518
399 7 426 7
399 16 413 17
399 23 428 23
399 57 428 57
399 92 413 93
399 198 413 199
399 250 413 251
399 269 428 269
399 292 408 294
399 312 408 314
399 340 413 341
399 368 428 368
399 382 413 383
399 457 413 458
399 487 428 487
399 511 428 511
399 512 413 513
399 519 428 519
400 15 429 15
400 29 409 31
400 32 429 32
400 38 426 38
400 40 414 41
400 76 414 77
400 97 428 97
400 115 429 115
400 145 409 147
400 161 428 161
400 204 409 206
400 220 429 220
400 227 409 229
400 232 409 234
400 235 424 235
400 241 429 241
398 295 427 295
400 298 429 298
400 337 429 337
400 347 429 347
400 414 405 418
400 447 429 447
400 499 414 500
400 527 409 529
400 536 429 536
401 18 430 18
401 19 415 20
401 53 415 54
401 63 430 63
401 83 415 84
401 136 430 136
401 149 430 149
401 162 410 164
401 215 430 215
401 260 414 261
401 327 415 328
401 331 430 331
401 365 415 366
401 370 430 370
401 398 410 400
401 463 430 463
401 537 415 538
402 8 431 8
402 34 411 36
402 46 431 46
402 116 411 118
402 119 431 119
402 120 411 122
402 123 416 124
402 126 431 126
402 135 431 135
402 150 407 154
402 172 416 173
402 196 431 196
402 207 431 207
402 300 431 300
402 309 431 309
402 343 411 345
402 354 411 356
402 386 411 388
402 389 431 389
402 402 416 403
402 404 431 404
402 412 416 413
402 427 411 429
402 435 411 437
402 449 416 450
402 454 431 454
402 491 411 493
403 0 417 1
403 68 417 69
400 113 429 113
403 171 432 171
403 208 407 213
399 216 428 216
403 242 408 246
403 283 412 285
403 291 432 291
403 379 432 379
403 466 412 468
403 474 417 475
403 481 412 483
403 497 432 497
404 12 433 12
404 108 433 108
404 109 433 109
404 183 433 183
404 197 433 197
404 252 408 257
404 263 409 267
404 335 433 335
404 357 433 357
404 360 433 360
400 364 429 364
404 377 433 377
404 393 433 393
404 476 418 477
404 478 433 478
405 24 419 25
405 55 419 56
405 60 419 61
405 75 434 75
405 94 434 94
405 98 414 100
405 111 419 112
405 175 414 177
405 189 414 191
405 272 414 274
405 289 419 290
405 302 419 303
405 373 434 373
405 380 419 381
405 385 434 385
405 419 434 419
406 66 420 67
406 80 415 82
406 91 435 91
406 130 435 130
406 138 415 140
406 187 435 187
406 308 430 308
406 350 420 351
406 414 411 418
406 439 435 439
402 451 431 451
406 469 420 470
406 472 420 473
406 494 435 494
406 495 420 496
406 507 415 509
406 510 433 510
406 520 435 520
406 521 435 521
406 531 415 533
407 4 435 4
407 43 436 43
407 155 436 155
407 238 421 239
407 240 436 240
407 279 436 279
407 315 434 315
407 394 421 395
407 420 436 420
407 443 436 443
407 501 416 503
408 22 437 22
408 27 422 28
408 72 417 74
408 89 437 89
408 102 437 102
408 150 413 154
408 156 417 158
404 159 433 159
408 192 422 193
408 208 412 213
408 231 437 231
408 258 437 258
408 316 422 317
408 318 434 318
408 332 417 334
408 506 437 506
409 127 423 128
409 226 438 226
409 242 414 246
409 252 413 257
409 292 418 294
409 312 423 313
409 314 438 314
409 359 438 359
409 430 438 430
406 456 435 456
409 464 432 464
410 13 439 13
410 29 439 29
410 30 424 31
410 145 419 147
410 184 424 185
410 204 419 206
410 227 419 229
410 232 439 232
410 233 424 234
410 262 414 267
410 276 439 276
410 319 424 320
410 325 424 326
410 339 439 339
410 378 439 378
410 498 439 498
410 527 419 529
411 58 425 59
411 62 440 62
411 78 425 79
411 133 440 133
411 162 420 164
411 167 425 168
411 174 440 174
411 259 440 259
411 398 440 398
411 399 425 400
411 424 436 424
409 442 438 442
411 504 440 504
411 516 440 516
411 522 425 523
412 34 421 36
412 103 426 104
412 114 441 114
412 116 421 118
412 120 421 122
412 132 441 132
412 217 441 217
412 281 426 282
412 305 421 307
412 343 426 344
412 353 421 355
412 356 441 356
412 386 421 388
412 408 426 409
412 414 417 418
412 427 421 429
412 431 441 431
412 435 421 437
412 484 426 485
412 491 421 493
412 517 441 517
413 9 427 10
413 105 442 105
413 106 442 106
413 165 442 165
413 200 442 200
413 208 417 213
413 221 418 225
413 247 427 248
413 271 442 271
413 283 422 285
413 352 442 352
413 405 435 405
413 460 427 461
413 466 422 468
413 481 422 483
413 535 442 535
414 16 428 17
414 92 428 93
414 131 441 131
414 150 419 154
414 180 443 180
414 186 443 186
414 188 443 188
414 198 428 199
414 250 418 255
414 256 428 257
414 301 443 301
414 340 423 342
414 345 428 346
414 369 438 369
414 371 438 371
414 382 428 383
414 391 443 391
414 444 443 444
414 457 428 458
414 512 428 513
415 39 424 41
415 76 429 77
415 85 444 85
415 95 444 95
415 98 424 100
415 160 444 160
415 175 424 177
415 179 443 179
415 189 424 191
415 194 443 194
415 242 420 246
415 262 419 267
415 270 444 270
415 272 424 274
415 275 442 275
415 286 424 288
415 338 444 338
414 390 443 390
415 499 429 500
416 14 445 14
416 19 430 20
416 53 430 54
416 71 445 71
416 80 421 84
416 125 445 125
416 138 425 140
416 201 430 202
416 230 445 230
415 260 429 261
416 268 444 268
416 277 445 277
416 297 445 297
416 327 425 329
416 330 445 330
416 365 430 366
416 465 445 465
416 486 437 486
416 507 425 509
416 526 441 526
416 530 425 532
416 533 445 533
416 537 430 538
417 50 446 50
417 123 431 124
417 141 446 141
417 148 446 148
417 169 446 169
417 172 431 173
417 363 446 363
417 375 431 376
417 402 431 403
417 411 426 413
417 425 446 425
417 449 431 450
417 501 446 501
417 503 446 503
418 0 427 2
418 51 447 51
418 68 432 69
418 72 427 74
418 137 447 137
418 156 427 158
418 170 447 170
418 208 427 210
418 211 432 212
418 213 447 213
418 332 427 334
418 349 447 349
418 414 423 418
418 422 447 422
418 474 432 475
419 11 448 11
419 44 433 45
419 47 448 47
419 107 448 107
419 134 448 134
419 143 433 144
419 203 448 203
419 214 442 214
419 219 448 219
419 221 424 225
419 250 423 255
419 292 428 294
419 426 443 426
419 476 433 477
420 24 434 25
420 37 449 37
420 55 434 56
420 60 434 61
419 101 448 101
420 111 449 111
420 112 449 112
420 142 449 142
420 145 429 147
420 150 429 152
420 153 434 154
420 204 429 206
420 227 429 229
420 262 424 267
420 278 449 278
420 289 434 290
420 302 429 304
420 310 434 311
420 323 449 323
420 348 449 348
420 380 434 381
420 438 449 438
420 502 449 502
420 527 449 527
420 528 449 528
420 529 449 529
421 66 435 67
421 86 447 86
421 162 430 164
421 166 450 166
421 242 426 246
421 324 450 324
421 362 450 362
421 397 450 397
421 445 450 445
421 452 450 452
421 469 450 469
421 470 450 470
421 472 435 473
421 495 435 496
422 34 431 36
422 48 451 48
422 80 427 84
422 96 451 96
422 116 431 118
422 120 431 122
422 238 436 239
422 305 431 307
422 353 436 354
422 355 451 355
422 386 431 388
422 394 431 396
422 427 431 429
422 435 431 437
422 446 451 446
422 462 451 462
422 491 431 493
422 505 451 505
422 515 451 515
422 524 451 524
423 21 452 21
423 27 437 28
423 70 452 70
423 192 437 193
423 195 452 195
423 283 432 285
423 316 434 317
423 401 452 401
423 406 452 406
423 448 452 448
423 466 432 468
423 481 432 483
423 525 452 525
424 127 438 128
424 236 438 237
424 250 428 255
424 312 438 313
424 340 433 342
424 372 453 372
424 414 429 418
424 455 453 455
424 489 438 490
425 6 454 6
425 30 439 31
425 39 434 41
425 99 439 100
425 175 434 177
425 178 454 178
425 184 439 185
425 189 434 191
425 221 430 225
425 233 434 235
425 262 430 266
425 272 434 274
425 280 454 280
425 286 434 288
425 296 454 296
425 320 454 320
425 322 454 322
425 325 439 326
423 358 452 358
425 421 454 421
425 433 454 433
425 440 454 440
423 488 452 488
426 58 455 58
426 59 455 59
426 64 440 65
426 78 440 79
426 90 455 90
426 138 435 140
426 167 440 168
426 218 455 218
426 249 454 249
426 267 455 267
426 299 454 299
426 321 454 321
426 327 435 329
426 336 455 336
426 350 440 351
426 384 455 384
426 399 440 400
426 407 455 407
426 432 454 432
426 459 455 459
426 507 435 509
426 522 455 522
426 530 435 532
426 534 455 534
427 26 456 26
427 33 456 33
427 42 456 42
427 103 441 104
427 110 456 110
427 129 453 129
427 242 436 244
427 245 441 246
427 281 441 282
427 343 441 344
427 361 456 361
427 374 456 374
427 392 456 392
427 408 431 413
427 441 454 441
427 453 456 453
427 484 441 485
427 514 456 514
428 0 442 1
428 2 442 3
428 9 442 10
428 49 454 49
428 52 457 52
428 72 437 74
428 80 433 84
428 156 437 158
428 181 457 181
428 182 457 182
428 208 435 210
428 247 442 248
428 295 457 295
428 332 437 334
428 367 457 367
428 434 456 434
428 461 457 461
428 479 442 480
428 518 457 518
427 7 456 7
429 16 458 16
429 17 458 17
429 23 458 23
429 57 458 57
429 92 443 93
429 198 443 199
429 216 458 216
429 250 433 255
429 256 443 257
429 292 438 294
429 368 458 368
429 382 443 383
429 457 443 458
429 513 458 513
429 519 458 519
430 15 459 15
430 32 459 32
427 38 456 38
430 76 444 77
429 97 458 97
430 113 453 113
430 115 459 115
430 145 439 147
430 150 439 152
429 161 458 161
430 204 439 206
430 220 459 220
430 227 439 229
430 241 459 241
430 269 459 269
430 298 454 298
430 302 439 304
430 337 459 337
430 347 459 347
430 364 459 364
430 414 444 415
430 417 444 418
430 447 459 447
430 499 444 500
430 512 459 512
430 536 459 536
431 18 440 20
431 53 458 53
431 63 460 63
431 88 460 88
431 136 453 136
431 149 460 149
431 162 440 164
431 201 445 202
431 215 460 215
431 221 436 225
431 260 460 260
431 262 440 264
431 266 460 266
431 331 459 331
431 365 460 365
431 463 460 463
431 537 459 537
431 538 460 538
432 34 441 36
432 116 436 121
432 122 441 124
432 126 461 126
432 135 461 135
432 172 443 173
432 207 461 207
432 265 461 265
432 300 454 300
432 305 441 307
432 309 461 309
432 375 446 376
432 386 446 387
432 388 446 389
432 394 441 396
432 402 446 403
432 408 436 413
432 427 441 429
432 435 446 436
432 437 461 437
432 449 441 451
432 454 461 454
432 471 461 471
432 491 441 493
433 68 447 69
433 171 462 171
433 283 442 285
433 291 462 291
433 379 462 379
433 466 442 468
433 474 447 475
433 481 462 481
433 482 447 483
433 497 462 497
434 12 463 12
434 44 443 46
434 80 439 84
434 87 463 87
434 108 448 109
434 143 448 144
434 159 461 159
434 183 463 183
434 196 448 197
434 250 438 255
434 335 463 335
434 340 443 342
434 357 463 357
434 360 463 360
434 377 463 377
434 393 463 393
434 476 443 478
434 510 448 511
435 24 449 25
435 39 444 41
435 54 444 56
435 60 449 61
435 75 457 75
435 94 464 94
435 153 449 154
435 175 444 177
435 189 444 191
435 261 464 261
435 272 444 274
435 286 440 290
435 310 449 311
435 315 440 319
435 373 464 373
435 380 449 381
435 385 464 385
435 419 464 419
436 4 450 5
436 66 450 67
436 91 465 91
436 130 465 130
436 138 445 140
436 187 460 187
436 208 441 212
436 233 445 235
431 308 460 308
436 327 445 329
436 404 450 405
436 439 457 439
436 456 465 456
436 472 450 473
436 494 445 496
436 507 445 509
436 520 465 520
436 521 465 521
436 530 445 532
437 43 466 43
437 116 441 121
437 155 466 155
437 221 442 225
437 238 446 240
437 242 446 244
437 279 466 279
437 353 451 354
437 408 441 413
437 420 466 420
437 423 451 424
437 443 466 443
437 523 466 523
438 22 467 22
438 27 452 28
438 72 447 74
438 89 467 89
438 102 465 102
438 156 447 158
438 193 467 193
438 231 467 231
438 258 463 258
438 332 452 333
438 334 467 334
438 366 467 366
438 486 452 487
438 506 467 506
439 98 468 98
439 127 453 128
439 226 468 226
439 236 468 236
439 237 468 237
439 250 443 255
439 292 448 294
439 312 453 313
439 314 468 314
439 359 468 359
439 369 448 371
439 416 468 416
439 430 468 430
439 442 466 442
433 464 462 464
439 489 452 490
440 8 469 8
440 13 469 13
440 29 449 31
440 80 445 84
440 99 454 100
440 145 449 147
440 150 449 152
440 184 454 185
440 204 449 206
440 227 449 229
440 276 469 276
440 302 448 304
440 325 454 326
440 339 468 339
440 346 469 346
440 378 463 378
440 498 469 498
441 18 450 20
441 62 470 62
441 64 455 65
441 78 455 79
441 133 470 133
441 162 450 164
441 167 455 168
441 259 470 259
441 264 470 264
441 286 446 290
441 315 446 319
441 350 470 350
441 351 470 351
441 398 450 400
441 504 470 504
441 516 470 516
442 34 451 36
442 103 456 104
442 114 471 114
442 116 446 121
442 122 451 124
442 132 471 132
442 208 447 212
442 217 471 217
442 245 456 246
442 281 456 282
442 305 449 307
442 343 456 344
442 356 471 356
442 394 451 396
442 408 446 413
442 428 456 429
442 431 471 431
442 449 451 451
442 484 471 484
442 491 471 491
442 492 456 493
442 517 471 517
443 0 452 2
443 3 472 3
443 9 457 10
443 105 457 106
443 165 466 165
443 200 472 200
443 221 452 223
443 224 472 224
443 247 456 248
443 271 472 271
443 283 452 285
443 352 472 352
443 466 472 466
443 467 472 467
443 468 472 468
443 479 457 480
443 535 472 535
444 44 453 46
444 92 456 93
442 131 471 131
444 172 453 174
444 179 458 180
444 188 472 188
444 198 458 199
444 250 448 255
444 262 473 262
444 340 453 342
444 382 473 382
444 383 473 383
444 390 473 390
444 426 458 427
444 444 473 444
444 457 458 458
444 476 453 478
445 39 454 41
445 54 454 56
445 76 459 77
445 85 474 85
445 95 474 95
445 160 472 160
445 175 454 177
445 189 454 191
444 194 473 194
445 272 454 274
443 275 472 275
445 338 468 338
445 414 459 415
445 417 459 418
445 460 474 460
445 485 474 485
445 499 459 500
446 14 475 14
446 71 475 71
446 80 451 84
446 125 475 125
446 138 455 140
446 201 460 202
446 230 475 230
446 232 455 234
446 263 475 263
445 268 474 268
446 277 475 277
446 297 475 297
446 327 474 327
446 328 475 328
446 329 475 329
446 391 475 391
446 465 475 465
446 494 455 496
446 507 455 509
442 526 471 526
446 531 475 531
446 532 460 533
447 50 476 50
447 116 451 121
447 141 468 141
447 148 476 148
447 169 476 169
447 192 476 192
447 238 456 240
447 242 476 242
447 243 461 244
447 256 461 257
447 286 452 290
447 315 456 317
447 318 476 318
447 363 476 363
447 375 461 376
447 386 456 388
447 389 476 389
447 402 461 403
447 408 451 413
447 425 476 425
447 435 461 436
447 503 476 503
447 530 476 530
448 51 477 51
448 68 462 69
448 72 457 74
448 137 474 137
448 156 457 158
448 170 477 170
448 208 452 213
448 349 477 349
448 422 477 422
448 474 462 475
448 482 462 483
449 11 478 11
449 47 472 47
449 107 458 109
449 134 478 134
449 143 463 144
449 196 463 197
449 203 478 203
443 214 472 214
449 219 478 219
449 250 453 255
449 292 458 294
449 301 455 304
449 369 458 371
449 510 478 510
449 511 478 511
450 24 464 25
450 29 459 31
450 37 479 37
450 60 464 61
450 101 479 101
450 111 464 112
450 142 479 142
450 145 459 147
450 150 455 154
450 204 459 206
450 225 479 225
450 227 459 229
450 278 479 278
450 310 464 311
450 319 479 319
450 323 479 323
450 348 479 348
450 380 464 381
450 438 479 438
450 501 464 502
450 527 459 529
451 4 480 4
451 5 480 5
451 18 458 20
451 66 465 67
448 86 473 86
451 162 459 164
451 166 480 166
451 235 480 235
451 324 480 324
451 330 480 330
451 362 480 362
451 397 465 398
451 399 465 400
451 404 465 405
451 445 480 445
451 452 480 452
451 469 465 470
451 472 465 473
452 34 461 36
452 48 481 48
452 80 457 84
452 116 456 121
452 122 461 124
450 305 459 307
452 353 461 355
452 394 461 396
452 408 456 413
452 423 466 424
452 446 481 446
452 449 461 451
452 462 481 462
452 505 481 505
452 515 481 515
452 524 481 524
453 0 462 2
453 21 482 21
453 27 467 28
453 70 482 70
453 195 478 195
453 208 457 213
453 221 482 221
453 222 467 223
453 270 482 270
453 283 457 288
453 289 467 290
453 332 467 333
453 345 482 345
453 358 482 358
453 401 482 401
453 406 482 406
453 448 482 448
453 486 457 490
453 525 482 525
454 44 463 46
454 127 463 129
454 172 463 174
454 250 458 255
454 312 468 313
454 340 483 340
454 341 468 342
454 372 483 372
454 455 483 455
454 476 463 478
455 6 484 6
455 39 469 40
455 41 484 41
455 56 484 56
455 100 484 100
455 175 464 177
455 178 484 178
455 184 469 185
455 189 464 191
455 272 464 274
455 280 484 280
455 296 484 296
455 320 484 320
455 321 469 322
455 325 469 326
455 421 484 421
455 432 469 433
456 58 470 59
456 64 470 65
456 78 470 79
456 90 485 90
456 99 485 99
456 138 465 140
456 150 461 154
456 167 470 168
456 218 485 218
456 232 485 232
456 233 470 234
455 249 484 249
456 267 485 267
463 298 477 299
456 301 465 303
456 336 485 336
456 384 485 384
456 407 485 407
456 459 485 459
456 494 465 496
456 507 485 507
456 508 485 508
456 522 485 522
456 534 485 534
457 7 486 7
457 33 485 33
457 38 486 38
457 42 486 42
457 103 471 104
457 110 486 110
457 116 461 121
457 238 466 240
457 245 471 246
457 281 471 282
457 315 466 317
457 343 471 344
457 361 486 361
457 374 486 374
457 386 471 387
457 388 485 388
457 392 486 392
457 408 462 412
457 413 486 413
457 428 471 429
455 441 484 441
457 453 486 453
457 492 471 493
457 514 486 514
458 9 472 10
455 49 484 49
458 52 487 52
458 72 472 73
458 74 472 75
458 80 463 84
458 105 472 106
458 156 467 158
458 181 472 182
458 208 462 213
457 247 471 248
458 283 462 288
458 295 487 295
458 367 487 367
457 434 486 434
458 439 472 440
458 461 487 461
458 479 472 480
458 518 487 518
459 16 464 20
459 23 481 23
459 53 473 54
459 57 488 57
457 92 471 93
459 96 473 97
459 107 468 109
459 179 473 180
459 198 473 199
459 216 488 216
459 250 463 255
459 292 468 294
459 368 473 369
459 370 488 370
459 426 473 427
459 457 473 458
458 486 463 490
459 513 488 513
459 519 488 519
460 15 489 15
460 29 469 31
460 32 489 32
460 76 474 77
454 113 483 113
460 115 489 115
460 145 469 147
460 161 466 164
460 204 469 206
460 220 489 220
460 227 489 227
460 228 474 229
460 241 489 241
460 269 489 269
455 298 462 300
460 304 469 306
460 307 489 307
460 337 489 337
460 347 489 347
460 364 489 364
460 414 474 415
460 417 474 418
460 447 489 447
460 499 474 500
460 512 489 512
460 527 489 527
460 528 489 528
460 529 489 529
460 536 474 537
461 63 490 63
461 88 490 88
454 136 483 136
461 149 490 149
461 186 475 187
461 201 474 202
461 215 490 215
461 260 490 260
461 266 490 266
461 308 490 308
460 331 489 331
461 365 490 365
461 463 490 463
461 532 490 532
461 538 490 538
462 34 471 36
462 116 466 121
462 122 471 124
462 126 491 126
462 135 491 135
462 150 471 152
462 153 476 154
462 207 486 207
462 243 476 244
462 256 491 256
462 265 491 265
462 309 491 309
462 353 471 355
462 375 476 376
462 394 471 396
462 402 476 403
462 435 471 437
462 449 476 450
462 451 491 451
462 454 491 454
462 471 491 471
463 0 472 2
463 68 477 69
463 171 492 171
463 208 467 213
463 283 467 288
463 291 492 291
463 300 492 300
463 371 492 371
463 379 492 379
463 408 468 412
463 464 492 464
463 474 477 475
463 481 492 481
463 482 477 483
464 26 493 26
464 44 473 46
464 80 469 84
464 127 473 129
464 143 478 144
462 159 491 159
464 172 478 173
464 183 487 183
464 196 478 197
464 250 468 255
464 257 478 258
464 335 493 335
464 357 493 357
464 360 493 360
464 377 493 377
464 393 493 393
464 476 472 478
464 486 469 490
465 16 470 20
465 24 479 25
465 60 479 61
465 94 494 94
465 111 479 112
465 174 474 176
465 177 494 177
465 189 474 191
465 261 494 261
465 272 474 274
465 310 479 311
465 373 494 373
465 380 479 381
465 385 494 385
465 419 494 419
465 501 479 502
466 66 480 67
466 91 495 91
466 130 495 130
466 139 495 139
466 301 475 303
466 397 475 399
466 404 480 405
466 456 495 456
466 469 480 470
466 472 480 473
466 494 480 495
466 496 495 496
466 509 495 509
466 520 480 521
467 12 496 12
467 43 496 43
467 116 471 121
467 155 494 155
467 161 472 165
467 238 476 240
467 279 496 279
467 315 476 317
467 400 496 400
467 420 496 420
467 423 481 424
467 442 481 443
467 523 492 523
468 22 497 22
468 27 482 28
468 89 490 89
466 102 495 102
468 156 477 158
468 193 497 193
468 208 472 213
468 222 482 223
468 231 497 231
468 283 472 288
468 289 482 290
468 332 477 334
468 366 497 366
468 497 497 497
468 506 497 506
469 98 498 98
469 107 483 108
469 109 498 109
469 140 483 141
469 226 498 226
469 236 483 237
469 250 473 255
469 292 478 294
469 312 478 314
469 341 483 342
469 359 498 359
469 408 474 412
469 416 498 416
469 430 498 430
470 8 499 8
470 13 499 13
470 29 499 29
470 31 491 31
470 39 484 40
470 80 479 82
470 83 484 84
470 145 479 147
470 184 484 185
470 204 479 206
470 276 499 276
470 304 479 306
470 321 484 322
470 325 499 325
469 338 483 339
470 346 496 346
464 378 493 378
470 432 484 433
470 486 475 490
470 498 497 498
471 16 480 18
471 20 500 20
471 55 500 55
471 58 485 59
471 62 500 62
471 64 485 65
471 78 485 79
471 133 500 133
471 167 485 168
471 233 485 234
471 259 500 259
471 264 500 264
471 350 485 351
471 504 500 504
471 516 500 516
472 34 481 36
472 92 486 93
472 103 486 104
472 114 501 114
472 116 476 121
472 122 481 124
472 132 501 132
472 150 486 151
472 152 501 152
472 217 501 217
472 245 481 247
472 248 501 248
472 282 497 282
472 343 486 344
472 353 486 354
472 355 501 355
472 356 501 356
472 394 481 396
472 428 486 429
472 435 481 437
472 484 501 484
472 491 481 493
472 517 501 517
472 526 501 526
473 0 482 2
473 3 502 3
473 9 487 10
473 72 482 74
473 75 502 75
473 105 487 106
473 160 482 162
473 163 482 165
473 181 487 182
473 200 502 200
473 208 482 210
473 211 482 213
473 214 502 214
473 224 502 224
473 271 502 271
473 275 502 275
473 281 502 281
473 283 477 288
473 352 502 352
473 439 487 440
473 466 482 468
473 476 478 480
473 533 502 533
473 535 502 535
474 44 483 46
474 53 503 53
474 86 488 87
474 96 488 97
474 127 483 129
474 179 488 180
473 188 502 188
474 198 488 199
474 250 478 255
474 262 503 262
474 368 488 369
474 382 488 383
474 390 503 390
474 426 488 427
474 444 503 444
474 457 488 458
475 76 489 77
475 85 504 85
475 95 503 95
475 137 489 138
475 174 484 176
475 189 484 191
475 228 489 229
475 268 504 268
475 272 484 274
475 326 489 327
475 408 480 412
475 414 489 415
475 417 489 418
475 460 504 460
475 485 504 485
475 499 489 500
475 536 489 537
476 14 505 14
476 19 505 19
476 30 505 30
476 71 505 71
476 125 501 125
476 186 501 186
476 187 505 187
475 201 489 202
476 230 505 230
476 263 505 263
476 277 505 277
476 297 505 297
476 301 485 303
476 328 490 329
476 391 505 391
476 397 485 399
476 465 505 465
476 486 481 490
476 531 505 531
477 50 506 50
477 116 481 121
477 148 506 148
477 153 491 154
477 169 506 169
477 192 506 192
477 238 486 240
477 242 486 244
477 315 486 317
477 318 506 318
477 363 506 363
477 375 491 376
477 386 506 386
477 389 506 389
477 402 506 402
477 403 506 403
477 425 506 425
477 449 491 450
477 503 506 503
477 530 506 530
478 51 507 51
478 68 492 69
478 156 487 158
478 170 507 170
478 283 482 288
478 298 507 298
478 332 507 332
478 333 492 334
478 349 507 349
478 422 507 422
478 474 492 475
478 482 505 482
479 11 508 11
473 47 499 47
479 131 508 131
479 134 508 134
479 143 493 144
479 172 493 173
479 194 485 197
479 203 504 203
479 219 508 219
479 250 483 255
479 257 508 257
479 258 508 258
479 292 488 294
479 312 487 314
479 476 488 478
479 479 493 480
479 483 508 483
479 510 493 511
480 24 493 25
480 37 509 37
480 54 509 54
480 60 509 60
480 61 503 61
480 80 489 82
480 111 494 112
480 142 509 142
480 145 489 147
480 204 489 206
480 225 502 225
480 278 509 278
480 304 489 306
480 310 509 310
480 319 509 319
480 323 509 323
480 348 509 348
480 380 494 381
480 438 501 438
480 501 494 502
481 4 495 5
481 16 490 18
481 66 495 67
481 166 510 166
481 324 510 324
481 362 510 362
481 404 495 405
481 408 486 412
481 431 510 431
481 445 510 445
481 452 509 452
481 469 495 470
481 472 510 472
481 494 495 495
481 520 495 521
482 34 494 35
482 116 486 121
482 122 491 124
482 235 511 235
482 245 491 247
482 394 491 396
482 423 511 423
482 424 511 424
482 435 491 437
482 443 511 443
482 446 511 446
482 462 511 462
482 473 511 473
482 486 486 491
482 492 496 493
482 505 511 505
482 515 511 515
482 524 511 524
483 0 492 2
483 21 512 21
483 27 497 28
483 70 512 70
483 72 492 74
483 101 512 101
483 160 487 165
483 208 487 213
483 221 492 223
483 270 512 270
483 283 487 288
483 289 497 290
483 345 506 345
483 358 512 358
483 401 512 401
483 406 508 406
483 448 512 448
483 466 491 468
483 525 512 525
484 44 493 46
484 107 498 108
484 113 513 113
484 127 493 129
484 136 513 136
484 140 498 141
484 236 498 237
484 250 488 255
484 330 513 330
484 338 489 342
484 372 513 372
484 455 513 455
485 6 512 6
485 39 494 41
485 48 499 49
485 56 514 56
485 83 499 84
485 100 512 100
485 174 494 176
485 178 514 178
485 184 514 184
485 189 514 189
485 190 499 191
485 249 514 249
485 272 494 274
485 280 514 280
485 296 514 296
485 320 494 322
485 421 514 421
485 432 499 433
485 441 499 442
486 58 500 59
486 64 500 65
486 78 500 79
486 90 515 90
486 99 515 99
486 167 500 168
486 194 515 194
486 196 500 197
486 218 515 218
486 232 495 234
486 267 515 267
486 299 515 299
486 301 493 303
486 336 515 336
486 350 500 351
486 384 515 384
486 387 500 388
486 397 495 399
486 407 508 407
486 459 515 459
486 507 500 508
486 522 515 522
486 534 515 534
487 7 516 7
486 33 514 33
487 38 516 38
487 42 516 42
487 92 501 93
487 103 501 104
487 110 516 110
487 116 492 120
487 121 516 121
487 150 501 151
487 238 496 240
487 242 496 244
487 315 516 315
487 343 501 344
487 353 501 354
487 361 516 361
487 374 516 374
487 392 516 392
487 408 491 413
487 428 516 428
487 429 516 429
487 434 516 434
487 453 516 453
487 486 491 491
487 514 511 514
488 9 499 10
488 52 517 52
488 105 502 106
488 157 502 158
488 160 492 165
488 181 517 181
488 182 502 183
488 208 492 213
488 283 492 288
488 295 517 295
488 311 494 314
488 367 517 367
488 439 502 440
488 461 517 461
488 518 517 518
482 23 511 23
489 57 518 57
489 86 503 87
489 96 503 97
489 179 503 180
489 198 518 198
489 216 518 216
489 250 493 255
489 292 498 294
489 368 498 370
489 382 503 383
489 426 503 427
489 457 503 458
489 476 498 478
489 513 511 513
489 519 518 519
490 15 519 15
490 76 504 77
490 80 499 82
490 115 519 115
490 137 504 138
490 145 499 147
490 201 504 202
490 204 499 206
490 220 519 220
490 227 499 229
490 241 519 241
490 269 519 269
490 304 499 306
490 307 519 307
490 316 519 316
490 317 519 317
490 326 519 326
490 327 519 327
490 331 519 331
490 337 494 342
490 347 519 347
490 364 519 364
490 414 519 414
490 417 504 418
490 447 519 447
490 499 504 500
490 512 511 512
490 527 499 529
490 536 504 537
491 16 500 18
491 88 505 89
491 149 520 149
491 215 520 215
491 260 520 260
491 266 520 266
491 308 520 308
491 328 505 329
491 365 520 365
491 463 520 463
491 532 520 532
491 538 520 538
492 31 506 32
492 124 521 124
492 126 521 126
492 135 521 135
492 153 506 154
492 159 521 159
487 207 516 207
492 245 501 247
492 256 521 256
492 265 521 265
492 309 521 309
492 375 506 376
492 394 501 396
492 410 500 412
492 413 519 413
492 435 501 437
492 450 521 450
492 454 521 454
492 471 521 471
492 486 496 491
493 0 502 2
493 68 507 69
493 72 522 72
493 74 522 74
493 116 498 120
493 122 522 122
493 160 497 165
493 171 522 171
493 195 522 195
493 199 522 199
493 208 497 213
493 221 502 223
493 283 497 288
493 291 522 291
493 333 507 334
493 371 522 371
493 379 522 379
493 464 515 464
492 466 501 468
493 474 507 475
493 481 522 481
494 24 503 26
494 44 503 46
494 127 503 129
494 143 523 143
494 144 523 144
494 172 508 173
494 250 498 255
494 300 500 303
494 335 523 335
494 357 523 357
494 360 523 360
494 377 508 378
494 393 523 393
494 479 508 480
494 510 508 511
495 34 504 36
495 39 504 41
495 94 524 94
495 111 509 112
495 155 509 156
495 174 504 176
495 177 524 177
495 261 524 261
495 272 509 273
495 311 504 313
495 314 521 314
495 320 504 322
495 337 499 342
495 373 524 373
495 380 508 381
495 385 524 385
495 419 519 419
495 501 524 501
496 4 510 5
496 66 510 67
496 91 525 91
496 102 525 102
496 130 525 130
496 139 525 139
496 232 505 234
496 397 525 397
496 398 510 399
496 404 508 405
496 456 525 456
496 469 510 470
496 494 510 495
496 496 523 496
496 509 525 509
496 520 510 521
497 12 526 12
497 43 526 43
497 238 506 240
497 242 506 244
497 274 526 274
497 279 526 279
497 400 526 400
497 415 526 415
497 420 526 420
497 486 501 491
493 523 522 523
498 22 527 22
498 27 511 28
498 63 527 63
498 160 502 165
498 193 525 193
498 208 502 213
498 231 527 231
498 284 502 288
498 289 512 290
498 366 521 366
498 497 512 498
498 506 527 506
499 98 528 98
499 107 508 109
499 116 504 120
499 140 513 141
499 226 528 226
499 237 528 237
499 250 503 255
499 292 508 294
499 359 528 359
499 368 508 370
499 416 528 416
499 430 528 430
499 476 507 478
500 8 509 10
500 13 529 13
500 29 529 29
500 47 509 49
500 80 505 84
500 145 509 147
500 190 514 191
500 204 514 205
500 206 529 206
500 227 509 229
500 276 529 276
500 304 509 306
500 325 529 325
500 337 505 341
500 342 529 342
497 346 526 346
500 432 514 433
500 441 514 442
500 449 529 449
500 527 509 529
501 16 510 18
501 20 530 20
501 55 530 55
501 58 515 59
501 64 515 65
501 133 530 133
501 167 515 168
501 196 515 197
501 259 530 259
501 264 530 264
501 300 510 302
501 303 530 303
501 350 515 351
501 387 515 388
501 408 506 412
501 492 530 492
501 504 530 504
501 507 512 508
501 516 529 516
502 92 516 93
502 103 516 104
502 114 531 114
502 123 531 123
502 132 531 132
502 150 511 152
502 185 516 186
502 217 531 217
502 236 531 236
502 245 511 247
502 248 531 248
498 282 512 283
502 343 531 343
502 353 516 354
502 355 516 356
502 394 511 396
502 435 516 436
502 437 516 438
502 466 511 468
502 486 506 491
502 526 531 526
503 0 512 2
503 75 532 75
503 105 532 105
503 106 532 106
503 160 507 165
503 182 517 183
503 188 532 188
503 200 532 200
503 208 507 213
503 214 532 214
503 222 532 222
503 223 512 225
503 271 532 271
503 275 532 275
503 281 532 281
503 284 508 288
503 352 532 352
503 439 517 440
503 533 532 533
503 535 532 535
504 24 511 26
504 44 513 46
504 53 533 53
504 61 518 62
504 73 533 73
504 86 533 86
504 95 513 97
504 127 513 129
504 179 518 180
504 221 533 221
504 250 508 255
504 262 533 262
504 382 533 382
504 383 533 383
504 390 533 390
504 426 518 427
504 444 533 444
504 457 517 458
505 34 514 36
505 39 514 41
505 76 519 77
505 85 534 85
505 87 534 87
505 116 510 120
505 137 519 138
505 157 534 157
505 174 514 176
505 201 519 202
505 268 534 268
505 311 519 312
505 313 534 313
505 321 519 322
505 417 519 418
505 460 531 460
505 485 534 485
505 499 519 500
505 536 519 537
506 19 535 19
506 30 535 30
506 71 535 71
506 78 535 78
506 79 515 81
506 82 515 84
506 88 520 89
502 125 531 125
506 187 535 187
506 232 515 234
506 263 534 263
506 277 530 277
506 297 535 297
506 328 520 329
506 337 511 341
506 391 534 391
506 465 535 465
506 502 535 502
506 531 535 531
507 50 536 50
507 148 536 148
507 153 536 153
507 154 536 154
507 158 536 158
507 169 536 169
507 192 536 192
507 238 516 240
507 242 516 244
507 318 535 318
507 344 521 345
507 363 530 363
507 375 521 376
507 386 534 386
507 389 536 389
507 402 521 403
507 409 516 411
507 425 536 425
507 486 511 491
507 503 536 503
507 530 535 530
508 51 537 51
508 68 537 68
508 69 537 69
508 160 512 165
508 170 537 170
508 208 512 213
508 298 537 298
508 332 517 334
508 349 537 349
508 422 537 422
508 474 537 474
508 475 514 478
506 482 535 482
508 517 537 517
509 11 538 11
509 107 518 109
509 131 533 131
509 134 538 134
509 172 523 173
505 203 534 203
509 219 538 219
509 250 513 255
509 257 523 258
509 284 514 288
509 292 518 294
509 368 518 370
509 377 538 377
509 378 538 378
509 406 518 408
509 479 523 480
509 483 538 483
509 510 538 510
510 8 519 10
510 37 539 37
510 47 539 47
510 54 539 54
510 60 536 60
510 111 523 112
510 142 535 142
510 145 519 147
510 155 524 156
510 227 519 229
510 272 524 273
510 278 539 278
510 304 524 305
510 306 539 306
510 310 539 310
510 319 535 319
510 323 539 323
510 348 539 348
509 380 523 381
510 451 524 452
510 527 519 529
511 4 540 4
511 16 520 18
511 66 523 67
511 116 516 120
511 166 540 166
511 300 520 302
511 324 540 324
511 362 540 362
511 398 525 399
509 404 523 405
511 412 540 412
511 431 540 431
511 445 540 445
511 469 522 470
511 472 540 472
511 493 525 494
511 520 525 521
512 14 541 14
512 23 516 28
512 31 541 31
512 150 521 152
512 235 541 235
512 245 526 246
512 247 541 247
512 337 517 341
512 394 521 396
512 423 526 424
512 443 541 443
512 446 541 446
512 462 541 462
512 466 524 467
512 468 541 468
512 473 541 473
512 486 516 491
512 505 541 505
512 511 521 513
512 514 526 515
512 524 533 524
513 0 522 2
513 3 542 3
513 5 527 6
513 21 542 21
513 70 542 70
513 100 527 101
513 160 517 165
513 208 517 213
513 224 542 224
513 225 542 225
513 230 542 230
513 270 542 270
513 282 527 283
513 289 527 290
513 320 542 320
513 358 542 358
513 448 542 448
513 497 542 497
513 498 542 498
513 525 542 525
514 44 523 46
514 95 523 97
514 113 543 113
514 127 523 129
514 136 543 136
514 140 528 141
514 250 518 255
514 330 542 330
514 372 543 372
514 455 543 455
515 32 520 36
515 39 524 41
515 48 544 48
515 49 544 49
515 56 544 56
515 174 524 176
515 178 544 178
515 184 544 184
515 189 524 191
515 204 529 205
515 223 544 223
515 249 544 249
515 280 544 280
515 284 520 288
515 296 544 296
515 401 544 401
515 421 537 421
515 432 529 433
515 441 529 442
515 475 529 476
515 477 529 478
516 58 530 59
516 64 545 64
516 80 525 82
516 83 530 84
516 90 545 90
516 99 545 99
516 167 545 167
516 168 545 168
516 196 530 197
516 218 545 218
516 232 525 234
516 267 545 267
516 336 545 336
516 350 530 351
516 384 545 384
516 387 530 388
516 459 545 459
513 507 527 508
516 522 545 522
516 534 545 534
517 7 543 7
517 23 521 28
517 38 546 38
517 42 546 42
517 92 531 93
517 103 531 104
517 110 546 110
517 116 521 121
517 185 531 186
517 207 546 207
517 238 526 240
517 242 526 244
517 315 546 315
517 353 526 355
517 356 546 356
517 361 546 361
517 374 546 374
517 392 546 392
517 409 526 411
517 429 546 429
517 434 522 438
517 453 546 453
517 486 521 491
518 52 547 52
518 160 522 165
518 181 527 183
518 208 522 213
518 295 547 295
518 332 527 334
518 337 523 341
518 367 547 367
518 439 532 440
518 461 547 461
518 518 547 518
519 57 548 57
519 61 533 62
519 107 528 109
519 179 533 180
519 198 548 198
519 216 548 216
519 250 523 255
519 292 528 294
519 368 528 370
519 406 533 407
519 408 546 408
519 426 533 427
518 457 532 458
519 519 548 519
520 8 529 10
520 15 549 15
520 76 534 77
520 115 549 115
520 137 534 138
520 145 534 146
520 147 549 147
520 201 534 202
520 220 549 220
520 227 529 229
520 241 549 241
520 269 549 269
520 307 549 307
520 311 534 312
520 316 534 317
520 321 534 322
520 326 534 327
520 331 549 331
520 347 549 347
520 413 534 414
520 417 534 418
520 447 549 447
520 484 549 484
520 499 533 500
520 527 529 529
520 536 534 537
521 16 530 18
521 32 526 36
521 88 535 89
521 149 550 149
521 215 550 215
521 260 544 260
521 266 550 266
521 284 526 288
521 299 530 301
521 302 550 302
521 308 550 308
521 328 535 329
521 365 550 365
521 428 550 428
521 463 547 463
521 532 550 532
521 538 550 538
522 23 526 28
522 116 527 120
522 121 551 121
522 124 551 124
522 126 551 126
522 135 551 135
522 150 531 152
522 159 551 159
522 256 551 256
522 265 551 265
522 309 551 309
522 344 551 344
522 376 551 376
522 394 531 396
522 402 551 402
522 403 551 403
522 450 551 450
522 454 543 454
522 486 526 491
522 511 551 511
522 512 536 513
523 1 537 2
523 72 552 72
523 74 552 74
523 122 551 122
523 160 527 165
523 171 552 171
523 195 552 195
523 199 552 199
523 208 527 213
523 291 552 291
523 371 552 371
523 379 552 379
523 434 528 438
516 464 545 464
523 469 532 471
523 481 552 481
524 44 533 46
524 65 533 67
524 79 553 79
524 95 533 97
524 127 533 129
524 143 535 144
524 172 538 173
524 250 528 255
524 257 538 258
524 335 553 335
524 337 529 341
524 357 553 357
524 360 553 360
524 381 553 381
524 393 553 393
524 405 553 405
524 479 538 480
524 495 538 496
525 39 534 41
525 94 554 94
524 111 538 112
525 155 539 156
525 174 534 176
525 177 554 177
525 189 534 191
525 272 539 273
525 304 539 305
522 314 551 314
525 373 554 373
525 385 554 385
520 419 549 419
525 451 539 452
525 501 554 501
526 80 535 82
526 91 555 91
526 102 555 102
526 130 555 130
526 139 549 139
526 193 540 194
526 232 540 233
526 234 555 234
526 397 535 399
526 456 555 456
526 493 540 494
526 509 555 509
526 520 555 520
526 521 555 521
527 0 556 0
527 12 556 12
527 23 531 28
527 32 532 36
527 43 556 43
527 238 536 240
527 242 532 246
527 274 556 274
527 279 556 279
527 284 532 288
527 345 541 346
527 353 536 355
527 380 556 380
527 400 556 400
527 409 541 410
527 411 556 411
527 415 556 415
527 420 556 420
527 423 541 424
525 466 539 467
527 486 531 491
527 514 553 514
528 5 542 6
528 22 557 22
528 63 554 63
528 100 557 100
528 101 557 101
528 116 533 120
528 160 532 165
528 181 537 183
528 208 532 213
528 231 557 231
528 282 542 283
528 289 542 290
528 332 537 334
522 366 551 366
528 506 537 508
529 98 558 98
529 107 558 107
529 108 543 109
529 140 543 141
529 226 557 226
529 237 558 237
529 250 533 255
529 261 558 261
529 292 538 294
529 359 558 359
529 368 538 370
529 416 558 416
529 430 557 430
529 434 534 438
530 8 544 9
530 10 555 10
530 13 559 13
530 29 559 29
530 204 539 206
530 227 539 229
530 276 557 276
530 325 559 325
530 337 539 339
530 340 544 341
530 342 559 342
530 432 544 433
530 441 544 442
530 449 559 449
530 475 539 477
530 478 559 478
530 515 544 516
530 527 539 529
531 16 540 18
531 20 560 20
531 55 560 55
531 83 545 84
531 133 560 133
531 196 545 197
531 259 560 259
531 264 560 264
531 299 540 301
531 303 560 303
531 350 545 351
531 363 545 364
531 387 560 387
531 388 560 388
531 492 560 492
531 504 560 504
532 23 536 28
532 92 546 93
532 103 546 104
532 114 561 114
532 123 561 123
532 150 541 152
532 185 561 185
532 217 561 217
532 236 561 236
532 248 561 248
532 343 559 343
532 394 541 396
532 404 561 404
532 486 536 491
533 32 538 36
533 59 562 59
533 75 562 75
533 105 547 106
533 160 537 165
533 188 562 188
533 200 562 200
533 208 537 213
533 214 558 214
533 222 562 222
533 242 538 246
533 271 561 271
533 275 557 275
533 281 557 281
533 284 538 288
533 352 562 352
533 439 547 440
533 469 542 471
533 526 562 526
533 533 562 533
533 535 562 535
534 44 542 46
534 53 563 53
534 61 548 62
534 66 545 67
534 73 563 73
534 86 563 86
534 95 543 97
534 116 539 120
534 127 543 129
534 179 548 180
534 221 563 221
534 250 538 255
534 262 563 262
534 375 563 375
534 382 548 383
534 390 563 390
534 406 546 407
534 426 548 427
534 444 563 444
534 523 548 524
535 39 544 41
535 76 549 77
535 85 564 85
535 87 564 87
535 137 549 138
535 145 549 146
535 157 564 157
535 174 544 176
535 189 549 190
535 191 564 191
535 201 549 202
535 268 564 268
535 311 544 313
535 316 547 317
535 321 564 321
535 322 564 322
535 326 547 327
535 413 564 413
535 414 564 414
535 417 549 418
535 434 540 438
532 460 561 460
534 499 548 500
535 536 549 537
536 19 565 19
536 30 565 30
536 71 565 71
536 78 559 78
536 80 545 82
536 88 550 89
536 125 565 125
535 263 564 263
531 277 557 277
536 297 565 297
536 328 550 329
535 391 564 391
536 397 545 399
536 465 565 465
536 482 565 482
536 502 565 502
536 530 550 531
537 23 541 28
537 50 566 50
537 148 562 148
537 153 551 154
537 158 566 158
537 169 566 169
537 187 566 187
537 192 566 192
537 239 550 240
536 318 550 319
537 353 546 355
535 386 564 386
537 485 541 490
537 491 566 491
537 503 566 503
537 512 551 513
538 1 552 2
538 51 567 51
538 68 552 69
538 160 542 165
538 181 547 183
538 208 542 213
538 298 567 298
538 332 547 334
538 349 567 349
538 421 552 422
538 474 567 474
538 506 547 508
538 517 567 517
539 11 566 11
539 32 544 36
539 111 568 111
534 131 563 131
539 134 568 134
544 143 568 143
536 142 543 144
539 172 553 173
539 219 568 219
539 242 553 243
539 244 548 246
539 250 543 255
539 257 553 258
539 284 544 288
539 292 547 294
539 368 548 370
539 377 553 378
539 479 568 479
539 483 568 483
539 495 553 496
540 37 569 37
540 54 569 54
537 60 566 60
540 116 545 120
540 155 554 156
540 203 549 205
540 206 569 206
540 227 549 229
540 272 554 273
540 278 569 278
540 304 554 305
540 306 569 306
540 310 569 310
540 323 569 323
540 337 547 339
540 348 567 348
540 389 569 389
540 451 554 452
540 466 554 467
540 475 549 477
540 527 569 527
540 528 569 528
541 4 570 4
541 16 549 18
541 166 570 166
541 193 554 194
541 232 555 233
541 299 570 299
541 300 554 301
541 324 569 324
541 362 570 362
541 412 570 412
541 431 570 431
541 434 546 438
541 445 563 445
541 493 555 494
542 14 571 14
542 23 546 28
542 31 571 31
542 150 556 151
542 152 571 152
542 186 571 186
542 235 571 235
542 247 567 247
542 345 556 346
542 394 551 396
542 410 571 410
542 423 551 425
542 443 571 443
542 446 571 446
542 462 571 462
542 468 571 468
542 473 571 473
542 485 551 487
542 488 551 490
542 505 570 505
543 3 572 3
543 5 557 6
543 21 572 21
543 44 549 47
543 70 572 70
543 112 572 112
543 132 572 132
543 160 547 165
543 208 547 213
543 224 557 225
543 230 572 230
543 270 572 270
543 282 557 283
543 289 557 290
543 320 572 320
543 358 568 358
543 448 572 448
543 457 557 458
543 469 552 471
543 480 572 480
543 497 554 498
543 525 572 525
543 529 572 529
544 95 553 97
544 108 558 109
544 113 573 113
544 127 553 129
544 136 573 136
544 140 553 142
544 144 573 144
544 250 548 255
543 330 572 330
544 372 573 372
544 454 558 455
544 472 573 472
545 8 559 9
545 32 550 36
545 39 554 41
545 48 559 49
545 56 574 56
545 170 574 170
545 174 553 176
545 178 574 178
545 184 574 184
545 223 574 223
545 249 574 249
545 280 574 280
545 284 550 288
545 296 574 296
545 311 554 313
545 340 574 340
545 341 574 341
545 401 574 401
545 432 574 432
545 433 574 433
545 441 558 442
545 515 574 515
545 516 574 516
546 58 575 58
546 65 555 67
546 80 551 84
546 90 575 90
546 99 575 99
546 116 551 120
546 167 560 168
546 196 560 197
546 218 575 218
546 267 575 267
546 350 560 351
546 363 560 364
546 384 575 384
546 397 555 399
546 459 575 459
546 522 569 522
544 7 573 7
547 23 551 28
547 38 576 38
547 42 576 42
547 92 560 93
547 103 561 104
547 110 576 110
547 207 570 207
547 353 576 353
547 355 561 356
547 361 575 361
547 374 575 374
547 392 576 392
547 406 553 409
547 429 576 429
547 434 552 438
547 453 576 453
548 52 577 52
548 105 562 106
548 160 552 165
548 181 557 183
548 208 553 212
548 213 577 213
548 295 577 295
548 315 557 317
548 332 557 334
548 439 562 440
548 461 577 461
548 463 562 464
548 506 557 508
548 518 577 518
549 57 578 57
549 61 578 61
549 179 563 180
549 198 578 198
549 216 578 216
549 244 557 246
549 250 553 255
548 292 557 294
549 367 558 369
549 370 578 370
549 382 563 383
549 426 563 427
549 519 578 519
550 15 556 18
550 44 559 46
550 76 564 77
550 115 579 115
550 137 579 137
550 138 564 139
550 145 559 147
550 189 579 189
550 190 579 190
550 201 555 205
550 220 579 220
550 227 559 229
550 241 579 241
550 269 579 269
550 307 579 307
548 326 562 327
550 331 575 331
550 336 579 336
548 337 557 339
550 347 579 347
550 417 564 418
550 419 579 419
550 447 576 447
550 475 559 477
550 484 579 484
550 536 564 537
551 32 556 36
551 88 565 89
551 149 580 149
551 215 580 215
551 238 560 240
545 260 574 260
551 266 580 266
551 284 556 288
551 308 580 308
551 318 565 319
551 328 565 329
551 365 580 365
551 530 580 530
551 531 565 532
551 538 580 538
552 23 556 28
552 80 566 81
552 83 566 84
552 116 557 120
552 124 581 124
552 126 581 126
552 135 581 135
552 153 581 153
552 154 581 154
552 159 581 159
552 256 581 256
552 265 576 265
552 309 581 309
552 314 581 314
552 344 581 344
552 366 581 366
552 376 581 376
552 394 561 396
552 402 566 403
552 423 566 424
552 450 581 450
552 485 556 490
552 511 566 512
552 513 581 513
553 1 567 2
553 68 567 69
553 72 582 72
553 74 582 74
552 121 566 122
553 160 557 165
553 171 582 171
553 195 582 195
553 199 582 199
553 291 582 291
553 371 582 371
553 379 582 379
553 421 567 422
553 434 558 438
553 469 562 471
553 481 582 481
553 534 582 534
554 79 583 79
554 95 563 97
554 127 563 129
554 140 563 142
554 172 559 176
554 208 559 212
554 242 568 243
554 250 558 255
554 257 568 258
554 335 579 335
554 354 583 354
554 357 583 357
554 360 583 360
554 377 568 378
554 381 575 381
554 393 583 393
554 405 559 409
554 425 583 425
554 495 568 496
555 39 564 41
555 47 584 47
555 62 564 64
555 82 584 82
555 94 583 94
555 155 569 156
555 177 584 177
555 272 569 273
555 300 564 302
555 304 569 305
555 311 564 313
555 373 584 373
555 385 584 385
555 451 569 452
555 466 569 467
555 497 564 499
556 65 564 67
556 130 585 130
555 193 569 194
556 201 561 205
556 232 565 234
556 397 565 399
556 456 585 456
556 493 570 494
556 509 585 509
556 520 569 521
557 0 586 0
557 12 586 12
557 15 571 16
557 17 571 18
557 23 561 28
557 32 562 36
557 43 586 43
558 117 566 119
558 120 586 120
557 150 571 151
557 274 586 274
557 279 586 279
557 284 562 288
557 345 571 346
557 400 585 400
557 411 586 411
557 415 586 415
557 420 583 420
557 485 561 490
554 514 583 514
558 5 572 6
558 22 587 22
558 100 567 102
558 160 562 165
558 181 567 183
558 224 587 224
558 225 572 226
558 231 587 231
558 281 567 283
558 290 587 290
558 292 567 294
558 315 572 316
558 317 587 317
558 332 567 334
558 337 572 338
558 339 587 339
558 457 572 458
558 500 572 501
558 506 567 508
559 98 588 98
559 107 568 109
559 237 588 237
558 244 567 246
559 250 563 255
559 261 588 261
559 367 573 368
559 369 588 369
559 416 588 416
558 430 587 430
559 434 568 436
559 437 573 438
559 454 573 455
560 8 574 9
556 10 585 10
560 13 589 13
560 29 589 29
560 44 569 46
560 48 574 49
560 145 574 146
560 147 589 147
560 172 569 174
560 175 574 176
560 208 565 212
560 227 569 229
567 276 589 276
560 325 589 325
560 342 574 343
560 405 574 406
559 441 573 442
560 449 589 449
560 475 569 477
560 478 589 478
561 20 590 20
561 55 590 55
561 91 570 93
561 133 590 133
561 167 575 168
561 196 575 197
561 238 570 240
561 259 590 259
558 275 566 277
561 303 590 303
561 350 575 351
561 363 575 364
561 387 575 388
561 492 590 492
561 504 590 504
561 524 590 524
562 23 566 28
562 103 576 104
562 114 591 114
562 123 586 123
562 185 591 185
562 201 571 203
562 204 591 204
562 205 591 205
562 217 591 217
562 236 591 236
562 248 591 248
562 289 591 289
562 355 576 356
562 394 571 396
562 404 591 404
562 460 591 460
562 485 566 490
563 32 572 34
563 35 577 36
563 59 592 59
563 75 592 75
563 105 577 106
563 116 592 116
563 160 567 165
563 188 592 188
563 200 592 200
559 214 588 214
563 222 592 222
562 271 591 271
563 284 568 288
563 326 577 327
563 352 592 352
563 439 577 440
563 463 577 464
563 469 572 471
563 510 592 510
563 526 592 526
563 533 592 533
563 535 592 535
564 53 592 53
564 73 593 73
564 86 593 86
564 95 573 97
564 127 573 129
564 140 578 141
564 142 593 142
564 179 578 180
564 221 593 221
564 250 568 255
564 262 593 262
564 375 593 375
564 382 578 383
564 390 593 390
564 409 593 409
564 426 573 428
564 444 578 445
565 39 574 41
565 62 579 63
565 64 571 67
565 76 579 77
565 85 593 85
565 87 593 87
565 138 579 139
565 157 594 157
565 191 594 191
565 263 594 263
565 268 591 268
565 300 594 300
565 302 594 302
565 311 574 313
565 321 594 321
565 322 594 322
565 386 594 386
565 391 594 391
565 413 579 414
565 417 594 417
565 418 594 418
565 497 579 498
565 499 594 499
565 536 579 537
566 19 595 19
566 30 595 30
566 71 595 71
560 78 589 78
566 88 580 89
566 125 595 125
566 131 595 131
566 208 575 210
566 211 580 212
566 232 575 234
566 297 594 297
566 318 580 319
566 328 580 329
566 397 575 399
566 465 595 465
566 482 595 482
566 502 595 502
566 531 580 532
567 23 571 28
567 50 596 50
567 60 596 60
567 80 581 81
567 83 581 84
567 117 576 119
567 121 596 121
563 148 592 148
567 158 594 158
567 169 596 169
567 187 596 187
567 192 596 192
567 402 581 403
567 423 581 424
567 485 572 489
567 490 581 491
567 503 596 503
567 511 581 512
568 1 582 2
568 51 597 51
568 68 597 68
568 69 597 69
568 100 577 102
568 160 572 165
568 181 577 183
568 244 577 246
568 281 577 283
568 292 577 294
568 298 594 298
568 332 575 334
568 348 582 349
568 421 581 422
568 474 597 474
568 506 577 508
568 517 597 517
567 11 596 11
569 107 578 109
569 111 598 111
569 134 596 134
569 143 598 143
569 219 598 219
569 242 583 243
569 250 573 255
569 257 583 258
569 284 574 288
569 358 583 359
569 377 583 378
569 407 598 407
569 434 598 434
569 435 583 436
569 479 598 479
569 483 598 483
569 495 583 496
570 37 599 37
570 44 579 46
570 54 599 54
570 122 599 122
570 155 599 155
570 156 599 156
570 172 579 174
570 193 599 193
570 194 599 194
570 227 579 229
570 272 599 272
570 278 599 278
570 304 579 306
570 310 599 310
570 323 584 324
570 389 599 389
570 451 599 451
570 466 584 467
570 475 579 477
570 520 576 523
570 527 599 527
570 528 599 528
571 4 600 4
571 91 580 93
571 166 600 166
571 206 585 207
571 238 580 240
571 273 600 273
571 299 594 299
571 362 600 362
571 412 600 412
571 431 600 431
571 452 600 452
571 493 600 493
571 494 600 494
572 14 586 15
572 16 586 17
572 23 576 28
572 31 601 31
572 64 581 66
572 67 601 67
572 150 581 152
572 186 601 186
572 201 581 203
572 235 601 235
568 247 597 247
572 345 586 346
572 394 581 396
572 410 598 410
572 443 601 443
572 446 601 446
572 462 601 462
572 468 601 468
572 473 601 473
571 505 600 505
573 3 602 3
573 5 587 6
573 21 602 21
573 32 587 33
573 34 602 34
573 70 602 70
573 112 602 112
573 132 602 132
573 160 577 165
573 225 587 226
573 230 602 230
573 270 602 270
573 316 602 316
573 320 602 320
573 337 602 337
573 338 602 338
573 448 602 448
573 457 587 458
573 469 582 471
573 480 602 480
573 485 578 489
573 500 602 500
573 501 602 501
573 525 602 525
573 529 599 529
574 7 603 7
574 95 583 97
574 113 603 113
574 127 583 129
574 136 603 136
574 250 578 255
574 275 603 275
574 277 603 277
574 301 603 301
574 315 603 315
574 367 588 368
574 372 603 372
574 408 603 408
574 426 588 427
574 428 603 428
574 437 588 438
574 441 588 442
574 454 588 455
574 472 603 472
575 8 589 9
575 39 584 41
575 48 589 49
575 56 604 56
575 144 584 146
575 170 604 170
575 175 589 176
575 178 604 178
575 184 604 184
575 223 596 223
575 249 604 249
575 260 604 260
575 280 604 280
575 284 580 288
575 296 604 296
575 311 584 313
575 340 589 341
575 342 589 343
575 401 604 401
575 405 589 406
575 432 589 433
575 516 603 516
576 58 605 58
576 90 605 90
576 99 603 99
576 167 590 168
576 196 590 197
576 208 585 210
576 218 605 218
576 232 585 234
576 267 605 267
576 330 581 334
576 350 590 351
576 363 590 364
576 380 590 381
576 384 605 384
576 387 590 388
576 397 585 399
576 459 605 459
577 23 591 24
577 25 586 27
577 28 606 28
577 42 606 42
577 103 591 104
577 110 606 110
577 117 586 119
577 264 591 265
577 353 606 353
577 355 591 356
576 361 599 361
576 374 605 374
577 392 606 392
577 429 606 429
577 520 586 522
577 523 606 523
578 35 592 36
578 52 607 52
578 100 587 102
578 105 592 106
578 160 582 165
578 181 587 183
578 213 607 213
578 244 587 246
578 281 587 283
578 292 587 294
578 295 607 295
578 326 592 327
578 439 592 440
578 453 607 453
578 461 607 461
578 463 592 464
578 506 587 508
578 518 607 518
579 18 608 18
579 38 608 38
579 57 608 57
579 61 608 61
579 107 588 109
579 140 593 141
579 179 608 179
579 180 608 180
579 198 608 198
579 216 608 216
579 250 583 255
579 370 607 370
579 382 593 383
579 444 593 445
579 485 608 485
579 486 588 488
579 489 608 489
579 519 608 519
580 44 589 46
580 62 594 63
580 76 594 77
580 115 609 115
580 137 589 139
580 172 589 174
580 189 594 190
580 220 609 220
580 227 589 229
580 241 609 241
580 269 609 269
580 304 589 306
580 307 609 307
580 335 594 336
580 347 609 347
580 413 594 414
580 419 609 419
577 447 606 447
580 475 589 477
580 484 609 484
580 497 594 498
580 536 592 537
581 88 593 89
581 91 590 93
581 149 610 149
581 211 595 212
581 238 590 240
581 266 610 266
581 284 610 284
581 286 590 288
581 308 610 308
581 318 595 319
581 328 595 329
581 365 610 365
581 530 590 532
581 538 610 538
582 64 596 65
582 80 596 81
582 83 596 84
582 124 611 124
582 126 611 126
582 150 587 154
582 159 611 159
582 201 591 203
582 215 611 215
582 256 611 256
582 309 610 309
582 314 611 314
582 330 611 330
582 331 591 333
582 344 611 344
582 366 611 366
582 394 591 396
582 402 596 403
582 421 591 423
582 424 611 424
582 450 611 450
582 490 596 491
582 511 591 513
583 1 597 2
583 66 612 66
583 72 612 72
583 74 612 74
583 160 587 165
583 171 612 171
583 195 612 195
583 199 612 199
583 291 612 291
583 348 597 349
583 371 607 371
583 379 612 379
583 469 592 471
583 515 612 515
583 534 612 534
584 79 613 79
584 95 593 97
584 127 593 129
584 135 613 135
584 242 598 243
584 250 588 255
584 257 613 257
584 258 613 258
584 354 613 354
584 357 590 360
584 377 598 378
584 393 613 393
584 425 613 425
584 435 598 436
584 495 598 496
584 514 613 514
585 39 594 41
585 47 614 47
585 82 614 82
584 94 613 94
585 144 594 146
585 177 614 177
585 285 614 285
585 311 594 313
585 323 599 324
585 373 614 373
585 385 614 385
585 466 599 467
586 10 615 10
586 130 615 130
586 206 591 210
586 232 595 234
586 397 615 397
586 399 600 400
586 456 615 456
586 509 615 509
587 12 616 12
587 14 616 14
587 25 596 27
587 43 616 43
587 117 593 120
587 279 616 279
587 334 616 334
587 345 600 346
587 411 616 411
587 415 616 415
584 420 613 420
587 520 596 522
588 5 602 6
588 17 617 17
588 22 617 22
588 32 602 33
588 100 597 102
588 150 593 154
588 160 592 165
588 181 597 183
588 224 597 226
588 231 617 231
588 244 597 246
588 281 597 283
588 292 597 294
588 317 617 317
588 339 617 339
588 376 617 376
588 457 602 458
588 506 597 508
589 107 598 109
589 214 618 214
589 237 618 237
589 250 603 251
589 252 618 252
589 253 598 255
589 261 618 261
589 367 598 369
589 398 618 398
589 416 618 416
589 426 618 426
589 427 618 427
589 437 603 438
589 441 603 442
589 454 603 455
589 486 598 488
590 8 619 8
590 9 619 9
590 29 619 29
590 44 599 46
590 48 604 49
590 78 619 78
590 137 599 139
590 147 619 147
590 172 595 176
590 227 599 229
590 276 612 276
590 304 619 304
590 305 604 306
590 325 619 325
590 340 599 342
590 343 618 343
590 405 600 406
590 430 619 430
590 432 604 433
590 449 619 449
590 475 599 477
590 478 619 478
591 55 620 55
591 91 600 93
591 133 620 133
591 167 605 168
591 196 605 197
591 238 605 239
591 286 605 287
591 288 620 288
591 303 620 303
591 350 620 350
591 351 620 351
591 363 605 364
591 381 620 381
591 387 620 387
591 388 620 388
591 481 620 481
591 492 620 492
591 504 620 504
591 524 620 524
591 530 600 532
592 23 606 24
592 103 606 104
592 114 621 114
587 123 616 123
592 185 621 185
592 201 594 210
592 217 621 217
592 236 615 236
592 240 621 240
592 248 621 248
592 264 606 265
592 271 621 271
592 289 621 289
592 331 601 333
592 355 606 356
592 394 601 396
592 404 621 404
592 421 601 423
592 460 621 460
592 511 601 513
593 0 622 0
593 35 607 36
593 59 622 59
593 75 622 75
593 105 607 106
593 116 622 116
593 148 622 148
593 160 597 165
593 188 622 188
593 200 614 200
593 290 622 290
593 326 607 327
593 352 622 352
593 357 599 360
593 439 607 440
593 463 604 464
593 469 602 471
593 510 618 510
593 526 622 526
593 533 622 533
593 535 602 537
594 13 623 13
594 20 623 20
593 53 622 53
594 73 623 73
600 85 614 86
594 95 603 97
594 127 603 129
594 140 608 141
594 142 623 142
594 150 599 154
594 221 623 221
594 262 623 262
594 375 618 375
594 382 605 383
594 390 623 390
594 409 623 409
594 445 623 445
595 39 604 41
595 62 609 63
595 76 624 76
594 85 599 89
595 117 601 120
595 144 604 146
595 157 609 158
595 189 604 191
595 201 624 201
595 202 624 202
595 203 609 204
595 205 599 210
595 263 624 263
592 268 621 268
595 300 624 300
595 302 624 302
595 311 604 313
595 321 609 322
595 335 609 336
595 386 620 386
595 391 624 391
595 413 624 413
595 417 609 418
595 497 604 499
596 19 625 19
596 30 625 30
596 71 617 71
596 125 625 125
596 131 625 131
596 172 601 176
596 211 610 212
596 232 625 232
596 233 610 234
595 297 604 299
596 318 610 319
596 328 608 329
596 465 625 465
596 482 625 482
596 502 625 502
597 16 626 16
597 25 606 27
597 50 626 50
597 64 611 65
597 80 611 81
597 83 611 84
597 121 626 121
597 169 626 169
597 187 626 187
597 192 626 192
597 222 611 223
597 402 611 403
597 490 611 491
597 503 626 503
597 520 606 522
598 1 612 2
598 51 627 51
598 68 612 69
598 100 612 101
598 102 627 102
598 160 602 165
598 181 607 183
598 224 627 224
598 225 612 226
598 244 607 246
598 247 625 247
598 259 627 259
598 281 607 283
598 292 607 294
598 348 612 349
598 474 627 474
598 506 607 508
598 517 627 517
599 11 628 11
599 107 628 107
599 108 613 109
599 111 628 111
597 134 626 134
599 143 628 143
599 219 622 219
599 242 613 243
599 253 608 255
599 367 607 369
599 377 613 378
599 434 608 436
599 444 628 444
599 479 620 479
599 483 628 483
599 487 628 487
599 488 628 488
599 495 613 496
600 37 629 37
600 44 609 46
600 54 629 54
600 87 609 89
600 122 627 122
600 137 609 139
600 150 604 155
600 156 628 156
600 193 614 194
600 205 604 210
600 227 614 228
600 229 629 229
600 272 629 272
600 278 629 278
600 310 629 310
600 323 614 324
600 340 609 342
600 357 609 359
600 360 614 361
600 389 629 389
600 451 629 451
600 466 614 467
600 475 609 477
600 527 629 527
600 528 614 529
601 4 630 4
601 91 610 93
601 166 630 166
601 362 630 362
601 399 615 400
601 405 610 407
601 412 629 412
601 431 630 431
601 452 629 452
601 493 615 494
601 505 630 505
601 530 610 532
602 31 631 31
602 117 611 119
602 172 607 176
602 186 631 186
602 235 631 235
602 331 611 333
601 345 615 346
602 394 616 395
602 396 631 396
599 410 628 410
602 421 611 423
602 443 631 443
602 446 631 446
602 468 631 468
602 473 631 473
602 511 611 513
603 3 632 3
603 5 617 6
603 21 632 21
603 32 612 34
603 70 632 70
603 112 632 112
603 132 632 132
603 160 608 164
603 165 632 165
603 230 632 230
603 270 628 270
603 316 632 316
603 320 632 320
603 337 617 338
603 448 630 448
603 457 617 458
603 469 612 471
603 480 632 480
603 500 617 501
603 525 626 525
603 535 612 537
604 7 633 7
604 67 633 67
604 95 613 97
604 98 618 99
604 113 633 113
604 127 613 129
604 136 633 136
604 250 618 251
604 273 618 274
604 275 633 275
604 301 633 301
604 315 633 315
604 408 629 408
604 428 633 428
604 437 618 438
604 441 618 442
604 455 633 455
604 472 633 472
605 39 614 41
605 48 634 48
605 49 634 49
605 56 634 56
605 144 614 146
605 150 609 155
605 170 634 170
605 178 634 178
605 184 634 184
605 189 614 191
605 205 609 210
605 249 634 249
605 260 634 260
605 280 634 280
605 296 614 298
605 299 634 299
605 305 619 306
605 311 614 313
605 401 634 401
605 432 619 433
605 462 614 464
605 497 613 499
604 516 633 516
606 58 635 58
606 60 635 60
606 77 635 77
606 90 635 90
606 167 620 168
606 196 620 197
606 218 635 218
606 238 620 239
606 267 635 267
606 286 620 287
606 363 620 364
606 374 635 374
606 382 615 384
606 459 635 459
607 23 611 28
607 42 636 42
607 103 621 104
607 110 636 110
607 264 621 265
607 353 636 353
607 355 621 356
607 392 636 392
607 429 636 429
607 447 630 447
607 520 616 522
607 523 636 523
608 35 622 36
608 52 637 52
608 105 622 106
608 172 613 176
608 181 617 183
608 213 637 213
608 244 617 246
608 281 617 283
608 292 617 294
608 295 637 295
608 326 637 326
608 367 612 372
608 439 622 440
608 453 622 454
608 461 637 461
608 486 637 486
608 506 617 508
608 518 637 518
609 18 638 18
609 38 638 38
609 61 638 61
609 140 623 141
609 160 614 164
609 179 623 180
609 198 638 198
609 253 618 255
609 327 618 329
609 380 638 380
609 434 623 435
609 485 638 485
609 489 638 489
609 519 638 519
610 44 619 46
610 62 624 63
610 87 619 89
610 115 639 115
610 137 624 138
610 139 639 139
610 150 614 155
610 157 624 158
610 203 619 205
610 206 615 210
610 220 639 220
610 241 639 241
610 269 639 269
610 307 639 307
610 321 639 321
610 322 639 322
610 335 624 336
610 340 619 342
610 347 639 347
610 357 619 359
610 414 639 414
610 417 619 419
610 475 619 477
610 484 639 484
611 91 620 93
611 149 640 149
611 211 625 212
611 233 625 234
611 266 640 266
611 284 640 284
611 308 625 309
611 318 625 319
611 365 640 365
611 405 620 407
611 530 620 532
611 538 640 538
612 23 616 28
612 64 623 65
612 80 641 80
612 81 641 81
612 83 641 83
612 84 641 84
612 117 621 119
612 124 641 124
612 126 641 126
612 159 641 159
612 215 641 215
612 222 626 223
612 256 641 256
612 314 640 314
612 330 621 332
612 344 641 344
612 366 641 366
612 403 637 403
612 421 621 423
612 424 635 424
612 450 641 450
612 490 626 491
612 511 621 513
613 1 642 1
613 2 642 2
613 32 622 34
613 68 627 69
613 100 627 101
613 171 642 171
613 195 642 195
613 199 638 199
613 225 627 226
613 276 627 277
613 291 642 291
613 348 627 349
613 367 617 372
613 379 642 379
613 469 622 471
613 515 634 515
613 534 622 536
613 537 640 537
614 15 643 15
614 79 643 79
614 94 623 96
614 97 643 97
614 108 628 109
614 120 643 120
614 127 623 129
614 135 638 135
614 172 619 176
614 242 628 243
614 257 628 258
614 354 643 354
614 377 628 378
614 393 643 393
614 425 635 425
614 436 643 436
614 495 643 495
614 496 620 499
614 514 643 514
615 39 644 39
615 40 644 40
615 41 644 41
615 47 644 47
615 82 641 82
615 144 624 146
615 150 619 155
615 160 624 162
615 163 644 163
615 164 644 164
615 177 644 177
615 189 624 191
615 193 629 194
615 227 629 228
615 285 644 285
615 298 644 298
615 311 624 313
615 323 627 324
615 333 644 333
615 360 629 361
615 373 644 373
615 385 644 385
615 462 644 462
615 463 629 464
615 466 629 467
615 528 629 529
616 10 645 10
616 130 645 130
616 206 621 210
616 345 645 345
616 346 645 346
616 382 625 384
616 397 645 397
616 399 630 400
616 456 645 456
616 493 630 494
616 509 645 509
617 14 646 14
617 23 621 28
617 43 646 43
617 74 646 74
617 85 646 85
617 123 646 123
617 279 646 279
617 296 646 296
617 334 646 334
617 395 646 395
617 411 646 411
617 415 646 415
617 420 646 420
617 520 626 522
618 5 632 6
618 17 647 17
618 71 632 72
618 181 627 183
618 231 647 231
618 244 627 246
618 281 627 283
618 292 627 294
618 317 641 317
618 337 627 339
618 367 622 372
618 402 647 402
618 457 632 458
618 500 632 501
618 506 627 508
619 98 648 98
619 99 648 99
619 214 648 214
619 237 648 237
619 250 623 255
619 261 648 261
619 274 648 274
619 297 648 297
619 327 628 329
619 375 633 376
619 416 648 416
619 426 633 427
619 437 633 438
619 441 633 442
620 8 634 9
620 29 649 29
620 44 629 46
620 87 649 87
620 89 649 89
620 147 649 147
620 150 624 155
620 172 625 176
620 203 629 205
620 304 629 306
620 340 629 342
619 343 648 343
620 357 629 359
620 417 629 419
620 430 649 430
620 432 634 433
620 449 649 449
620 475 629 477
621 55 650 55
621 91 630 93
621 133 646 133
621 167 649 167
621 168 650 168
621 196 635 197
621 238 635 239
621 286 635 287
621 288 650 288
621 303 650 303
621 350 635 351
621 363 635 364
621 381 650 381
621 387 635 388
621 405 635 406
621 478 635 479
621 481 650 481
621 492 650 492
621 496 630 498
621 504 650 504
621 530 630 532
622 12 651 12
622 22 626 27
622 28 649 28
622 103 636 104
622 114 651 114
622 117 636 118
622 119 651 119
622 185 651 185
622 206 627 210
622 217 646 217
616 236 645 236
622 240 651 240
622 248 651 248
622 264 636 265
622 268 651 268
622 271 651 271
622 289 651 289
622 330 631 332
622 355 636 356
622 404 651 404
622 421 631 423
622 460 651 460
622 499 651 499
622 511 631 513
623 0 652 0
623 32 628 36
623 53 652 53
623 59 652 59
623 75 652 75
623 105 637 106
623 116 652 116
623 148 652 148
623 188 652 188
615 200 644 200
623 273 652 273
623 290 652 290
623 352 651 352
623 367 627 372
623 439 637 440
623 453 637 454
623 469 632 471
619 510 648 510
623 526 652 526
623 533 630 535
624 20 653 20
624 64 633 66
624 73 653 73
624 86 653 86
624 94 633 96
624 127 633 129
624 140 633 142
624 179 638 180
624 221 653 221
624 250 628 255
624 262 653 262
624 390 653 390
624 409 653 409
624 434 638 435
624 536 653 536
625 62 639 63
625 76 653 76
625 78 654 78
625 137 639 138
625 144 634 146
625 150 629 155
625 157 654 157
625 158 654 158
625 160 634 162
625 189 634 191
625 201 639 202
625 263 654 263
625 300 654 300
625 302 654 302
625 311 634 313
625 335 639 336
621 386 650 386
625 391 654 391
625 524 654 524
626 19 655 19
626 30 655 30
626 131 655 131
626 172 631 176
626 211 640 212
626 232 635 234
626 308 640 309
626 318 640 319
626 382 640 383
626 465 655 465
626 502 655 502
627 16 656 16
627 22 631 27
627 50 656 50
627 121 656 121
627 134 656 134
627 169 656 169
627 187 656 187
627 192 656 192
627 222 641 223
627 490 641 491
627 503 656 503
627 520 636 522
628 51 657 51
628 57 657 57
628 68 642 69
628 100 636 102
628 181 637 183
628 206 633 210
628 224 637 226
628 244 637 246
626 247 655 247
628 259 657 259
628 276 657 276
628 281 657 281
628 292 637 294
628 323 637 325
628 337 637 339
628 348 642 349
628 367 632 372
628 474 657 474
628 506 637 508
628 517 657 517
629 11 658 11
629 32 634 36
629 107 638 109
629 111 658 111
629 143 658 143
629 216 658 216
623 219 652 219
629 242 643 243
629 250 658 250
629 251 643 252
629 253 638 255
629 257 658 257
629 327 638 329
629 377 658 377
629 378 658 378
629 398 658 398
629 444 658 444
629 487 643 488
630 44 659 44
630 45 659 45
630 54 659 54
630 88 659 88
628 122 657 122
630 150 634 155
629 156 658 156
630 193 644 194
630 203 639 205
630 227 639 229
630 272 658 272
630 304 639 306
630 310 659 310
630 340 639 342
630 357 635 361
630 389 659 389
630 407 644 408
630 412 644 413
630 417 639 419
630 445 659 445
630 451 644 452
630 463 644 464
630 466 644 467
630 475 639 477
630 482 659 482
630 527 639 529
631 4 660 4
631 46 660 46
631 91 640 93
631 166 660 166
631 258 660 258
631 277 660 277
631 362 660 362
631 400 660 400
631 431 660 431
631 493 645 494
631 496 640 498
631 505 656 505
631 530 660 530
631 531 636 535
632 22 636 27
632 31 661 31
632 172 637 176
632 235 661 235
632 282 646 283
632 330 641 332
632 396 660 396
632 421 641 423
632 443 661 443
632 446 661 446
632 468 661 468
632 473 661 473
632 511 641 513
633 3 662 3
633 5 647 6
633 21 662 21
633 70 642 72
633 112 662 112
633 132 662 132
633 165 662 165
633 230 662 230
629 270 658 270
633 320 662 320
633 367 637 372
633 410 662 410
631 447 645 448
633 457 662 457
633 458 662 458
633 469 642 471
633 480 662 480
633 500 647 501
627 525 656 525
634 7 663 7
634 64 643 66
634 94 643 96
634 113 663 113
634 127 643 129
634 140 643 142
634 186 663 186
634 206 639 210
634 275 663 275
634 301 663 301
634 315 663 315
634 375 648 376
634 394 663 394
634 426 643 428
634 437 646 438
634 441 648 442
634 455 663 455
634 472 663 472
635 8 649 9
635 32 639 37
635 48 664 48
635 49 664 49
635 56 664 56
635 144 644 146
635 150 639 155
635 160 644 162
635 170 664 170
635 178 664 178
635 184 664 184
635 189 644 191
635 249 664 249
635 260 664 260
635 280 664 280
635 299 664 299
635 311 649 312
635 313 664 313
635 401 664 401
635 432 649 433
635 483 664 483
635 515 649 516
636 13 665 13
636 58 665 58
636 60 665 60
636 77 665 77
636 90 665 90
636 196 650 197
636 232 645 234
636 238 650 239
636 267 665 267
636 286 650 287
636 350 650 351
636 357 641 361
636 363 650 364
636 387 650 388
636 405 650 406
636 459 665 459
636 478 650 479
637 22 641 27
637 42 664 42
637 103 651 104
637 110 666 110
637 117 651 118
637 264 651 265
637 278 666 278
637 353 666 353
637 355 651 356
637 392 666 392
637 429 666 429
637 521 646 523
637 531 642 535
638 52 667 52
637 100 646 102
638 105 667 105
638 106 667 106
638 125 667 125
638 172 643 176
638 181 647 183
638 213 667 213
638 224 647 226
638 244 652 245
638 246 663 246
638 292 652 293
638 294 667 294
638 295 667 295
638 323 647 325
638 326 667 326
638 337 647 339
638 367 642 372
638 439 652 440
638 453 652 454
638 461 666 461
638 486 667 486
638 506 647 508
639 18 668 18
639 38 668 38
639 61 668 61
639 108 668 108
639 135 653 136
639 179 653 180
639 198 653 199
639 253 648 255
639 327 648 329
639 380 668 380
639 434 653 435
639 485 667 485
639 489 668 489
639 519 668 519
640 32 644 37
640 62 654 63
640 115 669 115
640 137 649 139
640 150 644 155
640 201 642 210
640 220 669 220
640 227 649 229
640 241 669 241
640 269 669 269
640 304 649 306
640 307 669 307
640 321 654 322
640 335 654 336
640 340 649 342
640 347 669 347
640 374 669 374
640 414 669 414
640 417 669 417
640 475 649 477
640 484 669 484
640 527 649 529
641 91 650 93
641 109 670 109
641 149 670 149
641 211 655 212
641 266 670 266
641 284 670 284
641 308 655 309
641 318 654 319
641 365 670 365
641 382 650 384
641 496 650 498
641 537 655 538
642 22 646 27
642 80 671 80
642 82 651 84
642 126 671 126
642 159 669 159
642 215 671 215
642 222 656 223
642 256 671 256
641 314 670 314
642 316 656 317
642 330 651 332
642 344 671 344
642 357 647 361
642 366 671 366
638 403 667 403
642 421 650 423
636 424 650 425
642 450 671 450
642 490 656 491
642 511 651 513
643 1 657 2
643 67 647 72
643 171 672 171
643 195 672 195
643 201 645 210
643 291 672 291
643 348 672 348
643 349 672 349
643 367 647 372
643 379 668 379
643 418 672 418
643 469 652 471
643 531 648 535
644 15 673 15
644 64 653 66
644 79 673 79
644 94 673 94
644 95 653 97
644 120 673 120
644 127 653 129
644 140 653 142
644 172 649 176
644 242 658 243
644 251 658 252
644 354 673 354
644 393 673 393
644 426 653 428
644 436 673 436
644 487 673 487
644 488 673 488
644 495 673 495
644 514 673 514
645 32 674 32
645 34 654 36
645 39 654 41
645 144 654 146
645 150 649 155
645 160 650 164
645 189 654 191
645 193 659 194
645 200 674 200
645 285 674 285
645 298 674 298
645 333 674 333
645 373 674 373
645 385 674 385
645 399 674 399
645 407 659 408
645 412 659 413
645 419 674 419
645 451 674 451
645 452 674 452
645 462 654 464
645 466 659 467
646 10 674 10
646 81 675 81
646 130 675 130
646 201 650 206
646 207 660 208
646 209 675 209
646 210 675 210
646 232 655 234
646 236 675 236
646 345 660 346
646 397 675 397
646 447 660 448
646 456 675 456
646 493 660 494
646 509 675 509
647 14 675 14
647 22 651 27
647 43 676 43
647 47 676 47
647 74 676 74
647 85 674 85
647 100 656 102
647 123 675 123
647 177 676 177
647 217 661 218
647 279 676 279
647 282 661 283
647 334 676 334
647 395 676 395
647 411 676 411
647 415 676 415
647 420 676 420
647 522 676 522
648 5 662 6
648 17 677 17
648 67 652 72
648 107 677 107
648 181 657 183
648 224 657 226
648 231 677 231
648 323 657 325
648 337 657 339
648 357 653 361
648 367 652 372
648 402 677 402
648 500 677 500
648 501 677 501
648 506 656 508
648 523 677 523
649 98 663 99
649 214 678 214
649 237 678 237
649 253 663 254
649 255 678 255
649 261 678 261
649 274 678 274
649 297 678 297
649 327 658 329
649 343 678 343
649 375 663 376
647 437 661 438
649 441 663 442
649 510 678 510
649 531 654 535
650 8 664 9
650 29 679 29
650 37 679 37
650 87 679 87
650 89 679 89
650 124 679 124
650 137 659 139
650 147 679 147
650 150 654 155
650 172 655 176
650 227 659 229
650 304 659 306
650 311 664 312
650 340 659 342
650 416 679 416
650 430 672 430
650 432 664 433
650 449 679 449
650 475 659 477
650 515 679 515
650 521 679 521
650 527 659 529
651 55 680 55
651 91 660 93
647 133 676 133
651 160 665 161
651 162 665 163
651 164 680 164
650 167 679 167
651 168 680 168
651 196 665 197
651 201 680 201
651 202 656 206
651 238 665 239
651 286 659 288
651 303 680 303
651 350 680 350
651 363 662 364
651 381 660 383
651 384 680 384
651 386 660 388
651 405 665 406
651 421 656 425
651 478 680 478
651 479 680 479
651 481 680 481
651 492 679 492
651 496 660 498
651 520 680 520
652 12 681 12
652 22 656 27
650 28 679 28
652 82 666 83
652 104 681 104
652 114 681 114
652 117 661 119
652 185 681 185
652 240 681 240
652 248 681 248
652 264 666 265
652 268 681 268
652 330 661 332
652 351 666 352
652 355 681 355
652 356 681 356
652 404 681 404
652 460 681 460
652 499 681 499
652 511 661 513
653 0 682 0
653 53 682 53
653 59 682 59
653 67 662 69
653 70 662 72
653 75 682 75
653 116 681 116
653 148 682 148
653 188 682 188
653 219 682 219
653 244 663 245
653 271 682 271
653 273 682 273
653 290 682 290
653 292 667 293
653 296 682 296
653 367 657 372
653 439 667 440
653 453 667 454
653 469 662 471
654 20 683 20
654 64 663 66
654 73 681 73
654 86 683 86
654 95 663 97
654 127 663 129
654 135 668 136
654 140 663 142
654 179 668 180
654 199 683 199
654 221 683 221
654 262 683 262
654 357 663 359
654 360 668 361
654 390 683 390
654 409 683 409
654 426 663 428
654 434 668 435
654 536 683 536
655 33 664 35
655 36 684 36
655 39 664 41
655 62 669 63
654 76 683 76
655 78 684 78
655 144 664 146
655 150 669 151
655 152 669 153
655 154 669 155
655 157 669 158
655 189 664 191
655 263 684 263
655 300 684 300
655 302 684 302
655 321 684 321
655 322 684 322
655 335 667 336
655 391 683 391
655 462 664 464
655 518 684 518
655 524 677 524
655 531 660 535
656 19 685 19
656 30 685 30
656 131 685 131
656 172 661 176
656 211 670 212
656 232 665 234
656 247 685 247
656 308 669 309
655 318 669 319
656 465 685 465
656 502 685 502
656 537 670 538
657 16 686 16
657 22 661 27
657 50 686 50
657 100 666 102
657 121 678 121
657 134 686 134
657 169 686 169
657 187 685 187
657 192 686 192
657 202 662 206
657 222 686 222
657 223 686 223
657 317 686 317
657 422 686 422
657 423 686 423
657 490 671 491
657 503 686 503
657 504 662 508
658 1 672 2
658 51 687 51
658 57 681 57
658 122 687 122
658 181 667 183
658 224 667 226
658 259 687 259
658 276 687 276
658 281 687 281
658 324 672 325
658 337 667 339
658 367 662 372
658 424 687 424
658 474 687 474
658 517 687 517
658 525 687 525
658 526 687 526
659 11 681 11
659 111 688 111
659 143 688 143
659 156 688 156
659 216 688 216
659 242 673 243
659 250 668 252
659 270 688 270
659 316 688 316
659 323 688 323
659 327 668 329
659 377 673 378
659 398 688 398
659 444 688 444
660 44 674 45
660 54 689 54
660 88 688 88
660 137 669 139
660 194 689 194
660 227 669 229
659 272 688 272
660 286 666 289
660 304 669 306
660 310 689 310
660 340 669 342
660 389 682 389
660 407 674 408
660 412 674 413
660 421 689 421
660 445 689 445
660 466 674 467
660 475 669 477
660 482 689 482
660 527 669 529
661 4 687 4
661 46 690 46
661 91 670 93
661 103 690 103
661 166 690 166
661 207 675 208
661 257 690 257
661 258 690 258
661 277 690 277
661 345 675 346
661 381 670 383
661 386 670 388
661 400 690 400
661 447 675 448
661 493 675 494
661 496 670 498
661 530 665 535
662 22 666 27
662 31 691 31
662 117 671 119
662 172 667 176
662 193 691 193
662 217 690 217
662 235 691 235
662 282 691 282
662 283 691 283
662 330 691 330
662 332 691 332
661 396 690 396
662 437 673 438
662 443 691 443
662 446 691 446
662 468 691 468
662 473 691 473
662 511 671 513
663 3 687 3
663 5 677 6
663 21 692 21
663 67 667 72
663 112 692 112
663 165 692 165
663 202 668 206
663 230 692 230
663 320 692 320
663 362 672 364
663 367 667 372
663 410 692 410
663 457 675 458
663 469 677 470
663 480 692 480
663 504 668 508
664 7 693 7
664 64 673 66
664 95 669 99
664 113 693 113
664 127 673 129
664 140 693 140
664 141 678 142
664 253 678 254
664 301 687 301
664 315 693 315
664 331 693 331
664 357 673 359
664 375 678 376
664 394 693 394
664 425 673 427
664 428 693 428
664 441 678 442
664 455 693 455
664 472 693 472
665 8 679 9
665 34 679 35
665 39 679 40
665 41 679 42
665 48 679 49
665 56 694 56
665 144 674 146
665 170 694 170
665 178 694 178
665 184 694 184
665 189 674 191
665 249 688 249
665 260 694 260
665 280 687 280
665 299 694 299
665 311 674 313
665 401 694 401
665 432 679 433
665 462 674 464
665 483 694 483
666 13 695 13
666 58 695 58
666 60 695 60
666 77 695 77
666 90 695 90
666 160 675 162
666 163 695 163
666 196 680 197
666 232 675 234
666 238 680 239
666 267 695 267
666 405 680 406
666 459 695 459
666 530 670 535
667 22 671 27
667 82 696 82
667 100 676 102
667 110 696 110
667 264 681 265
667 278 696 278
667 286 676 288
667 351 676 353
667 392 696 392
667 429 696 429
668 52 697 52
668 67 672 72
668 105 682 106
668 125 697 125
668 172 682 173
668 175 682 176
668 181 682 182
668 213 697 213
668 224 677 226
673 244 697 244
664 244 672 246
668 292 677 294
668 295 697 295
668 326 697 326
668 335 677 337
668 338 697 338
668 339 697 339
668 367 677 369
668 370 677 372
668 439 682 440
668 453 682 454
667 461 696 461
668 485 682 486
669 18 698 18
669 33 698 33
669 38 698 38
669 61 691 61
669 108 698 108
669 135 683 136
669 179 683 180
669 202 674 206
669 250 678 252
669 327 678 329
669 360 683 361
669 379 683 380
669 403 698 403
669 434 683 435
669 489 698 489
669 504 674 508
669 519 698 519
670 62 684 63
670 95 675 99
670 115 699 115
670 137 684 138
670 139 696 139
670 150 679 152
670 153 679 155
670 157 679 159
670 198 699 198
670 218 699 218
670 220 699 220
670 227 679 229
670 241 699 241
670 269 699 269
670 304 679 306
670 307 679 309
670 318 684 319
670 340 679 342
670 347 699 347
670 374 699 374
670 414 699 414
670 475 684 476
670 477 699 477
670 484 699 484
670 516 699 516
670 527 679 529
671 91 680 93
671 109 700 109
671 149 700 149
671 211 685 212
671 266 700 266
671 284 700 284
671 314 700 314
671 365 700 365
671 381 680 383
671 386 680 388
671 496 680 498
671 530 675 534
671 537 685 538
672 22 676 27
672 80 697 80
672 117 681 119
672 126 701 126
672 215 696 215
672 256 701 256
672 275 701 275
672 344 701 344
672 366 701 366
672 450 701 450
672 490 686 491
672 511 681 513
673 1 687 2
673 67 678 71
673 171 702 171
673 174 702 174
673 183 702 183
673 195 702 195
673 245 702 245
673 246 702 246
673 291 696 291
673 325 702 325
673 348 687 349
673 362 682 364
673 418 702 418
673 430 687 431
674 15 700 15
674 64 683 66
674 79 703 79
674 83 703 83
674 94 703 94
674 127 683 129
674 242 688 243
674 354 703 354
674 357 683 359
674 377 688 378
674 393 703 393
674 425 703 425
674 426 688 427
674 436 683 438
674 487 688 488
674 495 703 495
675 32 704 32
675 44 689 45
675 84 689 85
675 144 684 146
675 189 684 191
675 200 704 200
675 202 680 206
675 285 704 285
675 298 704 298
675 311 687 312
675 324 704 324
675 333 704 333
675 373 704 373
675 385 704 385
675 399 704 399
675 407 689 408
675 412 689 413
675 419 704 419
675 451 689 452
675 462 684 464
675 466 689 467
675 471 704 471
675 504 680 508
675 10 704 10
676 81 697 81
676 95 681 99
676 130 705 130
676 132 705 132
676 160 685 162
676 207 685 209
676 210 705 210
676 232 685 234
676 236 705 236
676 345 690 346
676 397 705 397
676 447 690 448
676 456 685 458
676 493 690 494
676 509 705 509
676 530 681 534
671 535 700 535
676 14 705 14
677 22 681 27
677 43 706 43
677 47 706 47
677 74 706 74
677 100 686 102
676 123 705 123
677 133 705 133
677 177 706 177
677 186 706 186
677 279 706 279
677 286 686 288
677 334 706 334
677 351 686 353
677 395 706 395
677 411 706 411
677 415 706 415
677 522 706 522
678 5 692 6
678 17 707 17
678 72 707 72
678 107 707 107
678 224 687 226
678 231 703 231
678 292 687 294
678 335 687 337
678 367 682 372
678 402 707 402
678 469 707 469
678 470 707 470
678 500 692 501
678 523 691 524
679 67 684 71
679 120 693 121
679 141 693 142
679 214 708 214
679 237 708 237
679 250 683 255
679 261 708 261
679 274 708 274
679 297 704 297
679 327 688 329
679 343 708 343
679 375 693 376
679 441 693 442
679 510 708 510
680 8 693 9
680 28 694 29
680 34 693 35
680 37 709 37
680 39 689 41
680 42 709 42
680 49 709 49
680 87 709 87
680 89 706 89
680 124 709 124
680 147 709 147
680 150 684 155
680 157 689 159
680 167 709 167
680 227 694 228
680 304 684 309
680 340 689 342
680 416 709 416
680 432 694 433
680 449 709 449
680 515 709 515
680 521 709 521
680 527 689 529
681 55 710 55
681 91 690 93
681 164 710 164
681 168 710 168
681 196 695 197
681 201 685 206
681 238 695 239
681 303 710 303
681 350 710 350
681 381 690 383
681 384 710 384
681 386 710 386
681 387 710 387
681 405 695 406
681 478 695 479
681 481 710 481
680 492 709 492
681 496 690 498
681 504 686 508
681 520 705 520
682 11 696 12
682 22 686 27
682 95 687 99
682 104 711 104
682 114 711 114
682 116 688 119
682 185 711 185
682 229 711 229
682 240 711 240
682 248 711 248
682 264 710 264
682 268 711 268
682 355 696 356
682 404 711 404
682 460 711 460
682 499 711 499
682 511 691 513
682 530 691 532
682 534 711 534
683 0 712 0
683 53 712 53
683 59 712 59
683 75 712 75
683 105 697 106
683 148 712 148
683 172 697 173
683 175 697 176
683 181 697 182
683 188 712 188
683 219 712 219
683 271 712 271
683 273 712 273
683 296 712 296
683 362 692 364
683 367 687 372
683 388 697 389
683 439 697 440
683 453 697 454
683 485 697 486
684 20 713 20
684 64 693 66
682 73 711 73
684 76 713 76
684 86 706 86
684 127 693 129
684 135 698 136
684 179 698 180
684 199 713 199
684 221 713 221
684 250 688 255
684 262 708 262
684 265 713 265
684 357 689 361
684 379 713 379
684 390 698 391
684 409 713 409
684 434 712 434
684 435 698 436
684 437 698 438
684 536 713 536
685 36 714 36
685 63 713 63
685 67 690 71
685 78 714 78
685 137 714 137
685 138 714 138
685 144 694 146
685 150 689 155
685 189 699 190
685 300 714 300
685 304 689 309
685 318 699 319
685 321 699 322
685 462 694 464
685 475 699 476
685 518 714 518
686 19 715 19
686 30 715 30
686 160 695 162
686 201 690 206
686 207 695 209
686 211 700 212
686 232 695 234
686 247 715 247
686 456 695 458
686 465 715 465
686 502 715 502
686 537 700 538
687 22 691 27
687 50 716 50
687 100 701 101
687 102 714 102
687 134 716 134
687 169 716 169
686 187 715 187
687 192 716 192
687 222 701 223
687 286 692 290
687 317 716 317
687 351 696 353
687 380 716 380
687 422 716 422
687 423 716 423
687 490 701 491
687 503 691 508
688 1 717 1
688 2 697 4
688 51 716 51
682 57 711 57
688 95 693 99
688 122 717 122
688 131 717 131
688 224 697 226
688 259 717 259
688 276 717 276
688 280 702 281
688 292 697 294
688 301 702 302
688 311 697 313
688 335 697 337
688 348 702 349
688 367 692 372
688 424 717 424
688 430 702 431
688 474 717 474
688 517 717 517
688 525 702 526
689 111 718 111
689 143 718 143
689 156 718 156
689 242 703 243
689 249 698 251
689 252 703 253
689 254 703 255
689 270 718 270
689 316 718 316
689 323 711 323
689 327 698 329
689 377 703 378
689 398 718 398
689 426 703 427
689 444 718 444
689 487 703 488
690 39 699 41
690 44 704 45
690 54 719 54
690 85 719 85
689 88 718 88
690 150 694 155
690 157 699 159
690 272 719 272
690 304 694 309
690 310 719 310
690 340 699 342
690 357 695 361
690 407 704 408
690 412 704 413
690 420 704 421
690 445 719 445
690 451 704 452
690 466 704 467
690 482 719 482
690 527 699 529
691 46 720 46
691 67 696 71
691 84 720 84
691 91 720 91
691 92 705 93
691 103 720 103
691 116 697 119
691 166 720 166
691 191 720 191
691 201 695 206
691 216 705 217
691 257 705 258
691 277 720 277
691 345 705 346
691 381 700 383
691 396 720 396
691 400 720 400
691 447 705 448
691 493 705 494
691 496 700 498
691 514 720 514
692 22 696 27
692 31 721 31
692 61 706 62
692 193 721 193
692 235 721 235
692 282 706 283
692 330 721 330
692 332 721 332
692 443 720 443
692 446 721 446
692 468 721 468
692 473 721 473
692 503 696 508
692 511 701 513
692 530 701 532
693 5 707 6
693 21 722 21
693 112 722 112
693 165 722 165
693 194 722 194
693 230 722 230
693 287 722 287
693 288 707 289
693 320 722 320
693 362 702 364
693 367 697 372
693 480 722 480
693 500 722 500
693 501 722 501
692 523 706 524
694 7 703 9
694 64 703 66
694 95 699 99
694 113 723 113
694 120 708 121
694 127 708 128
694 129 723 129
694 140 703 142
694 315 723 315
694 331 723 331
694 375 708 376
694 394 723 394
694 417 723 417
694 428 723 428
694 441 708 442
694 455 722 455
695 28 709 29
694 34 708 35
695 56 724 56
695 144 704 146
695 150 704 152
695 153 709 154
695 155 724 155
695 170 718 170
695 178 724 178
695 184 724 184
695 227 724 227
695 228 724 228
695 260 724 260
695 299 724 299
695 304 699 309
695 401 724 401
695 432 709 433
695 462 704 464
695 483 724 483
696 13 724 13
696 58 725 58
696 60 725 60
696 77 725 77
696 90 725 90
696 160 705 162
696 163 725 163
696 196 710 197
696 201 700 206
696 207 705 209
696 232 705 234
696 238 710 239
696 263 725 263
696 267 725 267
696 357 701 361
696 405 710 406
696 456 710 457
696 458 710 459
696 478 710 479
697 12 726 12
697 22 701 27
697 67 702 71
697 110 726 110
697 278 726 278
697 290 711 291
697 351 706 353
697 355 711 356
697 392 726 392
697 429 726 429
697 461 726 461
697 503 701 508
697 533 726 533
698 3 727 3
698 4 727 4
698 48 727 48
698 52 727 52
698 80 707 82
698 105 712 106
698 116 707 118
698 119 727 119
698 125 727 125
698 172 712 173
698 175 712 176
698 181 712 182
698 213 727 213
698 224 707 226
698 244 727 244
698 292 707 294
698 295 727 295
698 311 712 312
698 313 727 313
698 326 727 326
698 335 703 339
698 367 702 372
698 388 712 389
698 439 712 440
698 453 712 454
698 485 712 486
699 18 726 18
699 33 728 33
699 38 728 38
699 108 728 108
699 135 713 136
699 179 713 180
699 249 708 251
699 327 708 329
699 390 713 391
699 403 728 403
699 435 728 435
699 436 708 438
699 489 721 489
699 519 728 519
700 39 709 41
700 95 705 99
700 115 729 115
697 139 726 139
700 157 709 159
700 189 714 190
700 198 729 198
700 218 728 218
700 220 729 220
700 269 729 269
700 304 704 309
700 318 714 319
700 322 729 322
700 340 709 342
700 347 729 347
700 374 729 374
700 414 729 414
700 475 709 477
700 484 729 484
700 516 729 516
700 527 709 529
701 15 715 16
701 109 730 109
701 149 730 149
701 201 705 206
701 211 715 212
701 241 730 241
701 266 730 266
701 284 730 284
701 321 730 321
701 365 730 365
701 381 710 383
701 496 715 497
701 498 730 498
701 535 726 535
701 537 715 538
702 22 706 27
702 100 716 101
702 126 727 126
697 215 726 215
702 222 716 223
702 256 731 256
702 275 731 275
702 344 731 344
702 357 707 361
702 366 731 366
702 450 731 450
702 490 716 491
702 503 706 508
702 511 711 513
702 530 711 532
703 11 732 11
703 67 707 71
703 171 732 171
703 174 732 174
703 195 732 195
703 245 717 246
703 280 717 281
703 286 732 286
703 301 714 302
703 314 732 314
703 325 732 325
703 348 717 349
703 362 712 364
703 367 707 372
703 418 732 418
703 430 717 431
703 525 717 526
704 7 713 9
704 64 713 66
704 94 728 94
704 140 713 142
704 242 717 243
704 252 713 254
704 335 709 339
704 354 733 354
704 377 718 378
704 393 733 393
704 425 713 427
704 487 718 488
704 495 733 495
705 32 732 32
705 44 734 44
705 45 734 45
705 144 714 146
705 150 714 152
705 200 734 200
705 285 734 285
705 297 719 298
705 304 709 309
705 333 734 333
705 373 734 373
705 385 734 385
705 399 734 399
705 407 719 408
705 412 719 413
705 419 714 421
705 451 719 452
705 462 714 464
705 466 734 466
705 467 734 467
705 471 719 472
706 10 735 10
706 14 735 14
706 92 720 93
706 95 711 99
706 123 735 123
706 130 735 130
706 132 720 133
706 160 720 161
706 162 735 162
706 183 735 183
706 201 708 210
706 216 720 217
706 232 720 233
706 234 735 234
706 236 733 236
706 257 720 258
706 345 720 346
706 397 735 397
706 410 735 410
706 447 720 448
706 493 720 494
706 509 735 509
707 2 736 2
707 22 711 27
707 43 736 43
707 47 736 47
707 61 721 62
707 74 736 74
707 177 736 177
707 186 736 186
707 279 736 279
707 282 721 283
707 334 736 334
707 351 716 353
707 395 736 395
707 411 734 411
707 415 736 415
707 503 711 508
707 522 716 524
708 5 722 6
708 17 737 17
708 67 712 72
708 80 722 81
708 107 737 107
708 116 717 118
708 224 717 226
704 231 733 231
708 288 722 289
708 292 717 294
708 357 713 361
708 367 712 372
708 402 737 402
708 469 722 470
709 34 723 35
709 82 738 82
709 120 723 121
709 127 723 128
709 201 711 210
709 214 738 214
709 237 738 237
709 249 718 251
709 261 723 262
709 274 738 274
709 327 718 329
709 343 731 343
709 375 723 376
709 436 718 438
709 441 723 442
710 28 724 29
710 37 739 37
710 39 719 41
710 42 739 42
710 49 739 49
710 87 736 87
707 89 736 89
710 124 739 124
710 147 739 147
710 153 724 154
710 157 719 159
710 167 739 167
710 304 714 309
710 335 714 340
710 341 724 342
710 416 739 416
710 432 724 433
710 449 739 449
710 475 719 477
710 492 739 492
710 510 739 510
710 521 739 521
710 527 719 529
711 55 740 55
711 164 740 164
711 168 740 168
711 196 725 197
711 238 725 239
711 303 740 303
711 350 740 350
711 381 720 383
711 384 740 384
711 386 740 386
711 387 740 387
711 405 725 406
711 456 720 458
711 459 740 459
711 478 725 479
711 481 740 481
706 520 735 520
712 22 716 27
712 57 741 57
712 73 741 73
712 95 726 96
712 98 726 99
712 104 741 104
712 185 738 185
712 201 716 206
712 207 721 209
712 210 741 210
712 229 739 229
712 240 741 240
712 248 741 248
711 264 740 264
712 268 741 268
712 290 726 291
712 323 726 324
712 355 726 356
712 404 741 404
712 460 740 460
712 499 741 499
712 503 716 508
712 511 721 513
712 530 739 530
712 531 726 532
712 534 741 534
713 0 742 0
713 59 742 59
713 67 717 72
713 75 742 75
713 79 742 79
713 105 727 106
713 148 742 148
713 172 727 173
713 175 727 176
713 181 727 182
713 188 742 188
713 219 742 219
713 255 742 255
713 271 742 271
713 273 742 273
713 296 741 296
713 311 727 312
713 362 722 364
713 367 717 372
713 388 742 388
713 389 742 389
713 439 727 440
713 453 727 454
713 485 727 486
714 7 743 7
714 8 743 8
714 20 741 20
714 63 728 64
714 65 728 66
714 76 743 76
714 83 743 83
707 86 736 86
714 114 743 114
714 135 728 136
714 140 723 142
714 179 728 180
714 199 743 199
714 221 743 221
714 252 723 254
714 357 719 361
714 379 743 379
714 390 728 391
714 409 743 409
714 425 743 425
714 426 728 427
713 434 742 434
714 536 743 536
715 36 744 36
715 78 744 78
715 137 729 138
715 144 744 144
715 145 729 146
715 150 724 152
715 189 729 190
715 300 724 302
715 304 719 309
715 318 729 319
715 335 719 340
715 419 724 421
715 462 724 464
715 515 744 515
715 518 744 518
716 16 745 16
716 30 745 30
716 187 745 187
716 211 730 212
716 247 745 247
716 465 745 465
716 496 730 497
716 502 745 502
716 537 730 538
717 22 721 27
717 50 730 51
717 100 731 101
715 102 744 102
717 134 746 134
717 169 746 169
717 192 746 192
717 201 721 206
717 222 731 223
717 265 746 265
717 317 746 317
717 351 726 353
717 380 746 380
717 422 731 423
717 490 731 491
717 503 721 508
717 522 726 524
718 9 747 9
718 53 747 53
718 67 722 72
718 116 747 116
718 117 747 117
718 118 747 118
718 122 746 122
718 131 747 131
718 224 732 225
718 226 747 226
718 245 730 246
718 259 747 259
718 276 747 276
718 280 732 281
718 292 727 294
718 348 747 348
718 349 747 349
718 367 722 372
718 424 747 424
718 430 732 431
718 474 743 474
718 517 747 517
718 525 747 525
718 526 747 526
719 15 748 15
719 88 748 88
719 97 748 97
719 111 748 111
719 143 748 143
719 156 748 156
718 242 732 243
719 249 728 251
719 270 748 270
719 316 748 316
719 327 728 329
719 377 733 378
719 398 748 398
719 436 728 438
719 444 748 444
719 487 748 487
720 40 734 41
720 54 749 54
720 85 745 85
720 157 729 159
720 272 749 272
720 297 734 298
720 304 724 309
720 310 749 310
720 335 724 340
720 357 725 361
720 407 734 408
720 412 734 413
720 445 749 445
720 451 734 452
720 471 734 472
720 475 729 477
720 482 749 482
720 527 749 527
720 528 734 529
721 39 750 39
721 46 750 46
721 84 750 84
721 91 735 92
721 103 750 103
721 132 748 132
721 160 735 161
721 166 750 166
721 191 750 191
721 216 735 217
721 232 735 233
721 257 735 258
721 277 750 277
721 345 750 345
721 346 750 346
721 381 730 383
721 396 750 396
721 400 747 400
721 447 735 448
721 456 730 458
721 493 735 494
721 514 744 514
722 22 731 24
722 25 751 25
722 26 736 27
722 31 751 31
722 61 736 62
722 193 751 193
722 201 726 206
722 207 751 207
722 208 751 208
722 235 751 235
722 282 736 283
722 330 751 330
722 332 751 332
721 443 750 443
722 446 750 446
722 468 751 468
722 488 736 489
722 503 726 508
722 511 731 513
723 5 737 6
723 21 752 21
723 67 728 71
723 72 752 72
723 80 752 80
723 81 752 81
723 112 752 112
723 133 752 133
723 165 752 165
723 194 752 194
723 230 752 230
723 287 732 289
723 320 752 320
723 362 732 364
723 367 727 372
723 469 737 470
723 480 752 480
723 500 737 501
724 34 738 35
724 113 753 113
724 120 738 121
724 127 733 129
724 140 733 142
724 209 753 209
724 252 733 254
724 261 753 261
724 315 753 315
724 331 753 331
724 375 738 376
724 394 749 394
724 417 753 417
724 428 753 428
724 441 738 442
723 455 750 455
725 28 739 29
725 56 754 56
725 150 729 155
719 170 748 170
725 178 754 178
725 227 739 228
725 260 754 260
725 300 754 300
725 301 739 302
725 304 729 309
725 335 729 339
725 340 734 342
725 419 734 421
725 462 734 464
725 483 754 483
725 13 754 13
726 58 755 58
726 90 751 90
726 163 755 163
726 196 740 197
726 238 740 239
726 262 740 263
726 267 755 267
726 357 731 361
726 405 740 406
726 473 755 473
726 478 740 479
727 1 756 1
727 12 756 12
727 18 741 19
727 95 741 96
727 98 741 99
727 110 756 110
727 139 756 139
727 201 736 203
727 204 736 206
727 215 756 215
727 278 756 278
727 290 741 291
727 323 756 323
727 324 756 324
727 352 756 352
727 353 756 353
727 355 741 356
727 392 756 392
727 429 753 429
727 503 731 508
727 522 736 524
727 531 736 533
728 3 740 4
728 48 757 48
728 52 757 52
728 105 742 106
728 119 757 119
728 125 757 125
728 172 740 173
728 175 742 176
728 181 742 182
728 213 757 213
728 244 757 244
728 292 737 294
728 295 751 295
728 311 737 313
728 326 757 326
728 367 732 372
728 439 742 440
728 453 742 454
728 461 757 461
728 485 742 486
729 33 758 33
729 38 758 38
729 63 733 68
729 69 738 71
729 93 743 94
729 108 758 108
729 135 743 136
729 179 743 180
729 249 738 251
729 299 758 299
729 327 738 329
729 390 743 391
729 403 758 403
729 426 743 427
729 435 738 437
729 438 758 438
729 519 756 519
730 115 759 115
730 137 744 138
730 146 758 146
730 150 734 155
730 157 739 159
730 189 744 190
730 198 759 198
729 218 758 218
730 220 759 220
730 269 759 269
730 304 734 309
730 318 744 319
730 322 759 322
730 335 735 339
730 374 759 374
730 414 759 414
730 475 739 477
730 484 759 484
730 516 759 516
731 60 760 60
731 109 760 109
731 145 760 145
731 149 760 149
731 211 745 212
731 241 760 241
731 266 760 266
731 284 760 284
731 321 759 321
731 365 760 365
731 381 740 383
731 456 745 457
731 458 760 458
731 496 760 496
731 497 760 497
731 498 760 498
727 535 756 535
731 537 760 537
732 22 741 24
731 50 745 51
732 100 746 101
728 126 757 126
732 222 746 223
732 256 761 256
732 275 761 275
732 343 746 344
732 357 737 361
732 366 761 366
732 422 746 423
732 450 761 450
732 490 746 491
732 503 736 508
732 512 761 512
732 513 761 513
733 11 762 11
733 77 762 77
733 174 758 174
733 195 762 195
733 224 762 224
733 225 762 225
733 242 747 243
731 245 745 246
733 280 747 281
733 286 747 287
733 289 762 289
733 314 762 314
733 325 762 325
733 362 742 364
733 367 737 372
733 418 762 418
733 430 742 432
734 63 738 68
734 127 743 129
734 140 743 142
734 231 763 231
734 252 743 254
734 351 763 351
734 354 758 354
734 377 748 378
734 393 763 393
734 495 763 495
733 32 762 32
735 40 749 41
735 44 749 45
735 150 739 155
735 200 764 200
735 285 764 285
735 297 749 298
735 304 744 306
735 307 749 308
735 309 758 309
735 333 764 333
735 340 744 342
735 373 764 373
735 385 764 385
735 399 764 399
735 407 749 408
735 411 744 413
735 419 744 421
735 451 749 452
735 462 744 464
735 466 749 467
735 471 749 472
735 528 749 529
736 10 765 10
736 14 765 14
736 91 750 92
736 123 765 123
736 130 763 130
736 160 765 160
736 162 765 162
736 183 765 183
736 216 748 217
736 232 745 234
734 236 763 236
736 257 750 258
736 288 765 288
736 335 741 339
736 397 764 397
736 410 765 410
736 447 750 448
736 493 750 494
736 509 765 509
736 520 765 520
736 538 765 538
737 26 751 27
737 43 766 43
737 47 766 47
737 61 751 62
737 74 766 74
737 86 751 87
737 89 766 89
737 177 766 177
737 186 766 186
737 201 741 206
737 279 766 279
737 282 751 283
737 334 766 334
737 347 766 347
737 395 766 395
737 415 766 415
737 488 751 489
737 503 741 508
737 511 766 511
737 522 746 524
737 531 746 533
738 5 752 6
738 17 767 17
738 107 765 107
738 292 747 294
738 311 747 313
738 357 743 361
738 367 742 372
738 402 767 402
738 433 767 433
738 469 752 470
738 500 752 501
739 34 752 35
739 63 743 68
739 69 748 71
739 82 768 82
739 120 753 121
739 184 753 185
739 214 768 214
739 237 768 237
739 249 748 251
739 274 768 274
739 327 748 329
739 375 753 376
739 435 768 435
739 441 753 442
740 28 754 29
740 37 769 37
740 42 769 42
740 49 769 49
740 124 769 124
740 147 769 147
740 150 744 155
740 157 749 159
740 227 769 227
740 228 754 229
740 301 754 302
740 416 769 416
740 449 769 449
740 475 749 477
740 492 769 492
740 521 769 521
741 2 750 4
741 55 770 55
741 168 770 168
741 171 750 173
741 196 755 197
741 238 755 239
741 262 750 264
741 303 770 303
741 350 770 350
741 381 750 383
741 384 770 384
741 386 755 387
741 405 755 406
741 436 770 436
741 437 770 437
741 459 755 460
741 478 755 479
741 481 770 481
742 18 751 20
742 23 756 24
742 57 771 57
742 73 771 73
742 95 756 96
742 98 756 99
742 201 746 206
742 210 771 210
742 240 771 240
742 248 771 248
742 268 771 268
742 290 756 291
742 335 747 339
742 355 756 356
742 404 771 404
742 499 771 499
742 503 746 508
742 510 771 510
740 530 769 530
742 534 771 534
743 0 772 0
743 59 772 59
743 75 772 75
743 79 771 79
743 105 757 106
743 148 772 148
743 161 772 161
743 175 757 176
743 181 772 181
743 182 772 182
743 188 772 188
743 219 772 219
743 255 772 255
743 271 772 271
743 273 772 273
742 296 771 296
743 362 752 364
743 367 752 369
743 370 756 371
743 388 757 389
743 430 752 432
743 434 772 434
743 439 757 440
743 453 768 453
743 485 772 485
744 7 758 8
744 63 748 68
744 76 773 76
744 83 773 83
744 93 758 94
744 114 773 114
744 127 753 129
744 135 758 136
744 140 751 142
744 179 758 180
744 199 773 199
744 221 773 221
744 252 753 254
744 357 749 361
744 379 773 379
744 390 758 391
744 409 773 409
744 425 751 427
744 536 773 536
745 36 774 36
745 78 774 78
745 102 774 102
745 137 774 137
745 138 774 138
745 144 774 144
745 150 749 155
745 189 759 190
745 304 754 306
745 318 759 319
745 340 774 340
745 411 759 412
745 419 754 421
745 462 774 462
745 464 774 464
745 514 759 515
745 518 774 518
746 16 775 16
746 22 775 22
746 30 775 30
746 50 775 50
746 51 775 51
746 104 775 104
746 164 775 164
746 187 775 187
746 211 760 212
746 232 755 234
746 245 755 247
746 456 760 457
746 465 775 465
746 502 775 502
747 100 761 101
747 134 776 134
747 169 776 169
747 192 776 192
747 201 751 206
747 222 761 223
747 265 776 265
747 317 770 317
747 344 774 344
747 380 773 380
747 422 761 423
747 490 761 491
747 503 751 508
747 522 769 522
747 524 776 524
747 531 776 531
747 532 761 533
748 9 777 9
748 53 777 53
748 116 757 118
747 122 776 122
748 226 777 226
748 242 762 243
748 259 777 259
748 276 777 276
748 280 762 281
748 286 762 287
748 292 757 294
748 311 777 311
748 312 777 312
748 313 777 313
748 335 753 339
748 348 762 349
748 400 762 401
744 474 773 474
748 517 774 517
748 525 762 526
749 63 753 68
749 69 758 71
749 88 778 88
749 97 778 97
749 111 778 111
749 131 763 132
749 156 778 156
749 170 778 170
749 249 758 251
749 270 778 270
749 316 770 316
749 327 758 329
749 377 763 378
749 398 778 398
749 444 778 444
749 486 763 487
750 40 779 40
750 41 779 41
750 44 764 45
750 54 779 54
746 85 775 85
750 150 754 155
750 157 759 159
750 272 779 272
750 297 764 298
750 307 764 308
750 310 779 310
750 341 779 341
750 357 755 361
750 407 764 408
750 445 779 445
750 451 764 452
750 466 764 467
750 471 764 472
750 475 759 477
750 482 779 482
750 527 759 529
751 2 760 4
751 39 780 39
751 84 780 84
751 91 765 92
751 103 774 103
751 166 780 166
751 171 760 173
751 191 780 191
749 216 763 217
751 257 765 258
751 262 760 264
751 277 780 277
751 345 780 345
751 346 780 346
751 381 760 383
751 396 780 396
751 443 780 443
751 446 760 448
751 454 765 455
751 493 765 494
752 18 781 18
752 20 781 20
752 25 761 27
752 31 781 31
752 61 781 61
752 62 781 62
752 86 781 86
752 87 781 87
752 140 758 143
752 193 781 193
752 201 756 206
752 207 766 208
752 235 781 235
752 282 766 283
752 330 781 330
752 332 781 332
752 342 781 342
752 424 758 427
752 468 781 468
752 488 766 489
752 503 756 508
753 5 767 6
753 19 782 19
753 21 782 21
753 72 781 72
753 80 782 80
753 81 782 81
753 112 782 112
753 133 782 133
753 194 782 194
753 230 782 230
753 320 782 320
753 362 762 364
753 367 762 369
753 430 762 432
753 469 782 469
753 470 782 470
753 480 781 480
753 500 767 501
753 34 767 35
754 63 758 68
754 113 778 113
754 120 768 121
754 127 763 129
754 184 766 185
754 209 783 209
754 252 763 254
754 315 783 315
754 331 781 331
754 335 763 337
754 339 783 339
754 375 768 376
750 394 779 394
754 417 783 417
754 428 768 429
754 441 768 442
755 13 784 13
755 28 769 29
755 56 784 56
755 150 764 152
755 153 769 154
755 155 784 155
755 178 784 178
755 228 784 228
755 229 784 229
755 260 784 260
755 300 762 302
755 304 764 306
755 419 764 421
755 483 784 483
756 58 785 58
752 90 781 90
756 196 770 197
756 232 765 234
756 238 785 238
756 239 785 239
756 245 765 247
756 261 785 261
756 267 785 267
756 357 761 361
756 386 770 387
756 405 770 406
756 413 785 413
756 473 785 473
756 478 770 479
757 1 786 1
757 12 786 12
757 23 771 24
757 95 771 96
757 98 771 99
757 110 786 110
757 139 785 139
757 165 786 165
757 167 786 167
757 201 761 206
757 215 786 215
757 278 786 278
757 290 771 291
757 323 771 324
757 352 771 353
757 356 786 356
757 370 766 372
757 392 786 392
757 503 761 508
757 535 786 535
758 48 787 48
758 52 787 52
758 105 787 105
758 116 767 118
758 119 787 119
758 125 772 126
758 175 787 175
758 176 787 176
758 213 787 213
758 244 787 244
758 292 767 294
752 295 781 295
758 326 787 326
758 338 787 338
758 388 772 389
758 439 772 440
758 459 767 461
759 7 773 8
759 33 788 33
759 38 788 38
759 46 788 46
759 63 763 68
759 69 785 69
759 71 788 71
759 93 773 94
759 108 788 108
759 135 773 136
759 140 768 142
759 143 788 143
759 179 773 180
759 218 788 218
759 249 768 251
759 327 768 329
759 354 773 355
759 390 773 391
759 403 788 403
759 424 788 424
759 425 788 425
759 426 788 426
759 427 788 427
759 438 788 438
757 519 786 519
760 115 789 115
759 146 788 146
760 157 769 159
760 189 773 190
760 198 789 198
760 220 789 220
760 269 789 269
760 318 774 319
760 321 774 322
760 374 789 374
760 411 774 412
760 414 789 414
760 475 769 477
760 484 789 484
760 514 767 516
760 527 769 529
761 2 770 4
761 15 790 15
761 109 790 109
761 145 790 145
761 149 790 149
761 171 770 173
761 211 775 212
761 241 790 241
761 262 770 264
761 284 790 284
761 365 790 365
761 381 770 383
761 456 768 458
761 496 770 498
761 537 790 537
762 25 771 27
762 60 791 60
762 201 791 201
762 202 791 202
762 203 776 204
762 206 790 206
762 222 776 223
762 256 791 256
762 275 791 275
762 357 767 361
762 366 791 366
762 422 776 423
762 450 791 450
762 490 776 491
762 503 766 508
762 512 791 512
762 532 776 533
763 11 792 11
763 32 792 32
763 77 792 77
759 174 788 174
763 195 792 195
763 224 777 225
763 242 777 243
763 280 792 280
763 281 792 281
763 286 777 287
763 289 789 289
763 299 769 302
763 314 787 314
763 325 792 325
763 348 777 349
763 362 772 364
763 367 772 369
763 400 777 401
763 418 792 418
763 430 772 432
763 446 772 448
763 525 777 526
764 63 773 65
764 66 773 68
764 100 793 100
764 127 773 129
764 130 773 132
764 216 793 216
764 217 793 217
764 231 793 231
764 236 793 236
764 252 773 254
764 335 773 337
764 351 791 351
764 377 778 378
764 393 793 393
764 486 778 487
764 495 793 495
765 150 774 152
765 200 794 200
765 285 794 285
765 297 779 298
765 304 770 308
759 309 788 309
765 333 794 333
765 373 794 373
765 385 794 385
765 399 794 399
765 407 794 407
765 408 794 408
765 419 774 421
765 451 779 452
765 463 794 463
765 466 779 467
765 471 779 472
766 10 794 10
766 14 795 14
766 44 780 45
766 91 780 92
766 106 780 107
766 123 795 123
766 160 795 160
766 162 795 162
766 183 795 183
766 232 775 234
766 245 780 246
766 247 795 247
766 257 777 258
766 288 789 288
765 397 794 397
766 410 795 410
766 455 795 455
766 493 795 493
766 494 795 494
766 509 791 509
766 520 795 520
766 538 795 538
767 43 796 43
767 47 796 47
767 74 796 74
767 89 796 89
767 177 796 177
767 184 776 186
767 207 781 208
767 266 796 266
767 279 796 279
767 282 781 283
767 334 793 334
767 347 795 347
767 370 776 372
767 395 796 395
767 415 796 415
767 488 781 489
767 503 771 508
767 511 796 511
768 5 782 6
768 17 797 17
768 34 782 35
768 116 777 118
768 292 777 294
768 357 773 361
768 402 797 402
768 433 797 433
768 500 797 500
768 501 797 501
768 513 774 516
769 82 798 82
769 120 783 121
769 140 778 142
769 214 798 214
769 237 798 237
769 249 778 251
769 274 798 274
769 327 778 329
769 375 783 376
769 428 783 429
769 435 798 435
769 442 798 442
769 453 783 454
769 456 774 460
770 28 799 28
770 29 799 29
770 37 799 37
770 42 799 42
770 49 799 49
770 124 799 124
770 147 799 147
770 153 784 154
770 157 779 159
770 227 799 227
770 300 779 302
770 416 799 416
770 449 791 449
770 475 779 477
770 492 799 492
770 521 799 521
770 522 784 523
770 527 779 529
770 530 799 530
771 2 780 4
771 55 800 55
771 168 800 168
771 171 780 173
771 196 785 197
771 262 780 264
771 303 775 308
771 350 800 350
771 381 780 383
771 384 800 384
771 386 785 387
771 405 783 406
771 436 785 437
771 478 781 479
771 481 800 481
771 496 780 498
772 23 777 27
772 57 801 57
772 73 801 73
772 95 786 96
772 98 786 99
772 210 801 210
772 240 801 240
772 248 801 248
772 268 801 268
772 290 786 291
772 296 801 296
772 299 801 299
772 323 786 324
772 352 786 353
772 404 801 404
772 499 801 499
772 503 776 508
772 534 801 534
773 0 802 0
773 59 802 59
773 75 802 75
772 79 801 79
773 125 787 126
773 148 802 148
773 161 802 161
773 181 787 182
773 188 802 188
773 219 802 219
773 255 802 255
773 271 802 271
773 273 802 273
773 362 787 363
773 367 782 369
773 388 787 389
773 430 782 432
773 434 802 434
773 439 782 441
773 447 787 448
773 485 802 485
774 7 788 8
774 63 778 68
774 83 803 83
774 93 788 94
774 114 803 114
774 127 779 131
774 132 803 132
774 135 788 136
774 179 788 180
774 199 803 199
774 252 788 253
774 254 802 254
774 335 783 337
774 354 803 354
774 357 779 361
774 379 788 380
774 390 803 390
774 391 803 391
774 409 803 409
774 446 803 446
774 474 803 474
774 536 803 536
775 36 803 36
775 76 804 76
775 78 804 78
775 102 789 103
775 137 788 138
775 144 804 144
775 150 784 152
774 189 788 190
775 205 804 205
775 318 804 318
775 319 804 319
775 321 789 322
775 340 804 340
775 343 789 344
775 411 804 411
775 412 804 412
775 419 784 421
775 456 779 461
775 462 804 462
775 464 804 464
775 513 789 514
775 515 789 516
775 517 789 518
776 22 805 22
776 30 805 30
776 50 790 51
776 85 805 85
776 164 805 164
776 187 805 187
776 211 790 212
776 232 785 234
776 303 780 308
776 465 805 465
776 502 800 502
776 510 805 510
777 101 806 101
777 104 806 104
777 122 806 122
777 134 806 134
777 169 806 169
777 184 786 186
777 192 805 192
777 204 806 204
777 221 786 223
777 265 806 265
771 316 785 317
777 370 786 372
777 422 791 423
777 490 791 491
777 503 781 508
777 524 805 524
777 531 791 532
778 9 807 9
778 23 783 27
778 53 807 53
778 116 787 118
778 224 787 226
778 242 792 243
778 257 787 259
778 276 807 276
778 286 801 286
778 292 787 294
778 311 787 313
778 348 792 349
778 355 807 355
778 400 792 401
778 525 792 526
779 63 783 68
779 88 808 88
779 97 808 97
779 111 808 111
779 140 788 142
779 156 808 156
779 170 808 170
779 249 793 250
779 251 808 251
779 270 807 270
779 327 788 329
779 377 793 378
779 398 808 398
779 444 808 444
779 486 793 487
780 40 794 41
780 54 809 54
780 129 789 131
780 157 789 159
780 272 809 272
780 297 794 298
780 300 789 302
780 310 808 310
780 341 809 341
780 357 794 358
780 359 808 359
780 360 792 361
780 394 809 394
780 445 806 445
780 451 794 452
780 466 794 467
780 471 794 472
780 475 794 476
780 477 809 477
780 482 809 482
780 527 789 529
780 533 809 533
781 2 790 4
781 39 810 39
781 91 795 92
781 106 810 106
781 107 810 107
781 128 810 128
781 166 810 166
781 171 790 173
781 191 810 191
781 245 795 246
781 262 790 264
781 277 810 277
781 303 785 308
781 345 795 346
781 381 790 383
781 396 808 396
781 443 810 443
781 456 786 460
781 496 790 498
782 18 811 18
782 20 811 20
782 31 806 31
782 44 811 44
782 61 796 62
782 86 796 87
782 90 811 90
782 127 811 127
782 193 805 193
782 208 811 208
782 235 811 235
782 282 796 283
782 330 811 330
782 331 796 332
782 468 811 468
782 488 796 489
782 503 791 505
782 506 791 508
783 5 797 6
783 19 812 19
783 21 812 21
783 34 797 35
782 72 811 72
783 80 797 81
783 84 812 84
783 112 812 112
783 133 810 133
783 230 812 230
783 320 812 320
783 367 792 369
783 430 792 432
783 439 792 441
783 469 797 470
782 478 791 480
784 24 793 26
784 27 813 27
784 45 813 45
784 63 788 68
779 113 808 113
784 120 798 121
784 163 813 163
784 209 813 209
784 315 813 315
784 335 793 337
784 339 813 339
784 364 813 364
784 375 798 376
784 417 813 417
784 428 798 429
784 453 798 454
785 13 814 13
785 56 812 56
785 150 789 155
785 178 814 178
785 228 799 229
785 260 814 260
785 419 794 421
785 522 814 522
786 58 815 58
786 69 800 70
786 196 800 197
786 232 795 234
786 238 800 239
786 261 815 261
786 267 815 267
786 303 790 308
786 316 800 317
786 386 800 387
784 405 798 406
786 413 815 413
786 436 800 437
786 473 815 473
787 1 816 1
787 12 816 12
787 95 801 96
787 98 801 99
787 110 816 110
786 139 815 139
787 165 816 165
787 167 816 167
787 184 796 186
787 194 816 194
787 203 816 203
787 215 816 215
787 221 796 223
787 278 816 278
787 290 801 291
787 295 816 295
787 323 801 324
787 352 816 352
787 356 816 356
787 370 796 372
787 392 816 392
787 456 792 460
787 519 816 519
787 523 816 523
787 535 811 535
788 16 817 16
788 48 817 48
788 52 817 52
788 116 797 118
788 119 817 119
788 125 802 126
788 175 802 176
788 181 802 182
788 213 817 213
788 224 797 226
788 244 816 244
788 257 797 259
788 292 797 294
788 311 802 312
788 313 802 314
788 326 817 326
788 338 813 338
788 388 802 389
788 447 802 448
785 461 814 461
789 7 803 8
789 33 818 33
789 38 818 38
789 46 818 46
789 63 793 68
789 71 818 71
789 93 818 93
789 94 818 94
789 108 818 108
789 135 818 135
789 136 798 138
789 140 798 142
789 143 817 143
789 146 818 146
789 174 818 174
789 179 803 180
789 189 818 189
789 190 818 190
789 218 818 218
789 252 803 253
789 309 818 309
789 327 818 327
789 328 818 328
789 379 818 379
789 403 818 403
789 424 798 426
789 427 818 427
790 102 819 102
790 103 819 103
790 115 818 115
790 129 799 131
790 150 795 154
790 155 819 155
790 157 799 159
790 198 819 198
790 220 819 220
790 269 819 269
790 287 799 289
790 300 799 302
790 321 804 322
790 343 804 344
790 374 819 374
790 414 815 414
790 483 802 484
790 513 794 518
790 527 799 529
791 2 800 4
791 15 820 15
791 50 820 50
791 109 816 109
791 145 820 145
791 149 820 149
791 171 800 173
791 206 805 207
791 211 805 212
791 241 820 241
791 262 800 264
791 284 820 284
791 303 795 308
791 365 820 365
791 380 800 382
791 496 800 498
791 537 820 537
792 60 821 60
792 201 821 201
792 202 821 202
792 256 817 256
792 275 819 275
792 366 820 366
792 422 806 423
792 449 806 450
792 478 806 479
792 480 821 480
792 490 806 491
792 503 796 507
792 512 821 512
792 531 806 532
793 11 822 11
793 32 817 32
793 77 822 77
793 195 822 195
793 242 807 243
793 280 807 281
793 325 822 325
793 348 807 349
793 353 822 353
793 360 801 362
793 367 802 369
793 400 807 401
793 418 822 418
793 430 802 432
793 438 802 440
793 441 822 441
793 456 798 460
793 525 805 526
794 24 803 26
794 63 798 68
794 100 823 100
794 216 808 217
794 231 823 231
794 249 808 250
794 334 803 336
794 337 823 337
792 351 821 351
794 377 808 378
794 393 823 393
794 486 808 487
794 495 823 495
795 40 809 41
795 200 824 200
795 285 824 285
795 297 805 298
795 333 824 333
795 357 808 358
795 373 824 373
795 385 824 385
795 397 824 397
795 399 822 399
795 407 807 408
795 419 804 421
795 451 809 452
795 463 824 463
795 466 809 467
795 471 809 472
795 475 809 476
795 513 804 515
795 516 809 517
795 518 824 518
795 10 820 10
796 14 825 14
796 23 825 23
796 51 825 51
796 91 810 92
796 123 825 123
796 150 801 154
796 160 825 160
796 162 825 162
796 183 825 183
796 232 810 233
796 234 825 234
796 245 805 247
796 303 800 308
796 345 809 346
796 410 825 410
796 455 825 455
796 493 810 494
792 508 806 509
796 520 820 520
796 538 825 538
797 43 826 43
797 47 825 47
797 61 811 62
797 74 826 74
797 86 811 87
797 89 826 89
797 177 824 177
797 184 806 186
797 221 811 222
797 223 826 223
797 236 826 236
797 266 826 266
797 279 826 279
797 282 811 283
797 331 811 332
796 347 825 347
797 370 806 372
797 395 826 395
797 415 826 415
797 488 811 489
797 504 826 504
797 505 826 505
797 506 811 507
797 511 826 511
798 5 812 6
798 17 827 17
798 34 812 35
798 80 812 81
798 116 807 118
798 224 807 226
798 257 807 259
798 292 807 294
798 402 827 402
798 433 827 433
798 469 812 470
798 500 812 501
799 63 803 68
799 82 827 82
799 120 813 121
799 136 808 138
799 140 808 142
799 214 828 214
799 237 828 237
799 274 828 274
799 375 813 376
799 405 828 405
799 406 828 406
799 424 808 426
799 428 813 429
799 435 828 435
799 442 828 442
799 453 813 454
799 456 804 460
800 28 814 29
800 37 829 37
800 42 829 42
800 49 825 49
800 124 824 124
800 129 809 131
800 147 829 147
800 157 809 159
800 227 814 228
800 288 829 288
800 300 809 302
800 416 829 416
800 492 829 492
800 521 829 521
800 527 809 529
800 530 828 530
801 2 810 4
801 55 830 55
801 69 815 70
801 168 830 168
801 171 810 173
801 196 830 196
801 238 815 239
801 262 810 264
801 303 805 308
801 316 815 317
801 350 830 350
801 380 815 381
801 383 815 384
801 386 815 387
801 436 815 437
801 481 830 481
801 496 810 498
801 502 815 503
802 57 831 57
802 73 831 73
802 79 831 79
802 95 816 96
802 98 816 99
802 151 816 152
802 153 816 154
802 229 831 229
802 240 831 240
802 248 831 248
802 268 831 268
802 286 816 287
802 290 816 291
802 296 831 296
802 323 816 324
802 360 808 363
802 404 831 404
802 499 831 499
802 534 831 534
803 0 832 0
803 59 832 59
803 75 832 75
803 125 817 126
803 148 832 148
803 161 832 161
803 175 817 176
803 181 817 182
803 188 831 188
803 219 832 219
803 254 817 255
803 271 832 271
803 273 827 273
803 311 812 313
803 367 812 369
803 388 817 389
803 430 812 432
803 434 832 434
803 438 812 440
803 447 817 448
803 483 812 485
804 7 818 8
804 24 818 25
804 26 833 26
804 63 808 68
804 83 833 83
804 114 833 114
804 132 831 132
804 179 818 180
804 197 833 197
804 199 833 199
804 253 833 253
804 334 818 335
804 336 830 336
804 354 833 354
804 390 818 391
804 409 833 409
804 474 833 474
804 536 833 536
804 36 833 36
805 76 832 76
805 78 834 78
805 105 834 105
805 144 834 144
805 150 834 150
805 205 834 205
805 289 834 289
805 318 819 319
805 321 819 322
805 340 834 340
805 343 833 343
805 344 832 344
805 411 819 412
805 419 814 421
805 456 810 460
805 462 834 462
805 464 834 464
805 513 814 515
806 22 835 22
806 30 835 30
806 85 835 85
806 164 835 164
806 187 831 187
806 207 835 207
806 211 820 212
806 245 815 247
806 297 815 299
806 303 810 308
806 314 835 314
806 465 835 465
807 101 832 101
807 104 836 104
807 122 836 122
807 169 836 169
807 184 816 186
806 192 820 193
807 204 836 204
807 210 836 210
807 265 836 265
807 329 836 329
807 370 816 372
807 422 821 423
807 445 821 446
807 449 821 450
807 478 821 479
807 490 821 491
806 524 815 526
807 531 836 531
807 532 836 532
808 9 837 9
808 53 837 53
808 116 817 118
808 224 817 226
808 242 822 243
808 257 817 259
808 276 837 276
808 280 822 281
808 292 817 294
808 348 822 349
808 355 837 355
808 382 837 382
808 400 822 401
808 508 817 510
809 63 813 68
809 88 838 88
809 97 838 97
809 111 838 111
809 113 838 113
809 136 818 138
809 140 817 142
809 156 838 156
809 170 838 170
809 216 823 217
809 249 818 251
808 270 837 270
813 360 827 361
809 357 812 363
809 377 823 378
809 398 838 398
809 424 818 426
809 444 838 444
809 486 823 487
810 40 824 41
810 54 839 54
810 129 839 129
810 130 839 130
810 131 839 131
810 157 819 159
810 300 819 302
809 310 838 310
810 341 834 341
810 394 839 394
808 407 822 408
810 451 824 452
810 466 824 467
810 471 824 472
810 475 819 477
810 482 839 482
810 516 824 517
810 527 819 529
811 2 820 4
811 39 840 39
811 91 825 92
811 106 825 107
811 128 840 128
811 133 825 134
811 166 840 166
811 171 820 173
811 191 840 191
811 232 825 233
811 262 825 263
811 303 815 308
811 342 840 342
810 345 824 346
809 396 838 396
811 443 840 443
811 456 815 460
811 493 825 494
811 496 820 498
812 18 841 18
812 20 841 20
807 31 836 31
812 44 837 44
812 61 826 62
812 72 841 72
812 86 826 87
812 90 840 90
812 127 839 127
812 208 841 208
812 221 826 222
812 235 841 235
812 252 841 252
812 264 841 264
812 277 841 277
812 282 841 282
812 283 841 283
812 330 821 332
812 468 841 468
812 488 826 489
812 506 826 507
812 533 841 533
813 5 827 6
813 19 841 19
813 21 842 21
813 34 827 35
813 80 827 81
813 84 842 84
813 112 842 112
813 230 842 230
813 311 822 313
813 320 842 320
813 357 822 359
813 367 822 369
813 430 822 432
813 438 822 440
813 469 827 470
813 483 822 485
813 500 827 501
814 27 843 27
814 45 837 45
814 63 818 68
814 120 828 121
814 163 839 163
814 209 841 209
814 315 843 315
814 338 828 339
814 363 828 364
814 375 828 376
814 417 843 417
814 428 828 429
814 453 828 454
815 13 844 13
815 28 829 29
813 56 842 56
815 178 844 178
815 227 829 228
815 260 844 260
815 419 844 419
815 421 843 421
815 513 824 515
815 522 844 522
816 58 845 58
816 69 830 70
816 206 845 206
816 238 830 239
816 245 830 246
816 247 845 247
816 261 845 261
816 267 845 267
816 297 825 299
816 303 820 308
816 316 830 317
816 380 845 380
816 383 830 384
816 386 830 387
816 413 830 414
816 436 830 437
816 456 820 461
816 473 845 473
816 502 845 502
816 503 845 503
816 524 825 526
817 1 846 1
817 12 846 12
817 96 846 96
817 98 831 99
817 109 831 110
817 151 826 153
817 165 846 165
817 167 846 167
817 184 826 186
817 194 842 194
817 203 846 203
817 215 846 215
817 278 845 278
817 286 831 287
817 290 831 291
817 295 846 295
817 323 831 324
817 352 846 352
817 356 846 356
817 370 826 372
817 381 846 381
817 392 846 392
817 420 846 420
817 519 846 519
817 523 846 523
812 535 841 535
818 16 847 16
818 48 847 48
818 52 847 52
818 116 827 118
818 119 844 119
818 126 847 126
818 139 823 143
818 175 832 176
818 181 832 182
818 213 847 213
818 224 827 226
817 244 846 244
818 254 847 254
818 255 823 259
818 292 827 294
818 326 847 326
818 388 832 389
818 447 832 448
818 508 827 510
819 7 833 8
819 24 833 25
819 33 847 33
819 38 848 38
819 46 848 46
819 63 823 68
819 71 848 71
819 93 833 94
819 108 848 108
819 135 826 137
819 138 848 138
819 146 848 146
819 174 848 174
819 179 833 180
819 189 831 190
819 218 848 218
819 249 828 251
819 309 848 309
819 327 848 327
819 334 830 335
819 379 848 379
819 390 833 391
819 403 848 403
819 424 828 426
819 427 843 427
820 102 833 103
819 115 848 115
820 157 849 157
820 158 834 159
820 198 849 198
820 220 849 220
820 269 849 269
820 300 829 302
820 318 834 319
820 321 834 322
820 374 849 374
820 411 834 412
820 475 829 477
820 527 829 529
821 2 830 4
821 15 850 15
821 50 850 50
821 145 850 145
821 149 850 149
821 171 830 173
821 211 835 212
821 241 850 241
821 284 850 284
821 303 825 308
821 365 835 366
821 456 825 461
821 496 830 498
821 537 844 537
822 201 836 202
820 275 849 275
822 330 831 332
822 351 851 351
822 362 851 362
822 422 836 423
822 445 851 445
822 449 836 450
822 478 831 480
822 490 836 491
822 512 851 512
823 11 852 11
818 32 847 32
823 77 852 77
823 195 852 195
823 242 837 243
823 280 852 280
823 281 852 281
823 311 832 313
823 325 852 325
823 348 837 349
823 357 832 359
823 367 832 369
823 399 832 401
823 407 837 408
823 418 852 418
823 430 832 432
823 438 832 440
823 441 852 441
823 446 852 446
823 483 832 485
824 60 853 60
824 63 828 68
824 100 853 100
824 139 829 143
824 154 853 154
824 155 853 155
824 216 838 217
824 231 853 231
824 255 829 259
824 353 853 353
828 360 853 360
824 377 838 378
824 393 853 393
824 486 838 487
824 495 853 495
821 10 850 10
825 40 854 40
825 41 854 41
825 124 839 125
825 200 851 200
825 285 848 285
825 333 854 333
825 345 839 346
825 373 854 373
825 385 854 385
825 397 854 397
825 451 836 452
825 463 854 463
825 466 839 467
825 471 839 472
825 513 829 518
826 14 855 14
826 23 855 23
826 51 855 51
826 91 840 92
826 106 840 107
826 123 851 123
826 133 855 133
826 160 855 160
826 162 855 162
826 183 855 183
826 192 840 193
826 232 840 233
826 234 855 234
826 262 838 263
826 297 840 298
826 299 855 299
826 303 830 308
826 347 854 347
826 410 851 410
826 455 829 461
826 493 840 494
821 520 850 520
826 524 855 524
826 525 840 526
827 43 856 43
826 47 855 47
827 61 841 62
827 74 856 74
827 86 838 87
827 89 856 89
827 134 833 137
827 151 836 153
825 177 854 177
827 184 856 184
827 221 836 223
827 236 856 236
827 266 856 266
827 279 856 279
827 370 839 371
827 372 856 372
827 395 856 395
827 415 856 415
827 488 841 489
827 504 836 506
827 507 856 507
827 511 856 511
828 5 842 6
828 34 842 35
828 80 842 81
828 116 857 116
828 118 857 118
828 224 837 226
828 272 842 273
828 292 837 294
828 402 857 402
828 433 857 433
828 469 842 470
828 500 842 501
828 508 837 510
829 63 833 68
828 82 857 82
829 95 858 95
829 117 858 117
829 120 843 121
829 214 858 214
829 237 858 237
829 249 838 251
829 338 843 339
829 363 858 363
829 364 858 364
829 375 843 376
829 405 858 405
829 406 858 406
829 424 843 425
829 426 858 426
829 428 843 429
829 435 858 435
829 442 858 442
829 453 843 454
830 28 844 29
830 37 859 37
826 49 855 49
830 139 835 143
830 147 859 147
830 227 844 228
830 255 835 259
830 288 859 288
830 300 844 301
830 302 859 302
830 416 859 416
830 456 835 460
830 475 839 477
830 492 859 492
830 513 835 517
830 527 839 529
829 530 858 530
831 2 840 4
831 17 860 17
831 55 860 55
831 69 845 70
831 168 860 168
831 171 840 173
831 185 860 185
831 196 857 196
831 238 845 239
831 245 845 246
831 303 835 308
831 316 845 317
831 328 860 328
831 334 837 337
831 350 860 350
831 383 845 384
831 386 845 387
831 413 845 414
831 436 845 437
831 481 859 481
831 496 840 498
832 57 861 57
832 73 861 73
832 79 861 79
832 98 846 99
832 186 837 190
832 229 861 229
832 240 861 240
832 248 861 248
832 268 861 268
832 286 846 287
832 290 846 291
832 296 861 296
832 323 846 324
832 330 841 332
832 361 861 361
832 404 861 404
832 478 841 480
832 499 861 499
832 534 861 534
833 0 862 0
833 42 862 42
833 59 862 59
833 75 862 75
833 148 862 148
833 161 862 161
833 175 847 176
833 181 847 182
833 219 861 219
833 271 862 271
833 274 862 274
833 311 862 311
833 312 847 313
833 357 847 358
833 367 847 368
833 388 847 389
833 430 842 432
833 434 858 434
833 438 842 440
833 447 847 448
833 483 840 485
834 7 848 8
834 24 843 26
834 36 863 36
834 63 838 68
834 83 863 83
834 93 848 94
834 109 863 109
834 114 863 114
832 132 861 132
834 134 843 136
834 137 863 137
834 179 863 179
834 180 863 180
834 197 857 197
834 199 863 199
834 253 863 253
834 354 863 354
834 390 848 391
834 399 843 401
834 409 863 409
834 474 863 474
834 536 863 536
833 76 862 76
835 78 864 78
834 102 848 103
835 105 863 105
835 144 864 144
835 150 864 150
835 158 849 159
835 205 864 205
835 289 864 289
835 318 864 318
835 319 864 319
835 321 849 322
835 340 849 341
834 343 863 343
833 344 862 344
835 411 849 412
835 462 864 462
835 464 864 464
836 30 865 30
836 85 865 85
836 139 841 143
836 164 865 164
836 207 865 207
836 211 865 211
836 212 865 212
836 255 841 259
836 303 840 308
836 314 865 314
836 365 850 366
836 455 840 459
836 460 850 461
836 465 865 465
836 514 841 518
837 22 866 22
837 31 866 31
833 101 862 101
837 104 866 104
837 122 863 122
837 151 846 153
837 169 866 169
837 201 851 202
837 204 866 204
837 210 866 210
837 221 846 223
837 265 866 265
837 329 866 329
837 422 851 423
837 449 866 449
837 450 846 452
837 490 851 491
837 504 846 506
837 531 851 532
838 9 867 9
838 53 862 53
838 187 867 187
838 188 852 189
838 190 867 190
838 224 847 226
838 242 849 243
838 270 867 270
838 276 867 276
838 292 852 293
838 334 847 336
838 337 867 337
838 348 852 349
838 355 867 355
838 382 861 382
838 407 852 408
838 508 852 509
838 510 867 510
839 63 844 67
839 68 868 68
839 88 868 88
839 97 868 97
839 111 868 111
839 113 868 113
839 156 868 156
839 170 868 170
839 216 853 217
839 249 848 251
839 310 868 310
839 377 853 378
839 396 861 396
839 398 868 398
839 444 868 444
839 486 853 487
839 513 868 513
840 54 869 54
840 124 869 124
840 125 869 125
840 129 849 131
840 186 869 186
840 345 854 346
840 359 869 359
840 369 849 371
840 394 869 394
840 466 854 467
840 471 854 472
840 475 849 477
840 521 869 521
840 527 849 529
841 2 850 4
841 39 870 39
841 90 850 92
841 106 855 107
841 128 870 128
841 166 870 166
841 171 850 173
841 191 855 192
841 232 855 233
839 262 853 263
841 297 855 298
841 303 845 308
841 342 870 342
841 443 870 443
841 455 846 459
841 482 847 485
841 493 855 494
841 496 855 497
841 525 855 526
842 18 851 20
849 44 871 44
842 61 856 62
842 72 864 72
839 86 853 87
840 127 869 127
842 139 851 141
842 143 871 143
842 208 871 208
842 235 871 235
842 252 871 252
842 255 847 259
842 264 866 264
842 277 871 277
842 282 856 283
842 330 851 332
842 468 871 468
842 478 851 480
842 488 856 489
842 514 851 516
842 517 856 518
842 533 871 533
842 535 871 535
843 5 857 6
843 21 872 21
843 34 857 35
843 56 872 56
843 80 857 81
843 84 872 84
843 112 872 112
843 142 872 142
843 193 857 194
843 230 872 230
843 272 857 273
843 320 872 320
843 430 857 431
843 438 852 440
843 469 857 470
843 500 857 501
844 24 853 26
844 27 873 27
838 44 848 45
844 120 858 121
844 134 856 135
844 136 873 136
840 163 869 163
842 209 871 209
844 315 873 315
844 338 858 339
844 375 858 376
844 400 858 401
844 417 873 417
844 424 858 425
844 427 853 429
844 453 858 454
845 13 874 13
845 28 874 28
845 29 874 29
845 63 854 65
845 66 859 67
845 178 874 178
845 227 859 228
845 260 874 260
845 294 874 294
845 300 859 301
845 419 874 419
844 421 873 421
845 522 874 522
845 537 859 538
846 69 860 70
846 206 875 206
846 238 860 239
846 245 855 247
846 261 875 261
846 267 875 267
846 303 850 308
846 316 860 317
846 380 875 380
846 383 860 384
846 386 860 387
846 413 860 414
846 432 875 432
846 436 858 437
846 473 875 473
846 502 860 503
847 1 876 1
847 12 875 12
847 96 876 96
847 98 861 99
841 110 870 110
847 151 856 153
847 165 876 165
847 167 876 167
847 203 876 203
847 215 874 215
847 221 856 223
846 278 875 278
847 286 861 287
847 290 861 291
847 323 861 324
847 352 876 352
847 356 876 356
847 392 876 392
847 450 856 452
847 455 852 459
847 504 856 506
847 519 876 519
847 523 876 523
848 16 877 16
848 32 877 32
848 48 877 48
848 52 877 52
845 119 874 119
848 126 877 126
848 175 862 176
848 181 862 182
848 213 877 213
848 224 857 226
848 254 852 259
848 312 862 313
848 326 877 326
848 334 862 335
848 336 877 336
848 357 862 358
848 367 862 368
848 388 862 389
848 399 877 399
848 447 862 448
848 483 857 485
849 7 863 8
848 33 877 33
849 38 878 38
849 45 863 46
849 71 878 71
849 93 863 94
849 102 863 103
849 108 878 108
849 115 878 115
849 138 878 138
849 174 878 174
849 218 878 218
849 249 863 250
849 251 878 251
849 309 878 309
849 327 878 327
849 379 878 379
849 390 878 390
849 403 878 403
850 129 859 131
850 146 879 146
850 157 857 159
850 198 879 198
850 220 879 220
850 242 859 244
850 269 879 269
850 275 879 275
850 295 879 295
850 321 864 322
850 340 864 341
850 371 879 371
850 374 879 374
850 411 864 412
850 475 859 477
850 527 859 529
851 2 860 4
851 10 880 10
851 15 880 15
851 50 880 50
851 90 865 91
851 92 880 92
851 145 879 145
851 149 880 149
851 171 860 173
851 241 872 241
851 284 880 284
851 303 855 308
851 365 863 366
851 460 865 461
851 520 880 520
852 18 861 20
852 139 861 141
852 200 861 202
852 330 866 331
852 332 880 332
852 351 881 351
852 362 881 362
852 422 866 423
852 445 881 445
852 478 861 480
852 490 866 491
852 498 881 498
852 512 881 512
852 514 861 516
852 531 866 532
853 11 880 11
853 77 882 77
853 188 867 189
853 195 882 195
853 254 857 259
853 280 867 281
853 292 867 293
853 325 882 325
853 348 867 349
853 407 867 408
853 418 882 418
853 438 882 438
853 439 862 441
853 446 874 446
853 455 858 459
853 508 867 509
854 24 863 26
854 60 882 60
854 86 868 87
854 100 883 100
854 154 868 155
854 216 868 217
854 231 875 231
854 262 883 262
854 263 883 263
854 353 883 353
854 360 883 360
854 377 883 377
854 378 883 378
854 391 883 391
854 393 883 393
854 427 883 427
854 428 883 428
854 429 883 429
854 486 868 487
854 495 883 495
855 40 866 41
855 63 864 65
855 177 884 177
849 285 878 285
855 333 880 333
855 345 864 347
855 373 884 373
855 463 884 463
855 466 869 467
855 471 869 472
856 14 885 14
856 23 885 23
856 47 878 47
856 51 885 51
856 106 870 107
852 123 881 123
856 160 885 160
856 162 885 162
856 183 881 183
856 191 870 192
856 232 865 234
856 245 885 245
856 246 870 247
856 297 865 299
856 303 860 308
856 370 885 370
856 385 885 385
852 410 881 410
856 493 870 494
856 496 870 497
856 524 865 526
857 43 886 43
857 49 886 49
857 61 871 62
857 74 886 74
857 89 886 89
857 133 866 135
857 151 866 153
857 184 886 184
857 221 866 223
857 236 886 236
857 266 886 266
857 279 886 279
857 282 871 283
857 395 886 395
857 415 886 415
857 420 886 420
857 450 866 452
857 488 868 489
857 504 866 506
857 507 886 507
857 511 886 511
857 517 871 518
858 5 872 6
858 34 872 35
858 58 887 58
858 80 867 82
858 116 887 116
858 118 887 118
858 193 872 194
858 224 867 226
858 254 872 255
858 256 867 258
858 259 887 259
858 272 872 273
858 402 887 402
858 430 872 431
858 433 887 433
858 469 872 470
858 482 867 484
858 500 872 501
859 95 888 95
859 117 888 117
859 120 873 121
859 214 888 214
859 237 888 237
859 338 873 339
859 363 873 364
859 375 873 376
859 400 873 401
859 405 873 406
859 424 868 426
865 435 888 435
859 442 888 442
859 453 868 455
859 456 868 458
859 459 888 459
859 530 888 530
860 37 887 37
860 66 874 67
860 129 869 131
860 147 889 147
868 157 896 157
858 157 867 159
860 227 874 228
860 242 869 244
860 288 889 288
860 300 869 302
860 369 889 369
860 416 889 416
860 476 889 476
860 477 889 477
860 485 889 485
860 492 889 492
860 527 874 528
860 529 889 529
860 537 874 538
861 2 870 4
861 17 890 17
861 69 875 70
861 168 890 168
861 171 870 173
861 185 890 185
858 196 872 197
861 238 875 239
861 303 865 308
861 316 875 317
861 328 888 328
861 350 890 350
861 383 875 384
861 386 875 387
861 413 875 414
865 436 875 437
860 481 889 481
861 502 875 503
862 18 871 20
862 57 891 57
862 79 891 79
862 98 876 99
862 132 891 132
862 139 871 141
862 201 876 202
862 229 891 229
862 248 891 248
862 268 891 268
862 286 876 287
862 290 876 291
862 323 891 323
862 361 891 361
862 381 876 382
862 396 876 397
862 404 891 404
862 478 871 480
862 499 891 499
862 514 871 516
862 534 891 534
863 0 892 0
863 59 892 59
863 75 877 76
863 101 892 101
863 148 892 148
863 161 892 161
863 175 877 176
863 181 877 182
862 219 891 219
863 271 892 271
863 311 872 313
863 334 877 335
863 344 892 344
863 357 877 358
863 388 892 388
863 389 892 389
859 434 864 437
863 439 872 441
863 448 889 448
864 7 878 8
864 24 873 26
864 36 887 36
864 45 893 45
864 83 893 83
864 94 888 94
864 102 878 103
864 114 893 114
864 137 893 137
864 179 878 180
864 199 893 199
864 249 878 250
864 253 893 253
864 343 892 343
864 354 893 354
864 365 873 367
864 409 893 409
864 474 893 474
864 536 893 536
865 55 894 55
865 63 874 65
865 72 879 73
865 78 894 78
865 93 894 93
864 105 893 105
865 144 894 144
865 150 894 150
865 205 894 205
865 274 894 274
865 289 894 289
865 318 879 319
865 321 894 321
865 322 894 322
865 340 879 341
865 345 894 345
865 346 879 347
865 411 879 412
865 462 894 462
865 464 894 464
866 30 890 30
866 85 895 85
866 90 880 91
866 109 895 109
866 164 895 164
866 207 895 207
866 211 880 212
866 232 875 234
866 297 895 297
866 299 895 299
866 303 870 308
866 314 895 314
866 460 880 461
866 465 895 465
866 524 875 526
867 22 896 22
867 31 890 31
867 40 875 42
867 104 894 104
864 122 893 122
867 133 896 133
867 134 881 135
867 151 876 153
868 159 896 159
867 169 896 169
867 204 896 204
867 210 896 210
867 221 876 223
867 264 881 265
867 324 896 324
867 329 876 331
867 422 881 423
867 449 876 451
867 452 896 452
867 490 881 491
867 504 876 506
867 531 881 532
868 9 895 9
863 53 892 53
868 80 877 82
868 187 877 189
868 190 897 190
868 224 877 226
868 256 877 258
868 270 897 270
868 276 897 276
868 280 882 281
868 292 882 293
868 337 897 337
868 348 882 349
868 355 897 355
868 407 882 408
868 482 877 484
868 508 877 510
869 86 898 86
869 87 898 87
869 88 898 88
869 97 898 97
869 111 898 111
869 113 898 113
869 154 878 156
869 170 898 170
869 216 883 217
869 296 898 296
869 310 898 310
869 398 898 398
869 424 878 426
869 444 898 444
869 453 873 458
869 487 877 489
869 513 898 513
870 54 897 54
870 68 899 68
870 124 884 125
870 127 899 127
870 129 879 131
870 163 899 163
870 186 899 186
870 200 899 200
870 242 879 244
870 300 879 302
870 359 899 359
870 394 899 394
870 466 899 466
870 471 882 472
870 521 899 521
871 2 880 4
871 106 885 107
871 110 895 110
871 128 900 128
871 166 900 166
871 171 878 173
871 191 885 192
871 246 885 247
871 303 875 308
871 342 900 342
871 434 900 434
871 443 900 443
871 493 885 494
871 496 885 497
872 18 881 20
872 44 901 44
872 61 886 62
872 139 881 141
872 143 901 143
872 208 886 209
872 235 901 235
872 252 901 252
872 277 901 277
872 282 886 283
872 478 881 480
872 514 877 518
872 533 901 533
872 535 901 535
873 21 902 21
873 34 887 35
873 56 902 56
873 84 902 84
873 112 902 112
873 142 902 142
873 158 902 158
873 193 887 194
873 197 902 197
873 240 887 241
873 254 902 254
873 255 902 255
873 272 887 273
873 311 882 313
873 320 902 320
873 430 902 430
873 431 902 431
873 439 882 441
873 468 882 470
873 500 887 501
874 24 883 26
874 27 903 27
874 120 888 121
874 136 903 136
874 315 903 315
874 338 884 339
874 363 888 364
874 372 903 372
874 375 888 376
874 400 903 400
874 401 903 401
874 405 888 406
874 417 903 417
874 421 903 421
874 453 878 458
875 5 889 6
875 13 904 13
875 28 889 29
875 63 904 63
875 64 904 64
875 66 898 66
875 67 904 67
875 178 904 178
875 227 889 228
875 260 904 260
875 294 904 294
875 419 904 419
875 446 889 447
875 475 904 475
875 522 904 522
875 527 904 527
875 528 904 528
875 537 889 538
876 39 882 42
876 65 905 65
876 69 890 70
876 206 905 206
876 230 885 232
876 233 890 234
876 238 889 239
876 261 905 261
876 267 905 267
876 278 905 278
876 298 905 298
876 303 880 308
876 316 890 317
876 380 905 380
876 383 890 384
876 386 890 387
876 413 890 414
876 432 905 432
876 436 890 437
876 473 905 473
876 502 888 503
876 524 885 526
877 1 906 1
876 12 905 12
877 96 906 96
877 98 891 99
877 119 906 119
877 151 886 153
877 165 906 165
877 167 906 167
877 201 886 203
875 215 904 215
877 221 886 223
877 286 906 286
877 287 906 287
877 290 891 291
877 329 886 331
877 352 906 352
877 356 906 356
877 381 891 382
877 392 903 392
877 396 906 396
877 449 886 451
877 504 886 506
877 519 906 519
877 523 906 523
878 16 907 16
878 32 892 33
878 48 907 48
878 52 907 52
878 75 892 76
878 80 887 82
878 126 907 126
878 175 892 176
878 181 907 181
878 187 887 189
878 196 907 196
878 213 907 213
878 224 887 226
878 256 887 258
878 326 907 326
878 334 887 336
878 357 892 358
878 365 892 366
878 367 907 367
878 399 907 399
878 482 887 484
878 486 884 489
878 508 902 508
878 514 883 518
879 7 908 7
879 8 908 8
879 38 908 38
879 46 893 47
879 71 907 71
879 102 893 103
879 108 908 108
879 115 908 115
879 138 908 138
879 154 888 156
886 174 908 174
879 180 908 180
879 218 908 218
879 249 888 251
879 285 908 285
879 309 908 309
879 327 908 327
879 379 908 379
879 390 908 390
879 403 908 403
879 424 887 426
879 453 883 458
879 510 908 510
880 72 894 73
880 129 889 131
880 145 894 146
880 220 909 220
880 242 889 244
880 269 909 269
880 275 909 275
880 295 909 295
880 300 889 302
880 318 894 319
880 340 894 341
880 346 894 347
880 371 909 371
880 374 903 374
880 411 894 412
881 2 890 4
881 10 895 11
881 15 910 15
881 50 910 50
881 90 890 92
881 149 910 149
879 171 885 174
881 211 895 212
881 284 910 284
881 303 885 308
881 397 910 397
881 460 895 461
881 520 910 520
882 18 891 20
882 123 911 123
882 134 896 135
882 139 891 141
882 182 896 183
882 264 895 265
881 332 895 333
882 351 911 351
882 362 911 362
882 410 911 410
882 422 896 423
882 445 911 445
882 467 911 467
882 478 891 480
882 490 896 491
882 498 911 498
882 512 911 512
882 531 896 532
883 39 892 41
883 42 912 42
883 77 912 77
883 195 912 195
883 280 897 281
883 293 912 293
883 311 892 313
883 325 912 325
883 348 897 349
883 368 912 368
883 407 897 408
883 418 912 418
883 438 892 440
883 441 912 441
883 470 891 472
884 24 893 26
883 60 912 60
884 100 913 100
884 216 898 217
884 262 913 262
884 353 913 353
884 360 913 360
884 377 898 378
884 391 908 391
884 393 913 393
884 428 913 428
884 453 888 458
884 495 910 495
884 514 889 518
885 124 914 124
885 125 914 125
885 177 914 177
885 487 899 488
885 489 914 489
885 509 914 509
886 14 915 14
886 23 915 23
886 51 915 51
886 106 900 107
886 160 915 160
886 162 915 162
886 171 895 173
886 191 915 191
886 192 915 192
886 198 915 198
886 230 895 232
886 245 895 247
886 303 890 308
886 370 915 370
886 385 914 385
886 493 900 494
886 496 915 496
886 497 915 497
886 524 895 526
887 43 916 43
887 49 916 49
887 61 901 62
887 74 916 74
887 89 916 89
887 151 896 153
887 184 916 184
887 201 896 203
887 208 901 209
887 221 896 223
887 236 916 236
887 266 916 266
887 279 916 279
887 282 901 283
887 329 895 331
887 395 916 395
887 415 916 415
887 420 916 420
887 449 896 451
887 463 916 463
887 468 916 468
887 504 896 506
888 34 917 34
888 35 897 37
888 58 917 58
888 80 897 82
888 116 917 116
888 118 917 118
888 187 897 189
888 193 902 194
888 224 897 226
888 241 916 241
888 256 897 258
888 259 917 259
888 272 902 273
888 292 917 292
888 334 902 335
888 336 917 336
888 402 917 402
888 424 894 427
888 433 916 433
888 482 902 483
888 500 917 500
889 94 903 95
889 117 917 117
889 120 903 121
889 154 896 156
889 214 918 214
889 237 918 237
889 249 898 251
885 338 899 339
889 363 903 364
889 375 903 376
889 405 903 406
889 435 918 435
889 442 917 442
889 453 898 455
889 456 918 456
889 457 898 459
889 501 898 503
889 530 918 530
890 6 919 6
890 28 919 28
890 129 904 130
890 131 919 131
890 147 919 147
890 227 919 227
890 228 919 228
890 238 899 240
890 242 899 244
890 288 919 288
890 300 899 302
890 369 919 369
890 447 904 448
890 476 904 477
890 484 904 485
890 492 919 492
890 514 904 515
890 516 899 518
890 529 919 529
890 537 904 538
891 2 897 5
891 17 920 17
891 29 900 31
891 69 905 70
891 90 900 92
891 168 920 168
891 185 920 185
891 233 905 234
891 303 895 308
891 316 905 317
889 328 918 328
891 350 920 350
891 383 905 384
891 386 905 387
891 413 905 414
891 436 905 437
891 486 920 486
892 18 901 20
892 57 921 57
892 79 921 79
892 98 906 99
892 132 921 132
892 139 901 141
892 219 921 219
892 229 921 229
892 248 921 248
892 290 906 291
892 323 921 323
892 361 921 361
892 381 906 382
892 404 921 404
892 469 898 472
892 478 898 481
892 499 921 499
892 534 921 534
893 0 922 0
893 32 907 33
893 39 907 40
893 41 922 41
893 53 922 53
893 59 922 59
893 75 907 76
893 101 916 101
893 148 922 148
893 161 922 161
893 175 922 175
893 176 922 176
893 271 922 271
893 311 902 313
893 343 907 344
893 357 907 358
893 365 922 365
893 366 922 366
893 388 907 389
893 438 902 440
894 24 903 26
894 45 903 47
894 83 923 83
894 102 908 103
894 114 923 114
894 137 923 137
894 199 923 199
894 253 922 253
894 354 923 354
894 409 923 409
894 429 923 429
894 474 923 474
894 536 923 536
895 72 909 73
895 78 924 78
895 93 924 93
895 104 909 105
895 144 904 146
895 150 924 150
895 205 924 205
895 274 924 274
895 289 924 289
895 318 909 319
895 321 909 322
895 340 909 341
895 345 904 347
895 411 909 412
895 424 904 426
895 462 924 462
895 464 924 464
896 9 905 11
896 85 920 85
896 109 910 110
896 164 925 164
896 171 905 173
896 207 925 207
896 211 910 212
896 230 905 232
896 245 905 247
896 263 905 265
896 299 925 299
896 303 900 308
896 314 925 314
896 329 901 333
896 460 910 461
896 465 925 465
896 524 905 526
897 22 926 22
897 122 926 122
897 133 911 134
897 135 926 135
897 151 901 156
897 159 926 159
897 169 926 169
897 182 911 183
897 201 906 203
897 210 926 210
897 221 906 223
897 324 926 324
897 422 911 423
897 449 906 451
897 452 926 452
897 490 926 490
897 504 906 506
897 531 911 532
898 36 912 37
898 54 912 55
898 80 907 82
898 187 907 189
898 190 927 190
898 224 907 226
898 256 907 258
898 270 927 270
898 280 912 281
898 337 927 337
898 348 911 349
898 355 927 355
898 407 912 408
899 2 905 5
899 86 908 88
899 111 928 111
899 113 928 113
899 170 928 170
899 216 913 217
899 249 908 251
899 268 928 268
899 296 913 297
899 310 928 310
899 377 913 378
899 398 928 398
899 444 928 444
899 453 908 455
899 457 908 459
899 469 908 471
899 472 928 472
899 501 908 503
899 513 928 513
900 68 929 68
900 127 929 127
900 163 929 163
900 186 929 186
900 200 929 200
900 238 909 240
900 242 909 244
900 276 929 276
900 300 929 300
900 301 929 301
900 302 929 302
900 338 929 338
900 339 929 339
900 359 929 359
900 394 929 394
900 478 906 481
900 487 914 488
900 491 929 491
900 516 909 518
900 521 929 521
901 29 910 31
901 90 910 92
901 97 930 97
901 106 915 107
901 128 930 128
901 166 930 166
901 303 905 308
901 342 930 342
901 434 930 434
901 443 930 443
901 493 930 493
902 18 911 20
902 35 931 35
902 44 931 44
902 61 916 62
902 139 916 140
902 141 931 141
902 143 931 143
902 151 906 156
902 157 931 157
902 208 916 209
902 235 931 235
902 282 913 283
902 329 907 333
902 511 931 511
902 533 931 533
902 535 931 535
903 21 932 21
903 56 932 56
903 84 932 84
903 112 932 112
903 142 931 142
903 158 932 158
903 193 917 194
903 197 932 197
903 254 917 255
903 272 917 273
903 311 912 313
903 320 932 320
903 334 917 335
903 416 932 416
903 430 932 430
903 431 932 431
903 438 912 440
903 446 932 446
903 482 915 483
903 507 917 508
904 24 918 25
904 26 918 27
904 45 918 46
904 47 933 47
904 95 933 95
904 120 918 121
904 136 933 136
904 277 933 277
904 315 933 315
904 363 918 364
904 372 933 372
904 374 913 376
904 400 918 401
904 405 933 405
904 417 933 417
904 421 933 421
905 13 934 13
905 63 916 64
899 66 928 66
905 129 919 130
905 144 914 146
905 178 919 179
905 215 928 215
905 252 934 252
905 260 934 260
905 294 934 294
905 345 919 346
905 419 934 419
905 424 914 426
905 447 934 447
905 448 934 448
905 475 919 476
905 485 934 485
905 514 919 515
905 522 934 522
905 527 919 528
905 537 934 537
905 538 934 538
906 2 915 4
906 5 935 5
906 9 935 9
906 10 935 10
906 12 934 12
906 65 935 65
906 69 920 70
906 171 920 172
906 206 935 206
906 230 911 234
906 245 915 247
906 261 935 261
906 263 915 265
906 267 929 267
906 278 935 278
906 298 935 298
906 303 910 308
906 316 920 317
906 380 935 380
906 383 920 384
906 386 920 387
906 413 916 414
906 432 935 432
906 436 920 437
906 473 935 473
906 524 915 526
907 1 936 1
907 94 936 94
907 96 936 96
907 98 921 99
907 119 936 119
907 151 911 156
907 165 936 165
907 167 936 167
907 201 916 203
907 221 916 223
907 286 921 287
907 290 921 291
907 352 936 352
907 356 936 356
907 381 921 382
904 392 933 392
907 396 936 396
907 449 916 451
907 477 916 479
907 504 936 504
907 505 921 506
907 519 935 519
907 523 936 523
908 16 937 16
908 32 937 32
908 33 937 33
908 39 922 40
908 48 937 48
908 52 937 52
908 67 937 67
908 75 922 76
908 80 917 82
908 126 937 126
908 181 937 181
908 187 917 189
908 196 937 196
908 213 937 213
908 224 917 226
908 256 917 258
908 326 937 326
908 329 913 333
908 343 922 344
908 357 922 358
908 367 937 367
908 388 922 389
908 399 937 399
908 427 937 427
908 480 922 481
909 7 923 8
909 38 938 38
908 71 937 71
909 86 918 88
909 102 923 103
909 108 938 108
909 115 938 115
909 138 938 138
909 174 938 174
909 180 938 180
909 218 938 218
909 249 938 249
909 250 923 251
909 285 938 285
909 309 938 309
909 327 938 327
909 379 938 379
909 390 923 391
909 403 938 403
909 453 918 455
909 457 923 458
909 459 938 459
909 469 918 471
909 501 918 503
909 510 938 510
910 72 924 73
910 104 923 105
910 173 939 173
910 204 939 204
910 220 939 220
910 238 924 239
910 242 919 244
910 269 939 269
910 295 939 295
910 318 924 319
910 321 924 322
910 341 939 341
910 371 939 371
910 406 939 406
910 411 924 412
910 516 919 518
911 15 940 15
911 29 920 31
911 50 940 50
911 90 920 92
911 109 925 110
911 211 925 212
911 303 915 308
911 397 940 397
911 460 925 461
911 494 925 495
911 520 940 520
912 18 941 18
912 19 926 20
912 123 941 123
912 133 926 134
912 149 941 149
912 151 916 156
912 182 941 182
912 183 941 183
912 230 917 234
912 347 921 349
912 351 941 351
912 362 941 362
912 410 941 410
912 422 926 423
912 445 941 445
912 466 941 466
912 467 941 467
912 498 941 498
912 512 941 512
912 531 926 532
913 36 927 37
913 42 942 42
913 54 927 55
913 60 942 60
913 77 940 77
913 195 942 195
913 280 927 281
913 293 942 293
913 311 922 313
913 325 942 325
913 340 942 340
913 368 942 368
913 373 942 373
913 407 927 408
913 418 942 418
913 438 922 440
913 441 940 441
914 216 928 217
914 240 943 240
914 262 943 262
914 282 923 284
914 296 928 297
914 329 919 333
914 353 943 353
914 360 943 360
914 374 919 378
914 393 943 393
914 428 943 428
915 124 929 125
915 144 924 146
915 177 944 177
915 275 944 275
915 425 929 426
915 487 924 489
915 509 944 509
916 2 930 3
916 4 945 4
916 14 945 14
916 23 945 23
916 51 945 51
916 106 930 107
916 160 945 160
916 162 945 162
916 191 929 192
916 198 945 198
916 245 925 247
916 263 925 265
916 303 920 308
916 370 945 370
915 385 944 385
916 482 924 484
916 496 930 497
916 524 925 526
917 43 946 43
917 49 946 49
917 61 946 61
917 62 926 64
917 89 946 89
917 100 931 101
917 139 931 140
917 151 921 156
917 184 946 184
917 201 926 203
917 208 931 209
917 221 926 223
917 236 946 236
917 266 946 266
917 279 946 279
917 395 946 395
917 413 926 415
917 420 946 420
917 449 926 451
917 463 946 463
917 468 946 468
917 477 926 479
918 34 947 34
918 58 947 58
918 80 927 82
918 116 947 116
918 117 932 118
918 187 927 189
918 193 929 194
918 224 927 226
918 230 923 234
917 241 946 241
918 254 922 259
918 272 945 272
918 273 947 273
918 292 947 292
918 334 927 336
918 402 941 402
917 433 946 433
918 500 945 500
918 507 932 508
919 11 948 11
919 24 928 26
919 27 948 27
919 45 933 46
919 86 928 88
919 120 933 121
919 214 948 214
919 237 948 237
919 328 948 328
919 363 933 364
919 400 933 401
919 435 948 435
918 442 947 442
919 453 928 455
919 456 948 456
919 469 928 471
919 501 928 503
919 530 948 530
920 6 949 6
920 28 949 28
920 74 949 74
920 129 929 131
920 147 949 147
920 179 944 179
920 227 934 228
920 242 929 244
920 288 949 288
920 329 925 333
920 345 934 346
920 369 949 369
920 374 925 378
920 475 934 476
920 492 947 492
920 514 929 516
920 517 934 518
920 527 927 529
921 17 950 17
921 29 930 31
921 69 950 69
921 70 950 70
921 90 930 92
921 168 950 168
921 171 935 172
921 185 950 185
921 303 925 308
921 316 935 317
921 350 950 350
921 383 935 384
921 386 935 387
921 436 950 436
921 437 950 437
921 486 950 486
922 57 951 57
922 79 946 79
922 98 936 99
922 151 926 156
922 219 951 219
922 229 951 229
922 248 951 248
922 286 936 287
922 290 936 291
922 323 951 323
922 347 931 349
922 404 951 404
922 424 951 424
922 499 951 499
922 505 936 506
922 534 951 534
923 0 952 0
923 39 932 41
923 53 952 53
923 59 952 59
923 75 937 76
923 148 952 148
923 161 952 161
923 175 952 175
923 255 927 259
923 271 952 271
923 311 932 313
923 343 937 344
923 357 937 358
923 365 937 366
923 388 937 389
923 438 932 440
924 7 938 8
924 83 950 83
924 102 930 105
924 114 953 114
924 137 949 137
924 199 953 199
924 230 929 234
924 250 938 251
923 253 936 254
924 282 933 284
924 354 953 354
924 390 938 391
924 409 953 409
924 429 953 429
924 457 938 458
924 536 953 536
925 72 939 73
925 78 954 78
925 93 954 93
925 144 934 146
925 150 954 150
925 205 954 205
925 238 939 239
925 274 947 274
925 289 954 289
925 318 939 319
925 321 939 322
925 411 939 412
925 462 952 462
925 464 954 464
925 474 954 474
925 480 930 484
925 487 934 489
921 85 950 85
926 109 940 110
926 164 955 164
926 207 955 207
926 211 939 212
926 245 940 246
926 247 955 247
926 263 940 264
926 299 955 299
926 303 930 308
926 314 955 314
926 329 931 333
926 374 931 378
926 460 938 461
926 494 940 495
926 524 940 525
927 19 941 20
927 22 956 22
927 62 956 62
927 64 956 64
927 133 941 134
927 135 956 135
927 151 931 156
927 159 956 159
927 169 956 169
927 201 936 203
927 210 956 210
927 221 936 223
927 324 956 324
927 413 941 414
927 422 941 423
927 449 936 451
927 452 956 452
927 477 936 479
927 490 956 490
927 531 941 532
928 36 942 37
928 54 942 55
928 80 937 82
928 122 957 122
928 132 957 132
928 187 937 189
928 190 957 190
928 224 937 226
928 255 934 258
928 270 952 270
928 280 942 281
928 334 937 336
928 337 950 337
928 355 957 355
928 407 942 408
928 526 934 529
929 24 943 25
929 26 958 26
929 63 958 63
929 66 958 66
929 86 937 88
929 111 958 111
929 113 958 113
929 170 958 170
929 215 938 217
929 259 958 259
929 268 958 268
929 296 943 297
929 310 958 310
929 398 958 398
929 444 958 444
929 453 938 455
929 469 938 471
929 472 958 472
929 501 938 503
929 513 958 513
930 68 959 68
930 124 943 125
930 127 959 127
930 129 939 131
930 163 959 163
930 186 959 186
930 200 959 200
930 230 935 234
930 242 944 243
930 244 959 244
930 276 959 276
930 300 939 302
930 338 944 339
930 359 959 359
930 394 959 394
930 425 944 426
930 514 939 516
930 521 959 521
931 2 945 3
931 29 945 30
931 31 960 31
931 90 940 92
931 97 960 97
931 102 934 107
931 128 960 128
931 166 960 166
930 191 936 194
931 303 935 308
931 342 960 342
931 382 960 382
931 434 960 434
931 443 960 443
931 480 936 484
931 493 960 493
931 496 945 497
932 35 958 35
932 44 961 44
932 100 961 100
932 139 946 140
932 141 941 143
932 151 936 156
932 157 961 157
932 208 946 209
932 235 961 235
932 329 937 333
932 347 941 349
932 361 961 361
932 374 937 378
932 511 961 511
932 533 961 533
932 535 961 535
933 21 962 21
933 39 942 41
933 56 962 56
933 84 961 84
933 112 962 112
933 117 947 118
933 158 961 158
933 197 960 197
933 311 942 313
933 320 962 320
933 430 947 431
933 438 942 440
933 446 962 446
933 507 947 508
934 45 941 47
934 95 963 95
934 120 948 121
934 136 963 136
934 277 963 277
934 282 943 284
934 315 963 315
934 363 963 363
934 364 963 364
934 372 963 372
934 392 963 392
934 400 948 401
934 405 963 405
934 417 963 417
934 421 963 421
935 12 949 13
935 101 938 107
935 144 944 146
935 176 964 176
935 227 949 228
935 252 964 252
935 260 964 260
935 294 964 294
935 345 949 346
935 381 964 381
935 419 964 419
935 447 949 448
935 475 949 476
935 485 964 485
935 487 944 489
935 517 949 518
935 522 959 522
935 526 944 528
935 529 964 529
935 537 949 538
936 5 965 5
936 9 950 10
936 65 965 65
936 171 950 172
936 206 964 206
936 230 941 234
936 261 965 261
930 267 959 267
936 278 965 278
936 298 963 298
936 303 941 307
936 308 965 308
936 316 950 317
936 380 965 380
936 383 950 384
936 386 947 387
936 432 965 432
936 473 965 473
937 1 966 1
937 94 966 94
937 96 966 96
937 98 951 99
937 119 966 119
937 151 941 156
937 165 966 165
937 167 965 167
937 191 946 193
937 194 965 194
937 201 951 202
937 221 951 222
937 223 966 223
937 253 941 258
937 286 951 287
937 290 951 291
937 352 966 352
937 356 966 356
937 396 966 396
937 449 950 450
937 477 941 482
937 483 951 484
937 504 946 506
936 519 965 519
937 523 966 523
938 16 967 16
938 32 952 33
938 48 967 48
938 52 967 52
938 67 967 67
938 71 967 71
938 75 952 76
938 80 947 82
938 126 967 126
938 181 967 181
938 187 947 189
938 196 967 196
938 224 947 226
938 265 967 265
938 326 967 326
938 329 942 334
938 343 952 344
938 357 952 358
938 365 947 367
938 374 943 378
938 388 952 389
938 399 967 399
938 427 967 427
938 451 967 451
939 7 953 8
939 38 968 38
947 86 968 86
938 86 946 88
939 101 943 106
939 107 953 108
939 115 968 115
939 138 968 138
939 174 968 174
939 180 968 180
939 218 968 218
939 249 948 251
939 285 964 285
939 309 968 309
939 327 968 327
939 379 968 379
939 390 953 391
939 403 968 403
939 453 948 455
939 457 953 458
939 459 948 461
939 469 948 471
939 501 948 503
939 510 968 510
940 72 969 72
940 129 949 131
940 173 965 173
940 203 954 204
940 211 949 213
940 215 949 217
940 220 969 220
940 238 969 238
940 269 969 269
940 295 966 295
940 300 949 302
940 318 954 319
940 321 954 322
940 335 969 335
940 341 969 341
940 371 969 371
940 406 969 406
940 411 954 412
940 415 969 415
940 491 969 491
940 514 949 516
941 15 970 15
941 50 970 50
941 90 950 92
941 109 955 110
941 239 970 239
941 245 955 246
941 263 955 264
941 397 969 397
941 494 955 495
941 520 968 520
941 524 955 525
942 18 956 19
942 20 969 20
942 133 956 134
942 141 951 143
942 149 971 149
942 151 946 156
942 182 956 183
942 230 947 234
942 253 946 258
942 303 956 304
942 305 971 305
942 347 951 349
942 351 971 351
942 362 971 362
942 410 971 410
942 413 956 414
942 422 952 423
942 445 971 445
942 465 951 467
942 477 946 482
942 498 971 498
942 512 970 512
942 531 956 532
943 36 957 37
943 39 952 41
943 42 972 42
943 54 957 55
943 60 972 60
941 77 970 77
943 195 972 195
943 280 957 281
943 293 972 293
943 311 952 313
943 325 972 325
943 329 947 334
943 340 972 340
943 368 972 368
943 373 972 373
943 407 972 407
943 408 972 408
943 418 972 418
943 438 952 440
941 441 970 441
944 24 958 25
942 45 951 47
944 101 948 106
944 123 951 125
944 240 973 240
944 262 973 262
944 282 953 284
944 297 973 297
944 306 973 306
944 353 973 353
944 360 973 360
944 374 949 378
944 393 973 393
944 428 972 428
945 73 974 73
945 144 954 146
945 177 974 177
945 178 959 179
945 242 959 243
945 275 974 275
945 425 959 426
945 487 954 489
945 509 966 509
945 526 954 528
946 2 955 4
946 14 975 14
946 23 975 23
946 29 960 30
946 51 974 51
946 160 969 160
946 162 975 162
946 198 975 198
946 307 975 307
946 370 973 370
946 496 960 497
947 43 976 43
947 49 976 49
947 61 976 61
947 87 973 87
947 88 961 89
947 139 961 140
947 151 951 156
947 184 975 184
947 191 956 193
947 208 961 209
947 236 976 236
947 253 951 258
947 266 972 266
947 279 976 279
947 395 970 395
947 416 976 416
947 420 976 420
947 433 976 433
947 463 976 463
947 468 976 468
947 477 961 478
947 479 976 479
947 481 975 481
947 482 975 482
947 504 956 506
948 34 977 34
948 58 977 58
948 80 957 82
948 116 957 118
948 187 957 189
948 224 962 225
948 226 977 226
948 230 957 232
948 233 962 234
946 272 975 272
948 273 962 274
948 292 972 292
948 296 977 296
948 329 952 334
948 365 959 366
948 385 957 387
942 402 971 402
948 430 962 431
948 442 977 442
948 480 977 480
946 500 975 500
948 507 962 508
949 11 978 11
949 27 978 27
949 101 953 106
949 120 963 121
949 214 978 214
949 237 976 237
949 249 958 251
949 328 973 328
949 400 963 401
949 435 978 435
949 453 958 455
949 456 978 456
949 459 963 460
949 461 978 461
949 469 958 471
949 501 958 503
949 530 976 530
950 6 977 6
950 12 964 13
950 28 978 28
950 129 959 131
950 147 979 147
950 211 959 213
950 215 959 217
950 227 964 228
950 288 979 288
950 300 959 302
950 345 964 346
950 374 955 378
950 447 979 447
950 475 964 476
948 492 977 492
950 514 964 515
950 516 959 518
950 537 979 537
950 538 979 538
951 9 965 10
951 17 980 17
951 69 965 70
951 90 965 91
951 92 980 92
951 168 980 168
951 171 965 172
951 185 975 185
951 316 965 317
951 336 960 338
951 383 965 384
951 436 965 437
951 448 960 450
951 486 976 486
952 45 981 45
952 57 977 57
947 79 976 79
952 98 966 99
952 141 961 143
952 151 956 156
952 201 966 202
952 219 980 219
952 221 966 222
952 229 977 229
952 248 981 248
952 253 956 258
952 286 966 287
952 290 966 291
952 323 980 323
952 347 966 348
952 349 981 349
952 404 981 404
952 465 961 467
952 483 966 484
952 499 975 499
952 534 981 534
953 0 982 0
953 32 981 32
953 33 981 33
953 39 962 41
953 53 974 53
953 74 982 74
953 148 979 148
953 161 982 161
953 175 982 175
953 270 967 271
953 311 967 312
953 313 982 313
953 329 957 334
953 339 982 339
953 343 967 344
953 357 967 358
953 388 967 389
953 422 962 424
953 438 966 439
954 7 968 8
951 83 980 83
954 85 983 85
954 101 958 106
954 107 981 107
954 108 983 108
954 114 983 114
952 123 961 125
950 137 979 137
954 199 976 199
954 282 963 284
954 354 983 354
954 390 968 391
954 409 983 409
954 429 983 429
954 457 968 458
954 536 983 536
955 46 984 46
955 59 984 59
955 78 981 78
955 93 977 93
955 144 964 146
955 150 984 150
955 204 969 205
955 289 984 289
955 318 969 319
955 321 969 322
955 411 969 412
953 462 982 462
955 464 984 464
955 474 979 474
955 487 964 489
955 526 964 528
956 2 965 4
956 109 970 110
956 164 985 164
956 207 985 207
956 245 965 247
956 263 970 264
956 299 985 299
956 314 983 314
956 374 961 378
956 494 967 495
956 524 985 524
957 18 971 19
957 22 986 22
957 62 986 62
957 64 986 64
957 75 986 75
957 133 966 135
957 151 961 156
957 159 986 159
957 169 983 169
957 182 971 183
957 191 966 193
957 210 986 210
957 253 961 258
957 303 971 304
957 324 986 324
957 413 970 414
957 452 986 452
957 490 986 490
957 504 966 506
957 531 971 532
958 36 972 37
958 54 972 55
958 80 987 80
958 82 981 82
958 116 967 118
958 122 987 122
958 132 986 132
958 187 967 189
958 190 987 190
958 230 967 232
958 280 972 281
958 329 962 334
958 355 983 355
958 385 967 387
959 24 968 26
959 63 986 63
959 66 988 66
959 81 988 81
959 101 963 106
959 111 986 111
959 113 983 113
959 170 988 170
959 241 988 241
959 249 973 250
959 251 987 251
959 259 984 259
959 268 988 268
959 310 988 310
959 398 988 398
959 444 988 444
959 453 968 455
959 469 968 471
959 472 981 472
959 501 968 503
959 513 988 513
960 47 989 47
960 68 989 68
960 127 989 127
960 129 969 131
960 163 985 163
960 179 989 179
960 186 989 186
960 200 989 200
960 211 969 213
960 215 985 215
960 216 974 217
960 242 969 244
960 276 984 276
960 300 969 302
960 350 989 350
960 359 989 359
960 365 969 367
960 394 989 394
960 425 974 426
960 516 974 517
960 518 989 518
960 521 974 522
960 525 989 525
961 29 970 31
961 97 990 97
961 128 989 128
961 166 990 166
961 336 990 336
961 338 985 338
961 342 990 342
961 382 990 382
961 434 982 434
961 443 985 443
961 448 975 449
961 493 983 493
961 496 985 496
959 35 986 35
962 44 983 44
962 100 991 100
962 123 971 125
962 139 971 141
962 142 975 143
962 151 966 156
962 157 976 158
962 208 976 209
962 235 985 235
962 253 966 258
962 361 991 361
962 369 991 369
962 374 967 378
962 465 976 466
962 477 976 478
962 511 991 511
962 533 989 533
963 21 986 21
963 39 972 41
963 56 992 56
962 84 991 84
963 112 986 112
961 197 990 197
963 224 975 225
963 233 977 234
963 273 977 274
963 320 988 320
963 329 968 333
963 334 992 334
963 422 972 424
963 430 977 431
963 446 985 446
963 467 992 467
963 507 977 508
964 76 993 76
964 89 993 89
964 95 990 95
964 101 968 106
964 120 978 121
964 136 993 136
964 178 993 178
964 277 993 277
964 282 973 284
964 315 993 315
964 363 978 364
964 372 993 372
964 392 993 392
964 400 977 401
964 405 993 405
964 417 993 417
964 421 992 421
964 450 993 450
964 459 978 460
964 497 993 497
965 12 978 13
965 145 994 145
965 146 994 146
965 176 986 176
965 227 977 228
965 252 994 252
965 260 994 260
965 294 994 294
965 345 979 346
965 381 990 381
965 419 994 419
965 475 979 476
965 485 994 485
965 487 974 489
965 514 979 515
965 526 974 528
965 529 994 529
966 2 975 4
966 5 995 5
966 9 980 10
966 65 992 65
966 69 980 70
966 90 980 91
966 171 980 172
965 206 992 206
966 245 975 247
966 261 995 261
966 278 995 278
964 298 993 298
966 316 980 317
966 337 995 337
966 380 990 380
966 383 980 384
966 432 990 432
966 436 980 437
966 473 995 473
966 519 995 519
967 1 990 1
967 94 996 94
967 96 990 96
967 98 981 99
967 119 996 119
967 133 976 135
967 151 993 151
967 152 972 156
967 165 996 165
966 167 995 167
967 191 976 193
966 194 995 194
967 201 976 203
967 221 975 223
967 253 971 258
967 286 979 287
967 290 981 291
967 347 981 348
967 352 996 352
967 356 993 356
967 396 996 396
967 438 976 440
967 483 981 484
967 504 976 506
967 523 989 523
968 16 992 16
968 48 991 48
968 52 997 52
968 67 992 67
968 71 997 71
968 116 977 118
968 126 997 126
968 181 997 181
968 187 982 188
968 189 997 189
968 196 997 196
968 230 977 232
968 265 997 265
968 270 982 271
968 311 982 312
968 326 997 326
968 343 982 344
968 357 982 358
968 374 982 375
968 376 977 378
968 385 973 389
968 399 997 399
968 427 997 427
968 451 997 451
968 535 997 535
969 7 998 7
969 8 998 8
969 24 978 26
969 38 996 38
969 86 998 86
969 101 973 106
969 115 998 115
969 138 998 138
969 174 998 174
969 180 998 180
969 218 992 218
969 267 998 267
965 285 994 285
969 309 998 309
969 327 997 327
969 329 974 333
969 379 996 379
969 390 996 390
969 391 996 391
969 403 998 403
969 453 978 455
969 457 983 458
969 469 983 470
969 501 978 503
969 510 997 510
970 72 999 72
970 129 979 131
966 173 995 173
970 204 982 205
970 211 978 213
970 238 999 238
970 242 979 244
970 269 999 269
967 295 996 295
970 300 979 302
970 318 984 319
970 321 997 321
970 335 997 335
970 341 999 341
970 365 978 367
970 371 996 371
970 406 999 406
970 411 999 411
970 491 993 491
971 15 999 15
971 29 980 31
971 50 999 50
971 77 999 77
971 109 983 110
971 239 999 239
971 263 985 264
970 397 999 397
971 412 980 414
971 441 999 441
968 494 982 495
969 520 998 520
972 18 984 19
970 20 999 20
972 123 981 125
972 139 981 141
972 149 993 149
972 182 986 183
972 253 976 258
972 303 981 305
972 351 997 351
972 362 996 362
972 402 999 402
972 410 999 410
972 445 999 445
972 498 997 498
971 512 999 512
972 531 986 532
973 36 986 37
973 39 982 41
973 42 999 42
973 54 987 55
973 60 999 60
973 152 978 156
973 195 997 195
973 280 987 281
973 292 983 293
973 325 997 325
973 340 999 340
973 368 996 368
973 373 996 373
973 407 987 408
973 418 999 418
973 422 982 424
974 101 978 106
974 240 999 240
974 249 987 250
974 262 999 262
974 282 983 284
974 297 999 297
974 353 997 353
974 360 999 360
974 385 979 389
974 393 999 393
973 428 999 428
975 177 999 177
975 216 989 217
975 329 980 333
975 425 987 426
975 487 984 489
967 509 992 509
975 516 989 517
975 521 989 522
975 526 984 528
976 2 990 3
976 14 999 14
976 23 999 23
975 51 999 51
976 142 985 144
970 160 998 160
976 162 998 162
976 220 980 225
976 245 985 247
976 306 988 307
974 370 999 370
976 448 990 449
976 499 990 500
977 43 999 43
977 49 999 49
977 61 999 61
974 87 999 87
977 133 986 135
977 157 988 158
976 184 989 185
977 191 986 193
977 198 990 199
977 208 991 209
977 236 991 237
977 253 986 255
977 256 991 257
973 266 999 266
977 279 999 279
971 395 999 395
977 415 991 416
977 420 999 420
977 438 986 440
977 463 999 463
977 465 988 466
977 477 984 479
976 481 990 482
977 504 986 506
978 57 992 58
978 116 987 118
978 226 987 228
978 231 983 234
978 272 987 274
978 296 999 296
978 376 987 378
978 430 990 431
979 11 988 13
979 24 988 26
979 27 993 28
979 103 988 105
979 120 993 121
979 152 984 156
979 211 985 214
974 328 997 328
979 363 984 367
978 400 992 401
979 453 993 454
979 455 993 456
979 459 988 461
979 501 988 503
977 530 999 530
978 6 999 6
980 129 989 131
980 147 993 148
980 242 989 244
980 286 987 288
980 300 989 302
980 345 991 346
980 385 985 389
980 474 989 476
980 514 992 515
980 537 994 538
981 9 995 10
981 29 990 31
981 69 995 70
981 90 990 92
981 171 995 172
981 221 985 225
981 316 995 317
981 322 995 323
981 329 986 333
981 383 995 384
981 412 990 414
981 435 990 437
977 486 999 486
982 32 991 34
982 78 993 79
982 82 996 83
982 98 996 99
982 106 993 107
982 123 991 125
982 139 991 141
981 219 992 220
978 229 991 230
982 290 996 291
982 303 990 305
982 347 991 349
982 471 996 472
982 483 996 484
983 39 992 41
975 53 999 53
983 73 997 74
983 101 997 102
983 187 997 188
983 201 997 202
983 203 992 205
983 270 997 271
983 311 997 312
983 343 997 344
983 357 993 358
983 374 996 375
983 422 992 424
983 433 997 434
984 44 998 45
984 108 993 110
984 113 998 114
984 168 998 169
984 231 991 233
984 282 991 284
984 313 998 314
984 354 997 355
984 457 998 458
984 468 992 470
984 492 993 494
985 17 992 19
978 93 999 93
985 152 990 156
985 258 996 259
985 275 999 276
985 363 990 367
985 477 991 480
985 487 994 489
985 526 993 528
986 142 995 144
986 163 998 164
986 211 995 213
986 214 999 215
986 221 991 225
986 234 999 235
986 245 995 247
986 263 999 264
986 338 999 339
986 385 991 389
986 442 999 443
986 446 999 447
986 495 999 496
987 21 999 22
987 62 996 64
987 132 996 134
987 175 999 176
987 182 999 183
987 191 996 193
987 253 996 255
987 329 992 333
987 438 994 440
987 504 992 508
987 35 996 37
988 116 997 118
988 226 997 228
988 248 994 251
988 272 997 274
988 286 997 288
984 292 998 293
988 376 996 378
989 11 998 13
989 24 998 26
989 103 998 105
987 111 999 112
989 157 998 159
989 306 998 308
989 318 997 320
989 407 998 409
989 464 998 466
989 501 997 503
990 127 995 131
990 184 999 186
990 241 999 243
990 299 999 301
988 425 999 426
990 459 999 461
990 521 999 523
990 531 999 533
991 0 995 4
991 29 999 31
991 95 999 97
991 152 996 156
991 197 997 200
991 302 997 305
991 363 996 367
991 380 999 382
991 429 997 432
990 474 999 476
992 46 999 48
992 122 998 125
992 221 997 225
992 280 997 284
992 345 996 350
992 385 996 389
992 477 996 482
993 54 997 59
993 65 999 68
993 203 997 208
993 216 998 220
992 229 997 233
993 329 997 334
993 421 999 424
993 467 999 470
993 504 997 509
993 513 997 518
994 78 999 81
994 88 999 92
994 106 999 110
994 147 999 151
994 356 999 359
994 452 999 456
994 490 999 494
994 524 999 528
993 16 999 19
995 435 999 440
996 0 999 5
996 139 999 145
996 244 999 250
997 32 999 41
997 127 999 136
997 251 999 260
997 361 999 369
997 371 999 379
997 383 999 392
997 477 999 485
998 187 999 198
998 199 999 213
998 315 999 326
998 327 999 337
998 342 999 355
998 497 999 511
999 152 999 174
