14216
0 0 0 3
0 5 0 8
0 9 0 12
0 13 0 16
0 17 0 20
0 21 0 24
0 25 0 28
0 29 0 32
0 33 0 36
0 37 0 39
0 41 3 41
0 42 0 45
0 46 1 47
0 48 0 51
0 52 0 55
0 56 0 59
0 60 1 61
0 62 0 65
0 66 0 69
0 70 1 71
0 72 0 75
0 76 0 79
0 80 0 83
0 84 0 87
0 88 0 91
0 92 0 95
0 96 0 99
0 100 0 103
0 104 0 107
0 108 0 111
0 112 0 115
0 116 0 119
0 120 0 123
0 124 0 127
0 128 0 131
0 132 0 135
0 136 0 139
0 140 0 143
0 144 0 147
0 148 0 151
0 152 0 155
0 156 0 159
0 160 0 163
0 164 0 167
0 168 0 171
0 172 0 175
0 176 3 176
0 177 3 177
0 178 3 178
0 179 3 179
0 180 1 181
0 182 3 182
0 183 0 186
0 187 0 190
0 191 0 194
0 195 1 196
0 197 0 200
0 201 0 204
0 205 0 208
0 209 0 212
0 213 0 216
0 217 0 220
0 221 0 224
0 226 0 228
0 229 0 232
0 233 0 236
0 237 0 240
0 241 0 244
0 245 0 248
0 249 0 252
0 253 0 256
0 257 1 258
0 259 0 262
0 263 0 266
0 267 0 270
0 271 0 274
0 275 0 278
0 279 0 282
0 283 0 286
0 287 0 290
0 291 0 294
0 295 0 298
0 299 0 302
0 303 1 304
0 305 0 308
0 309 0 312
0 313 0 316
0 317 0 320
0 321 0 324
0 325 0 328
0 329 0 332
0 333 0 336
0 337 0 340
0 341 0 344
0 345 0 348
0 349 0 352
0 353 0 356
0 357 2 357
0 361 0 364
0 365 0 367
0 370 0 372
0 373 1 374
0 375 0 378
0 379 0 382
0 383 0 386
0 387 0 390
0 391 0 394
0 395 3 395
0 396 0 399
0 400 0 403
0 404 0 407
0 408 0 411
0 412 0 415
0 416 0 418
0 419 0 422
0 423 0 426
0 427 0 430
0 431 0 434
0 435 0 438
0 439 1 440
0 441 0 444
0 445 0 448
0 449 0 452
0 453 0 456
0 457 1 458
0 459 1 460
0 461 0 464
0 465 1 466
0 467 0 470
0 471 0 474
0 475 0 478
0 479 0 482
0 483 0 486
0 487 0 490
0 491 0 494
0 495 3 495
0 496 0 499
0 500 0 503
0 504 0 507
0 508 0 511
0 512 0 515
0 516 1 517
0 518 0 521
0 522 0 525
0 526 1 527
0 528 0 531
0 532 0 535
0 536 0 539
0 540 1 541
0 542 0 545
0 546 0 549
0 550 0 553
0 554 0 557
0 558 0 561
0 562 0 565
0 566 0 569
0 570 1 571
0 572 0 575
0 576 1 577
0 578 0 581
0 582 0 585
0 586 1 587
0 588 0 591
0 592 0 595
0 596 0 599
0 600 0 603
0 604 0 607
0 608 0 611
0 612 0 615
0 616 0 619
0 620 0 623
0 624 0 627
0 628 1 629
0 630 0 633
0 634 1 635
0 636 1 637
0 638 0 641
0 642 0 645
0 646 0 649
0 650 0 653
0 654 0 657
0 658 0 661
0 662 0 665
0 666 0 669
0 670 0 673
0 674 0 677
0 678 0 681
0 682 0 685
0 686 1 687
0 688 3 688
0 689 0 692
0 693 0 696
0 697 0 700
0 701 0 704
0 705 0 708
0 709 0 712
0 713 0 716
0 717 0 720
0 721 0 724
0 725 0 728
0 729 0 732
0 733 0 736
0 737 0 740
0 741 0 744
0 745 0 748
0 749 0 752
0 753 0 756
0 757 0 760
0 761 0 764
0 765 0 768
0 769 0 772
0 773 0 776
0 777 1 778
0 779 3 779
0 780 1 781
0 782 0 785
0 786 0 789
0 790 3 790
1 0 1 3
1 4 1 7
1 8 1 11
1 12 1 15
1 16 1 19
1 20 1 23
1 24 2 25
1 26 1 29
1 30 1 33
1 34 1 36
2 38 4 38
1 37 1 39
1 42 1 45
1 48 4 48
1 49 1 52
1 53 1 56
1 57 4 57
1 58 2 59
1 62 1 65
1 66 1 69
1 72 1 75
1 76 1 79
1 80 1 83
1 84 1 87
1 88 1 91
1 92 1 95
1 96 1 99
1 100 1 103
1 104 1 106
1 107 2 108
1 109 1 112
1 113 1 116
1 117 1 120
1 121 1 124
1 125 1 128
1 129 2 130
1 131 1 134
1 135 1 138
1 139 1 142
1 143 2 144
1 145 2 146
1 147 1 150
1 151 1 154
1 155 1 158
1 159 1 162
1 163 1 166
1 167 1 170
1 171 1 174
1 175 4 175
1 183 4 183
1 184 1 187
1 188 1 191
1 192 2 193
1 194 4 194
1 197 1 200
1 201 1 204
1 205 1 208
1 209 1 212
1 213 1 216
1 217 1 219
1 221 1 224
0 225 3 225
1 226 3 226
1 227 2 228
1 229 1 232
1 233 1 236
1 237 1 240
1 241 1 244
1 245 1 248
1 249 1 252
1 253 1 256
1 259 1 262
1 263 1 266
1 267 1 270
1 271 1 274
1 275 1 278
1 279 1 282
1 283 1 286
1 287 1 290
1 291 1 294
1 295 1 298
1 299 1 302
1 305 1 308
1 309 1 312
1 313 1 316
1 317 4 317
1 318 2 319
1 320 1 323
1 324 1 327
1 328 1 331
1 332 1 335
1 336 1 337
1 340 1 343
1 344 1 347
1 348 1 350
2 351 2 353
1 351 1 354
1 355 4 355
1 356 4 356
1 360 1 363
1 364 1 367
0 368 1 369
1 370 2 371
1 372 3 372
1 375 1 378
1 379 1 382
1 383 1 386
1 387 1 390
1 391 1 394
1 397 1 399
1 400 1 403
1 404 1 407
1 408 1 411
1 412 1 415
1 416 1 419
1 420 1 422
1 423 1 426
1 427 1 430
1 431 2 432
1 433 2 434
1 435 1 438
1 441 1 444
1 445 1 448
1 449 1 452
1 453 2 454
1 455 2 456
1 461 1 464
1 467 1 470
1 471 1 474
1 475 2 476
1 477 1 480
1 481 1 484
1 485 1 488
1 489 1 492
1 493 2 494
1 496 1 499
1 500 1 503
1 504 1 507
1 508 1 511
1 512 2 513
1 514 2 515
1 518 1 521
1 522 1 525
1 528 1 531
1 532 1 535
1 536 4 536
1 537 4 537
1 538 2 539
1 542 1 545
1 546 1 549
1 550 1 553
1 554 1 557
1 558 1 561
1 562 1 565
1 566 1 569
1 572 1 575
1 578 1 581
1 582 1 585
1 588 4 588
1 589 1 592
1 593 1 596
1 597 1 600
1 601 1 604
1 605 1 608
1 609 2 610
1 611 1 614
1 615 1 618
1 619 1 622
1 623 1 626
1 627 4 627
1 630 2 631
1 632 2 633
1 638 1 641
1 642 1 645
1 646 1 649
1 650 1 653
1 654 1 657
1 658 1 661
1 662 1 665
1 666 1 669
1 670 1 673
1 674 1 677
1 678 1 681
1 682 1 685
1 689 1 691
1 692 2 693
1 694 1 697
1 698 1 701
1 702 1 705
1 706 1 709
1 710 1 713
1 714 2 715
1 716 2 717
1 718 2 719
1 720 1 723
1 724 2 725
1 726 2 727
1 728 1 731
1 732 1 735
1 736 1 739
1 740 1 743
1 744 1 747
1 748 1 751
1 752 4 752
1 753 1 756
1 757 1 760
1 761 1 764
1 765 1 768
1 769 1 772
1 773 1 776
1 782 1 785
1 786 1 789
2 0 2 3
2 4 2 7
2 8 2 11
2 12 2 15
2 16 2 19
2 20 2 23
2 26 2 29
2 30 2 33
2 34 2 37
2 39 5 39
0 40 3 40
2 42 2 45
2 46 3 47
2 49 2 52
2 53 2 56
2 60 2 63
2 64 2 67
2 68 2 71
2 72 2 75
2 76 3 77
2 78 2 81
2 82 2 85
2 86 2 89
2 90 2 93
2 94 2 97
2 98 2 101
2 102 2 105
2 106 5 106
2 109 3 110
2 111 2 114
2 115 2 118
2 119 5 119
2 122 3 123
2 124 3 125
2 126 3 127
2 128 5 128
2 131 2 134
2 135 2 138
2 139 2 142
2 147 2 150
2 151 2 154
2 155 2 158
2 159 2 162
2 163 3 164
2 165 3 166
2 167 2 170
2 171 2 174
2 180 5 180
2 181 5 181
2 184 2 187
2 188 2 191
2 195 2 198
2 199 2 202
2 203 2 206
2 207 2 210
2 211 2 214
2 215 2 218
2 219 5 219
1 220 4 220
2 221 3 222
2 223 5 223
2 224 5 224
2 229 2 232
2 233 2 236
2 237 2 240
2 241 2 244
2 245 2 248
2 249 2 252
2 253 2 255
2 256 3 257
2 258 3 259
2 260 2 263
2 264 2 267
2 268 2 271
2 272 2 275
2 276 2 279
2 280 3 281
2 282 2 285
2 286 2 289
2 290 2 293
2 294 2 297
2 298 2 301
2 302 2 305
2 306 2 309
2 310 2 313
2 314 3 315
2 316 5 316
2 320 2 323
2 324 2 327
2 328 2 331
2 332 3 333
2 334 3 335
2 336 3 337
1 338 2 339
2 340 2 343
2 344 2 346
3 348 3 351
2 347 2 350
2 354 5 354
2 360 5 360
2 363 5 363
2 364 3 365
2 366 3 367
2 369 4 369
2 373 2 376
2 377 2 379
2 380 3 381
2 382 3 383
2 384 3 385
2 386 3 387
2 388 2 391
2 392 3 393
2 394 5 394
1 396 4 396
2 397 2 400
2 401 2 404
2 405 2 408
2 409 2 412
2 413 2 416
2 417 2 420
2 421 2 424
2 425 2 428
2 429 3 430
2 435 2 438
2 439 2 442
2 443 2 446
2 447 2 450
2 451 3 452
2 457 2 460
2 461 2 464
2 465 2 468
2 469 2 472
2 473 3 474
2 477 2 480
2 481 2 484
2 485 3 486
2 488 4 488
2 489 3 490
2 491 5 491
2 492 5 492
2 496 2 499
2 500 2 503
2 504 2 507
2 508 2 511
2 516 3 517
2 518 3 519
2 520 2 523
2 524 2 527
2 528 2 531
2 532 2 535
2 540 2 543
2 544 2 547
2 548 2 551
2 552 3 553
2 554 2 557
2 558 2 561
2 562 2 565
2 566 2 569
2 570 2 573
2 574 2 577
2 578 2 581
2 582 2 585
2 586 3 587
2 589 2 592
2 593 3 594
2 595 3 596
2 597 2 600
2 601 2 604
2 605 2 608
2 611 3 612
2 613 3 614
2 615 2 618
2 619 2 622
2 623 2 626
2 628 3 629
2 634 2 637
2 638 3 639
2 640 2 643
2 644 2 647
2 648 2 651
2 652 2 655
2 656 2 659
2 660 2 663
2 664 2 667
2 668 2 671
2 672 2 675
2 676 2 679
2 680 2 683
2 684 3 685
2 686 3 687
2 689 3 689
2 690 3 691
2 694 2 697
2 698 2 701
2 702 2 705
2 706 2 709
2 710 2 713
2 720 2 723
2 728 3 729
2 730 2 733
2 734 2 737
2 738 2 741
2 742 3 743
2 744 2 747
2 748 2 751
2 753 2 756
2 757 2 760
2 761 2 764
2 765 2 768
2 769 2 772
2 773 2 776
2 777 3 778
2 780 2 783
2 784 2 787
2 788 5 788
2 789 5 789
3 0 3 3
3 4 4 5
3 6 3 9
3 10 3 13
3 14 3 17
3 18 3 21
3 22 3 25
3 26 3 29
3 30 3 33
3 34 3 37
3 42 3 45
3 49 4 50
3 51 3 54
3 55 4 56
3 58 3 61
3 62 3 65
3 66 3 69
3 70 3 73
3 74 4 75
3 78 3 81
3 82 3 85
3 86 3 89
3 90 3 93
3 94 3 97
3 98 3 101
3 102 3 105
3 107 4 108
3 111 3 114
3 115 3 118
3 120 6 120
3 121 6 121
3 129 6 129
3 130 3 133
3 134 3 137
3 138 3 141
3 142 3 145
3 146 3 149
3 150 3 153
3 154 4 155
3 156 3 159
3 160 6 160
3 161 4 162
3 167 3 170
3 171 3 174
3 184 3 187
3 188 3 191
3 192 4 193
3 195 3 198
3 199 3 202
3 203 3 206
3 207 3 210
3 211 6 211
3 212 3 215
3 216 3 217
3 218 6 218
3 227 3 230
3 231 3 234
3 235 3 238
3 239 3 242
3 243 4 244
3 245 3 248
3 249 3 252
3 253 6 253
3 254 6 254
3 255 6 255
3 260 3 263
3 264 3 267
3 268 3 271
3 272 3 275
3 276 3 279
3 282 4 283
3 284 3 287
3 288 3 291
3 292 3 295
3 296 4 297
3 298 3 301
3 302 3 305
3 306 3 309
3 310 3 313
3 318 3 321
3 322 3 325
3 326 3 329
3 330 4 331
3 338 3 341
3 342 4 343
3 344 3 347
4 350 6 350
3 352 4 353
4 357 4 358
3 357 3 359
3 361 6 361
3 370 4 371
3 373 3 376
3 377 4 377
3 378 4 379
3 388 3 391
3 397 4 398
3 399 4 400
3 401 3 404
3 405 3 408
3 409 3 412
3 413 3 416
3 417 3 420
3 421 3 424
3 425 3 428
3 431 3 434
3 435 3 438
3 439 3 442
3 443 3 446
3 447 3 450
3 453 3 456
3 457 3 460
3 461 3 464
3 465 3 468
3 469 3 472
3 475 3 478
3 479 4 480
3 481 3 484
3 493 4 494
3 496 3 499
3 500 3 503
3 504 3 507
3 508 3 511
3 512 3 515
3 520 4 521
3 522 4 523
3 524 4 525
3 526 6 526
3 527 3 530
3 531 3 534
3 535 6 535
3 538 3 541
3 542 3 545
3 546 3 549
3 550 4 551
3 554 3 557
3 558 3 561
3 562 3 565
3 566 3 569
3 570 3 573
3 574 6 574
3 575 4 576
3 577 3 580
3 581 3 584
3 585 6 585
3 589 3 592
3 597 3 600
3 601 3 604
3 605 3 608
3 609 4 610
3 615 6 615
3 616 4 617
3 618 4 619
3 620 3 623
3 624 4 625
3 626 6 626
3 630 3 633
3 634 3 637
3 641 4 642
3 643 3 646
3 647 3 650
3 651 3 654
3 655 3 658
3 659 3 662
3 663 3 666
3 667 4 668
3 669 3 672
3 673 3 676
3 677 3 680
3 681 4 682
3 683 6 683
3 692 6 692
3 693 4 694
3 695 3 698
3 699 3 702
3 703 3 706
3 707 3 710
3 711 3 714
3 715 4 716
3 717 3 720
3 721 3 724
3 725 4 726
3 727 6 727
3 730 3 733
3 734 3 737
3 738 3 741
3 744 3 747
3 748 3 751
3 753 3 756
3 757 3 760
3 761 3 764
3 765 3 768
3 769 3 772
3 773 3 776
3 780 4 781
3 782 3 785
3 786 4 787
4 0 4 3
4 6 5 7
4 8 5 9
4 10 4 13
4 14 4 17
4 18 4 21
4 22 4 25
4 26 4 29
4 30 4 33
4 34 4 37
4 40 4 43
4 44 5 45
4 46 5 47
4 51 4 54
4 58 4 61
4 62 4 65
4 66 5 67
4 68 4 71
4 72 5 73
4 76 4 79
4 80 4 83
4 84 4 87
4 88 4 91
4 93 5 93
4 94 4 97
4 98 4 101
4 102 4 105
4 109 4 112
4 113 7 113
4 114 7 114
4 115 4 118
4 122 5 123
4 124 4 127
4 130 5 131
4 132 5 133
4 134 5 134
4 135 5 136
4 137 4 140
4 141 5 142
4 143 4 146
4 147 4 150
4 151 5 152
4 153 7 153
4 156 5 157
4 158 5 159
4 163 4 166
4 167 4 170
4 171 4 174
4 176 4 179
4 184 4 187
4 188 4 191
4 195 4 198
4 199 4 202
4 203 4 206
4 207 5 208
4 209 5 210
4 212 4 215
4 221 5 222
4 225 5 226
4 227 4 230
4 231 5 232
4 233 4 236
4 237 4 240
4 241 7 241
4 242 7 242
4 245 5 246
4 247 4 250
4 251 7 251
4 252 7 252
4 256 4 259
4 260 4 263
4 264 4 267
4 268 4 271
4 272 4 275
4 276 5 277
4 278 4 281
4 284 4 287
4 288 4 291
4 292 4 295
4 298 4 301
4 302 4 305
4 306 5 307
4 308 4 311
4 312 4 315
4 318 4 321
4 322 4 325
4 326 5 327
4 328 5 329
4 332 4 335
4 336 5 337
4 338 4 341
4 344 4 347
4 348 7 348
4 349 7 349
4 351 7 351
4 359 7 359
4 362 7 362
4 364 4 367
4 373 4 376
4 380 4 383
4 384 4 387
4 388 7 388
4 389 4 392
4 393 7 393
4 395 7 395
4 401 5 402
4 403 4 406
4 407 4 410
4 411 4 414
4 415 4 418
4 419 4 422
4 423 4 426
4 427 4 430
4 431 4 434
4 435 5 436
4 437 4 440
4 441 4 444
4 445 4 448
4 449 4 452
4 453 4 456
4 457 4 460
4 461 5 462
4 463 4 466
4 467 4 470
4 471 4 474
4 475 4 478
4 481 5 482
4 483 4 486
4 489 5 490
4 495 4 498
4 499 4 502
4 503 4 506
4 507 4 510
4 511 4 514
4 515 4 518
4 519 7 519
4 527 5 528
4 529 5 530
4 531 7 531
4 534 6 534
4 538 4 541
4 542 4 545
4 546 4 549
4 552 4 555
4 556 4 559
4 560 4 563
4 564 7 564
4 565 5 566
4 567 4 570
4 571 5 572
4 573 7 573
4 577 4 580
4 581 4 584
4 586 7 586
4 587 7 587
4 589 5 590
4 591 5 592
4 593 4 596
4 597 4 600
4 601 4 604
4 605 4 608
4 611 4 614
4 620 4 623
4 628 4 631
4 632 4 635
4 636 4 639
4 643 4 646
4 647 4 650
4 651 5 652
4 653 4 656
4 657 4 660
4 661 4 664
4 665 5 666
4 669 4 672
4 673 4 676
4 677 4 680
4 684 4 687
4 688 4 691
4 695 4 698
4 699 4 702
4 703 4 706
4 707 4 710
4 711 4 714
4 717 5 718
4 719 4 722
4 723 4 724
4 728 4 731
4 732 4 735
4 736 4 739
4 740 5 741
4 742 5 743
4 744 4 747
4 748 4 751
4 753 4 756
4 757 5 758
4 759 4 762
4 763 4 766
4 767 4 769
4 770 4 773
4 774 4 777
4 778 5 779
4 782 4 785
4 790 7 790
5 0 5 3
5 4 6 5
5 10 5 13
5 14 5 17
5 18 5 21
5 22 5 25
5 26 8 26
5 27 6 28
5 29 5 32
5 33 5 36
5 37 6 38
5 40 5 43
5 48 8 48
5 49 5 52
5 53 5 56
5 57 5 60
5 61 5 64
5 65 8 65
5 68 5 71
5 74 5 77
5 78 5 81
5 82 5 85
5 86 5 89
5 90 6 91
5 94 5 97
5 98 5 101
5 102 5 105
5 107 5 110
5 111 6 112
5 115 5 118
5 124 5 127
5 137 5 140
5 143 6 144
5 145 5 147
5 149 6 150
5 154 6 155
5 161 5 164
5 165 5 168
5 169 5 172
5 173 5 176
5 177 6 178
5 179 8 179
5 182 8 182
5 183 6 184
5 185 5 188
5 189 5 192
5 193 7 193
5 195 8 195
5 196 8 196
5 197 8 197
5 198 5 201
5 202 6 203
5 204 6 205
5 206 8 206
5 212 5 215
4 216 5 217
5 220 8 220
5 227 5 230
5 233 5 236
5 237 5 240
5 243 6 244
5 247 5 250
5 256 5 259
5 260 5 263
5 264 5 267
5 268 5 271
5 272 5 275
5 278 5 281
5 282 5 284
5 285 5 288
5 289 5 292
5 293 6 294
5 295 6 296
5 297 5 300
5 301 5 304
5 305 8 305
5 308 5 311
5 312 5 315
5 317 8 317
5 319 5 322
5 323 6 324
5 325 8 325
5 330 5 333
5 334 8 334
5 335 8 335
5 338 5 341
5 342 5 345
5 346 6 347
5 352 6 353
5 355 5 358
5 364 5 367
5 368 5 369
4 372 6 372
5 373 5 376
5 377 6 378
5 379 5 382
5 383 5 386
5 387 8 387
5 389 6 390
5 391 6 392
5 396 5 399
5 400 8 400
5 403 5 406
5 407 5 410
5 411 5 414
5 415 6 416
5 417 6 418
5 419 5 422
5 423 8 423
5 424 5 427
5 428 5 431
5 432 6 433
5 434 7 434
5 437 6 438
5 439 5 442
5 443 5 446
5 447 6 448
5 449 5 452
5 453 5 456
5 457 5 460
5 463 5 466
5 468 5 470
5 471 6 472
5 473 5 476
5 477 5 480
5 483 5 486
5 487 6 488
5 493 5 496
5 497 5 500
5 501 5 504
5 505 6 506
5 507 5 510
5 511 5 514
5 515 5 518
5 520 6 521
5 522 5 525
5 536 5 539
5 540 5 543
5 546 5 547
5 548 5 551
5 552 5 555
5 556 5 559
5 560 5 563
5 567 5 570
5 575 6 576
5 577 5 580
5 581 5 584
5 588 8 588
5 593 5 596
5 597 5 600
5 601 6 602
5 603 5 606
5 607 5 610
5 611 5 614
5 616 5 619
5 620 5 623
5 624 6 625
5 627 5 630
5 631 5 634
5 635 5 638
5 639 5 642
5 643 5 646
5 647 6 648
5 649 8 649
5 650 8 650
5 653 5 656
5 657 5 659
6 661 8 661
6 662 8 662
5 660 5 663
5 664 8 664
5 667 5 670
5 671 5 674
5 675 5 678
5 679 5 682
5 684 5 687
5 688 5 691
5 693 5 696
5 697 5 700
5 701 6 702
5 703 6 704
5 705 5 708
5 709 5 712
5 713 5 716
5 719 8 719
5 720 8 720
5 721 5 724
5 725 6 726
5 728 6 729
5 730 5 733
5 734 5 737
5 738 6 739
5 744 5 747
5 748 5 751
5 752 5 754
5 755 6 756
5 759 5 762
5 763 5 766
5 767 5 770
5 771 5 774
5 775 6 776
5 777 8 777
5 780 5 783
5 784 5 786
6 0 7 1
6 2 7 3
6 6 6 9
6 10 6 13
6 14 6 17
6 18 6 21
6 22 6 25
6 29 6 32
6 33 6 36
6 39 6 42
6 43 6 46
6 47 9 47
6 49 6 52
6 53 7 54
6 55 6 58
6 59 6 62
6 63 7 64
6 66 6 69
6 70 6 73
6 74 6 77
6 78 6 81
6 82 6 85
6 86 6 89
4 92 7 92
6 93 7 94
6 95 6 98
6 99 6 102
6 103 6 106
6 107 6 110
6 115 6 118
6 119 7 119
6 123 6 126
6 127 7 128
6 130 6 133
6 134 6 137
6 138 6 141
6 142 9 142
6 145 7 146
6 147 9 147
5 148 8 148
6 151 7 152
6 156 6 159
6 161 7 162
6 163 6 166
6 167 6 170
6 171 6 174
6 175 9 175
6 176 9 176
6 180 7 181
6 185 6 188
6 189 6 192
6 198 6 201
6 207 6 210
6 212 6 215
6 216 7 217
6 219 9 219
6 221 6 224
6 226 6 229
6 230 6 233
6 234 6 237
6 238 7 239
6 240 8 240
6 245 7 246
6 247 6 250
6 256 6 259
6 260 6 263
6 264 7 265
6 266 6 269
6 270 6 273
6 274 6 277
6 278 6 281
6 282 6 285
6 286 9 286
6 287 6 290
6 291 6 292
6 297 6 300
6 301 6 304
6 306 6 309
6 310 6 313
6 314 7 315
6 316 9 316
6 318 7 319
6 320 9 320
6 321 7 322
6 326 6 329
6 330 6 333
6 336 6 339
6 340 6 342
6 343 7 344
6 345 9 345
6 354 6 357
6 360 9 360
6 363 6 365
7 367 9 367
6 366 6 369
7 370 9 370
5 370 6 371
6 373 6 376
6 379 7 380
6 381 9 381
6 382 8 382
6 383 6 386
6 394 9 394
6 396 6 399
6 401 6 404
6 405 6 408
6 409 6 412
6 413 7 414
6 419 6 422
6 424 6 427
6 428 6 431
6 435 9 435
6 436 9 436
6 439 6 442
6 443 6 446
6 449 6 452
6 453 6 456
6 457 6 460
6 461 6 464
6 465 7 466
5 467 8 467
6 468 7 469
6 470 8 470
6 473 6 476
6 477 6 480
6 481 6 484
6 485 7 486
6 489 6 492
6 493 6 496
6 497 6 500
6 501 6 504
6 507 7 508
6 509 6 512
6 513 6 516
6 517 9 517
6 518 9 518
6 522 6 525
6 527 7 528
6 529 7 530
6 532 9 532
6 536 6 539
6 540 6 543
5 544 6 545
6 546 6 549
6 550 6 553
6 554 6 557
6 558 6 561
6 562 7 563
6 565 6 568
6 569 6 572
6 577 6 580
6 581 6 584
6 589 6 592
6 593 6 596
6 597 6 600
6 603 7 604
6 605 6 608
6 609 7 610
6 611 7 612
6 613 9 613
6 614 9 614
6 616 6 619
6 620 6 623
6 627 6 630
6 631 6 634
6 635 6 638
6 639 6 642
6 643 7 644
6 645 7 645
6 651 6 654
6 655 7 656
6 657 6 660
6 665 6 668
6 669 6 672
6 673 6 676
6 677 6 680
6 681 7 682
6 684 6 687
6 688 6 691
6 693 6 696
6 697 6 700
6 705 6 708
6 709 6 712
6 713 6 716
6 717 7 717
6 722 9 722
6 723 9 723
6 724 9 724
6 730 6 733
6 734 6 737
6 740 6 743
6 744 6 747
6 748 6 751
6 752 7 753
6 754 9 754
6 757 6 760
6 761 6 764
6 765 6 768
6 769 7 770
6 771 6 774
6 778 6 781
6 782 6 785
6 786 9 786
5 787 8 787
6 788 7 789
7 4 7 7
7 8 7 11
7 12 7 15
7 16 7 19
7 20 7 23
7 24 8 25
7 27 7 30
7 31 7 34
7 35 7 38
7 39 10 39
7 40 10 40
7 41 8 42
7 43 8 44
7 45 8 46
7 49 7 52
7 55 7 57
7 58 8 59
7 60 10 60
7 61 10 61
7 62 10 62
7 66 7 69
7 70 7 73
7 74 7 77
7 78 7 81
7 82 7 85
7 86 7 89
7 91 8 91
7 95 7 98
7 99 7 102
7 103 7 106
7 107 7 110
7 111 7 112
7 115 7 118
7 120 8 121
7 122 10 122
7 123 10 123
7 124 10 124
7 125 10 125
7 126 10 126
7 129 7 132
7 133 7 136
7 137 7 140
7 141 9 141
7 143 8 144
7 149 8 150
7 154 7 157
7 158 8 159
7 160 10 160
7 163 7 166
7 167 7 170
7 171 7 174
7 177 8 178
7 183 7 186
7 187 7 190
7 191 8 192
7 194 10 194
7 198 8 199
7 200 7 203
7 204 8 205
7 207 7 210
7 211 7 214
7 215 10 215
7 218 10 218
7 221 8 222
7 223 8 224
7 226 7 229
7 230 7 233
7 234 7 237
7 243 8 244
7 247 7 250
7 253 7 256
7 257 7 260
7 261 8 261
7 262 8 263
7 266 7 269
7 270 7 273
7 274 7 277
7 278 7 281
7 282 7 285
7 287 8 288
7 289 9 289
7 292 7 293
7 294 7 297
7 298 8 299
7 300 7 303
7 304 10 304
7 306 7 309
7 310 7 313
7 323 9 323
7 324 10 324
7 326 7 329
7 330 7 333
7 336 7 339
7 340 10 340
7 341 8 342
7 346 7 347
7 350 10 350
7 352 7 354
7 355 8 356
7 357 8 358
7 361 10 361
7 363 8 364
7 365 8 366
7 368 8 369
7 371 7 374
7 375 7 378
7 385 7 386
7 389 7 392
7 396 7 399
7 401 7 404
7 405 8 406
7 407 7 410
7 411 8 412
7 415 7 418
7 419 7 422
7 424 8 425
7 426 8 427
7 428 7 431
7 432 8 433
7 437 7 440
7 441 7 444
7 445 7 448
7 449 7 452
7 453 7 456
7 457 8 458
7 459 7 462
7 463 8 464
7 471 7 474
7 475 7 478
7 479 7 482
7 483 8 484
7 487 7 490
7 491 7 494
7 495 7 498
7 499 7 502
7 503 7 506
7 509 7 512
7 513 8 514
7 515 8 516
7 520 7 523
8 524 8 525
7 524 7 526
7 533 7 536
7 537 8 538
7 539 7 542
7 543 10 543
7 544 7 547
7 548 7 550
8 552 10 552
7 551 7 554
7 555 7 558
7 559 7 560
7 561 10 561
7 565 7 568
7 569 7 572
7 574 7 577
7 578 7 581
7 582 7 585
7 589 8 590
7 591 8 592
7 593 8 594
7 595 7 598
7 599 7 602
7 605 7 608
7 615 7 618
7 619 7 622
7 623 7 626
7 627 10 627
7 628 8 629
7 630 7 633
7 634 7 637
7 638 7 641
7 642 10 642
7 647 9 647
7 648 10 648
7 651 7 654
7 657 10 657
7 659 10 659
7 660 10 660
7 663 10 663
7 665 7 668
7 669 7 672
7 673 7 676
7 677 7 680
7 683 7 686
7 687 7 690
7 691 7 694
7 695 8 696
7 697 7 700
7 701 7 704
7 705 7 708
7 709 7 712
7 713 7 716
7 725 7 728
7 729 7 732
7 733 7 736
7 737 8 737
7 738 8 739
7 740 7 743
7 744 7 747
7 748 8 749
7 750 10 750
7 751 10 751
7 755 7 758
7 759 7 762
7 763 7 766
7 767 8 768
7 771 7 774
7 775 8 776
7 778 7 781
7 782 7 785
8 0 8 3
8 4 8 7
8 8 9 9
8 10 8 13
8 14 8 17
8 18 8 21
8 22 9 23
8 27 8 30
8 31 8 34
8 35 8 38
8 49 8 52
8 53 8 56
8 57 11 57
8 63 9 64
8 66 11 66
8 67 11 67
8 68 9 69
8 70 9 71
8 72 9 73
8 74 8 77
8 78 8 81
8 82 9 83
8 84 8 87
8 88 9 89
8 92 8 95
8 96 8 99
8 100 8 103
8 104 8 106
8 108 9 109
8 110 8 113
8 114 8 117
8 118 11 118
8 127 8 130
8 131 9 132
8 133 8 136
8 137 8 139
8 145 9 146
8 151 8 154
8 155 9 156
8 157 9 157
8 161 9 162
8 163 8 166
8 167 8 170
8 171 9 172
8 173 9 174
8 180 9 181
8 183 8 186
8 187 9 188
8 189 11 189
8 190 11 190
8 200 8 203
8 207 9 208
8 209 8 212
8 213 9 214
8 216 9 217
8 226 8 228
8 229 8 232
8 233 8 235
8 236 9 237
8 241 9 242
8 245 8 248
8 249 8 252
8 253 8 256
8 257 9 258
8 259 9 260
8 264 8 267
8 268 8 271
8 272 8 275
8 276 9 277
8 278 8 281
8 282 8 285
7 290 8 291
8 292 8 295
8 296 9 297
8 300 8 303
8 306 8 309
8 310 8 313
8 314 9 315
8 318 11 318
8 319 11 319
8 321 9 322
8 326 9 327
8 328 8 331
8 332 9 333
8 336 8 339
8 343 9 344
8 348 9 349
8 351 11 351
8 352 9 353
8 359 11 359
8 362 11 362
8 371 8 374
8 375 8 378
8 379 9 380
7 383 8 384
8 385 9 386
8 388 8 391
8 392 9 393
8 395 8 398
8 399 11 399
8 401 8 404
8 407 8 410
8 413 8 416
8 417 8 420
8 421 9 422
8 428 9 429
8 430 9 431
8 437 8 440
8 441 8 444
8 445 8 448
8 449 8 452
8 453 8 456
8 459 8 462
8 465 9 466
8 468 9 469
8 471 8 474
8 475 8 478
8 479 8 482
8 485 8 488
8 489 8 492
8 493 8 496
8 497 8 500
8 501 8 504
8 505 8 508
8 509 8 512
8 519 8 522
8 523 11 523
8 526 8 529
8 530 9 531
8 533 8 536
8 539 8 542
8 544 9 545
8 547 11 547
8 548 8 551
8 553 8 556
8 557 8 560
8 562 8 565
8 566 8 569
8 570 8 573
8 574 8 577
8 578 8 581
8 582 8 585
8 586 9 587
8 595 8 598
8 599 8 602
8 603 8 606
8 607 8 610
8 611 9 612
8 615 8 618
8 619 8 622
8 623 8 626
8 630 8 633
8 634 8 637
8 638 8 641
8 643 8 645
8 651 9 652
8 653 9 654
8 655 11 655
8 656 11 656
8 658 11 658
8 665 8 668
8 669 8 672
8 673 8 676
8 677 8 680
8 681 8 684
8 685 9 686
8 687 8 690
8 691 8 694
8 697 8 700
8 701 8 704
8 705 9 706
8 707 9 708
8 709 8 712
8 713 8 715
8 716 9 717
6 718 9 718
8 721 11 721
8 725 8 728
8 729 9 730
8 731 8 734
8 735 9 736
8 740 8 743
8 744 8 747
8 752 11 752
8 753 11 753
8 755 8 758
8 759 8 762
8 763 8 766
8 769 8 772
8 773 9 774
8 778 11 778
8 780 8 783
8 784 9 785
8 788 8 789
8 790 11 790
9 0 9 3
9 4 9 7
9 10 9 13
9 14 10 15
9 16 9 19
9 20 10 21
9 24 9 27
9 28 9 31
9 32 9 35
9 36 10 37
9 38 12 38
9 41 9 44
9 45 10 46
9 48 9 51
9 52 9 55
9 56 12 56
9 58 10 59
9 65 12 65
9 74 9 77
9 78 10 79
9 80 10 81
9 84 10 85
9 86 10 87
7 90 10 90
9 91 12 91
9 92 12 92
9 93 10 94
9 95 9 98
9 99 9 102
9 103 9 106
8 107 11 107
9 110 9 113
9 114 10 115
9 116 10 117
9 120 10 121
9 127 9 130
9 133 12 133
9 134 9 137
9 138 10 139
8 140 11 140
9 143 10 144
9 148 10 149
9 150 9 153
9 154 12 154
9 159 12 159
9 163 9 166
9 167 10 168
9 169 10 170
9 177 12 177
9 178 10 179
9 182 10 183
9 184 10 185
9 186 12 186
9 191 10 192
8 193 11 193
9 195 9 198
9 199 9 202
9 203 9 206
9 209 9 212
9 220 10 220
9 223 9 224
9 226 9 229
9 230 9 233
9 234 9 235
9 238 12 238
9 239 10 240
9 243 9 246
9 247 9 250
9 251 12 251
9 252 9 255
9 256 12 256
9 261 12 261
9 262 9 265
9 266 9 269
9 270 9 273
9 274 10 275
9 278 9 281
9 282 9 285
9 287 9 288
9 292 12 292
9 293 12 293
9 294 10 295
9 298 9 301
9 302 10 303
9 305 9 308
9 309 10 310
9 311 10 312
9 313 12 313
9 325 12 325
9 328 9 331
9 334 9 337
9 338 10 339
9 341 10 342
8 346 9 347
9 354 12 354
9 355 12 355
9 356 12 356
9 357 12 357
9 358 12 358
9 363 10 364
9 365 10 366
9 368 10 369
9 371 9 373
9 375 10 376
9 377 10 378
10 383 12 383
9 382 9 384
9 387 9 390
9 391 12 391
9 395 9 398
9 400 9 403
9 404 9 407
9 408 9 410
10 412 10 413
9 411 9 414
9 415 12 415
9 416 12 416
9 417 9 420
9 423 9 426
9 427 12 427
9 432 9 433
8 434 11 434
9 437 9 440
9 441 10 442
9 443 9 446
9 447 9 450
9 451 9 454
9 455 10 456
9 457 9 460
9 461 9 464
9 467 12 467
9 470 9 473
9 474 12 474
9 475 9 478
9 479 9 482
9 483 10 484
9 485 9 488
9 489 9 492
9 493 9 496
9 497 9 500
9 501 9 504
9 505 9 508
9 509 9 512
9 513 9 516
9 519 9 522
9 524 10 525
9 526 9 529
9 533 9 536
9 537 9 540
9 541 10 542
9 546 12 546
9 548 9 551
9 553 9 556
9 557 9 560
9 562 9 565
9 566 9 569
9 570 9 573
9 574 9 577
9 578 12 578
9 579 12 579
9 580 10 581
9 582 9 585
9 588 9 591
9 592 9 595
9 596 9 599
9 600 9 603
9 604 9 607
9 608 12 608
9 609 12 609
9 615 9 618
9 619 9 622
9 623 9 626
9 628 10 629
9 630 9 633
9 634 9 637
9 638 9 641
9 643 12 643
9 644 10 645
6 646 9 646
9 649 10 650
9 661 10 662
9 664 10 665
9 666 9 669
9 670 9 673
9 674 9 677
9 678 9 680
10 682 12 682
9 681 9 684
9 687 9 690
9 691 10 692
9 693 9 696
9 697 9 700
9 701 9 704
9 709 9 712
9 713 10 714
9 715 12 715
9 719 12 719
9 725 9 728
9 731 9 734
9 737 9 740
9 741 9 744
9 745 9 748
9 749 12 749
9 755 9 758
9 759 9 762
9 763 9 766
9 767 9 770
9 771 12 771
9 772 12 772
9 775 10 776
9 777 12 777
9 780 9 783
9 787 9 789
10 0 10 3
10 4 11 5
10 6 11 7
10 8 10 11
10 12 11 13
10 16 11 17
10 18 11 19
10 22 10 25
10 26 10 29
10 30 11 31
10 32 10 35
10 41 10 44
10 47 10 50
10 51 10 54
10 55 13 55
10 63 11 64
10 68 10 71
10 72 13 72
10 73 13 73
10 74 10 77
10 82 11 83
10 88 11 89
10 95 10 97
10 98 11 99
10 100 13 100
10 101 11 102
10 103 10 106
10 108 10 111
10 112 13 112
10 113 13 113
8 119 11 119
10 127 10 130
10 131 11 132
10 134 11 135
10 136 11 137
10 141 11 142
10 145 11 146
10 147 13 147
10 150 10 153
10 155 11 156
10 157 11 158
10 161 10 164
10 165 11 166
10 171 10 173
10 175 11 176
10 180 11 181
10 187 11 188
10 195 10 198
10 199 10 202
10 203 11 204
10 205 10 208
10 209 10 212
10 213 11 214
10 216 11 217
10 219 13 219
9 221 10 222
10 223 11 224
7 225 10 225
10 226 13 226
10 227 10 230
10 231 10 232
10 233 13 233
10 234 10 237
10 241 11 242
10 243 10 246
10 247 10 250
10 252 10 255
10 257 10 260
10 263 11 264
10 265 11 266
10 267 11 268
10 269 11 270
10 271 10 273
10 276 11 277
10 278 10 281
10 282 10 285
10 286 13 286
10 287 10 290
10 296 10 299
10 300 11 301
10 305 10 308
10 314 10 317
10 320 10 323
10 326 10 329
10 330 10 333
10 334 10 337
10 343 10 346
10 347 11 348
10 352 11 353
10 360 12 360
10 367 13 367
10 370 10 373
9 374 12 374
10 379 10 382
10 384 11 385
10 386 10 389
10 390 13 390
10 392 11 393
10 394 10 397
10 398 13 398
10 400 10 403
10 404 10 407
10 408 10 411
10 414 13 414
10 417 10 420
10 421 10 424
10 425 13 425
10 426 13 426
10 428 11 429
10 430 10 433
10 435 10 438
10 439 11 440
10 443 10 446
10 447 10 450
10 451 10 454
10 457 10 460
10 461 10 464
10 465 11 466
10 468 10 471
10 472 11 473
10 475 10 478
10 479 10 482
10 485 10 488
10 489 13 489
10 490 10 493
10 494 10 497
10 498 10 501
10 502 10 505
10 506 10 509
10 510 10 513
10 514 10 517
10 518 10 520
10 522 13 522
10 526 10 529
10 530 10 533
10 534 10 537
10 538 11 539
10 540 13 540
10 544 11 545
10 548 10 551
10 553 10 556
10 557 10 560
10 562 10 565
10 566 10 569
10 570 10 573
10 574 10 577
10 582 10 585
10 586 10 589
10 590 10 593
10 594 10 597
10 598 11 599
10 600 10 603
10 604 10 607
10 610 10 613
10 614 10 617
10 618 10 621
10 622 10 625
10 626 13 626
10 630 10 633
10 634 10 637
10 638 10 641
10 646 11 647
10 651 10 654
10 666 10 669
10 670 10 673
10 675 10 677
10 678 11 679
10 680 11 681
10 683 11 684
10 686 11 687
10 688 11 689
10 690 13 690
10 693 10 696
10 697 11 698
10 699 10 702
10 703 10 706
10 707 10 710
10 711 11 712
10 716 13 716
10 722 10 725
10 726 10 729
10 730 10 733
10 734 10 737
10 738 10 741
10 742 13 742
10 743 11 744
10 745 10 748
10 754 10 757
10 758 10 761
10 762 10 765
10 766 10 769
10 770 13 770
10 773 11 774
10 779 10 782
10 783 10 786
10 787 10 789
11 0 11 3
11 8 11 11
11 14 12 15
11 20 11 23
11 24 11 27
11 28 12 29
11 32 11 35
11 37 13 37
11 39 11 42
11 43 11 46
11 47 11 50
11 51 11 54
11 58 11 60
11 61 12 62
11 68 11 71
11 74 11 77
11 78 12 79
11 84 11 87
11 90 13 90
11 93 11 96
11 97 14 97
11 103 11 106
11 108 11 111
11 114 11 117
11 120 11 123
11 124 11 127
11 128 14 128
11 129 12 130
11 138 12 139
11 143 11 144
11 148 11 151
11 152 12 153
11 160 11 163
11 164 14 164
11 167 12 168
11 169 14 169
11 170 11 173
10 174 13 174
11 178 12 179
11 182 12 183
11 184 12 185
11 191 11 192
11 194 11 197
11 198 11 201
11 202 14 202
11 205 11 208
11 209 11 212
11 215 14 215
11 218 14 218
11 220 12 221
11 225 14 225
11 228 13 228
11 229 11 232
11 234 11 237
11 239 12 240
11 243 11 246
11 247 11 250
11 252 11 255
11 257 14 257
11 259 14 259
11 271 11 273
11 274 12 275
11 278 11 281
11 282 11 285
11 288 12 289
11 294 11 297
11 298 12 299
11 302 14 302
11 303 11 306
11 307 11 310
11 311 12 312
11 314 11 317
11 320 11 323
11 324 14 324
11 326 14 326
11 327 11 330
11 331 11 334
11 335 11 338
11 339 11 342
11 343 11 346
11 349 12 350
11 361 14 361
11 363 11 366
11 368 11 371
11 372 12 373
11 375 11 378
11 380 11 382
11 386 11 389
11 394 11 397
11 400 11 403
11 404 11 407
11 408 11 411
11 412 12 413
11 417 11 420
11 421 11 424
11 430 11 433
11 435 12 436
11 437 12 438
11 441 11 444
11 445 11 448
11 449 11 452
11 453 11 456
11 457 12 458
11 459 11 462
11 463 12 464
11 468 12 468
11 469 12 470
11 471 14 471
11 475 11 478
11 479 11 482
11 483 11 486
11 487 12 488
11 490 11 493
11 494 11 497
11 498 11 501
11 502 11 505
11 506 11 509
11 510 11 513
11 514 12 515
11 516 11 519
11 520 14 520
10 521 13 521
11 524 11 527
11 528 11 531
11 532 11 535
11 536 12 537
11 541 12 542
11 543 14 543
11 548 11 551
11 552 11 555
11 556 11 559
11 560 11 563
11 564 11 567
11 568 11 571
11 572 11 575
11 576 12 577
11 580 11 583
11 584 11 587
11 588 12 589
11 590 11 593
11 594 11 597
11 600 11 603
11 604 11 607
11 610 11 613
11 614 11 617
11 618 11 621
11 622 11 625
11 627 11 630
11 631 12 632
11 633 11 636
11 637 11 640
11 641 11 642
11 644 12 645
11 648 11 651
11 652 12 653
11 654 14 654
11 657 14 657
11 659 11 662
11 663 11 666
11 667 11 670
11 671 11 673
11 675 12 676
11 677 14 677
11 691 12 692
11 693 11 696
11 699 11 702
11 703 11 706
11 707 11 710
11 713 12 714
11 722 11 725
11 726 11 729
11 730 11 733
11 734 11 737
11 738 11 741
11 745 11 748
11 750 12 751
11 754 11 757
11 758 11 761
11 762 11 765
11 766 11 769
11 775 12 776
11 779 11 782
11 783 11 786
11 787 12 788
11 789 14 789
12 0 12 3
12 4 12 7
12 8 12 11
12 12 13 13
12 16 13 17
12 18 12 21
12 22 12 25
12 26 13 27
12 30 12 33
12 34 13 35
12 39 12 42
12 43 13 44
12 45 12 48
12 49 12 52
12 53 13 54
12 57 12 60
12 63 12 64
12 66 13 67
12 68 12 71
12 74 12 77
12 81 15 81
12 82 12 85
12 86 12 89
12 93 12 96
12 101 12 104
12 105 12 108
12 109 13 110
12 111 15 111
12 114 12 117
12 118 12 121
12 122 12 125
12 126 13 127
12 131 13 132
12 134 12 136
12 140 13 141
12 142 12 145
12 146 15 146
12 148 12 151
12 155 12 158
12 160 12 163
12 165 13 166
12 170 12 173
12 175 15 175
12 176 15 176
12 180 13 181
12 187 13 188
12 189 12 192
12 193 12 196
12 197 12 200
12 201 15 201
12 203 12 206
12 207 12 210
12 211 12 214
12 216 13 217
12 222 13 223
12 224 15 224
12 229 12 232
12 234 13 235
12 236 15 236
12 237 15 237
12 241 12 244
12 245 12 248
12 249 13 250
12 252 12 255
12 260 15 260
12 262 12 265
12 266 12 269
12 270 13 271
12 272 13 273
12 276 12 279
12 280 15 280
12 281 13 282
12 283 13 284
12 285 14 285
12 287 15 287
12 291 15 291
12 294 13 295
12 296 13 297
12 300 13 301
12 303 12 306
12 307 13 308
12 309 13 310
12 314 12 317
12 318 12 321
12 322 15 322
12 323 15 323
12 327 12 330
12 331 12 334
12 335 12 338
12 341 12 342
12 343 12 346
12 347 13 348
12 351 13 351
12 352 13 353
12 362 12 365
12 366 15 366
12 368 12 371
12 375 12 378
11 379 14 379
12 380 13 381
12 382 15 382
12 384 12 387
12 388 13 389
12 392 12 395
12 396 13 397
12 399 12 402
12 403 12 406
12 407 12 410
12 411 15 411
12 417 12 420
12 421 13 422
12 423 13 424
12 428 12 431
12 432 13 433
12 434 15 434
12 439 13 440
12 441 13 442
12 443 12 446
12 447 12 450
12 451 12 454
12 455 13 456
12 459 12 462
12 465 13 466
12 472 13 473
12 475 12 478
12 479 12 482
12 483 13 484
12 485 15 485
12 486 15 486
12 490 12 493
12 494 12 497
12 498 12 501
12 502 12 505
12 506 12 509
12 510 12 513
12 516 12 519
12 523 12 526
12 527 12 530
12 531 12 534
12 535 15 535
12 538 13 539
12 544 13 545
12 547 12 550
12 551 12 554
12 555 12 558
12 559 12 562
12 563 12 566
12 567 12 570
12 571 12 574
12 575 15 575
12 580 12 583
12 584 12 587
12 590 12 593
12 594 12 597
12 598 12 601
12 602 12 605
12 606 13 607
12 610 12 613
12 614 12 617
12 618 12 621
12 622 12 625
12 627 13 628
12 629 15 629
12 630 15 630
12 633 12 636
12 637 15 637
12 638 13 639
12 640 12 642
12 646 12 649
12 650 13 651
12 655 13 656
12 658 13 659
12 660 12 663
12 664 12 667
12 668 12 671
12 672 13 673
10 674 13 674
12 678 13 679
12 680 15 680
12 681 15 681
12 683 12 686
12 687 13 688
12 693 12 696
12 697 12 700
12 701 12 704
12 705 12 708
12 709 12 712
12 717 15 717
12 718 15 718
12 720 12 723
12 724 12 727
12 728 12 731
12 732 15 732
12 733 12 736
12 737 12 740
12 741 15 741
12 743 12 746
12 747 13 748
12 752 12 755
12 756 15 756
12 757 12 760
12 761 13 762
12 763 13 764
12 765 12 768
12 769 15 769
12 773 13 774
12 778 12 781
12 782 12 783
12 786 15 786
12 790 15 790
13 0 13 3
13 4 13 7
13 8 13 11
13 14 14 15
13 18 14 19
13 20 13 23
13 24 14 25
13 28 13 29
13 32 15 32
13 33 16 33
11 36 14 36
13 38 16 38
13 39 13 42
13 45 13 48
13 49 13 52
13 56 13 59
13 60 16 60
13 61 16 61
13 62 16 62
13 65 16 65
13 68 13 71
13 74 13 77
13 78 14 78
13 79 14 80
13 82 13 85
13 86 13 89
13 91 13 93
13 94 14 95
13 96 16 96
13 101 13 104
13 105 13 108
13 114 13 117
13 118 13 121
13 122 13 125
13 129 14 130
13 133 13 136
13 138 14 138
13 139 16 139
13 142 13 145
13 148 13 151
13 152 13 155
13 156 13 159
13 160 14 161
13 162 14 163
13 167 14 168
13 170 13 173
13 177 14 178
13 179 16 179
13 182 13 185
13 186 15 186
13 189 13 192
13 193 13 196
13 197 13 200
13 203 13 206
13 207 13 210
13 211 13 214
13 220 14 221
13 229 13 232
13 238 13 241
13 242 13 245
13 246 14 247
13 248 16 248
13 251 13 254
13 255 14 256
13 258 16 258
13 261 13 263
13 264 14 265
13 266 13 269
13 276 13 279
13 288 14 289
13 290 16 290
13 292 14 293
13 298 14 299
13 303 13 306
13 311 13 314
13 315 14 316
13 317 14 318
13 319 14 320
13 325 14 325
13 327 13 330
13 331 13 334
13 335 13 338
14 339 16 339
12 339 13 340
13 341 13 344
13 345 14 346
13 349 14 350
13 354 13 356
13 357 14 358
13 359 14 360
13 362 13 365
13 368 13 371
13 372 13 375
13 376 14 376
13 377 14 378
13 383 13 385
13 386 14 387
13 391 13 394
13 399 13 402
13 403 13 406
13 407 13 410
13 412 14 413
13 415 13 418
13 419 16 419
13 420 16 420
13 427 13 430
13 431 16 431
13 435 13 438
13 443 13 446
13 447 13 450
13 451 13 454
13 457 13 460
13 461 13 464
13 467 13 470
13 474 16 474
13 475 16 475
13 476 14 477
13 478 13 481
13 482 16 482
13 487 14 488
13 490 13 493
13 494 13 497
13 498 13 501
13 502 13 504
13 505 13 508
13 509 13 512
13 513 13 516
13 517 16 517
13 518 14 519
13 523 13 526
13 527 13 530
13 531 13 534
13 536 14 537
13 541 14 542
13 546 13 549
13 550 13 553
13 554 13 557
13 558 14 559
13 560 13 563
13 564 13 567
13 568 13 571
13 572 14 573
13 574 16 574
13 576 13 579
13 580 13 583
13 584 14 585
13 586 14 587
13 588 14 589
13 590 13 593
13 594 13 597
13 598 13 601
13 602 13 605
13 608 16 608
13 609 14 610
13 611 13 614
13 615 13 618
13 619 13 622
13 623 14 624
13 625 16 625
13 631 13 634
13 635 14 636
13 640 13 643
13 644 13 647
13 648 14 649
13 652 14 653
13 660 13 663
13 664 13 667
13 668 13 671
13 675 14 676
13 682 13 685
13 686 16 686
13 689 16 689
13 691 13 694
13 695 13 698
13 699 14 700
13 701 13 704
13 705 14 706
13 707 13 710
13 711 13 714
13 715 16 715
13 719 13 722
13 723 13 726
13 727 13 730
13 731 14 731
13 733 14 734
13 735 13 738
13 739 14 740
13 743 13 746
13 749 13 751
13 752 14 753
13 754 14 755
13 757 13 760
13 765 13 767
13 771 14 772
13 775 13 778
13 779 13 782
12 784 13 785
13 787 14 788
14 0 14 3
14 4 14 7
14 8 14 11
14 12 15 13
14 16 15 17
14 20 14 23
14 26 14 29
13 30 14 31
14 34 15 35
14 37 17 37
14 39 15 40
14 42 17 42
14 43 15 44
14 45 14 48
14 49 14 52
14 53 14 56
14 57 15 58
14 59 17 59
13 63 14 64
14 66 14 69
14 70 14 73
14 74 14 77
14 82 14 85
14 86 14 89
14 91 15 92
14 93 17 93
14 98 17 98
14 99 17 99
14 100 14 103
14 104 15 105
14 106 14 109
14 110 17 110
14 112 14 115
14 116 17 116
14 117 14 120
14 121 14 124
14 125 15 126
14 127 17 127
14 131 14 134
14 135 15 136
14 140 14 143
14 144 15 145
14 147 14 150
14 151 14 154
14 155 14 158
14 159 17 159
14 165 15 166
14 170 14 173
14 174 17 174
14 180 14 183
14 184 15 185
14 187 14 190
14 191 14 194
14 195 14 198
14 199 15 200
14 203 14 206
14 207 14 210
14 211 14 214
14 216 15 217
14 219 17 219
14 222 15 223
14 226 14 229
14 230 14 233
14 234 15 235
14 238 16 238
14 239 14 242
14 243 15 244
14 245 17 245
14 249 14 252
14 253 15 254
14 261 17 261
14 262 15 263
14 266 14 269
14 270 14 273
14 274 15 275
14 276 15 277
14 278 17 278
14 279 17 279
14 281 15 282
14 283 17 283
14 284 17 284
14 286 17 286
14 294 14 297
14 300 15 301
14 303 14 306
14 307 15 308
14 309 14 312
14 313 15 314
14 327 14 330
14 331 14 334
14 335 14 338
14 340 15 341
14 342 15 343
14 344 17 344
14 347 15 348
14 351 14 354
14 355 17 355
14 356 17 356
14 362 14 365
14 367 14 370
14 371 14 374
14 375 17 375
14 380 15 381
14 383 15 384
14 385 17 385
14 388 14 391
14 392 14 395
14 396 14 399
14 400 14 403
14 404 14 407
14 408 17 408
14 409 15 410
14 414 14 417
14 418 17 418
14 421 14 424
14 425 14 428
14 429 15 430
14 432 15 433
14 435 15 436
14 437 17 437
14 438 15 439
14 440 14 443
14 444 17 444
14 445 15 446
14 447 14 450
14 451 14 454
14 455 14 458
14 459 14 462
14 463 14 465
14 466 14 469
14 470 17 470
14 472 15 473
14 478 15 479
14 480 15 481
14 483 15 484
14 489 14 492
14 493 14 496
14 497 14 500
14 501 14 504
14 505 14 508
14 509 14 512
14 513 14 516
14 521 14 524
14 525 14 528
14 529 14 532
14 533 15 534
14 538 17 538
14 539 15 540
14 544 14 547
14 548 14 551
14 552 14 555
14 556 15 557
14 560 14 563
14 564 14 567
14 568 14 571
14 576 14 579
14 580 14 583
14 590 15 591
14 592 14 595
14 596 14 599
14 600 14 603
14 604 14 607
14 611 14 614
14 615 14 618
14 619 14 622
14 626 15 627
14 628 17 628
14 631 15 632
14 633 15 634
14 638 14 641
14 642 14 645
14 646 15 647
14 650 15 651
14 655 14 656
14 658 14 661
14 662 14 665
14 666 14 669
14 670 14 672
14 673 15 674
14 678 15 679
14 682 14 683
14 687 17 687
14 688 17 688
14 690 14 693
14 694 14 697
14 698 17 698
14 701 15 702
14 703 15 704
14 707 14 710
14 711 14 714
14 716 16 716
14 719 14 722
14 723 14 726
14 727 14 730
14 735 14 738
14 742 15 743
14 744 14 747
14 748 14 751
14 757 14 760
14 761 14 764
14 765 15 766
14 767 17 767
13 768 16 768
14 770 17 770
14 773 14 776
14 777 14 780
14 781 14 784
14 785 17 785
15 0 15 3
15 4 15 7
15 8 15 11
15 14 16 15
15 18 15 21
15 22 15 25
15 26 15 28
16 29 16 30
15 29 15 31
15 36 17 36
15 41 18 41
15 45 15 47
15 48 15 51
15 52 15 55
15 56 18 56
15 66 15 69
15 70 15 73
15 74 15 77
15 78 16 79
15 80 18 80
15 82 15 85
15 86 15 89
14 90 17 90
15 94 16 95
15 100 15 103
15 106 15 109
15 112 15 115
15 117 15 120
15 121 15 124
15 128 15 131
15 132 16 133
15 134 18 134
12 137 15 137
15 138 18 138
15 140 15 143
15 147 15 150
15 152 17 152
15 153 18 153
15 154 15 157
15 158 18 158
15 160 15 163
15 164 18 164
15 167 15 170
15 171 16 172
15 173 18 173
15 177 16 178
15 180 15 183
15 187 15 190
15 191 15 194
15 195 15 198
15 202 15 205
15 206 15 209
15 210 15 213
15 214 16 215
15 218 18 218
15 220 16 221
15 225 15 228
15 229 15 232
15 233 18 233
15 239 16 240
15 241 18 241
15 242 18 242
15 246 16 247
15 249 15 252
15 255 16 256
15 257 16 257
15 259 18 259
15 264 15 267
15 268 15 271
15 272 16 273
15 288 18 288
15 289 18 289
15 292 15 295
15 296 15 299
15 302 16 303
15 304 16 305
15 306 18 306
15 309 15 312
15 315 15 318
15 319 16 320
15 321 18 321
15 324 16 325
15 326 16 327
15 328 16 329
15 331 15 333
15 334 15 337
15 338 18 338
15 345 16 346
15 349 15 352
15 353 16 354
15 357 16 358
15 359 18 359
15 360 15 363
15 364 16 365
15 367 15 370
15 371 15 374
15 376 15 379
15 386 15 389
15 390 15 393
15 394 15 397
15 398 15 401
15 402 15 405
15 406 16 407
15 412 15 415
15 416 18 416
15 417 18 417
15 421 16 422
15 423 15 426
15 427 15 428
15 440 15 443
15 447 15 450
15 451 15 454
15 455 15 458
15 459 15 462
15 463 15 466
15 467 15 469
15 471 18 471
15 476 16 477
15 487 15 490
15 491 15 494
15 495 15 498
15 499 15 502
15 503 15 506
15 507 15 510
15 511 15 514
15 515 16 516
15 518 15 521
15 522 15 525
15 527 18 527
15 528 18 528
15 529 15 532
15 536 16 537
15 541 15 544
15 545 15 548
15 549 15 552
15 553 17 553
15 554 16 555
15 558 15 561
15 562 15 565
15 566 15 569
15 570 15 573
15 576 15 579
15 580 15 583
15 584 15 587
15 588 16 589
15 592 16 593
15 594 15 597
15 598 15 601
15 602 15 605
15 606 16 607
15 609 15 612
15 613 16 614
15 615 15 618
15 619 15 622
15 623 16 624
15 635 16 636
15 638 16 639
15 640 15 643
15 644 16 645
15 648 16 649
15 652 18 652
15 653 15 656
15 657 16 658
15 659 15 662
15 663 15 666
15 667 15 669
15 670 16 671
15 675 16 676
15 677 18 677
15 682 18 682
15 683 18 683
16 684 18 684
14 684 15 685
15 690 15 693
15 694 15 697
15 699 16 700
15 705 15 708
15 709 15 712
15 713 15 714
15 719 15 722
15 723 18 723
15 724 15 727
15 728 16 729
15 730 16 731
15 733 15 736
15 737 15 740
15 744 16 745
15 746 18 746
15 747 15 750
15 751 15 754
15 755 18 755
15 757 15 760
15 761 15 764
15 771 15 774
15 775 15 778
15 779 15 782
15 783 18 783
15 784 18 784
15 787 16 788
15 789 18 789
16 0 16 3
16 4 16 7
16 8 16 11
16 12 17 13
16 16 16 19
16 20 16 22
16 23 17 24
16 25 19 25
16 26 19 26
16 27 17 28
16 31 17 32
16 34 19 34
16 39 19 39
16 40 19 40
16 43 16 46
16 47 16 50
16 51 16 54
16 55 19 55
16 57 17 58
16 66 16 69
16 70 19 70
16 72 19 72
16 73 17 74
16 75 17 76
16 81 16 84
16 85 16 88
16 89 19 89
16 91 17 92
16 100 16 103
16 104 16 107
16 108 17 109
16 111 18 111
16 112 16 115
16 117 16 120
16 121 16 124
16 125 17 126
16 128 16 131
16 135 17 136
16 137 19 137
16 140 17 141
16 142 16 145
16 146 16 149
16 150 17 151
16 154 16 157
16 160 16 163
16 165 16 168
16 169 17 170
16 175 17 176
16 180 16 183
16 184 16 187
16 188 16 191
16 192 16 195
16 196 16 199
16 200 16 203
16 204 16 206
16 207 17 208
16 209 16 212
16 213 19 213
16 216 17 217
16 222 16 225
16 226 16 229
16 230 17 230
16 232 19 232
16 234 19 234
16 235 19 235
16 243 19 243
16 244 19 244
16 249 16 251
16 253 17 254
16 260 18 260
16 262 17 263
16 264 16 267
16 268 16 271
16 274 16 277
16 280 17 281
16 282 19 282
15 285 18 285
16 287 19 287
16 291 16 294
16 295 19 295
16 296 16 299
16 300 17 301
16 307 16 310
16 311 17 312
16 313 16 316
16 317 17 318
16 322 17 323
15 330 18 330
16 331 17 332
16 333 16 336
16 337 19 337
16 340 16 343
16 347 16 350
16 351 16 352
16 360 17 361
16 362 17 363
16 366 16 369
16 370 16 373
16 374 19 374
16 376 16 379
16 380 16 383
16 384 19 384
16 386 16 389
16 390 16 393
16 394 16 397
16 398 16 401
16 402 16 405
16 409 16 412
16 413 17 414
16 415 19 415
16 423 17 424
16 425 17 426
16 429 17 429
16 432 17 433
16 434 16 436
16 438 16 441
16 442 17 443
16 445 16 448
16 449 16 452
16 453 16 456
16 457 16 460
16 461 16 464
16 465 16 468
16 469 19 469
16 472 17 473
16 478 16 481
16 483 16 486
16 487 16 490
16 491 16 494
16 495 16 498
16 499 16 502
16 503 16 506
16 507 16 510
16 511 16 514
16 518 16 521
16 522 16 525
16 529 16 532
16 533 17 534
16 535 19 535
16 539 16 542
16 543 16 546
16 547 16 550
16 551 17 552
16 556 16 559
16 560 16 563
16 564 19 564
16 565 16 568
16 569 16 572
16 573 19 573
16 575 16 577
16 580 17 580
16 581 17 582
16 583 16 586
16 587 19 587
16 590 17 591
16 594 16 597
16 598 16 601
16 602 16 605
16 609 16 612
16 615 16 618
16 619 16 622
16 626 17 627
16 629 16 632
16 633 19 633
16 634 19 634
16 637 19 637
16 640 16 643
16 646 17 647
16 650 17 651
16 653 16 656
16 659 16 662
16 663 16 666
16 667 17 668
16 673 19 673
16 674 19 674
16 678 16 681
16 685 19 685
16 690 16 693
16 694 16 697
16 701 16 704
16 705 16 708
16 709 16 712
16 717 16 720
16 721 17 722
16 724 17 725
16 726 18 726
16 732 17 733
16 734 17 735
16 736 16 739
16 740 16 743
16 747 16 750
16 751 16 754
16 756 16 759
16 760 17 761
16 762 16 765
16 769 19 769
16 771 17 772
16 773 16 776
16 777 16 780
16 781 17 782
16 786 18 786
16 790 19 790
17 0 17 3
17 4 17 7
17 8 17 11
17 14 17 17
17 18 17 20
19 21 20 22
17 29 20 29
17 30 20 30
17 33 20 33
17 38 20 38
17 43 17 46
17 47 17 50
17 51 17 54
17 60 17 63
17 64 17 67
17 68 18 69
17 77 20 77
17 78 20 78
17 81 17 84
17 85 17 88
17 94 17 97
17 100 17 103
17 104 17 107
17 112 18 113
17 115 20 115
17 117 18 118
17 119 17 122
17 123 18 124
17 128 17 131
17 132 18 133
17 139 20 139
17 142 17 145
17 146 17 149
17 154 17 157
17 160 17 163
17 165 17 168
17 171 18 172
17 177 17 180
17 181 17 184
17 185 17 188
17 189 17 192
17 193 17 196
17 197 17 200
17 201 17 204
17 205 18 206
17 209 17 212
17 214 18 215
17 220 17 223
17 224 17 227
17 228 18 229
17 236 20 236
17 237 17 240
17 246 17 249
17 250 18 251
16 252 18 252
17 255 18 256
17 257 18 258
17 264 18 265
17 266 17 269
17 270 17 273
17 274 17 277
17 290 17 293
17 294 20 294
17 296 17 299
17 302 17 305
17 307 17 310
17 313 17 316
17 319 18 320
17 324 17 327
17 328 18 329
17 333 17 336
17 339 18 340
17 341 20 341
17 342 18 343
17 345 17 348
17 349 18 350
17 353 18 354
17 357 18 358
17 364 17 367
17 368 17 371
17 372 18 373
17 376 18 377
17 378 17 381
17 382 18 383
17 386 18 387
17 388 18 389
17 390 20 390
17 391 18 392
17 393 18 394
17 395 18 396
17 397 17 400
17 401 17 404
17 405 17 407
17 409 17 412
17 419 17 422
16 427 17 428
17 431 20 431
17 434 18 435
17 436 20 436
17 438 17 441
17 445 17 448
17 449 17 452
17 453 18 454
17 455 17 458
17 459 17 462
17 463 17 466
17 467 18 468
17 474 18 475
17 476 17 479
17 480 17 483
17 484 17 487
17 488 17 491
17 492 17 495
17 496 17 499
17 500 17 503
17 504 17 507
17 508 17 511
17 512 17 515
17 516 17 519
17 520 17 523
17 524 18 524
17 525 18 526
17 531 18 532
17 536 18 537
17 539 17 542
17 543 17 546
17 547 17 550
17 554 17 557
17 558 17 561
17 562 18 563
17 565 17 568
17 569 17 572
17 574 17 577
16 578 17 579
17 583 17 586
17 588 20 588
17 589 20 589
17 592 17 595
17 596 17 599
17 600 17 603
17 604 17 607
17 608 18 609
17 610 17 613
17 614 17 617
17 618 17 621
17 622 17 625
17 629 17 632
17 635 18 636
17 638 17 641
17 642 17 645
17 648 18 649
17 653 17 656
17 657 17 660
17 661 17 664
17 665 18 666
17 670 20 670
17 671 20 671
17 672 20 672
17 675 18 676
17 678 17 681
17 686 20 686
17 689 17 692
17 693 17 696
17 697 20 697
17 699 18 700
17 701 17 704
17 705 17 708
17 709 17 712
16 713 17 714
17 715 18 716
17 717 17 720
17 727 17 730
17 731 20 731
17 736 17 739
17 740 17 743
17 744 18 745
17 747 17 750
17 751 17 754
17 756 17 759
17 762 18 763
17 764 18 765
17 766 20 766
17 768 20 768
17 773 17 776
17 777 17 780
17 788 20 788
18 0 18 3
18 4 18 7
18 8 18 10
18 11 18 14
18 15 19 16
18 18 21 18
18 19 21 19
18 20 20 20
17 21 18 22
18 23 21 23
18 24 21 24
18 27 19 28
18 31 19 32
18 35 19 36
18 37 21 37
18 42 18 45
18 46 18 49
18 50 18 53
18 54 21 54
18 57 18 60
18 61 18 64
18 65 19 66
18 67 20 67
18 71 21 71
18 73 18 76
18 81 18 84
18 85 18 88
18 90 18 93
18 94 21 94
18 95 21 95
18 96 21 96
18 97 18 100
18 101 19 102
18 103 18 106
18 107 18 110
18 116 21 116
18 119 21 119
18 121 19 122
18 125 19 126
18 127 18 130
18 131 21 131
18 135 19 136
18 140 18 143
18 144 19 144
18 145 19 146
18 148 21 148
18 149 21 149
18 150 18 152
18 154 18 157
18 159 18 162
18 163 21 163
18 165 18 168
18 169 19 170
18 174 18 177
18 178 18 181
18 182 18 185
18 186 18 189
18 190 18 193
18 194 18 197
18 198 18 201
18 202 19 203
18 204 21 204
18 207 18 210
18 211 19 212
18 216 19 217
18 219 19 220
18 221 18 224
18 225 18 227
18 230 21 230
16 231 19 231
18 237 18 240
18 245 18 248
18 249 21 249
18 253 19 254
18 261 19 262
18 263 21 263
18 266 18 269
18 270 19 271
18 272 18 275
18 276 18 279
18 280 19 281
18 283 19 284
18 286 21 286
18 290 18 293
18 296 18 298
18 300 18 301
18 304 19 305
18 307 18 310
18 311 18 314
18 315 18 318
18 322 18 325
18 326 19 327
18 331 18 334
18 335 19 336
18 344 18 347
18 348 21 348
17 351 18 352
18 355 19 356
18 360 18 363
18 364 18 367
18 368 18 371
18 375 21 375
18 378 18 381
18 385 21 385
18 397 18 400
18 401 19 402
18 403 18 406
18 407 18 410
18 411 18 414
18 418 18 421
18 422 18 425
18 426 18 429
16 430 19 430
18 432 18 433
18 437 18 440
18 441 18 444
18 445 18 448
18 449 18 452
18 455 18 458
18 459 19 460
18 461 18 464
18 465 19 466
18 470 21 470
18 472 19 473
18 476 18 479
18 480 18 483
18 484 18 487
18 488 18 491
18 492 18 495
18 496 18 499
18 500 18 503
18 504 18 507
18 508 18 511
18 512 18 515
18 516 18 519
18 520 18 523
19 529 21 529
17 529 18 530
19 531 21 531
18 533 21 533
18 534 21 534
18 538 18 541
18 542 18 544
18 546 19 547
18 548 18 551
20 552 21 552
18 554 19 555
18 556 18 559
18 560 19 561
18 565 18 567
18 568 18 571
18 572 21 572
18 574 18 577
18 578 18 581
18 582 19 583
18 584 19 585
18 586 21 586
18 590 20 590
18 591 18 594
18 595 19 596
18 597 18 599
18 600 19 601
18 603 18 606
18 607 21 607
18 610 18 613
18 614 19 615
18 616 18 619
18 620 18 623
18 624 18 627
18 628 18 631
18 632 21 632
18 638 18 641
18 642 18 645
18 646 19 647
18 650 18 651
18 653 21 653
18 654 21 654
18 655 19 656
18 657 18 659
18 660 18 663
18 664 21 664
18 667 19 668
18 678 18 681
18 687 18 690
18 691 18 694
18 695 19 696
18 698 21 698
18 701 18 704
18 705 18 708
18 709 18 712
18 713 19 714
18 717 19 718
18 719 18 722
18 724 21 724
18 725 21 725
18 727 18 730
18 732 18 735
18 736 18 739
18 740 18 743
18 747 18 750
18 751 18 754
18 756 18 759
18 760 19 761
18 767 21 767
18 770 18 773
18 774 18 777
18 778 18 781
18 782 21 782
18 785 21 785
19 0 19 3
19 4 19 7
19 8 19 11
19 12 22 12
19 13 20 14
19 17 22 17
19 41 19 44
19 45 19 48
19 49 19 52
19 53 22 53
19 56 19 59
19 60 22 60
19 61 22 61
19 62 22 62
19 63 20 64
19 68 19 69
19 73 19 76
19 79 19 82
19 83 19 86
19 87 20 88
19 90 19 93
19 97 19 100
19 103 19 106
19 107 19 110
20 112 20 114
19 111 19 114
19 117 20 118
19 123 22 123
19 127 19 130
19 132 22 132
19 133 22 133
19 134 22 134
19 140 19 143
19 147 22 147
19 150 22 150
19 152 19 155
19 156 19 159
19 160 20 161
19 162 22 162
19 164 19 167
19 168 22 168
19 171 19 174
19 175 19 178
19 179 19 182
19 183 19 186
19 187 22 187
19 188 19 191
19 192 19 195
19 196 19 199
19 200 20 201
19 205 19 208
19 209 20 210
19 214 22 214
19 215 22 215
19 218 22 218
19 221 19 224
19 225 19 228
19 229 22 229
19 233 22 233
19 237 19 240
19 245 19 248
19 250 20 250
19 255 20 256
19 257 19 260
19 264 19 267
19 269 22 269
19 272 19 275
19 276 19 279
19 285 22 285
19 288 19 291
19 292 20 293
19 296 19 298
19 300 20 301
18 302 19 303
19 306 19 309
19 310 19 313
19 314 19 317
19 318 20 319
19 320 19 323
19 324 20 325
19 328 19 331
19 332 20 333
19 334 22 334
19 338 20 339
19 340 22 340
19 342 19 344
19 347 20 347
19 349 19 351
19 352 20 353
19 354 22 354
19 357 19 360
19 361 19 364
19 365 19 368
19 369 22 369
19 370 22 370
19 371 20 372
19 373 22 373
19 376 20 377
19 378 19 381
19 382 20 383
19 386 19 389
19 391 19 393
19 395 22 395
19 396 19 399
19 400 22 400
19 403 19 406
19 407 19 410
19 411 19 414
19 416 19 419
19 420 19 423
19 424 19 427
19 428 20 429
19 432 19 435
19 437 22 437
19 438 19 441
19 442 19 445
19 446 19 449
19 450 19 453
19 454 19 457
19 458 22 458
19 461 19 464
19 467 19 468
19 471 22 471
19 474 19 477
19 478 19 481
19 482 19 483
19 486 19 488
19 490 20 491
19 492 19 495
19 496 19 499
19 500 19 503
19 504 19 507
19 508 19 511
19 512 19 515
19 516 19 519
19 520 19 522
19 523 20 524
19 526 20 527
19 528 22 528
19 532 22 532
19 536 19 539
19 540 22 540
19 541 19 544
18 545 21 545
19 548 19 551
18 552 19 553
19 556 19 559
19 562 20 563
19 565 19 568
19 569 19 571
19 574 19 577
19 578 19 581
19 591 19 594
19 597 20 598
19 599 22 599
19 602 19 605
19 606 22 606
19 608 19 611
19 612 20 613
19 616 19 619
19 620 19 623
19 624 19 627
19 628 19 631
19 635 20 636
19 638 19 641
19 642 19 645
19 648 20 649
19 650 19 652
19 657 19 660
19 661 20 662
19 663 22 663
19 665 20 666
19 675 19 678
19 679 19 682
19 683 20 684
19 687 19 690
19 691 19 694
19 699 19 702
19 703 19 706
19 708 20 709
19 710 20 711
19 712 22 712
19 715 19 716
19 719 19 722
19 723 22 723
19 727 19 730
19 732 19 735
19 736 19 739
19 740 19 743
19 744 19 747
19 748 19 751
19 752 19 755
19 756 19 759
19 762 19 765
19 770 19 772
19 773 19 776
19 777 19 780
19 781 22 781
19 783 20 784
19 786 20 787
19 789 22 789
20 0 20 3
20 4 20 7
20 8 20 11
20 15 21 16
20 25 20 28
20 31 21 32
20 34 21 35
20 36 23 36
20 39 21 40
20 41 23 41
20 42 20 45
20 46 20 49
20 50 21 51
20 52 23 52
20 55 20 57
20 58 21 59
20 65 21 66
20 68 20 70
20 72 20 75
20 76 23 76
20 79 20 82
20 83 20 86
20 89 21 90
20 91 21 92
20 93 23 93
20 97 20 100
20 101 20 104
20 105 21 106
20 107 21 108
20 109 21 110
20 111 23 111
20 120 21 121
20 122 23 122
20 124 20 127
20 128 21 129
20 130 23 130
20 135 20 138
20 140 20 143
20 144 23 144
20 145 23 145
20 146 23 146
20 151 20 154
20 155 20 158
20 164 20 167
20 169 20 172
20 173 20 176
20 177 21 178
20 179 20 182
20 183 20 186
20 188 20 191
20 192 20 195
20 196 20 199
20 202 21 203
20 205 20 208
20 211 21 212
20 213 23 213
20 216 21 217
20 219 20 222
20 223 20 226
20 227 21 228
20 231 21 232
20 234 21 235
20 237 20 240
20 241 20 244
20 245 20 248
19 251 19 252
20 251 20 254
20 257 23 257
20 258 20 261
20 262 23 262
20 264 20 267
20 268 23 268
20 270 20 273
20 274 20 277
20 278 20 281
20 282 21 283
20 284 23 284
20 287 20 290
20 291 23 291
20 295 20 298
18 299 21 299
20 302 20 305
20 306 20 309
20 310 20 313
20 314 20 317
20 320 20 323
20 326 20 329
20 330 21 331
20 335 21 336
20 337 23 337
20 342 23 342
20 343 21 344
19 345 19 346
21 349 21 350
20 349 20 351
20 355 20 358
20 359 20 362
20 363 20 366
20 367 21 368
20 374 22 374
20 378 20 381
20 384 23 384
20 386 20 389
20 391 21 392
20 393 23 393
19 394 22 394
20 396 20 399
20 401 20 404
20 405 23 405
20 406 21 407
20 408 23 408
20 409 20 412
20 413 20 416
20 417 20 420
20 421 20 424
20 425 21 426
20 427 23 427
20 430 23 430
20 432 20 435
20 438 20 441
20 442 20 445
20 446 20 449
20 450 20 453
20 454 20 456
20 459 21 460
20 461 20 464
20 465 21 466
20 469 23 469
20 472 20 475
20 476 21 477
20 478 20 481
20 482 21 483
21 484 23 484
19 484 20 485
20 487 23 487
20 488 23 488
19 489 22 489
20 492 20 495
20 496 20 499
20 500 20 503
20 504 20 507
20 508 20 511
20 512 20 515
20 516 20 519
20 520 21 520
20 521 21 522
20 525 23 525
20 535 20 538
20 539 23 539
20 541 20 544
20 546 20 549
20 550 21 551
20 553 20 556
20 557 20 560
20 561 23 561
20 564 20 567
20 568 20 571
20 573 20 576
20 577 20 580
20 581 21 582
20 583 21 584
20 585 23 585
20 587 23 587
20 591 20 594
20 595 21 596
20 600 20 603
20 604 21 605
20 608 20 611
20 614 20 617
20 618 20 621
20 622 20 625
20 626 20 629
20 630 21 631
20 633 21 634
20 637 20 640
20 641 20 644
20 645 23 645
20 646 21 647
20 650 21 651
20 655 20 658
20 659 21 660
20 667 23 667
20 668 23 668
20 673 20 676
20 677 20 680
20 681 21 682
20 685 23 685
20 687 20 690
20 691 21 692
20 693 21 694
20 695 21 696
20 699 20 702
20 703 20 706
20 707 23 707
20 713 23 713
20 714 20 717
20 718 20 721
20 722 22 722
19 726 22 726
20 727 20 730
20 732 20 735
20 736 20 739
20 740 20 743
20 744 20 747
20 748 20 751
20 752 20 755
20 756 20 759
20 760 20 763
20 764 21 765
20 769 20 772
20 773 21 774
20 775 20 778
20 779 21 780
20 790 23 790
21 0 22 1
21 2 21 5
21 6 21 9
21 10 22 11
21 13 21 14
21 21 22 22
21 25 21 28
21 29 24 29
21 30 24 30
21 33 24 33
21 38 24 38
21 42 21 45
21 46 21 49
21 55 22 56
21 57 24 57
21 63 22 64
22 68 22 70
21 67 21 70
21 72 22 73
21 74 22 75
21 77 21 80
21 81 21 84
21 85 21 88
21 97 21 100
21 101 24 101
21 102 24 102
21 103 22 104
21 112 22 113
21 114 22 115
21 117 22 118
21 124 21 127
21 135 21 138
21 139 21 142
21 143 24 143
21 151 24 151
21 152 22 153
21 154 21 156
21 157 21 160
21 161 24 161
21 164 21 167
21 169 21 172
21 173 21 176
21 179 21 182
21 183 21 186
21 188 21 191
21 192 21 195
21 196 21 197
21 198 21 201
21 205 21 208
21 209 22 210
21 219 21 222
21 224 22 225
21 226 23 226
21 236 21 239
21 240 21 243
21 244 21 247
21 248 24 248
21 250 21 252
21 255 22 255
21 256 24 256
21 258 21 261
21 264 21 267
21 270 22 271
21 272 21 275
21 276 21 279
21 280 21 281
21 287 21 290
21 292 21 295
21 296 22 297
21 298 24 298
21 302 21 303
21 304 21 307
21 308 21 311
21 312 22 313
21 314 21 317
21 318 21 321
21 322 21 325
21 326 21 329
21 332 22 333
21 338 22 339
21 341 24 341
20 345 21 346
21 347 24 347
21 351 22 352
21 353 24 353
21 355 21 358
21 359 21 362
21 363 21 366
21 371 24 371
21 376 21 379
21 380 21 383
21 386 21 389
21 390 24 390
21 396 21 399
21 401 21 404
21 409 24 409
21 410 24 410
21 411 21 414
21 415 21 418
21 419 21 422
21 423 22 424
21 428 22 429
21 431 21 434
21 435 22 436
21 438 22 439
21 440 22 441
21 442 21 445
21 446 21 449
21 450 24 450
21 451 22 452
21 453 21 456
20 457 23 457
21 461 21 464
20 467 21 468
21 472 21 475
21 478 21 481
21 485 24 485
21 490 21 493
21 494 21 497
21 498 21 501
21 502 21 505
21 506 21 509
21 510 21 513
21 514 21 517
21 518 22 519
21 523 21 524
21 526 22 527
21 530 24 530
21 535 21 538
21 541 21 544
21 546 21 549
21 553 22 554
21 555 21 558
21 559 22 560
21 562 21 565
21 566 21 569
21 570 22 571
21 573 21 576
21 577 21 580
21 588 24 588
21 589 21 592
21 593 22 594
21 597 22 598
21 600 21 603
21 608 21 611
21 612 21 615
21 616 21 619
21 620 21 623
21 624 21 627
21 628 22 629
21 635 22 636
21 637 22 638
21 639 22 640
21 641 21 644
21 648 22 649
21 655 21 658
21 661 21 662
21 665 22 666
21 670 24 670
21 671 24 671
21 672 24 672
21 673 22 674
21 675 22 676
21 677 21 680
21 683 22 684
21 686 21 689
21 690 24 690
21 697 24 697
21 699 21 702
21 704 21 706
21 708 22 709
21 710 24 710
21 711 24 711
21 714 21 717
21 718 21 721
21 727 21 730
21 731 21 734
21 735 22 736
21 737 22 738
21 739 22 740
21 741 21 744
21 745 21 748
21 749 21 752
21 753 21 756
21 757 21 760
21 761 22 762
21 763 24 763
21 766 23 766
21 768 21 771
21 772 24 772
21 775 21 778
21 783 22 784
21 786 21 787
21 788 24 788
22 2 22 5
22 6 22 9
22 13 22 16
22 18 23 19
21 20 24 20
22 23 22 26
22 27 23 28
22 31 23 32
22 34 23 35
22 37 25 37
22 39 23 40
22 42 22 45
22 46 22 49
22 50 23 51
22 54 25 54
22 58 23 59
22 65 23 66
22 67 25 67
22 71 25 71
22 77 22 80
22 81 22 84
22 85 22 88
22 89 22 92
22 94 22 97
22 98 23 99
22 100 25 100
22 105 22 108
22 109 23 110
22 116 25 116
22 119 23 120
22 124 22 127
22 128 23 129
22 131 25 131
22 135 22 138
22 139 23 140
22 141 23 142
22 148 23 149
22 154 23 155
22 156 22 159
22 160 25 160
22 163 22 166
22 167 25 167
22 169 22 172
22 173 22 176
22 177 22 180
22 181 22 184
22 185 23 186
22 188 22 191
22 192 22 195
22 196 22 199
22 200 22 203
22 204 22 207
22 208 25 208
22 211 23 212
22 216 23 217
22 219 23 220
22 221 23 222
22 227 23 228
22 230 23 231
22 232 25 232
22 234 22 237
22 238 25 238
22 239 25 239
22 240 23 241
22 242 23 243
22 244 23 245
22 246 25 246
22 247 25 247
22 249 22 252
21 253 22 254
22 258 22 261
22 263 22 266
22 267 25 267
22 272 22 275
22 276 23 277
22 278 25 278
22 279 22 282
22 283 25 283
22 286 23 287
22 288 23 289
22 290 25 290
22 292 22 295
22 299 25 299
21 300 22 301
22 302 22 305
22 306 22 308
22 310 23 311
22 314 22 317
22 318 22 321
22 322 22 325
22 326 22 329
22 330 23 331
22 335 23 336
22 343 22 346
22 348 23 349
22 350 25 350
22 355 23 356
22 357 22 360
22 361 22 364
22 365 22 368
22 372 25 372
22 375 22 378
22 379 22 382
22 383 25 383
22 385 22 387
22 388 23 389
22 391 23 392
22 396 22 399
22 401 23 402
22 403 23 404
22 406 23 407
22 411 22 414
22 415 22 418
22 419 22 422
22 425 23 426
22 431 22 434
22 442 22 445
22 446 22 449
22 453 22 456
22 459 25 459
22 460 23 461
22 462 22 465
22 466 23 467
22 468 25 468
22 470 25 470
22 472 22 475
22 476 23 477
22 478 22 481
22 482 23 483
22 490 22 493
22 494 22 497
22 498 22 501
22 502 22 505
22 506 22 509
22 510 25 510
22 511 22 514
22 515 23 516
22 517 25 517
22 520 23 521
22 522 22 524
22 529 24 529
22 531 25 531
22 533 22 536
22 537 23 538
22 541 22 544
22 545 22 548
22 549 22 552
22 555 22 558
22 562 22 565
22 566 22 569
22 573 23 574
22 575 23 576
22 577 23 578
22 579 22 582
22 583 23 584
22 589 22 592
22 595 23 596
22 600 22 603
22 604 23 605
22 607 22 610
22 611 22 614
22 615 22 618
22 619 22 622
22 623 22 626
22 627 25 627
22 630 22 633
22 634 25 634
22 641 22 644
22 650 22 653
22 654 22 657
22 658 23 659
22 660 22 662
22 664 25 664
22 669 25 669
22 677 25 677
22 678 22 681
22 682 25 682
22 686 22 689
22 691 22 694
22 695 23 696
22 698 22 701
22 702 25 702
21 703 24 703
22 704 23 705
22 706 25 706
22 714 22 717
22 718 22 721
22 724 23 725
22 727 22 730
22 731 22 734
22 741 23 742
22 743 22 746
22 747 22 750
22 751 22 754
22 755 22 758
22 759 23 760
22 764 23 765
22 767 22 770
22 771 25 771
22 773 22 776
22 777 22 780
22 782 25 782
22 785 25 785
23 0 25 0
23 1 24 2
23 3 24 4
23 5 24 6
23 7 24 8
23 9 23 12
23 13 23 16
23 17 26 17
23 21 23 24
23 25 24 26
23 42 23 45
23 46 26 46
23 47 26 47
23 48 24 49
23 53 26 53
23 55 24 56
23 60 23 63
23 64 26 64
23 68 25 68
23 70 26 70
23 72 23 75
23 77 23 80
23 81 23 84
23 85 23 88
23 89 23 92
23 94 24 95
23 96 24 97
23 103 23 106
23 107 24 108
23 112 23 115
23 117 24 118
23 121 26 121
23 123 23 126
23 127 26 127
23 133 24 134
23 135 24 136
23 137 24 138
23 147 26 147
23 150 26 150
23 152 24 153
23 156 23 159
23 162 23 165
23 166 26 166
23 168 23 171
23 172 23 175
23 176 23 179
23 180 23 183
23 184 25 184
23 187 23 190
23 191 23 194
23 195 24 196
23 197 23 200
23 202 23 205
23 206 24 207
23 209 24 210
23 214 24 215
23 218 26 218
23 223 23 225
23 229 26 229
23 233 23 236
23 237 25 237
23 249 23 252
23 253 24 254
23 255 26 255
23 258 23 261
23 263 23 266
23 269 23 272
23 273 24 274
23 275 26 275
23 279 23 282
23 285 26 285
23 292 23 295
23 296 24 297
23 300 23 303
23 304 23 307
23 308 26 308
22 309 25 309
23 312 23 315
23 316 24 317
23 318 23 321
23 322 23 325
23 326 26 326
23 327 26 327
23 328 24 329
24 332 24 333
23 332 23 334
23 338 24 339
23 340 26 340
23 343 23 346
23 351 24 352
23 354 26 354
23 357 23 360
23 361 23 364
23 365 23 368
23 369 24 370
23 373 23 376
23 377 23 380
23 381 24 382
23 385 24 386
23 387 26 387
23 394 23 397
23 398 24 399
23 400 26 400
23 411 23 414
23 415 23 418
23 419 23 422
23 423 24 424
23 428 24 429
23 431 23 434
23 435 23 438
23 439 23 442
23 443 23 446
23 447 24 448
23 449 24 449
23 451 23 454
23 455 26 455
23 458 26 458
23 462 23 465
23 471 23 474
23 475 26 475
23 478 23 481
23 486 26 486
23 489 23 492
23 493 23 496
23 497 23 500
23 501 23 504
23 505 23 508
23 509 25 509
23 511 23 514
23 518 24 519
23 523 25 523
23 526 24 527
23 528 24 528
23 532 23 535
23 536 26 536
23 540 24 541
23 542 23 545
23 546 23 549
23 550 23 553
23 554 23 557
23 558 24 559
23 560 26 560
23 562 23 565
23 566 24 567
23 568 23 570
23 571 24 572
23 579 23 582
23 589 23 592
23 593 24 594
23 597 24 598
23 599 23 602
23 603 26 603
23 606 23 609
23 610 23 613
23 614 23 617
23 618 23 621
23 622 23 625
23 626 26 626
23 628 23 631
23 632 24 633
23 635 23 638
23 639 23 642
23 643 24 644
23 646 23 649
23 650 23 653
23 654 23 657
23 660 23 663
23 665 24 666
23 673 23 676
23 678 23 681
23 683 24 684
23 686 23 689
23 691 23 694
23 698 23 701
23 708 24 709
23 712 25 712
23 714 23 717
23 718 24 719
23 720 26 720
23 721 26 721
23 722 24 723
23 726 23 729
23 730 26 730
23 731 23 734
23 735 24 736
23 737 23 740
23 743 23 746
23 747 24 748
23 749 23 752
23 753 23 756
23 757 24 758
23 761 24 762
23 767 23 770
23 773 23 776
23 777 23 779
23 781 26 781
23 783 24 784
24 786 25 787
22 786 23 787
23 789 26 789
24 9 24 12
24 13 24 16
24 18 25 19
24 21 24 24
24 27 25 28
24 31 25 32
24 34 25 35
24 36 27 36
24 39 24 42
24 43 25 44
24 45 27 45
24 50 27 50
24 51 25 52
24 58 24 61
24 62 25 63
24 65 25 66
24 72 24 75
24 76 24 79
24 80 24 83
24 84 24 87
24 88 24 91
24 92 25 93
24 98 25 99
24 103 24 106
24 109 24 112
24 113 27 113
24 114 25 115
24 119 25 120
24 122 24 125
24 126 27 126
24 128 25 129
24 130 27 130
24 132 27 132
24 139 24 142
24 144 24 145
24 146 27 146
24 148 25 149
24 154 24 157
24 158 25 159
24 162 25 163
24 164 25 165
24 168 24 171
24 172 24 175
24 176 24 179
24 180 24 183
24 185 24 188
24 189 24 192
24 193 25 194
24 197 24 200
24 201 24 204
24 205 27 205
24 211 25 212
24 213 27 213
24 216 25 217
24 219 24 222
24 223 27 223
24 224 24 227
24 228 27 228
24 230 25 231
24 233 24 236
24 240 24 243
24 244 25 245
24 249 24 252
24 257 24 260
24 261 24 263
24 264 25 265
24 266 27 266
24 268 24 271
24 272 27 272
24 276 27 276
24 277 27 277
24 279 24 282
24 284 27 284
24 286 25 287
24 288 27 288
24 291 24 294
24 295 27 295
24 300 27 300
24 302 26 302
24 304 27 304
24 305 27 305
24 306 27 306
24 307 27 307
24 310 24 312
25 314 26 314
24 313 24 315
24 318 24 321
24 322 24 325
24 330 25 331
24 334 24 337
24 342 24 345
24 346 27 346
24 348 25 349
24 355 24 358
24 359 24 362
24 363 24 366
24 367 25 368
24 373 24 376
24 377 24 380
24 384 27 384
24 388 27 388
24 389 27 389
24 391 24 394
24 395 25 396
24 397 27 397
24 401 24 404
24 405 24 408
24 411 24 414
24 415 24 418
24 419 24 422
24 425 25 426
24 427 27 427
24 430 25 431
24 432 24 435
24 438 27 438
24 439 24 442
24 443 25 444
24 445 25 446
24 451 24 454
24 456 25 457
24 460 24 463
24 464 24 467
24 469 27 469
24 471 24 474
24 476 24 479
24 480 24 483
24 484 27 484
24 487 24 490
24 492 24 494
24 495 24 498
24 499 24 502
24 503 24 506
24 507 25 508
24 511 24 514
24 515 25 516
24 520 24 522
24 524 25 525
24 532 25 533
24 534 25 535
24 537 25 538
24 539 27 539
24 542 24 545
24 546 24 549
24 550 24 553
24 554 25 555
24 556 25 557
24 561 24 564
24 565 27 565
24 568 25 569
24 570 27 570
24 573 24 576
24 577 24 580
24 581 24 583
24 584 24 587
24 589 24 592
24 595 25 596
24 599 24 602
24 604 24 607
24 608 25 609
24 610 24 613
24 614 24 617
24 618 24 621
24 622 24 625
24 628 27 628
24 630 27 630
24 631 27 631
24 635 24 638
24 639 24 642
24 645 24 648
24 650 25 651
24 652 24 655
24 656 24 659
24 660 24 663
24 667 25 668
24 673 24 676
24 678 25 679
24 680 27 680
24 681 27 681
24 685 24 687
24 688 25 689
24 691 24 694
24 695 25 696
24 698 24 701
24 704 25 705
24 707 27 707
24 713 24 716
24 717 27 717
24 724 24 727
24 728 25 729
24 731 24 734
24 737 24 740
24 741 24 744
24 745 25 746
24 749 24 752
24 753 24 756
24 759 25 760
24 764 27 764
24 765 25 766
24 767 24 770
24 773 27 773
24 774 24 777
24 778 25 779
23 780 26 780
24 790 27 790
25 1 25 4
25 5 25 8
25 9 25 12
25 13 25 16
25 20 26 21
25 22 25 25
25 26 27 26
25 29 28 29
25 30 28 30
25 33 28 33
25 38 25 41
25 42 28 42
25 48 26 49
25 55 25 58
25 59 26 60
25 61 28 61
25 72 25 75
25 76 25 79
25 80 25 83
25 84 25 87
25 88 25 91
25 94 25 97
25 101 25 104
25 105 25 108
25 109 26 110
25 111 26 112
25 117 26 118
25 122 25 125
25 133 25 135
26 137 26 139
25 136 25 139
25 141 26 142
25 143 25 145
25 151 28 151
25 152 25 155
25 156 26 157
25 161 28 161
25 168 25 171
25 172 25 175
25 176 25 179
25 180 25 183
25 185 25 188
25 189 25 192
25 195 26 196
25 197 25 200
25 201 25 204
25 206 26 207
25 209 28 209
25 210 28 210
25 214 26 215
25 219 26 220
25 221 26 222
25 224 25 227
25 233 25 236
25 240 26 241
25 242 26 243
25 248 25 251
25 252 26 253
25 254 28 254
25 256 25 259
25 260 26 261
25 262 26 263
25 268 25 271
25 273 26 274
25 279 25 282
25 289 28 289
25 291 25 294
25 296 26 297
25 298 28 298
25 310 25 313
25 315 25 318
25 319 25 322
25 323 26 324
25 325 28 325
25 328 26 329
25 332 25 335
25 336 25 339
25 341 25 344
25 345 28 345
25 347 28 347
25 351 26 352
25 353 28 353
25 355 25 358
25 359 25 362
25 363 25 366
25 369 26 370
25 371 28 371
25 373 25 376
25 377 25 379
25 381 26 382
25 385 26 386
25 390 26 391
25 392 26 393
25 394 28 394
25 398 26 399
25 401 25 404
25 405 25 407
25 408 25 411
25 412 28 412
25 413 25 416
25 417 25 420
25 421 25 424
25 428 26 429
25 432 26 433
25 434 26 435
25 439 25 442
25 447 28 447
25 448 26 449
25 450 25 453
25 454 28 454
25 460 25 463
25 464 25 467
25 471 25 474
25 476 25 479
25 480 25 483
25 485 28 485
25 487 26 488
25 489 26 490
25 492 25 494
25 495 25 498
25 499 25 501
25 504 26 504
25 505 26 506
25 511 25 514
25 518 26 519
25 520 25 522
25 526 28 526
25 527 26 528
25 530 28 530
25 540 25 543
25 544 25 547
25 548 25 551
25 552 26 553
25 558 26 559
25 561 25 564
25 566 26 567
25 571 25 574
25 575 25 578
25 579 25 582
25 583 25 586
25 587 25 590
25 591 25 594
25 597 25 600
25 601 26 602
25 604 25 607
25 610 25 613
25 614 25 617
25 618 26 619
25 620 26 621
25 622 26 623
25 624 26 625
25 629 28 629
25 632 26 633
25 635 25 638
25 639 25 642
25 643 25 646
25 647 26 648
25 652 25 655
25 656 25 659
25 660 28 660
25 661 26 662
25 663 28 663
25 665 26 666
25 670 25 673
25 674 26 675
25 676 28 676
25 683 25 686
25 687 28 687
25 690 26 691
25 692 28 692
25 693 26 694
25 697 25 700
25 701 28 701
25 703 27 703
25 708 25 711
25 713 26 714
25 715 26 716
25 718 26 719
25 722 25 725
25 726 26 727
25 733 25 734
25 735 25 738
25 739 26 740
25 741 25 744
25 747 25 750
25 751 25 754
25 755 25 758
25 761 26 762
25 763 28 763
25 767 25 770
25 772 28 772
25 774 26 775
25 776 26 777
25 783 26 784
25 788 28 788
26 1 26 4
26 5 26 8
26 9 26 12
26 13 26 16
26 18 27 19
26 22 26 25
26 27 27 28
26 31 27 32
26 34 27 35
26 37 26 40
26 41 27 41
26 43 27 44
26 51 29 51
26 52 29 52
26 54 26 57
26 58 29 58
26 62 27 63
26 65 29 65
26 66 27 67
26 68 27 69
26 71 26 74
26 75 27 76
26 77 26 80
26 81 26 84
26 85 26 88
26 89 26 92
26 93 26 96
26 97 26 100
26 101 26 104
26 105 26 108
26 114 27 115
26 116 29 116
26 119 27 120
26 122 26 125
26 128 27 129
26 131 29 131
26 133 26 136
26 140 29 140
26 144 29 144
26 145 29 145
26 148 27 149
26 153 27 154
26 155 29 155
26 158 27 159
26 160 29 160
26 162 26 165
26 167 26 170
26 171 26 174
26 175 26 178
26 179 26 182
26 183 26 186
26 187 26 190
26 191 27 192
26 193 29 193
26 194 29 194
26 197 26 200
26 201 26 204
26 208 29 208
26 211 29 211
26 212 29 212
26 216 27 217
26 224 29 224
26 225 27 226
26 227 29 227
26 230 26 233
26 234 27 235
26 236 29 236
26 238 27 239
26 244 26 247
26 248 26 251
26 256 26 259
26 264 29 264
26 265 29 265
26 267 26 270
26 271 29 271
26 278 26 281
26 282 27 283
26 286 27 287
26 290 27 291
26 292 29 292
26 293 27 294
26 299 29 299
26 301 29 301
26 309 26 311
26 313 29 313
26 315 26 318
26 319 29 319
26 320 27 321
26 322 29 322
26 330 26 333
26 334 26 337
26 338 29 338
26 339 29 339
26 341 26 344
26 348 27 349
26 350 29 350
26 355 26 358
26 359 26 362
26 363 26 366
26 367 27 368
26 372 26 375
26 376 26 379
25 380 28 380
26 383 29 383
26 395 27 396
26 401 26 404
26 405 26 408
26 409 29 409
26 410 29 410
26 411 29 411
26 413 26 416
26 417 26 420
26 421 26 424
26 425 27 426
26 430 27 431
26 437 29 437
26 439 26 442
26 443 26 446
26 450 26 453
26 456 27 457
26 459 26 462
26 463 26 466
26 467 27 468
26 470 26 471
26 472 26 474
26 476 26 479
26 480 26 483
24 491 27 491
26 492 27 493
26 494 26 497
26 498 27 499
26 500 27 501
25 502 26 503
26 507 26 510
26 511 26 514
26 515 27 516
26 517 29 517
26 520 27 521
26 522 26 525
25 529 28 529
26 531 26 534
26 535 29 535
26 537 27 538
26 540 26 543
26 544 27 545
26 548 27 549
26 550 27 551
26 554 27 555
26 556 27 557
26 561 26 564
26 568 27 569
26 571 29 571
26 573 26 576
26 577 26 580
26 581 27 582
26 583 29 583
26 584 29 584
26 585 27 586
26 587 27 588
26 589 26 592
26 593 26 596
26 597 26 600
26 604 29 604
26 605 26 608
26 609 26 612
26 613 26 616
26 617 27 617
26 627 29 627
26 634 26 637
26 638 26 641
26 642 26 645
26 646 29 646
26 649 26 652
26 653 26 656
26 657 27 658
26 659 29 659
26 664 29 664
26 667 26 670
26 671 27 672
26 673 29 673
26 677 27 678
26 679 29 679
26 682 27 683
26 684 27 685
26 686 29 686
26 688 28 688
26 689 29 689
26 695 26 697
26 698 27 699
26 700 29 700
26 702 29 702
26 704 27 705
26 706 27 706
26 708 29 708
26 709 29 709
26 710 29 710
26 711 27 712
26 722 29 722
26 723 27 724
26 725 29 725
26 728 27 729
25 731 26 732
26 733 26 736
26 737 27 738
26 741 26 744
26 745 26 748
26 749 26 752
26 753 26 756
26 757 26 760
26 765 26 768
26 769 27 770
26 771 29 771
26 778 27 779
26 782 29 782
26 785 29 785
26 787 29 787
27 1 27 3
27 4 27 7
27 8 27 11
27 12 27 15
27 16 28 17
27 20 27 23
27 24 28 25
27 37 27 40
27 46 28 47
27 48 28 49
27 53 27 56
27 57 29 57
27 59 28 60
27 64 30 64
27 70 27 73
27 74 30 74
27 77 27 80
27 81 27 84
27 85 27 88
27 89 27 92
27 93 27 96
27 97 27 100
27 101 27 104
27 105 27 108
27 109 27 112
27 117 28 118
27 121 27 124
27 125 30 125
27 127 30 127
27 133 27 136
27 137 28 138
27 139 30 139
27 141 28 142
27 143 30 143
27 147 30 147
27 150 30 150
27 156 28 157
27 162 28 163
27 164 27 167
27 168 27 171
27 172 27 174
27 175 28 176
27 177 28 178
27 179 28 180
27 181 27 184
27 185 27 188
27 189 28 190
27 196 27 199
27 200 27 203
27 204 30 204
27 206 28 207
27 214 28 215
27 218 27 221
27 222 29 222
27 229 27 232
27 233 30 233
26 237 29 237
27 240 27 243
27 244 27 247
27 248 27 251
27 252 28 253
27 255 27 258
27 259 27 262
27 263 30 263
27 267 28 268
27 269 30 269
27 273 28 274
27 275 30 275
27 278 27 281
27 285 30 285
27 296 28 297
27 302 28 303
27 308 27 311
26 312 29 312
27 314 28 315
27 316 28 317
27 318 30 318
27 323 28 324
27 326 27 329
27 330 27 333
27 334 27 336
27 340 27 343
27 344 30 344
27 351 28 352
27 354 27 357
27 358 27 361
27 362 27 365
27 366 30 366
27 369 28 370
27 372 27 375
27 376 27 379
27 381 28 382
27 385 27 386
27 387 30 387
27 390 27 393
27 398 27 401
27 402 27 405
27 406 28 407
27 408 29 408
27 413 30 413
27 414 30 414
27 415 30 415
27 416 27 419
27 420 28 421
27 422 27 424
27 428 28 429
27 432 27 433
27 434 27 436
27 439 27 442
27 443 30 443
27 445 28 446
27 448 27 451
27 452 28 453
27 455 30 455
27 458 27 461
27 462 27 465
27 466 30 466
27 470 27 473
27 474 27 477
27 478 27 481
27 482 28 483
27 486 28 487
27 488 30 488
27 489 30 489
27 490 29 490
27 494 27 497
27 502 27 505
27 506 27 509
27 510 27 512
27 513 28 514
27 518 28 519
27 522 27 525
27 527 28 528
27 531 27 534
27 536 30 536
27 540 28 541
27 542 28 543
28 546 30 546
26 546 27 547
28 548 30 548
27 552 28 553
27 558 27 561
27 562 28 563
27 564 30 564
27 566 28 567
27 572 28 573
27 574 27 577
27 578 28 579
27 580 30 580
27 589 27 592
27 593 27 596
27 597 27 600
27 601 28 602
27 603 28 603
27 605 27 608
27 609 27 612
27 613 28 614
27 615 28 616
27 618 27 621
27 622 27 625
27 626 30 626
27 632 27 635
27 636 28 637
27 638 27 640
27 641 27 644
27 645 30 645
27 647 27 650
27 651 27 654
27 655 28 656
27 661 28 662
27 665 27 668
27 669 28 670
27 675 30 675
27 690 28 691
27 693 27 696
27 697 30 697
27 713 27 716
27 718 27 721
27 726 28 727
27 730 27 733
27 734 28 735
27 736 30 736
27 739 27 742
27 743 27 746
27 747 27 750
27 751 27 754
27 755 27 758
27 759 27 762
27 765 28 766
27 767 30 767
27 768 30 768
27 774 27 777
27 780 28 781
27 783 28 784
27 786 30 786
27 789 30 789
26 0 29 0
28 1 31 1
28 3 29 4
28 5 28 8
28 9 28 12
28 13 31 13
28 14 29 15
28 18 28 21
28 22 29 23
28 27 29 28
28 31 29 32
28 34 28 37
28 38 29 39
28 40 29 41
28 43 29 44
28 45 31 45
28 50 31 50
28 53 28 56
28 62 29 63
28 66 28 69
28 70 29 71
28 72 29 73
28 75 29 76
28 77 29 78
28 79 28 82
28 83 28 86
28 87 28 90
28 91 28 94
28 95 28 98
28 99 28 102
28 103 28 106
28 107 28 110
28 111 28 114
28 115 31 115
28 119 29 120
28 121 28 124
28 126 30 126
28 128 29 129
28 130 31 130
28 132 28 135
28 136 31 136
28 146 30 146
28 148 31 148
28 149 31 149
28 152 29 153
28 154 31 154
28 158 29 159
28 164 28 167
28 168 28 171
28 172 29 173
28 174 31 174
28 181 29 182
28 183 28 186
28 187 29 188
28 191 29 192
28 195 29 196
28 197 29 198
28 199 29 200
28 201 29 202
28 203 31 203
28 205 30 205
28 213 31 213
28 216 28 219
28 220 29 221
28 223 30 223
28 225 29 226
28 228 28 231
28 232 31 232
28 234 29 235
28 238 28 241
28 242 28 245
28 246 28 249
28 250 29 251
28 255 28 258
28 259 29 260
28 261 29 262
28 266 31 266
28 272 29 272
28 276 28 279
28 280 28 283
28 284 31 284
28 286 31 286
28 287 29 288
28 290 29 291
28 293 29 294
28 295 29 295
28 300 31 300
28 304 29 305
28 306 28 309
28 310 29 311
28 320 29 321
28 326 28 329
28 330 28 333
28 334 31 334
28 335 31 335
27 337 30 337
28 340 28 343
28 346 31 346
28 348 31 348
28 349 31 349
28 354 28 356
28 358 29 359
28 360 28 363
28 364 29 365
28 367 29 368
28 373 28 375
28 376 28 379
28 384 31 384
28 388 28 391
28 392 29 393
28 395 28 398
28 399 28 402
28 403 29 404
28 405 31 405
28 416 28 419
28 422 28 425
28 426 29 427
28 430 28 432
29 434 29 435
28 433 28 436
28 438 28 441
28 442 31 442
28 448 28 451
28 456 28 459
28 460 28 463
28 464 29 465
28 467 28 470
28 471 28 474
28 476 28 478
28 479 28 480
28 481 31 481
28 484 31 484
28 491 28 494
28 495 28 498
28 499 29 500
28 501 29 502
28 503 29 504
28 505 28 508
28 509 28 512
28 515 29 516
28 520 28 523
28 524 29 525
28 531 28 534
28 537 30 537
28 538 29 539
28 544 29 545
28 547 31 547
28 549 29 550
28 551 31 551
28 554 28 556
28 557 29 558
28 559 31 559
28 560 29 561
28 565 31 565
28 568 29 569
28 570 31 570
28 574 28 577
28 581 29 582
28 585 28 588
28 589 28 592
28 593 28 596
28 597 28 600
28 605 28 608
28 609 28 612
28 617 29 618
28 619 29 620
28 621 31 621
28 622 29 623
28 624 31 624
28 628 31 628
28 630 28 633
28 634 29 635
28 638 28 641
28 643 31 643
28 644 31 644
28 647 28 650
28 651 28 654
28 657 29 658
28 665 29 666
28 667 29 668
28 671 28 672
28 674 31 674
28 677 31 677
28 678 31 678
28 680 28 683
28 684 29 685
28 693 28 696
28 698 29 699
28 703 29 704
28 705 29 706
28 707 31 707
28 711 28 713
29 715 31 715
29 716 31 716
28 714 28 717
28 718 28 721
28 723 29 724
28 728 29 729
28 730 31 730
28 731 31 731
28 733 31 733
28 737 28 740
28 741 28 744
28 745 28 748
28 749 28 752
28 753 28 756
28 757 28 760
28 761 29 762
28 764 31 764
28 769 29 770
28 773 28 776
28 777 28 779
28 790 31 790
29 2 32 2
29 5 29 8
29 9 29 12
29 16 29 19
29 20 30 21
29 24 30 25
28 26 31 26
29 29 30 30
29 33 29 36
29 37 32 37
29 42 32 42
29 46 29 49
29 53 29 56
29 59 30 60
29 61 32 61
29 66 30 67
29 68 30 69
29 79 29 82
29 83 29 86
29 87 29 90
29 91 29 94
29 95 29 98
29 99 30 100
29 101 29 104
29 105 29 108
29 109 29 112
29 113 30 114
29 117 30 118
29 121 29 124
29 132 29 135
29 137 30 138
29 141 30 142
29 151 32 151
29 156 30 157
29 161 29 164
29 165 29 167
29 168 29 171
29 175 29 178
29 179 30 180
29 183 29 186
29 189 30 190
29 206 30 207
29 209 30 210
29 214 29 217
29 218 30 219
29 228 30 229
29 230 32 230
29 231 31 231
29 238 29 241
29 242 29 245
29 246 29 249
29 252 29 255
29 256 30 257
29 258 32 258
29 267 30 268
29 270 32 270
29 273 30 274
29 276 30 277
29 278 29 281
29 282 30 283
29 289 32 289
29 296 32 296
29 297 30 298
29 306 29 309
29 314 29 317
29 323 29 326
29 327 29 330
29 331 30 332
29 333 32 333
29 336 32 336
29 340 29 343
29 345 32 345
29 347 32 347
29 351 29 354
29 355 30 356
28 357 29 357
29 360 29 363
29 369 29 371
29 373 29 375
29 376 29 379
29 380 30 381
29 382 32 382
28 385 29 386
29 388 32 388
29 389 30 390
29 391 32 391
29 394 29 397
29 398 29 401
29 402 30 402
29 406 30 407
29 412 32 412
29 416 29 419
29 420 29 423
29 424 30 425
29 428 29 431
29 432 30 433
29 436 32 436
29 438 29 441
29 444 29 447
29 450 30 451
29 452 30 453
29 454 32 454
29 456 32 456
29 457 29 460
29 461 29 463
29 467 30 468
29 469 29 472
29 473 30 474
28 475 31 475
29 476 32 476
29 477 32 477
29 478 29 480
29 482 30 483
29 485 30 486
29 487 32 487
29 491 29 494
29 495 30 496
29 497 30 498
29 505 29 508
29 509 30 510
29 511 30 512
29 513 32 513
29 514 32 514
29 518 30 519
29 520 30 521
29 522 32 522
29 523 32 523
29 526 29 529
29 530 29 533
29 534 32 534
29 540 29 543
29 552 29 555
29 556 32 556
29 562 30 563
29 566 32 566
29 567 32 567
29 572 29 575
29 576 30 577
29 579 32 579
29 585 29 588
29 589 29 592
29 593 30 594
29 595 32 595
29 596 29 599
29 600 30 601
29 602 32 602
29 605 29 608
29 609 30 610
29 611 29 614
29 615 30 616
29 625 32 625
29 629 29 632
29 633 32 633
29 636 29 638
29 640 30 641
29 642 32 642
29 647 29 650
29 651 30 652
29 653 29 656
29 660 29 663
29 669 29 672
29 676 32 676
29 680 29 683
29 687 30 688
29 690 29 693
29 694 30 695
29 696 32 696
29 701 32 701
29 711 30 712
29 713 30 714
29 718 32 718
29 719 30 720
29 721 32 721
29 726 30 727
29 734 30 735
29 737 29 740
29 741 29 744
29 745 29 748
29 749 29 752
29 753 29 756
29 757 29 758
29 763 32 763
29 765 30 766
29 772 29 775
29 776 29 779
29 780 32 780
29 781 32 781
29 783 30 784
29 788 32 788
30 0 33 0
30 3 30 6
30 7 30 10
30 11 31 12
30 14 30 17
30 18 30 19
30 22 31 23
30 27 31 28
30 31 30 34
30 35 31 36
30 38 30 41
30 43 31 44
30 46 30 49
30 51 31 52
30 53 31 54
30 55 30 58
30 62 31 63
30 65 33 65
30 70 30 73
30 75 30 78
30 79 30 82
30 83 30 86
30 87 31 88
30 89 31 90
30 91 30 94
30 95 30 98
30 101 30 104
30 105 30 108
30 109 30 112
30 116 33 116
30 119 30 122
30 123 31 124
30 128 31 129
30 131 30 134
30 135 33 135
30 140 33 140
30 144 31 145
30 152 31 153
30 155 33 155
30 158 30 161
30 162 31 163
30 164 30 167
30 168 30 171
30 172 31 173
30 175 30 178
30 181 30 184
30 185 30 188
30 191 30 194
30 195 30 198
30 199 30 202
30 208 33 208
30 211 31 212
30 214 30 217
30 220 30 222
30 224 30 227
30 234 31 235
30 236 30 239
30 240 30 243
30 244 31 245
30 246 30 249
30 250 30 253
30 254 31 255
30 259 30 262
30 264 31 265
30 271 31 272
30 278 30 281
30 287 31 288
30 290 31 291
30 292 31 293
30 294 31 295
30 299 32 299
30 301 30 304
30 305 30 308
30 309 30 312
30 314 30 317
30 319 31 320
30 321 30 324
30 325 30 328
30 329 31 330
30 338 30 341
30 342 31 343
30 350 30 353
30 354 32 354
30 357 31 358
30 359 30 362
30 363 33 363
30 364 33 364
30 365 33 365
30 367 30 370
28 372 31 372
30 373 30 376
30 377 31 378
30 379 33 379
30 383 33 383
30 385 31 386
30 392 30 395
30 396 30 399
30 400 31 401
30 404 33 404
30 409 33 409
30 410 31 411
30 416 30 419
30 420 30 423
30 426 30 429
30 430 31 431
30 434 31 435
30 438 33 438
30 439 31 440
30 441 33 441
30 444 30 447
31 448 33 448
29 448 30 449
30 457 30 460
30 461 30 464
30 465 33 465
30 469 30 472
30 478 31 479
30 480 33 480
30 491 31 492
30 493 31 494
30 499 30 502
30 503 33 503
30 504 30 507
30 508 33 508
30 515 31 516
30 517 33 517
30 524 30 527
30 528 30 531
30 532 31 533
30 535 33 535
30 538 30 541
30 542 30 545
30 549 31 550
30 552 31 553
30 554 31 555
30 557 31 558
30 560 31 561
30 568 31 569
30 571 30 574
30 575 33 575
30 581 30 584
30 585 30 588
30 589 30 592
30 596 30 599
30 604 31 605
30 606 33 606
30 607 31 608
30 611 30 614
30 617 33 617
30 618 33 618
30 619 31 620
30 622 33 622
30 623 33 623
30 627 33 627
30 629 30 632
30 634 30 637
30 638 33 638
29 639 32 639
30 646 30 649
30 650 33 650
30 653 30 656
30 657 30 660
30 661 30 664
30 665 30 668
30 669 30 672
30 673 33 673
30 679 30 682
30 683 30 686
30 689 30 692
30 693 33 693
30 698 31 699
30 700 32 700
30 702 30 705
30 706 33 706
30 708 31 709
30 710 33 710
30 722 30 725
30 728 31 729
30 737 30 740
30 741 30 744
30 745 30 748
30 749 30 752
30 753 30 756
30 757 33 757
30 758 33 758
29 759 30 760
30 761 31 762
30 769 30 772
30 773 30 776
30 777 31 778
30 779 32 779
30 782 33 782
30 785 33 785
30 787 33 787
31 3 31 6
31 7 31 10
31 14 32 15
31 16 34 16
31 17 31 20
31 21 34 21
31 24 32 25
31 29 31 32
31 33 32 34
31 38 31 41
31 46 31 49
31 55 31 58
31 59 32 60
31 64 34 64
31 66 31 69
31 70 31 73
31 74 31 77
31 78 32 79
31 80 34 80
31 81 32 82
31 83 31 86
31 91 31 94
31 95 31 98
31 99 31 102
31 103 32 104
31 105 31 108
31 109 31 112
31 113 34 113
31 114 34 114
31 117 31 120
31 121 32 122
33 125 34 126
31 127 34 127
31 131 31 134
31 137 32 138
31 139 34 139
31 141 34 141
31 142 32 143
31 147 34 147
31 150 34 150
31 156 31 159
31 160 32 161
31 164 31 167
31 168 31 171
31 175 31 178
31 179 31 182
31 183 31 186
31 187 31 190
31 191 32 192
31 193 32 194
31 195 32 196
31 197 31 200
31 202 33 202
31 204 31 207
31 209 32 210
31 214 31 217
31 218 31 221
33 222 34 222
31 224 32 225
31 226 31 229
31 233 34 233
31 236 31 239
31 240 31 243
31 246 31 249
31 250 31 253
31 256 32 257
31 259 32 260
31 261 32 262
31 263 34 263
31 267 32 268
31 269 34 269
31 273 31 276
31 277 31 280
31 281 32 282
31 283 34 283
31 285 34 285
31 297 32 298
31 301 31 304
31 306 31 309
31 310 32 311
31 312 31 315
31 316 32 317
31 318 34 318
31 321 31 324
31 325 31 328
31 331 32 332
31 337 31 340
31 341 34 341
31 344 34 344
31 350 31 351
31 355 32 356
31 359 31 362
31 366 31 369
31 370 32 371
31 373 31 376
31 380 32 381
31 387 34 387
31 389 34 389
31 390 34 390
31 392 31 395
31 396 31 399
31 402 32 403
31 406 34 406
31 407 34 407
30 408 33 408
31 413 31 416
31 417 31 420
31 421 31 424
31 425 31 428
31 429 34 429
31 432 32 433
31 443 34 443
31 444 31 447
31 449 31 452
31 453 33 453
31 455 34 455
31 457 31 460
31 461 34 461
31 464 34 464
31 466 31 469
31 470 31 473
31 474 34 474
31 482 32 483
31 485 32 486
31 488 32 489
30 490 33 490
31 495 31 498
31 499 31 502
31 504 31 507
31 509 32 510
31 511 34 511
31 518 34 518
31 521 34 521
31 524 31 527
31 528 31 531
31 536 31 539
31 540 31 543
31 544 31 546
31 548 34 548
31 562 32 563
31 564 34 564
31 571 31 574
31 576 32 577
31 578 34 578
31 581 31 583
31 584 31 587
31 588 31 591
31 592 32 593
31 594 34 594
31 596 31 599
31 600 32 601
29 603 32 603
31 609 31 612
31 613 31 616
31 626 33 626
31 629 31 632
31 634 31 637
31 640 32 641
31 645 31 648
31 649 34 649
31 651 31 654
31 655 31 658
31 659 31 662
31 663 32 664
31 665 32 666
31 667 34 667
31 668 34 668
31 669 31 672
31 675 34 675
31 679 31 682
31 683 31 686
31 687 31 690
31 691 34 691
31 692 34 692
31 694 32 695
31 697 34 697
31 702 34 702
31 703 32 704
31 705 34 705
31 711 31 714
31 719 32 720
31 722 31 724
31 725 32 726
31 727 34 727
31 732 34 732
31 734 32 735
31 736 31 739
31 740 31 743
31 744 31 747
31 748 31 751
31 752 31 755
31 756 34 756
31 760 34 760
31 765 31 768
31 769 31 772
31 773 31 776
31 783 32 784
31 786 33 786
31 789 34 789
32 1 35 1
32 3 32 6
32 7 32 10
32 11 33 12
32 13 35 13
32 17 33 18
32 20 34 20
32 22 33 23
32 26 32 29
32 30 33 31
32 32 35 32
32 35 33 36
32 38 32 41
32 43 32 46
32 47 32 50
32 51 32 54
32 55 32 58
32 62 33 63
32 66 32 69
32 70 32 73
32 74 32 77
32 83 35 83
32 84 33 85
32 86 32 89
32 90 32 93
32 94 32 97
32 98 32 100
32 101 33 102
32 105 32 108
32 109 32 112
32 115 35 115
32 117 32 120
32 123 33 124
31 125 32 126
32 128 33 129
32 130 32 133
32 134 34 134
32 136 35 136
32 144 33 145
31 146 34 146
32 148 35 148
32 149 35 149
32 152 33 153
32 154 35 154
32 156 32 159
32 162 32 165
32 166 32 169
32 170 32 173
32 174 32 177
32 178 32 181
32 182 32 185
32 186 32 189
32 190 35 190
32 197 32 199
32 203 35 203
32 204 32 207
32 211 32 214
32 215 32 218
32 219 35 219
32 220 33 221
31 222 32 223
32 226 32 229
32 231 33 232
32 234 32 237
32 238 32 241
32 242 32 245
32 246 32 249
32 250 35 250
32 251 32 254
32 255 35 255
32 264 33 265
32 266 35 266
32 271 32 274
32 275 32 278
32 279 33 280
32 284 35 284
32 286 33 287
32 288 35 288
32 290 32 293
32 294 33 295
32 300 33 301
32 302 33 303
32 304 32 307
32 308 33 309
32 312 32 315
32 319 32 322
32 323 32 326
32 327 32 330
32 334 33 335
32 337 32 340
32 342 33 343
32 346 35 346
32 348 32 351
31 352 32 353
32 357 32 360
32 361 33 362
32 366 32 369
32 372 32 375
32 376 33 376
32 377 33 378
32 384 35 384
32 385 35 385
32 392 32 395
32 396 32 399
32 400 33 401
32 405 35 405
32 410 33 411
32 413 32 416
32 417 35 417
32 418 35 418
32 419 33 420
32 421 32 424
32 425 32 428
32 430 33 431
32 434 33 435
32 439 35 439
32 440 35 440
32 442 35 442
32 444 33 445
32 449 35 449
32 451 33 452
32 457 32 460
32 466 32 469
32 470 33 471
32 472 33 473
32 475 35 475
32 478 33 479
32 481 35 481
32 484 35 484
32 491 33 492
32 493 32 496
32 497 32 500
32 501 33 502
32 504 32 507
32 512 35 512
32 515 33 516
32 519 35 519
32 520 35 520
32 524 32 527
32 528 32 531
32 532 33 533
32 536 32 539
32 540 32 542
32 543 33 544
32 545 35 545
32 546 33 547
32 549 32 552
32 553 33 554
32 555 35 555
32 557 32 560
32 561 35 561
32 565 35 565
32 568 32 571
32 572 33 573
32 574 33 574
31 580 34 580
32 581 33 582
32 583 33 584
32 585 32 588
32 589 33 590
32 591 35 591
32 596 32 599
32 604 33 605
32 607 32 610
32 611 32 614
32 615 33 616
32 619 35 619
32 620 33 621
32 624 35 624
32 628 32 631
32 632 35 632
32 634 32 637
32 643 32 646
32 647 33 648
32 651 32 654
32 655 32 658
32 659 32 662
32 669 32 672
32 674 35 674
32 677 32 680
32 681 32 684
32 685 32 688
32 689 35 689
32 690 35 690
32 698 33 699
32 707 33 708
32 709 35 709
32 711 32 714
32 715 33 716
32 717 35 717
32 722 33 723
32 724 35 724
32 728 32 731
32 733 35 733
32 736 32 739
32 740 32 743
32 744 32 747
32 748 32 751
32 753 33 754
32 755 35 755
32 759 35 759
32 761 33 762
32 764 32 767
32 768 32 771
32 772 32 775
32 776 33 777
32 778 35 778
32 790 35 790
33 2 33 5
33 6 33 9
33 10 36 10
33 14 34 15
33 24 34 25
33 26 33 29
33 33 34 34
33 37 33 40
33 41 33 44
33 45 33 48
33 49 33 52
33 53 33 56
33 57 33 60
33 61 36 61
33 66 33 69
33 70 33 73
33 74 33 77
33 78 34 79
33 81 34 82
33 86 33 89
33 90 33 93
33 94 33 97
33 98 34 99
33 100 36 100
33 103 33 106
33 107 33 110
33 111 34 112
33 117 33 120
33 121 34 122
33 130 33 133
33 137 34 138
33 142 34 143
33 151 36 151
33 156 33 159
33 160 33 162
33 164 34 165
33 166 33 169
33 170 33 173
33 174 33 177
33 178 33 181
33 182 33 185
33 186 33 189
33 191 33 194
33 195 33 198
33 199 36 199
32 200 35 200
31 201 34 201
33 204 33 207
33 209 33 212
33 213 33 215
33 217 34 218
33 223 33 226
33 227 33 230
33 234 33 237
33 238 33 240
33 241 34 242
33 243 33 246
33 247 34 248
33 249 36 249
33 251 33 254
33 256 33 259
33 260 34 261
33 262 35 262
33 267 34 268
33 270 33 273
33 274 33 277
33 278 36 278
33 281 34 282
33 289 33 292
33 293 36 293
33 296 34 297
33 298 34 299
33 304 33 307
33 310 33 313
33 314 33 317
33 319 34 320
33 321 33 324
33 325 33 328
33 329 34 330
33 331 34 332
33 333 34 333
33 336 33 339
33 340 36 340
33 345 36 345
33 347 33 350
33 351 34 352
33 353 33 356
33 357 33 360
33 366 33 369
33 370 33 373
33 374 34 375
33 380 34 381
33 382 36 382
33 386 36 386
33 388 36 388
33 391 34 392
33 393 36 393
33 394 33 397
33 398 34 399
33 402 34 403
33 412 33 415
33 416 36 416
33 421 36 421
33 424 33 427
33 428 36 428
33 432 34 433
33 436 34 437
34 445 36 445
32 446 33 447
33 454 36 454
33 456 33 459
33 460 36 460
33 463 36 463
33 466 33 469
33 476 33 477
33 482 34 483
33 485 33 488
33 489 36 489
33 493 33 496
33 497 33 500
33 504 33 507
33 509 34 510
33 513 34 514
33 522 34 523
33 524 33 527
33 528 33 531
33 534 36 534
33 536 33 539
33 540 36 540
33 541 34 542
33 549 33 552
33 556 33 559
33 560 36 560
33 562 34 563
33 566 33 569
33 570 34 571
33 576 34 577
33 579 34 579
33 585 33 588
33 592 34 593
33 595 33 598
33 599 33 602
33 603 36 603
33 607 33 610
33 611 33 614
33 625 35 625
33 628 34 629
33 630 34 631
33 633 33 636
33 637 36 637
33 639 33 642
33 643 33 646
33 651 33 654
33 655 33 658
33 659 34 660
33 661 33 664
33 665 34 666
33 669 33 672
33 676 33 679
33 680 33 683
33 684 33 687
33 688 36 688
33 694 34 695
33 696 36 696
33 700 34 701
33 703 34 704
33 711 36 711
33 712 34 713
33 714 36 714
33 718 33 721
33 725 34 726
33 728 34 729
33 730 36 730
33 731 36 731
33 734 33 737
33 738 33 741
33 742 33 745
33 746 33 747
33 748 33 751
33 763 36 763
33 764 33 767
33 768 33 771
33 772 33 775
33 780 36 780
33 781 36 781
33 783 34 784
33 788 36 788
34 0 35 0
34 2 35 3
34 4 35 4
34 6 34 9
34 11 35 12
34 17 35 18
34 22 35 23
34 26 34 29
34 30 35 31
34 35 34 38
34 39 34 42
34 43 34 46
34 47 34 50
34 51 34 54
34 55 34 56
35 59 37 59
34 57 34 60
34 62 35 63
34 65 34 68
34 69 34 72
34 73 34 76
34 77 37 77
34 84 35 85
34 86 34 89
34 90 34 93
34 94 34 97
34 101 34 104
34 105 34 108
34 109 35 110
34 116 34 119
34 120 37 120
34 123 34 124
34 128 34 131
34 132 35 133
34 135 35 135
34 140 37 140
34 144 35 145
34 152 35 153
34 155 34 158
34 159 34 162
33 163 36 163
34 166 34 169
34 170 34 173
34 174 34 177
34 178 35 179
34 180 35 181
34 182 35 183
34 184 34 187
34 188 35 189
34 191 35 192
34 193 35 194
34 195 34 198
34 202 37 202
34 204 34 207
34 208 35 209
34 210 34 213
34 214 35 215
33 216 36 216
34 221 37 221
34 223 37 223
34 224 35 225
34 226 34 229
34 230 37 230
34 231 37 231
34 232 37 232
34 234 34 237
34 238 35 239
34 240 37 240
34 243 34 246
34 251 34 254
34 256 34 259
34 264 35 265
34 270 34 273
34 274 34 277
34 279 35 280
34 286 35 287
34 289 34 292
34 294 35 295
34 300 34 303
34 304 34 307
34 308 34 311
34 312 34 315
34 316 35 317
34 321 34 324
34 325 34 328
34 334 34 337
34 338 35 339
34 342 35 343
34 347 34 350
34 353 34 356
34 357 34 360
34 361 34 364
34 365 34 368
34 369 35 370
34 371 35 372
34 373 37 373
34 376 34 379
34 383 37 383
34 394 34 397
34 400 35 401
34 404 37 404
34 408 34 411
34 412 34 415
34 419 35 420
34 422 34 425
34 426 35 427
34 430 35 431
34 434 35 435
34 438 37 438
34 441 37 441
34 446 35 447
34 448 37 448
34 450 35 451
34 452 35 453
34 456 34 459
34 465 34 468
34 469 34 472
34 473 37 473
34 478 35 479
34 480 37 480
34 485 34 488
34 490 34 493
34 494 34 497
34 498 34 501
34 502 37 502
34 503 35 504
34 505 34 508
34 515 35 516
34 517 37 517
34 524 34 527
34 528 37 528
34 529 34 532
34 533 37 533
34 535 34 538
34 539 37 539
34 543 35 544
34 546 35 547
34 549 34 552
34 553 35 554
34 556 34 559
34 566 35 567
34 568 37 568
34 569 37 569
34 572 37 572
34 573 35 574
34 575 37 575
34 581 34 584
34 585 34 588
34 589 37 589
34 590 37 590
34 595 34 598
34 599 36 599
34 600 37 600
34 601 37 601
34 602 37 602
34 604 34 607
34 608 34 611
34 612 34 615
34 616 35 616
34 617 35 618
34 620 34 623
34 627 37 627
34 633 34 636
34 638 34 641
34 642 34 645
34 646 36 646
34 647 35 648
34 650 34 653
34 654 37 654
34 655 34 658
34 661 34 664
34 669 35 670
34 671 37 671
34 672 37 672
34 673 37 673
34 676 34 679
34 680 34 683
34 684 34 687
34 693 37 693
34 698 35 699
34 706 35 707
34 708 37 708
34 710 37 710
34 715 35 716
34 718 34 721
34 722 35 723
34 734 34 737
34 738 34 741
34 742 35 743
34 744 34 747
34 748 35 749
34 750 35 751
34 752 34 754
34 757 35 758
34 761 35 762
34 764 34 767
34 768 34 771
34 772 34 775
34 776 35 777
33 779 36 779
34 782 37 782
34 785 35 786
34 787 37 787
35 6 38 6
35 7 36 8
35 9 38 9
35 14 35 15
35 16 38 16
35 19 38 19
35 21 38 21
35 24 35 27
35 28 36 29
35 33 35 36
35 37 35 40
35 41 35 44
35 45 35 48
35 49 35 52
35 53 35 56
35 57 36 58
35 60 38 60
35 64 35 67
35 68 35 71
35 72 35 75
35 76 38 76
35 78 35 81
35 82 38 82
35 86 35 89
35 90 35 93
35 94 35 97
35 98 36 99
35 101 35 104
35 105 35 108
35 111 35 114
35 116 35 119
35 121 36 122
35 123 35 126
35 127 35 130
35 131 38 131
35 137 36 138
35 139 38 139
36 141 36 142
35 141 35 143
35 146 36 147
35 150 38 150
35 155 35 158
35 159 35 162
35 164 35 167
35 168 35 171
35 172 35 175
35 176 36 177
35 184 35 187
35 195 35 198
35 201 38 201
35 204 35 207
35 210 35 213
35 217 36 218
35 220 38 220
35 222 38 222
35 226 35 229
35 233 35 236
35 237 38 237
35 241 38 241
35 242 36 243
35 244 35 247
35 248 38 248
35 251 35 254
35 256 35 258
36 260 38 260
35 259 35 261
35 263 38 263
35 267 35 270
35 271 35 274
35 275 36 276
35 277 38 277
35 281 36 282
35 283 38 283
35 285 38 285
35 289 35 292
35 296 35 299
35 300 35 303
35 304 35 307
35 308 35 311
35 312 35 315
35 318 35 321
35 322 35 325
35 326 36 327
35 328 36 329
35 330 36 331
35 332 36 333
35 334 35 337
35 341 38 341
35 344 37 344
35 347 35 350
35 351 35 354
35 355 35 358
35 359 37 359
35 360 38 360
35 361 36 362
35 363 36 364
35 365 38 365
35 366 38 366
35 367 36 368
35 374 35 377
35 378 35 381
35 387 38 387
35 389 35 392
35 394 35 397
35 398 36 399
35 402 36 403
35 406 35 409
35 410 35 413
35 414 36 415
35 423 36 424
35 425 38 425
35 429 38 429
35 432 36 433
35 436 36 437
35 443 36 444
35 455 36 456
35 457 36 458
35 459 38 459
35 461 36 462
35 464 35 467
35 468 35 471
35 472 37 472
35 474 38 474
36 475 37 476
34 476 35 477
35 482 36 483
35 485 35 488
35 490 35 493
35 494 35 497
35 498 35 501
35 505 35 508
35 509 35 511
35 513 36 514
35 518 38 518
35 521 35 524
35 525 36 526
35 529 36 530
35 531 36 532
35 535 35 538
35 541 36 542
35 548 36 549
35 550 36 551
35 552 38 552
35 556 35 559
35 562 36 563
35 564 38 564
35 570 36 571
35 576 36 577
35 578 38 578
35 579 36 580
35 581 36 582
35 583 35 586
35 587 36 588
35 592 36 593
35 594 35 596
35 597 36 598
35 604 35 607
35 608 35 611
35 612 35 615
35 620 35 623
34 626 37 626
35 628 35 631
35 633 35 636
35 638 36 639
35 640 36 641
35 642 35 645
35 649 35 652
35 653 38 653
35 655 35 658
35 659 35 662
35 663 35 666
35 667 35 668
35 675 35 678
35 679 35 681
36 682 37 683
35 682 35 685
35 686 38 686
35 687 38 687
35 691 36 692
35 694 36 695
35 697 38 697
35 700 35 703
35 704 36 705
35 712 36 713
35 718 35 721
35 725 35 728
35 729 38 729
35 732 38 732
35 734 35 737
35 738 35 741
35 744 35 747
35 752 35 754
35 756 38 756
35 760 38 760
35 764 36 765
35 766 35 769
35 770 35 773
35 774 36 775
35 783 36 784
35 789 38 789
36 1 37 2
36 3 37 4
34 5 37 5
36 11 37 12
36 13 39 13
36 17 37 18
35 20 38 20
36 22 36 25
36 26 37 27
36 30 36 33
36 34 36 37
36 38 36 41
36 42 36 45
36 46 36 49
36 50 36 53
36 54 37 55
36 56 39 56
36 62 36 65
36 66 36 69
36 70 36 73
36 74 37 75
36 78 36 81
36 83 36 86
36 87 36 90
36 91 36 94
36 95 39 95
36 96 37 97
36 101 36 104
36 105 36 108
36 109 36 112
36 113 36 116
36 117 37 118
36 119 39 119
36 123 36 126
36 127 36 128
36 132 37 133
35 134 38 134
36 135 37 136
36 143 37 144
36 145 39 145
36 148 37 149
36 152 36 155
36 156 36 159
36 160 36 162
36 164 36 167
36 168 36 171
36 172 36 175
36 178 36 181
36 182 36 185
36 186 36 189
36 190 36 193
36 194 36 197
36 198 39 198
36 200 39 200
36 203 36 206
36 207 36 210
36 211 36 214
36 215 39 215
36 219 38 219
36 224 37 225
36 226 36 229
36 233 36 236
36 238 37 239
36 244 36 247
36 250 36 253
36 254 36 257
36 258 37 259
36 261 37 262
36 264 37 265
36 266 36 269
36 270 36 273
36 274 39 274
36 279 39 279
36 280 38 280
36 284 39 284
36 286 36 289
36 290 37 291
36 292 39 292
36 294 36 297
36 298 36 301
36 302 36 305
36 306 36 309
36 310 36 313
36 314 36 317
36 318 36 321
36 322 36 325
36 334 36 337
36 338 37 339
36 342 37 343
36 346 36 349
36 350 36 353
36 354 36 356
36 357 37 358
36 370 36 372
36 374 36 377
36 378 36 381
36 384 37 385
36 389 36 392
36 394 36 397
36 400 37 401
36 405 36 408
36 409 36 412
36 413 39 413
36 417 36 420
36 422 39 422
36 426 37 427
36 430 37 431
36 434 37 435
36 439 37 440
36 442 39 442
36 446 37 447
36 449 36 452
36 453 38 453
36 464 36 467
36 468 36 471
36 477 37 478
36 479 39 479
36 481 39 481
36 484 36 487
36 488 39 488
36 490 36 493
36 494 36 497
36 498 36 501
36 503 36 506
36 507 36 510
36 511 37 512
36 515 37 516
36 519 36 522
36 523 37 524
36 527 39 527
36 535 36 538
36 543 37 544
36 545 36 547
36 553 36 556
36 557 37 558
36 559 39 559
36 561 39 561
36 565 37 566
36 567 39 567
36 573 37 574
36 583 36 586
36 591 38 591
36 594 37 595
36 596 39 596
36 604 37 605
36 606 36 609
36 610 36 613
36 614 36 617
36 618 36 621
36 622 36 625
36 628 36 631
36 632 36 633
36 636 38 636
36 642 36 645
36 647 36 650
36 651 37 652
36 655 36 658
36 659 36 662
36 663 39 663
36 664 37 665
36 666 36 669
36 670 39 670
36 674 36 677
36 678 36 679
36 680 36 681
36 684 37 685
36 689 37 690
36 698 36 701
36 702 37 703
36 706 37 707
36 709 39 709
36 715 36 718
36 719 36 722
36 723 36 726
36 727 37 728
36 733 36 736
36 737 36 740
36 741 36 744
36 745 36 748
36 749 36 752
36 753 37 754
36 755 39 755
36 757 37 758
36 759 39 759
36 761 37 762
36 766 36 769
36 770 36 773
36 776 37 777
36 778 38 778
36 785 39 785
36 786 39 786
36 790 38 790
37 7 38 8
37 10 40 10
36 14 37 15
37 22 37 25
37 28 37 31
37 32 38 33
37 34 38 35
37 36 37 39
37 40 37 43
37 44 38 45
37 46 37 49
37 50 37 53
37 57 37 58
37 61 37 64
37 65 37 67
37 68 38 69
37 70 37 73
37 78 37 81
37 83 37 86
37 87 37 90
37 91 37 94
37 98 37 101
37 102 37 105
37 106 37 109
37 110 37 112
37 114 38 115
37 116 40 116
37 121 37 124
37 125 37 128
36 129 37 130
37 137 38 138
37 141 38 142
37 146 38 147
37 151 40 151
37 152 37 155
37 156 38 157
37 158 38 159
37 160 37 163
37 164 37 167
37 168 40 168
37 169 38 170
37 171 37 174
37 175 37 178
37 179 37 182
37 183 38 184
37 185 37 188
37 189 37 192
37 193 38 194
37 195 38 196
37 197 40 197
37 199 40 199
37 203 37 206
37 207 37 210
37 211 37 214
37 216 38 217
37 218 40 218
37 226 37 229
37 233 37 236
37 242 37 245
37 246 38 247
37 249 37 252
37 253 37 256
37 257 40 257
37 266 37 269
37 270 37 273
37 275 38 276
37 278 40 278
37 281 38 282
37 286 37 289
37 293 37 296
37 297 37 300
37 301 37 304
37 305 37 308
37 309 37 312
37 313 37 316
37 317 37 320
37 321 37 324
37 325 37 328
37 329 37 332
37 333 37 336
37 337 40 337
37 340 40 340
37 345 37 348
37 349 37 352
37 353 37 356
37 361 37 364
37 367 38 368
37 370 37 372
37 374 37 377
37 378 37 381
37 382 40 382
37 386 39 386
37 388 37 391
37 392 37 395
37 396 37 399
37 402 38 403
37 405 38 406
37 407 37 410
37 411 38 412
37 414 37 417
37 418 37 421
37 423 38 424
37 428 40 428
37 432 38 433
37 436 38 437
37 443 37 444
37 445 40 445
37 449 38 450
37 451 38 452
37 454 37 457
37 458 40 458
37 460 37 463
37 464 37 467
37 468 37 471
37 482 38 483
37 484 38 485
37 487 40 487
37 489 38 490
37 491 37 494
37 495 37 498
37 499 38 500
37 501 40 501
37 503 37 505
37 506 38 507
37 509 40 509
37 510 40 510
37 513 40 513
37 514 40 514
37 519 37 522
37 525 38 526
37 529 37 532
37 534 37 537
37 538 40 538
37 540 38 541
37 542 40 542
37 545 37 548
37 549 40 549
37 550 38 551
37 553 37 556
37 560 40 560
37 562 38 563
37 570 38 571
37 576 40 576
37 577 40 577
37 579 37 582
37 583 37 586
37 587 38 588
37 592 38 592
37 597 40 597
37 598 38 599
37 607 37 610
37 611 37 614
37 615 37 618
37 619 38 620
37 621 37 624
37 625 38 625
37 628 37 631
37 632 40 632
37 633 40 633
36 634 37 635
37 637 40 637
37 638 40 638
37 641 40 641
37 644 40 644
37 645 38 646
37 647 37 650
37 655 37 658
37 659 37 662
37 666 37 669
37 674 37 677
37 678 38 679
37 680 38 681
37 688 39 688
37 691 38 692
37 694 38 695
37 696 40 696
37 698 37 701
37 704 38 705
37 711 37 714
37 715 37 718
37 719 37 722
37 723 37 726
37 730 40 730
37 731 40 731
37 733 37 736
37 737 37 740
37 741 37 744
37 745 37 748
37 749 37 752
37 763 38 764
37 765 37 768
37 769 38 770
37 771 37 774
37 775 40 775
37 779 38 780
37 781 40 781
37 783 38 784
37 788 40 788
36 0 39 0
38 1 41 1
38 2 41 2
38 3 39 4
38 5 41 5
38 11 39 12
38 14 41 14
38 15 41 15
38 17 39 18
38 22 41 22
38 23 38 26
38 27 38 30
38 31 41 31
38 36 38 39
38 40 38 43
38 46 38 49
38 50 38 52
38 53 39 54
38 55 41 55
38 57 38 59
38 61 38 64
38 65 39 66
38 67 41 67
38 70 38 73
38 74 39 75
38 77 38 80
38 81 41 81
38 83 38 86
38 87 38 90
38 91 38 94
38 96 39 97
38 98 38 101
38 102 38 105
38 106 41 106
38 107 39 108
38 109 39 110
38 111 39 112
37 113 40 113
38 117 39 118
38 120 38 123
38 124 38 127
38 128 39 129
38 130 41 130
38 132 39 133
38 135 39 136
38 140 40 140
38 143 39 144
38 148 39 149
38 152 38 155
38 160 38 163
38 164 38 167
38 171 38 174
38 175 38 178
38 179 38 182
38 185 38 188
38 189 39 190
38 191 41 191
38 192 41 192
38 202 38 205
38 206 38 209
38 210 38 213
38 214 41 214
38 221 41 221
38 223 38 226
38 227 38 230
38 231 38 234
38 235 39 236
38 238 39 239
38 240 41 240
38 242 38 245
38 249 38 252
38 253 38 256
38 258 39 259
38 261 39 262
38 264 38 267
38 268 38 271
38 272 39 273
38 286 38 289
38 290 39 291
38 293 38 296
38 297 38 300
38 301 38 304
38 305 38 308
38 309 38 312
38 313 38 316
38 317 38 320
38 321 38 324
38 325 38 328
38 329 38 332
38 333 38 336
38 338 39 339
38 342 38 345
38 346 38 349
38 350 38 353
38 354 38 357
38 358 39 359
38 361 38 364
36 369 39 369
38 370 39 371
38 372 38 375
38 376 38 379
38 380 39 381
38 383 39 384
38 388 38 391
38 392 38 395
38 396 38 399
38 400 39 401
38 404 41 404
38 407 38 410
38 414 38 417
38 418 38 421
38 426 39 427
38 430 39 431
38 434 39 435
38 438 38 441
38 446 39 447
38 448 41 448
38 454 38 457
38 460 38 463
38 464 38 467
38 468 39 469
38 470 41 470
38 471 39 472
38 473 41 473
38 475 38 478
38 480 41 480
38 486 41 486
38 491 38 494
38 495 38 498
38 502 39 503
38 504 39 505
38 508 41 508
38 511 39 512
38 516 40 516
38 517 40 517
38 519 38 522
38 523 39 524
38 528 38 531
38 532 38 535
38 536 41 536
38 537 41 537
38 539 41 539
38 544 38 546
38 547 39 548
38 553 38 556
38 557 39 558
38 565 39 566
38 568 39 569
38 572 38 575
38 579 41 579
38 580 38 583
38 584 39 585
38 586 41 586
38 589 39 590
38 594 39 595
38 600 38 603
38 604 38 607
38 608 38 611
38 612 38 615
38 616 39 616
38 617 39 618
38 621 41 621
38 622 39 623
38 626 38 629
38 630 39 631
38 634 39 635
38 639 41 639
38 640 41 640
38 643 41 643
38 647 38 649
38 650 39 651
38 652 41 652
38 654 38 657
38 658 38 661
38 662 41 662
38 664 38 667
38 668 39 669
38 671 38 674
38 675 38 677
38 682 41 682
38 684 39 685
38 689 39 689
38 693 41 693
38 698 38 701
38 702 39 703
38 706 39 707
38 708 41 708
38 710 38 713
38 714 38 717
38 718 38 721
38 722 38 725
38 726 39 727
38 728 41 728
38 733 38 736
38 737 41 737
38 738 38 741
38 742 38 745
38 746 39 747
38 748 38 751
38 752 39 753
38 754 41 754
38 757 39 758
38 761 39 762
38 765 41 765
38 766 39 767
38 768 41 768
38 771 38 774
38 782 41 782
38 787 41 787
39 6 39 9
39 16 42 16
39 19 39 21
39 23 39 26
39 27 39 30
39 32 39 35
39 36 39 39
39 40 39 43
39 44 39 47
39 48 39 51
39 52 42 52
39 57 39 60
39 61 39 64
39 68 39 71
39 72 40 73
39 76 39 79
39 80 42 80
39 82 39 85
39 86 39 89
39 90 39 93
39 94 42 94
39 98 39 101
39 102 42 102
39 103 42 103
39 104 40 105
39 114 40 115
39 120 39 123
39 124 39 127
39 131 42 131
39 134 42 134
39 137 40 138
39 139 42 139
39 141 40 142
39 146 40 147
39 152 39 155
39 156 39 159
39 160 39 163
39 164 39 167
39 169 39 172
39 173 39 176
39 177 39 180
39 181 39 184
39 185 39 188
39 193 39 196
39 201 40 202
39 203 40 204
39 205 40 206
39 207 39 210
39 211 40 212
39 213 42 213
39 216 40 217
39 219 40 220
39 222 39 225
39 226 39 229
39 230 39 233
39 234 42 234
39 237 42 237
39 241 39 244
39 245 39 248
39 249 39 252
39 253 39 256
39 260 42 260
39 263 39 266
39 267 39 270
39 271 42 271
39 275 39 277
39 280 39 283
39 285 39 288
39 289 41 289
39 293 39 296
39 297 39 300
39 301 39 304
39 305 39 308
39 309 39 312
39 313 39 316
39 317 40 318
39 319 39 322
39 323 39 326
39 327 40 328
39 329 39 332
39 333 39 336
39 341 39 344
39 345 39 348
39 349 39 352
39 353 42 353
39 354 40 355
39 356 40 357
39 360 39 363
39 364 39 367
39 368 42 368
39 372 39 375
39 376 39 379
39 387 39 390
39 391 40 392
39 393 39 396
39 397 40 398
39 399 42 399
39 402 40 403
39 405 42 405
39 406 39 409
39 410 40 411
39 412 42 412
39 414 39 417
39 418 39 421
39 423 40 424
39 425 42 425
39 429 42 429
39 432 40 433
39 436 39 439
39 440 40 441
38 443 39 444
39 449 39 452
41 454 42 454
39 453 39 456
39 459 39 462
39 463 39 466
39 467 42 467
39 474 39 477
39 478 42 478
39 482 39 485
39 489 39 492
39 493 40 494
39 495 39 498
39 499 40 500
39 506 40 507
39 518 39 521
39 522 42 522
39 525 40 526
39 528 39 531
39 532 39 535
39 540 40 541
39 545 39 546
39 551 39 554
39 555 42 555
39 562 40 563
39 564 42 564
39 570 39 573
39 574 40 575
39 578 42 578
39 580 40 580
39 582 42 582
39 587 40 588
39 591 40 592
37 593 40 593
39 598 42 598
39 599 39 602
39 603 39 606
39 607 39 610
39 611 39 614
39 615 42 615
39 619 39 620
39 624 40 625
39 626 39 629
39 642 42 642
39 645 39 648
39 649 42 649
39 653 39 656
39 657 39 660
39 661 41 661
39 664 39 667
39 671 39 674
39 675 39 678
39 679 40 680
39 681 41 681
39 683 42 683
39 686 40 687
39 691 40 692
39 694 40 695
39 697 39 700
39 701 41 701
39 704 40 705
39 710 39 713
39 714 39 717
39 718 39 721
39 722 39 725
39 729 42 729
39 732 40 733
39 734 40 735
39 736 42 736
39 738 39 741
39 742 39 745
39 748 39 751
39 756 42 756
39 760 42 760
39 763 40 764
39 769 39 772
39 773 40 774
39 776 39 779
39 780 42 780
39 783 40 784
39 789 42 789
40 0 43 0
40 3 41 4
40 6 40 9
40 11 41 12
40 13 43 13
40 17 40 20
40 21 43 21
40 24 41 25
40 26 41 27
40 28 41 29
40 30 43 30
40 32 40 35
40 36 40 39
40 40 40 42
40 43 40 46
40 47 43 47
40 48 40 51
40 53 43 53
40 54 43 54
40 56 40 59
40 60 40 63
40 64 41 65
40 66 43 66
40 68 41 69
40 70 41 71
40 74 41 75
40 76 40 79
40 82 40 85
40 86 40 89
40 90 40 93
40 95 40 98
40 99 41 100
40 101 43 101
40 107 40 110
40 111 41 112
40 117 40 120
40 121 40 124
40 125 40 127
40 128 41 129
40 132 41 133
40 135 41 136
40 143 40 144
40 145 43 145
40 148 41 149
40 150 43 150
40 152 40 155
40 156 40 159
40 160 40 163
40 164 40 167
40 169 40 172
40 173 40 176
40 177 40 179
40 180 40 183
40 184 40 187
40 188 41 189
40 190 43 190
40 193 40 196
40 198 43 198
40 200 43 200
40 207 40 210
40 215 43 215
40 222 40 225
40 226 40 229
40 230 40 233
40 235 41 236
40 238 41 239
40 241 41 242
40 243 40 246
40 247 40 250
40 251 40 254
40 255 41 256
40 258 41 259
40 261 40 264
40 265 40 268
40 269 41 270
40 272 40 275
40 276 41 277
40 279 40 282
40 283 40 286
40 287 41 288
40 290 40 293
40 294 40 297
40 298 40 301
40 302 40 305
40 306 40 309
40 310 40 313
40 314 41 315
40 316 43 316
40 319 40 322
40 323 40 326
40 329 40 332
40 333 40 336
40 338 41 339
40 341 40 344
40 345 40 348
40 349 40 352
40 358 43 358
40 359 40 362
40 363 40 366
40 367 43 367
40 369 40 372
40 373 40 376
40 377 40 380
40 381 43 381
40 383 41 384
40 385 40 388
40 389 41 390
40 393 40 396
40 400 41 401
40 406 40 409
40 413 40 416
40 417 43 417
40 418 41 419
40 420 41 421
40 422 43 422
40 426 43 426
40 427 43 427
40 430 41 431
40 434 43 434
40 435 41 436
40 437 41 438
40 439 43 439
40 442 41 443
40 444 43 444
40 446 41 447
40 449 40 452
41 453 44 453
40 453 40 456
40 457 43 457
40 459 41 460
40 461 41 462
40 463 40 466
40 468 41 469
40 471 41 472
40 474 40 477
40 479 43 479
40 481 40 484
40 485 43 485
40 488 40 491
40 492 43 492
40 495 40 498
40 502 40 505
40 511 43 511
40 512 43 512
38 515 41 515
40 518 40 521
40 523 41 524
40 527 40 530
40 531 40 534
40 535 43 535
39 544 40 544
40 545 41 546
40 547 41 548
40 550 41 551
40 552 41 553
40 554 42 554
40 556 40 559
40 561 43 561
40 565 40 568
40 569 40 572
40 573 43 573
40 583 41 584
40 585 43 585
40 589 40 590
40 594 41 595
40 596 43 596
40 599 40 602
40 603 40 606
40 607 40 610
40 611 43 611
40 612 41 613
40 614 43 614
40 616 41 617
40 618 40 620
40 622 41 623
40 626 40 629
40 630 41 631
40 634 41 635
39 636 42 636
40 645 40 648
40 650 43 650
40 651 43 651
40 653 40 656
40 657 40 660
40 663 40 666
40 667 41 668
40 669 41 670
40 671 40 674
40 675 40 678
40 684 41 685
40 688 41 689
38 690 41 690
40 697 40 700
40 702 41 703
40 706 41 707
40 709 40 712
40 713 40 716
40 717 40 720
40 721 40 724
40 725 41 726
40 727 43 727
40 738 41 739
40 740 40 743
40 744 40 747
40 748 40 751
40 752 43 752
40 753 42 753
40 755 43 755
40 757 41 758
40 759 43 759
40 761 41 762
40 766 41 767
40 769 40 772
40 776 40 779
40 785 41 786
39 790 42 790
41 6 41 8
41 9 41 10
41 17 41 20
41 23 44 23
41 32 41 35
41 36 42 37
41 38 41 41
41 42 41 44
41 45 42 46
41 48 41 51
41 56 41 59
41 60 41 63
41 72 44 72
41 73 44 73
41 76 41 79
41 82 41 85
41 86 41 89
41 90 41 93
41 95 41 98
41 104 42 105
41 107 41 110
41 113 41 116
41 117 41 120
41 121 41 124
41 125 42 126
41 127 44 127
41 137 42 138
41 140 42 141
41 142 41 144
41 146 42 147
41 151 41 154
41 155 41 158
41 159 42 160
41 161 41 164
41 165 41 168
41 169 42 170
41 171 41 174
41 175 41 178
41 179 42 180
41 181 41 184
41 185 42 186
41 187 44 187
41 193 41 196
41 197 43 197
41 199 42 199
41 201 41 204
41 205 41 208
41 209 41 212
41 216 41 219
41 220 44 220
41 222 42 223
41 224 41 227
41 228 41 231
41 232 42 233
41 243 41 246
41 247 41 250
41 251 41 254
41 257 44 257
41 261 41 264
41 265 41 268
41 272 41 275
41 278 41 281
41 282 41 285
41 286 44 286
41 290 41 293
41 294 41 297
41 298 41 301
41 302 41 305
41 306 41 309
41 310 41 312
41 317 41 320
41 321 41 324
41 325 41 328
41 329 41 332
41 333 41 336
41 337 44 337
41 340 41 343
41 344 41 347
41 348 41 351
41 352 44 352
41 356 41 357
41 359 41 362
41 363 41 366
41 369 41 372
41 373 41 376
41 377 41 380
41 382 44 382
41 385 41 388
41 391 41 394
41 395 41 398
41 402 42 403
41 406 41 409
41 410 42 411
41 413 41 416
41 423 42 424
41 432 42 433
41 440 42 441
41 445 44 445
41 449 41 452
41 455 44 455
41 456 44 456
41 458 44 458
41 463 42 464
41 465 42 466
41 474 41 477
41 481 41 484
41 487 41 490
41 491 44 491
41 493 41 496
41 497 41 500
41 501 41 504
41 505 42 506
41 507 44 507
41 509 42 510
41 513 42 514
41 516 41 519
41 520 42 521
41 525 41 528
41 529 41 531
41 534 42 534
41 538 44 538
41 540 44 540
41 541 42 542
38 543 41 543
41 544 44 544
41 549 44 549
41 556 41 559
41 560 44 560
41 562 42 563
41 565 41 568
41 569 41 572
41 574 44 574
41 575 44 575
41 576 44 576
41 577 44 577
41 580 44 580
39 581 42 581
41 587 42 588
41 589 41 592
41 593 43 593
41 597 44 597
41 599 41 602
41 603 41 606
41 607 41 610
41 618 42 619
41 620 44 620
41 624 42 625
41 626 41 629
41 632 44 632
41 633 44 633
41 637 42 638
41 641 44 641
41 644 41 647
41 648 44 648
41 653 41 656
41 657 41 660
41 663 41 666
41 671 41 674
41 675 41 678
41 679 42 680
41 686 44 686
41 687 44 687
41 691 42 692
41 694 41 696
42 698 44 698
42 699 44 699
41 697 41 700
41 704 42 705
41 709 41 712
41 713 41 716
41 717 41 720
41 721 41 724
41 730 41 733
41 734 42 735
41 740 41 743
41 744 41 747
41 748 41 751
41 763 42 764
41 769 41 772
41 773 41 776
41 777 42 778
41 779 44 779
41 781 44 781
41 783 42 784
41 788 44 788
42 1 42 4
42 5 43 6
42 7 42 10
42 11 43 12
42 14 43 15
42 17 43 18
42 19 43 20
42 22 45 22
42 25 45 25
42 26 43 27
42 28 43 29
42 31 42 34
42 35 45 35
42 38 42 41
42 42 45 42
42 43 44 43
42 48 42 51
42 55 42 58
42 59 42 62
42 63 45 63
42 64 43 65
42 67 42 70
42 71 45 71
42 74 42 77
42 78 43 79
42 81 42 83
43 85 45 85
42 84 42 87
42 88 42 91
42 92 45 92
42 93 45 93
42 95 42 98
42 99 43 100
42 106 42 109
42 110 42 113
42 114 42 117
42 118 42 121
42 122 43 123
42 124 45 124
42 128 43 129
42 130 45 130
42 132 43 133
42 135 42 136
42 142 43 143
42 144 45 144
42 148 43 149
42 151 42 154
42 155 42 158
42 161 42 164
42 165 43 166
42 167 43 168
42 171 43 172
42 173 43 174
42 175 42 178
42 181 42 184
42 188 43 189
42 191 42 194
42 195 43 196
42 201 43 202
42 203 45 203
42 204 45 204
42 205 43 206
42 207 42 210
42 211 43 212
42 214 45 214
42 216 42 219
42 221 45 221
42 224 42 227
42 228 42 231
42 235 45 235
42 236 45 236
42 238 42 241
42 242 42 245
42 246 42 249
42 250 42 253
42 254 43 255
42 256 44 256
42 258 43 259
42 261 42 263
42 264 43 265
42 266 43 267
42 268 43 269
42 270 45 270
42 272 42 275
42 276 42 279
42 280 42 283
42 284 43 285
42 287 45 287
42 288 42 291
42 292 42 295
42 296 42 299
42 300 45 300
42 301 45 301
42 302 42 305
42 306 42 309
42 310 42 311
42 314 45 314
42 315 45 315
42 317 42 320
42 321 42 324
42 325 45 325
42 326 43 327
42 328 42 331
42 332 43 333
42 334 45 334
42 335 43 336
42 338 42 341
42 342 42 345
42 346 42 349
42 350 42 351
41 354 42 355
42 356 43 357
42 359 42 362
42 363 42 366
42 369 42 372
42 373 42 376
42 377 42 380
42 383 42 386
42 387 42 390
42 391 42 394
42 395 43 396
42 397 43 398
42 400 43 401
42 404 45 404
42 406 42 409
42 413 42 416
42 418 45 418
42 419 45 419
42 420 43 421
42 430 43 431
42 435 42 438
42 442 43 443
42 446 42 449
42 450 43 451
42 452 45 452
42 459 42 462
42 468 42 471
42 472 42 475
42 476 43 477
42 480 42 483
42 484 45 484
42 486 42 488
42 489 43 490
42 493 42 496
42 497 42 500
42 501 42 504
42 508 44 508
42 515 42 518
42 519 45 519
42 523 42 526
42 527 42 529
42 530 43 531
41 532 42 533
42 536 45 536
42 537 45 537
42 539 45 539
42 545 43 546
42 547 43 548
42 550 43 551
42 552 45 552
42 553 45 553
42 556 42 559
42 565 42 568
42 569 42 572
42 579 45 579
42 583 43 584
42 586 45 586
42 589 43 590
42 591 45 591
42 594 43 595
42 599 42 602
42 603 43 604
42 606 42 608
42 609 43 610
42 612 43 613
42 616 43 617
42 621 43 622
42 623 44 623
42 626 42 629
42 630 43 631
42 634 45 634
42 635 45 635
42 639 43 640
42 643 43 644
42 645 43 646
42 647 45 647
42 652 42 655
42 656 42 659
42 660 45 660
42 662 42 665
42 666 42 669
42 670 42 673
42 674 42 676
42 677 43 678
42 682 45 682
42 684 43 685
42 688 43 689
42 693 42 696
42 697 45 697
42 700 42 703
42 706 45 706
42 707 43 708
42 709 42 712
42 713 42 716
42 717 42 720
42 721 42 724
42 725 43 726
42 728 45 728
42 730 42 733
42 737 42 740
42 741 42 744
42 745 42 748
42 749 43 750
42 751 43 751
42 757 43 758
42 761 45 761
42 762 45 762
42 765 42 768
42 769 42 772
42 773 42 776
42 782 45 782
42 785 43 786
42 787 45 787
43 1 43 4
43 7 43 10
43 31 43 34
43 36 43 39
43 40 44 41
43 44 44 45
43 46 46 46
43 48 43 51
43 52 46 52
43 55 43 58
43 59 43 62
43 67 43 70
43 74 43 77
43 80 43 83
43 84 46 84
43 86 43 89
43 90 44 91
43 94 43 97
43 98 46 98
43 102 43 105
43 106 43 109
43 110 43 112
43 114 44 115
43 116 44 117
43 118 44 119
43 120 44 121
43 125 46 125
43 126 46 126
43 131 45 131
43 134 43 137
43 138 43 141
43 146 44 147
43 151 43 154
43 155 43 158
43 159 43 162
43 163 44 164
43 169 46 169
43 175 43 178
43 179 43 182
43 183 43 186
43 191 43 194
43 207 43 210
43 213 46 213
43 216 44 217
43 218 46 218
43 219 46 219
43 222 43 225
43 226 43 229
43 230 43 233
43 234 46 234
43 237 43 240
43 241 43 244
43 245 43 248
43 249 43 252
43 253 46 253
43 260 43 263
43 271 43 274
43 275 43 278
43 279 43 282
43 283 46 283
43 288 43 291
43 292 43 295
43 296 43 299
43 302 43 305
43 306 44 307
43 308 44 309
43 310 46 310
43 311 46 311
42 312 45 312
43 317 43 320
43 321 43 324
43 328 43 331
43 338 43 341
43 342 43 345
43 346 46 346
43 347 46 347
43 348 43 351
43 353 44 354
43 355 46 355
43 359 43 362
43 363 43 366
43 368 43 371
43 372 43 375
43 376 43 379
43 380 46 380
43 383 43 386
43 387 43 390
43 391 43 394
43 399 46 399
43 402 44 403
43 405 43 408
43 409 43 412
43 413 43 416
43 423 43 424
43 425 46 425
43 428 44 429
43 432 44 433
43 435 43 438
43 440 44 441
43 446 43 449
43 454 46 454
43 459 43 462
43 463 44 464
43 465 43 468
43 469 43 472
43 473 44 474
43 475 46 475
43 478 46 478
43 480 43 483
43 486 43 488
43 493 43 496
43 497 46 497
43 498 43 501
43 502 43 505
43 506 46 506
43 509 44 510
43 513 43 516
43 517 44 518
43 520 43 523
43 524 43 527
43 528 44 529
43 532 44 533
43 534 46 534
43 541 44 542
43 554 43 557
43 558 46 558
43 559 46 559
43 562 43 565
43 566 43 569
43 570 44 571
43 572 46 572
43 578 46 578
43 581 44 582
43 587 44 588
43 598 43 601
43 602 45 602
42 605 45 605
43 606 44 607
43 608 46 608
43 615 46 615
43 618 44 619
43 624 43 627
43 628 44 629
43 636 46 636
43 637 44 638
43 642 46 642
43 649 46 649
43 652 44 653
43 654 43 657
43 658 44 659
42 661 45 661
43 662 44 663
43 664 43 667
43 669 44 670
43 671 44 672
43 673 46 673
43 674 44 675
43 676 46 676
43 679 44 680
42 681 45 681
43 683 46 683
43 690 43 693
43 694 44 695
43 696 46 696
43 700 44 701
43 703 46 703
43 704 46 704
43 705 46 705
43 709 43 712
43 713 43 716
43 717 43 720
43 721 43 724
43 729 43 732
43 733 43 736
43 737 43 740
43 741 43 744
43 745 43 748
43 753 44 754
43 756 46 756
43 760 46 760
43 763 43 766
43 767 43 770
43 771 43 774
43 775 43 778
43 780 46 780
43 783 46 783
43 784 46 784
43 789 46 789
43 790 46 790
44 0 45 1
44 2 45 3
44 4 47 4
44 6 44 9
44 10 44 13
44 14 44 17
44 18 44 21
44 24 47 24
44 26 44 29
44 30 45 31
44 32 45 33
44 34 47 34
44 36 44 39
44 47 44 50
44 53 44 56
44 59 45 60
44 61 45 62
44 64 45 65
44 66 44 69
44 70 45 70
44 74 44 77
44 78 44 81
44 82 45 83
44 86 44 89
44 94 44 97
44 99 44 102
44 103 45 104
44 105 44 107
45 109 45 110
44 108 44 111
44 112 47 112
43 113 46 113
44 122 45 123
44 128 45 129
44 132 44 135
44 136 44 139
44 140 45 141
44 142 45 143
44 148 47 148
44 149 44 152
44 153 45 154
44 155 44 158
44 159 44 162
44 165 44 168
44 171 47 171
44 172 44 175
44 176 44 179
44 180 44 183
44 184 44 186
44 188 44 191
44 192 44 195
44 196 45 197
44 198 47 198
44 200 45 201
44 202 47 202
44 205 44 208
44 209 44 212
44 215 47 215
44 222 44 225
44 226 44 229
44 230 44 233
44 237 47 237
44 238 44 241
44 242 44 245
44 246 44 249
44 250 45 251
44 252 47 252
44 254 47 254
44 258 44 261
44 262 44 265
44 266 44 269
44 271 44 274
44 275 44 278
44 279 44 282
44 284 45 285
44 288 44 291
44 292 44 295
44 296 44 299
44 302 44 305
41 313 44 313
44 316 44 319
44 320 44 323
44 324 47 324
44 326 44 329
44 330 44 333
44 335 45 336
44 338 45 339
44 340 44 343
44 344 45 345
44 348 44 351
44 356 44 359
44 360 44 363
44 364 44 367
44 368 44 371
44 372 45 373
44 374 44 377
44 378 45 379
44 381 46 381
44 383 44 386
44 387 44 390
44 391 44 394
44 395 44 398
44 400 45 401
44 405 44 408
44 409 45 410
44 411 44 414
44 415 47 415
44 416 45 417
44 420 47 420
44 421 44 423
44 426 45 427
44 430 45 431
44 434 47 434
44 435 45 436
44 438 47 438
44 439 46 439
44 443 45 444
44 446 44 449
44 450 45 451
44 457 47 457
44 459 44 462
44 465 44 468
44 469 44 472
44 476 45 477
44 479 44 482
44 483 47 483
44 485 44 488
44 489 45 490
44 492 44 495
44 496 47 496
44 498 44 501
44 502 44 505
44 511 44 514
44 515 45 516
44 520 45 521
44 522 44 525
44 526 45 527
44 531 47 531
44 535 47 535
44 545 44 548
44 550 45 551
44 554 44 557
44 561 44 564
44 565 44 568
44 569 47 569
44 573 47 573
44 583 47 583
44 584 45 585
44 589 45 590
44 592 44 595
44 596 47 596
44 598 44 601
44 603 45 604
44 609 44 612
44 613 45 614
44 616 45 617
44 621 45 622
44 624 44 627
44 630 45 631
44 639 45 640
44 643 44 646
44 650 45 651
44 654 44 657
44 664 44 666
44 667 45 668
44 677 45 678
44 684 45 685
44 688 44 691
44 692 45 693
44 707 44 710
44 711 44 714
44 717 44 718
44 719 44 722
44 723 44 725
44 727 47 727
44 729 44 732
44 733 44 736
44 737 44 740
44 741 44 744
44 745 44 748
44 749 45 750
44 751 45 752
44 755 47 755
44 757 47 757
44 758 45 759
44 763 45 764
44 765 45 766
44 767 44 770
44 771 44 774
44 775 44 778
44 785 45 786
45 6 48 6
45 7 48 7
45 8 46 9
45 10 46 11
45 12 45 15
45 16 45 19
45 20 48 20
45 21 48 21
45 23 48 23
45 26 45 29
45 36 45 39
45 40 46 41
46 43 46 45
45 43 45 45
45 47 45 50
45 51 48 51
45 53 45 56
46 57 48 57
44 57 45 58
46 59 47 60
45 66 45 69
45 72 45 75
45 76 45 79
45 80 46 81
45 86 45 89
45 90 46 91
45 94 45 97
45 99 45 102
45 105 45 108
45 111 48 111
45 114 45 117
45 118 45 121
45 127 48 127
45 132 45 135
45 136 45 139
45 145 48 145
45 146 46 147
45 149 45 152
45 155 45 158
45 159 45 162
45 163 45 166
45 167 46 168
45 170 48 170
45 172 48 172
45 173 46 174
45 175 45 178
45 179 48 179
45 180 45 183
45 184 45 187
45 188 45 191
45 192 45 195
43 199 46 199
45 205 45 208
45 209 45 212
45 216 46 217
45 220 48 220
45 222 45 225
45 226 46 227
45 228 45 231
45 232 46 233
45 238 45 241
45 242 45 245
45 246 45 249
45 255 45 258
45 259 45 262
45 263 45 266
45 267 46 268
45 269 48 269
45 271 46 271
45 273 45 276
45 277 45 279
45 281 48 281
45 282 48 282
45 286 48 286
45 288 45 291
45 292 45 295
45 296 45 299
45 302 45 305
45 306 45 309
45 316 45 319
45 320 45 323
45 326 45 329
45 330 45 333
45 337 48 337
45 340 45 343
45 348 48 348
45 349 45 352
45 353 46 354
45 356 45 359
45 360 45 363
45 364 45 367
45 368 45 371
45 374 45 377
45 382 45 385
45 386 46 387
45 388 45 391
45 392 45 395
45 396 46 397
45 398 47 398
45 402 46 403
45 405 45 408
45 411 45 414
45 422 46 423
44 424 47 424
45 428 46 429
45 432 46 433
45 440 46 440
45 441 46 442
45 445 46 446
45 447 48 447
45 448 48 448
45 449 48 449
45 453 48 453
45 455 46 456
45 458 45 461
45 462 45 465
45 467 46 468
45 469 48 469
45 470 45 473
45 474 46 474
45 479 45 482
45 485 45 488
45 491 45 493
45 495 48 495
45 498 45 501
45 502 45 505
45 507 48 507
45 510 45 512
45 513 46 514
45 517 46 518
45 522 45 525
45 528 46 529
45 530 48 530
45 532 46 533
45 538 48 538
45 540 45 543
45 544 45 547
45 548 46 549
45 554 45 557
45 560 45 563
45 564 45 567
45 568 48 568
45 570 48 570
45 571 48 571
45 574 45 577
45 580 46 581
45 582 48 582
45 587 46 588
45 592 45 595
45 597 45 600
45 601 48 601
45 606 46 607
45 609 46 610
45 611 46 612
45 618 46 619
45 620 48 620
45 624 47 624
45 625 46 626
45 627 46 628
45 629 47 629
45 632 46 633
45 637 46 638
45 641 48 641
45 643 46 644
45 645 46 646
45 648 48 648
45 652 45 655
45 656 45 659
45 662 45 665
45 666 48 666
45 669 45 672
45 674 46 675
45 679 46 680
45 686 45 689
45 690 46 691
45 694 48 694
45 695 48 695
45 698 45 700
45 701 46 702
45 707 45 710
45 711 45 714
44 715 45 716
45 717 45 720
45 721 45 724
45 725 48 725
44 726 47 726
45 729 45 732
45 733 45 736
45 737 45 740
45 741 45 744
45 745 48 745
45 746 46 747
45 748 48 748
45 753 45 754
45 767 45 770
45 771 45 774
45 775 45 778
45 779 48 779
45 781 48 781
45 788 48 788
46 0 47 1
46 2 47 3
46 5 49 5
46 12 46 15
46 16 46 19
46 22 49 22
46 25 46 28
46 29 46 32
46 33 49 33
46 35 46 38
46 39 49 39
46 42 49 42
46 47 46 50
46 53 47 54
46 55 47 56
46 58 49 58
46 61 46 64
46 65 46 68
46 69 47 70
46 71 46 74
46 75 46 78
46 79 49 79
46 82 47 83
46 85 46 88
46 89 49 89
46 92 46 95
46 96 47 97
46 99 47 100
46 101 46 104
46 105 46 108
46 109 47 110
46 114 46 117
46 118 47 119
46 120 49 120
46 121 46 124
46 128 47 129
46 132 46 133
46 134 46 137
46 138 47 139
46 140 46 143
46 144 49 144
46 149 46 152
46 153 49 153
46 154 49 154
46 155 49 155
46 156 47 157
46 158 46 161
46 162 47 163
46 164 47 165
46 166 49 166
46 177 49 177
46 178 49 178
46 180 46 183
46 184 46 187
46 188 46 191
46 192 46 195
46 196 47 197
46 200 47 201
46 203 46 206
46 207 46 210
46 211 47 212
46 214 49 214
46 221 47 222
46 223 49 223
46 224 47 225
46 228 46 231
46 235 47 236
46 238 46 241
46 242 46 245
46 246 47 247
46 248 47 249
46 250 47 251
46 255 46 258
46 259 46 262
46 263 46 266
46 270 49 270
46 273 47 274
46 275 46 277
46 278 47 279
45 280 48 280
46 284 47 285
46 287 46 290
46 291 46 294
46 295 46 298
46 299 46 302
46 303 46 306
46 307 47 308
46 309 49 309
46 312 46 315
46 316 46 319
46 320 46 323
46 325 46 328
46 329 46 332
46 333 46 336
46 338 49 338
46 339 46 342
46 343 47 344
46 345 49 345
46 349 46 352
46 356 46 359
46 360 46 363
46 364 46 367
46 368 46 371
46 372 46 375
46 376 47 377
46 382 46 385
46 388 46 391
46 392 46 395
46 400 46 401
46 404 46 407
46 408 46 411
46 412 47 413
46 414 49 414
46 416 46 419
46 426 47 427
46 430 47 431
46 435 46 437
46 443 49 443
46 444 49 444
47 450 47 452
46 450 46 452
46 458 46 461
46 462 47 463
46 464 47 465
46 466 49 466
46 470 46 473
46 476 47 477
46 479 46 482
46 484 46 487
46 488 46 491
46 492 47 493
45 494 48 494
46 498 46 501
46 502 46 505
45 508 46 509
46 510 49 510
46 511 47 512
46 515 47 516
46 519 46 522
46 523 46 526
46 527 49 527
46 536 47 537
46 539 46 542
46 543 46 546
46 547 49 547
46 550 46 553
46 554 46 557
46 560 46 563
46 564 46 567
46 574 46 577
46 579 49 579
46 584 47 585
46 586 49 586
46 589 48 589
46 590 48 590
46 591 46 594
46 595 49 595
46 597 49 597
46 598 47 599
46 600 49 600
46 602 46 605
46 613 47 614
46 617 47 617
46 621 47 622
45 623 47 623
46 631 49 631
46 634 46 635
46 639 47 640
46 647 49 647
46 650 46 653
46 654 46 657
46 658 47 659
46 660 46 663
46 664 47 665
46 668 46 671
46 672 49 672
46 677 47 678
46 681 47 682
46 684 46 687
46 688 47 689
46 692 47 693
46 697 46 700
46 706 46 709
46 710 46 712
46 713 46 716
46 717 46 720
46 721 46 724
46 728 46 731
46 732 46 735
46 736 49 736
46 737 47 738
46 739 46 742
46 743 47 744
46 749 47 750
46 751 46 754
46 758 47 759
46 761 46 764
46 765 46 768
46 769 46 772
46 773 46 776
46 777 47 778
46 782 49 782
46 785 47 786
46 787 49 787
47 8 47 11
47 12 47 15
47 16 47 19
47 25 47 28
47 29 47 32
47 35 48 36
47 37 48 38
47 40 48 41
47 43 47 46
47 47 48 48
47 49 48 50
47 52 50 52
47 61 47 63
47 64 47 67
47 68 50 68
47 71 47 74
47 75 47 78
47 81 50 81
47 84 47 87
47 88 50 88
47 90 48 91
47 92 47 95
47 98 50 98
47 101 47 104
47 105 47 107
47 113 48 114
47 115 48 116
47 117 50 117
47 121 47 124
47 125 48 126
46 130 47 131
47 132 48 133
47 134 47 137
47 140 47 143
47 146 48 147
47 149 47 152
47 158 47 161
47 167 50 167
47 168 48 169
47 173 48 174
47 176 50 176
47 180 47 183
47 184 47 187
47 188 47 191
47 192 47 195
47 199 49 199
47 203 47 206
47 207 48 208
47 209 48 210
47 213 50 213
47 216 47 219
47 226 47 229
47 230 47 233
47 234 50 234
47 238 48 239
47 240 47 243
47 244 48 245
47 253 49 253
47 255 47 258
47 259 47 262
47 263 47 266
47 267 48 268
47 271 50 271
45 272 48 272
47 275 48 276
47 277 49 277
47 283 50 283
47 287 48 288
47 289 47 292
47 293 47 296
47 297 48 298
47 299 47 302
47 303 47 306
47 310 50 310
47 311 47 314
47 315 47 318
47 319 47 322
47 323 50 323
47 325 47 328
47 329 47 332
47 333 48 334
47 335 48 336
47 339 47 342
47 346 48 347
47 349 47 352
47 353 47 356
47 357 48 358
47 359 47 362
47 363 47 366
47 367 47 370
47 371 47 374
47 375 50 375
47 380 47 383
47 384 48 385
47 386 47 389
47 390 47 393
47 394 47 397
47 399 47 401
47 402 48 403
47 404 47 407
47 408 47 411
47 416 47 419
47 421 48 422
47 423 50 423
47 425 50 425
47 428 48 429
47 432 47 433
47 435 47 437
47 440 48 441
47 442 50 442
47 445 48 446
47 454 48 455
47 456 50 456
47 458 47 461
47 467 48 468
47 470 47 473
47 474 48 475
47 478 47 481
47 482 49 482
47 484 47 487
47 489 48 489
47 490 48 491
47 497 47 500
47 501 47 504
47 505 48 506
47 508 48 509
47 513 48 514
47 517 50 517
47 518 50 518
47 519 50 519
47 520 47 523
47 524 48 525
47 526 50 526
47 528 48 529
47 532 48 533
47 534 50 534
47 539 47 542
47 543 47 546
47 548 47 551
47 552 47 555
47 556 47 559
47 560 47 563
47 564 47 567
47 572 50 572
47 574 47 577
47 578 50 578
47 580 48 581
47 587 50 587
47 591 47 594
47 602 47 605
47 606 47 609
47 610 48 611
47 612 50 612
47 615 50 615
47 618 48 619
47 625 47 628
47 632 50 632
47 633 47 635
47 637 48 638
47 642 47 645
47 646 50 646
47 649 47 652
47 653 47 656
47 657 50 657
47 660 47 663
47 667 47 670
47 671 50 671
47 673 47 676
47 679 49 679
47 680 50 680
47 683 47 686
47 687 50 687
47 690 48 691
47 696 47 699
47 700 47 703
47 704 48 705
47 706 47 709
47 710 47 713
47 714 47 717
47 718 47 721
47 722 48 723
47 724 48 724
47 728 48 729
47 730 47 732
47 734 48 735
47 739 47 742
47 746 48 747
47 751 47 754
47 756 50 756
47 760 47 763
47 764 47 767
47 768 47 771
47 772 47 775
47 776 48 776
47 780 50 780
47 783 48 784
47 789 48 790
48 0 48 3
48 4 51 4
48 8 48 11
48 12 49 13
48 14 48 17
48 18 49 19
48 24 48 27
48 28 48 31
48 32 51 32
48 34 51 34
48 43 49 44
48 45 51 45
48 46 51 46
48 53 48 56
48 61 48 64
48 65 49 66
48 67 51 67
48 69 48 72
48 73 48 76
48 77 49 78
48 80 51 80
48 82 48 85
48 86 48 87
48 92 48 95
48 96 51 96
48 97 51 97
48 99 49 100
48 101 48 104
48 105 48 107
48 109 50 109
48 110 51 110
48 112 51 112
48 118 49 119
48 121 48 124
48 128 48 131
48 134 48 137
48 138 48 141
48 142 49 143
48 148 48 151
48 152 51 152
48 156 49 157
48 158 48 161
48 162 48 165
48 171 51 171
48 180 48 183
48 184 48 187
48 188 48 191
48 192 49 193
48 194 48 197
48 200 48 203
48 204 49 205
48 206 51 206
48 211 49 212
48 215 48 218
48 219 51 219
48 221 49 222
48 224 48 227
48 228 49 229
48 230 48 233
48 235 49 236
48 237 51 237
48 240 48 243
48 246 48 249
48 250 49 251
48 252 51 252
48 254 48 257
48 258 48 261
48 262 48 265
48 266 50 266
48 273 49 274
48 278 49 279
48 284 49 285
48 289 51 289
48 290 48 293
48 294 49 295
48 296 51 296
48 299 48 302
48 303 48 306
48 307 49 308
48 311 49 312
48 313 51 313
48 314 51 314
48 315 48 318
48 319 48 322
48 324 49 325
48 326 48 329
48 330 49 331
48 332 51 332
48 339 48 342
48 343 49 344
48 349 48 352
48 353 48 356
48 359 48 362
48 363 48 366
48 367 49 368
48 369 48 372
48 373 49 374
48 376 49 377
48 379 51 379
48 380 48 383
48 386 48 389
48 390 49 391
48 392 49 393
48 394 48 397
48 398 49 399
48 400 51 400
48 404 48 407
48 408 49 409
48 410 48 413
48 415 48 418
48 419 49 420
48 424 51 424
48 426 49 427
48 430 48 433
48 434 49 435
48 436 51 436
48 437 49 438
47 439 50 439
48 450 49 451
48 452 51 452
48 457 48 460
48 461 48 464
48 470 48 473
48 476 48 479
48 480 49 481
48 483 48 486
48 487 51 487
48 492 49 493
48 496 48 499
48 500 48 503
48 504 51 504
48 511 49 512
48 515 49 516
48 520 48 523
48 531 51 531
48 535 49 536
48 537 51 537
48 539 48 542
48 543 48 546
48 548 48 551
48 552 49 553
48 554 48 557
48 558 48 561
48 562 49 563
48 564 48 567
48 569 51 569
48 573 48 576
48 577 51 577
48 583 49 584
48 585 50 585
48 592 49 593
48 594 51 594
48 596 51 596
48 598 49 599
48 602 48 605
48 606 48 609
48 613 49 614
46 616 49 616
48 617 51 617
48 621 51 621
48 622 48 625
48 626 49 627
48 628 51 628
48 629 49 630
48 633 48 635
48 639 51 639
48 640 51 640
48 642 48 644
48 649 48 652
48 653 48 656
48 658 48 661
48 662 48 665
48 667 51 667
48 668 51 668
48 669 49 670
48 673 48 674
48 675 48 678
48 681 48 683
49 685 51 685
48 684 48 686
48 688 51 688
48 689 51 689
48 692 49 693
48 696 48 699
48 700 48 703
48 706 48 709
48 710 48 713
48 714 48 717
48 718 49 719
48 720 49 721
48 726 49 727
48 730 48 732
48 737 48 740
48 741 48 744
48 749 48 752
48 753 49 754
48 755 51 755
48 757 49 758
48 759 48 762
48 763 51 763
48 764 48 767
48 768 48 771
48 772 48 775
48 778 51 778
48 785 49 786
49 0 50 1
49 2 50 3
49 6 49 9
49 10 50 11
49 14 49 17
49 20 50 21
49 23 49 26
49 27 49 30
49 31 52 31
49 35 49 38
49 40 50 41
49 47 49 48
49 49 49 51
49 53 49 54
49 56 50 57
49 59 50 60
49 61 52 61
49 63 50 64
49 69 50 70
49 71 49 74
49 75 50 76
49 82 49 85
49 90 49 93
49 94 50 95
49 101 49 104
49 105 50 106
49 107 52 107
47 108 50 108
49 111 52 111
49 113 49 116
49 121 49 124
49 125 49 128
49 129 49 132
49 133 49 136
49 137 49 140
49 141 52 141
49 145 49 148
49 149 50 150
49 151 52 151
49 158 49 161
49 162 49 165
49 168 50 169
49 170 52 170
49 172 49 175
49 179 49 181
49 182 49 185
49 186 49 189
49 190 50 191
49 194 49 197
49 200 49 203
49 207 49 210
49 215 49 218
49 220 52 220
49 224 49 227
49 230 49 233
49 238 52 238
49 239 49 242
49 243 49 246
49 247 50 248
49 249 52 249
49 254 49 257
49 258 49 261
49 262 49 265
49 267 50 268
49 269 50 269
49 272 52 272
49 275 50 276
49 280 50 281
49 282 52 282
49 286 49 287
49 288 52 288
49 290 50 291
49 292 50 293
49 297 49 300
49 301 49 304
49 305 50 306
49 315 50 316
49 317 50 318
49 319 49 322
49 326 49 329
49 333 50 334
49 335 50 336
49 339 49 342
49 346 49 349
49 350 49 353
49 354 49 357
49 358 49 361
49 362 49 365
49 366 52 366
49 369 49 372
49 380 49 383
49 384 49 387
49 388 50 389
49 394 49 397
49 402 49 405
49 406 50 407
49 410 49 413
49 415 49 418
49 421 52 421
49 422 52 422
49 428 49 431
49 432 50 433
49 440 50 441
49 445 49 448
49 449 52 449
49 453 50 454
49 455 52 455
49 457 49 460
49 461 49 464
49 465 52 465
49 467 49 470
49 471 49 474
49 475 49 478
49 479 52 479
49 483 50 484
49 485 52 485
49 486 52 486
47 488 50 488
49 489 50 490
49 491 52 491
49 494 50 495
49 496 49 499
49 500 49 503
49 505 50 506
49 507 50 508
49 513 50 514
49 520 49 523
49 524 50 525
49 528 50 529
49 530 52 530
49 532 50 533
49 539 50 540
49 541 49 544
49 545 50 546
49 548 49 551
49 554 49 557
49 558 49 561
49 564 49 567
49 568 52 568
49 570 52 570
49 571 52 571
49 573 49 576
49 580 50 580
49 581 50 582
49 588 50 589
49 590 50 591
49 601 49 604
49 605 49 608
49 609 50 610
49 618 50 619
49 620 52 620
49 622 49 625
49 633 49 635
49 638 52 638
49 641 49 644
48 645 51 645
49 648 50 649
49 650 49 653
49 654 50 655
49 656 52 656
49 658 49 661
49 662 49 665
49 666 51 666
49 673 49 676
49 681 49 684
49 686 52 686
49 690 50 691
49 694 49 697
49 698 49 701
49 702 50 703
49 704 49 707
49 708 49 711
49 712 49 715
49 716 50 717
49 722 50 723
49 724 49 725
49 728 49 731
49 732 52 732
47 733 50 733
49 734 50 735
49 737 49 740
49 741 49 744
49 745 52 745
49 746 50 747
49 748 49 751
49 752 52 752
49 759 49 762
49 764 49 767
49 768 50 769
49 770 51 770
49 771 49 774
49 775 52 775
49 776 50 777
49 779 52 779
49 781 52 781
49 783 49 784
49 788 50 789
49 790 52 790
50 5 51 5
50 6 51 7
50 8 53 8
50 9 53 9
50 12 50 15
50 16 50 19
50 22 51 23
50 24 51 25
50 26 51 27
50 28 51 29
50 30 53 30
50 33 53 33
50 35 51 36
50 37 51 37
50 38 51 39
50 42 51 43
50 44 53 44
50 47 50 50
50 51 53 51
50 53 51 54
49 55 52 55
50 58 53 58
50 62 53 62
50 65 53 65
50 66 53 66
50 71 53 71
50 72 51 73
50 74 53 74
50 82 50 85
49 86 50 87
50 89 50 92
50 93 53 93
50 99 50 102
50 103 51 104
50 113 50 116
50 118 50 121
50 122 50 124
50 126 50 129
50 130 53 130
50 131 53 131
50 132 50 135
50 136 50 139
50 142 50 145
50 146 53 146
50 147 51 148
50 153 50 156
50 157 50 160
50 161 50 164
50 165 51 166
50 172 50 175
50 177 50 180
50 181 50 184
50 185 50 188
50 189 53 189
50 192 50 195
50 196 51 197
50 200 50 201
50 202 50 205
50 207 50 210
50 211 50 212
50 214 50 216
50 217 51 218
50 221 50 224
50 225 53 225
50 226 50 229
50 230 50 233
50 235 51 236
50 239 50 242
50 243 50 246
50 251 53 251
50 253 51 254
50 255 50 258
50 259 50 262
50 263 51 264
50 265 53 265
50 270 53 270
50 273 51 274
50 278 51 279
50 284 51 285
50 294 51 295
50 297 50 300
50 301 50 304
50 307 51 308
50 309 53 309
50 311 51 312
50 319 50 322
50 324 50 327
50 328 50 331
50 337 50 340
50 341 50 344
50 345 50 348
50 349 50 352
50 353 50 356
50 357 50 360
50 361 50 364
50 365 53 365
50 367 50 370
50 371 50 374
50 376 51 377
50 378 53 378
50 380 50 383
50 384 50 387
50 390 50 393
50 394 50 397
50 398 51 399
50 401 50 404
50 405 53 405
50 408 50 411
50 412 50 414
50 416 50 419
50 420 53 420
50 426 50 428
51 430 53 430
50 429 50 431
50 434 51 435
50 437 51 438
50 443 50 446
50 447 51 448
50 450 53 450
50 451 53 451
50 457 50 460
50 461 50 464
50 466 50 469
50 470 50 473
50 474 50 477
50 478 53 478
50 480 53 480
50 481 51 482
50 492 51 493
50 496 50 499
50 500 50 503
50 509 50 512
50 515 51 516
50 520 50 523
50 527 51 527
50 535 51 536
50 541 50 544
50 547 50 550
50 551 50 554
50 555 51 556
50 557 50 560
50 561 50 564
50 565 51 566
50 567 53 567
50 573 50 576
50 579 53 579
50 583 51 584
50 586 53 586
50 592 51 593
50 595 53 595
50 597 50 600
50 601 50 604
50 605 51 606
50 607 51 608
50 611 53 611
50 613 51 614
50 616 53 616
50 622 50 625
50 626 51 627
50 629 51 630
50 631 53 631
50 634 53 634
50 635 53 635
47 636 50 636
50 641 50 644
50 647 53 647
50 650 50 653
50 658 50 661
50 662 50 665
50 669 51 670
50 672 50 675
50 676 51 677
50 678 51 679
50 681 50 684
50 692 51 693
50 694 50 697
50 698 50 701
50 704 50 707
50 708 50 711
50 712 50 715
50 718 50 721
50 726 51 727
50 728 53 728
50 729 51 730
50 731 53 731
50 736 50 739
50 740 50 742
50 743 51 744
50 748 50 751
50 753 51 754
50 757 50 760
50 761 51 762
50 764 50 767
50 771 51 772
50 774 53 774
50 782 50 785
50 786 51 787
51 1 51 3
51 10 51 13
51 14 51 17
51 18 51 21
51 40 52 41
51 47 52 48
51 49 52 50
51 52 54 52
51 56 52 57
51 59 52 60
51 68 52 69
51 70 54 70
51 75 51 78
51 79 54 79
51 81 51 84
51 86 51 89
51 90 52 91
51 92 54 92
51 94 52 95
51 98 51 101
51 102 54 102
51 105 52 106
51 108 52 109
51 113 51 116
51 117 51 120
51 121 51 124
50 125 53 125
51 126 52 127
51 128 52 129
51 132 51 135
51 136 51 139
51 140 54 140
51 142 51 145
51 149 52 150
51 153 51 156
51 157 51 160
51 161 51 164
51 167 52 168
51 169 54 169
51 172 51 175
51 176 52 177
51 178 51 181
51 182 51 185
51 186 52 187
51 188 54 188
51 190 51 193
51 194 52 195
50 198 51 199
51 200 51 203
51 204 54 204
51 205 54 205
51 207 52 208
51 209 51 212
51 213 51 216
51 221 51 224
51 226 51 229
51 230 51 233
51 234 54 234
51 239 51 242
51 243 51 246
51 247 52 248
51 250 54 250
51 255 51 258
51 259 51 262
51 266 52 267
51 268 52 269
51 271 52 271
51 275 52 276
50 277 53 277
51 280 52 281
51 283 54 283
50 286 51 287
51 290 52 291
51 292 54 292
51 293 54 293
51 297 51 300
51 301 54 301
51 302 54 302
51 303 51 306
51 310 54 310
51 315 51 318
51 319 51 322
51 323 51 326
51 327 52 328
51 329 52 330
51 331 54 331
51 333 51 336
51 337 51 340
51 341 51 344
51 345 51 348
51 349 51 352
51 353 51 356
51 357 51 360
51 361 51 364
51 367 51 370
51 371 51 374
51 375 54 375
51 380 51 383
51 384 51 387
51 388 51 391
51 392 51 395
51 396 52 397
51 401 51 404
51 406 51 409
51 410 51 413
51 414 54 414
50 415 53 415
51 416 51 419
51 423 54 423
51 425 51 427
51 428 52 429
51 431 52 432
51 433 54 433
51 439 51 442
51 443 51 446
51 453 52 454
51 456 51 459
51 460 52 461
51 462 52 463
51 464 54 464
51 466 51 469
51 470 51 473
51 474 51 477
51 483 52 484
52 488 52 489
51 488 51 490
51 494 54 494
51 495 54 495
51 496 51 499
51 500 51 503
51 505 51 508
51 509 51 512
51 513 52 514
51 517 51 520
51 521 51 524
51 525 52 526
51 529 54 529
51 532 52 532
51 533 52 534
51 538 51 541
51 542 51 545
51 546 51 549
51 550 51 553
51 554 54 554
51 557 51 560
51 561 51 564
51 572 51 575
51 576 54 576
51 578 54 578
51 580 52 581
51 582 54 582
51 587 51 590
51 591 54 591
51 597 51 600
51 601 51 604
51 609 52 610
51 612 54 612
51 615 54 615
51 618 52 619
51 622 51 625
51 632 52 633
51 641 51 642
51 646 54 646
51 648 51 651
51 652 51 655
51 657 51 660
51 661 51 663
51 664 52 665
51 671 51 674
51 680 51 683
51 684 54 684
51 687 54 687
51 690 52 691
51 694 51 697
51 698 52 699
51 700 52 701
51 702 52 703
51 704 51 707
51 708 51 711
51 712 52 713
51 714 51 717
51 718 51 721
51 722 52 723
52 724 54 724
50 724 51 725
51 733 54 733
51 734 51 737
51 738 51 741
51 742 54 742
51 746 51 749
51 750 52 751
51 756 51 759
51 760 54 760
51 764 51 767
51 768 54 768
51 776 52 777
51 780 54 780
51 782 51 785
51 788 52 789
51 0 54 0
52 1 53 2
52 3 55 3
52 4 55 4
52 5 55 5
52 6 55 6
52 7 55 7
52 10 53 11
52 12 52 15
52 16 52 19
52 20 52 23
52 24 52 27
52 28 53 29
52 32 55 32
52 34 52 37
52 38 53 39
52 42 53 43
52 45 53 46
52 53 53 54
52 63 55 63
52 67 55 67
52 72 53 73
52 75 52 78
52 80 52 83
52 84 53 85
52 86 52 89
52 96 52 99
52 100 53 101
52 103 53 104
52 110 55 110
52 112 52 115
52 116 52 119
52 120 52 123
52 124 55 124
52 132 52 135
52 136 52 139
52 142 52 145
52 147 53 148
52 152 53 153
52 154 52 157
52 158 52 161
52 162 52 165
52 166 55 166
52 171 52 174
52 175 55 175
52 178 52 181
52 182 52 185
52 190 53 191
52 192 53 193
52 196 52 199
52 200 52 203
52 206 55 206
52 209 52 212
52 213 53 214
52 215 52 218
52 219 55 219
52 221 52 224
52 226 52 229
52 230 52 233
52 235 53 236
52 237 55 237
52 239 52 242
52 243 52 246
52 252 52 255
52 256 52 259
52 260 52 263
52 264 55 264
52 273 53 274
52 278 53 279
52 284 52 287
52 289 55 289
52 294 52 297
52 298 53 299
52 300 55 300
52 303 52 306
52 307 53 308
52 311 52 314
52 315 52 318
52 319 52 322
52 323 52 326
52 332 52 335
52 336 52 339
52 340 52 343
52 344 52 347
52 348 52 351
52 352 52 355
52 356 52 359
52 360 53 361
52 362 53 363
52 364 55 364
52 367 52 370
52 371 52 374
52 376 53 377
52 379 52 382
52 383 52 386
52 387 52 390
52 391 52 394
52 395 55 395
52 398 52 400
52 402 53 403
52 404 55 404
52 406 52 409
52 410 52 413
52 416 52 419
52 424 52 427
52 434 52 437
52 438 52 441
52 442 52 445
52 446 53 447
52 448 55 448
52 452 55 452
52 456 55 456
52 457 55 457
52 458 53 459
52 466 52 469
52 470 52 473
52 474 52 477
52 481 55 481
52 482 55 482
52 487 55 487
52 490 55 490
52 492 53 493
52 496 52 499
52 500 53 501
52 502 53 503
52 504 52 507
52 508 52 511
52 512 55 512
52 515 53 516
52 517 53 518
52 519 53 520
52 521 55 521
52 522 55 522
52 523 53 524
52 527 53 528
52 531 55 531
52 535 54 535
52 536 53 537
52 538 52 541
52 542 52 545
52 546 52 549
52 550 52 553
52 555 52 558
52 559 52 562
52 563 52 566
52 569 55 569
52 572 52 575
52 577 54 577
52 583 53 584
51 585 54 585
52 587 52 590
52 592 53 593
52 596 53 597
52 598 52 601
52 602 52 605
52 606 53 607
52 608 55 608
52 613 53 614
52 617 53 617
52 621 52 624
52 625 52 628
52 629 53 630
52 637 55 637
52 639 55 639
52 640 55 640
52 641 53 642
51 643 52 644
52 645 55 645
52 648 52 651
52 652 53 653
52 654 53 655
52 657 52 660
52 661 53 662
52 663 55 663
52 666 53 667
52 668 55 668
52 669 53 670
52 671 53 672
52 673 55 673
52 674 55 674
52 675 53 676
52 677 52 680
52 681 53 682
52 683 55 683
52 685 55 685
52 688 53 689
52 692 55 692
52 693 55 693
52 694 55 694
52 695 55 695
52 696 53 697
52 704 52 707
52 708 52 711
52 714 53 715
52 716 52 718
52 719 53 720
52 725 53 726
52 727 55 727
52 729 53 730
52 734 52 737
52 738 52 741
52 743 53 744
52 746 52 749
52 753 52 755
52 756 52 759
52 761 55 761
52 762 53 763
52 764 52 767
52 769 52 770
52 773 55 773
52 778 55 778
52 782 52 785
52 786 53 787
53 12 53 15
53 16 53 19
53 20 53 23
53 24 53 27
53 31 56 31
53 34 56 34
53 35 56 35
53 36 56 36
53 37 56 37
53 40 54 41
53 47 53 50
53 55 54 56
53 57 56 57
53 59 54 60
53 61 56 61
53 68 54 69
53 75 53 78
53 80 53 83
53 86 53 89
53 90 54 91
53 94 53 97
53 98 54 99
53 105 54 106
53 107 56 107
53 108 54 109
53 111 54 112
53 113 53 116
53 117 54 118
53 119 54 120
53 121 56 121
53 122 54 123
53 126 53 129
53 132 53 135
53 136 53 139
53 141 54 142
53 143 54 144
53 145 56 145
53 149 54 150
53 151 56 151
53 154 53 157
53 158 53 161
53 162 53 165
53 167 54 168
53 170 53 173
53 174 56 174
53 176 53 179
53 180 53 183
53 184 54 185
53 186 54 187
53 194 53 197
53 198 56 198
53 199 54 200
53 201 54 202
53 203 56 203
53 207 53 210
53 211 54 212
53 215 53 218
53 220 53 223
53 224 56 224
53 226 53 229
53 230 53 233
53 239 53 242
53 243 53 246
53 247 54 248
53 249 56 249
53 252 53 255
53 256 53 257
54 260 56 260
53 258 53 261
53 262 56 262
53 263 56 263
53 266 53 269
53 271 54 272
53 275 54 276
53 280 54 281
53 282 55 282
53 284 53 287
53 288 56 288
53 290 54 291
53 294 53 297
53 303 53 306
53 311 53 314
53 315 54 316
53 317 53 320
53 321 53 324
53 325 53 328
53 329 54 330
53 332 53 335
53 336 53 339
53 340 53 343
53 344 53 347
53 348 53 351
53 352 53 355
53 356 53 359
53 366 53 369
53 370 53 373
53 374 56 374
53 379 54 380
53 381 53 384
53 385 53 388
53 389 53 392
53 393 54 394
53 396 53 399
53 400 56 400
52 401 55 401
53 406 53 409
53 410 53 413
53 416 53 419
53 421 54 422
53 424 53 427
53 428 54 429
53 431 54 432
53 434 53 437
53 438 53 441
53 442 53 445
53 449 56 449
53 453 54 454
53 455 56 455
53 460 54 461
53 462 54 463
53 465 53 468
53 469 53 472
53 473 53 476
53 477 56 477
53 479 56 479
53 483 53 486
53 488 54 489
53 491 56 491
53 496 53 499
53 504 53 507
53 508 53 511
53 513 54 514
53 525 54 526
53 530 56 530
53 532 55 532
53 533 54 534
53 538 53 541
53 542 53 545
53 546 53 549
53 550 53 553
53 555 53 558
53 559 53 562
53 563 53 566
53 568 56 568
53 570 54 571
53 572 53 575
53 580 54 581
53 587 54 588
53 589 54 590
53 594 56 594
53 598 53 601
53 602 53 605
53 609 54 610
53 618 56 618
53 619 54 620
53 621 53 624
53 625 54 626
53 627 54 628
53 633 56 633
53 636 56 636
53 638 56 638
53 643 56 643
53 644 56 644
53 648 53 651
53 656 53 659
53 660 56 660
53 677 53 680
53 686 56 686
53 690 54 691
53 698 53 701
53 702 53 705
53 706 53 709
53 710 53 713
53 716 54 717
53 718 56 718
53 721 56 721
53 722 54 723
53 732 56 732
53 734 53 737
53 738 53 741
53 745 53 748
53 749 53 752
53 753 53 756
53 757 54 758
53 759 56 759
53 764 53 767
53 769 54 770
52 771 53 772
53 775 54 776
53 777 56 777
53 779 56 779
53 781 53 784
53 785 56 785
53 788 53 789
53 790 56 790
54 1 54 2
54 8 57 8
54 9 55 10
54 11 54 14
54 15 54 18
54 19 54 22
54 23 54 26
54 27 54 30
54 33 57 33
54 38 55 39
54 42 54 45
54 46 54 49
54 50 55 51
54 53 55 54
54 58 57 58
54 62 57 62
54 64 57 64
54 65 55 66
54 71 54 74
54 75 54 78
54 80 57 80
54 81 57 81
54 82 55 83
54 84 54 87
54 88 55 89
54 93 55 94
54 95 55 96
54 97 57 97
54 100 54 101
54 103 55 104
54 113 54 116
54 125 54 128
54 129 54 132
54 133 54 136
54 137 56 137
54 138 55 139
54 146 55 147
54 148 56 148
54 152 54 155
54 156 54 159
54 160 54 163
54 164 55 165
54 170 54 173
54 176 54 179
54 180 54 183
54 189 54 192
54 193 54 196
54 197 57 197
54 207 54 210
54 213 54 216
54 217 55 218
54 220 54 223
54 225 57 225
54 226 54 229
54 230 55 231
54 232 55 233
54 235 57 235
54 236 56 236
54 238 54 241
54 242 54 245
54 246 57 246
54 251 54 254
54 255 55 256
54 257 57 257
54 258 55 259
54 265 54 268
54 270 57 270
54 273 55 274
54 277 55 278
54 279 57 279
54 284 54 287
54 294 54 297
54 298 55 299
54 303 54 306
54 307 54 308
54 309 56 309
54 311 54 314
54 317 54 320
54 321 54 324
54 325 54 328
54 332 54 335
54 336 57 336
54 337 54 340
54 341 54 344
54 345 54 348
54 349 54 352
54 353 54 356
54 358 54 361
54 362 55 363
54 365 54 368
54 369 54 372
54 376 55 377
54 378 57 378
54 381 54 384
54 385 54 388
54 389 54 392
54 396 54 399
54 402 55 403
54 405 54 408
54 409 54 412
54 413 57 413
54 415 54 418
54 419 55 420
54 424 54 427
54 430 57 430
54 434 54 437
54 438 54 441
54 442 54 445
54 446 55 447
54 450 55 451
54 458 55 459
54 465 54 468
54 469 54 472
54 473 54 476
54 478 57 478
54 480 57 480
54 483 54 486
54 492 55 493
54 496 54 499
54 500 54 503
54 504 54 507
54 508 54 511
54 515 54 518
54 519 55 520
54 523 55 524
54 527 55 528
54 536 54 539
54 540 54 543
54 544 54 547
54 548 54 551
54 552 55 553
54 555 54 558
54 559 54 562
54 563 54 566
54 567 57 567
54 572 54 575
54 579 57 579
54 583 57 583
54 584 57 584
54 586 57 586
54 592 54 593
54 595 54 598
54 599 54 602
54 603 54 606
54 607 57 607
54 611 56 611
54 613 55 614
54 616 55 617
54 621 54 624
54 629 54 632
54 634 55 635
54 641 55 642
54 647 54 650
54 651 54 654
54 655 54 658
54 659 57 659
54 661 55 662
54 664 57 664
54 665 55 666
54 669 55 670
54 671 55 672
54 675 55 676
54 677 55 678
54 679 54 682
54 688 55 689
54 696 54 699
54 700 54 703
54 704 54 707
54 708 54 711
54 712 54 715
54 719 55 720
54 725 55 726
54 728 54 731
54 734 54 737
54 738 54 741
54 743 55 744
54 745 55 746
54 747 57 747
54 749 55 750
54 751 57 751
54 752 55 753
54 754 57 754
54 755 57 755
54 756 57 756
54 762 55 763
54 764 54 766
54 771 55 772
54 774 56 774
54 781 54 784
54 786 54 789
55 0 55 2
55 11 55 14
55 15 55 18
55 19 55 22
55 23 55 26
55 27 55 30
55 40 55 43
55 44 55 47
55 48 56 49
55 52 58 52
55 55 56 56
55 59 56 60
55 68 55 71
55 72 55 75
55 76 55 79
55 84 56 85
55 86 56 87
55 90 56 91
55 92 58 92
55 98 58 98
55 99 55 102
55 105 56 106
55 108 56 109
55 111 55 114
55 115 55 118
55 119 56 120
55 122 56 123
55 125 55 128
55 129 55 132
55 133 55 136
55 140 55 143
55 144 56 144
55 149 56 150
55 152 55 155
55 156 55 159
55 160 55 163
55 167 55 170
55 171 56 172
55 173 58 173
55 176 55 179
55 180 55 183
55 184 55 187
55 188 55 191
55 192 55 195
55 196 58 196
55 199 56 200
55 201 56 202
55 204 56 205
55 207 55 210
55 211 55 214
55 215 55 216
55 220 55 223
55 226 55 229
55 234 57 234
55 238 55 241
55 242 55 245
55 247 56 248
55 250 58 250
55 251 58 251
55 252 56 253
55 254 58 254
55 261 58 261
55 265 56 266
55 267 56 267
55 268 56 269
55 271 56 272
55 275 56 276
55 283 55 286
55 287 58 287
55 290 55 293
55 294 55 297
55 301 55 303
55 304 56 305
55 306 58 306
55 310 55 313
55 314 55 317
55 318 58 318
55 319 55 322
55 323 56 324
55 325 55 328
55 329 55 332
55 333 56 334
55 335 58 335
55 337 55 340
55 341 55 344
55 345 55 348
55 349 55 352
55 353 55 356
55 357 55 360
55 361 58 361
55 365 55 368
55 369 55 372
55 373 58 373
55 375 58 375
55 379 55 382
55 383 55 386
55 387 55 390
55 391 55 394
55 396 55 399
55 405 55 408
55 409 55 412
55 414 55 417
55 418 58 418
55 421 55 424
55 425 55 428
55 429 58 429
55 431 55 434
55 435 55 438
55 439 55 442
55 443 56 444
55 445 58 445
55 453 56 454
55 460 55 463
55 464 55 467
55 468 55 471
55 472 55 475
55 476 58 476
55 484 55 486
55 488 56 489
55 494 55 497
55 498 56 499
55 500 56 501
55 502 55 505
55 506 55 509
55 510 56 511
55 513 55 516
55 517 56 518
55 525 56 526
55 529 58 529
55 533 55 536
55 537 55 539
55 541 56 542
55 543 55 546
55 547 55 550
55 551 58 551
55 554 55 557
55 558 55 561
55 562 55 565
55 566 58 566
55 570 55 573
55 574 56 575
55 576 55 578
55 580 56 581
55 582 58 582
55 585 58 585
55 587 55 590
55 591 55 593
55 595 56 596
55 597 55 600
55 601 55 604
55 605 56 606
55 609 56 610
55 612 58 612
55 615 57 615
55 619 55 622
55 623 55 624
55 627 55 630
55 631 56 632
55 646 55 649
55 650 55 653
55 654 56 655
55 656 56 657
55 658 58 658
55 667 58 667
55 679 55 682
55 684 58 684
55 687 57 687
55 690 56 691
55 696 55 699
55 700 55 703
55 704 56 705
55 706 56 707
55 708 56 709
55 710 55 713
55 714 55 717
55 722 56 723
55 724 58 724
55 728 55 731
55 733 55 736
55 737 56 738
55 740 58 740
55 741 56 742
55 748 58 748
55 757 56 758
55 760 56 760
55 764 55 766
55 768 56 769
55 770 58 770
55 775 56 776
55 780 55 783
55 784 58 784
55 786 55 789
56 0 56 3
56 4 59 4
56 5 59 5
56 6 57 7
56 9 57 10
56 11 56 14
56 15 56 18
56 19 56 22
56 23 56 26
56 27 56 30
56 32 59 32
56 38 56 41
56 42 56 45
56 46 57 47
56 50 57 51
56 53 57 54
56 63 59 63
56 65 57 66
56 67 56 70
56 71 56 74
56 75 56 78
56 79 58 79
56 82 57 83
56 88 57 89
56 93 56 96
56 99 56 102
56 103 57 104
56 110 56 113
56 114 56 117
56 118 59 118
56 124 56 127
56 128 56 131
56 132 56 135
56 136 58 136
56 138 56 140
56 142 59 142
56 143 59 143
56 146 57 147
56 152 57 153
56 154 56 157
56 158 56 161
56 162 56 165
56 166 57 167
56 168 57 169
56 170 59 170
56 175 56 176
57 179 59 179
56 177 56 180
56 181 56 184
56 185 56 188
56 189 56 192
56 193 57 194
56 195 59 195
56 206 57 207
56 208 59 208
56 209 56 212
56 213 56 216
56 217 56 220
56 221 59 221
56 222 57 223
56 226 56 228
56 230 56 233
56 237 56 240
56 241 56 244
56 245 57 245
56 255 57 256
56 258 59 258
56 259 59 259
56 264 59 264
56 273 57 274
56 277 57 278
56 280 56 283
56 284 57 285
56 286 59 286
56 289 56 292
56 293 56 296
56 297 56 300
56 301 57 302
56 303 59 303
57 307 59 307
55 307 56 308
56 310 56 313
56 315 57 316
56 317 59 317
56 319 56 322
56 325 57 326
56 327 56 330
56 331 57 332
56 337 57 338
56 339 56 342
56 343 56 346
56 347 56 350
56 351 57 352
56 353 56 356
56 357 56 360
56 362 56 365
56 366 56 369
56 370 57 371
56 372 59 372
56 376 57 377
56 379 57 380
56 381 56 384
56 385 57 386
56 387 57 388
56 389 56 392
56 393 56 396
56 397 59 397
56 398 59 398
56 399 59 399
56 401 56 404
56 405 56 408
56 409 56 412
56 414 57 415
56 416 57 417
56 419 56 422
56 423 56 426
56 427 59 427
56 428 59 428
56 431 56 434
56 435 56 438
56 439 56 442
56 446 57 447
56 448 59 448
56 451 59 451
56 452 59 452
56 456 56 459
56 460 56 463
56 464 56 467
56 468 56 471
56 472 57 473
56 474 57 475
56 481 57 482
55 483 58 483
56 484 56 487
56 490 59 490
56 492 56 494
56 496 57 497
56 502 59 502
56 503 59 503
56 504 56 507
56 508 57 509
56 512 56 515
56 516 59 516
56 519 56 522
56 523 57 524
56 527 57 528
56 531 56 534
56 535 56 537
56 538 57 539
55 540 58 540
56 543 56 546
56 547 56 550
56 552 56 555
56 556 56 559
56 560 56 563
56 564 57 565
56 569 57 570
56 571 57 572
56 573 59 573
56 576 59 576
56 577 57 578
56 587 56 590
56 591 57 592
56 593 59 593
56 597 57 598
56 599 56 602
56 603 57 604
56 608 59 608
56 613 57 614
56 616 57 617
56 619 57 620
56 621 56 624
55 625 56 626
56 627 56 630
56 634 57 635
56 637 59 637
56 639 56 642
56 645 56 648
56 649 56 652
56 653 59 653
56 661 59 661
56 662 57 663
56 665 59 665
56 668 56 671
56 672 56 675
56 676 56 679
56 680 56 683
56 685 59 685
56 688 57 689
56 692 56 695
56 696 56 699
56 700 59 700
56 701 59 701
56 702 57 703
56 712 56 713
56 714 57 715
56 716 57 717
56 719 57 720
56 725 56 728
56 729 57 730
56 731 59 731
56 733 56 736
56 743 56 746
56 749 57 750
56 752 59 752
56 753 59 753
56 761 56 764
56 765 57 766
54 767 57 767
56 771 57 772
56 773 59 773
56 778 59 778
56 780 56 783
56 786 56 789
57 0 57 3
57 11 57 14
57 15 57 18
57 19 57 22
57 23 57 26
57 27 57 30
57 31 60 31
57 34 57 37
57 38 57 41
57 42 57 45
57 48 58 49
57 55 58 56
57 57 60 57
57 59 58 60
57 61 60 61
57 67 57 70
57 71 57 74
57 75 57 78
57 84 57 87
57 90 58 91
57 93 58 94
57 95 58 96
57 99 57 102
57 105 57 108
57 109 57 112
57 113 57 116
57 117 60 117
57 119 57 122
57 123 57 126
57 127 57 130
57 131 57 134
57 135 60 135
57 138 60 138
57 139 60 139
57 140 60 140
56 141 59 141
57 144 58 145
57 148 58 149
57 150 58 151
57 154 58 155
57 156 57 159
57 160 57 163
57 164 58 165
57 171 58 172
57 174 57 177
57 178 59 178
57 180 58 181
57 182 57 185
57 186 57 189
57 190 58 191
57 192 60 192
57 198 58 199
57 200 57 203
57 204 58 205
57 209 58 210
57 211 58 212
57 213 57 216
57 217 57 220
57 224 60 224
57 226 57 228
57 230 58 231
57 232 58 233
57 236 57 239
57 240 57 243
57 244 60 244
57 247 58 248
57 249 60 249
57 252 58 253
57 260 60 260
57 262 58 263
57 265 57 268
57 269 60 269
57 271 58 272
57 275 58 276
57 281 60 281
57 282 60 282
57 283 60 283
57 288 57 291
57 292 57 295
57 296 57 298
57 299 58 300
57 304 58 305
57 308 57 311
57 312 58 313
57 314 60 314
57 319 57 322
57 323 58 324
57 327 57 330
57 333 58 334
57 339 57 342
57 343 57 346
57 347 58 348
57 349 58 350
57 353 57 356
57 357 57 360
57 362 57 365
57 366 57 369
57 374 58 374
57 381 57 384
57 389 57 392
57 393 57 396
57 400 57 403
57 404 57 407
57 408 57 411
57 412 60 412
57 419 57 422
57 423 57 426
57 431 57 434
57 435 57 438
57 439 57 442
57 443 58 444
57 449 60 449
57 453 57 456
57 457 57 460
57 461 57 464
57 465 57 468
57 469 58 470
57 471 60 471
57 477 60 477
57 479 60 479
57 484 58 485
57 486 60 486
57 488 58 489
57 491 57 494
56 495 59 495
57 498 57 501
57 504 57 507
57 510 57 513
57 514 60 514
57 515 60 515
57 517 57 520
57 521 58 522
57 525 58 526
57 530 58 531
57 532 57 535
57 536 57 537
57 541 58 542
57 543 60 543
57 544 60 544
57 545 57 548
57 549 60 549
57 550 60 550
57 552 57 555
57 556 57 559
57 560 57 563
57 568 60 568
57 574 58 575
57 580 58 581
57 587 57 590
57 594 58 595
57 596 60 596
57 599 58 600
57 601 58 602
57 605 58 606
57 609 60 609
57 610 58 611
57 618 59 618
57 621 58 622
57 623 58 624
57 625 57 628
57 629 57 632
57 633 59 633
57 636 60 636
57 639 57 641
57 642 58 643
57 644 57 647
57 648 57 651
57 652 60 652
57 654 57 657
57 660 60 660
57 666 60 666
57 668 57 671
57 672 57 675
57 676 57 679
57 680 60 680
57 681 60 681
57 682 58 683
57 690 57 693
57 694 57 697
57 698 58 699
57 704 58 705
57 706 57 709
58 710 60 710
56 710 57 711
57 712 58 713
57 718 60 718
57 721 57 722
57 723 60 723
57 725 57 728
57 732 59 732
57 733 58 734
57 735 57 738
57 741 57 744
57 745 58 746
57 757 58 758
57 759 58 760
57 761 57 764
57 768 58 769
57 775 58 776
57 777 60 777
57 779 57 782
57 783 60 783
57 785 57 788
57 789 58 789
58 0 58 3
58 6 58 9
58 10 58 13
58 14 58 17
58 18 58 21
58 22 58 25
58 26 58 29
58 30 61 30
58 33 58 36
58 37 58 40
58 41 58 44
58 45 58 47
58 50 59 51
58 53 59 54
58 58 60 58
58 62 61 62
58 64 58 67
58 68 58 71
58 72 58 75
58 76 59 76
58 77 59 78
58 80 58 83
58 84 58 87
58 88 59 89
58 97 61 97
58 99 58 102
58 103 58 106
58 107 58 110
58 111 58 114
58 115 59 116
58 119 58 122
58 123 58 126
58 127 58 130
58 131 58 134
57 137 60 137
58 146 59 147
58 152 59 153
58 156 58 158
58 159 58 162
58 163 61 163
58 166 58 169
58 174 58 177
58 182 59 183
58 184 58 187
58 188 59 189
58 193 59 194
58 197 61 197
58 200 58 203
58 206 59 207
58 213 58 216
58 217 59 218
58 219 59 220
58 222 59 223
58 225 58 228
56 229 59 229
58 235 58 238
58 239 58 242
58 243 60 243
58 245 59 246
58 255 59 256
58 257 61 257
58 265 58 268
58 270 61 270
58 273 59 274
58 277 59 278
58 279 61 279
58 280 61 280
58 284 59 285
58 288 58 291
58 292 58 295
58 296 59 297
58 298 61 298
58 301 59 302
58 308 58 311
58 315 61 315
58 316 61 316
58 319 58 322
58 325 58 328
58 329 59 330
58 331 59 332
58 336 59 337
58 338 58 341
58 342 58 345
58 346 61 346
58 351 58 354
58 355 59 356
58 357 58 360
58 362 58 365
58 366 58 369
58 370 59 371
58 376 58 379
58 380 58 382
58 383 58 386
58 387 59 388
58 389 58 392
58 393 58 396
58 400 58 403
58 404 58 407
58 408 58 411
58 413 58 416
58 417 61 417
58 419 58 422
58 423 58 426
58 430 58 433
58 434 58 437
58 438 58 441
58 442 61 442
58 446 59 447
58 453 59 454
58 455 58 458
58 459 58 462
58 463 58 466
58 467 59 468
58 472 58 475
58 478 61 478
58 480 59 481
58 482 61 482
58 491 58 494
58 496 58 499
58 500 59 501
58 504 59 505
58 506 58 509
58 510 61 510
58 511 59 512
58 513 61 513
58 517 58 520
58 523 59 524
58 527 59 528
58 532 59 533
58 534 58 537
58 538 61 538
58 539 61 539
58 545 58 548
58 552 58 555
58 556 58 559
58 560 58 563
58 564 59 565
58 567 61 567
58 569 58 572
58 577 59 578
58 579 61 579
58 583 59 584
58 586 58 589
58 590 59 591
58 592 61 592
58 597 59 598
58 603 61 603
58 604 61 604
58 607 61 607
58 613 59 614
58 616 59 617
58 619 59 620
58 625 58 628
58 629 58 632
58 634 59 635
57 638 60 638
58 639 61 639
58 640 59 641
58 644 58 647
58 648 58 651
58 654 58 657
58 659 61 659
58 662 59 663
58 664 61 664
58 668 58 671
58 672 58 675
58 676 58 679
58 686 59 687
58 688 58 691
58 692 58 695
58 696 59 697
58 702 59 703
58 706 58 709
58 714 59 715
58 716 59 717
58 719 58 722
58 725 59 726
58 727 58 730
58 735 58 738
58 739 61 739
58 741 58 744
58 747 61 747
58 749 59 750
58 751 61 751
58 754 59 755
58 756 61 756
58 761 58 764
58 765 59 765
58 766 59 767
58 771 59 772
57 774 60 774
58 779 58 782
58 785 58 788
59 0 59 3
59 6 59 9
59 10 59 13
59 14 60 15
59 16 59 19
59 20 59 23
59 24 59 27
59 28 60 29
59 33 59 36
59 37 59 40
59 41 59 44
59 45 59 48
59 49 60 49
59 52 62 52
59 55 60 56
59 59 60 60
59 64 59 67
59 68 59 71
59 72 60 73
59 74 60 75
59 79 60 80
59 81 60 82
59 83 62 83
59 84 59 87
59 90 59 93
59 94 60 95
59 96 62 96
59 98 59 101
59 102 59 105
59 106 59 109
59 110 60 111
59 113 60 114
59 119 59 122
59 123 59 126
59 127 59 130
59 131 59 134
59 144 62 144
59 148 62 148
59 149 62 149
59 151 62 151
59 154 59 157
59 158 59 161
59 162 62 162
59 164 59 167
59 168 60 169
59 171 59 174
59 175 60 176
59 177 62 177
59 180 60 181
59 184 59 187
59 190 60 191
59 196 62 196
59 198 59 201
59 202 60 203
59 204 62 204
59 205 62 205
59 209 59 212
59 213 59 216
59 225 59 228
59 230 59 233
58 234 61 234
59 235 59 238
59 239 59 242
59 247 60 248
59 250 59 253
59 254 62 254
59 261 60 262
59 263 62 263
59 265 59 266
59 271 60 272
59 275 60 276
59 287 59 290
59 291 59 294
59 295 62 295
59 299 60 300
59 304 60 305
59 306 62 306
59 308 59 311
59 312 60 313
59 318 59 321
59 322 60 323
59 324 59 327
59 328 62 328
59 333 60 334
59 335 62 335
59 338 59 341
59 342 60 343
59 344 60 345
59 347 59 350
59 351 59 354
59 357 59 360
59 361 60 362
59 363 59 366
59 367 59 369
59 373 60 374
59 375 59 378
59 379 59 382
59 383 60 384
59 385 60 386
59 389 59 392
59 393 60 394
59 395 60 396
59 400 59 403
59 404 59 407
59 408 59 411
59 413 59 416
59 418 59 421
59 422 60 423
59 424 60 425
59 426 61 426
59 429 59 432
59 433 59 436
59 437 59 440
59 441 62 441
59 443 60 444
59 445 60 445
59 455 59 458
59 459 60 460
59 461 59 463
59 464 60 465
59 466 62 466
59 469 60 470
59 472 59 475
59 476 62 476
59 483 61 483
59 484 62 484
59 487 60 488
59 489 62 489
59 491 59 494
59 496 59 499
59 506 59 509
59 517 59 520
59 521 60 522
59 525 60 526
59 529 60 530
59 531 62 531
59 534 59 537
59 540 60 541
59 542 62 542
59 545 59 548
59 551 59 554
59 555 60 556
59 557 59 560
59 561 60 562
59 563 62 563
59 566 61 566
59 569 59 572
59 574 60 575
59 580 62 580
59 581 62 581
59 582 62 582
59 585 59 588
59 589 62 589
59 594 60 595
59 599 59 602
59 605 60 606
59 610 60 611
59 612 62 612
58 615 61 615
59 621 60 622
59 623 62 623
59 624 62 624
59 625 62 625
59 626 59 629
59 630 59 632
59 642 59 645
59 646 59 649
59 650 60 651
59 654 59 656
59 657 60 658
59 667 59 670
59 671 59 674
59 675 59 678
59 679 62 679
59 682 60 683
59 684 60 684
59 688 59 691
59 692 59 695
59 698 60 699
59 704 60 705
59 706 59 709
59 711 60 712
59 713 62 713
59 719 60 720
59 721 60 722
59 724 61 724
59 727 60 728
59 729 60 730
59 733 59 736
59 737 60 738
59 740 59 743
59 744 60 744
59 745 60 746
59 748 62 748
59 757 59 760
59 761 59 764
59 768 60 769
59 770 62 770
59 775 60 776
59 779 59 782
59 784 59 787
59 788 60 789
57 790 60 790
60 0 60 3
60 4 60 7
60 8 60 11
60 12 61 13
60 16 61 17
60 18 61 19
60 20 60 23
60 24 60 27
60 32 60 35
60 36 60 39
60 40 60 43
60 44 61 45
60 46 63 46
60 47 63 47
60 50 63 50
60 51 63 51
60 53 61 54
60 63 60 66
60 67 60 70
60 71 61 71
60 76 61 77
60 84 60 87
60 88 61 89
60 90 60 93
60 98 60 101
60 102 60 105
60 106 60 109
60 112 63 112
60 115 61 116
60 118 60 121
60 122 60 125
60 126 63 126
60 127 63 127
60 128 60 131
60 132 61 133
60 134 63 134
59 136 62 136
60 141 61 142
60 143 63 143
60 145 61 146
60 147 63 147
60 152 61 153
60 154 60 157
60 158 60 161
60 164 60 167
60 170 60 173
60 174 63 174
60 178 61 179
60 182 60 185
60 186 60 189
60 193 61 194
60 195 63 195
60 198 61 199
60 201 62 201
60 206 60 209
60 210 60 213
60 214 60 217
60 218 60 221
60 222 61 223
60 225 60 228
60 229 60 232
60 233 63 233
60 235 60 238
60 239 60 242
60 245 61 246
60 250 60 253
60 255 61 256
60 258 61 259
60 264 61 265
60 266 63 266
59 267 60 268
60 273 61 274
60 277 61 278
60 284 60 287
60 288 60 291
60 292 61 293
60 294 63 294
60 296 61 297
60 301 61 302
60 303 63 303
60 307 60 310
60 311 63 311
60 317 60 320
60 321 63 321
60 324 60 327
60 329 60 332
60 336 61 337
60 338 60 341
60 347 60 350
60 351 60 354
60 355 60 358
60 359 61 360
60 363 60 366
60 367 60 370
60 371 61 372
60 375 61 376
60 377 61 378
60 379 61 380
60 381 61 382
60 387 60 390
60 391 61 392
60 397 60 400
60 401 60 404
60 405 60 408
60 409 63 409
60 410 61 411
60 413 60 416
60 418 60 421
60 427 60 430
60 431 60 434
60 435 60 438
60 439 61 440
60 446 61 447
60 448 63 448
60 452 60 455
60 456 63 456
60 457 63 457
60 458 62 458
60 461 61 462
60 463 63 463
60 467 61 468
60 472 60 475
60 480 61 481
60 490 60 493
60 494 60 497
60 498 61 499
60 500 60 503
60 504 60 507
60 508 61 509
60 511 61 512
60 516 60 519
60 520 63 520
60 523 61 524
60 527 63 527
60 528 63 528
60 532 60 535
60 536 61 537
60 545 61 546
60 547 61 548
60 551 60 554
60 557 60 560
60 564 63 564
60 565 63 565
60 569 60 572
60 573 63 573
60 576 61 577
60 578 63 578
60 583 60 586
60 587 61 588
60 590 61 591
60 593 63 593
60 597 60 600
60 601 61 602
60 608 63 608
60 613 61 614
60 617 61 618
60 619 61 620
60 626 60 629
60 630 60 633
60 634 61 635
60 637 63 637
60 640 60 643
60 644 62 644
60 645 60 648
60 649 62 649
60 653 60 656
60 661 61 662
60 663 63 663
60 665 63 665
60 667 60 670
60 671 60 674
60 675 60 678
60 685 60 688
60 689 60 692
60 693 60 696
60 697 63 697
60 700 61 700
60 701 61 702
60 703 63 703
60 706 60 709
60 714 60 717
60 725 61 726
60 731 60 734
60 735 61 736
60 740 60 743
60 749 61 750
60 752 60 755
60 757 61 758
60 759 60 762
60 763 60 766
60 767 63 767
60 771 61 771
60 773 63 773
60 778 60 781
60 782 63 782
60 784 61 785
60 786 61 787
61 0 61 3
61 4 61 7
61 8 61 11
61 14 62 15
61 20 61 23
61 24 61 27
61 28 62 29
61 31 61 34
61 35 61 38
61 39 61 42
61 43 64 43
61 48 62 49
61 55 62 56
61 57 61 60
61 61 64 61
61 63 61 66
61 67 61 70
61 73 62 74
61 75 64 75
61 79 64 79
61 80 62 81
61 82 64 82
61 84 61 87
61 90 61 93
61 94 62 95
61 98 61 101
61 102 61 105
61 106 61 109
61 110 64 110
61 111 64 111
61 113 62 114
61 117 61 120
61 121 61 124
61 125 64 125
61 128 61 131
61 135 64 135
61 137 62 138
61 139 62 140
61 150 64 150
61 154 61 157
61 158 61 161
61 164 62 165
61 166 61 169
61 170 61 173
61 175 62 176
61 180 61 183
61 184 61 187
61 188 62 189
61 190 62 191
61 192 64 192
61 202 62 203
61 206 61 209
61 210 61 213
61 214 61 217
61 218 61 221
61 224 61 227
61 228 61 231
61 232 64 232
61 235 62 236
61 237 61 240
61 241 62 242
61 243 62 244
61 247 61 250
61 251 64 251
61 252 62 253
61 260 62 261
61 262 63 262
61 267 62 268
61 269 64 269
61 271 62 272
61 275 62 276
61 281 61 284
61 285 61 288
61 289 62 290
61 291 64 291
61 299 62 300
61 304 62 305
61 307 61 310
61 312 62 313
61 314 64 314
61 317 61 320
61 322 62 323
61 324 61 327
61 329 62 330
61 331 62 332
61 333 64 333
61 334 64 334
61 338 61 341
61 342 61 345
61 347 61 350
61 351 61 354
61 355 61 358
61 361 61 364
61 365 61 368
61 369 62 370
61 373 62 374
61 383 61 386
61 387 61 390
61 393 61 396
61 397 61 400
61 401 61 404
61 405 61 408
61 412 62 413
61 414 64 414
61 415 62 416
61 418 61 421
61 422 61 425
61 427 61 430
61 431 61 434
61 435 61 438
61 443 62 444
61 449 62 450
61 451 61 454
61 455 64 455
61 459 62 460
61 464 63 464
61 469 61 472
61 473 64 473
61 474 62 475
61 477 64 477
61 479 64 479
61 485 61 488
61 490 61 493
61 494 61 497
61 500 62 501
61 502 61 505
61 506 62 507
61 514 61 517
61 518 62 519
61 521 62 522
61 525 62 526
61 529 62 530
61 532 61 535
61 540 62 541
61 549 61 552
61 553 61 556
61 557 61 560
61 561 62 562
61 568 61 571
61 572 64 572
61 574 63 574
61 575 64 575
61 583 61 586
61 594 61 597
61 598 62 599
61 600 64 600
61 605 62 606
61 609 62 610
61 611 64 611
61 616 64 616
61 621 62 622
61 626 61 628
61 629 61 632
61 633 63 633
61 636 64 636
61 638 64 638
61 640 61 643
61 645 61 648
61 650 61 653
61 654 61 657
61 658 64 658
61 660 64 660
61 666 61 669
61 670 61 673
61 674 61 677
61 678 64 678
61 680 62 681
61 682 62 683
61 684 62 685
61 686 61 689
61 690 61 693
61 694 62 695
61 696 64 696
61 698 62 699
61 704 61 707
61 708 61 711
61 712 64 712
61 714 61 717
61 718 61 721
61 722 62 723
61 727 61 730
61 731 62 732
61 733 62 734
61 737 64 737
61 738 64 738
61 740 64 740
61 741 64 741
61 742 62 743
61 744 62 745
61 746 64 746
61 752 61 755
61 759 61 762
61 763 61 766
61 768 62 769
61 774 61 777
61 778 61 781
61 783 64 783
61 788 64 788
61 789 62 790
62 0 62 3
62 4 62 7
62 8 62 11
62 12 63 13
62 16 62 19
62 20 62 23
62 24 62 27
62 30 62 33
62 34 62 37
62 38 62 41
62 42 65 42
62 44 65 44
62 45 65 45
62 53 65 53
62 54 65 54
62 57 62 60
62 62 62 65
62 66 62 69
62 70 65 70
62 72 65 72
62 76 63 76
62 77 63 78
62 84 62 87
62 88 62 91
62 92 63 93
62 97 62 100
62 101 62 104
62 105 62 108
62 109 65 109
62 115 62 118
62 119 62 122
62 123 63 124
62 128 62 131
62 132 63 133
62 141 63 142
62 145 63 146
62 152 62 155
62 156 62 159
62 160 63 161
62 163 65 163
62 166 62 169
62 170 62 173
62 178 63 179
62 180 62 183
62 184 62 187
62 193 65 193
62 194 65 194
62 197 62 200
62 206 62 209
62 210 62 213
62 214 62 217
62 218 62 221
62 222 62 225
62 226 63 227
62 228 63 229
62 230 63 231
62 234 64 234
62 237 62 240
62 245 62 248
62 249 63 250
62 255 63 256
62 257 63 258
62 259 65 259
62 264 63 265
62 270 64 270
62 273 62 274
62 277 63 278
62 279 65 279
62 280 65 280
62 281 63 282
62 283 62 286
62 287 63 288
62 292 63 293
62 296 63 297
62 298 65 298
62 301 63 302
62 307 62 310
62 315 62 318
62 319 63 320
62 324 62 327
62 336 65 336
62 337 62 340
62 341 62 344
62 345 65 345
62 346 63 347
62 348 63 349
62 350 62 353
62 354 62 357
62 358 65 358
62 359 63 360
62 361 62 364
62 365 63 366
62 368 63 368
62 371 62 372
62 375 63 376
62 377 62 380
62 381 62 384
62 385 62 388
62 389 62 392
62 393 62 396
62 397 62 400
62 401 62 404
62 405 62 408
62 410 63 411
62 417 62 420
62 421 62 424
62 425 62 428
62 429 62 432
62 433 62 436
62 437 62 440
62 442 65 442
62 446 63 447
62 451 62 454
62 461 63 462
62 467 62 470
62 471 62 472
62 478 65 478
62 480 62 483
62 485 62 488
62 490 62 493
62 495 62 497
62 498 63 499
62 502 63 503
62 504 63 505
62 508 62 511
62 512 62 515
62 516 63 517
62 523 65 523
62 524 65 524
62 532 62 535
62 536 62 539
62 544 62 547
62 548 62 551
62 552 62 555
62 556 62 559
62 560 65 560
62 567 65 567
62 568 62 571
62 576 63 577
62 579 65 579
62 583 62 586
62 587 63 588
62 591 63 591
62 592 65 592
62 594 62 597
62 601 63 602
62 603 63 604
62 607 65 607
62 613 63 614
62 615 65 615
62 617 62 620
62 626 62 629
62 630 62 632
62 634 63 635
62 639 62 642
62 645 62 648
62 650 62 653
62 654 62 657
62 659 65 659
62 661 63 662
62 664 65 664
62 666 62 669
62 670 62 673
62 674 62 677
62 686 65 686
62 687 65 687
62 688 62 691
62 692 63 693
62 700 63 701
62 702 65 702
62 704 62 707
62 708 62 711
62 714 62 717
62 718 62 721
62 724 62 727
62 728 63 729
62 730 65 730
62 735 63 736
62 739 65 739
62 747 65 747
62 749 62 752
62 753 62 756
62 757 62 760
62 761 62 764
62 765 63 766
62 771 65 771
60 772 63 772
62 775 62 777
62 778 62 781
62 784 62 787
63 0 63 3
63 4 63 7
63 8 63 11
63 14 63 17
63 18 63 21
63 22 63 25
63 26 63 29
63 30 63 33
63 34 64 35
63 36 63 39
63 40 64 41
63 48 64 49
63 52 66 52
63 55 63 58
63 59 63 60
63 62 63 65
63 66 63 69
63 73 64 74
63 80 64 81
63 83 63 86
63 87 63 90
63 91 66 91
63 94 63 97
63 98 63 101
63 102 63 105
63 106 64 107
63 108 66 108
63 115 64 116
63 117 63 120
63 121 64 122
63 128 63 131
63 136 63 139
63 140 66 140
63 144 66 144
63 148 64 149
63 151 63 154
63 155 63 158
63 159 66 159
63 162 66 162
63 164 63 167
63 168 63 171
63 172 64 173
63 175 66 175
63 176 64 177
63 180 63 183
63 184 63 187
63 188 63 191
63 196 63 199
63 200 63 203
63 204 63 207
63 208 63 211
63 212 64 213
63 214 63 217
63 218 63 221
63 222 63 225
63 235 63 238
63 239 64 240
63 241 63 244
63 245 63 248
63 252 66 252
63 253 64 254
63 260 64 261
63 263 66 263
63 267 64 268
63 271 63 274
63 275 66 275
63 276 66 276
63 283 63 286
63 289 66 289
63 290 66 290
63 295 65 295
63 299 64 300
63 304 63 307
63 308 64 309
63 310 66 310
63 312 64 313
63 315 63 318
63 322 63 325
63 326 63 329
63 330 64 331
63 332 66 332
63 335 66 335
63 337 63 340
63 341 63 344
63 350 63 353
63 354 66 354
63 355 64 356
63 357 66 357
63 361 63 364
63 369 64 370
64 373 65 374
63 371 63 374
63 377 63 380
63 381 63 384
63 385 63 388
63 389 63 392
63 393 63 396
63 397 63 400
63 401 63 404
63 405 63 408
63 412 64 413
63 415 63 418
63 419 63 422
63 423 63 426
63 427 63 430
63 431 63 434
63 435 63 438
63 439 64 439
63 440 64 441
63 443 64 444
61 445 64 445
63 449 63 452
63 453 64 454
63 459 64 460
63 465 63 468
63 469 66 469
63 470 63 472
63 474 64 475
63 476 66 476
63 480 63 483
63 484 63 487
63 488 63 491
63 492 66 492
63 493 66 493
62 494 65 494
63 495 66 495
63 496 66 496
63 497 66 497
63 500 64 501
63 506 64 507
63 508 63 511
63 512 63 515
63 518 64 519
63 521 64 522
63 525 64 526
63 529 63 532
63 533 63 536
63 537 63 540
63 541 63 544
63 545 63 548
63 549 63 552
63 553 63 556
63 557 66 557
63 558 64 559
63 561 64 562
63 563 66 563
62 566 65 566
63 568 63 571
63 580 64 581
63 582 63 585
63 586 66 586
63 589 66 589
63 594 63 597
63 598 64 599
63 605 66 605
63 606 66 606
63 609 64 610
63 612 66 612
63 617 63 620
63 621 66 621
63 622 63 625
63 626 63 628
64 630 64 631
63 629 63 632
63 639 64 640
63 641 64 642
63 643 63 646
63 647 63 650
63 651 63 654
64 655 64 657
63 655 63 657
63 666 63 669
63 670 63 673
63 674 64 675
63 676 66 676
63 677 66 677
63 679 63 682
63 683 64 684
63 688 63 691
63 694 64 695
63 698 64 699
63 704 64 705
63 706 63 709
63 710 64 711
63 713 63 716
63 717 63 720
63 721 63 723
63 724 63 727
63 731 63 734
63 742 63 745
63 748 63 751
63 752 63 755
63 756 63 759
63 760 63 761
63 764 65 764
64 768 65 769
63 768 63 770
62 774 65 774
63 775 64 776
63 777 63 780
63 781 66 781
63 784 64 785
63 787 66 787
63 789 66 789
63 790 66 790
64 0 64 3
64 4 64 7
64 8 64 11
64 12 64 15
64 16 64 19
64 20 64 23
64 24 64 27
64 28 64 31
64 32 65 33
64 36 65 37
64 38 65 39
64 46 65 47
64 50 64 51
64 56 67 56
64 57 64 60
64 62 64 65
64 66 64 69
62 71 65 71
64 76 67 76
64 77 67 77
64 78 67 78
64 83 64 86
64 87 64 90
64 92 64 95
64 96 64 99
64 100 64 103
64 104 65 105
64 112 65 113
64 117 64 120
64 123 65 124
64 126 64 129
64 130 64 133
64 134 67 134
64 136 64 139
64 141 65 142
64 143 66 143
64 145 65 146
64 147 67 147
64 151 64 154
64 155 64 158
64 160 65 161
64 164 64 167
64 168 64 171
64 174 65 174
64 178 65 179
64 180 64 183
64 184 64 187
64 188 64 191
64 195 64 198
64 199 64 202
64 203 67 203
64 204 64 207
64 208 64 211
64 214 64 217
64 218 65 219
64 220 64 223
64 224 64 227
64 228 64 231
64 233 67 233
64 237 65 238
64 241 64 244
64 245 64 248
64 249 65 250
64 255 64 258
64 264 65 265
64 266 67 266
64 271 64 274
64 277 65 278
64 281 64 284
64 285 64 288
64 292 65 292
64 293 65 294
64 296 65 297
64 301 64 304
64 305 65 306
64 307 65 307
64 311 67 311
64 315 64 318
64 319 64 322
64 323 64 326
64 327 65 328
64 329 67 329
64 337 64 340
64 341 64 344
64 346 64 349
64 350 64 353
64 359 64 362
64 363 64 366
62 367 65 367
64 368 67 368
64 371 65 372
64 375 65 376
64 377 65 378
64 379 64 382
64 383 64 386
64 387 64 390
64 391 64 394
64 395 64 398
64 399 64 402
64 403 64 406
64 407 64 410
64 411 67 411
64 416 67 416
64 417 64 420
64 421 64 424
64 425 64 428
64 429 64 432
64 433 64 436
64 437 65 438
64 446 64 449
64 450 65 451
64 452 67 452
64 456 65 457
63 458 66 458
64 461 65 462
64 463 65 464
64 465 64 468
64 470 64 472
64 480 64 483
64 484 64 487
64 488 64 491
64 498 65 499
64 502 64 505
64 508 64 511
64 512 65 513
64 514 65 515
64 516 65 517
64 520 67 520
64 527 64 530
64 531 64 534
64 535 64 538
64 539 64 542
64 544 64 547
64 548 64 551
64 552 64 555
64 556 66 556
64 564 65 565
64 568 64 571
64 573 65 574
64 576 65 577
64 578 67 578
64 582 64 585
64 587 65 588
62 590 65 590
64 591 66 591
64 593 64 596
64 597 67 597
64 601 64 604
64 608 66 608
64 613 65 614
64 617 64 620
64 622 64 625
64 626 64 629
64 632 64 635
64 637 67 637
64 643 64 646
64 647 64 650
64 651 64 654
64 661 65 662
64 663 67 663
64 665 64 668
64 669 65 670
64 671 67 671
64 672 65 673
64 679 64 682
64 685 67 685
64 688 64 691
64 692 65 693
64 697 67 697
64 700 65 701
64 703 67 703
64 706 64 709
64 713 65 714
64 715 64 718
64 719 64 722
64 723 65 724
64 725 64 728
64 729 67 729
64 731 64 734
64 735 65 736
64 742 64 745
64 748 64 751
64 752 64 755
64 756 65 757
64 758 64 761
63 762 64 763
64 765 65 766
64 767 67 767
64 770 67 770
64 772 65 773
64 777 64 780
64 782 67 782
65 0 65 3
65 4 65 7
65 8 65 11
65 12 65 15
65 16 65 19
65 20 65 23
65 24 65 27
65 28 65 31
65 34 66 35
65 40 66 41
65 43 68 43
65 48 65 51
65 57 65 60
65 61 66 62
65 63 66 64
65 65 65 68
65 69 68 69
65 73 68 73
65 74 66 75
65 79 65 82
65 83 66 84
65 85 65 88
65 89 66 90
65 92 65 95
65 96 66 97
65 98 65 101
65 102 66 103
65 106 66 107
65 110 66 111
65 115 65 118
65 119 65 122
65 125 65 127
65 128 66 129
65 131 66 132
65 133 68 133
65 135 65 138
65 139 67 139
65 148 65 151
65 152 65 155
65 156 66 157
65 158 68 158
65 164 65 167
65 168 65 170
65 171 66 172
65 176 66 177
65 180 66 181
65 182 65 185
65 186 65 189
65 190 66 191
65 192 68 192
65 195 65 198
65 199 65 202
65 204 65 207
65 208 65 211
65 212 65 213
65 214 65 217
65 220 65 223
65 224 65 227
65 228 65 231
65 232 68 232
65 234 66 235
65 239 65 242
65 243 65 246
65 247 68 247
65 248 68 248
65 251 68 251
65 253 65 256
65 257 66 258
65 260 66 261
64 262 67 262
65 267 66 268
65 269 66 269
65 270 65 273
65 274 68 274
65 281 65 284
65 285 65 288
65 291 68 291
65 299 65 301
65 302 66 303
65 304 68 304
65 308 66 309
65 312 65 315
65 316 65 319
65 320 65 323
65 324 68 324
65 325 66 326
65 331 66 331
65 333 66 334
65 337 65 340
65 341 65 344
65 346 65 349
65 350 65 353
65 355 66 356
65 359 65 362
65 363 65 366
65 369 66 370
65 379 65 382
65 383 65 386
65 387 65 390
65 391 65 394
65 395 65 398
65 399 65 402
65 403 66 404
65 405 65 408
65 409 66 410
65 412 65 415
65 417 65 420
65 421 65 424
65 425 65 428
65 429 65 432
65 433 65 436
65 439 66 440
65 441 67 441
65 443 65 445
65 447 66 448
65 449 68 449
65 453 66 454
65 455 67 455
65 459 66 460
65 465 65 468
65 470 68 470
65 471 66 472
65 473 68 473
65 474 68 474
65 475 68 475
65 477 68 477
65 479 65 482
65 483 65 486
65 487 65 490
65 491 68 491
65 500 66 501
65 502 66 503
65 504 65 507
65 508 65 511
65 518 66 519
65 521 66 522
65 525 68 525
65 526 65 529
65 530 65 533
65 534 65 537
65 538 65 541
65 542 65 545
65 546 66 547
65 548 65 551
65 552 65 555
65 558 66 559
65 561 66 562
65 568 65 571
65 572 68 572
65 575 68 575
65 580 65 583
65 584 66 585
65 593 65 596
65 598 65 601
65 602 66 603
65 604 67 604
65 609 66 610
65 611 68 611
65 616 65 619
65 620 68 620
65 622 65 625
65 626 65 629
65 630 65 633
65 634 66 635
65 636 68 636
65 638 65 641
65 642 65 645
65 646 65 649
65 650 65 653
65 654 65 657
65 658 68 658
65 660 66 660
65 665 66 666
65 667 66 668
65 674 68 674
65 675 68 675
65 678 65 681
65 682 66 683
65 684 68 684
65 688 65 691
65 694 66 695
65 698 66 699
65 704 65 707
65 708 65 711
65 712 67 712
65 715 65 718
65 719 65 722
65 725 65 728
65 731 65 734
65 737 66 738
65 740 65 742
65 743 66 744
65 745 66 746
65 748 65 751
65 752 65 755
65 758 65 761
65 762 68 762
65 763 68 763
65 775 65 778
65 779 66 780
65 783 65 786
65 788 68 788
66 0 66 3
66 4 66 7
66 8 66 11
66 12 66 15
66 16 67 17
66 18 67 19
66 20 67 21
66 23 66 26
66 27 67 28
66 29 69 29
66 30 66 33
66 36 66 39
66 42 69 42
66 44 66 47
66 48 66 51
66 53 67 54
66 57 66 60
66 65 67 66
66 67 67 68
66 70 69 70
66 71 69 71
66 72 69 72
66 79 66 82
66 85 66 88
66 92 66 95
66 98 66 101
66 104 67 105
66 109 69 109
66 112 66 115
66 116 66 119
66 120 66 123
66 124 66 127
66 135 66 138
66 141 69 141
66 145 67 146
66 148 66 151
66 152 66 155
66 160 67 161
66 163 66 166
66 167 66 170
66 173 66 174
66 178 67 179
66 182 66 185
66 186 66 189
66 193 66 196
66 197 67 198
66 199 66 202
66 204 66 207
66 208 66 211
66 212 66 213
66 214 66 217
66 218 66 221
66 222 66 225
66 226 66 229
66 230 67 231
66 236 66 239
66 240 66 243
66 244 69 244
66 245 67 246
66 249 69 249
66 250 69 250
66 253 66 256
66 259 69 259
66 264 67 265
66 271 69 271
66 272 67 273
66 277 66 280
66 281 66 284
66 285 66 288
66 292 67 293
66 294 66 297
66 298 69 298
66 300 67 301
66 305 66 306
66 312 66 315
66 316 66 319
66 320 66 323
66 327 67 328
66 336 66 339
66 340 66 343
66 344 66 347
66 348 66 351
66 352 67 353
66 360 66 361
66 362 66 365
66 366 67 367
66 371 67 372
66 374 66 377
66 378 66 381
66 382 66 385
66 386 66 389
66 390 66 393
66 394 66 397
66 398 67 399
66 400 69 400
66 401 67 402
66 405 66 408
66 412 66 415
66 417 66 420
66 421 66 424
66 425 66 428
66 429 66 432
66 433 67 434
66 435 66 438
66 442 66 445
65 446 68 446
66 450 67 451
66 456 67 457
66 461 66 464
66 465 66 468
66 478 66 481
66 482 66 485
66 486 66 489
66 490 68 490
66 494 69 494
66 498 67 499
66 504 66 507
66 508 66 511
66 512 66 515
66 516 67 517
66 523 67 524
66 526 67 527
66 528 67 529
66 530 69 530
66 531 66 534
66 535 66 538
66 539 66 542
66 543 67 544
66 545 69 545
66 548 66 551
66 552 66 555
66 560 69 560
66 564 66 567
66 568 66 571
66 573 67 574
66 576 67 577
66 579 66 581
66 582 67 583
66 587 67 588
66 592 66 595
66 596 69 596
66 598 67 599
66 600 69 600
66 601 69 601
66 607 69 607
66 613 66 616
66 617 67 618
66 619 69 619
66 622 66 625
66 626 66 629
66 630 66 633
66 638 66 641
66 642 66 645
66 646 66 649
66 650 69 650
66 651 67 652
66 653 67 654
66 655 67 656
66 659 69 659
66 661 67 662
66 664 69 664
66 669 67 670
66 672 67 673
66 678 66 681
66 686 66 689
66 690 66 693
66 700 67 701
66 702 69 702
66 704 67 705
66 706 66 709
66 710 67 711
66 713 66 716
66 717 66 719
66 720 67 721
66 722 67 723
66 724 66 727
66 728 69 728
66 730 67 731
66 732 66 735
66 736 69 736
66 739 66 742
66 747 66 750
66 751 66 754
66 755 66 758
66 759 67 760
66 761 69 761
66 765 67 766
66 769 69 769
66 771 66 774
66 775 66 778
66 783 66 786
67 0 67 3
67 4 68 5
67 6 67 9
67 10 67 13
67 14 68 15
67 22 67 25
67 26 69 26
67 30 67 32
67 34 67 37
67 38 67 41
67 44 67 47
67 48 67 51
67 52 70 52
67 57 67 60
67 61 67 64
67 74 68 75
67 79 67 82
67 83 67 86
67 87 67 90
67 91 68 92
67 93 67 96
67 97 67 100
67 101 70 101
67 102 68 103
67 106 68 107
67 108 68 108
67 110 67 113
67 114 67 117
67 118 67 121
67 122 67 125
67 126 68 127
67 128 67 131
67 132 70 132
67 135 67 138
67 140 70 140
67 142 67 144
67 148 67 151
67 153 67 155
67 156 68 157
67 159 70 159
67 162 67 165
67 166 67 169
67 170 68 171
67 172 67 175
67 176 68 177
67 180 68 181
67 182 67 185
67 186 67 189
67 190 68 191
67 193 67 196
67 199 67 202
67 204 67 207
67 208 67 211
67 212 67 215
67 216 67 219
67 220 67 223
67 224 68 225
67 226 67 229
67 234 67 237
67 238 70 238
67 240 67 243
67 252 67 255
67 256 67 257
67 258 70 258
67 260 68 261
67 263 70 263
67 267 68 268
67 269 68 270
67 275 67 278
67 279 68 280
67 281 67 284
67 285 67 288
67 289 68 290
67 294 67 297
67 302 68 303
67 308 68 309
67 310 68 310
67 312 67 315
67 316 67 319
67 320 67 323
67 325 67 326
65 330 68 330
67 331 67 334
67 335 68 336
67 337 67 340
67 341 67 344
67 345 67 348
67 349 68 350
67 351 70 351
67 354 67 357
68 358 69 358
66 358 67 359
67 360 67 363
67 364 68 365
67 369 67 370
67 373 67 376
67 377 67 380
67 381 67 384
67 385 67 388
67 389 67 392
67 393 67 396
67 397 70 397
67 403 68 404
67 405 67 408
67 409 68 410
67 412 67 415
67 417 67 420
67 421 67 424
67 425 67 428
67 429 67 432
67 435 67 438
67 439 70 439
67 440 70 440
67 443 67 445
67 447 68 448
67 453 68 454
67 458 67 461
67 462 70 462
67 463 70 463
67 464 70 464
67 465 67 468
67 469 70 469
67 471 68 472
67 476 70 476
67 478 67 481
67 482 67 485
67 486 67 489
67 492 68 493
67 495 68 496
67 500 67 501
67 503 67 506
67 507 67 510
67 511 67 514
67 515 69 515
67 518 68 519
67 521 68 522
67 531 67 534
67 535 67 538
67 539 70 539
67 540 70 540
67 541 70 541
67 542 70 542
67 546 67 549
67 550 67 553
67 554 68 555
67 557 68 558
67 559 70 559
67 561 67 564
67 565 67 568
67 569 69 569
67 570 68 571
67 579 68 580
67 581 69 581
67 584 68 585
67 586 69 586
67 590 68 591
67 592 70 592
67 594 70 594
67 595 70 595
67 602 68 603
67 605 68 606
67 609 68 610
67 612 67 615
67 616 70 616
67 621 67 623
68 625 68 627
67 624 67 627
67 628 68 629
67 630 67 633
67 634 68 635
67 638 67 641
67 642 67 645
67 646 67 649
67 657 70 657
67 665 67 668
67 676 67 679
67 680 67 683
67 686 67 689
67 690 67 693
67 694 68 695
67 696 70 696
67 698 68 699
67 706 67 709
67 713 69 713
67 714 68 715
67 716 67 719
67 724 67 727
67 732 68 733
67 734 68 735
67 737 68 738
67 739 67 742
67 743 68 744
67 745 67 748
67 749 67 752
67 753 67 756
67 757 68 757
66 764 69 764
67 768 70 768
67 771 67 774
67 775 67 778
67 779 68 780
67 781 70 781
67 783 67 786
67 787 70 787
67 789 68 789
68 0 68 3
68 6 68 9
68 10 68 13
68 16 68 19
68 20 69 21
68 22 70 22
68 23 70 23
68 24 69 25
68 27 70 27
68 28 70 28
68 30 68 32
68 34 68 36
68 40 68 41
68 44 68 47
68 48 68 51
68 53 69 54
68 55 68 58
68 59 68 62
68 63 68 66
68 67 69 68
68 76 68 79
68 80 68 82
68 85 68 86
68 87 68 90
68 93 68 96
68 97 68 100
68 104 68 105
68 110 68 113
68 114 68 117
68 118 68 120
68 121 68 124
68 128 68 131
68 134 68 137
68 138 69 139
68 142 68 145
68 146 68 149
68 150 68 151
68 153 70 153
68 155 70 155
68 160 68 163
68 164 68 167
68 168 69 169
68 172 68 175
68 178 69 179
68 182 68 185
68 186 68 189
68 194 68 196
68 197 68 200
68 201 68 204
68 205 70 205
68 206 70 206
68 207 68 210
68 211 68 214
68 215 68 218
68 219 68 221
68 222 68 223
68 226 68 229
68 230 69 231
68 233 68 235
68 236 69 237
68 239 68 241
68 242 69 243
68 245 69 246
68 252 69 253
68 254 68 257
68 262 70 262
68 264 69 265
68 266 69 266
68 272 69 273
68 275 68 278
68 281 68 284
68 285 68 288
68 292 68 294
68 295 69 296
68 297 70 297
68 299 69 300
68 301 69 301
67 305 68 306
66 307 69 307
68 311 68 314
68 315 68 318
68 319 68 321
68 322 68 323
68 325 68 328
68 329 70 329
68 331 70 331
68 332 70 332
68 333 69 334
68 337 68 340
68 341 68 344
68 345 68 348
68 352 68 355
68 356 69 357
68 359 68 362
68 366 69 367
68 368 68 371
68 372 68 375
68 376 69 377
68 378 68 381
68 382 68 385
68 386 68 389
68 390 68 393
68 394 69 395
68 396 70 396
68 398 69 399
68 405 68 408
68 411 68 414
68 415 68 418
68 419 68 422
68 423 68 426
68 427 68 430
68 431 68 434
68 435 68 438
68 443 68 445
68 450 69 451
68 452 70 452
68 455 69 456
68 457 70 457
68 458 68 461
68 465 68 468
68 478 68 481
68 482 68 485
68 486 68 489
68 497 68 500
68 501 70 501
68 503 68 506
68 507 68 510
68 511 68 514
68 516 69 517
68 520 70 520
68 523 69 524
68 526 70 526
68 527 69 528
68 533 69 534
68 535 68 538
68 543 69 544
68 546 68 549
68 550 68 551
67 556 70 556
68 561 68 564
68 565 68 568
68 573 69 574
68 576 69 577
68 578 70 578
68 582 68 583
68 587 69 587
68 588 69 589
68 597 69 598
68 599 70 599
67 608 70 608
68 612 68 615
68 617 69 618
68 621 68 624
68 630 68 631
68 637 69 637
68 638 69 639
68 640 69 641
68 642 68 645
68 646 68 649
68 651 69 652
68 653 68 656
68 661 69 662
68 663 70 663
68 665 68 668
68 669 69 670
68 671 68 673
68 676 68 679
68 680 68 683
68 685 68 688
68 689 68 691
68 692 68 693
68 697 70 697
68 700 69 701
68 703 68 706
68 707 68 710
68 711 69 712
68 716 68 717
68 720 68 723
68 724 68 727
68 729 69 730
68 739 68 742
68 745 68 748
68 749 68 752
68 753 68 756
68 759 69 760
68 765 69 766
68 767 70 767
68 770 68 773
68 774 68 776
68 777 69 778
68 782 68 784
68 785 68 786
69 0 69 3
69 4 69 7
69 8 69 11
69 12 69 15
69 16 69 19
69 30 69 32
69 35 70 36
68 37 69 38
69 40 69 41
69 43 69 46
69 47 69 49
69 50 70 51
69 55 69 58
69 59 69 61
69 62 70 63
69 64 70 65
69 73 69 76
69 77 69 78
69 79 69 82
68 83 69 84
69 85 69 88
69 89 69 92
69 93 69 96
69 97 69 100
69 102 69 104
69 105 69 106
69 107 70 108
69 110 69 112
69 114 70 115
69 116 69 119
69 120 69 123
69 124 69 127
69 128 69 131
69 133 69 135
69 136 70 137
69 142 69 145
69 146 69 149
69 150 70 151
67 152 70 152
69 156 70 157
69 158 70 158
69 160 69 163
69 164 69 167
69 170 69 173
69 174 69 177
69 180 69 183
69 184 69 186
69 188 70 189
69 190 70 190
69 194 69 195
69 196 69 199
69 200 69 202
69 203 69 204
69 207 69 210
69 211 69 214
69 215 69 218
69 219 70 220
69 221 69 224
69 225 69 227
69 228 70 229
69 232 69 235
69 240 70 241
69 247 69 248
69 251 70 251
69 255 70 256
69 260 69 261
69 267 69 270
69 274 69 277
69 278 69 281
69 282 69 285
69 286 69 289
69 290 70 291
69 292 69 294
69 302 69 305
69 308 69 310
69 311 69 314
69 315 69 318
69 319 70 320
69 321 69 322
70 324 70 327
69 323 69 326
69 335 69 338
69 339 69 342
69 343 69 346
69 347 69 350
69 352 70 353
69 354 70 355
69 359 69 360
70 362 70 365
69 361 69 364
69 368 69 370
69 373 69 375
69 378 69 381
69 382 69 385
69 386 69 389
69 390 69 393
69 401 69 404
69 405 69 408
69 409 69 412
69 413 69 416
69 417 69 420
69 421 70 422
69 423 69 426
69 427 69 430
69 431 70 432
69 433 69 436
69 437 70 438
69 443 69 444
69 445 69 446
69 448 70 449
69 453 69 454
69 458 69 461
69 465 69 468
69 470 70 471
69 473 70 474
69 475 70 475
69 477 70 478
69 479 70 480
69 481 69 484
69 485 70 486
69 487 70 488
69 489 70 490
69 491 69 493
69 495 70 496
69 497 70 498
69 499 70 500
69 504 70 505
69 506 69 509
69 510 69 512
69 513 70 514
69 518 70 519
69 521 70 522
69 525 70 525
69 535 69 538
69 546 69 547
69 548 69 551
68 552 69 553
69 554 70 555
69 557 70 558
69 561 69 564
69 565 69 568
69 570 69 571
69 572 70 572
69 582 69 585
69 590 69 591
69 602 69 603
69 605 70 606
69 609 70 610
69 611 69 613
69 614 70 615
69 620 69 623
69 624 69 627
69 628 69 631
68 632 69 632
69 634 70 634
69 635 70 636
69 642 69 645
69 646 69 649
69 653 69 655
69 658 70 658
67 660 69 660
69 665 69 668
69 671 69 674
69 675 69 678
69 679 70 680
69 681 69 684
69 685 69 688
69 689 70 690
69 691 69 693
69 694 70 695
69 698 70 699
69 703 69 706
69 707 69 710
69 714 69 717
68 718 69 719
69 720 69 723
69 724 69 727
69 732 70 733
69 734 70 735
69 737 69 740
69 741 69 744
69 746 70 747
69 748 69 751
69 752 69 755
69 756 70 757
67 758 70 758
69 762 70 763
69 771 69 774
69 775 69 776
69 779 70 780
69 782 70 783
69 784 69 786
69 788 70 789
67 790 70 790
70 0 70 3
70 4 70 7
70 8 70 11
70 12 70 15
70 16 70 19
70 20 70 21
70 24 70 26
70 29 70 32
67 33 70 33
68 39 70 39
70 40 70 43
70 44 70 47
70 48 70 49
70 53 70 56
70 57 70 60
70 71 70 74
70 75 70 77
70 78 70 81
70 82 70 85
70 86 70 89
70 90 70 93
70 94 70 97
70 98 70 100
70 103 70 106
70 109 70 112
69 113 70 113
70 116 70 119
70 120 70 123
70 124 70 127
70 128 70 131
70 133 70 135
70 138 70 139
70 141 70 144
70 145 70 146
70 147 70 149
68 154 70 154
70 160 70 163
70 164 70 167
70 168 70 171
70 172 70 175
70 176 70 179
70 180 70 182
70 183 70 186
69 187 70 187
69 191 70 192
68 193 70 193
70 194 70 197
70 198 70 201
70 202 70 204
70 207 70 210
70 211 70 214
70 215 70 218
70 221 70 224
70 225 70 227
70 230 70 233
70 234 70 237
70 242 70 245
70 246 70 248
70 249 70 250
70 252 70 254
70 259 70 261
70 264 70 267
70 268 70 271
70 272 70 275
70 276 70 279
70 280 70 283
70 284 70 286
70 287 70 289
70 292 70 295
70 299 70 302
70 307 70 310
70 311 70 314
70 315 70 318
70 321 70 323
70 333 70 336
70 337 70 340
70 341 70 344
70 345 70 348
70 349 70 350
70 356 70 359
70 360 70 361
70 367 70 370
69 371 70 372
70 373 70 376
70 377 70 380
70 381 70 384
70 385 70 388
70 389 70 392
70 393 70 395
70 398 70 401
70 402 70 405
70 406 70 409
70 410 70 413
70 414 70 417
70 418 70 420
70 423 70 426
70 427 70 430
70 433 70 436
68 441 70 441
67 442 70 442
70 443 70 446
69 447 70 447
70 450 70 451
70 453 70 456
70 458 70 461
70 465 70 468
70 481 70 484
70 491 70 494
67 502 70 502
70 506 70 509
70 510 70 512
70 515 70 517
70 523 70 524
70 527 70 530
70 531 70 534
70 535 70 538
70 543 70 546
70 547 70 550
70 560 70 563
70 564 70 567
70 568 70 571
70 573 70 575
70 576 70 577
70 580 70 583
70 584 70 587
70 588 70 591
70 596 70 598
70 600 70 603
68 604 70 604
70 611 70 613
70 617 70 620
70 621 70 624
70 625 70 628
70 629 70 632
68 633 70 633
70 637 70 640
70 641 70 643
70 644 70 647
70 648 70 651
70 652 70 655
69 656 70 656
70 659 70 662
70 664 70 667
70 668 70 671
70 672 70 675
70 681 70 684
70 685 70 688
70 691 70 693
70 700 70 703
70 704 70 707
70 708 70 711
70 712 70 714
70 715 70 718
70 719 70 722
70 723 70 726
70 727 70 730
70 736 70 739
70 740 70 742
70 743 70 745
70 748 70 751
70 752 70 755
70 759 70 761
70 764 70 766
70 769 70 772
70 773 70 776
70 777 70 778
70 784 70 786
