37096
516 153 520 154
900 386 909 386
80 54 83 55
783 121 792 121
797 38 806 38
374 179 383 179
618 173 622 174
150 121 159 121
121 126 122 130
463 291 472 291
22 316 22 325
306 364 315 364
595 257 604 257
604 371 608 372
57 288 58 292
588 188 592 189
326 101 335 101
206 120 215 120
579 137 579 146
655 376 656 380
418 103 427 103
177 332 181 333
573 53 577 54
305 28 309 29
219 365 223 366
592 152 596 153
256 104 260 105
698 82 704 82
911 277 912 281
233 376 237 377
200 323 209 323
294 118 298 119
814 116 823 116
250 156 251 160
703 159 712 159
117 298 121 299
553 350 557 351
839 135 843 136
743 111 743 120
69 136 78 136
548 188 552 189
136 4 145 4
339 294 348 294
683 352 686 353
324 137 333 137
912 339 914 341
232 44 236 45
410 44 414 45
95 120 96 124
238 204 242 205
811 133 815 134
428 71 429 74
164 216 168 217
53 311 62 311
630 57 635 57
376 321 380 322
427 37 428 41
165 262 169 263
715 211 719 212
837 300 846 300
486 67 495 67
641 251 650 251
434 106 435 110
872 205 876 206
280 264 288 264
521 127 530 127
858 157 867 157
289 118 293 119
828 94 832 95
726 40 730 41
688 39 697 39
466 175 470 176
168 122 172 123
457 379 466 379
173 185 182 185
80 94 84 95
900 235 909 235
205 200 209 201
511 55 515 56
376 362 380 363
847 290 856 290
543 283 547 284
51 86 51 95
486 317 490 318
339 221 343 222
12 249 12 258
822 268 826 269
496 155 503 155
652 94 661 94
191 144 192 148
119 44 123 45
858 175 859 177
222 338 231 338
206 335 215 335
451 29 452 33
666 258 667 262
607 190 616 190
369 296 373 297
253 103 262 103
627 324 631 325
108 189 109 193
849 240 858 240
47 87 47 96
319 109 319 118
32 56 32 65
856 281 860 282
76 307 85 307
888 385 897 385
303 265 307 266
353 184 357 185
104 52 106 54
323 336 327 337
120 207 121 211
122 170 126 171
648 253 652 254
237 339 246 339
330 375 339 375
426 50 430 51
547 145 548 149
319 391 328 391
761 198 765 199
602 196 611 196
733 159 742 159
277 336 278 340
272 150 276 151
278 184 282 185
298 184 302 185
270 378 274 379
652 368 661 368
417 335 426 335
125 357 129 358
485 37 486 41
905 61 909 62
711 393 715 394
440 165 449 165
494 210 495 214
835 212 844 212
150 61 150 70
347 387 351 388
57 127 58 131
443 43 445 44
527 297 534 297
498 388 507 388
333 238 334 242
114 312 123 312
34 278 34 287
36 375 36 384
370 173 373 174
36 364 37 368
341 152 345 153
426 202 434 202
0 300 0 309
729 292 733 293
75 385 76 389
876 223 885 223
466 245 475 245
295 77 299 78
576 103 585 103
788 146 792 147
508 146 509 150
504 195 513 195
420 385 421 389
884 343 893 343
560 111 564 112
288 0 292 1
555 383 561 383
567 51 576 51
362 79 371 79
4 265 4 274
308 34 317 34
489 325 490 329
121 36 125 37
68 182 72 183
581 378 590 378
830 352 839 352
139 168 143 169
429 332 433 333
392 226 401 226
102 72 102 81
861 377 862 381
128 61 137 61
766 33 767 37
876 225 877 229
250 373 254 374
482 384 486 385
275 279 279 280
528 126 536 126
850 301 854 302
140 22 149 22
409 380 413 381
824 103 825 107
519 356 528 356
23 314 23 323
428 377 432 378
181 383 185 384
783 4 787 5
367 242 367 251
143 223 147 224
128 27 133 27
467 141 468 145
140 397 149 397
846 259 855 259
344 312 348 313
189 306 198 306
318 150 322 151
561 205 570 205
471 130 475 131
878 272 882 273
326 13 330 14
690 352 699 352
103 51 112 51
193 366 197 367
837 282 846 282
195 249 203 249
221 230 225 231
136 154 136 163
193 18 202 18
622 32 626 33
134 186 135 190
239 137 243 138
51 260 52 264
36 354 36 363
0 52 0 61
400 203 404 204
53 288 54 292
822 65 824 66
219 275 223 276
235 29 244 29
692 241 696 242
348 86 350 88
258 205 267 205
524 207 533 207
837 109 841 110
219 295 223 296
219 397 223 398
703 17 712 17
305 234 314 234
26 362 26 371
412 385 413 389
210 369 214 370
146 159 150 160
824 118 833 118
682 328 686 329
74 352 75 356
348 277 352 278
37 130 41 131
401 81 405 82
90 86 91 90
794 149 803 149
893 66 902 66
607 241 616 241
316 347 320 348
226 151 235 151
214 70 218 71
393 176 397 177
228 376 232 377
661 286 670 286
86 165 87 169
221 106 225 107
75 0 75 9
269 238 270 242
694 135 698 136
66 307 70 308
134 380 138 381
110 67 114 68
684 288 693 288
170 86 174 87
799 379 803 380
136 86 137 90
528 275 532 276
696 62 703 62
540 289 549 289
60 356 60 365
315 373 316 377
523 369 527 370
382 182 386 183
39 260 43 261
854 194 858 195
653 244 657 245
502 36 511 36
749 191 753 192
379 349 388 349
857 298 861 299
481 93 482 97
182 287 191 287
786 279 790 280
330 81 339 81
582 179 591 179
876 32 880 33
136 369 145 369
160 5 164 6
287 44 291 45
291 51 295 52
580 129 584 130
220 183 224 184
438 372 447 372
314 387 318 388
833 94 836 95
454 194 458 195
99 194 100 198
635 111 635 120
243 57 247 58
395 85 404 85
770 289 774 290
484 298 493 298
563 260 567 261
548 274 557 274
467 93 468 97
820 33 821 37
11 357 20 357
396 81 400 82
910 357 914 358
476 153 480 154
108 278 108 287
879 287 883 288
440 119 444 120
46 10 50 11
657 190 666 190
381 157 385 158
620 222 624 223
575 297 584 297
617 295 626 295
455 327 459 328
400 355 404 356
661 348 665 349
752 194 756 195
812 17 816 18
72 329 81 329
27 67 31 68
131 392 135 393
503 377 507 378
784 379 788 380
640 372 642 374
9 44 10 48
430 203 434 204
209 290 210 294
57 385 58 389
156 255 165 255
308 265 312 266
360 153 369 153
420 236 424 237
699 170 708 170
94 284 98 285
627 370 636 370
544 155 548 156
451 357 460 357
208 23 212 24
534 330 535 334
415 134 419 135
301 12 310 12
828 114 832 115
510 256 519 256
278 282 287 282
16 127 16 136
259 159 263 160
717 274 721 275
727 208 728 212
403 250 404 254
502 216 511 216
760 152 764 153
783 2 787 3
402 197 411 197
388 361 395 361
198 191 202 192
912 119 913 123
414 269 418 270
273 155 282 155
734 202 735 206
463 28 464 32
113 63 115 64
163 124 167 125
278 15 287 15
222 63 226 64
76 106 80 107
584 277 588 278
854 279 855 281
326 21 335 21
112 344 121 344
535 243 539 244
739 82 748 82
641 147 645 148
339 264 348 264
710 141 719 141
774 22 783 22
448 236 450 237
659 214 663 215
408 295 417 295
871 186 876 186
391 250 392 254
24 176 33 176
621 193 622 197
811 186 815 187
69 184 70 188
172 79 181 79
640 76 649 76
392 29 396 30
235 262 239 263
353 0 362 0
161 256 162 260
826 88 835 88
797 156 806 156
301 267 305 268
384 179 388 180
393 251 402 251
397 13 398 17
331 333 339 333
452 157 461 157
300 66 309 66
545 142 549 142
125 120 126 124
76 57 85 57
54 372 55 376
260 279 264 280
315 279 317 280
763 371 772 371
884 112 885 116
672 267 676 268
37 375 37 384
564 211 573 211
913 47 913 52
340 48 349 48
334 243 335 247
102 277 111 277
126 4 135 4
319 301 323 302
822 125 826 126
63 186 63 195
177 256 178 260
734 270 738 271
598 226 602 227
384 367 388 368
406 317 410 318
491 116 494 117
182 342 191 342
878 125 879 129
302 44 304 46
184 380 188 381
43 328 44 332
650 213 659 213
592 196 596 197
887 73 896 73
643 373 647 374
80 66 80 75
793 119 797 120
293 275 302 275
382 398 390 398
577 184 581 185
615 124 616 128
775 320 779 321
827 259 835 259
286 106 290 107
491 97 498 97
560 120 564 121
318 140 318 149
67 184 67 193
861 198 865 199
786 315 787 319
508 378 512 378
215 367 219 368
228 59 232 60
278 247 287 247
104 341 113 341
296 290 300 291
825 305 834 305
148 17 152 18
890 197 894 198
497 252 501 253
286 12 290 13
332 97 336 98
76 372 80 373
580 104 584 105
568 349 572 350
170 127 170 136
748 109 748 118
869 277 877 277
358 32 367 32
51 220 60 220
497 383 499 384
155 50 156 54
244 183 245 187
461 118 470 118
16 375 17 378
156 57 160 58
456 121 460 122
194 318 195 322
899 47 907 47
885 233 889 234
238 25 247 25
121 46 125 47
837 18 846 18
831 97 835 98
589 77 598 77
60 270 64 271
800 315 801 319
473 125 474 129
176 80 185 80
32 21 41 21
16 154 17 158
511 44 520 44
236 36 240 37
361 83 365 84
28 148 29 152
586 214 595 214
774 197 783 197
831 0 835 1
190 162 194 163
588 348 589 352
744 153 753 153
307 216 311 217
831 293 832 297
559 59 563 60
712 4 721 4
408 336 409 340
777 77 778 81
577 209 584 209
317 390 326 390
515 104 524 104
150 230 154 231
496 146 497 150
191 89 192 93
92 35 101 35
451 236 459 236
864 56 865 60
709 135 713 136
634 109 638 110
535 394 539 395
228 207 237 207
318 394 327 394
734 158 743 158
543 275 547 276
907 330 910 331
254 75 263 75
41 191 50 191
653 374 662 374
890 91 894 92
235 145 239 146
217 84 221 85
277 6 281 7
869 9 870 13
404 76 408 77
445 224 454 224
790 210 799 210
121 151 125 152
387 193 389 195
26 89 26 98
242 222 246 223
549 243 550 247
68 146 77 146
819 293 823 294
687 71 696 71
147 276 148 280
368 23 372 24
797 324 801 325
285 378 289 379
605 257 614 257
48 273 48 282
641 187 650 187
220 188 221 192
73 371 82 371
29 153 29 162
332 289 341 289
800 8 809 8
462 199 471 199
430 311 433 312
240 61 244 62
763 341 772 341
877 279 881 280
741 93 750 93
820 291 829 291
508 371 512 372
687 184 696 184
134 363 135 367
374 153 375 157
223 0 227 1
750 290 754 291
514 232 518 233
29 322 33 323
700 23 704 24
719 393 721 394
216 104 220 105
281 268 285 269
548 71 550 73
647 264 656 264
554 330 555 334
686 346 695 346
358 135 359 139
405 242 414 242
320 140 320 149
877 205 881 206
48 324 52 325
652 313 661 313
847 282 855 282
251 333 255 334
795 91 799 92
28 207 32 208
804 62 813 62
42 378 46 379
425 1 429 2
699 328 703 329
303 82 307 83
289 283 298 283
137 117 141 118
548 366 552 367
869 6 873 7
437 250 438 254
770 141 779 141
781 2 782 6
194 253 198 254
258 57 262 58
411 362 420 362
282 49 291 49
31 298 32 302
492 283 494 284
173 256 174 260
221 171 225 172
595 307 600 307
806 48 815 48
673 204 674 208
19 324 19 333
562 368 571 368
765 289 769 290
208 397 217 397
629 109 633 110
198 71 203 71
504 5 508 5
132 238 136 239
519 357 528 357
173 117 182 117
419 332 423 333
587 229 591 230
2 154 2 163
179 258 183 259
552 180 561 180
754 359 755 363
115 67 115 76
44 142 45 146
244 277 252 277
167 172 171 173
904 322 908 323
893 220 897 221
225 199 229 200
129 288 138 288
581 251 590 251
438 87 442 88
451 358 460 358
453 75 462 75
736 355 745 355
871 218 875 219
166 36 170 37
728 154 732 155
42 5 42 14
511 275 512 278
748 255 752 256
20 279 20 288
693 204 694 208
57 15 57 24
402 189 403 193
397 324 406 324
405 300 409 301
630 255 634 256
725 295 734 295
875 257 884 257
34 17 38 18
391 87 391 96
144 142 144 151
341 61 350 61
621 181 630 181
814 118 823 118
748 22 757 22
745 212 754 212
31 56 31 65
652 4 661 4
871 136 872 140
246 250 250 251
496 16 500 17
728 47 732 48
668 103 668 112
357 106 357 115
136 206 140 207
842 225 843 229
463 220 467 221
316 345 320 346
283 55 292 55
459 230 463 231
757 38 766 38
530 178 539 178
309 248 310 252
325 85 329 86
445 236 447 237
81 0 81 9
205 174 214 174
687 52 691 53
90 360 94 361
747 49 751 50
666 164 668 166
334 179 338 180
853 225 862 225
382 18 386 19
461 62 465 63
13 254 13 263
214 380 218 381
788 58 792 59
749 272 753 273
76 281 80 282
613 226 617 227
830 235 834 236
642 152 646 153
118 67 118 76
888 112 889 116
491 177 495 177
403 90 404 94
617 370 626 370
742 366 746 367
754 33 755 37
182 300 191 300
610 222 614 223
111 229 112 233
900 100 909 100
681 396 690 396
572 216 581 216
455 92 459 93
508 283 512 284
652 296 653 300
521 298 530 298
623 84 632 84
539 254 548 254
464 331 468 332
175 81 179 82
605 162 606 166
347 308 351 309
632 330 641 330
528 243 532 244
849 220 853 221
39 0 39 9
813 121 822 121
282 245 286 246
268 27 277 27
696 331 705 331
890 320 899 320
67 154 71 155
315 369 319 370
90 244 99 244
431 121 435 122
89 76 89 85
683 204 684 208
7 89 8 93
468 243 472 244
879 213 888 213
478 363 482 364
66 149 70 150
167 194 168 198
667 91 671 92
295 293 304 293
524 208 528 209
508 241 515 241
630 34 634 35
801 384 810 384
894 324 898 325
764 33 765 37
523 75 532 75
834 366 843 366
62 372 63 376
815 209 819 210
716 396 725 396
0 290 0 299
581 44 590 44
810 152 814 153
593 260 597 261
504 29 508 30
771 286 775 287
528 350 529 354
273 55 282 55
220 145 224 146
538 71 547 71
660 211 664 212
854 189 863 189
452 196 456 196
100 30 101 34
538 388 547 388
448 13 457 13
649 129 650 133
26 118 26 127
555 265 557 267
871 142 880 142
438 40 447 40
332 334 336 335
691 394 695 395
536 330 540 331
235 183 239 184
227 329 231 330
875 301 879 302
645 26 654 26
791 40 800 40
874 260 878 261
595 39 604 39
293 122 293 131
649 214 650 218
704 328 708 329
355 44 364 44
670 80 674 81
47 0 47 9
603 91 604 95
357 8 361 9
606 306 610 307
752 4 759 4
234 79 241 79
417 183 419 185
883 377 884 381
58 45 59 49
569 153 570 157
239 327 243 328
244 327 248 328
240 5 241 8
283 59 292 59
349 129 358 129
905 364 909 365
144 357 145 361
330 243 331 247
831 182 840 182
762 116 771 116
875 192 879 193
669 365 678 365
333 132 337 133
510 228 514 229
687 204 688 208
905 197 914 197
114 145 114 154
123 240 127 241
229 208 238 208
824 384 828 385
347 187 356 187
24 153 28 154
118 32 122 33
769 111 770 115
849 6 853 7
105 96 109 97
155 183 159 184
127 349 131 350
716 133 720 134
11 365 11 374
173 182 182 182
600 336 604 337
246 252 255 252
756 183 765 183
888 214 889 218
239 50 248 50
145 110 149 111
528 287 529 291
803 154 807 155
48 223 49 227
202 186 203 190
162 391 171 391
414 385 415 389
300 279 301 282
43 312 51 312
621 360 630 360
336 170 340 171
399 345 408 345
558 173 562 174
724 129 728 130
597 47 606 47
646 169 655 169
604 100 608 101
553 146 554 148
758 240 767 240
661 70 670 70
682 313 691 313
356 158 360 159
653 284 662 284
36 181 40 182
367 177 372 177
232 372 241 372
68 42 68 51
155 5 159 6
567 17 576 17
882 205 886 206
341 164 345 165
648 304 652 305
815 392 819 393
523 380 532 380
426 162 430 163
107 257 111 258
842 238 846 239
107 209 107 218
107 378 116 378
62 204 63 208
523 275 527 276
167 222 168 226
776 17 780 18
738 298 742 299
732 49 736 50
906 308 913 308
265 199 266 203
531 2 533 4
689 214 690 218
151 122 152 126
795 212 804 212
339 307 348 307
330 212 334 213
321 278 322 282
493 271 497 272
531 289 539 289
796 247 805 247
262 385 263 389
27 141 36 141
567 32 571 33
212 372 221 372
662 258 663 262
268 394 277 394
127 328 128 332
213 181 217 182
750 45 759 45
770 243 774 244
441 50 445 51
95 328 96 332
141 38 145 39
88 114 92 115
360 215 361 219
135 94 139 95
599 63 603 64
91 100 95 101
677 225 681 226
383 388 392 388
841 127 845 128
869 289 878 289
547 224 551 225
19 364 19 373
406 346 410 347
833 60 837 61
811 142 820 142
104 335 108 336
533 283 537 284
199 114 199 123
409 262 413 263
114 315 118 316
338 2 347 2
712 91 721 91
18 259 19 263
406 157 410 158
10 249 11 253
719 135 728 135
879 19 883 20
446 50 450 51
20 364 20 373
626 394 630 395
792 388 793 389
76 58 85 58
379 241 379 250
59 193 59 202
123 361 127 362
615 96 624 96
166 127 166 136
142 156 146 157
629 10 633 11
206 46 210 47
339 305 343 306
520 375 529 375
437 114 441 115
365 5 374 5
430 207 430 216
29 0 29 9
710 203 711 207
364 245 365 249
425 394 429 395
47 340 48 343
493 13 502 13
287 50 296 50
561 80 565 81
189 274 190 278
412 320 413 324
685 223 694 223
69 352 69 361
157 44 161 45
126 307 130 308
7 196 7 205
460 375 469 375
726 226 727 230
313 248 314 252
310 385 311 389
225 147 229 148
400 97 400 106
130 310 139 310
692 4 701 4
606 67 615 67
30 313 34 314
892 305 901 305
727 138 736 138
565 323 574 323
425 119 429 120
908 212 914 212
33 80 33 89
192 15 200 15
188 54 197 54
242 238 246 239
537 198 546 198
117 264 121 265
368 32 377 32
819 53 822 54
893 178 897 179
15 229 19 230
556 176 560 177
701 72 710 72
725 214 726 218
357 366 358 370
62 215 63 219
168 109 168 115
447 316 456 316
835 386 839 387
272 25 276 26
816 97 820 98
814 158 823 158
188 282 192 283
598 265 602 266
424 151 428 151
493 325 494 329
206 235 215 235
92 277 101 277
104 2 108 3
218 17 226 17
455 171 464 171
513 221 517 222
217 21 226 21
864 149 873 149
430 156 431 160
189 295 198 295
801 369 810 369
878 65 882 66
203 238 204 242
700 57 701 61
415 212 415 221
696 269 705 269
587 219 596 219
628 63 637 63
566 355 575 355
231 336 240 336
5 386 5 395
425 224 434 224
546 206 555 206
388 295 397 295
154 213 163 213
278 67 287 67
180 323 184 324
389 294 398 294
447 330 456 330
899 27 908 27
384 327 393 327
528 109 537 109
376 196 377 200
597 192 602 192
133 85 141 85
592 313 601 313
857 150 866 150
62 135 71 135
642 242 651 242
502 34 506 35
297 250 298 254
352 17 356 18
275 77 279 78
596 355 600 356
454 225 455 229
756 6 760 7
868 215 872 216
234 80 243 80
37 137 41 138
302 141 303 145
827 251 836 251
193 181 197 182
906 98 910 99
337 311 346 311
286 51 290 52
453 136 462 136
657 194 666 194
120 305 129 305
435 305 439 306
11 141 20 141
136 80 145 80
302 8 311 8
730 131 734 132
80 251 84 252
576 223 577 227
570 90 579 90
343 199 352 199
392 43 401 43
296 267 300 268
218 348 227 348
893 118 902 118
523 253 532 253
25 211 26 215
884 159 888 160
579 299 588 299
737 336 738 340
140 110 144 111
427 132 436 132
227 313 231 314
651 59 660 59
511 162 515 163
166 80 175 80
611 204 615 205
193 297 197 298
553 283 557 284
897 339 901 340
451 42 460 42
204 72 213 72
577 78 581 79
145 60 154 60
646 394 650 395
728 226 729 230
94 104 98 105
599 77 606 77
775 171 779 172
383 377 387 378
396 332 398 334
222 287 226 288
316 71 320 72
543 188 547 189
238 279 239 283
791 205 800 205
147 262 149 264
649 14 653 15
302 161 306 162
755 320 759 321
343 323 347 324
697 241 700 242
753 296 757 297
730 202 731 206
416 212 416 221
392 47 401 47
661 88 670 88
30 226 31 230
469 181 478 181
800 176 804 177
485 389 489 390
200 140 209 140
44 390 53 390
230 373 234 374
11 381 15 382
37 349 41 350
670 397 674 398
669 390 678 390
698 39 707 39
390 172 399 172
451 102 460 102
646 89 655 89
353 107 353 116
573 221 577 222
696 175 705 175
573 232 574 236
608 63 612 64
352 8 356 9
71 100 80 100
195 159 196 163
541 101 545 102
56 45 57 49
496 175 505 175
402 313 406 314
814 117 820 117
838 363 847 363
42 373 43 377
479 192 483 193
202 27 206 28
566 359 575 359
430 71 438 71
502 66 511 66
784 189 793 189
867 251 876 251
355 188 359 189
715 237 724 237
325 116 325 125
615 144 619 145
375 350 379 351
289 199 298 199
900 214 901 218
667 103 667 112
761 6 765 7
687 312 696 312
547 196 551 197
533 44 537 45
884 376 893 376
862 71 870 71
221 357 225 358
573 89 582 89
275 194 284 194
220 94 224 95
664 236 668 237
230 159 231 163
676 18 680 19
625 209 626 213
350 109 350 118
816 122 820 123
116 80 120 81
24 10 24 19
585 384 586 388
155 266 159 267
59 306 68 306
868 225 869 229
503 260 507 261
486 351 490 352
438 239 442 240
269 253 278 253
40 374 40 383
737 184 746 184
471 153 475 154
813 278 822 278
39 374 39 383
591 80 595 81
700 152 709 152
873 79 874 83
151 102 155 103
802 3 806 4
418 377 422 378
122 367 131 367
607 342 616 342
308 73 312 74
724 226 725 230
461 260 465 261
720 359 721 363
846 56 847 60
723 371 732 371
304 145 312 145
651 341 655 342
176 177 180 177
514 334 514 343
900 61 904 62
849 135 853 136
465 329 474 329
137 295 138 299
418 220 422 221
74 52 78 53
439 194 443 195
646 57 655 57
619 373 624 373
865 86 869 87
513 28 522 28
363 126 372 126
810 157 819 157
518 355 527 355
815 140 824 140
170 121 179 121
859 121 863 122
398 23 407 23
479 254 488 254
362 206 366 206
107 313 116 313
366 296 368 297
823 295 824 299
822 72 826 73
526 318 535 318
667 328 671 329
524 272 533 272
389 87 390 91
128 14 128 23
43 69 44 73
122 277 122 286
851 330 858 330
899 324 903 325
67 170 71 171
759 328 763 329
463 233 469 233
740 397 744 398
684 129 688 130
545 264 549 265
601 134 605 135
343 57 347 58
138 99 147 99
777 96 781 97
449 80 450 84
15 231 19 232
685 161 694 161
675 204 676 208
610 178 619 178
201 175 205 176
86 76 86 85
292 44 296 45
489 269 493 270
563 23 567 24
230 147 234 148
578 40 587 40
903 78 903 87
668 296 672 297
172 30 176 31
69 189 73 190
462 56 471 56
607 40 616 40
775 25 784 25
459 391 468 391
324 164 325 168
825 124 834 124
492 121 496 122
3 204 3 213
650 211 654 212
390 181 399 181
780 352 784 353
295 212 299 213
540 161 549 161
752 366 756 367
778 33 779 37
11 361 19 361
323 278 327 279
747 325 756 325
184 250 188 251
239 248 243 249
365 224 369 225
653 318 657 319
325 91 329 92
496 164 505 164
876 393 880 394
316 68 325 68
614 288 618 289
114 245 118 246
393 75 402 75
339 304 343 304
357 387 361 388
240 286 249 286
11 184 11 193
206 393 212 393
240 16 249 16
31 188 35 189
892 349 896 350
847 54 856 54
721 133 725 134
25 334 26 338
705 326 709 327
132 344 136 345
602 286 611 286
450 233 459 233
152 241 156 242
164 179 168 180
234 380 238 381
353 57 356 58
546 389 550 390
588 249 595 249
548 346 552 347
472 384 476 385
291 290 295 291
128 199 132 200
547 17 556 17
15 295 15 304
748 148 757 148
802 108 806 109
313 109 314 113
215 360 216 364
690 213 699 213
529 208 533 209
308 394 317 394
318 132 327 132
439 146 443 147
593 291 602 291
834 360 843 360
354 340 363 340
639 293 643 294
479 230 488 230
650 80 654 81
705 347 714 347
876 37 880 38
335 94 339 95
674 135 678 136
97 298 101 299
463 265 467 266
92 76 92 85
555 336 559 337
165 119 169 120
699 10 703 11
299 97 303 98
739 292 743 292
686 133 690 134
80 231 80 240
22 238 26 239
38 367 41 368
556 328 565 328
15 330 15 339
685 171 689 172
728 96 732 97
530 217 534 218
855 152 859 153
882 249 891 249
653 52 657 53
680 8 689 8
323 102 327 103
562 310 562 319
650 95 654 96
83 293 84 297
99 245 103 246
707 361 711 362
890 112 891 116
406 83 410 84
827 206 829 208
343 356 352 356
480 146 481 150
369 38 373 39
323 0 327 1
474 262 477 263
617 40 626 40
541 199 550 199
589 4 593 5
438 295 447 295
5 81 5 90
869 344 878 344
534 274 543 274
631 386 640 386
155 222 164 222
389 304 398 304
230 77 234 78
466 60 470 61
43 218 43 227
385 119 389 120
661 396 670 396
272 178 281 178
851 117 860 117
730 235 734 236
251 172 260 172
222 274 229 274
820 326 824 327
306 196 310 197
579 91 580 95
107 141 111 142
711 93 720 93
747 111 747 120
111 80 115 81
740 213 749 213
806 169 815 169
327 299 331 300
77 194 78 198
903 191 907 192
681 22 690 22
308 140 309 144
601 151 610 151
900 278 902 280
400 224 403 225
24 240 24 249
726 42 730 43
790 33 791 37
292 134 296 135
424 173 433 173
17 244 17 253
320 322 329 322
184 272 193 272
695 229 697 231
30 218 34 219
694 14 698 15
251 231 260 231
174 179 178 180
699 166 708 166
522 220 531 220
438 72 442 73
878 265 882 266
7 39 16 39
178 28 182 29
677 93 686 93
902 54 903 58
641 379 645 380
757 184 766 184
771 42 775 43
150 389 154 390
63 181 67 182
37 354 37 363
165 364 169 365
446 307 449 308
307 225 316 225
142 384 146 385
268 34 277 34
275 281 284 281
716 113 720 114
198 370 202 371
722 127 731 127
395 87 395 96
27 295 27 304
730 162 738 162
5 139 6 143
102 320 105 320
501 93 502 97
195 362 199 363
787 156 796 156
396 62 405 62
630 132 634 133
276 4 285 4
548 215 557 215
272 8 281 8
407 128 407 137
394 215 398 216
479 181 488 181
333 265 337 266
829 51 833 52
120 363 121 367
450 104 454 105
438 257 447 257
465 137 469 138
797 331 806 331
568 363 572 364
509 304 518 304
213 371 222 371
457 335 466 335
491 325 492 329
857 54 866 54
383 87 384 91
875 145 884 145
723 341 732 341
17 346 18 350
287 89 291 90
503 258 507 259
153 124 162 124
222 289 231 289
379 10 388 10
315 232 319 233
365 33 366 37
691 169 695 170
625 246 629 247
458 336 462 337
301 248 302 252
143 366 147 367
308 247 317 247
532 65 536 66
261 204 270 204
203 311 212 311
770 166 774 167
553 378 557 379
430 249 438 249
278 227 287 227
694 12 702 12
758 94 762 95
469 9 473 10
718 39 719 43
329 135 333 136
598 254 607 254
760 232 769 232
430 167 434 168
526 263 527 267
539 17 546 17
349 168 353 169
543 308 547 309
387 61 396 61
215 369 219 370
63 359 64 363
85 199 86 203
92 11 96 12
406 50 410 51
277 177 286 177
855 11 856 15
364 217 368 218
433 37 437 38
502 271 503 275
318 392 322 393
696 9 705 9
157 313 166 313
394 58 403 58
82 5 91 5
630 338 638 338
489 254 498 254
15 98 16 102
803 306 807 307
56 15 56 24
836 222 840 223
283 286 287 287
835 347 844 347
168 233 172 234
454 14 458 15
321 196 325 197
797 314 806 314
792 310 796 311
775 392 779 393
596 136 605 136
262 181 263 185
617 310 621 311
58 248 59 252
212 395 216 396
348 16 357 16
530 0 534 1
801 198 805 199
232 170 241 170
670 167 674 168
625 106 634 106
56 309 60 310
468 352 475 352
300 341 309 341
460 59 469 59
233 114 237 115
582 196 586 197
809 310 810 314
297 243 301 244
400 172 409 172
835 92 844 92
834 149 843 149
844 51 848 52
639 109 639 118
129 245 133 246
233 204 237 205
348 360 352 361
412 196 416 197
540 226 544 227
761 83 765 84
75 33 79 34
37 82 41 83
768 11 772 12
281 342 285 343
833 293 834 297
53 303 57 304
22 250 22 259
404 57 408 58
532 157 538 157
800 235 804 236
142 343 143 347
889 322 893 323
645 315 649 316
721 69 725 70
246 276 255 276
552 212 556 213
12 206 12 215
579 294 588 294
9 149 10 153
632 340 641 340
603 89 612 89
60 349 64 350
695 63 699 64
605 116 614 116
285 228 289 229
196 166 200 167
517 302 526 302
69 97 70 101
642 86 646 87
910 215 914 216
563 346 566 347
595 184 599 185
83 73 87 74
202 354 206 355
91 38 100 38
852 288 856 289
310 85 314 86
537 279 541 280
723 296 727 297
610 22 617 22
521 122 530 122
41 76 50 76
70 163 74 164
427 316 436 316
130 7 134 8
607 123 607 132
810 145 814 146
651 85 660 85
19 126 19 135
15 15 16 19
273 57 277 58
824 158 832 158
33 308 35 310
502 61 506 62
778 190 779 194
716 333 725 333
279 50 286 50
422 100 426 101
454 11 458 11
427 99 431 100
62 142 62 151
194 255 195 259
840 291 849 291
545 112 554 112
455 94 456 98
900 396 909 396
695 295 704 295
132 349 136 350
470 305 474 306
518 74 527 74
554 14 558 15
449 18 458 18
586 272 587 273
669 214 670 218
503 336 503 345
713 102 717 103
98 189 99 193
215 238 216 242
490 165 499 165
482 8 491 8
773 257 777 258
643 265 647 266
459 139 468 139
562 68 571 68
216 230 220 231
847 220 848 224
799 377 803 378
874 384 876 385
448 91 448 100
700 375 709 375
314 137 323 137
452 320 453 324
401 12 402 16
413 34 417 35
466 288 475 288
490 1 494 2
155 119 159 120
884 135 893 135
901 311 910 311
738 47 742 48
315 384 324 384
605 39 614 39
395 224 399 225
321 362 325 363
435 202 444 202
88 279 92 280
532 396 536 397
560 109 563 110
642 91 646 92
419 262 423 263
663 385 670 385
800 375 809 375
97 213 97 222
78 27 82 28
78 16 79 20
286 9 287 10
376 140 376 149
146 175 150 176
237 265 246 265
50 87 50 96
729 14 732 15
256 211 260 212
422 96 426 97
94 286 98 287
310 181 319 181
388 118 397 118
564 101 573 101
846 37 850 38
910 37 914 38
153 32 157 33
632 203 641 203
871 173 880 173
226 209 230 210
189 270 193 271
185 160 189 161
839 395 848 395
435 141 436 145
379 89 379 98
774 359 775 363
180 214 184 215
330 181 339 181
646 341 650 342
156 4 165 4
870 225 871 229
870 386 874 387
261 357 265 358
723 336 724 340
689 14 693 15
322 327 326 328
656 265 660 266
292 385 293 389
387 182 391 183
280 181 284 182
603 188 604 192
426 260 430 261
775 152 779 153
791 142 800 142
10 84 11 88
252 219 261 219
639 179 643 180
34 19 38 20
832 141 833 145
466 133 475 133
343 354 347 355
798 315 799 319
196 117 196 126
291 104 295 105
570 223 571 227
615 117 624 117
461 102 470 102
630 373 639 373
310 56 319 56
621 72 630 72
570 330 571 334
322 29 326 30
145 272 154 272
383 13 387 14
497 196 501 197
291 294 298 294
142 357 143 361
627 340 631 341
116 247 123 247
80 46 81 48
196 13 200 14
142 388 151 388
796 203 800 204
829 4 833 5
561 137 562 141
731 186 735 187
352 299 361 299
635 39 644 39
176 107 180 108
245 291 249 292
149 154 158 154
391 160 399 160
616 175 620 176
877 290 879 292
489 391 490 395
180 244 181 248
481 118 490 118
662 296 663 300
532 385 536 386
740 283 749 283
194 270 203 270
393 97 393 106
796 218 805 218
286 250 290 251
585 267 589 268
481 245 485 246
305 346 309 347
597 181 601 182
48 372 49 376
703 37 707 38
601 232 602 236
653 165 657 166
527 379 536 379
3 71 3 80
692 302 696 303
155 127 159 128
44 289 45 293
331 208 335 209
903 341 911 341
883 63 892 63
907 359 914 359
756 122 765 122
448 328 452 329
596 269 605 269
422 283 426 284
150 110 154 111
96 224 96 233
766 198 770 199
244 350 245 354
173 339 182 339
113 157 117 158
193 282 197 283
519 29 523 30
843 318 847 319
30 195 30 204
127 365 131 366
752 274 756 275
443 141 444 145
639 80 643 81
829 299 838 299
234 97 238 98
330 371 334 372
400 109 409 109
318 377 327 377
748 335 757 335
200 266 204 267
166 186 167 190
900 88 909 88
330 114 334 115
625 322 628 323
44 253 45 257
489 285 493 286
93 335 93 344
586 292 595 292
899 342 903 343
309 391 318 391
826 78 827 82
243 95 247 96
112 220 116 221
647 152 651 153
743 374 750 374
461 50 465 51
535 145 536 149
532 330 533 334
839 4 843 5
188 228 192 229
551 371 553 373
468 74 477 74
913 330 914 334
156 146 157 150
550 305 554 306
494 5 503 5
114 218 123 218
535 217 544 217
494 355 498 356
492 275 501 275
480 355 484 356
632 286 641 286
810 352 819 352
874 275 877 276
600 255 604 256
391 42 400 42
355 335 364 335
280 91 284 92
486 50 489 51
347 242 356 242
780 356 781 360
554 217 556 219
658 252 662 253
268 272 272 273
620 354 629 354
225 201 234 201
338 67 347 67
447 234 451 235
426 121 430 122
663 37 672 37
507 313 511 314
756 241 765 241
40 298 40 307
813 78 817 79
333 16 342 16
347 385 351 386
679 365 688 365
675 167 684 167
809 127 813 128
429 391 438 391
300 181 309 181
330 88 339 88
361 362 365 363
779 10 788 10
375 301 379 302
218 376 222 377
556 332 560 333
31 195 31 204
153 185 162 185
285 182 294 182
117 321 121 322
555 326 559 327
218 297 222 298
535 91 544 91
578 260 582 261
663 291 671 291
40 171 41 175
110 70 110 79
80 355 84 356
163 293 172 293
22 34 31 34
116 203 125 203
50 226 54 227
135 83 144 83
674 361 683 361
248 9 252 10
234 26 243 26
482 273 486 274
145 288 145 297
269 111 273 112
190 268 199 268
845 220 846 224
565 160 574 160
440 63 441 67
820 72 821 76
863 35 867 36
648 38 657 38
538 377 547 377
5 332 6 336
861 372 865 373
440 184 449 184
404 343 408 344
671 330 675 331
664 352 672 352
799 213 808 213
717 160 721 161
780 63 784 64
69 374 78 374
788 148 797 148
232 300 241 300
779 386 783 387
371 42 380 42
427 14 431 15
29 147 38 147
451 317 455 318
567 345 576 345
725 139 729 140
485 141 486 145
216 19 220 20
424 106 425 110
737 208 738 212
905 126 909 127
5 265 5 274
379 343 383 344
299 136 303 137
86 154 90 155
297 177 306 177
237 285 246 285
886 194 887 198
404 319 408 320
778 11 782 12
240 369 244 370
779 0 783 1
479 353 483 354
312 395 321 395
150 183 154 184
536 103 545 103
507 379 516 379
539 157 548 157
325 248 326 252
850 386 859 386
355 333 359 334
660 90 669 90
701 42 701 51
620 105 629 105
622 4 631 4
460 327 464 328
343 336 347 337
125 207 125 216
870 29 879 29
152 368 161 368
515 394 519 395
353 173 357 174
758 216 762 217
303 146 312 146
495 386 499 387
17 308 21 309
266 51 270 52
116 277 116 286
256 12 265 12
237 395 241 396
589 288 593 289
407 114 411 115
417 114 426 114
72 147 76 148
554 76 558 77
739 46 748 46
893 355 897 356
541 373 545 374
570 161 579 161
679 309 688 309
826 286 830 287
785 111 794 111
722 45 729 45
24 108 24 117
415 148 419 149
531 290 540 290
809 178 813 179
389 143 398 143
738 373 747 373
33 194 33 203
793 284 797 285
619 371 623 372
188 141 192 142
13 44 14 48
773 114 777 115
283 265 287 266
307 218 316 218
666 269 675 269
250 281 254 282
278 345 279 349
794 364 803 364
330 352 339 352
663 38 672 38
109 335 113 336
596 276 600 277
621 251 630 251
260 16 269 16
664 178 668 179
140 186 141 190
445 80 446 84
703 322 712 322
851 129 855 130
281 75 290 75
884 189 893 189
487 114 491 115
673 198 677 199
625 193 626 197
651 348 655 349
902 349 906 350
801 330 810 330
348 265 352 266
572 78 576 79
611 147 615 148
398 389 407 389
628 226 630 227
302 334 306 335
440 300 444 301
272 345 273 349
411 158 420 158
752 260 761 260
772 238 776 239
54 31 54 40
711 133 715 134
591 273 600 273
152 35 161 35
274 248 278 249
53 295 54 299
186 176 190 177
323 323 332 323
66 194 70 195
762 39 771 39
52 64 61 64
34 213 43 213
24 219 24 228
541 57 545 58
720 213 729 213
846 231 855 231
284 260 288 261
247 348 251 349
467 382 471 383
513 371 517 372
95 194 96 198
586 269 595 269
447 185 456 185
647 48 651 49
639 376 640 380
856 56 857 60
68 0 68 9
63 387 67 388
600 375 609 375
527 340 536 340
458 39 462 40
117 65 121 66
446 216 455 216
837 350 841 351
500 106 504 107
164 219 173 219
155 225 158 226
278 27 287 27
702 196 711 196
469 93 470 97
538 308 542 309
738 296 742 297
380 144 381 148
394 87 394 96
194 312 203 312
55 243 55 252
72 64 81 64
323 23 327 24
866 88 875 88
234 153 243 153
286 303 295 303
88 268 89 272
364 11 373 11
39 185 43 186
131 300 135 301
421 102 430 102
883 265 887 265
467 6 471 7
242 79 251 79
58 301 62 302
651 163 655 164
524 29 528 30
514 356 515 359
63 389 72 389
711 113 715 114
122 197 131 197
4 324 4 333
92 224 92 233
627 182 636 182
63 179 67 180
337 182 341 183
872 214 881 214
649 60 658 60
16 362 25 362
189 356 198 356
697 220 701 221
567 392 571 393
135 154 135 163
358 290 362 291
226 159 227 163
174 94 178 95
763 284 767 285
159 216 163 217
695 193 704 193
464 380 467 381
109 337 113 338
909 159 911 160
136 73 140 74
776 175 785 175
887 46 896 46
570 265 571 269
434 194 438 195
631 164 635 165
282 385 283 389
912 88 914 89
385 65 389 66
75 300 76 304
701 85 710 85
888 224 897 224
276 122 280 123
896 321 905 321
326 223 335 223
628 282 632 283
656 273 665 273
387 87 388 91
868 355 872 356
538 74 547 74
151 36 155 37
545 226 549 227
452 27 461 27
609 60 618 60
446 317 450 318
313 69 322 69
615 111 624 111
504 230 508 231
105 377 106 381
361 208 365 209
532 119 541 119
315 163 324 163
530 316 534 317
521 331 521 340
650 281 659 281
747 182 750 183
60 163 60 172
639 138 648 138
768 240 777 240
312 385 313 389
417 152 421 153
891 42 895 43
54 168 58 169
856 88 860 89
314 135 318 136
520 223 529 223
736 225 737 229
67 196 68 200
904 201 912 201
185 201 194 201
422 247 426 248
664 219 673 219
525 120 529 121
95 97 104 97
35 285 39 286
642 141 651 141
723 238 727 239
449 207 453 208
614 41 615 45
603 115 612 115
270 271 279 271
126 369 130 370
507 198 516 198
281 253 282 257
379 391 388 391
761 330 770 330
132 194 141 194
417 297 421 298
606 345 615 345
416 288 425 288
820 289 823 290
857 251 866 251
774 205 778 206
737 216 740 217
148 32 152 33
238 237 247 237
255 363 259 364
808 363 817 363
342 312 343 316
632 239 636 240
729 179 733 180
85 204 89 205
671 147 672 151
499 142 501 144
909 333 912 334
723 47 727 48
24 72 24 81
325 351 329 352
364 27 373 27
690 294 699 294
562 63 568 63
767 214 771 215
843 322 852 322
701 393 710 393
544 92 548 93
640 382 641 384
591 142 600 142
6 41 6 50
581 126 585 127
258 281 264 281
762 292 771 292
494 232 498 233
310 353 319 353
115 194 116 198
134 304 143 304
755 123 764 123
853 119 854 123
210 373 214 374
636 226 640 227
8 380 17 380
623 63 627 64
870 152 879 152
259 99 268 99
293 23 297 24
771 376 780 376
39 45 39 54
12 269 13 273
856 265 862 265
275 336 276 340
223 40 227 41
464 230 473 230
401 398 410 398
399 179 403 180
555 394 559 395
594 350 598 351
537 126 546 126
204 168 208 169
513 75 522 75
213 311 222 311
115 376 124 376
537 132 545 132
275 85 279 86
206 243 207 247
9 222 13 223
3 169 4 173
432 166 441 166
106 46 110 47
364 320 373 320
413 280 422 280
285 373 289 374
605 167 609 168
44 223 45 227
431 162 435 163
892 190 893 194
536 271 545 271
267 323 276 323
425 300 429 301
188 243 189 247
72 378 76 379
794 368 803 368
487 17 491 18
568 351 572 352
183 89 184 93
845 217 854 217
503 283 507 284
35 353 44 353
93 355 94 359
42 193 42 202
871 182 875 183
589 10 593 11
630 228 639 228
35 55 36 59
485 320 489 321
53 260 54 264
304 380 308 381
609 206 613 207
55 81 55 90
621 374 630 374
620 338 629 338
855 111 864 111
34 354 35 358
853 23 854 27
281 130 285 131
33 205 37 206
443 265 452 265
512 220 521 220
407 283 411 284
401 59 410 59
267 382 276 382
545 243 546 247
436 336 437 340
81 89 82 93
870 357 879 357
835 237 844 237
355 45 359 46
30 85 30 94
184 26 193 26
234 248 238 249
233 253 235 255
49 170 58 170
724 87 728 88
544 252 552 252
656 13 665 13
371 346 375 347
91 108 95 109
102 274 106 275
185 145 186 149
241 174 250 174
754 56 755 60
465 90 469 91
271 193 272 196
903 355 907 356
593 173 597 174
114 377 123 377
293 10 302 10
56 66 65 66
415 44 419 45
370 143 371 147
206 38 207 41
910 124 914 125
431 37 432 40
92 0 93 3
750 139 754 140
464 353 468 354
749 188 753 189
513 93 514 97
323 243 327 244
586 80 590 81
612 340 616 341
575 121 584 121
193 276 197 277
253 228 257 229
599 373 608 373
260 61 262 62
527 384 536 384
14 66 14 75
641 345 645 346
617 203 626 203
57 295 58 299
568 367 577 367
546 164 554 164
94 135 94 144
894 303 897 304
423 243 427 244
74 375 78 376
861 281 865 282
290 341 299 341
336 135 337 139
131 205 140 205
344 11 353 11
262 20 270 20
894 322 898 323
804 374 813 374
702 201 711 201
570 144 571 148
578 190 582 191
33 207 37 208
441 276 445 277
592 179 596 180
669 302 673 303
652 246 656 247
832 238 836 239
10 173 11 177
913 352 914 356
122 346 131 346
558 64 567 64
122 365 126 366
214 365 218 366
160 110 164 111
207 44 211 45
168 359 169 363
221 163 225 164
874 333 878 334
457 185 466 185
532 346 534 348
756 40 760 41
348 287 357 287
469 139 478 139
280 200 284 201
676 317 677 321
202 287 211 287
580 267 584 268
34 268 34 277
865 258 874 258
707 71 716 71
432 320 433 324
492 257 501 257
585 232 586 236
458 87 462 88
153 106 162 106
908 210 912 211
226 307 230 308
665 80 669 81
62 113 71 113
889 146 894 146
505 204 514 204
152 320 153 324
800 365 809 365
688 173 692 174
408 207 417 207
420 210 420 219
728 296 732 297
587 45 590 46
39 214 43 215
273 277 277 278
495 134 499 135
827 137 831 138
620 149 629 149
256 122 265 122
320 378 327 378
632 32 636 33
794 219 803 219
799 127 803 128
151 309 160 309
216 303 225 303
301 36 305 37
407 90 408 94
581 384 582 388
94 149 98 150
805 295 806 299
878 222 887 222
812 267 816 268
458 239 467 239
435 394 439 395
872 200 873 204
77 102 81 103
430 65 434 66
665 83 669 84
528 346 531 346
162 23 171 23
546 57 550 58
701 308 710 308
138 223 142 224
204 248 208 249
187 156 191 157
31 179 35 180
130 384 131 388
302 245 306 246
609 270 618 270
133 339 142 339
413 243 422 243
878 119 879 122
232 279 233 283
788 284 792 285
574 36 583 36
752 33 753 37
32 74 36 75
588 53 592 54
848 232 852 233
471 276 480 276
708 244 712 245
323 324 332 324
141 9 150 9
7 35 11 36
323 133 327 134
295 106 297 107
78 68 78 77
860 69 861 71
889 324 893 325
444 269 448 270
263 60 265 62
95 132 95 141
571 357 580 357
95 224 95 233
328 82 332 83
824 219 833 219
663 318 667 319
313 184 317 185
648 248 657 248
708 47 712 48
258 272 262 273
181 99 185 100
452 148 453 152
740 281 744 282
505 243 506 247
420 278 424 279
741 241 745 242
558 358 567 358
176 99 180 100
135 268 139 269
883 79 884 83
851 332 860 332
873 23 874 27
390 125 399 125
631 374 639 374
52 233 56 234
446 347 455 347
329 166 335 166
23 206 32 206
636 169 645 169
179 186 183 187
188 255 189 259
388 265 392 266
631 287 640 287
28 254 28 263
612 217 613 221
911 225 913 227
690 131 694 132
34 298 34 307
66 390 67 394
536 169 545 169
846 139 847 143
340 94 344 95
598 231 607 231
520 165 529 165
414 160 415 164
43 324 47 325
757 218 766 218
906 183 914 183
680 58 684 59
701 358 710 358
198 88 207 88
400 44 404 45
210 56 219 56
747 104 756 104
823 51 824 54
431 207 431 216
95 94 99 95
182 30 186 31
324 325 328 326
581 91 582 95
5 154 5 163
353 355 362 355
174 304 183 304
327 7 328 10
562 50 571 50
294 380 298 381
310 331 314 332
615 297 616 301
240 386 244 387
393 370 402 370
146 221 155 221
202 128 206 129
355 350 359 351
422 205 430 205
708 252 717 252
215 96 219 97
419 380 423 381
714 129 718 130
65 121 65 130
587 387 591 388
613 297 614 301
296 295 300 296
75 56 83 56
495 158 499 159
29 10 29 19
547 307 556 307
514 76 518 77
601 383 605 384
584 12 593 12
237 348 246 348
731 156 735 157
710 139 714 140
106 177 115 177
338 150 340 151
775 185 784 185
433 239 437 240
381 50 385 51
218 188 219 192
372 37 381 37
862 260 868 260
893 149 902 149
895 50 904 50
524 148 528 149
368 290 372 291
175 383 176 387
414 167 418 168
744 270 748 271
329 173 330 177
166 96 170 97
366 288 375 288
214 154 218 155
322 98 331 98
1 374 1 383
322 140 322 149
528 74 537 74
382 148 389 148
199 179 203 180
467 37 468 41
219 284 228 284
833 121 842 121
711 198 715 199
324 135 328 136
877 132 881 133
765 52 765 61
687 362 693 362
73 98 77 99
560 326 564 327
79 61 87 61
487 132 496 132
310 200 314 201
21 20 22 24
110 303 118 303
88 281 92 282
182 178 191 178
681 394 685 395
652 86 661 86
581 202 590 202
392 178 400 178
326 172 335 172
424 159 425 163
805 100 809 101
225 263 234 263
223 143 227 144
406 189 410 190
140 266 144 267
499 139 508 139
369 179 373 180
220 237 229 237
360 333 369 333
902 163 906 164
529 145 530 149
320 91 324 92
560 203 564 204
266 276 275 276
207 326 211 327
156 19 160 20
38 171 39 175
61 108 65 109
369 391 378 391
493 380 502 380
233 234 242 234
454 16 458 17
797 68 806 68
288 42 297 42
835 358 844 358
235 375 244 375
444 332 453 332
495 278 499 279
183 28 187 29
787 312 791 313
370 273 374 274
874 189 883 189
724 158 733 158
449 141 450 145
154 152 158 153
556 13 565 13
865 50 874 50
271 333 275 334
141 352 142 356
814 178 818 179
467 19 471 20
568 74 577 74
239 304 243 305
857 350 861 351
405 250 414 250
416 164 425 164
120 15 120 24
287 382 296 382
864 303 868 304
722 137 730 137
737 243 746 243
898 318 902 319
563 53 567 54
575 137 575 146
256 209 260 210
58 274 62 275
814 288 823 288
186 36 190 37
717 126 726 126
903 149 909 149
428 32 429 36
46 13 50 14
821 373 830 373
9 89 10 93
66 377 75 377
789 314 796 314
45 367 49 368
6 54 7 58
722 162 726 163
113 98 117 99
834 41 843 41
598 363 602 364
168 49 177 49
854 261 863 261
453 174 462 174
322 89 326 90
721 83 725 84
70 126 71 130
469 264 477 264
437 141 438 145
429 192 433 193
780 192 784 193
612 246 616 247
169 216 173 217
663 123 672 123
453 309 457 310
883 286 892 286
142 391 151 391
746 107 750 108
551 122 560 122
145 12 146 16
762 150 766 151
34 194 34 203
389 129 398 129
471 118 480 118
244 75 253 75
181 176 185 177
867 200 871 201
666 296 667 299
123 234 132 234
26 295 26 304
642 328 646 329
360 375 369 375
290 56 299 56
397 335 406 335
684 51 693 51
531 288 538 288
531 373 535 374
733 77 742 77
86 0 87 4
503 188 507 189
8 168 8 177
856 311 857 315
536 281 540 282
786 69 790 70
326 166 328 168
123 32 132 32
466 255 470 256
659 60 668 60
358 360 362 361
428 128 432 129
308 57 312 58
134 328 138 329
177 313 186 313
736 177 745 177
619 200 628 200
893 228 902 228
601 276 605 277
236 166 245 166
0 199 0 208
1 154 1 163
362 128 369 128
185 174 194 174
319 99 323 100
848 361 852 362
762 79 766 80
555 167 559 168
100 261 104 262
715 25 724 25
645 219 653 219
466 166 470 167
699 14 703 15
478 146 479 150
849 4 853 5
882 105 891 105
328 67 337 67
736 350 740 351
354 167 358 168
348 191 357 191
882 207 886 208
619 314 628 314
333 356 342 356
470 233 479 233
167 117 171 118
748 164 752 165
40 295 49 295
881 34 890 34
161 50 162 54
814 374 823 374
367 7 376 7
583 173 587 174
730 315 731 319
65 366 69 367
528 69 532 70
737 238 741 239
876 130 885 130
496 24 497 26
872 207 876 208
342 284 346 285
620 36 629 36
171 175 175 176
402 283 406 284
278 135 282 136
706 315 707 319
864 118 865 122
340 181 349 181
353 366 354 370
718 254 727 254
577 345 586 345
471 121 475 122
412 140 421 140
382 104 386 105
735 277 744 277
59 74 60 78
876 30 880 31
392 189 393 193
497 307 501 308
845 258 854 258
730 255 734 256
678 373 687 373
49 306 58 306
126 0 127 3
508 95 512 96
455 307 459 308
574 110 583 110
62 156 71 156
388 69 392 70
367 6 376 6
181 288 182 292
532 300 536 301
856 244 860 245
740 294 749 294
340 188 344 189
553 144 554 145
223 323 224 327
237 177 246 177
348 67 357 67
894 275 898 276
395 5 404 5
715 23 719 24
652 258 653 262
58 193 58 202
140 362 144 363
114 69 114 78
621 55 625 56
215 39 224 39
324 340 333 340
227 331 231 332
862 143 871 143
505 383 509 384
153 182 162 182
687 115 696 115
34 34 34 43
122 363 131 363
316 362 320 363
218 269 219 273
424 306 425 307
328 129 337 129
682 239 684 240
192 30 196 31
255 152 259 153
356 223 365 223
238 269 247 269
455 160 464 160
745 289 749 290
465 389 469 390
562 119 568 119
809 5 813 6
860 79 864 80
226 235 235 235
313 392 317 393
323 9 326 10
255 5 264 5
477 384 481 385
717 34 726 34
652 152 656 153
261 202 264 203
337 187 346 187
693 17 702 17
523 125 527 126
835 305 836 309
490 124 498 124
630 348 631 352
890 326 894 327
705 40 705 49
251 309 252 313
302 243 306 244
120 368 129 368
15 40 24 40
517 169 521 170
601 376 605 377
842 342 846 343
642 220 646 221
542 6 546 7
740 291 749 291
549 237 553 238
300 16 309 16
620 139 624 140
32 244 32 253
909 47 912 48
507 6 511 7
912 90 914 91
727 104 736 104
348 371 349 375
454 12 463 12
409 320 411 322
506 112 510 113
494 258 495 261
534 211 543 211
266 274 270 275
240 77 244 78
41 153 42 157
853 228 862 228
431 205 440 205
173 232 177 233
550 353 554 354
287 47 296 47
349 151 358 151
651 181 660 181
879 74 883 75
592 286 601 286
102 189 103 193
39 152 48 152
726 83 730 84
357 385 361 386
20 172 21 176
276 385 277 389
62 277 62 286
585 282 594 282
513 190 517 191
536 291 540 292
134 25 138 26
538 275 542 276
775 345 784 345
847 323 851 324
321 71 325 72
908 361 912 362
38 364 40 366
42 354 42 363
553 239 554 243
224 202 228 203
81 120 82 124
321 260 325 261
70 318 74 319
462 79 471 79
509 140 513 141
495 325 496 329
809 263 813 264
783 173 787 174
465 141 466 145
718 154 722 155
498 310 507 310
875 386 879 387
729 54 738 54
97 390 101 391
710 213 719 213
398 387 402 388
520 105 524 106
756 33 757 37
288 272 292 273
129 302 138 302
121 148 125 148
623 385 632 385
293 73 297 74
86 38 90 39
624 80 628 81
448 243 452 244
717 162 721 163
645 50 649 51
148 34 157 34
248 204 252 205
170 321 174 322
31 359 35 360
177 170 181 171
293 260 294 264
283 321 292 321
720 397 724 398
401 200 405 201
112 238 113 242
820 256 824 257
64 221 64 230
281 53 290 53
548 350 552 351
216 46 220 47
374 38 378 39
213 278 222 278
807 46 816 46
900 357 904 358
294 338 303 338
117 388 121 389
773 57 777 58
64 0 64 9
896 114 905 114
296 316 300 317
691 306 695 307
209 89 209 97
258 114 260 115
804 379 808 380
77 112 81 113
9 397 13 398
255 150 259 151
615 323 624 323
508 74 517 74
810 228 814 229
411 285 415 286
354 298 361 298
510 223 519 223
781 71 790 71
779 180 783 181
313 107 322 107
96 154 96 163
147 265 156 265
197 75 200 76
459 319 468 319
185 159 194 159
73 364 82 364
518 111 527 111
320 295 324 296
545 48 549 49
615 358 619 359
883 35 887 36
717 194 721 195
452 376 461 376
384 365 393 365
322 7 326 8
302 125 303 129
520 129 524 130
148 40 152 41
412 260 416 261
283 238 284 242
783 11 787 12
455 158 459 159
499 353 500 354
494 353 498 354
347 236 348 240
640 156 644 157
439 269 443 270
225 369 229 370
101 372 105 373
4 209 4 218
585 255 589 256
448 369 452 370
240 56 249 56
709 214 713 215
456 245 460 246
722 313 731 313
483 128 487 129
515 229 524 229
280 279 284 280
815 139 824 139
438 340 442 341
464 194 468 195
625 255 629 256
339 325 343 326
741 286 745 287
747 342 751 343
603 232 604 236
466 242 475 242
315 214 324 214
331 221 335 222
552 386 556 387
432 207 432 216
154 89 158 90
117 296 121 297
179 279 183 280
835 91 844 91
901 307 905 308
427 390 436 390
218 73 227 73
678 233 679 237
802 342 806 343
182 284 191 284
576 169 585 169
340 91 344 92
508 73 517 73
659 102 668 102
879 395 888 395
587 184 591 185
468 225 469 229
434 155 435 159
785 52 793 52
887 236 891 237
63 300 67 301
501 352 503 354
47 237 48 241
869 260 873 261
497 114 501 115
119 11 123 12
644 14 648 15
821 199 830 199
68 390 69 394
867 354 876 354
401 384 410 384
112 347 121 347
102 298 106 299
146 36 150 37
127 198 136 198
461 245 465 246
233 11 242 11
846 394 855 394
36 372 45 372
410 253 414 254
499 141 508 141
292 79 301 79
597 91 598 95
600 22 609 22
543 277 547 278
116 67 116 76
468 289 472 290
461 80 462 84
547 198 556 198
880 175 884 176
414 336 415 340
750 320 754 321
45 396 49 397
312 108 321 108
509 335 509 344
606 52 615 52
325 369 334 369
570 158 574 159
561 176 565 177
743 32 752 32
190 375 199 375
175 389 184 389
300 331 301 335
501 202 502 206
207 220 216 220
224 312 233 312
344 325 348 326
455 80 456 84
52 331 56 332
119 337 123 338
515 124 516 128
306 51 310 52
821 205 830 205
88 74 97 74
626 333 635 333
550 202 554 203
789 261 790 265
228 186 229 190
46 372 47 376
52 225 61 225
750 359 751 363
349 307 358 307
905 77 905 86
1 164 1 173
518 118 522 119
747 125 751 126
725 131 729 132
29 221 30 225
474 237 483 237
353 356 362 356
601 271 605 272
8 396 17 396
732 202 733 206
71 398 80 398
760 294 769 294
191 120 191 129
51 47 51 56
471 60 475 61
234 250 237 251
241 307 245 308
346 243 347 247
724 20 728 21
115 266 119 267
116 100 120 101
531 287 540 287
283 40 287 41
177 265 186 265
508 310 515 310
76 60 85 60
821 88 825 89
343 286 347 287
439 264 448 264
603 45 607 46
28 57 28 66
685 193 694 193
528 377 537 377
588 271 590 273
198 299 207 299
252 372 261 372
879 106 888 106
243 59 247 60
134 374 138 375
351 51 360 51
388 176 392 177
147 285 156 285
729 11 736 11
793 94 797 95
762 77 766 78
890 126 894 127
458 368 463 368
183 193 192 193
31 319 40 319
41 382 45 383
131 352 132 356
304 99 313 99
812 47 821 47
773 396 782 396
646 78 655 78
706 113 710 114
3 139 3 148
111 12 118 12
742 359 743 363
765 111 766 115
719 337 720 341
415 136 422 136
597 340 606 340
310 44 314 45
804 366 808 367
137 349 141 350
530 350 531 354
448 257 457 257
146 379 155 379
67 93 76 93
600 34 604 34
687 263 691 264
70 268 71 272
651 209 655 210
210 200 214 201
830 190 834 191
416 175 417 179
91 158 91 167
599 309 608 309
822 214 826 215
618 107 622 108
68 204 69 208
619 309 628 309
635 246 639 247
798 114 802 115
238 76 247 76
137 313 146 313
722 359 723 363
258 59 262 60
217 265 226 265
240 373 244 374
886 180 893 180
70 210 71 214
555 148 558 149
240 264 249 264
508 72 512 72
434 192 438 193
742 147 751 147
171 19 175 20
224 152 228 153
28 274 29 278
106 265 107 269
562 32 566 33
456 123 460 124
169 94 173 95
675 381 684 381
540 243 544 244
14 219 18 220
245 378 249 379
245 299 251 299
166 21 175 21
825 320 829 321
224 168 228 169
708 274 712 275
270 175 279 175
794 366 798 367
250 66 259 66
775 262 779 263
708 12 712 13
53 278 53 287
13 320 13 329
790 235 794 236
571 124 575 125
760 105 764 106
826 169 835 169
835 56 839 57
611 124 612 128
454 269 458 270
478 243 482 244
322 161 326 162
195 222 196 225
382 253 383 257
713 257 715 258
788 391 797 391
488 53 492 54
205 86 209 87
784 374 793 374
12 196 12 205
380 89 380 98
844 360 853 360
563 248 567 249
10 211 11 215
848 398 857 398
910 195 913 196
533 253 542 253
775 166 779 167
8 275 8 283
687 86 691 87
158 71 167 71
309 257 313 258
908 188 912 189
307 344 316 344
230 140 239 140
182 172 186 173
441 127 450 127
173 2 177 3
771 186 775 187
848 335 857 335
287 284 291 285
320 369 324 370
796 350 799 351
729 0 733 1
341 3 345 4
411 112 415 113
800 376 805 376
722 97 723 101
101 194 102 198
196 230 200 231
162 186 163 190
706 348 710 349
909 11 913 12
307 17 311 18
75 368 84 368
55 91 59 92
387 35 391 36
180 69 189 69
853 147 857 148
859 384 863 385
223 132 224 136
89 15 98 15
179 295 188 295
858 217 867 217
539 64 548 64
496 80 505 80
249 380 253 381
295 174 299 175
42 130 46 131
864 269 868 270
531 122 540 122
886 225 890 226
237 287 241 288
669 28 673 29
482 307 486 307
62 209 71 209
534 286 543 286
614 302 618 303
67 380 71 381
616 191 618 193
888 361 892 362
549 145 550 148
255 77 259 78
899 201 903 202
624 31 633 31
501 24 502 28
352 206 361 206
596 13 605 13
547 61 551 62
396 107 397 111
357 332 365 332
762 274 766 275
34 144 38 145
702 366 711 366
623 226 627 227
5 20 5 29
154 217 158 218
818 361 822 362
571 287 580 287
239 284 246 284
496 210 497 214
77 274 81 275
659 314 668 314
260 199 264 200
108 70 108 79
506 350 510 351
415 46 424 46
484 296 488 297
385 268 394 268
44 22 48 23
216 101 220 102
645 95 649 96
761 11 762 15
262 35 271 35
380 172 389 172
841 220 842 224
43 147 47 148
537 51 546 51
272 79 281 79
878 335 887 335
518 53 522 54
849 51 853 52
784 334 793 334
294 121 294 130
544 286 553 286
888 367 892 368
408 34 412 35
4 71 4 80
493 173 497 174
226 315 227 319
898 191 902 192
164 143 173 143
405 1 409 2
339 10 348 10
319 253 323 254
436 155 437 159
639 297 640 301
276 147 280 148
62 112 71 112
812 33 813 37
309 199 318 199
655 83 659 84
695 80 699 81
106 36 110 37
44 17 45 21
574 286 583 286
526 11 530 12
486 292 490 293
129 306 138 306
625 131 634 131
304 11 313 11
741 376 750 376
895 91 899 92
849 10 858 10
581 287 590 287
196 96 200 97
64 218 68 219
908 147 912 148
274 380 278 381
554 59 558 60
52 42 56 43
609 232 610 236
800 33 801 37
855 171 859 172
582 229 586 230
71 10 72 14
315 367 319 368
781 182 790 182
61 211 65 212
869 131 873 132
441 200 445 201
779 220 780 224
318 224 327 224
419 294 428 294
517 389 518 393
378 359 382 360
263 128 265 130
856 97 860 98
42 326 46 327
203 193 212 193
533 75 542 75
271 250 275 251
750 33 751 37
608 252 617 252
334 8 338 9
847 150 856 150
252 26 261 26
850 190 854 191
45 0 45 9
860 72 863 73
161 19 165 20
583 384 584 388
731 262 740 262
584 286 591 286
345 94 349 95
497 325 498 329
41 107 42 111
121 369 125 370
810 139 814 140
792 274 796 275
222 195 226 195
28 118 28 127
898 16 907 16
38 324 42 325
743 297 747 298
90 303 99 303
728 231 737 231
874 181 883 181
652 242 656 242
894 65 903 65
386 247 386 252
571 55 575 56
521 186 525 187
879 23 880 27
312 289 321 289
47 26 56 26
39 144 43 145
890 35 890 44
118 295 127 295
554 211 563 211
872 225 873 229
557 6 561 7
173 98 182 98
352 371 353 375
292 284 296 285
640 281 649 281
581 99 590 99
822 45 831 45
203 204 207 205
882 174 891 174
697 86 701 87
398 392 402 393
440 302 449 302
732 182 736 183
507 322 511 323
661 59 669 59
91 120 92 124
796 333 805 333
521 373 525 374
223 234 232 234
62 186 62 195
13 89 14 93
804 158 813 158
532 314 541 314
306 101 315 101
838 30 842 31
491 95 495 96
791 261 792 265
414 380 418 381
859 266 861 267
15 168 15 177
377 18 381 19
599 5 608 5
526 57 530 58
726 169 735 169
124 255 133 255
855 310 864 310
311 298 320 298
35 303 36 307
668 304 672 305
551 298 560 298
604 242 611 242
440 44 442 45
714 88 723 88
387 323 396 323
491 351 495 352
702 33 706 34
37 128 41 129
169 306 178 306
365 192 369 193
618 82 622 83
459 353 463 354
662 141 671 141
79 197 88 197
689 166 698 166
442 166 451 166
633 154 637 155
160 130 160 139
691 1 700 1
449 232 457 232
609 29 618 29
72 380 76 381
644 16 653 16
646 42 647 45
557 142 561 143
859 277 868 277
782 137 786 138
12 84 13 88
9 20 9 29
635 158 639 159
621 308 630 308
507 330 516 330
836 268 845 268
423 128 427 129
702 188 706 189
360 45 364 46
808 58 812 59
110 349 111 353
506 67 515 67
673 42 677 43
810 381 814 382
498 72 502 73
905 115 909 116
230 74 234 75
474 229 478 230
791 122 795 123
693 127 697 128
624 328 628 329
614 304 618 305
482 300 486 300
265 281 274 281
687 99 688 103
657 328 661 329
239 255 248 255
571 320 580 320
523 118 524 121
691 133 695 134
736 133 740 134
788 143 797 143
596 322 605 322
558 356 567 356
320 353 329 353
298 155 302 156
458 69 462 70
357 29 361 30
173 274 174 278
356 362 360 363
191 349 192 353
292 63 296 64
213 392 222 392
104 16 105 20
807 354 816 354
242 170 251 170
797 220 798 224
253 11 262 11
459 367 468 367
584 59 588 60
708 164 712 165
766 261 774 261
861 133 865 134
647 182 651 183
519 230 523 231
412 376 421 376
29 211 29 220
344 321 353 321
102 323 106 324
35 60 36 64
36 171 37 175
97 159 98 163
459 254 468 254
513 3 517 4
356 357 360 358
299 248 300 252
465 171 469 172
515 349 524 349
65 196 66 200
598 0 603 0
340 322 349 322
302 351 303 355
766 40 770 41
461 292 465 293
365 94 365 103
456 373 460 374
195 139 204 139
581 272 585 273
613 114 617 115
867 292 876 292
139 163 143 164
696 372 705 372
651 345 655 346
165 127 165 136
693 49 697 50
832 25 836 26
384 184 388 185
482 121 482 130
69 375 73 376
673 238 679 238
275 87 279 88
579 14 583 15
703 145 707 146
490 389 494 390
61 356 61 365
554 152 563 152
308 132 312 133
269 380 273 381
228 12 237 12
679 114 681 116
307 299 311 300
734 160 738 161
164 316 165 320
621 142 630 142
630 375 639 375
38 270 38 279
597 152 601 153
779 272 783 273
877 123 881 124
547 184 551 185
439 206 439 215
33 268 33 277
541 391 547 391
555 146 559 147
891 347 895 348
482 184 491 184
831 93 840 93
909 109 913 110
156 181 165 181
411 384 420 384
47 262 48 266
896 345 900 346
670 211 674 212
378 361 387 361
586 73 595 73
503 93 507 94
375 85 384 85
235 384 244 384
303 273 312 273
217 18 225 18
885 50 894 50
58 278 58 287
263 226 267 227
904 324 908 325
564 361 573 361
32 362 32 371
775 111 784 111
402 63 406 64
794 52 798 53
297 304 298 308
642 183 646 184
32 349 36 350
552 216 561 216
183 109 187 110
541 42 545 43
306 295 310 296
800 86 809 86
132 81 134 83
193 278 202 278
40 32 41 36
646 258 647 262
703 111 712 111
765 392 769 393
584 206 588 207
620 34 624 35
766 86 773 86
210 286 219 286
512 63 521 63
421 398 430 398
334 304 338 305
333 42 342 42
825 139 829 140
570 96 574 97
569 75 573 76
104 119 113 119
903 361 907 362
51 383 60 383
32 226 33 230
880 396 889 396
168 207 177 207
183 159 184 163
607 317 616 317
656 55 665 55
301 208 305 209
124 207 124 216
818 233 827 233
101 355 102 359
113 233 119 233
187 204 196 204
377 55 381 56
100 380 104 381
216 253 217 257
762 300 762 309
710 246 714 247
149 295 158 295
820 100 824 101
138 28 142 29
591 320 600 320
188 236 197 236
871 71 875 72
640 214 644 215
728 173 732 174
563 84 567 85
268 350 272 351
718 128 727 128
582 382 586 383
185 343 189 344
729 365 737 365
818 285 827 285
810 394 819 394
843 35 847 36
654 288 658 289
145 245 146 249
902 78 902 87
495 217 504 217
905 210 907 212
475 90 479 91
191 398 200 398
471 342 480 342
622 382 631 382
648 258 649 262
421 357 425 358
518 348 527 348
452 199 461 199
722 392 724 394
71 288 75 289
526 250 530 251
791 233 800 233
611 360 620 360
36 188 40 189
317 396 321 397
575 342 578 343
740 320 744 321
328 75 337 75
492 320 493 324
376 170 380 171
173 141 177 142
361 357 365 358
175 174 184 174
889 12 898 12
804 272 808 273
532 192 541 192
308 106 312 107
685 131 689 132
871 98 875 99
346 371 347 375
788 144 797 144
419 55 423 56
116 46 120 47
169 159 170 163
736 233 740 234
323 140 323 149
12 129 12 138
751 204 755 205
853 83 854 87
890 190 891 194
750 235 754 236
45 262 46 266
801 69 805 70
418 74 427 74
804 377 808 378
532 295 536 296
358 207 367 207
44 392 48 393
566 292 575 292
395 49 404 49
905 394 909 395
710 107 714 108
817 354 826 354
824 19 828 20
735 232 744 232
191 13 195 14
466 146 467 150
311 114 312 118
528 285 537 285
592 229 596 230
649 234 658 234
681 126 685 127
93 239 94 243
688 60 689 64
206 104 210 105
897 279 899 280
394 109 395 113
632 48 636 49
504 315 512 315
480 119 484 120
806 98 810 99
509 299 518 299
207 28 216 28
817 125 821 126
422 275 431 275
296 68 305 68
682 86 686 87
70 342 71 346
516 250 520 251
77 139 78 143
109 139 113 140
582 346 586 347
723 116 723 125
230 369 234 370
745 281 749 282
334 11 343 11
695 347 704 347
585 281 589 281
422 208 422 217
783 119 787 120
250 77 254 78
612 248 621 248
520 350 521 354
567 307 567 316
187 238 188 242
451 127 459 127
609 269 615 269
31 244 31 253
161 394 170 394
241 383 250 383
749 0 753 1
873 278 882 278
864 76 873 76
798 361 807 361
751 107 751 116
452 36 461 36
368 266 372 267
534 139 536 140
378 265 382 266
476 320 477 324
123 277 123 286
697 267 701 268
753 96 757 97
399 275 408 275
699 270 708 270
688 147 692 148
202 372 211 372
670 171 674 172
291 65 300 65
702 389 711 389
132 186 133 190
584 75 588 76
368 287 377 287
864 293 865 297
577 362 586 362
209 100 218 100
498 363 502 364
583 128 592 128
139 348 147 348
556 330 560 331
907 172 911 173
617 312 626 312
313 304 314 308
733 96 737 97
21 264 21 273
733 81 742 81
301 314 305 315
297 63 301 64
454 156 463 156
586 328 595 328
510 106 514 107
66 250 75 250
159 261 168 261
387 324 396 324
596 57 605 57
562 142 566 143
604 12 613 12
582 65 586 66
567 61 571 62
62 241 62 250
184 385 188 386
121 67 121 76
31 157 40 157
142 349 146 350
10 348 14 349
875 212 884 212
37 221 37 230
7 154 11 155
82 394 91 394
679 112 688 112
73 84 82 84
320 367 324 368
661 386 670 386
367 390 376 390
430 161 439 161
646 269 655 269
600 49 609 49
636 348 640 349
898 39 907 39
851 88 855 89
442 14 446 15
722 302 731 302
852 291 856 292
88 86 89 90
200 324 209 324
291 106 294 107
751 142 760 142
359 270 363 271
344 262 348 263
523 283 527 284
265 363 269 364
706 116 710 117
279 109 287 109
900 175 904 176
695 376 696 380
878 35 882 36
790 283 799 283
130 124 134 125
415 281 419 282
311 51 315 52
505 183 514 183
140 383 149 383
886 315 895 315
31 344 32 348
573 349 577 350
666 89 675 89
674 30 678 31
305 212 309 213
179 216 183 217
15 254 15 263
622 368 631 368
268 267 277 267
559 150 563 151
608 53 612 54
374 99 375 103
680 230 681 234
163 199 164 203
812 260 821 260
157 86 159 88
327 252 336 252
74 21 78 22
394 217 398 218
443 220 447 221
314 371 323 371
317 225 326 225
478 61 482 62
540 178 549 178
204 304 208 305
857 123 861 124
746 9 755 9
274 176 283 176
203 297 207 298
47 380 51 381
95 33 99 34
392 182 396 183
86 307 90 308
199 218 208 218
675 193 684 193
307 177 316 177
98 153 99 157
577 65 581 66
647 387 651 388
294 304 294 313
813 0 814 4
170 248 174 249
778 357 779 360
878 397 882 398
735 235 739 236
685 246 689 247
459 21 463 22
77 62 81 63
814 338 817 339
36 177 45 177
430 384 434 385
836 220 840 221
823 94 827 95
198 12 207 12
43 363 47 364
649 135 653 136
552 300 556 301
569 117 577 117
36 226 36 235
354 97 354 106
16 64 16 73
75 65 84 65
150 146 151 150
475 339 484 339
696 315 697 319
349 236 350 240
767 267 771 268
726 156 730 157
279 118 283 119
569 118 573 119
378 89 378 98
602 4 611 4
869 23 870 27
291 208 295 209
317 182 321 183
885 321 894 321
490 64 498 64
531 23 532 27
34 122 35 126
305 46 314 46
328 93 337 93
190 255 191 259
852 339 861 339
575 353 579 354
394 144 398 145
722 225 731 225
853 357 859 357
204 111 204 120
830 375 836 375
288 184 292 185
86 91 90 92
184 154 188 155
820 176 824 177
68 184 68 193
912 296 913 298
318 207 327 207
770 232 779 232
74 158 75 162
428 157 429 161
491 276 495 277
635 160 644 160
389 264 398 264
443 289 447 290
117 52 121 53
580 203 589 203
42 112 46 113
818 85 827 85
600 139 604 140
90 366 99 366
840 202 848 202
743 71 752 71
83 298 84 302
814 263 818 264
44 373 45 377
690 63 694 64
804 11 805 15
782 33 783 37
320 16 327 16
788 11 789 15
535 104 539 105
643 279 652 279
560 171 564 172
570 231 577 231
551 144 552 148
216 333 220 334
270 81 279 81
381 94 382 98
892 339 896 340
715 63 719 64
803 344 812 344
362 385 366 386
109 161 118 161
424 336 425 340
877 68 881 69
198 17 207 17
463 235 472 235
524 368 533 368
883 254 887 255
728 164 732 165
279 168 283 169
688 164 692 165
124 245 128 246
798 78 802 79
772 203 773 206
516 350 517 354
795 176 799 177
616 147 617 151
214 277 223 277
785 166 789 167
115 77 119 78
223 285 232 285
642 249 651 249
365 2 374 2
701 386 710 386
265 238 266 242
85 170 88 171
811 182 815 183
644 30 648 31
757 68 766 68
828 356 837 356
41 189 50 189
133 352 134 356
608 123 608 132
805 63 809 64
393 18 395 20
843 341 851 341
835 225 839 226
804 51 808 52
324 201 328 202
6 61 6 70
782 67 791 67
72 330 76 331
448 72 452 73
765 212 774 212
720 369 729 369
159 50 160 54
267 362 276 362
480 305 484 306
512 212 516 213
737 342 741 343
503 190 507 191
147 62 147 71
354 306 363 306
48 350 57 350
71 96 72 99
911 338 914 338
73 347 74 351
349 315 353 316
485 392 486 396
363 280 372 280
715 191 719 192
816 33 817 37
277 186 281 187
461 205 462 209
840 206 841 210
570 255 574 256
324 253 326 254
562 382 566 383
282 89 286 90
588 270 597 270
92 48 101 48
437 8 441 9
880 215 881 219
786 384 790 385
368 276 372 277
548 349 557 349
36 190 40 191
103 228 107 229
115 248 116 252
44 260 48 261
512 47 521 47
169 168 173 169
842 251 846 252
864 275 868 276
121 277 121 286
401 50 405 51
850 291 851 295
101 326 102 330
90 168 94 169
348 377 352 378
224 279 225 283
875 111 884 111
599 288 603 289
658 165 662 166
656 258 657 262
408 137 412 138
379 307 388 307
438 271 442 272
854 56 855 60
156 38 160 39
163 383 172 383
340 317 344 318
742 39 751 39
524 252 533 252
908 355 912 356
221 394 230 394
867 369 871 370
776 372 780 373
162 24 171 24
463 141 464 145
535 158 539 159
697 162 701 163
891 70 900 70
860 44 869 44
715 326 719 327
218 25 227 25
455 135 464 135
353 14 357 15
183 181 187 182
220 344 229 344
437 234 441 235
870 301 874 302
17 224 18 228
409 343 413 344
778 164 781 165
566 52 575 52
899 74 903 75
82 277 91 277
901 393 910 393
480 90 484 91
455 281 459 282
757 79 761 80
277 285 286 285
591 251 600 251
557 9 566 9
492 258 493 261
35 268 39 269
798 132 807 132
809 161 813 162
757 81 766 81
495 1 499 2
747 68 756 68
115 204 119 205
275 319 284 319
627 73 628 77
366 243 366 252
445 300 449 301
851 388 855 389
116 382 125 382
607 51 616 51
713 336 722 336
80 126 81 130
857 23 858 27
469 98 473 99
527 371 531 372
906 114 914 114
42 32 43 36
369 22 378 22
115 277 115 286
123 82 127 83
195 108 204 108
405 253 409 254
669 314 678 314
477 78 486 78
326 196 330 197
576 87 580 88
435 268 444 268
267 177 276 177
801 42 805 43
164 116 173 116
560 27 564 28
367 308 371 309
357 176 362 176
914 258 914 266
379 184 383 185
166 382 174 382
540 228 544 229
393 254 402 254
393 69 397 70
684 69 686 71
328 210 332 211
741 265 745 266
51 126 60 126
168 0 172 1
499 97 500 100
860 352 869 352
399 338 403 339
685 58 689 59
133 343 141 343
509 331 518 331
240 385 249 385
620 348 621 352
65 57 66 61
23 128 24 132
715 295 724 295
165 227 174 227
615 158 619 159
193 193 202 193
412 215 412 224
506 82 515 82
662 328 666 329
366 298 373 298
711 209 715 210
107 358 111 359
560 223 569 223
415 1 419 2
12 169 12 178
348 290 352 291
204 124 208 125
795 248 804 248
299 30 308 30
863 155 872 155
464 173 473 173
522 138 531 138
885 364 889 365
77 203 77 212
779 61 788 61
493 141 494 145
445 204 454 204
545 167 549 168
695 211 699 212
495 90 499 91
7 322 7 331
453 280 462 280
742 300 746 301
290 134 291 137
800 139 804 140
324 38 328 39
735 193 744 193
149 296 158 296
559 148 563 149
438 329 442 329
855 358 859 358
485 125 494 125
161 378 165 379
551 94 552 98
273 376 277 377
813 284 817 285
623 163 625 165
252 289 261 289
300 227 301 231
585 257 594 257
889 333 893 334
120 383 124 384
701 376 702 380
128 207 128 216
822 67 831 67
370 91 370 100
402 78 406 79
442 140 451 140
732 260 741 260
494 15 495 19
67 203 76 203
867 70 875 70
382 134 382 143
471 357 475 358
630 336 633 337
831 377 832 381
0 0 0 9
11 244 12 248
590 336 594 337
662 280 671 280
607 179 616 179
71 38 80 38
546 348 555 348
459 9 463 10
547 396 551 397
696 349 700 350
211 290 212 294
475 212 484 212
230 215 231 219
413 32 417 33
715 321 724 321
534 207 538 208
672 391 676 392
320 87 324 88
604 36 609 36
458 13 467 13
902 305 909 305
407 48 416 48
721 308 730 308
68 124 72 125
566 201 570 202
245 5 254 5
203 18 212 18
120 144 120 152
271 104 275 105
830 91 834 92
675 159 676 163
486 155 495 155
654 116 658 117
28 324 37 324
580 47 582 49
511 317 515 318
519 336 520 340
686 9 695 9
189 216 193 217
158 104 162 105
517 27 526 27
248 34 257 34
150 136 150 145
698 164 702 165
745 207 746 211
644 361 653 361
291 122 291 131
71 194 72 198
711 85 720 85
327 250 331 251
685 204 686 208
69 54 70 58
76 68 76 77
563 308 563 317
568 85 577 85
345 214 354 214
59 118 68 118
19 392 23 393
821 55 830 55
901 225 905 226
501 298 510 298
473 108 477 109
487 32 496 32
461 60 465 61
80 5 80 14
382 144 386 145
463 309 467 310
231 167 240 167
54 45 55 49
507 184 511 185
99 170 99 179
489 355 493 356
510 290 514 291
596 149 605 149
35 99 35 108
758 165 767 165
371 12 380 12
566 55 570 56
213 103 222 103
458 265 462 266
649 288 653 289
393 73 397 74
726 177 735 177
597 58 605 58
797 340 806 340
721 93 730 93
586 250 594 250
4 54 5 58
569 38 577 38
582 258 586 259
275 378 279 379
703 143 707 144
298 57 302 58
446 345 450 346
878 274 887 274
707 312 716 312
300 348 309 348
300 87 304 88
158 223 162 224
761 40 765 41
723 257 727 258
597 392 601 393
217 390 221 391
794 189 803 189
3 255 3 264
560 146 564 147
186 230 190 231
441 96 445 97
168 124 172 125
594 14 598 15
295 384 304 384
793 159 802 159
750 8 759 8
903 397 907 398
346 12 350 13
383 94 384 98
325 192 329 193
728 112 737 112
604 10 608 11
298 210 302 211
128 386 129 390
890 396 899 396
610 354 619 354
710 248 719 248
370 172 379 172
704 136 708 137
371 312 372 316
273 137 282 137
582 293 591 293
744 254 753 254
645 250 654 250
237 331 241 332
859 303 863 304
390 119 394 120
841 37 845 38
237 128 241 129
699 136 703 137
109 228 109 237
807 300 816 300
744 386 748 387
781 332 790 332
335 238 336 242
780 176 784 177
93 362 95 363
98 279 99 283
759 111 760 115
530 204 534 205
855 256 859 257
856 48 860 49
298 73 302 74
5 122 5 131
1 384 1 393
189 238 193 239
567 366 576 366
614 212 618 213
471 162 475 163
128 82 131 83
191 383 195 384
104 139 108 140
116 309 125 309
505 90 509 91
453 39 457 40
21 249 21 258
765 105 769 106
111 237 119 237
176 146 180 147
587 342 596 342
626 13 635 13
899 299 908 299
356 147 360 148
670 315 674 316
881 23 882 27
70 116 79 116
6 154 6 163
356 81 360 82
47 378 51 379
319 248 320 252
199 238 200 242
234 109 238 110
79 294 79 303
366 373 370 374
433 392 437 393
782 214 786 215
97 243 106 243
907 370 914 370
192 158 201 158
174 143 183 143
342 226 351 226
816 88 820 89
837 342 841 343
372 99 373 103
269 254 270 258
276 276 285 276
157 75 161 76
296 71 300 72
246 221 255 221
635 381 644 381
386 152 387 156
244 168 248 169
37 270 37 279
244 202 248 203
275 192 279 193
265 279 269 280
826 376 835 376
231 211 235 212
617 189 621 190
203 346 212 346
745 235 749 236
57 141 65 141
385 28 394 28
436 187 440 188
31 398 40 398
751 93 760 93
408 127 408 135
583 380 592 380
236 72 245 72
799 129 803 130
635 126 639 127
679 243 688 243
679 14 683 15
402 376 411 376
171 166 175 167
637 376 638 380
483 200 484 204
23 118 23 127
529 64 538 64
72 68 72 77
715 397 719 398
360 341 364 342
908 0 911 0
738 164 742 165
817 340 826 340
856 222 860 223
325 259 334 259
737 381 746 381
461 373 465 374
48 232 49 236
756 133 760 134
869 253 878 253
762 388 771 388
465 327 469 328
166 107 170 108
746 128 750 129
315 28 324 28
856 209 860 210
602 248 611 248
727 163 736 163
339 301 348 301
367 34 376 34
222 245 226 246
74 320 78 321
380 191 381 195
346 235 355 235
784 387 793 387
214 72 223 72
242 329 246 330
405 382 414 382
214 26 223 26
282 35 291 35
124 189 125 193
62 160 63 164
36 266 40 267
804 303 813 303
96 300 100 301
124 247 133 247
165 332 169 332
871 388 875 389
640 246 641 249
463 69 467 70
608 348 609 352
404 146 408 147
209 295 218 295
627 46 636 46
289 99 293 100
399 332 403 333
272 46 276 47
68 395 77 395
359 296 361 297
690 6 695 6
632 368 641 368
327 248 331 249
340 232 344 233
442 91 443 95
371 359 377 359
231 308 240 308
495 280 499 281
828 313 829 317
93 27 97 28
563 253 572 253
910 149 914 149
434 380 438 381
365 194 369 195
779 377 783 378
587 241 596 241
624 135 633 135
793 322 797 323
802 234 811 234
565 171 569 172
904 71 913 71
721 376 730 376
411 307 412 311
19 76 20 80
897 115 901 116
556 117 560 118
190 243 191 247
456 344 460 345
252 6 256 7
733 173 737 174
58 238 58 247
709 98 710 102
418 359 422 360
183 0 192 0
760 283 769 283
619 10 623 11
188 12 197 12
801 133 805 134
338 360 347 360
327 90 336 90
897 381 906 381
805 397 809 398
752 359 753 363
723 159 732 159
503 380 512 380
183 328 187 329
532 72 541 72
40 124 44 125
809 51 813 52
285 262 288 263
390 149 399 149
870 95 874 96
845 392 854 392
77 317 85 317
271 60 280 60
706 156 710 157
635 222 643 222
763 154 767 155
813 371 822 371
644 107 644 116
248 181 249 185
422 336 423 340
278 226 287 226
880 98 880 102
108 228 108 237
794 20 798 21
409 90 410 94
482 275 491 275
374 296 378 297
222 279 223 283
448 104 449 108
595 128 595 137
531 131 539 131
218 279 219 283
579 195 588 195
224 38 233 38
912 128 914 130
573 41 582 41
249 109 258 109
378 379 387 379
750 102 759 102
641 22 642 26
390 355 394 356
7 341 7 350
350 281 359 281
409 215 409 224
861 223 870 223
904 374 913 374
770 102 774 102
111 234 119 234
466 311 470 312
280 85 284 86
200 50 209 50
855 392 864 392
139 374 143 375
539 318 539 327
9 341 9 350
362 229 366 230
743 244 747 245
699 214 700 218
263 277 267 278
307 31 316 31
519 296 523 297
244 365 248 366
55 40 64 40
616 186 620 187
720 131 724 132
419 264 428 264
413 290 417 291
103 40 107 41
213 32 217 33
361 160 370 160
360 212 364 213
456 260 460 261
888 157 892 158
652 387 656 388
29 82 29 91
513 378 522 378
215 83 224 83
160 63 169 63
712 259 715 260
906 372 910 373
672 183 681 183
351 57 352 61
692 2 696 3
657 387 661 388
503 294 507 295
313 53 317 54
645 34 649 35
618 37 622 38
359 314 368 314
453 325 454 329
71 108 75 109
139 288 140 292
556 322 565 322
90 31 94 32
693 164 697 165
72 62 76 63
517 32 526 32
459 151 463 152
122 222 125 223
67 278 76 278
752 85 761 85
25 89 25 98
379 151 387 151
516 99 520 100
111 348 120 348
376 62 385 62
636 89 645 89
663 27 672 27
706 232 715 232
906 307 914 307
200 362 204 363
431 102 440 102
262 17 266 18
122 75 126 76
144 216 148 217
377 219 381 220
175 70 184 70
370 394 374 395
712 249 721 249
362 78 371 78
47 62 51 63
13 149 14 153
407 31 416 31
351 238 355 239
703 356 707 357
860 311 861 315
40 258 44 259
95 267 99 268
526 359 535 359
585 209 594 209
205 214 214 214
673 44 677 45
402 43 411 43
649 314 658 314
12 365 12 374
239 275 242 276
252 63 256 64
865 145 874 145
227 287 231 288
782 336 786 337
833 193 837 194
369 269 373 270
420 281 424 282
618 53 622 54
851 286 855 287
189 240 193 241
402 97 402 106
85 341 86 345
776 333 785 333
427 60 431 61
197 224 206 224
562 170 571 170
606 322 615 322
492 16 493 20
641 378 650 378
643 252 647 253
538 283 542 284
358 205 367 205
46 17 47 21
692 220 696 221
761 20 765 20
28 305 28 314
891 55 896 55
788 231 797 231
498 285 507 285
238 270 247 270
828 216 831 217
518 3 522 4
535 120 539 121
427 189 428 193
827 354 836 354
718 373 727 373
911 371 913 373
675 326 679 327
105 94 109 95
609 14 613 15
500 282 509 282
132 171 136 172
598 53 602 54
282 212 284 214
285 9 285 13
647 324 651 325
833 278 842 278
412 182 416 183
282 6 286 7
16 216 20 217
784 386 793 386
799 135 803 136
822 17 831 17
648 335 657 335
318 102 322 103
311 255 315 256
734 2 738 3
280 192 284 193
157 194 161 195
49 330 58 330
96 379 104 379
144 373 148 374
848 285 855 285
247 31 256 31
241 171 245 172
800 171 804 172
382 99 383 103
154 87 156 88
359 76 363 77
86 57 95 57
248 376 252 377
565 27 569 28
847 350 851 351
190 318 191 322
333 15 342 15
241 36 245 37
298 272 302 273
382 226 391 226
320 194 324 195
157 238 161 239
664 103 664 112
404 328 413 328
580 264 584 265
300 271 309 271
913 275 914 278
321 140 321 149
61 196 62 200
237 27 241 28
453 80 454 84
649 116 653 117
652 239 656 240
448 128 452 129
748 119 752 120
649 200 658 200
396 317 400 318
665 35 669 36
79 59 88 59
717 115 726 115
860 264 869 264
256 266 257 270
882 107 891 107
562 392 566 393
838 285 847 285
493 236 502 236
100 267 101 271
166 166 170 167
122 344 126 345
811 97 815 98
892 56 893 60
892 238 901 238
577 17 586 17
384 257 393 257
831 224 840 224
21 35 22 39
765 248 774 248
255 378 259 379
325 163 334 163
813 94 817 95
151 307 155 308
902 205 906 206
268 117 277 117
69 362 73 363
537 213 541 214
463 240 467 241
359 80 368 80
94 335 94 344
125 114 129 115
516 133 525 133
300 212 304 213
163 274 164 278
304 253 308 254
210 323 214 324
686 126 690 127
45 298 45 307
5 209 5 218
126 100 130 101
466 153 470 154
39 270 40 274
679 30 680 31
233 285 236 285
464 99 468 100
298 376 302 377
112 296 116 297
396 208 400 209
41 364 42 365
808 30 812 31
125 328 126 332
602 124 602 133
669 178 673 179
379 113 380 117
225 174 234 174
110 56 119 56
779 379 783 380
74 165 75 169
258 42 267 42
623 274 627 275
41 190 50 190
498 348 507 348
355 352 359 353
43 245 44 249
774 334 783 334
378 290 382 291
620 90 629 90
142 351 151 351
69 144 73 145
510 134 514 135
93 320 94 323
303 102 307 103
839 23 840 27
145 7 149 8
430 184 439 184
540 109 544 110
393 336 397 337
719 53 723 54
421 127 430 127
678 285 687 285
125 268 129 269
256 243 265 243
624 20 628 21
75 54 79 55
79 374 83 375
676 152 680 153
70 204 71 208
661 341 665 342
3 42 3 51
725 105 729 106
684 361 693 361
317 139 326 139
215 252 224 252
215 108 224 108
207 313 216 313
618 237 622 238
199 271 203 272
130 96 134 97
76 199 80 200
145 174 154 174
697 376 698 380
842 350 846 351
584 14 588 15
488 294 492 295
843 220 844 224
625 353 634 353
557 396 561 397
143 371 152 371
640 218 644 219
398 329 407 329
858 112 862 113
479 319 488 319
263 272 267 273
73 94 74 97
124 321 128 322
201 166 205 167
14 129 14 138
418 320 419 324
792 238 801 238
397 182 401 183
488 69 492 70
377 311 386 311
569 2 573 3
593 244 597 245
704 197 713 197
545 383 554 383
404 380 408 381
520 290 524 291
239 155 248 155
885 61 889 62
501 131 510 131
352 117 356 118
218 23 222 24
354 107 354 116
719 276 728 276
130 305 139 305
877 141 886 141
382 8 386 9
631 72 640 72
604 29 608 30
455 329 464 329
243 274 245 276
453 73 462 73
463 294 467 295
320 44 324 45
328 207 337 207
182 395 186 396
786 390 795 390
461 149 465 150
238 12 247 12
257 197 266 197
222 342 231 342
273 179 282 179
605 48 614 48
268 57 272 58
588 74 597 74
31 210 40 210
177 30 181 31
910 207 914 208
487 6 491 7
701 348 705 349
406 357 410 358
176 302 180 303
383 392 387 393
881 30 885 31
642 313 651 313
595 158 604 158
352 387 356 388
815 207 819 208
706 341 710 342
690 36 699 36
634 59 643 59
266 181 267 185
77 283 78 287
97 194 98 198
446 373 450 374
380 367 383 368
372 161 376 162
361 81 365 82
885 256 889 257
570 305 570 314
676 350 680 351
160 262 164 263
580 228 589 228
379 319 383 320
133 2 137 3
111 135 115 136
240 291 244 292
105 110 109 111
265 336 266 340
902 214 903 218
560 202 565 202
236 303 245 303
897 266 906 266
460 158 464 159
498 45 502 46
885 28 894 28
79 215 83 216
888 147 892 148
689 197 692 198
793 121 802 121
563 344 572 344
29 394 33 395
800 207 809 207
497 302 506 302
546 169 555 169
296 60 300 61
149 216 158 216
525 331 525 340
891 314 900 314
909 167 913 168
184 114 188 115
214 248 218 249
152 186 156 187
716 39 717 43
41 385 42 389
720 248 729 248
413 103 417 104
30 148 30 157
288 27 297 27
775 196 784 196
620 74 621 78
539 20 543 21
322 35 331 35
814 22 823 22
162 196 166 197
135 303 144 303
903 271 907 272
835 264 839 265
522 73 531 73
459 94 460 98
502 321 511 321
513 389 514 393
793 250 802 250
252 195 256 196
506 57 510 58
17 183 26 183
773 237 782 237
703 278 707 279
787 261 788 265
209 132 210 136
60 305 69 305
268 184 272 185
93 326 95 327
484 368 493 368
248 114 252 115
236 185 237 189
722 116 722 125
194 281 203 281
294 168 298 169
813 295 814 299
352 6 356 7
431 334 435 335
461 147 465 148
507 396 511 397
44 24 53 24
888 335 896 335
7 44 8 48
658 144 662 145
307 332 309 334
170 200 174 201
905 87 914 87
445 340 452 340
31 221 32 225
656 317 665 317
756 127 760 128
150 5 154 6
125 94 129 95
628 285 637 285
757 111 758 115
783 26 792 26
122 349 126 350
409 25 413 26
45 344 49 345
714 87 723 87
580 338 589 338
28 108 29 112
448 371 452 372
808 361 812 362
312 383 321 383
170 119 173 120
358 69 362 70
701 271 705 272
689 365 698 365
666 40 670 41
287 299 291 300
402 60 406 61
56 228 57 232
836 2 840 3
897 68 901 69
782 292 791 292
367 35 371 35
215 292 219 293
252 79 261 79
428 207 428 216
534 150 538 151
456 255 460 256
839 293 840 297
455 125 459 126
567 279 571 280
6 134 7 138
589 109 593 110
770 91 774 92
726 134 735 134
27 161 27 170
199 349 200 353
421 130 425 131
757 77 761 78
726 190 735 190
877 134 886 134
82 67 82 75
605 203 608 204
277 323 282 323
425 134 429 135
869 21 878 21
363 49 372 49
802 65 811 65
74 152 75 156
320 227 324 228
105 144 114 144
906 345 910 346
584 45 586 47
860 320 864 321
160 214 164 215
692 310 696 311
174 154 178 155
436 100 445 100
548 84 557 84
82 76 83 80
574 384 578 385
37 32 37 41
481 177 490 177
666 147 670 148
194 280 203 280
492 170 501 170
597 295 606 295
361 364 370 364
912 219 914 221
740 369 749 369
535 160 544 160
356 106 356 115
333 176 342 176
338 74 342 75
73 225 73 234
278 215 279 219
631 376 632 380
141 256 142 260
149 352 150 356
166 221 175 221
83 382 84 386
379 167 383 168
353 210 357 211
330 65 334 66
40 218 41 222
510 226 514 227
674 110 678 111
245 384 254 384
242 89 246 90
768 257 772 258
198 117 198 126
185 249 194 249
412 60 416 61
722 263 726 264
528 53 532 54
242 355 251 355
13 284 17 285
45 163 46 167
620 154 627 154
22 172 23 176
794 33 795 37
660 255 664 256
153 0 157 1
200 318 201 322
127 131 131 132
458 352 467 352
783 230 792 230
309 168 313 169
5 310 5 319
715 250 722 250
8 109 12 110
492 249 496 250
862 252 871 252
345 227 354 227
247 21 256 21
812 276 816 277
81 291 90 291
292 25 301 25
875 23 876 27
277 360 279 362
490 320 491 324
347 366 348 370
503 97 512 97
450 125 454 126
343 75 352 75
864 131 868 132
608 220 609 224
256 71 260 72
451 311 455 312
490 228 494 229
897 351 906 351
441 121 445 122
794 315 795 319
112 326 116 327
693 13 702 13
338 157 347 157
384 217 388 218
904 260 908 261
249 255 258 255
473 93 474 97
153 339 162 339
342 220 351 220
886 48 890 49
589 232 590 236
216 357 220 358
902 219 911 219
893 397 897 398
748 89 751 90
51 10 55 11
201 398 210 398
494 22 503 22
624 74 625 78
464 237 473 237
475 68 481 68
522 382 531 382
676 78 680 79
770 294 779 294
909 40 913 41
771 350 775 351
278 392 282 393
710 56 711 60
338 93 347 93
141 63 141 72
399 326 403 327
755 352 759 353
342 154 347 154
770 336 774 337
684 10 688 11
298 226 307 226
184 50 185 54
633 274 637 275
549 329 558 329
909 299 913 300
881 332 890 332
822 338 830 338
511 373 520 373
482 268 491 268
209 279 213 280
515 105 519 106
462 85 466 86
454 3 458 4
691 18 695 19
109 255 113 256
548 339 557 339
535 218 544 218
137 262 141 263
183 145 184 149
743 322 747 323
872 300 881 300
736 60 745 60
499 29 503 30
369 148 371 150
261 71 265 72
494 230 498 231
780 123 782 124
292 122 292 131
456 155 465 155
866 311 867 315
642 247 651 247
355 241 364 241
71 357 72 361
418 303 427 303
311 248 312 252
113 231 116 232
730 172 739 172
495 33 504 33
815 235 824 235
144 250 148 251
855 390 859 391
33 31 42 31
114 277 114 286
140 5 144 6
165 294 166 298
234 168 238 169
453 250 454 254
608 85 615 85
428 239 432 240
727 184 736 184
741 385 750 385
505 305 514 305
288 385 289 389
642 4 651 4
823 283 827 284
605 98 612 98
322 97 331 97
847 276 851 277
302 356 303 360
823 58 827 59
361 366 362 370
355 227 356 231
61 10 61 19
898 193 907 193
214 269 215 273
569 4 573 5
627 215 631 216
4 354 5 358
257 284 261 285
396 83 400 84
89 173 93 174
712 160 716 161
287 243 291 244
800 283 807 283
292 26 301 26
198 9 202 10
581 379 590 379
641 69 645 70
14 161 23 161
540 305 544 306
410 336 411 340
191 57 192 60
115 124 124 124
613 89 622 89
216 177 225 177
290 202 299 202
838 344 842 345
399 56 403 57
751 279 755 280
536 264 540 265
319 307 328 307
74 189 78 190
862 311 863 315
605 209 613 209
580 266 589 266
570 171 574 172
574 16 583 16
854 116 863 116
230 123 239 123
799 270 803 271
264 304 268 305
46 223 47 227
496 112 500 113
356 288 365 288
535 335 536 339
136 370 145 370
42 42 42 51
627 152 631 153
60 293 69 293
899 199 903 200
206 166 210 167
699 300 701 302
475 187 476 191
44 54 45 58
673 244 677 245
97 313 106 313
824 288 826 290
582 246 586 247
765 209 769 210
734 179 738 180
394 325 403 325
124 386 125 390
802 81 803 85
166 235 175 235
712 337 716 338
49 208 53 209
612 196 616 197
724 377 728 378
142 368 151 368
271 164 275 165
229 152 238 152
680 83 684 84
337 329 341 330
845 144 849 145
867 211 876 211
14 280 18 281
543 173 547 174
643 107 643 116
365 366 369 367
225 375 234 375
546 153 550 154
247 329 251 330
426 91 427 95
514 230 518 231
476 352 485 352
292 355 301 355
92 158 92 167
503 240 507 241
821 332 830 332
744 0 748 1
696 57 697 61
456 218 460 219
420 355 424 356
26 82 27 86
833 119 837 120
94 7 98 8
295 312 299 313
68 94 72 95
842 151 851 151
473 380 482 380
181 36 185 37
347 182 351 183
383 240 383 249
884 242 893 242
405 238 414 238
29 57 30 61
177 274 178 278
548 221 552 222
501 166 505 167
745 277 754 277
178 316 179 320
882 45 886 46
898 265 906 265
80 305 89 305
441 42 450 42
157 395 161 396
3 81 3 90
904 194 913 194
135 252 144 252
468 239 472 240
397 283 401 284
671 120 675 121
529 319 529 328
882 369 886 370
861 117 868 117
396 357 400 358
49 265 53 266
468 232 477 232
897 167 906 167
461 342 470 342
515 227 519 228
119 245 123 246
536 55 540 56
666 55 670 56
329 238 330 242
152 12 161 12
26 209 35 209
904 236 905 240
207 96 208 100
344 243 345 247
197 225 206 225
544 36 553 36
904 24 908 25
762 100 766 101
165 247 174 247
149 315 150 319
226 104 235 104
176 369 180 370
493 23 502 23
399 141 400 145
66 349 66 358
442 60 446 61
781 301 783 303
598 270 605 270
131 50 132 54
822 281 831 281
206 303 215 303
518 190 522 191
215 345 224 345
583 232 584 236
891 41 900 41
554 20 558 21
903 118 908 118
869 270 878 270
313 32 317 33
533 369 537 370
401 285 405 286
214 55 223 55
147 384 151 385
301 75 310 75
171 209 175 210
314 359 315 363
382 29 386 30
51 210 51 219
371 158 375 159
272 190 279 190
60 89 64 90
850 235 854 236
323 280 332 280
533 110 537 111
738 225 739 229
251 46 255 47
821 50 825 50
741 220 742 224
589 243 598 243
634 80 638 81
711 286 715 287
303 323 307 324
496 317 505 317
730 141 739 141
49 211 49 220
858 232 862 233
654 100 658 101
181 159 182 163
88 40 92 41
913 199 914 202
408 176 410 177
596 42 600 43
117 323 121 324
310 167 318 167
234 139 243 139
526 18 530 19
684 228 685 232
247 331 251 332
594 128 594 137
182 15 191 15
244 279 245 283
182 372 191 372
281 357 285 358
105 263 109 264
158 112 162 113
537 143 546 143
579 75 583 76
329 168 333 169
137 159 138 163
594 210 598 211
196 19 200 20
280 202 289 202
179 208 188 208
468 150 477 150
145 330 154 330
86 158 87 162
845 256 849 257
248 0 252 1
147 16 156 16
94 86 95 90
55 295 56 299
460 355 464 356
153 347 157 348
220 253 222 255
338 57 342 58
834 67 843 67
836 48 840 49
809 213 818 213
156 221 165 221
340 341 349 341
135 357 139 358
765 28 769 29
473 75 482 75
54 119 63 119
149 245 150 249
678 52 679 56
275 262 279 263
836 302 840 303
523 69 527 70
760 259 769 259
485 137 489 138
330 271 339 271
583 48 587 49
468 294 472 295
485 160 494 160
597 267 601 268
725 309 729 310
772 214 776 215
204 281 213 281
415 224 424 224
383 312 384 316
117 248 118 252
377 109 377 118
142 196 146 197
571 137 572 141
712 67 716 68
855 190 859 191
830 206 831 210
910 177 914 177
143 182 152 182
899 375 908 375
698 122 702 123
449 187 450 191
90 365 94 365
584 10 588 11
71 369 75 370
511 23 512 27
850 144 854 145
768 119 772 120
339 7 341 9
341 12 345 13
803 308 807 309
823 377 824 381
246 307 250 308
513 23 514 27
602 65 606 66
872 350 876 351
644 10 648 11
769 135 773 136
546 177 555 177
895 77 904 77
159 250 163 251
365 156 369 157
157 256 158 260
41 354 41 363
430 165 439 165
441 112 450 112
589 2 593 3
844 56 845 60
844 348 848 349
770 100 779 100
210 183 214 184
292 289 301 289
746 127 755 127
725 336 726 340
382 376 391 376
727 370 736 370
576 55 580 56
384 267 393 267
102 30 103 34
175 50 176 54
544 348 545 352
903 241 911 241
347 101 347 110
886 93 890 94
67 91 76 91
422 297 426 298
667 228 671 229
344 38 348 39
168 202 170 204
727 115 727 124
622 313 631 313
181 222 182 226
565 129 569 130
546 292 550 293
25 342 34 342
596 271 600 272
251 149 252 153
301 170 305 171
663 371 667 372
39 339 48 339
757 274 761 275
420 225 421 229
789 295 790 299
592 293 601 293
319 283 328 283
286 172 295 172
72 204 72 213
292 398 301 398
229 250 233 251
897 163 901 164
546 52 555 52
900 196 904 197
795 396 799 397
331 61 340 61
549 29 553 30
245 374 249 375
904 130 911 130
476 121 480 122
392 235 392 244
871 32 875 33
504 209 505 213
778 94 782 95
189 103 190 107
399 20 403 21
661 376 662 380
820 103 821 107
801 287 810 287
802 230 804 232
810 141 819 141
99 335 103 336
42 77 42 86
902 102 911 102
844 161 848 162
366 357 370 358
864 360 873 360
529 192 531 194
658 360 667 360
298 147 299 151
633 385 642 385
635 167 639 168
813 137 821 137
580 255 584 256
843 8 852 8
79 0 80 4
722 39 723 43
723 245 732 245
898 254 902 255
222 79 227 79
354 221 358 222
228 0 232 1
441 215 450 215
667 115 668 119
402 323 411 323
675 250 684 250
573 69 577 70
399 3 403 4
639 200 648 200
113 226 114 230
497 247 498 251
911 330 912 332
68 88 72 88
257 265 266 265
738 173 742 174
91 76 91 85
218 181 222 182
498 320 499 324
815 160 824 160
9 314 10 318
479 83 483 84
869 162 878 162
804 54 813 54
356 215 357 219
354 315 363 315
493 136 502 136
476 123 480 124
457 196 461 197
10 20 11 24
271 51 280 51
381 59 390 59
168 127 168 136
511 124 512 128
210 16 219 16
154 270 158 271
382 192 386 193
615 116 622 116
691 168 700 168
95 178 95 187
10 229 14 230
224 84 225 88
463 109 467 110
696 232 705 232
390 212 394 213
445 119 449 120
772 274 776 275
33 311 37 312
912 102 914 103
98 77 99 81
569 288 573 289
602 197 611 197
109 319 116 319
307 390 316 390
5 224 9 225
422 98 431 98
826 333 835 333
95 344 104 344
251 274 255 275
679 28 683 29
69 218 73 219
810 289 814 290
296 385 297 389
875 79 876 83
887 184 891 185
102 53 103 54
165 25 174 25
401 317 405 318
507 247 516 247
275 188 279 189
239 168 243 169
553 221 557 222
644 131 648 132
334 306 338 307
811 310 812 314
434 396 438 397
629 328 631 330
347 334 351 335
96 317 105 317
507 114 511 115
39 32 39 41
395 103 399 104
445 281 449 282
63 77 63 86
394 146 398 147
218 228 222 229
527 51 536 51
587 61 591 62
381 373 385 374
807 66 811 67
733 214 734 218
706 269 715 269
41 262 42 266
279 97 283 98
608 285 617 285
38 29 47 29
416 202 425 202
678 352 682 353
852 298 856 299
360 334 369 334
751 176 760 176
682 94 691 94
687 92 691 93
151 352 152 356
895 30 896 34
382 35 386 36
733 109 737 110
913 360 914 362
777 383 786 383
149 168 152 169
598 68 602 69
657 93 666 93
268 158 277 158
686 345 695 345
361 243 365 244
31 294 35 295
715 35 715 43
150 364 154 365
421 346 425 347
17 186 18 190
68 160 69 164
882 232 884 234
333 323 337 324
829 240 838 240
128 28 137 28
233 0 237 1
826 48 835 48
784 348 788 349
169 89 170 93
840 264 849 264
406 33 407 37
526 206 535 206
549 288 558 288
364 142 373 142
676 394 680 395
265 262 269 263
730 326 734 327
672 94 681 94
689 314 698 314
57 258 58 262
341 59 345 60
896 42 900 43
616 41 617 45
742 230 751 230
94 0 98 1
658 103 659 107
45 65 54 65
356 41 365 41
669 376 670 380
715 131 719 132
160 88 169 88
593 53 597 54
110 228 110 237
123 371 132 371
43 315 44 319
172 340 181 340
306 267 310 268
538 248 542 249
151 331 154 332
177 336 186 336
10 158 11 162
36 91 45 91
235 74 239 75
165 222 166 226
163 337 167 338
261 246 265 247
702 343 706 344
602 6 606 7
159 280 163 281
716 209 720 210
22 240 22 249
493 391 494 395
617 246 621 247
659 289 668 289
523 243 527 244
161 211 165 212
912 29 913 33
432 283 436 284
615 139 619 140
848 147 852 148
625 183 629 184
175 222 176 226
780 100 784 101
41 223 41 232
357 308 361 309
813 306 817 307
374 11 383 11
148 186 149 190
205 367 209 368
567 219 576 219
696 190 705 190
778 173 782 174
226 173 234 173
849 178 853 179
459 194 463 195
544 207 548 208
590 22 599 22
248 67 257 67
426 32 427 36
473 136 482 136
780 86 781 90
786 122 790 123
732 10 741 10
700 76 709 76
803 362 807 363
893 254 897 255
153 311 162 311
413 88 414 92
781 350 790 350
527 279 531 280
78 390 79 394
313 114 314 118
267 309 268 313
685 376 686 380
226 175 230 176
844 219 853 219
317 20 326 20
529 155 533 156
317 361 326 361
218 40 222 41
601 360 610 360
662 340 671 340
784 301 793 301
307 161 311 162
544 150 548 151
46 187 50 188
154 10 158 11
333 82 337 83
80 397 89 397
527 224 531 225
461 153 465 154
307 89 311 90
531 175 535 176
666 161 668 163
837 251 841 252
513 89 522 89
674 359 683 359
651 287 660 287
559 341 568 341
833 230 842 230
903 66 907 67
551 132 560 132
688 200 697 200
604 288 608 289
350 190 359 190
27 349 31 350
284 111 284 120
291 268 295 269
795 320 799 321
442 225 443 229
690 172 699 172
645 223 654 223
659 288 663 288
180 309 184 310
836 62 837 66
744 359 745 363
41 328 42 332
170 323 174 324
724 364 733 364
276 212 281 212
145 364 149 365
375 234 384 234
45 258 49 259
415 63 419 64
1 99 1 108
648 75 657 75
169 253 173 254
825 53 833 53
153 297 157 298
273 96 282 96
0 374 0 383
595 111 599 112
831 302 835 303
471 166 475 167
412 152 416 153
473 243 477 244
694 315 695 319
854 366 863 366
273 149 282 149
352 395 354 397
258 95 262 96
158 64 160 66
457 258 461 259
750 109 750 118
341 359 350 359
740 305 741 309
600 154 609 154
449 14 453 15
338 0 341 1
230 79 233 80
338 201 339 204
731 40 735 41
136 136 137 140
303 376 307 377
552 303 561 303
172 170 176 171
322 130 331 130
667 347 676 347
388 272 397 272
713 127 721 127
873 371 882 371
672 389 681 389
27 334 28 338
766 384 770 385
548 277 552 278
451 162 455 163
799 395 808 395
272 154 281 154
205 48 209 49
884 322 888 323
137 208 138 212
876 388 879 389
708 92 717 92
665 171 669 172
876 98 877 102
875 258 879 259
118 144 118 153
886 161 895 161
40 41 49 41
137 352 138 356
826 49 830 50
821 372 830 372
572 229 576 230
639 302 643 303
448 287 457 287
497 225 506 225
638 282 642 283
186 383 190 384
866 127 870 128
776 198 780 199
873 361 877 362
159 90 168 90
720 291 729 291
159 115 167 115
359 307 368 307
290 375 299 375
409 294 418 294
500 90 504 91
147 349 151 350
811 372 820 372
82 136 82 145
454 192 458 193
769 87 773 88
781 133 785 134
709 77 718 77
187 132 191 133
660 358 664 359
654 235 658 236
242 175 246 176
9 178 10 182
529 232 533 233
630 51 639 51
145 362 149 363
644 206 648 207
261 336 262 340
733 89 737 90
622 48 631 48
226 4 235 4
492 65 496 66
868 361 872 362
904 74 908 75
380 99 381 103
543 346 547 347
737 383 746 383
427 96 431 97
279 159 283 160
496 276 500 277
890 29 899 29
683 37 687 37
415 236 419 237
830 225 834 226
362 308 366 309
764 191 768 192
536 270 545 270
155 7 159 8
326 267 330 268
35 15 39 16
523 41 532 41
175 77 179 78
808 220 812 221
193 141 197 142
114 137 118 138
142 30 146 31
390 153 394 154
622 280 631 280
778 73 782 74
386 389 392 389
692 343 696 344
672 263 676 264
778 112 782 113
439 71 448 71
452 225 453 229
384 380 388 380
48 74 52 75
860 78 869 78
605 27 609 28
781 40 790 40
497 198 506 198
384 215 388 216
397 232 397 241
565 45 569 46
351 236 355 237
385 312 386 316
319 238 320 242
3 30 3 39
525 394 529 395
162 75 166 76
141 161 145 162
162 284 171 284
766 372 770 373
300 239 304 240
311 109 312 113
670 213 679 213
854 131 858 132
910 126 914 127
559 311 559 320
103 194 104 198
577 389 581 390
765 295 766 299
695 204 699 205
74 119 83 119
283 57 287 58
748 359 749 363
530 305 534 306
56 377 65 377
231 244 235 245
438 206 438 215
910 230 911 234
9 319 18 319
454 262 458 263
579 155 588 155
518 371 522 372
484 342 485 346
447 48 454 48
500 375 509 375
264 356 273 356
851 133 855 134
358 287 367 287
856 127 860 128
306 198 315 198
717 65 721 66
482 146 483 150
345 91 349 92
705 352 709 353
233 2 237 3
455 250 456 254
204 7 213 7
177 75 181 76
368 354 372 355
353 60 357 61
842 249 846 250
87 13 91 14
894 287 898 288
438 225 439 229
617 196 618 200
856 393 860 394
830 90 839 90
593 41 602 41
178 366 182 367
383 265 387 266
704 61 713 61
894 76 903 76
632 4 641 4
96 100 100 101
377 89 377 98
34 234 34 243
461 42 465 43
151 176 160 176
802 151 811 151
605 188 606 192
577 300 581 301
201 238 202 242
376 121 385 121
277 390 286 390
808 112 812 113
315 77 319 78
52 243 52 252
315 200 319 201
458 348 460 350
153 223 157 224
490 226 494 227
602 258 603 262
116 177 125 177
360 48 369 48
848 377 852 378
507 61 511 62
587 324 591 325
253 149 254 153
220 69 229 69
764 52 764 61
49 391 53 392
698 75 707 75
224 248 228 249
122 364 131 364
167 326 171 327
145 93 146 97
213 388 217 389
155 245 156 249
373 23 377 24
377 260 381 261
606 123 606 132
191 73 195 74
12 184 12 193
12 234 12 243
813 252 814 256
595 353 599 354
748 75 757 75
466 292 470 293
769 170 778 170
886 231 894 231
513 188 517 189
870 256 874 257
598 220 599 224
912 335 914 336
146 80 155 80
278 33 282 34
799 301 803 302
319 294 328 294
510 165 519 165
24 82 25 86
155 315 164 315
610 97 619 97
214 318 215 322
46 202 55 202
355 366 356 370
637 46 641 47
667 2 671 3
355 2 364 2
627 376 628 380
286 132 292 132
552 196 556 197
579 10 583 11
789 348 793 349
858 316 862 317
275 317 279 318
297 46 301 47
591 287 600 287
747 145 751 146
417 154 421 155
41 252 50 252
374 55 376 56
713 298 717 299
10 354 10 363
804 127 808 128
884 67 892 67
159 25 163 26
778 75 787 75
726 69 730 70
403 280 412 280
871 393 875 394
451 344 455 345
492 218 496 219
905 30 906 34
24 310 24 319
708 229 712 230
555 103 556 107
703 229 707 230
422 159 423 163
257 382 266 382
614 12 623 12
411 364 420 364
562 384 566 385
173 50 174 54
402 194 405 195
158 122 167 122
114 219 123 219
487 225 496 225
403 265 407 266
879 253 888 253
190 16 199 16
628 252 632 253
130 186 131 190
27 87 27 96
220 367 224 368
793 344 802 344
912 150 914 152
725 44 734 44
80 365 84 366
240 388 244 389
633 376 634 380
137 238 141 239
701 186 705 187
125 77 129 78
282 25 286 26
76 160 80 161
667 324 671 325
308 286 312 287
83 348 92 348
672 182 681 182
729 28 733 29
819 272 823 273
157 227 158 231
269 294 278 294
646 106 646 115
346 3 350 4
318 50 325 50
147 30 151 31
719 46 728 46
2 245 2 254
228 86 232 87
754 153 759 153
220 118 221 122
236 333 240 334
692 328 695 329
472 309 475 310
870 2 874 3
295 369 304 369
720 312 724 312
382 186 391 186
502 382 511 382
418 225 419 229
253 350 257 351
550 178 559 178
221 127 229 127
247 311 248 315
749 314 758 314
584 330 585 334
823 220 824 224
431 366 437 366
758 164 767 164
640 213 649 213
371 82 375 83
355 394 359 395
544 274 547 274
581 55 585 56
435 46 442 46
213 285 222 285
652 338 661 338
226 211 230 212
342 29 346 30
510 335 510 344
866 129 870 130
708 315 709 319
282 215 283 219
607 295 616 295
133 0 137 1
46 377 55 377
260 271 269 271
61 341 70 341
15 44 16 48
622 91 626 92
80 44 84 45
848 63 852 64
782 97 791 97
606 57 610 58
148 98 152 99
585 264 589 265
861 129 865 130
195 328 195 337
283 133 292 133
141 211 145 212
512 65 516 66
362 104 362 113
257 222 266 222
623 265 627 266
221 65 225 66
412 186 421 186
680 191 684 192
97 75 97 84
3 245 3 254
207 170 210 171
842 234 851 234
911 27 914 27
735 397 739 398
234 154 243 154
256 252 265 252
248 297 250 298
810 86 819 86
4 149 4 158
741 123 745 124
572 396 576 397
770 208 774 209
291 170 295 171
550 90 559 90
909 328 913 329
456 299 465 299
136 186 137 190
690 320 694 321
765 345 774 345
38 117 40 119
52 137 56 138
72 126 73 130
175 256 176 260
75 194 76 198
256 246 260 247
34 322 38 323
597 258 601 259
598 282 602 283
162 15 171 15
491 118 500 118
297 390 306 390
404 244 413 244
315 213 324 213
175 266 179 267
102 267 103 271
837 340 846 340
312 130 321 130
107 162 116 162
884 333 888 334
344 168 348 169
417 351 425 351
52 100 61 100
9 196 9 205
460 359 461 362
218 143 222 144
344 306 353 306
782 150 786 151
413 189 414 193
532 142 536 143
293 69 302 69
401 205 405 206
109 159 113 160
561 72 565 73
537 61 546 61
788 200 797 200
305 85 309 86
616 328 618 330
285 203 287 205
255 262 259 263
531 127 535 128
126 57 130 58
637 362 646 362
578 318 582 319
264 150 265 154
626 119 626 128
718 200 727 200
410 117 419 117
183 192 192 192
254 397 258 398
890 119 891 123
81 209 85 210
667 86 671 87
20 289 21 293
43 193 43 202
534 209 543 209
221 15 230 15
402 196 411 196
678 224 687 224
258 32 262 33
622 93 631 93
532 137 536 138
711 348 715 349
115 144 116 148
703 40 703 49
130 213 132 215
196 255 197 259
675 154 679 155
109 70 109 79
165 83 174 83
728 254 733 254
542 314 542 323
96 377 100 378
401 42 410 42
653 376 654 380
569 239 578 239
628 107 632 108
99 104 103 105
325 370 334 370
616 52 622 52
582 240 586 241
782 234 791 234
60 277 60 286
475 158 479 159
154 376 163 376
106 201 115 201
837 80 841 81
74 235 74 244
398 371 407 371
403 143 407 144
134 291 138 292
380 253 381 257
233 103 242 103
61 267 70 267
746 111 746 120
348 336 352 337
644 258 645 262
690 353 694 354
87 341 88 345
81 357 82 361
541 332 545 333
359 221 363 222
507 300 511 301
335 293 341 293
338 231 347 231
807 156 816 156
178 32 182 33
183 32 187 33
373 75 382 75
900 352 908 352
607 47 616 47
5 51 14 51
515 93 516 97
189 279 193 279
251 101 255 102
801 138 810 138
508 294 512 295
230 131 236 131
682 116 691 116
98 170 98 179
812 138 821 138
366 389 375 389
47 278 47 287
398 94 402 95
416 385 417 389
880 121 884 122
515 171 519 172
672 48 676 49
805 240 809 241
280 66 289 66
746 359 747 363
363 210 367 211
677 246 679 248
591 55 595 56
730 303 734 304
634 288 638 289
687 2 691 3
867 42 871 43
882 104 891 104
481 366 490 366
112 30 116 31
144 380 148 381
193 0 197 1
551 389 554 390
369 221 373 222
669 204 670 208
90 135 90 144
831 346 840 346
891 225 895 226
362 19 366 20
440 385 444 386
332 182 336 183
64 253 65 257
662 387 666 388
389 271 398 271
586 376 590 377
3 359 7 360
474 21 478 22
268 352 277 352
792 276 801 276
128 238 129 242
543 53 547 54
327 215 331 216
138 61 147 61
365 273 369 274
523 363 527 364
763 344 772 344
762 312 766 313
42 253 43 257
147 44 151 45
784 22 793 22
697 280 701 281
434 262 438 263
163 347 172 347
401 208 405 209
164 186 165 190
786 333 795 333
187 44 191 45
568 249 577 249
300 378 304 379
117 207 117 211
256 359 265 359
841 55 850 55
451 121 455 122
692 324 696 325
548 40 557 40
220 318 220 327
554 36 563 36
375 369 384 369
444 3 448 4
704 315 705 319
849 74 853 75
670 64 671 68
680 131 684 132
602 279 606 280
642 93 646 93
653 292 661 292
417 60 426 60
549 317 550 321
397 122 405 122
805 176 809 177
100 189 101 193
885 4 886 8
307 175 311 176
649 10 653 11
785 131 794 131
658 318 662 319
575 115 582 115
720 246 724 247
285 206 294 206
433 128 437 129
23 207 27 208
716 368 725 368
827 183 831 184
360 181 369 181
313 55 319 55
642 191 651 191
857 354 866 354
759 386 763 387
323 248 324 252
394 141 398 142
400 394 404 395
338 272 342 273
389 319 393 320
110 379 111 383
201 159 202 163
726 6 730 7
130 333 139 333
466 351 475 351
362 292 366 293
462 19 466 20
228 346 232 347
359 345 368 345
758 148 767 148
238 266 247 266
826 97 830 98
352 201 356 202
836 103 837 107
410 119 414 120
763 304 767 305
81 308 85 309
87 147 91 148
490 106 494 107
269 391 278 391
420 106 421 110
508 289 517 289
800 152 804 153
342 383 351 383
564 10 568 11
378 275 379 279
622 65 626 66
15 51 24 51
668 44 672 45
536 127 545 127
224 266 225 270
361 50 365 51
95 278 104 278
180 121 180 130
667 387 671 388
58 372 59 376
663 198 667 199
581 381 590 381
329 270 338 270
590 167 594 168
179 349 183 350
485 93 486 97
635 213 639 214
223 23 227 24
544 335 545 339
800 225 801 229
307 220 316 220
339 302 348 302
897 335 906 335
630 258 631 262
185 89 186 93
31 234 31 243
537 396 541 397
396 346 405 346
659 216 663 217
452 275 461 275
368 60 372 61
691 265 695 266
404 267 413 267
450 307 454 308
375 89 375 98
804 364 813 364
88 126 89 130
515 84 517 86
853 230 862 230
203 109 207 110
332 284 336 285
384 167 388 168
679 60 681 62
422 91 423 95
482 308 486 309
209 356 218 356
343 366 344 370
198 348 207 348
904 104 906 106
635 376 636 380
163 294 164 298
4 81 4 90
129 14 129 23
161 130 161 139
676 258 677 262
422 106 423 110
217 360 218 364
761 18 765 19
338 378 347 378
132 287 141 287
790 157 799 157
710 235 714 236
82 199 82 208
132 112 133 116
509 232 513 233
428 287 437 287
189 144 190 148
23 240 23 249
578 53 582 54
324 301 328 302
716 86 725 86
717 337 718 341
398 232 398 241
718 318 722 319
571 272 575 273
576 272 580 273
22 32 26 33
705 63 709 64
343 54 347 55
608 244 612 245
468 111 477 111
780 208 784 209
688 143 692 144
877 350 881 351
735 255 739 256
878 215 879 219
748 227 752 228
216 68 225 68
114 21 115 25
131 91 135 92
529 92 538 92
854 103 855 107
854 295 858 296
571 42 575 43
535 346 537 347
722 330 731 330
849 293 849 302
269 99 273 100
616 276 618 277
446 133 455 133
315 234 324 234
40 133 44 134
11 182 20 182
463 129 472 129
746 368 755 368
585 39 594 39
233 360 234 364
414 55 418 56
796 201 800 202
179 179 183 180
207 172 210 173
652 267 656 268
16 162 17 166
841 377 842 381
617 229 621 230
655 26 664 26
479 21 483 22
387 123 389 125
850 157 857 157
524 37 528 38
822 137 826 138
874 67 883 67
449 209 458 209
758 303 758 312
601 86 605 87
302 120 311 120
2 324 3 328
349 344 353 345
10 350 14 351
417 78 421 79
75 204 75 213
706 118 710 119
5 30 5 39
437 283 441 284
364 215 368 216
367 292 371 293
278 141 287 141
447 19 451 20
669 293 673 294
47 97 51 98
205 309 209 310
348 2 354 2
303 277 307 278
137 167 142 167
119 326 120 330
751 42 755 43
5 322 5 331
389 262 393 263
887 53 891 54
117 196 121 197
762 229 771 229
116 379 118 381
442 27 451 27
77 278 84 278
750 282 759 282
147 238 151 239
432 32 433 36
806 315 807 319
787 267 796 267
8 20 8 29
116 63 120 64
873 265 877 266
142 342 151 342
409 187 418 187
119 289 123 290
850 390 854 391
778 257 782 258
293 57 297 58
19 186 20 190
189 253 193 254
320 350 329 350
888 290 892 291
502 214 511 214
152 30 156 31
79 376 88 376
731 137 740 137
413 371 417 372
713 47 717 48
448 69 452 70
222 118 223 122
497 32 506 32
395 355 399 356
82 293 82 302
866 307 870 308
483 243 487 244
782 90 791 90
846 50 854 50
704 62 713 62
372 260 376 261
809 366 813 367
787 310 791 311
212 44 216 45
748 103 757 103
332 63 336 64
555 129 559 130
888 97 889 101
842 260 851 260
671 300 675 301
379 380 383 381
269 314 273 315
533 363 537 364
645 24 649 25
780 91 784 92
719 1 728 1
560 104 569 104
536 210 545 210
165 174 174 174
321 274 330 274
114 253 118 254
648 282 652 283
399 319 403 320
107 321 111 322
101 369 105 370
453 359 457 360
658 52 662 53
171 274 172 278
349 109 349 118
587 6 591 7
696 169 705 169
791 241 797 241
186 112 190 113
634 21 643 21
203 349 204 353
366 208 370 209
148 225 154 225
512 243 516 244
212 269 213 273
513 124 514 128
245 48 249 49
663 173 667 174
818 391 827 391
208 282 212 283
227 7 236 7
71 101 80 101
450 336 454 337
676 233 677 237
383 227 384 231
394 97 394 106
651 40 655 41
119 159 123 160
720 256 729 256
672 291 676 292
408 305 417 305
423 392 427 393
289 142 290 146
111 235 115 236
874 100 875 104
287 238 288 242
510 92 519 92
849 30 850 34
595 326 599 327
42 298 42 307
45 105 46 109
228 159 229 163
798 323 806 323
187 134 191 135
552 192 561 192
67 231 67 240
82 339 82 348
418 272 427 272
311 208 315 209
525 228 529 229
675 104 684 104
651 376 652 380
509 296 513 297
595 106 604 106
387 122 396 122
835 257 839 258
234 275 238 276
646 13 655 13
165 137 169 138
62 42 66 43
167 157 176 157
477 379 486 379
492 307 496 308
615 257 624 257
328 243 329 247
822 350 826 351
893 63 902 63
482 47 491 47
593 69 597 70
35 330 36 334
312 147 313 151
718 116 719 120
126 207 126 216
200 48 204 49
485 212 486 216
260 56 269 56
637 65 641 66
662 368 671 368
17 306 21 307
63 175 67 176
634 334 643 334
374 326 375 330
714 323 722 323
185 252 194 252
782 59 786 60
249 80 258 80
189 380 193 381
95 207 99 208
316 255 320 256
536 323 537 327
845 320 849 321
512 33 521 33
459 333 468 333
494 334 502 334
859 51 863 52
575 398 584 398
153 50 154 54
583 131 583 140
121 300 125 301
413 134 414 138
344 319 348 320
375 203 379 204
233 9 237 10
385 49 394 49
579 239 581 241
462 140 471 140
262 353 266 354
641 320 645 321
822 234 831 234
384 255 388 256
32 354 33 358
795 277 804 277
174 272 183 272
902 115 904 116
249 309 250 313
538 318 538 327
542 335 543 339
211 394 220 394
800 394 809 394
882 225 883 229
513 248 517 249
900 91 901 95
353 97 353 106
411 361 420 361
378 118 387 118
686 60 687 64
171 110 172 114
364 124 368 125
334 263 338 264
11 149 12 153
119 27 122 28
664 50 668 51
263 282 267 283
194 238 198 239
521 123 522 126
333 360 337 361
88 195 92 196
426 336 427 340
686 57 695 57
682 228 683 232
760 326 764 327
593 318 597 319
864 311 865 315
891 338 900 338
509 98 518 98
232 35 241 35
714 95 718 96
871 97 880 97
360 310 368 310
398 372 407 372
789 180 793 181
214 98 218 99
773 250 782 250
424 296 433 296
892 174 901 174
438 53 442 54
724 388 733 388
882 214 883 218
363 75 372 75
706 345 710 346
326 164 330 165
71 283 72 287
10 196 11 200
316 3 320 4
568 224 569 228
741 69 745 70
719 2 723 3
336 303 345 303
543 89 552 89
582 303 583 307
856 266 858 268
273 282 277 283
763 119 767 120
287 46 296 46
145 5 149 6
738 96 742 97
207 159 208 163
153 42 157 43
319 320 323 321
836 286 840 287
602 341 606 342
813 355 817 356
111 164 115 165
611 99 620 99
881 40 885 41
23 219 23 228
577 212 581 213
21 209 25 210
579 384 580 388
587 389 591 390
61 326 62 330
366 94 366 103
422 39 426 40
702 65 711 65
906 225 910 226
134 226 138 227
96 309 100 310
213 393 222 393
853 316 857 317
346 111 346 120
101 72 101 81
682 54 686 55
858 63 862 64
838 119 842 120
801 233 807 233
71 106 75 107
468 287 477 287
824 135 828 136
806 390 815 390
185 309 189 310
350 243 351 247
8 245 8 254
826 89 835 89
636 204 640 205
701 368 705 369
233 278 242 278
748 257 752 258
578 350 582 351
552 324 556 325
404 215 408 216
33 254 33 263
604 20 608 21
733 336 734 340
784 0 788 1
25 178 34 178
837 281 841 281
202 158 211 158
392 140 401 140
438 289 442 290
361 42 370 42
80 33 84 34
507 142 511 143
344 99 348 100
677 291 686 291
773 371 782 371
137 154 138 158
818 173 822 174
681 128 690 128
634 302 638 303
712 366 716 367
5 228 14 228
402 161 403 165
82 245 83 249
457 250 458 254
245 256 249 257
194 271 198 272
491 80 492 84
75 324 76 328
665 211 669 212
353 392 357 393
800 190 804 191
762 389 771 389
762 369 766 370
735 139 739 140
646 379 650 380
399 334 408 334
882 243 891 243
550 326 554 327
343 237 344 241
99 328 100 332
83 151 87 152
206 19 210 20
313 155 317 156
696 197 703 197
204 70 208 71
778 119 782 120
477 302 481 303
766 279 770 280
15 96 19 97
217 195 221 196
697 383 706 383
724 95 725 99
172 391 181 391
631 156 634 157
45 353 54 353
531 245 532 249
677 362 686 362
698 231 707 231
499 254 508 254
487 325 488 329
413 241 422 241
552 32 556 33
707 300 711 301
449 29 450 33
911 77 911 86
287 17 296 17
126 220 127 223
675 156 684 156
728 252 732 253
230 109 231 113
383 134 383 143
312 396 316 397
397 60 401 61
482 333 491 333
892 207 896 208
763 107 767 108
0 139 0 148
597 387 601 388
3 91 4 95
854 4 858 5
376 68 384 68
432 186 441 186
320 292 324 293
334 142 343 142
259 223 268 223
570 111 574 112
129 330 133 331
193 144 194 148
40 126 44 127
130 268 134 269
811 295 812 299
15 224 16 228
21 185 21 194
314 389 323 389
582 194 589 194
601 88 610 88
15 27 19 28
19 30 19 39
212 35 221 35
228 79 229 82
903 63 912 63
190 120 190 129
878 363 887 363
435 183 444 183
3 0 3 9
268 82 272 83
394 221 398 222
613 344 622 344
357 311 366 311
29 185 33 186
590 348 591 352
499 126 503 127
60 52 61 56
359 170 360 171
100 56 109 56
847 251 851 252
10 54 10 63
143 106 152 106
268 237 277 237
439 167 440 171
496 311 500 312
775 109 779 110
473 239 477 240
625 372 629 373
902 298 911 298
159 179 163 180
766 182 770 183
443 266 452 266
254 176 263 176
814 301 818 302
160 267 164 268
30 254 30 263
229 397 233 398
705 246 709 247
635 1 644 1
660 58 669 58
558 335 567 335
487 206 488 210
239 294 248 294
835 247 839 248
155 268 159 269
551 246 555 247
676 57 685 57
323 173 324 177
767 111 768 115
398 161 399 165
112 358 116 359
831 204 840 204
546 18 550 19
842 108 851 108
146 392 150 393
262 311 266 312
780 54 784 55
24 161 24 170
375 214 384 214
666 271 670 272
476 177 480 178
7 260 7 269
852 276 855 277
220 48 224 49
92 13 96 14
624 14 628 15
677 239 681 240
471 80 472 84
4 275 4 283
377 122 381 123
225 83 234 83
889 344 898 344
806 182 810 183
306 71 310 72
96 326 100 327
117 144 117 153
198 338 200 339
64 121 64 130
498 87 502 88
555 202 559 203
816 48 820 49
65 258 66 262
782 238 786 239
148 220 157 220
683 42 687 43
43 77 43 86
336 358 345 358
472 65 476 66
701 171 710 171
120 353 124 354
109 118 113 118
459 181 468 181
808 284 812 285
539 288 548 288
599 162 600 166
569 20 573 21
636 269 645 269
645 381 654 381
114 238 115 242
798 143 799 146
163 245 164 249
598 260 599 264
366 50 370 51
625 95 629 96
20 374 21 378
42 270 42 279
446 276 450 277
899 117 908 117
398 303 407 303
253 114 257 115
283 292 288 292
364 321 373 321
567 382 571 383
673 352 677 353
54 390 58 390
215 48 219 49
875 3 884 3
54 326 58 327
873 147 877 148
554 286 563 286
201 123 210 123
105 194 106 198
308 277 312 278
198 328 199 332
505 37 506 41
892 153 896 154
859 330 868 330
819 21 828 21
8 54 8 63
302 63 306 64
361 285 365 286
762 238 766 239
167 170 171 171
245 201 254 201
771 168 780 168
364 319 373 319
666 317 675 317
148 131 157 131
41 270 41 279
885 119 889 120
295 370 304 370
51 121 52 125
792 292 801 292
125 204 129 205
170 63 179 63
564 59 568 60
154 384 155 388
100 276 109 276
153 112 157 113
450 137 454 138
290 48 299 48
618 244 622 245
50 258 54 259
378 312 382 313
455 336 457 338
627 9 636 9
323 245 327 246
646 355 650 356
764 189 773 189
825 51 828 52
870 364 874 365
273 9 277 10
854 374 863 374
384 387 393 387
771 71 780 71
523 93 524 97
96 70 105 70
204 277 213 277
765 123 774 123
372 29 376 30
127 256 128 260
577 392 581 393
676 278 685 278
659 115 660 119
285 189 289 190
204 26 213 26
174 10 178 11
780 171 789 171
23 205 32 205
109 179 113 180
867 150 876 150
503 221 507 222
537 196 541 197
189 296 198 296
111 307 115 308
20 62 20 71
791 186 795 187
862 350 866 351
181 102 190 102
610 144 614 145
570 120 574 121
910 364 913 365
22 219 22 228
855 247 859 248
93 175 97 176
146 331 150 332
152 314 161 314
65 10 65 19
286 342 290 343
361 94 361 103
745 256 747 258
682 241 686 242
110 183 114 184
794 254 803 254
502 196 506 197
221 150 225 151
165 272 173 272
344 298 353 298
128 0 132 1
548 113 552 114
389 80 398 80
156 21 165 21
39 298 39 307
10 312 19 312
820 157 829 157
124 217 128 218
523 53 527 54
426 52 435 52
82 0 83 4
502 324 511 324
476 166 480 167
811 332 820 332
359 366 359 375
695 185 704 185
386 373 390 374
859 328 863 329
142 300 146 301
656 89 665 89
863 355 867 356
556 127 565 127
743 89 747 90
447 335 456 335
687 366 691 367
750 152 759 152
690 397 694 398
136 300 138 301
494 37 498 38
327 63 331 64
159 288 163 289
75 261 79 262
498 190 502 191
47 331 51 332
83 125 92 125
337 89 341 90
557 392 561 393
633 53 637 54
409 167 413 167
217 233 226 233
141 159 145 160
376 201 380 202
726 384 730 385
374 184 378 185
178 236 187 236
691 209 695 210
629 20 633 21
164 291 173 291
23 20 24 24
725 107 729 108
381 108 381 117
833 58 837 59
328 392 332 393
72 268 73 272
412 114 416 115
617 324 621 325
792 90 801 90
817 295 818 299
63 10 63 19
84 84 84 93
725 393 734 393
903 220 906 221
104 182 113 182
736 384 740 385
567 362 576 362
526 55 530 56
612 215 616 216
805 171 809 172
91 135 91 144
78 395 87 395
683 376 684 380
889 173 898 173
332 248 336 249
399 312 408 312
322 118 322 127
491 256 499 256
856 0 860 1
736 107 740 108
375 251 380 251
733 252 737 253
538 113 542 114
675 105 679 106
543 190 552 190
823 11 827 12
70 158 71 162
30 391 39 391
908 190 909 193
44 322 48 323
889 330 898 330
99 380 99 389
468 53 472 54
194 219 203 219
847 30 848 34
516 292 520 293
500 161 509 161
501 99 505 100
871 9 872 13
417 189 418 193
161 352 162 356
55 0 55 9
79 5 79 14
478 220 482 221
93 63 97 64
661 18 665 19
477 316 486 316
218 207 227 207
584 147 585 151
794 129 798 130
645 295 654 295
695 214 696 218
139 10 143 11
581 18 585 19
856 376 865 376
496 166 500 167
599 91 600 95
534 368 543 368
220 290 224 291
467 132 476 132
380 65 384 66
622 152 626 153
410 278 414 279
484 31 493 31
868 147 872 148
252 8 261 8
521 200 525 201
373 290 377 291
616 269 625 269
233 141 237 142
835 190 839 191
140 357 141 361
131 204 140 204
318 109 318 118
560 144 564 145
746 372 755 372
560 134 564 135
804 368 813 368
858 311 859 315
325 140 325 149
852 252 861 252
877 359 886 359
529 299 538 299
144 165 148 165
335 5 344 5
287 122 287 131
728 92 737 92
375 394 379 395
771 176 774 177
681 41 687 41
52 62 56 63
872 153 876 154
811 42 815 43
775 281 779 282
256 166 265 166
428 385 429 389
881 166 890 166
717 370 726 370
382 383 389 383
138 40 142 41
909 262 913 263
485 1 489 2
258 385 259 389
406 245 410 246
137 344 141 345
286 62 295 62
834 135 838 136
329 380 333 381
738 22 747 22
414 184 416 185
601 378 602 382
846 246 850 246
863 318 867 319
661 69 670 69
0 40 4 41
311 267 315 268
862 110 871 110
363 336 372 336
59 277 59 286
194 279 203 279
667 382 671 383
123 343 132 343
101 221 105 222
73 311 82 311
220 369 224 370
576 359 582 359
811 50 820 50
603 318 607 319
733 257 736 258
199 253 203 254
875 28 884 28
752 80 756 81
260 363 264 364
25 20 26 24
336 198 345 198
497 141 498 145
540 136 549 136
183 330 184 331
189 114 193 115
630 6 632 8
542 213 546 214
457 330 466 330
102 354 111 354
282 63 286 64
589 277 592 278
784 162 793 162
200 86 204 87
529 37 537 37
343 102 343 111
862 201 866 202
435 28 444 28
827 200 829 202
132 363 133 367
801 142 810 142
512 320 513 324
31 303 32 307
137 334 146 334
891 37 895 38
112 314 121 314
244 253 248 254
41 280 42 284
75 40 75 49
858 78 859 82
712 330 721 330
224 250 228 251
268 268 270 270
141 309 150 309
623 279 632 279
543 260 547 261
371 286 380 286
304 327 305 331
389 179 393 180
576 57 585 57
81 230 81 239
408 385 409 389
330 322 339 322
471 175 475 176
218 118 219 122
803 255 807 256
491 131 500 131
703 91 707 92
430 175 431 179
299 263 303 264
77 313 81 314
484 334 493 334
420 177 429 177
13 184 13 193
210 48 214 49
181 394 190 394
799 251 808 251
595 323 604 323
277 150 278 153
32 12 36 13
657 197 666 197
370 300 379 300
637 161 641 162
208 88 217 88
711 171 720 171
535 202 539 203
106 300 110 301
135 352 136 356
741 332 750 332
386 121 395 121
296 62 305 62
96 214 96 223
623 377 624 381
125 116 129 117
701 384 705 385
840 94 844 95
1 144 1 153
711 36 711 45
130 359 134 360
216 171 220 172
338 23 342 24
532 33 541 33
166 193 174 193
270 262 274 263
535 393 544 393
3 361 3 370
11 129 11 138
205 288 206 292
664 29 668 30
197 117 197 126
403 210 407 211
286 111 286 120
202 326 206 327
208 253 209 257
443 205 447 206
548 34 557 34
313 145 317 146
732 91 741 91
904 65 912 65
130 204 130 212
736 202 737 206
803 112 807 113
597 246 601 247
745 193 754 193
880 192 884 193
159 229 160 231
79 89 80 93
29 187 30 191
584 208 593 208
805 152 809 153
336 357 345 357
85 263 89 264
258 228 262 229
483 75 492 75
243 297 247 298
909 275 912 276
376 41 385 41
445 116 449 117
78 29 87 29
269 309 270 313
268 191 277 191
481 317 485 318
144 152 148 153
66 231 66 240
574 4 578 5
907 335 911 336
574 305 574 314
818 318 822 319
296 152 300 153
129 55 138 55
495 305 504 305
264 248 268 249
491 112 495 113
290 369 294 370
560 178 569 178
618 339 627 339
297 6 301 7
261 209 265 210
615 250 624 250
620 28 629 28
397 313 401 314
432 27 441 27
7 287 11 288
466 297 468 299
401 141 402 145
528 283 532 284
17 193 17 202
121 0 125 1
904 214 905 218
239 397 243 398
402 152 411 152
219 360 220 364
378 229 382 230
132 141 133 145
829 261 832 262
639 270 648 270
198 181 202 182
337 366 338 370
443 37 447 38
726 348 730 349
541 144 550 144
40 253 41 257
874 194 878 195
236 171 240 172
644 209 648 210
450 119 454 120
693 41 702 41
310 341 319 341
375 28 384 28
628 258 629 262
515 269 519 270
23 363 23 372
612 263 616 264
6 30 6 39
223 103 232 103
213 297 217 298
373 176 377 177
104 385 105 389
431 219 440 219
691 88 700 88
770 375 779 375
490 278 494 279
684 60 685 64
698 117 699 121
12 287 16 288
560 311 560 320
98 28 107 28
467 388 476 388
422 166 431 166
891 209 895 210
293 59 302 59
73 283 74 287
366 285 370 286
847 354 856 354
52 45 53 49
100 382 109 382
603 265 607 266
700 36 709 36
774 366 778 367
288 149 289 153
856 129 860 130
627 295 636 295
88 346 91 347
753 47 757 48
900 56 901 60
525 226 529 227
389 104 390 108
873 215 877 216
614 206 618 207
96 392 100 393
593 82 597 83
192 79 201 79
285 5 294 5
822 76 831 76
196 303 205 303
150 78 159 78
895 234 904 234
135 7 139 8
837 249 841 250
273 286 277 287
87 330 88 334
505 394 509 395
24 195 24 204
316 51 317 52
382 323 386 324
831 186 840 186
21 74 21 83
596 334 605 334
270 375 279 375
57 223 61 224
244 153 248 154
195 77 199 78
408 37 410 39
338 122 340 123
674 95 678 96
702 121 711 121
689 390 698 390
643 304 647 305
841 293 842 297
12 10 12 19
822 74 826 75
403 359 407 360
49 352 54 352
153 40 157 41
73 0 73 9
207 354 211 355
887 14 891 15
414 328 423 328
346 248 350 249
746 86 755 86
560 26 569 26
807 310 808 314
290 122 290 131
740 131 744 132
507 9 516 9
474 24 478 25
660 50 663 51
506 177 515 177
689 10 693 11
680 397 684 398
312 63 316 64
468 338 477 338
72 332 76 333
188 366 192 367
828 83 832 84
454 331 458 332
857 46 861 46
161 274 162 278
65 241 65 250
851 0 855 1
15 89 16 93
456 288 465 288
188 318 189 322
149 152 153 153
196 336 200 337
637 370 639 372
389 273 393 274
498 3 502 4
627 263 631 264
5 226 9 227
209 215 213 216
556 264 565 264
211 101 215 102
408 350 409 354
217 395 221 396
793 230 801 230
102 153 103 157
396 223 403 223
557 107 566 107
629 206 638 206
104 245 108 246
333 336 342 336
129 321 133 322
406 159 415 159
636 8 639 8
600 8 609 8
432 96 433 100
470 106 479 106
278 267 287 267
546 162 549 163
670 63 679 63
351 50 360 50
774 374 783 374
894 115 896 117
528 215 537 215
465 355 469 356
851 372 855 373
811 286 815 287
120 48 129 48
561 132 565 133
320 278 320 281
505 386 509 387
828 112 832 113
793 257 797 258
672 91 676 92
673 318 675 319
100 244 109 244
370 44 374 45
195 364 199 365
621 287 630 287
302 182 306 183
429 383 438 383
456 162 460 163
18 116 18 125
163 311 172 311
784 62 793 62
822 267 831 267
336 288 345 288
348 210 352 211
629 322 633 323
585 167 589 168
863 361 867 362
104 223 105 227
505 389 506 393
518 84 519 88
587 198 596 198
272 289 281 289
369 93 369 102
180 266 184 267
395 119 399 120
790 139 794 140
824 382 828 383
95 31 99 32
192 27 201 27
861 218 862 222
623 89 630 89
863 273 867 274
476 67 485 67
118 242 127 242
244 84 245 88
461 141 462 145
563 349 567 350
38 221 38 230
865 390 874 390
443 207 447 208
765 245 774 245
855 87 864 87
780 172 789 172
475 355 479 356
362 398 371 398
809 395 818 395
89 337 92 338
477 247 481 248
611 156 615 157
572 330 573 334
415 189 416 193
743 344 752 344
288 3 295 3
909 278 910 282
322 6 331 6
576 322 585 322
457 101 466 101
406 363 415 363
232 185 233 189
608 237 612 238
437 151 443 151
871 338 880 338
23 195 23 204
802 103 803 107
810 72 811 76
520 84 521 88
279 138 283 139
1 52 1 61
874 169 876 171
567 229 571 230
522 68 531 68
453 53 457 54
79 23 83 24
331 25 333 27
715 341 716 345
400 125 409 125
349 283 358 283
288 34 297 34
144 163 148 164
743 94 747 95
747 243 755 243
638 79 647 79
140 214 144 215
630 23 634 24
862 153 866 154
367 16 376 16
610 146 619 146
63 324 64 328
119 206 128 206
477 125 478 129
204 380 208 381
763 336 764 340
460 210 464 211
340 54 342 55
866 133 870 134
104 265 105 269
712 203 713 207
788 145 797 145
24 392 28 393
768 33 769 37
522 184 526 185
406 202 415 202
638 252 642 253
181 64 185 65
327 173 328 177
115 288 124 288
353 265 357 266
326 356 330 357
776 182 780 183
62 152 66 153
396 347 405 347
401 178 410 178
784 41 793 41
441 98 445 99
102 143 111 143
6 239 7 243
830 78 831 82
781 46 782 50
426 229 435 229
300 192 304 193
819 301 828 301
900 170 904 171
39 192 48 192
779 161 783 162
599 210 603 211
896 223 905 223
821 99 830 99
133 160 134 163
626 143 627 146
119 270 123 271
868 158 872 159
397 114 401 115
625 103 629 104
221 53 230 53
815 295 816 299
280 188 289 188
318 75 322 76
75 139 76 143
302 6 306 7
238 40 242 41
815 220 816 224
675 315 679 316
336 389 345 389
247 134 251 135
62 378 66 379
858 69 859 73
808 154 812 155
380 196 384 197
378 372 387 372
722 389 731 389
543 248 547 249
58 205 59 209
404 229 404 238
7 332 8 336
460 137 464 138
822 249 826 250
438 243 442 244
736 265 740 266
305 121 309 122
736 261 745 261
73 139 74 143
143 245 144 249
473 146 477 147
619 102 628 102
852 260 861 260
866 204 867 208
867 359 876 359
388 329 397 329
110 86 111 90
254 371 263 371
267 336 268 340
759 5 768 5
770 106 779 106
608 112 612 113
42 0 43 4
782 65 786 66
53 94 57 95
248 25 257 25
162 27 171 27
583 237 587 238
135 293 144 293
387 63 391 64
119 355 120 359
379 22 388 22
494 360 498 361
600 397 609 397
536 67 545 67
381 240 382 244
617 384 626 384
755 23 759 24
187 332 188 336
46 67 50 68
790 176 794 177
381 189 386 189
70 110 74 111
790 291 799 291
409 184 413 185
645 156 646 160
909 136 910 140
87 6 88 10
664 288 673 288
188 32 192 33
515 332 515 341
890 258 894 259
101 214 102 218
883 17 892 17
606 249 615 249
169 218 178 218
107 274 111 275
237 5 239 7
85 134 94 134
876 125 877 129
185 345 194 345
227 224 231 225
702 260 711 260
552 293 561 293
523 245 524 249
874 135 883 135
842 281 850 281
598 252 600 253
105 176 114 176
341 170 345 171
837 238 841 239
538 193 547 193
716 257 717 261
493 89 502 89
656 320 660 321
624 12 633 12
343 210 347 211
912 77 912 86
902 14 906 15
756 198 760 199
798 231 801 232
711 350 715 351
62 396 71 396
590 122 599 122
814 219 823 219
806 279 810 280
810 281 814 282
596 137 605 137
327 29 331 30
142 262 146 263
873 63 882 63
362 215 363 218
401 123 405 124
690 227 691 231
734 0 738 1
429 250 430 254
327 238 328 242
435 242 444 242
504 336 504 345
625 397 629 398
15 193 15 202
229 360 230 364
219 100 228 100
94 147 98 148
792 234 801 234
549 92 553 93
52 372 53 376
99 284 103 285
448 118 457 118
773 173 777 174
892 184 901 184
67 89 71 90
504 59 508 60
447 169 451 170
176 235 185 235
585 27 589 28
277 254 278 258
110 174 114 175
802 125 806 126
417 314 421 315
711 168 720 168
557 61 561 62
11 216 15 217
107 70 107 79
318 265 322 266
419 304 428 304
109 209 109 218
653 44 657 45
369 80 378 80
2 349 2 358
518 146 519 150
17 275 18 279
290 378 294 379
195 226 199 227
876 64 885 64
785 277 794 277
323 360 332 360
729 100 733 101
385 224 389 225
524 230 528 231
591 143 600 143
126 125 126 134
635 250 644 250
588 300 588 309
773 13 777 14
884 342 893 342
521 281 525 282
354 169 363 169
865 256 869 257
360 317 364 318
583 359 590 359
249 149 250 153
489 353 493 354
663 274 667 275
711 176 720 176
469 24 473 25
375 341 379 342
803 245 807 246
721 384 725 385
286 222 295 222
180 81 184 82
152 15 161 15
553 249 562 249
644 129 648 130
324 140 324 149
108 27 109 31
134 275 143 275
434 146 438 147
461 175 465 176
157 198 166 198
677 241 681 242
895 306 904 306
383 53 392 53
287 390 296 390
107 326 111 327
443 364 450 364
65 349 65 358
825 377 826 381
524 232 528 233
908 272 912 273
368 143 369 147
497 125 498 128
809 135 813 136
884 74 888 75
829 263 832 264
678 82 687 82
129 25 133 26
784 288 793 288
424 180 433 180
275 181 279 182
411 208 415 209
413 105 422 105
338 207 347 207
688 304 692 305
493 11 497 12
355 300 359 301
173 228 177 229
807 125 811 126
314 99 318 100
322 17 331 17
603 237 607 238
396 96 401 96
578 252 587 252
758 231 767 231
748 16 752 17
6 216 10 217
769 395 778 395
442 275 451 275
10 346 14 347
692 67 696 68
318 54 324 54
691 72 700 72
565 398 574 398
910 29 910 36
4 219 4 228
790 355 794 356
739 61 743 62
871 30 875 31
254 113 263 113
363 275 372 275
332 186 336 187
813 173 817 174
246 4 255 4
382 235 386 236
194 143 203 143
34 80 34 89
38 136 47 136
32 80 32 89
680 6 689 6
238 191 247 191
208 299 217 299
261 333 265 334
179 159 180 163
164 270 168 271
132 79 141 79
674 222 683 222
913 77 913 86
170 88 179 88
230 367 234 368
33 56 33 65
827 276 836 276
215 375 224 375
673 296 677 297
474 156 483 156
507 132 516 132
697 324 701 325
322 200 323 204
143 234 152 234
222 198 231 198
27 362 27 371
770 105 779 105
463 87 467 88
513 315 522 315
472 284 476 285
69 139 70 143
23 35 24 39
194 72 203 72
230 194 239 194
532 273 539 273
31 128 32 132
299 391 308 391
481 162 485 163
660 80 664 81
401 83 405 84
886 393 890 394
107 52 111 53
500 104 504 105
480 106 484 107
135 376 144 376
696 271 700 272
204 243 205 247
120 276 129 276
36 294 38 296
515 48 519 49
129 256 130 260
466 123 470 124
489 361 493 362
397 205 400 206
669 200 677 200
416 159 417 163
901 345 905 346
183 339 192 339
60 251 64 252
41 45 41 54
136 46 140 47
38 205 42 206
651 69 655 70
640 231 644 232
501 102 510 102
781 183 790 183
885 306 894 306
325 87 329 88
182 326 186 327
877 163 881 164
520 1 524 2
455 137 459 138
754 161 758 162
265 108 274 108
842 369 846 370
211 19 215 20
20 30 20 39
79 320 80 324
146 161 150 162
506 223 509 223
505 171 509 172
202 30 206 31
340 310 349 310
860 192 869 192
231 246 240 246
630 213 634 214
512 281 520 281
40 233 40 242
868 273 872 274
384 253 386 254
253 110 262 110
45 27 49 28
21 354 25 355
690 292 694 293
189 250 193 251
471 168 480 168
351 109 351 118
37 326 41 327
453 128 457 129
851 48 855 49
475 104 479 105
126 107 130 108
561 330 565 331
610 95 614 96
105 288 114 288
170 61 174 62
743 30 747 31
247 232 251 233
871 281 875 282
799 366 803 367
818 396 822 397
100 384 109 384
827 277 836 277
220 61 224 62
122 112 126 113
301 160 310 160
622 144 623 148
766 42 770 43
550 330 551 334
310 271 319 271
768 252 772 253
55 263 59 264
110 5 114 6
506 146 507 150
751 168 760 168
894 342 898 343
787 46 788 50
733 164 737 165
287 353 291 354
822 151 831 151
870 358 879 358
650 315 654 316
513 110 522 110
828 30 832 31
827 214 831 215
608 335 617 335
860 386 864 387
18 136 27 136
905 233 909 234
897 239 901 240
732 263 736 264
162 130 162 139
312 6 316 7
332 397 341 397
122 30 126 31
205 89 206 93
362 219 366 220
237 173 246 173
222 318 222 327
902 119 906 120
670 354 679 354
790 141 799 141
48 142 49 146
52 193 53 197
34 146 43 146
316 290 320 291
696 278 702 278
387 94 388 98
271 197 275 198
492 34 496 35
325 255 334 255
457 182 466 182
545 217 549 218
654 30 658 31
678 357 687 357
435 63 437 64
711 156 715 157
755 345 764 345
350 188 354 189
156 161 160 162
612 152 616 153
821 122 825 123
780 166 784 167
742 72 751 72
100 333 104 334
536 186 540 187
59 173 63 174
858 397 862 398
457 234 459 235
345 366 346 370
424 343 432 343
306 166 315 166
166 316 167 320
454 267 463 267
737 218 746 218
877 211 886 211
198 325 207 325
173 388 182 388
0 30 0 39
141 149 141 158
686 124 690 125
113 167 114 171
896 40 905 40
73 68 73 77
831 198 835 199
632 220 636 221
423 75 432 75
50 232 51 236
710 24 714 25
545 353 549 354
491 341 491 350
862 353 871 353
321 104 325 105
639 236 648 236
697 370 706 370
194 385 198 386
806 69 810 70
414 225 415 229
203 191 207 192
579 329 583 329
379 187 388 187
51 187 52 191
211 53 220 53
417 99 426 99
381 134 381 143
341 162 350 162
237 240 241 241
22 195 22 204
689 376 690 380
502 199 511 199
268 67 277 67
850 387 859 387
582 61 586 62
902 128 906 129
388 240 389 244
50 344 54 345
196 307 200 308
873 397 877 398
738 252 742 253
657 362 666 362
247 339 256 339
806 42 810 43
399 13 400 17
404 262 408 263
241 301 245 302
688 42 689 46
298 109 307 109
524 381 530 381
797 211 806 211
719 395 728 395
215 40 217 42
12 119 12 128
718 173 722 174
760 281 764 282
461 46 470 46
53 274 57 275
186 64 190 65
578 117 587 117
233 349 234 353
265 369 269 370
2 67 2 76
513 369 517 370
739 180 743 181
211 230 215 231
404 33 405 37
895 146 904 146
11 363 20 363
602 296 611 296
107 134 108 138
650 375 659 375
226 13 230 14
45 385 46 389
835 100 839 101
822 282 831 282
808 11 812 12
152 158 161 158
110 310 119 310
896 64 905 64
211 104 215 105
779 170 788 170
866 30 870 31
855 90 859 91
544 368 551 368
595 297 595 306
675 58 679 59
720 255 729 255
607 180 611 181
492 8 501 8
563 137 564 141
194 341 203 341
185 183 189 184
339 283 348 283
735 352 739 353
354 130 361 130
844 107 853 107
7 158 7 167
848 283 852 284
125 376 134 376
858 229 867 229
347 260 351 261
580 281 584 282
174 115 178 116
713 335 717 335
448 53 452 54
852 238 856 239
219 260 223 261
647 241 656 241
450 116 454 117
143 185 152 185
471 277 480 277
291 295 295 295
698 315 699 319
784 161 793 161
47 99 51 100
407 60 411 61
446 91 446 100
329 263 333 264
729 51 738 51
665 139 669 140
628 143 632 144
685 277 694 277
117 313 126 313
746 6 750 7
13 206 13 215
526 320 527 324
485 90 489 91
165 61 169 62
439 304 448 304
225 252 234 252
332 178 341 178
830 152 834 153
774 377 778 378
185 162 189 163
78 0 78 9
776 190 777 192
708 298 712 299
465 187 466 191
38 193 39 197
759 130 768 130
668 254 677 254
628 37 632 38
5 361 5 370
430 320 431 324
112 69 112 78
642 296 651 296
776 169 785 169
152 384 153 388
610 159 614 160
238 236 244 236
284 360 285 364
677 184 686 184
361 240 370 240
75 31 79 32
766 122 773 122
392 260 401 260
22 306 22 315
206 383 209 384
774 135 778 136
216 301 220 302
905 28 914 28
113 32 117 33
50 47 50 56
325 368 334 368
347 6 351 7
463 234 472 234
122 86 123 90
0 354 0 363
544 209 553 209
763 396 772 396
376 223 385 223
229 202 238 202
541 262 545 263
577 198 586 198
859 15 868 15
13 234 13 243
85 84 85 93
749 20 753 21
36 119 37 120
493 75 502 75
835 200 839 201
391 81 395 82
552 119 561 119
411 42 420 42
671 348 680 348
410 156 419 156
787 184 796 184
862 125 866 126
595 250 604 250
626 345 630 346
653 291 662 291
55 352 59 353
816 175 825 175
249 38 253 39
751 308 752 312
360 188 364 189
730 305 739 305
663 115 664 119
16 330 16 339
700 255 704 256
45 318 49 319
45 69 46 73
254 266 255 270
776 350 780 351
637 325 646 325
365 28 374 28
301 342 305 343
904 342 908 343
347 8 351 9
226 279 227 283
147 240 156 240
2 144 2 153
593 107 597 108
746 156 750 157
641 119 642 123
802 352 809 352
56 369 60 370
59 147 59 156
112 342 121 342
666 177 675 177
325 384 334 384
365 317 369 318
852 69 853 73
232 266 233 270
279 258 283 259
606 199 610 200
130 86 131 90
668 371 672 372
59 117 68 117
138 225 147 225
535 204 539 205
352 43 361 43
465 202 466 206
300 215 301 218
545 109 554 109
449 16 453 17
138 337 142 338
785 63 789 64
55 178 64 178
115 60 124 60
409 55 413 56
600 178 609 178
218 2 227 2
28 142 29 146
205 137 209 138
302 89 306 90
729 386 733 387
214 43 223 43
835 390 839 391
396 299 405 299
306 255 310 256
626 217 627 221
825 100 829 101
45 313 46 317
814 261 818 262
184 387 193 387
608 284 617 284
366 81 375 81
513 41 522 41
874 293 875 297
651 176 660 176
319 169 328 169
900 309 909 309
892 266 896 267
352 178 361 178
911 264 913 266
504 31 513 31
104 270 108 271
554 237 558 238
132 86 133 90
906 244 908 245
170 183 174 184
193 11 202 11
117 212 118 216
493 108 497 109
504 22 513 22
700 30 704 31
266 295 270 296
233 298 242 298
217 287 221 288
340 194 344 195
696 384 700 385
874 60 883 60
787 220 788 224
197 326 201 327
302 385 303 389
213 170 221 170
861 142 870 142
555 389 556 393
49 128 50 132
800 210 809 210
341 124 345 125
22 184 22 193
741 262 750 262
54 278 54 287
154 373 158 374
695 23 699 24
741 15 750 15
410 203 414 204
751 233 760 233
418 239 427 239
304 301 313 301
116 235 120 236
624 100 628 101
817 211 826 211
819 295 820 299
578 69 582 70
259 294 268 294
155 352 156 356
629 288 633 289
119 306 128 306
630 25 634 26
523 190 527 191
561 117 563 118
128 248 132 249
192 84 196 85
466 357 470 358
522 157 531 157
507 218 511 219
90 33 94 34
326 269 335 269
293 113 294 117
782 324 786 325
896 112 900 113
252 299 256 300
461 28 462 32
612 293 621 293
487 382 491 383
122 207 123 211
83 311 92 311
27 35 27 44
305 279 309 280
399 76 403 77
564 308 564 317
845 160 854 160
828 283 832 284
316 36 320 37
340 190 349 190
292 89 296 90
166 392 170 393
314 97 317 98
829 253 838 253
176 378 180 379
99 374 103 375
651 88 660 88
84 23 88 24
395 44 399 45
124 118 128 119
148 0 152 1
271 217 275 218
657 91 661 92
59 127 60 131
635 223 644 223
118 40 122 41
116 317 125 317
379 131 383 132
657 138 666 138
828 33 837 33
685 105 689 106
859 21 868 21
198 40 202 41
910 386 914 387
95 387 96 391
726 116 726 125
225 39 234 39
56 215 57 219
449 192 453 193
468 148 472 149
434 230 438 231
407 154 411 155
627 366 631 367
763 201 771 201
57 44 66 44
429 396 433 397
384 150 392 150
436 285 440 286
562 279 566 280
810 103 811 107
355 28 364 28
819 19 823 20
296 164 300 165
760 4 769 4
215 343 219 344
839 6 843 7
286 207 287 211
553 123 562 123
827 27 836 27
141 394 150 394
854 165 862 165
881 338 890 338
364 136 373 136
853 17 862 17
260 188 264 189
560 90 569 90
910 394 914 395
198 236 207 236
442 376 451 376
119 291 123 292
770 283 779 283
481 215 482 219
786 269 795 269
871 34 880 34
433 23 442 23
266 221 275 221
483 121 484 125
37 107 38 111
663 122 672 122
615 255 619 256
157 172 161 173
452 197 456 198
25 51 25 60
228 236 237 236
23 0 23 9
638 75 647 75
157 117 161 118
789 178 793 179
840 320 844 321
76 231 76 240
481 141 482 145
545 140 549 141
143 256 144 260
466 50 470 51
756 182 765 182
147 245 148 249
430 309 432 310
719 270 728 270
412 166 421 166
320 200 321 204
274 38 278 39
153 352 154 356
624 348 625 352
688 49 692 50
562 179 566 180
37 160 41 161
647 382 651 383
193 371 197 371
838 83 842 84
99 163 108 163
618 79 627 79
265 77 269 78
507 101 516 101
622 122 622 131
15 244 15 253
714 2 718 3
395 310 396 314
574 2 578 3
47 153 56 153
847 156 856 156
457 65 461 66
127 352 128 356
100 349 101 353
650 167 654 168
354 338 358 339
273 321 282 321
584 303 584 312
48 59 52 60
307 248 308 252
557 391 562 391
675 108 679 109
344 376 353 376
665 115 666 119
625 23 629 24
352 243 352 252
397 308 398 312
82 314 91 314
736 396 745 396
883 283 892 283
630 103 634 104
240 140 248 140
653 274 657 275
483 371 487 372
876 314 880 315
356 208 360 209
884 366 893 366
593 188 597 189
433 371 437 372
549 5 558 5
641 181 650 181
509 37 510 41
809 129 813 130
209 149 218 149
91 387 92 391
799 170 808 170
605 297 606 301
827 252 836 252
852 151 861 151
772 324 776 325
231 307 240 307
662 103 663 107
446 218 450 219
94 23 98 24
599 102 608 102
498 258 502 259
329 25 330 27
267 344 276 344
275 108 284 108
392 114 396 115
31 264 35 265
454 230 458 231
801 279 805 280
565 146 569 147
136 382 145 382
82 66 91 66
431 187 435 188
678 275 682 276
716 18 720 19
112 277 112 286
573 321 582 321
678 360 687 360
883 42 887 42
604 304 608 305
284 248 288 249
633 252 637 253
665 39 674 39
746 269 755 269
543 75 552 75
10 27 14 28
877 184 886 184
325 232 329 233
289 391 298 391
419 167 422 168
281 51 285 52
830 100 834 101
566 199 570 200
146 343 147 347
305 304 306 308
510 161 519 161
910 175 914 176
247 163 256 163
574 223 575 227
68 76 69 80
69 157 78 157
63 274 64 278
712 267 721 267
315 212 324 212
467 185 476 185
354 371 358 372
379 38 383 39
769 272 773 273
682 263 686 264
318 119 318 128
394 369 402 369
857 331 866 331
228 40 232 41
273 192 274 196
730 354 739 354
412 205 421 205
858 318 862 319
232 89 236 90
197 23 201 24
279 301 283 302
288 290 290 291
368 242 368 251
80 182 80 191
399 273 403 274
845 237 854 237
604 361 613 361
98 185 102 186
62 154 66 155
619 191 623 192
460 278 464 279
673 298 677 299
599 294 608 294
567 184 571 185
573 351 577 352
454 26 463 26
473 343 480 343
625 257 632 257
403 128 403 137
296 318 305 318
202 342 211 342
88 29 97 29
500 320 501 324
18 10 18 19
438 198 442 199
823 230 832 230
597 241 606 241
366 148 368 150
310 16 319 16
95 75 95 84
816 287 825 287
591 298 591 307
653 385 662 385
394 55 403 55
750 213 759 213
649 293 653 294
244 340 248 341
423 290 427 291
569 388 578 388
418 32 419 36
117 326 118 330
381 245 382 249
765 235 769 236
377 33 386 33
680 248 689 248
615 167 619 168
318 323 322 324
884 22 893 22
673 98 682 98
747 388 751 389
671 396 680 396
471 217 475 218
273 110 281 110
768 164 772 165
327 89 336 89
856 92 857 96
703 73 707 74
197 232 201 233
61 220 70 220
610 105 619 105
480 262 481 266
132 67 133 71
262 193 266 194
322 329 326 330
502 85 506 86
886 203 890 204
113 185 122 185
190 140 199 140
37 84 41 85
231 36 235 37
808 315 809 319
861 48 865 49
159 270 163 271
669 180 678 180
906 236 910 237
636 306 640 307
251 250 255 251
832 267 841 267
149 217 153 218
207 128 211 129
503 346 507 347
827 300 836 300
95 144 104 144
386 362 390 363
475 207 476 211
735 309 739 310
884 123 885 127
264 168 268 169
658 44 662 45
112 178 121 178
697 391 701 392
431 189 440 189
724 39 725 43
349 325 353 326
498 74 507 74
264 181 265 185
463 103 472 103
29 62 30 66
193 328 194 332
166 209 170 210
75 263 79 264
249 179 253 180
792 342 796 343
671 345 675 346
49 122 50 126
610 397 619 397
361 201 370 201
779 178 783 179
91 330 92 334
358 210 362 211
152 372 161 372
93 184 93 193
322 43 331 43
356 52 365 52
223 360 224 364
160 48 169 48
710 76 719 76
658 254 667 254
310 109 310 118
800 326 804 327
828 335 837 335
494 381 503 381
29 254 29 263
590 161 599 161
745 352 749 353
161 209 165 210
101 219 105 220
67 92 76 92
619 294 628 294
14 84 15 88
39 221 39 230
778 335 787 335
238 141 247 141
381 362 385 363
189 120 189 129
256 274 260 275
111 398 120 398
125 359 129 360
365 143 367 144
117 319 121 320
498 369 502 370
224 341 233 341
65 134 74 134
908 89 909 93
73 51 82 51
788 4 792 5
26 226 27 230
576 13 585 13
397 8 401 9
105 67 109 68
536 200 540 201
854 6 858 7
628 335 637 335
105 355 106 359
868 254 877 254
378 108 378 117
857 203 866 203
387 29 391 30
16 167 17 171
161 66 170 66
478 257 487 257
718 56 719 60
90 30 99 30
367 31 376 31
813 232 817 233
18 62 18 71
264 385 265 389
460 202 464 203
181 66 190 66
40 354 40 363
555 160 564 160
65 221 65 230
577 324 581 325
25 161 25 170
346 170 350 171
129 59 135 59
276 12 280 13
296 172 305 172
546 86 550 87
176 150 185 150
692 52 693 56
679 50 683 51
380 281 384 282
93 75 94 79
303 32 307 33
533 41 542 41
387 219 391 220
865 364 869 365
672 246 676 247
572 223 573 227
55 187 56 191
512 103 520 103
721 176 730 176
770 259 779 259
357 327 361 328
775 131 779 132
283 323 287 324
744 53 748 54
580 111 584 112
440 225 441 229
770 143 771 147
727 65 731 66
648 73 652 74
218 88 219 92
157 84 161 85
246 101 250 102
355 396 359 397
794 377 798 378
93 51 102 51
286 60 290 61
60 152 61 156
32 90 33 94
749 166 758 166
589 162 590 166
256 250 260 251
630 58 639 58
347 258 351 259
475 48 479 49
508 209 509 213
689 178 693 179
9 322 9 331
858 204 859 208
400 110 404 111
121 186 125 187
816 81 817 85
204 258 208 259
330 312 331 316
129 65 133 66
60 91 64 92
857 156 866 156
486 148 495 148
200 237 209 237
186 80 195 80
151 235 155 236
129 332 138 332
438 287 447 287
133 248 134 252
316 21 325 21
42 349 44 350
257 342 261 343
58 395 67 395
661 320 665 321
322 108 322 117
879 47 888 47
29 380 29 389
146 62 146 71
854 333 858 334
500 226 504 227
331 59 335 60
579 314 588 314
586 303 586 312
344 102 344 111
446 52 455 52
77 381 86 381
362 89 366 90
504 296 508 297
775 347 784 347
750 259 759 259
17 127 17 136
800 141 809 141
375 191 379 192
317 329 321 330
6 97 6 106
111 248 112 252
212 128 216 129
387 311 388 315
380 241 380 250
6 310 6 319
860 90 861 94
619 100 623 101
430 394 434 395
353 75 362 75
141 331 145 332
262 395 266 396
666 320 670 321
571 305 571 314
77 68 77 77
622 340 626 341
81 108 85 109
483 93 484 97
764 377 768 378
821 97 825 98
490 48 491 51
666 103 666 112
526 52 535 52
557 279 561 280
829 21 838 21
77 184 77 188
636 278 645 278
814 135 818 136
895 23 896 27
372 253 373 257
281 274 290 274
550 336 554 337
320 351 324 352
5 340 14 340
362 245 363 249
29 315 30 319
90 96 94 97
768 255 772 256
843 65 847 66
467 379 476 379
567 346 571 347
72 35 81 35
656 177 665 177
99 213 99 222
816 72 817 76
600 104 604 105
55 110 59 111
129 289 133 290
146 38 155 38
508 369 512 370
653 42 657 43
25 118 25 127
530 136 539 136
257 44 261 45
582 324 586 325
135 5 139 6
548 363 552 364
533 173 537 174
351 99 351 108
683 296 687 297
405 65 409 66
736 279 740 280
96 102 100 103
62 380 66 381
759 9 765 9
421 292 425 293
861 97 865 98
3 349 3 358
226 150 235 150
296 223 305 223
62 99 66 100
204 320 208 321
802 77 808 77
627 47 636 47
734 191 738 192
72 342 72 351
413 169 422 169
662 292 671 292
883 43 887 44
367 33 376 33
7 219 8 223
359 124 363 125
256 301 260 302
486 164 495 164
119 59 128 59
650 8 659 8
472 283 476 283
20 259 21 263
882 123 883 127
185 262 189 263
131 308 135 309
581 357 587 357
139 226 143 227
822 200 826 201
322 182 326 183
895 233 904 233
300 356 301 360
259 100 268 100
139 250 143 251
744 20 748 21
798 82 799 86
824 41 833 41
43 262 44 266
652 141 661 141
27 32 36 32
880 125 881 129
817 206 826 206
882 264 891 264
59 356 59 365
301 290 305 291
181 209 185 210
185 199 189 200
284 258 288 259
323 74 327 75
612 180 615 181
341 362 345 363
746 331 755 331
717 280 721 281
276 211 285 211
729 214 730 218
619 297 620 301
794 374 803 374
49 278 50 282
298 23 302 24
364 221 368 222
207 395 211 396
198 54 207 54
330 91 334 92
463 243 467 244
76 204 76 213
6 20 6 29
862 163 866 164
774 146 778 147
203 29 212 29
152 44 156 45
868 363 877 363
37 193 37 202
336 345 337 349
707 378 711 379
163 17 167 18
465 224 474 224
301 221 305 222
448 250 452 251
132 340 141 340
519 64 528 64
762 125 766 126
365 212 369 213
728 94 732 95
115 116 119 117
1 354 1 363
338 354 342 355
522 279 526 280
631 147 640 147
885 111 894 111
525 204 529 205
481 188 482 191
54 193 55 197
372 226 381 226
616 345 620 346
877 232 881 233
742 111 742 120
289 306 293 307
113 248 114 252
527 383 534 383
420 82 422 84
339 319 343 320
293 49 302 49
615 95 624 95
649 5 658 5
144 229 152 229
882 53 886 54
591 88 600 88
635 106 644 106
233 24 242 24
46 49 46 58
473 89 482 89
368 67 377 67
887 211 896 211
693 173 697 174
113 224 117 225
599 290 608 290
410 281 414 282
542 32 551 32
729 260 731 261
155 316 159 317
712 339 716 340
691 271 695 272
357 31 366 31
262 63 266 64
127 334 136 334
487 302 496 302
642 382 646 383
841 88 845 89
712 392 721 392
233 95 237 96
74 204 74 213
597 51 606 51
98 349 99 353
345 352 349 353
832 183 840 183
560 48 564 49
584 31 593 31
341 274 350 274
77 256 78 260
481 357 485 358
878 361 882 362
524 286 533 286
761 358 767 358
780 131 784 132
93 214 94 218
775 277 784 277
112 287 121 287
391 245 395 246
197 98 198 102
587 51 596 51
35 270 35 279
139 25 143 26
457 78 466 78
449 10 458 10
426 62 435 62
363 94 363 103
268 277 272 278
271 20 280 20
20 133 24 134
701 142 710 142
429 264 438 264
571 57 575 58
28 226 29 230
482 6 486 7
521 128 530 128
61 277 61 286
804 189 813 189
506 52 515 52
578 348 582 349
850 368 859 368
109 163 118 163
692 233 696 234
797 312 806 312
318 2 327 2
72 158 73 162
493 0 502 0
630 222 634 223
99 128 103 129
579 4 583 5
529 335 530 339
617 188 626 188
104 279 104 288
863 283 867 284
8 84 9 88
479 125 480 129
560 129 564 130
363 233 372 233
679 178 683 179
727 233 731 234
569 232 570 236
755 12 756 16
372 182 376 183
267 199 268 203
374 317 375 321
255 373 259 374
376 208 385 208
155 345 159 346
440 32 441 36
533 190 542 190
777 370 786 370
19 302 23 303
433 89 442 89
829 19 833 20
200 6 209 6
349 349 358 349
901 48 904 49
7 270 7 279
512 376 521 376
470 1 474 2
678 244 682 245
856 169 859 170
541 281 544 282
100 16 101 20
124 159 128 160
512 68 521 68
717 310 719 312
99 21 103 22
20 135 29 135
697 67 706 67
852 234 861 234
50 110 54 111
44 117 48 118
455 268 464 268
723 322 727 323
902 236 903 240
171 309 179 309
501 373 505 374
621 345 625 346
466 155 475 155
829 301 834 301
568 254 577 254
8 354 8 363
416 150 425 150
61 131 70 131
620 178 629 178
496 81 500 82
229 70 232 71
197 265 206 265
98 82 102 83
900 326 904 327
836 393 840 394
548 352 557 352
550 141 554 142
524 192 528 193
666 345 670 346
179 383 180 387
195 89 196 93
336 362 340 362
295 304 296 308
259 97 263 98
458 232 467 232
412 98 421 98
29 392 33 393
391 59 400 59
364 76 373 76
47 326 48 330
682 340 691 340
389 144 393 145
319 325 323 326
493 239 497 240
91 341 92 345
425 238 434 238
879 188 888 188
787 388 791 389
793 278 802 278
434 32 435 36
128 155 132 156
261 51 265 52
86 36 90 37
897 236 901 237
613 164 617 165
619 5 628 5
404 55 408 56
515 226 524 226
337 19 341 20
677 138 686 138
596 175 600 176
14 295 14 304
648 237 652 238
790 208 794 209
599 14 603 15
794 387 795 389
578 137 578 146
310 327 311 330
750 281 759 281
855 258 864 258
643 128 652 128
516 11 520 12
796 315 797 319
23 361 32 361
808 15 809 19
662 195 666 196
421 276 425 277
0 324 0 333
175 315 184 315
258 224 267 224
680 63 681 67
321 160 330 160
466 62 470 63
518 277 522 278
288 392 292 393
64 322 68 323
471 62 475 63
113 194 114 198
488 365 497 365
326 158 330 159
381 250 385 251
907 51 910 52
780 281 784 282
879 330 888 330
633 371 636 372
752 65 756 66
753 201 762 201
98 84 107 84
101 318 105 319
506 292 510 293
218 0 222 1
290 167 299 167
290 228 294 229
517 258 526 258
500 116 509 116
489 21 493 22
429 151 433 152
752 55 758 55
837 325 846 325
902 121 906 122
384 57 393 57
10 224 14 225
428 93 432 94
416 292 420 293
227 5 231 6
781 384 785 385
37 298 37 307
240 123 249 123
614 334 623 334
15 129 15 138
420 159 421 163
906 223 914 223
187 195 191 196
423 136 432 136
312 284 316 285
631 88 634 89
724 386 728 387
229 126 238 126
409 225 413 226
337 387 341 388
541 122 550 122
596 345 600 346
653 54 662 54
491 166 495 167
415 355 419 356
28 234 28 243
215 86 219 87
677 190 685 190
812 350 816 351
853 283 857 284
368 210 372 211
462 168 470 168
586 142 590 143
625 167 629 168
522 8 531 8
20 331 24 332
84 157 93 157
237 354 241 355
788 18 792 19
6 280 7 284
827 258 834 258
439 383 446 383
883 341 892 341
701 176 710 176
511 166 514 167
332 312 333 316
603 297 604 301
891 30 892 34
419 319 428 319
43 153 44 157
668 373 677 373
426 150 433 150
531 389 535 390
847 137 851 138
755 63 759 64
858 16 867 16
8 322 8 331
308 53 312 54
703 282 707 283
492 61 496 62
399 380 403 381
359 38 363 39
747 207 748 210
56 81 56 90
802 66 806 67
760 291 769 291
17 62 17 71
504 55 505 58
823 83 827 84
141 398 150 398
489 29 493 30
864 328 868 329
700 117 701 121
849 384 853 385
810 143 814 144
820 313 821 317
551 186 555 187
549 23 550 27
198 346 202 347
380 152 381 156
121 256 122 260
165 357 169 358
445 278 449 279
190 160 194 161
180 131 189 131
144 166 152 166
516 207 518 208
220 266 221 270
362 33 364 35
292 136 296 137
582 300 586 301
899 344 907 344
398 336 402 337
566 322 575 322
71 15 72 19
508 53 512 54
525 245 526 249
514 146 515 150
240 262 244 263
7 234 8 238
723 154 727 155
253 95 257 96
561 332 565 333
772 85 781 85
155 262 159 263
236 117 237 121
167 127 167 136
280 16 289 16
616 306 620 307
240 148 249 148
593 391 602 391
876 183 885 183
548 115 552 116
343 73 347 74
361 202 370 202
818 112 822 113
311 104 315 105
391 321 395 322
131 63 135 64
817 238 821 239
578 23 582 24
25 10 25 19
334 147 343 147
833 86 842 86
837 184 841 185
685 326 694 326
835 364 839 365
841 27 850 27
569 243 578 243
236 51 240 52
531 291 535 292
584 131 584 140
23 31 32 31
577 262 581 263
98 29 107 29
325 206 333 206
802 315 803 319
651 72 660 72
170 186 171 190
877 339 881 340
720 63 724 64
85 63 87 65
154 163 158 164
62 77 62 86
81 240 81 249
157 186 161 187
147 328 156 328
296 14 305 14
752 107 752 115
476 42 480 43
835 102 844 102
307 182 316 182
166 211 170 212
552 396 556 397
49 326 53 327
768 173 772 174
804 301 808 302
186 21 195 21
584 63 588 64
363 290 367 291
783 94 787 95
701 214 702 218
686 273 695 273
107 259 111 260
505 217 512 217
748 73 752 74
124 337 128 338
274 301 278 302
706 384 710 385
346 166 355 166
337 255 338 259
419 19 423 20
832 23 836 24
262 213 271 213
578 188 582 189
805 192 809 193
600 159 609 159
738 240 747 240
667 17 676 17
656 69 660 70
769 328 773 329
548 248 552 249
796 122 800 123
136 93 144 93
688 298 692 299
368 73 372 74
387 284 396 284
293 155 297 156
473 37 474 41
441 102 450 102
487 283 491 284
605 250 614 250
79 68 79 77
488 289 497 289
337 343 341 344
160 183 169 183
319 338 323 339
648 318 652 319
818 338 821 339
264 176 273 176
506 373 510 374
725 303 729 304
19 300 23 301
447 132 456 132
758 284 762 285
879 262 883 263
343 290 347 291
66 151 75 151
20 219 20 228
317 6 321 7
619 136 628 136
155 110 159 111
416 71 420 72
131 36 135 37
462 166 465 167
530 104 534 105
488 188 492 189
523 123 532 123
901 338 910 338
450 184 459 184
497 335 506 335
720 23 724 24
558 285 567 285
69 292 78 292
70 223 74 224
455 355 459 356
5 351 9 352
882 219 891 219
896 183 905 183
601 205 610 205
321 170 325 171
675 211 679 212
151 394 160 394
748 252 752 253
838 355 842 356
334 131 343 131
765 320 769 321
502 300 506 301
370 242 370 251
671 115 672 119
902 207 906 208
112 207 112 216
499 20 503 21
503 202 504 206
116 0 120 1
809 197 818 197
47 297 47 306
442 196 446 197
100 168 100 177
649 390 658 390
216 269 217 273
415 81 419 82
512 303 521 303
723 374 732 374
613 162 617 163
387 133 387 142
715 303 719 304
5 290 9 291
175 86 179 87
258 54 267 54
232 117 233 121
824 87 833 87
671 85 680 85
262 198 270 198
901 43 905 44
119 282 120 286
145 77 149 78
492 51 501 51
594 100 598 101
93 279 97 280
515 383 519 384
21 0 21 9
821 346 830 346
843 283 847 284
378 235 379 239
871 309 880 309
698 173 702 174
515 23 516 27
418 12 422 13
124 25 128 26
268 141 277 141
372 178 381 178
336 221 338 222
247 28 256 28
143 112 147 113
9 354 9 363
120 56 129 56
855 50 864 50
748 240 757 240
375 268 384 268
253 32 257 33
165 81 169 82
883 241 892 241
646 7 655 7
774 2 778 3
10 113 14 114
532 234 533 238
162 314 171 314
909 324 913 325
866 209 870 210
319 380 323 381
30 127 39 127
285 384 294 384
912 302 914 304
278 376 282 377
869 375 878 375
218 12 227 12
293 321 302 321
66 84 67 88
523 28 532 28
314 295 315 296
869 382 873 383
194 26 203 26
541 366 547 366
542 119 551 119
658 282 662 283
893 147 897 148
654 12 663 12
296 297 300 298
545 392 547 394
661 147 665 148
416 299 425 299
553 252 557 253
158 125 162 126
23 72 23 81
570 25 574 26
13 196 13 205
884 328 888 329
62 355 62 364
871 372 875 373
821 93 830 93
215 201 224 201
90 56 99 56
544 152 553 152
443 254 452 254
145 62 145 71
157 171 166 171
823 60 832 60
438 91 439 95
449 262 453 263
455 134 464 134
326 364 335 364
164 288 168 289
827 279 831 280
344 371 345 375
300 385 301 389
50 372 51 376
483 188 487 189
418 175 419 179
66 374 68 376
886 123 887 127
458 359 459 362
856 204 857 208
463 174 472 174
294 357 295 361
241 53 250 53
815 396 817 397
59 390 63 391
492 252 496 253
55 278 55 287
785 296 786 300
61 139 65 140
751 358 760 358
13 314 14 318
429 153 436 153
203 278 212 278
515 389 516 393
238 117 242 118
521 366 530 366
881 347 885 348
580 276 589 276
359 96 359 105
550 342 554 343
198 318 199 322
319 138 328 138
879 224 887 224
823 397 832 397
777 381 786 381
248 141 257 141
652 2 656 3
568 53 572 54
38 374 38 383
685 107 688 108
565 98 574 98
783 322 787 323
402 247 406 248
837 23 838 27
449 269 453 270
38 354 38 363
751 265 755 266
517 124 518 128
199 293 203 294
755 89 759 90
174 216 178 217
70 31 74 32
27 69 31 70
784 135 788 136
246 150 248 152
587 9 596 9
699 28 703 29
89 362 92 363
804 178 808 179
804 242 813 242
733 371 742 371
613 53 617 54
344 131 346 133
382 194 386 195
741 58 745 59
203 9 207 10
390 240 391 244
215 5 219 6
472 382 476 383
595 167 599 168
557 35 566 35
451 351 460 351
648 165 652 166
352 220 361 220
878 112 879 116
647 161 651 162
489 299 498 299
263 126 267 127
475 171 479 172
857 249 861 250
366 200 375 200
573 237 577 238
586 200 590 201
834 22 843 22
569 384 573 385
542 303 551 303
478 63 482 64
427 8 431 9
547 345 556 345
61 201 65 202
761 168 770 168
166 191 170 192
807 68 816 68
225 271 229 272
754 272 758 273
457 28 458 32
498 271 501 272
27 10 27 19
523 346 527 347
466 341 475 341
563 47 569 47
418 352 427 352
421 384 429 384
273 272 277 273
864 261 868 262
211 51 215 52
237 337 241 338
638 111 638 120
517 243 518 247
668 283 677 283
343 49 352 49
830 364 834 365
196 46 200 47
274 111 278 112
470 184 476 184
139 328 140 332
43 49 43 58
78 87 82 88
849 131 853 132
852 353 861 353
236 71 245 71
213 18 216 18
495 171 499 172
121 81 130 81
266 219 275 219
907 349 911 350
698 124 702 125
846 286 850 287
720 375 729 375
318 247 327 247
34 254 34 263
474 225 478 226
27 244 27 253
717 220 718 224
880 301 884 302
746 98 750 99
364 38 368 39
135 214 139 215
642 368 651 368
715 208 724 208
37 132 46 132
300 121 304 122
298 247 307 247
247 287 250 288
39 328 40 332
646 320 650 321
537 212 546 212
57 278 57 287
909 352 912 353
377 182 381 183
894 135 903 135
652 87 661 87
568 330 569 334
798 225 799 229
863 136 864 140
179 270 183 270
71 184 72 188
825 398 832 398
92 86 93 90
11 234 11 243
572 324 576 325
909 150 911 152
113 343 122 343
371 242 371 251
378 67 387 67
322 25 326 26
148 114 157 114
448 217 457 217
45 351 54 351
667 93 676 93
543 363 547 364
400 148 404 149
298 349 302 350
333 275 342 275
118 82 122 83
175 343 179 344
307 245 311 246
201 301 205 302
210 61 214 62
234 156 235 160
879 196 883 197
374 306 383 306
746 206 755 206
412 43 421 43
288 286 292 287
7 206 7 215
81 250 90 250
55 103 56 107
428 91 432 92
419 146 423 147
747 215 756 215
2 219 2 228
470 325 474 326
235 373 239 374
798 73 799 77
8 158 8 167
690 83 694 84
65 132 69 133
294 131 303 131
532 196 536 197
827 203 836 203
618 155 627 155
609 201 610 204
544 31 553 31
188 337 192 338
749 161 753 162
784 33 785 37
494 156 503 156
181 392 185 393
669 124 670 128
470 236 479 236
601 72 610 72
910 305 914 305
752 49 756 50
794 303 803 303
8 107 12 108
743 55 751 55
6 260 6 269
667 61 671 62
859 395 868 395
856 173 860 174
875 172 884 172
432 297 436 298
139 165 143 166
134 335 138 336
201 164 205 165
501 311 510 311
328 134 337 134
396 232 396 241
232 287 236 288
155 389 159 390
433 0 442 0
881 393 885 394
885 320 889 320
366 362 370 363
506 164 515 164
27 118 27 127
380 181 389 181
106 130 115 130
890 301 891 302
468 369 472 370
787 211 796 211
582 212 586 213
900 258 904 259
583 115 592 115
242 247 251 247
868 255 877 255
739 2 743 3
391 398 400 398
819 51 822 52
127 195 131 196
239 380 243 381
110 238 111 242
141 392 145 393
513 260 517 261
396 112 400 113
548 355 550 357
59 228 59 237
498 210 499 214
731 251 740 251
64 24 73 24
19 219 19 228
5 234 6 238
812 249 816 250
149 97 158 97
406 124 415 124
335 91 339 92
617 209 618 211
541 268 545 269
365 188 374 188
582 8 591 8
250 85 254 86
279 336 280 340
904 300 908 301
901 70 910 70
339 255 340 259
499 319 508 319
787 104 796 104
101 102 105 103
674 16 683 16
904 252 908 253
746 396 752 396
865 23 866 27
530 263 531 267
82 147 86 148
506 42 510 43
71 201 75 202
672 258 673 262
525 90 529 91
476 60 477 64
507 389 508 393
441 167 442 171
809 348 818 348
290 357 291 361
6 196 6 205
730 160 733 161
904 159 908 160
747 238 751 239
91 392 95 393
105 188 112 188
282 397 286 398
481 37 482 41
463 227 467 228
575 1 584 1
671 69 675 70
699 135 708 135
358 184 361 185
109 245 113 246
635 34 639 35
347 111 347 120
677 188 681 189
618 252 627 252
817 253 817 258
891 388 900 388
7 5 8 9
716 56 717 60
408 198 412 199
149 194 150 198
221 349 222 353
237 352 241 353
496 27 500 28
624 122 624 131
825 152 829 153
163 112 167 113
728 200 737 200
859 131 863 132
14 0 14 9
35 178 44 178
783 154 787 155
617 215 621 216
686 271 690 272
318 205 327 205
18 284 18 293
13 244 13 253
399 367 403 368
5 71 5 80
100 94 104 95
476 205 480 206
370 25 379 25
500 278 501 281
818 306 822 307
632 61 636 62
655 191 659 192
770 265 779 265
468 303 476 303
501 98 508 98
805 28 809 29
657 239 661 240
653 369 662 369
582 131 582 140
404 367 408 368
505 228 509 229
351 170 355 171
313 321 318 321
551 310 560 310
270 28 274 29
83 149 87 150
895 175 899 176
342 0 346 1
375 246 376 250
508 365 517 365
316 267 320 268
258 76 267 76
137 384 141 385
312 8 321 8
357 292 361 293
499 192 503 193
655 211 659 212
167 30 171 31
441 141 442 145
70 326 74 327
717 182 721 183
671 18 675 19
491 265 500 265
47 333 51 334
718 240 727 240
623 363 627 364
831 49 835 50
448 252 452 253
733 278 742 278
814 366 818 367
378 176 387 176
149 10 153 11
836 388 840 389
11 81 15 82
202 79 211 79
745 336 749 337
521 93 522 97
69 191 73 192
706 78 710 79
428 379 437 379
170 264 179 264
99 134 100 138
349 343 358 343
296 208 300 209
346 172 355 172
896 225 900 226
107 355 116 355
405 28 414 28
553 47 562 47
356 165 360 166
899 252 903 253
605 193 609 194
419 230 423 231
273 350 277 351
387 258 391 259
8 144 9 148
349 10 358 10
608 357 617 357
312 154 321 154
566 348 575 348
476 344 480 345
795 208 804 208
633 52 642 52
666 175 675 175
552 149 554 151
342 334 346 335
266 62 275 62
142 287 151 287
637 86 641 87
110 7 114 8
730 369 739 369
439 181 448 181
129 335 133 336
313 373 314 377
807 274 811 275
15 314 16 318
95 365 104 365
288 76 297 76
724 262 730 262
283 93 287 94
805 396 814 396
245 360 247 362
18 244 19 248
370 253 371 257
16 180 20 181
109 315 113 316
348 354 352 355
134 377 143 377
686 350 690 351
476 242 485 242
52 97 56 98
117 243 126 243
825 386 829 387
552 131 561 131
824 78 825 82
617 51 624 51
894 366 903 366
727 267 731 268
600 161 607 161
347 225 356 225
258 360 262 361
53 31 53 40
644 137 653 137
89 117 93 118
192 243 193 247
19 89 20 93
205 262 209 263
748 284 752 285
622 389 626 390
228 84 232 85
273 228 274 231
859 119 863 120
201 307 205 308
542 65 546 66
609 243 618 243
860 390 864 391
816 42 820 43
616 278 625 278
232 289 241 289
588 23 592 24
638 254 647 254
430 114 431 115
74 362 78 363
518 295 523 295
21 137 22 141
895 145 904 145
535 48 539 49
444 12 453 12
744 348 748 349
319 179 323 180
807 350 811 351
437 101 446 101
755 172 764 172
41 315 42 319
763 17 768 17
671 113 680 113
832 369 836 370
699 309 708 309
791 346 800 346
570 278 578 278
446 130 450 131
458 303 467 303
805 277 811 277
881 142 890 142
796 175 805 175
283 95 287 96
558 346 562 347
843 345 848 345
207 84 211 85
501 112 505 113
731 346 740 346
821 0 825 1
740 312 749 312
31 51 32 55
57 147 58 151
756 83 760 84
254 249 263 249
190 61 194 62
284 215 285 219
112 396 121 396
672 310 676 311
600 25 604 26
217 220 226 220
848 318 852 319
222 243 226 244
215 323 219 324
587 300 587 309
15 310 19 311
162 316 163 320
483 141 484 145
206 253 207 257
173 28 177 29
215 290 219 291
435 119 439 120
824 131 828 132
880 29 889 29
16 117 16 126
267 163 276 163
885 175 889 176
252 284 256 285
306 14 315 14
634 10 638 11
840 352 849 352
216 175 220 176
846 129 850 130
342 84 343 88
667 310 671 311
716 78 720 79
352 385 356 386
161 308 165 309
552 224 556 225
612 41 613 45
501 350 505 351
13 66 13 75
489 319 498 319
613 98 622 98
349 348 356 348
410 165 419 165
643 98 652 98
735 303 739 304
263 336 264 340
69 167 73 168
786 83 787 87
481 121 481 130
72 0 72 9
313 57 317 58
383 290 387 291
880 168 884 168
403 198 407 199
743 341 752 341
75 94 79 95
761 111 762 115
486 112 490 113
616 156 625 156
109 278 109 287
682 188 686 189
863 278 872 278
129 337 132 338
678 371 682 372
613 232 614 236
165 91 166 95
232 238 236 239
457 198 466 198
763 242 764 245
352 97 352 106
259 260 263 261
531 57 540 57
126 309 130 309
820 56 824 57
288 23 292 24
642 6 650 6
374 269 383 269
672 61 676 62
464 26 473 26
215 382 223 382
38 55 38 64
533 53 537 54
875 175 879 176
724 328 728 329
61 142 61 151
893 30 894 34
65 294 66 298
746 169 755 169
698 57 699 61
184 243 185 247
895 172 904 172
846 218 855 218
752 330 760 330
122 347 131 347
783 250 792 250
76 310 85 310
562 192 571 192
168 385 172 386
840 61 844 62
206 101 210 102
498 9 502 10
73 385 74 389
720 303 724 304
691 351 700 351
499 269 503 270
328 265 332 266
783 241 784 245
205 382 214 382
557 103 566 103
378 287 387 287
585 398 594 398
861 141 866 141
596 169 605 169
246 51 250 52
867 167 876 167
342 327 346 328
225 108 234 108
442 186 451 186
762 194 766 195
578 254 587 254
261 53 270 53
350 342 359 342
180 86 184 87
326 140 326 149
203 0 207 1
118 239 127 239
122 262 126 263
568 312 569 316
903 303 907 304
346 357 350 358
56 179 60 180
442 6 446 7
552 8 561 8
398 24 407 24
439 331 443 332
16 81 20 82
44 394 52 394
360 281 369 281
495 228 499 229
188 207 197 207
258 393 262 394
258 237 267 237
119 277 120 281
849 119 850 123
30 99 34 100
607 347 616 347
791 369 800 369
458 74 467 74
428 359 432 360
282 8 291 8
380 149 389 149
241 312 242 316
777 336 781 337
220 8 229 8
614 135 623 135
700 105 704 106
788 103 796 103
873 355 877 356
744 101 753 101
550 104 554 105
728 373 737 373
77 300 78 304
862 200 866 200
792 214 796 215
560 231 569 231
295 91 299 92
383 370 387 371
314 345 315 349
30 10 31 14
576 250 585 250
742 234 751 234
141 288 142 292
605 378 606 382
890 175 894 176
714 328 718 329
494 29 498 30
65 368 74 368
202 340 211 340
467 320 471 321
578 226 582 227
805 208 809 209
690 255 694 256
587 362 596 362
131 276 131 285
292 8 301 8
356 252 365 252
316 288 325 288
276 130 280 131
637 99 646 99
899 275 903 276
152 351 158 351
458 287 467 287
6 361 6 370
634 215 635 219
718 112 727 112
186 255 187 259
157 23 161 24
405 251 414 251
835 320 839 321
857 42 861 43
266 348 267 352
1 121 10 121
114 139 118 140
251 106 255 107
719 61 723 62
366 325 375 325
554 4 563 4
82 396 91 396
479 359 488 359
581 200 585 201
160 269 168 269
665 103 665 112
894 180 898 181
230 226 234 227
886 112 887 116
764 288 773 288
612 368 621 368
524 295 526 297
125 230 129 231
779 20 783 21
727 259 736 259
436 255 440 256
717 124 721 125
187 136 196 136
8 255 8 264
621 217 625 218
822 313 823 317
380 119 384 120
499 296 503 297
419 349 428 349
894 112 895 114
535 392 544 392
662 338 667 338
159 253 163 254
463 364 467 365
463 377 467 378
562 78 566 79
2 54 3 58
348 70 357 70
718 282 722 283
403 290 407 291
225 91 229 92
257 329 261 330
285 200 289 201
41 267 50 267
756 350 760 351
454 334 463 334
899 173 906 173
290 138 293 139
908 274 914 274
240 226 244 227
210 367 214 368
209 98 213 99
242 331 246 332
234 277 243 277
171 107 175 108
862 69 866 70
886 84 888 86
330 385 331 388
637 152 641 153
309 283 318 283
661 126 662 130
683 44 687 45
494 286 503 286
534 155 538 156
617 152 621 153
832 163 836 164
44 0 44 9
139 50 140 54
528 355 537 355
397 316 406 316
47 313 51 314
837 137 841 138
169 205 178 205
378 99 379 103
763 301 772 301
94 126 98 127
138 0 142 1
546 210 555 210
476 292 480 293
272 152 276 153
695 207 699 208
575 158 579 159
564 371 568 372
790 398 799 398
488 191 497 191
508 188 512 189
124 179 128 180
522 320 523 324
881 173 888 173
288 345 289 348
677 162 681 163
158 123 167 123
714 203 715 207
880 84 881 88
338 129 347 129
135 256 136 260
672 196 676 197
665 26 674 26
57 339 58 343
540 246 544 247
15 186 16 190
684 317 685 321
494 76 498 77
387 60 396 60
347 327 351 328
83 69 87 70
398 118 407 118
847 249 851 250
712 45 721 45
54 320 58 321
524 237 525 241
290 347 294 348
487 392 488 396
309 381 318 381
706 69 710 70
782 201 786 202
96 209 100 210
623 107 627 108
57 163 58 167
438 392 442 393
822 47 831 47
565 162 566 166
630 354 639 354
496 320 497 324
607 279 611 280
827 323 831 324
896 372 900 373
861 40 870 40
643 37 647 38
531 293 540 293
30 244 30 253
853 397 857 397
869 330 878 330
399 304 408 304
607 182 616 182
649 235 653 236
612 242 621 242
389 269 393 270
313 42 322 42
62 62 66 63
174 213 183 213
84 117 88 118
280 215 281 219
403 243 412 243
55 318 59 319
712 162 716 163
611 386 620 386
330 331 334 332
164 152 168 153
761 42 765 43
163 282 167 283
809 301 813 302
554 2 558 3
695 131 699 132
203 127 210 127
379 4 388 4
161 73 165 74
112 141 116 142
79 136 79 145
502 114 506 115
175 195 176 198
804 129 808 130
112 323 116 324
830 396 839 396
161 39 170 39
249 327 253 328
66 10 66 19
165 352 166 356
228 109 229 113
260 226 262 227
889 159 893 160
726 94 727 97
466 130 470 131
904 1 911 1
467 187 468 191
66 372 70 373
532 78 536 79
860 204 861 208
898 220 902 221
447 141 448 145
782 72 791 72
179 10 180 14
842 16 846 17
794 272 798 273
727 367 736 367
488 369 497 369
107 323 111 324
268 345 269 349
553 25 554 28
798 322 802 322
775 289 779 290
517 396 521 397
269 223 278 223
405 203 409 204
440 375 449 375
52 154 56 155
610 90 619 90
726 372 735 372
146 46 150 47
173 238 174 242
76 246 76 255
368 360 372 361
281 104 285 105
355 97 355 106
391 364 400 364
194 240 198 241
510 90 514 91
468 363 477 363
798 362 802 363
32 194 32 203
588 356 595 356
43 47 47 48
438 303 447 303
219 304 223 305
319 365 323 366
661 161 665 162
78 42 82 43
785 220 786 224
110 206 118 206
647 156 648 160
458 371 462 372
297 44 301 45
6 81 6 90
617 17 626 17
126 181 135 181
134 274 143 274
453 103 462 103
72 390 73 394
748 373 757 373
552 6 556 7
557 258 561 259
500 92 509 92
71 39 80 39
66 106 70 107
720 326 724 327
86 309 90 310
772 267 776 268
276 342 280 343
804 387 808 388
190 264 199 264
181 202 183 203
335 78 344 78
80 255 89 255
684 95 688 96
396 340 397 344
215 349 216 353
124 74 133 74
163 141 172 141
345 188 349 189
892 300 894 302
774 386 778 387
329 319 338 319
432 80 436 81
326 385 327 388
546 262 549 263
266 385 267 389
170 214 174 215
286 179 288 181
755 160 764 160
457 58 466 58
611 142 620 142
731 306 735 307
345 163 354 163
803 257 807 258
775 44 784 44
535 246 539 247
873 367 882 367
873 318 877 319
215 294 223 294
703 154 707 155
428 291 437 291
81 66 81 75
58 29 64 29
503 371 507 372
781 203 782 207
12 259 12 268
677 147 678 151
34 289 35 293
895 198 904 198
385 68 394 68
26 35 26 44
820 200 821 204
152 13 156 14
31 85 31 94
332 215 336 216
432 327 440 327
554 235 558 236
34 226 35 230
246 183 247 187
643 27 652 27
759 16 768 16
130 293 134 294
537 138 538 142
81 211 85 212
324 56 329 56
689 158 691 160
707 194 711 195
548 275 552 276
511 265 515 266
315 120 315 129
661 276 667 276
63 196 64 200
597 162 598 166
892 214 893 218
99 337 103 338
225 206 234 206
710 131 714 132
20 106 29 106
519 124 520 128
543 83 547 84
239 360 240 364
242 84 243 88
626 169 635 169
332 243 333 247
752 196 761 196
595 49 599 50
119 163 120 167
531 124 535 125
506 166 510 167
855 306 864 306
82 46 83 48
878 2 887 2
629 200 638 200
424 154 431 154
613 365 622 365
678 254 687 254
551 268 555 269
32 14 41 14
632 348 633 352
597 179 601 180
677 228 681 229
816 186 817 187
675 139 679 140
689 289 698 289
370 224 379 224
172 314 181 314
800 57 809 57
221 36 223 38
286 170 290 171
697 65 701 66
173 110 174 114
243 346 247 347
136 392 140 393
551 57 555 58
261 274 265 275
617 241 626 241
35 128 36 132
492 50 501 50
539 362 548 362
737 366 741 367
308 392 312 393
152 300 156 301
356 149 360 150
800 398 804 398
785 176 789 177
213 38 214 42
576 376 585 376
534 3 538 4
428 336 429 340
661 308 670 308
782 39 791 39
384 99 385 103
217 313 221 314
695 98 696 102
123 33 132 33
14 184 14 193
160 310 169 310
488 72 492 73
262 170 270 170
795 131 804 131
845 152 849 153
653 372 657 373
492 6 496 7
111 145 111 154
143 2 147 3
535 316 539 317
519 358 528 358
777 300 778 304
751 186 755 187
153 232 157 233
288 57 292 58
790 357 794 358
200 374 204 375
717 33 726 33
570 27 574 28
46 91 46 100
304 136 308 137
144 304 153 304
180 286 189 286
375 119 379 120
698 126 702 127
116 107 120 108
461 116 465 117
415 278 419 279
641 204 645 205
448 225 449 229
156 159 160 160
449 3 453 4
698 224 706 224
16 142 17 146
753 12 754 16
868 112 871 113
58 303 67 303
137 285 146 285
95 214 95 223
413 37 414 41
878 157 882 158
691 376 692 380
497 78 506 78
670 131 674 132
168 387 172 388
717 366 721 367
650 25 659 25
389 391 398 391
161 38 170 38
331 158 335 159
482 19 486 20
419 187 423 187
189 360 193 361
796 124 805 124
114 289 118 290
874 225 875 229
355 65 359 66
212 354 216 355
680 139 684 140
70 305 79 305
742 274 746 275
107 330 116 330
700 315 701 319
680 90 686 90
810 291 819 291
208 34 217 34
742 302 751 302
257 133 260 134
459 331 463 332
184 72 193 72
327 308 336 308
680 108 684 108
322 79 331 79
555 353 559 354
282 372 291 372
763 302 772 302
515 83 524 83
635 139 639 140
634 20 643 20
99 322 101 324
717 225 721 226
176 166 180 167
777 68 786 68
249 208 258 208
558 379 567 379
524 350 525 354
843 232 847 233
369 262 373 263
533 277 537 278
314 38 318 39
630 28 638 28
906 302 911 302
480 171 489 171
576 377 585 377
880 386 889 386
134 341 143 341
571 251 580 251
703 376 704 380
285 134 286 137
214 243 215 247
868 335 877 335
77 40 77 49
52 355 61 355
309 261 318 261
684 302 688 303
798 255 802 256
100 110 104 111
69 193 78 193
383 23 387 24
317 382 326 382
729 270 733 271
640 67 644 68
268 76 277 76
382 122 386 123
700 207 704 208
173 194 174 198
54 175 58 176
753 94 757 95
574 242 583 242
308 349 309 353
117 14 126 14
584 288 588 289
787 137 791 138
627 362 636 362
203 2 207 3
382 350 383 354
820 225 821 229
344 338 348 339
89 330 90 334
776 331 785 331
457 56 461 56
747 214 756 214
792 39 801 39
746 198 750 199
92 69 101 69
528 124 530 125
803 148 812 148
852 45 861 45
85 253 89 254
514 155 518 156
844 74 848 75
511 57 515 58
680 25 689 25
276 14 285 14
187 172 191 173
84 238 84 247
549 100 558 100
322 217 326 218
290 85 294 86
78 179 82 180
500 134 504 135
497 309 506 309
174 188 178 189
530 120 534 121
557 106 564 106
198 368 202 369
870 56 871 60
432 140 441 140
197 130 206 130
820 375 829 375
502 220 511 220
705 24 709 25
857 211 866 211
250 88 259 88
343 272 347 273
640 151 649 151
744 51 748 52
707 34 716 34
718 22 727 22
356 68 365 68
914 324 914 329
765 243 769 244
321 267 325 268
601 176 610 176
104 189 105 193
555 25 559 26
599 109 603 110
464 151 468 152
131 57 135 58
857 68 866 68
519 367 528 367
600 50 609 50
313 49 322 49
294 97 298 98
706 368 715 368
185 382 194 382
303 286 307 287
257 390 266 390
186 119 186 128
486 288 495 288
307 304 308 308
841 23 845 24
564 14 568 15
623 82 627 83
8 284 12 285
103 339 112 339
249 238 250 242
602 152 606 153
309 238 310 242
269 208 278 208
446 288 455 288
340 201 344 202
841 186 850 186
36 236 36 245
688 290 697 290
495 238 502 238
612 93 621 93
146 357 147 361
99 55 108 55
895 262 904 262
744 219 753 219
866 37 870 38
49 152 58 152
343 275 352 275
308 109 309 113
578 0 587 0
653 27 662 27
752 388 756 389
39 294 48 294
98 232 107 232
726 368 735 368
308 93 312 94
426 385 427 389
550 231 559 231
348 394 354 394
318 9 322 10
872 324 876 324
314 70 323 70
554 226 555 230
209 385 213 386
419 273 421 275
266 36 270 37
16 0 16 9
785 53 786 56
895 326 899 327
701 168 710 168
745 247 749 248
751 303 752 307
386 134 386 143
512 252 516 253
271 142 272 146
139 335 143 336
520 269 521 273
178 104 182 105
523 221 527 222
408 161 409 165
712 302 721 302
305 236 314 236
176 359 178 361
474 368 483 368
2 52 6 53
256 51 260 52
351 164 355 165
290 81 299 81
360 245 361 249
206 359 215 359
721 220 722 224
166 57 170 58
617 47 626 47
615 315 624 315
790 320 794 321
31 231 35 232
434 320 435 324
544 272 553 272
76 16 77 20
905 136 906 140
726 98 730 99
566 186 570 187
142 240 146 241
352 89 356 90
83 136 83 145
153 366 157 367
901 347 905 348
523 344 532 344
620 158 624 159
162 194 166 195
494 269 498 270
611 55 615 56
748 33 749 37
640 109 640 118
630 171 634 172
372 78 376 79
732 359 733 363
333 76 338 76
149 25 153 26
808 72 809 76
7 102 8 106
129 168 133 169
104 72 105 76
149 87 153 88
121 398 130 398
235 77 239 78
912 159 914 160
899 162 906 162
283 253 284 257
83 27 87 28
378 324 379 328
884 199 888 200
473 294 482 294
201 378 205 379
835 122 837 124
435 236 439 237
313 106 322 106
72 170 76 171
180 194 189 194
585 336 589 337
754 377 758 378
683 298 687 299
218 76 227 76
52 333 56 334
103 145 107 146
40 135 49 135
671 161 672 165
741 121 747 121
476 245 480 246
620 163 622 165
479 307 481 309
504 126 508 127
495 255 504 255
341 102 341 111
241 46 245 47
32 122 33 126
885 192 889 193
31 190 35 191
439 333 448 333
409 349 418 349
416 225 417 229
92 46 96 47
461 346 470 346
701 265 705 266
281 122 285 123
758 31 767 31
818 114 822 115
724 260 728 261
311 342 315 343
826 37 830 38
588 68 597 68
602 267 606 268
550 129 554 130
268 376 272 377
520 362 529 362
601 273 610 273
686 7 695 7
479 225 480 229
418 329 427 329
379 338 383 339
734 153 743 153
884 250 893 250
234 117 235 121
378 70 387 70
294 176 303 176
360 104 360 113
849 176 853 177
833 195 837 195
413 359 417 360
51 96 60 96
380 235 381 239
114 260 118 261
251 209 255 210
354 38 358 39
565 134 569 135
470 161 479 161
483 37 484 41
290 373 294 374
288 394 297 394
336 148 340 149
355 232 364 232
144 343 145 347
541 298 550 298
365 268 374 268
640 211 644 212
198 58 202 59
179 356 188 356
671 394 675 395
494 151 498 152
627 317 636 317
819 170 828 170
174 103 183 103
677 124 678 128
336 243 337 247
504 146 505 150
859 333 863 334
462 376 471 376
525 255 534 255
392 261 401 261
898 213 907 213
348 323 352 324
888 194 889 198
737 49 746 49
278 394 287 394
607 94 616 94
288 122 288 131
349 26 358 26
452 6 461 6
269 199 278 199
23 184 23 193
664 216 668 217
905 326 909 327
567 384 568 388
848 254 852 255
249 97 253 98
399 262 403 263
193 191 197 192
168 236 177 236
723 250 732 250
907 313 910 313
770 101 779 101
183 234 192 234
735 295 744 295
100 153 101 157
901 277 910 277
823 194 827 195
405 148 409 149
301 65 309 65
247 26 251 27
649 124 653 125
49 385 50 389
76 40 76 49
183 117 192 117
299 111 299 120
861 55 870 55
553 308 557 309
526 241 530 242
92 274 96 275
273 234 282 234
457 85 461 86
750 366 751 367
885 121 889 122
469 195 478 195
823 61 832 61
899 322 903 323
620 167 624 168
465 382 466 385
775 208 779 209
62 97 66 98
715 139 719 140
266 150 267 154
805 281 809 282
298 392 302 393
137 386 146 386
619 377 620 381
526 164 535 164
337 382 346 382
332 217 336 218
167 265 176 265
436 200 440 201
273 392 277 393
727 195 736 195
349 253 350 257
102 314 111 314
42 380 46 381
451 123 455 124
867 279 871 280
202 255 203 259
732 127 740 127
700 292 704 293
225 183 229 184
778 255 782 256
308 237 317 237
230 81 234 82
713 374 722 374
765 281 769 282
575 315 579 316
687 383 696 383
907 150 908 151
288 141 297 141
110 278 110 287
539 138 540 142
568 84 577 84
299 135 308 135
225 360 226 364
361 289 370 289
399 383 408 383
143 28 147 29
836 244 840 245
837 163 841 164
184 119 184 128
5 41 5 50
686 190 695 190
901 314 910 314
819 6 828 6
347 186 356 186
714 61 718 62
645 126 649 127
423 344 427 345
286 11 293 11
419 354 428 354
131 398 140 398
108 63 112 64
445 141 446 145
221 360 222 364
473 271 477 272
49 87 49 96
844 76 853 76
328 2 337 2
712 182 716 183
756 368 765 368
790 100 794 101
538 173 542 174
841 2 845 3
47 317 56 317
332 398 341 398
144 213 153 213
756 56 757 60
808 308 812 309
180 199 184 200
827 350 831 351
814 360 823 360
55 335 59 336
241 101 245 102
53 394 57 395
742 305 743 309
641 170 650 170
302 79 311 79
414 273 418 274
880 89 884 90
27 381 27 390
558 274 559 278
871 37 875 38
564 207 568 208
753 284 757 285
433 198 437 199
183 185 192 185
222 313 226 314
593 162 594 166
115 110 119 111
141 23 150 23
762 67 771 67
888 222 897 222
300 77 304 78
222 224 226 225
663 369 672 369
237 222 241 223
93 85 102 85
345 192 349 193
636 186 640 187
336 152 340 153
582 295 586 295
787 164 791 165
403 103 412 103
718 12 722 13
382 325 383 328
390 116 394 117
364 117 365 121
251 164 255 165
679 135 683 136
220 16 229 16
289 122 289 131
509 192 513 193
49 322 53 323
328 126 332 127
497 273 501 274
36 99 36 108
95 339 102 339
146 369 150 370
134 228 138 229
573 391 582 391
789 270 793 271
298 336 302 337
654 28 658 29
648 290 657 290
446 67 455 67
163 348 172 348
104 30 105 34
367 385 371 386
606 346 615 346
672 64 673 68
99 139 103 140
696 265 700 266
734 328 738 329
420 148 424 149
441 398 450 398
748 30 752 31
664 258 665 262
344 142 353 142
43 163 44 167
192 300 201 300
115 115 124 115
549 341 558 341
459 192 463 193
12 159 12 168
695 107 699 108
363 337 372 337
328 377 332 378
74 251 75 255
643 143 652 143
729 191 733 192
492 114 496 115
312 312 313 316
400 116 404 117
112 66 116 66
416 107 417 111
855 119 856 123
1 67 1 76
787 383 795 383
686 13 692 13
437 56 441 57
806 117 810 118
409 139 418 139
21 108 21 117
476 351 485 351
486 175 490 176
162 158 171 158
215 137 219 138
910 115 914 116
220 343 229 343
356 255 357 259
377 8 381 9
527 245 528 249
726 396 735 396
553 128 562 128
863 225 867 226
489 71 498 71
711 186 715 187
777 211 786 211
623 297 624 301
651 147 655 148
384 319 388 320
489 76 493 77
516 318 525 318
690 211 694 212
248 266 249 270
835 293 836 297
788 60 797 60
805 24 809 25
346 96 355 96
8 206 8 215
203 388 212 388
610 49 614 50
431 123 435 124
700 354 709 354
209 259 218 259
514 140 518 141
804 270 808 271
491 266 500 266
741 133 745 134
820 320 824 321
525 313 534 313
338 265 342 266
794 105 795 109
416 320 417 324
548 83 557 83
515 166 519 167
733 16 737 17
686 317 687 321
40 77 41 81
659 178 663 179
158 273 167 273
616 73 625 73
25 128 26 132
771 127 775 128
498 262 507 262
825 193 832 193
810 397 814 398
557 209 566 209
71 68 71 77
577 32 581 33
325 292 329 293
531 200 535 201
489 232 493 233
371 91 371 100
725 78 726 82
409 269 413 270
232 240 236 241
652 46 656 47
605 121 614 121
714 16 722 16
320 77 324 78
14 320 14 329
528 110 532 111
790 56 794 57
601 304 603 305
582 170 591 170
739 0 743 1
500 383 504 384
11 30 12 34
333 377 337 378
835 301 844 301
109 304 118 304
575 183 584 183
532 216 541 216
117 274 126 274
216 279 217 283
258 23 262 24
357 127 361 128
506 288 515 288
472 275 481 275
294 319 303 319
771 332 780 332
454 205 458 206
444 21 448 22
509 5 518 5
840 157 849 157
226 171 230 172
158 2 162 3
525 305 529 306
495 125 496 128
648 252 657 252
15 213 24 213
912 241 914 243
447 283 451 284
345 317 349 318
521 42 522 46
731 171 739 171
12 97 12 106
73 28 77 29
438 366 440 368
859 194 863 195
351 362 355 363
849 348 853 349
488 271 492 272
906 240 914 240
867 163 871 164
244 99 253 99
588 129 588 138
425 242 434 242
49 393 58 393
301 362 305 363
512 34 516 35
729 379 738 379
134 280 138 281
356 243 360 244
145 230 149 231
696 177 705 177
611 162 612 166
680 235 684 236
772 249 781 249
640 359 649 359
455 119 459 120
116 392 120 393
332 310 339 310
202 300 211 300
780 76 789 76
264 118 268 119
360 352 364 353
810 190 814 191
854 262 858 263
856 198 860 199
10 391 19 391
458 53 467 53
713 322 722 322
278 385 279 389
273 23 277 24
413 73 417 74
222 241 231 241
593 385 602 385
313 238 314 242
577 91 578 95
176 164 180 165
873 155 882 155
854 328 858 329
25 381 25 390
575 27 579 28
467 57 471 58
702 57 703 61
834 334 843 334
513 294 517 295
904 269 907 270
563 190 567 191
695 292 699 293
871 133 873 134
487 123 496 123
2 389 2 398
818 363 827 363
223 255 232 255
729 328 733 329
605 158 614 158
206 301 210 302
200 22 209 22
767 104 776 104
155 166 156 169
336 62 345 62
788 257 792 258
785 397 789 398
17 314 18 318
852 293 853 297
254 111 258 112
160 359 161 363
506 352 515 352
501 37 502 41
287 245 291 246
619 29 623 30
562 273 563 277
914 78 914 86
19 108 20 112
660 83 664 84
453 265 457 266
846 307 850 308
215 373 219 374
215 263 219 264
82 274 91 274
607 239 616 239
372 146 373 150
601 332 605 333
35 34 35 43
641 142 650 142
631 85 640 85
113 145 113 154
749 28 753 29
756 177 765 177
87 199 88 203
326 389 335 389
195 144 196 148
489 359 493 360
808 80 817 80
808 232 812 233
527 169 535 169
290 188 294 189
865 259 874 259
329 179 333 180
808 132 816 132
47 25 56 25
521 162 525 163
610 217 611 221
253 0 257 1
565 167 569 168
714 135 718 136
497 184 501 185
606 55 610 56
606 149 615 149
700 213 709 213
810 235 814 236
612 191 615 192
58 228 58 237
594 63 598 64
618 231 627 231
572 220 581 220
843 254 847 255
68 349 68 358
744 288 753 288
156 177 165 177
868 114 871 115
570 394 574 395
551 72 555 73
260 91 264 92
881 182 890 182
800 392 804 393
752 39 761 39
190 88 197 88
772 342 776 343
525 290 527 291
633 84 642 84
573 173 577 174
473 14 474 18
335 255 336 258
27 33 36 33
861 393 865 394
721 286 725 287
388 133 388 142
811 7 820 7
657 312 666 312
756 86 765 86
765 277 774 277
45 133 49 134
586 193 591 193
326 96 335 96
282 382 286 382
454 207 458 208
897 3 898 7
321 53 330 53
361 373 365 374
283 23 287 24
534 262 535 265
583 188 587 189
296 276 305 276
181 13 185 14
790 8 799 8
88 72 92 73
807 238 811 239
44 49 45 53
372 104 376 105
731 98 735 99
574 162 578 163
319 135 323 136
73 258 74 262
743 216 747 217
4 174 4 183
668 224 677 224
655 397 659 398
60 352 64 353
660 296 661 300
376 99 377 103
588 252 597 252
297 245 301 246
303 134 312 134
900 230 904 231
89 23 93 24
177 159 178 163
14 206 14 215
252 385 253 389
513 275 517 276
21 162 21 171
631 345 635 346
488 173 492 174
689 135 693 136
606 292 615 292
189 332 190 336
872 311 873 315
872 252 881 252
335 55 339 56
308 50 317 50
171 202 175 203
264 371 273 371
777 104 786 104
287 18 291 19
913 156 914 158
586 169 595 169
753 371 762 371
453 89 462 89
155 83 164 83
438 371 447 371
300 312 304 313
312 345 313 349
892 236 896 237
811 279 815 280
767 52 767 61
565 111 569 112
878 318 882 319
638 53 642 54
799 293 808 293
371 289 380 289
370 326 371 330
282 243 286 244
832 78 836 79
57 317 66 317
24 118 24 127
452 47 461 47
405 90 406 94
163 28 167 29
519 319 528 319
632 366 636 367
463 225 467 226
31 308 32 312
879 194 883 195
865 77 874 77
912 42 913 46
853 158 857 159
834 189 843 189
539 266 543 267
686 330 690 331
875 140 884 140
823 119 827 120
422 115 426 116
272 232 276 233
435 1 439 2
507 23 508 27
338 377 347 377
880 352 889 352
144 25 148 26
739 28 743 29
663 42 667 43
623 22 624 26
487 252 491 253
864 349 873 349
827 72 831 73
622 348 623 352
659 204 660 208
371 357 375 358
466 246 475 246
608 282 612 282
401 170 405 171
63 371 72 371
907 128 911 129
85 94 89 95
603 113 607 114
5 285 6 289
536 268 540 269
177 84 181 85
307 173 311 174
139 133 143 134
507 325 508 329
727 324 731 325
904 366 913 366
750 375 759 375
377 206 386 206
417 31 426 31
624 29 628 30
362 134 363 138
652 340 661 340
100 223 101 227
684 219 693 219
568 23 572 24
126 174 134 174
251 211 255 212
315 109 315 118
871 209 875 210
865 169 868 170
741 251 750 251
243 144 252 144
464 192 468 193
800 281 804 282
373 393 382 393
470 165 479 165
83 71 87 72
19 295 20 299
432 313 436 314
712 389 721 389
845 9 854 9
795 46 796 50
470 307 474 308
334 140 338 141
511 360 520 360
825 111 834 111
328 15 332 16
837 125 841 126
184 341 193 341
77 120 78 124
837 293 838 297
4 61 4 70
903 35 907 36
874 19 878 20
815 266 824 266
824 360 833 360
843 377 847 378
415 300 419 301
406 40 410 41
652 182 656 183
651 251 660 251
313 84 322 84
21 62 22 66
286 71 290 72
502 47 511 47
241 231 250 231
671 78 675 79
381 170 385 171
579 29 588 29
112 50 121 50
756 315 757 319
393 233 394 237
862 238 866 239
529 71 537 71
228 88 237 88
396 189 397 193
729 46 738 46
721 332 730 332
467 384 471 385
207 132 208 136
621 99 626 99
380 106 384 107
21 274 21 283
484 315 493 315
83 75 92 75
303 349 307 350
574 31 583 31
129 291 133 292
403 229 403 238
166 177 175 177
254 385 255 389
854 67 863 67
590 353 594 354
433 72 437 73
698 54 702 55
424 187 428 188
509 16 513 17
660 34 669 34
642 267 646 268
434 56 436 58
127 75 136 75
555 48 559 49
710 211 714 212
212 289 221 289
4 30 4 39
415 28 424 28
237 21 246 21
266 301 270 302
59 392 63 393
302 178 311 178
540 223 549 223
288 282 294 282
47 203 56 203
107 299 116 299
222 247 231 247
291 20 300 20
51 101 60 101
5 219 6 223
689 77 698 77
882 252 889 252
28 244 28 253
834 62 835 66
780 45 789 45
17 365 17 374
563 351 567 352
339 262 343 263
224 27 226 29
570 178 579 178
595 27 599 28
708 22 717 22
463 89 472 89
378 241 378 250
269 304 278 304
886 87 887 88
325 366 329 367
443 75 452 75
872 298 876 299
124 219 133 219
635 149 639 150
297 351 301 352
93 318 97 319
375 193 377 195
435 44 439 45
43 358 44 362
436 175 440 176
125 266 129 267
903 165 910 165
784 178 788 179
897 134 906 134
324 11 333 11
545 120 549 121
707 40 707 49
101 100 105 101
234 266 235 270
487 384 491 385
365 44 369 45
492 341 492 350
608 254 617 254
460 48 464 49
2 369 2 378
862 204 863 208
612 258 613 262
229 309 233 310
583 23 587 24
474 5 483 5
457 80 458 84
397 31 406 31
799 348 803 349
643 318 647 319
694 0 703 0
861 388 865 389
486 258 487 262
759 379 763 380
34 67 35 71
632 215 633 219
683 371 687 372
223 114 227 115
636 350 640 351
844 263 853 263
226 177 234 177
656 186 660 187
340 145 344 146
481 112 485 113
733 154 737 155
61 339 65 340
149 250 153 251
842 339 851 339
192 255 193 259
530 90 534 91
750 105 754 106
73 125 82 125
865 84 869 85
702 4 711 4
607 61 611 62
438 369 442 370
695 206 704 206
667 376 668 380
356 235 357 239
328 286 332 287
865 111 874 111
695 300 698 301
456 341 465 341
9 54 9 63
183 337 187 338
174 152 178 153
528 40 537 40
91 36 95 37
601 386 610 386
415 138 424 138
222 35 231 35
203 144 204 148
803 224 812 224
441 245 445 246
726 350 730 351
290 385 291 389
567 162 568 166
890 386 899 386
842 137 846 138
663 52 667 53
833 112 837 113
183 376 187 377
719 214 720 218
688 227 689 231
156 210 160 211
902 94 906 95
487 313 491 314
446 309 447 310
131 235 135 236
732 261 735 261
774 348 778 349
434 16 438 17
861 88 865 89
328 40 337 40
357 186 361 187
317 304 318 308
453 69 457 70
72 396 81 396
603 244 607 245
658 274 662 275
474 298 483 298
702 66 711 66
566 153 568 154
712 391 721 391
30 35 30 44
547 94 548 98
263 144 264 148
267 6 271 7
326 125 335 125
726 9 735 9
336 166 345 166
523 315 532 315
743 220 744 224
541 381 550 381
548 388 557 388
655 151 664 151
830 202 839 202
826 133 830 134
749 87 753 88
114 217 118 217
158 387 162 388
110 193 119 193
719 328 723 329
137 130 138 134
163 91 164 95
862 300 871 300
382 16 386 17
536 124 540 125
244 97 248 98
200 16 209 16
870 84 874 85
230 48 234 49
135 230 144 230
558 252 567 252
492 268 501 268
417 29 421 30
184 312 193 312
433 343 437 344
498 24 500 26
815 190 819 191
494 14 503 14
729 52 733 53
492 382 501 382
766 52 766 61
94 2 98 3
219 250 223 251
416 285 420 286
102 296 106 297
496 223 505 223
270 373 274 374
142 314 151 314
9 221 18 221
833 243 842 243
453 23 462 23
8 341 8 350
297 397 306 397
442 8 451 8
244 80 248 80
22 363 22 372
133 234 142 234
1 42 1 51
812 292 821 292
455 48 459 49
618 147 619 151
897 150 901 151
594 348 598 349
622 267 626 268
451 373 455 374
523 308 527 309
826 231 835 231
642 280 651 280
449 24 453 25
440 236 444 237
555 239 556 243
798 112 802 113
434 207 434 216
257 225 266 225
255 345 264 345
109 253 113 254
513 0 519 0
643 284 652 284
181 57 185 58
843 361 847 362
794 127 798 128
331 260 334 261
630 149 634 150
898 316 902 317
331 160 340 160
276 124 285 124
257 331 261 332
558 23 562 24
28 377 32 378
123 339 132 339
15 320 15 329
82 192 83 196
350 25 359 25
517 9 526 9
352 121 353 125
11 358 20 358
445 28 454 28
7 37 11 38
540 273 549 273
414 180 423 180
500 117 509 117
822 90 829 90
514 14 523 14
493 53 502 53
387 390 396 390
115 5 119 6
96 307 100 308
707 380 716 380
377 104 381 105
28 390 33 390
329 320 338 320
418 159 419 163
804 103 805 107
858 355 862 356
63 279 67 280
354 373 358 374
681 265 685 266
167 334 169 336
773 255 777 256
502 313 506 314
453 392 457 393
856 388 860 389
821 198 830 198
366 68 375 68
730 359 731 363
350 341 359 341
31 163 32 167
104 177 105 181
530 228 534 229
754 197 763 197
300 219 309 219
880 357 884 358
71 258 72 262
647 91 651 92
100 263 104 264
522 63 531 63
158 114 167 114
174 280 178 281
295 182 301 182
30 101 34 102
893 79 894 83
206 270 207 274
749 270 753 271
475 249 476 253
891 44 900 44
6 322 6 331
136 36 140 37
587 246 596 246
502 79 511 79
193 117 193 126
905 187 914 187
358 33 361 34
534 252 543 252
860 177 869 177
808 60 817 60
248 272 252 273
756 169 765 169
201 51 205 52
159 154 163 155
307 183 316 183
391 362 395 363
9 294 9 303
474 296 478 297
789 302 793 303
812 19 818 19
111 9 120 9
472 31 476 32
205 252 214 252
533 275 537 276
418 265 422 266
220 91 224 92
433 207 433 216
346 267 350 268
887 141 896 141
757 324 761 325
561 55 565 56
428 198 432 199
64 10 64 19
387 104 387 113
815 212 824 212
750 171 754 172
866 172 870 173
867 184 871 185
80 390 81 394
398 69 402 70
782 276 791 276
691 260 695 261
468 241 477 241
494 267 503 267
66 184 66 193
557 307 566 307
123 250 127 251
707 376 711 377
703 26 707 27
46 0 46 9
348 136 352 137
450 350 457 350
472 85 481 85
708 253 712 254
380 324 381 328
320 181 329 181
420 320 421 324
652 286 660 286
674 0 683 0
161 392 165 393
67 25 71 26
154 219 163 219
201 106 205 107
687 347 694 347
807 38 816 38
148 28 152 29
856 259 864 259
789 61 798 61
82 390 86 391
394 326 398 327
676 175 685 175
657 310 661 311
122 79 131 79
849 196 853 197
57 30 66 30
352 292 356 293
573 128 582 128
165 101 169 102
844 313 845 317
598 82 602 83
614 361 623 361
468 364 472 365
322 284 326 285
854 176 855 180
494 24 495 28
881 32 885 33
657 241 661 242
202 178 211 178
472 300 473 302
655 277 664 277
840 313 841 317
196 38 200 39
261 211 265 212
797 214 801 215
241 230 250 230
883 147 887 148
528 277 532 278
344 343 345 347
623 98 632 98
757 65 761 66
653 173 657 174
101 209 102 213
106 278 106 287
860 247 864 248
14 168 14 177
417 325 421 326
740 326 744 327
752 67 761 67
490 257 491 261
19 394 23 395
755 156 759 157
853 322 862 322
887 45 896 45
414 306 423 306
250 367 254 368
547 143 556 143
72 112 76 113
513 277 517 278
451 46 460 46
425 189 426 193
872 369 876 370
669 129 673 130
208 181 212 182
36 45 37 49
347 299 351 300
416 112 420 113
492 247 496 248
791 93 800 93
5 337 9 338
87 136 87 145
819 384 823 385
713 73 717 74
612 296 621 296
631 204 635 205
811 330 820 330
403 336 407 337
373 73 377 74
605 323 614 323
178 220 187 220
252 355 261 355
746 33 747 37
89 292 89 301
812 353 821 353
455 325 459 326
572 392 576 393
808 119 812 120
344 296 348 297
208 76 217 76
278 40 282 41
39 183 43 184
337 219 341 220
740 315 741 319
98 145 102 146
652 391 656 392
814 51 818 52
358 67 367 67
308 224 317 224
493 370 497 371
767 342 771 343
446 121 450 122
465 37 466 41
204 55 213 55
839 367 848 367
68 387 72 388
247 284 251 285
613 363 617 364
150 186 151 190
544 20 548 21
587 78 591 79
310 378 314 379
647 301 656 301
787 163 796 163
195 373 199 374
156 133 156 142
893 17 902 17
712 32 721 32
553 346 557 347
536 350 537 354
327 237 336 237
907 141 913 141
408 141 412 142
553 344 562 344
517 132 526 132
593 344 602 344
87 76 87 85
637 17 646 17
235 48 239 49
138 112 142 113
14 397 17 398
809 180 813 181
610 336 614 337
877 354 886 354
289 301 293 302
605 119 609 120
194 304 198 305
42 204 51 204
707 221 708 225
53 276 62 276
598 117 607 117
471 93 472 97
815 345 824 345
561 360 570 360
315 5 324 5
905 306 914 306
910 39 914 39
617 267 621 268
66 160 67 164
596 378 600 379
200 264 209 264
609 288 613 289
711 262 720 262
626 73 626 77
357 161 366 161
790 11 791 15
443 211 447 212
800 291 809 291
207 265 216 265
677 220 681 221
717 71 726 71
57 103 58 107
240 84 241 88
725 23 729 24
746 186 750 187
893 341 902 341
417 39 421 40
266 358 270 359
168 228 172 229
323 354 327 355
726 306 730 307
237 224 241 225
357 227 366 227
712 137 721 137
724 334 733 334
124 86 125 90
546 200 550 201
245 388 249 389
594 208 603 208
116 38 120 39
759 202 759 210
412 154 416 155
11 10 11 19
684 28 688 29
514 18 523 18
765 264 769 265
442 247 446 248
9 332 10 336
116 186 120 187
911 72 913 73
32 34 32 43
60 397 69 397
41 398 50 398
572 170 581 170
648 154 652 155
80 203 80 212
360 154 364 155
390 193 391 197
526 210 535 210
146 109 155 109
420 300 424 301
570 134 574 135
29 163 30 167
795 192 799 193
572 32 576 33
26 148 27 152
16 84 17 88
551 312 551 321
149 165 156 165
233 181 237 182
643 237 647 238
636 260 637 264
203 389 212 389
834 53 843 53
175 61 184 61
162 30 166 31
606 147 610 148
64 45 64 54
180 140 189 140
170 244 174 245
180 264 189 264
581 320 590 320
367 227 368 231
193 58 197 59
412 336 413 340
550 223 559 223
450 225 451 229
316 170 320 171
142 75 146 76
44 395 52 395
106 219 107 223
219 149 228 149
543 379 547 380
885 247 889 248
769 377 773 378
415 203 419 204
848 139 849 143
13 0 13 9
406 208 410 209
802 324 806 325
790 392 794 393
24 374 25 378
527 143 531 144
167 156 176 156
883 361 887 362
418 240 427 240
580 336 584 337
356 152 365 152
632 341 641 341
412 107 413 111
585 297 594 297
376 389 385 389
506 238 515 238
376 253 377 257
274 365 278 366
740 202 741 206
19 275 19 284
419 383 428 383
616 322 624 322
781 241 782 245
556 210 565 210
1 204 2 208
384 328 393 328
74 137 78 138
91 300 95 301
764 87 768 88
408 377 412 378
220 22 229 22
497 385 506 385
389 146 393 147
339 167 343 168
468 69 472 70
590 129 590 138
821 377 822 381
850 146 859 146
606 348 607 352
549 299 558 299
904 202 912 202
377 252 385 252
520 116 529 116
479 285 483 286
455 394 459 395
471 44 480 44
83 84 83 93
54 328 58 329
236 209 240 210
95 263 99 264
396 52 405 52
116 86 117 90
447 273 451 274
135 294 144 294
628 217 629 221
721 6 725 7
148 223 152 224
650 90 659 90
814 377 818 378
230 30 239 30
258 40 267 40
654 293 658 294
320 379 329 379
790 396 794 397
776 286 780 287
909 322 912 323
410 300 414 301
376 346 380 347
311 295 313 297
910 192 913 193
895 263 904 263
127 243 136 243
48 136 57 136
165 159 166 163
573 253 582 253
179 116 188 116
667 239 671 240
249 154 253 155
190 343 194 344
46 232 47 236
157 188 161 189
363 278 372 278
158 206 164 206
539 59 543 60
484 285 488 286
655 171 659 172
462 359 463 362
619 224 628 224
692 65 696 66
79 292 88 292
20 96 20 105
258 117 259 121
213 282 215 284
879 146 888 146
33 361 33 370
671 265 675 266
395 46 404 46
19 352 28 352
306 269 315 269
617 263 621 264
310 351 314 352
503 108 507 109
58 356 58 365
137 387 146 387
898 93 899 97
502 184 506 185
392 196 396 197
407 63 409 64
295 5 304 5
251 116 260 116
303 73 307 74
270 77 274 78
387 237 391 238
107 379 109 381
810 63 814 64
803 237 812 237
122 340 131 340
334 339 343 339
417 212 417 221
494 315 503 315
192 342 201 342
751 10 755 11
668 244 672 245
884 360 893 360
856 275 858 277
858 92 859 96
274 138 278 139
211 144 212 148
310 219 319 219
490 178 499 178
276 359 285 359
878 316 882 317
592 8 599 8
10 231 14 232
805 248 814 248
741 214 742 217
533 243 534 247
702 162 706 163
809 196 818 196
500 146 501 150
89 55 98 55
665 191 669 192
716 116 717 120
451 361 455 362
63 386 72 386
152 170 156 171
727 279 731 280
155 227 156 231
39 55 39 64
262 6 266 7
715 149 724 149
407 313 411 314
725 326 729 327
4 361 4 370
7 20 7 29
449 91 449 100
141 295 142 299
531 241 535 242
527 214 536 214
556 348 565 348
837 336 841 337
288 54 297 54
737 65 741 66
889 21 898 21
63 302 72 302
444 26 453 26
274 259 278 260
599 10 603 11
698 296 702 297
70 10 70 19
168 34 177 34
385 214 394 214
437 196 441 197
602 392 606 393
575 394 584 394
14 386 18 387
335 143 339 144
263 82 267 83
157 165 158 169
86 247 95 247
785 46 786 50
291 342 295 343
716 286 720 287
240 290 249 290
15 76 16 80
842 56 843 60
317 109 317 118
243 110 252 110
534 238 543 238
324 106 324 115
492 273 496 274
434 55 443 55
604 16 613 16
692 249 701 249
373 336 377 337
426 288 435 288
776 279 780 280
530 38 539 38
898 147 902 148
417 132 426 132
897 54 901 55
188 348 197 348
434 96 435 100
662 249 671 249
240 145 249 145
49 0 49 9
679 129 683 130
894 131 903 131
593 138 602 138
578 356 587 356
211 307 215 308
286 122 286 131
824 116 833 116
224 72 232 72
354 316 363 316
757 163 766 163
721 260 723 262
732 33 733 37
157 196 161 197
273 142 274 146
417 316 426 316
671 358 680 358
893 13 902 13
13 275 14 279
9 255 9 264
747 211 756 211
575 171 579 172
115 226 116 230
263 346 267 347
658 290 667 290
218 346 222 347
223 278 232 278
596 80 600 81
657 267 661 268
336 276 345 276
147 194 148 198
260 262 264 263
104 289 108 290
235 147 239 148
707 67 711 68
495 290 504 290
261 244 265 245
236 266 237 270
189 168 193 169
168 337 172 338
461 98 468 98
417 37 421 38
286 268 290 269
854 303 858 304
281 11 282 13
142 79 151 79
375 114 376 118
651 386 660 386
129 380 133 381
603 378 604 382
492 384 496 385
319 167 323 168
472 320 473 324
779 144 783 145
596 177 605 177
672 328 676 329
56 177 65 177
684 16 693 16
227 31 236 31
89 245 93 246
338 345 339 349
26 374 27 378
453 210 454 213
812 65 816 66
57 384 66 384
280 167 289 167
124 277 124 286
89 7 93 8
151 212 160 212
555 297 564 297
803 121 812 121
30 380 30 389
545 145 546 149
578 244 582 245
767 65 771 66
790 359 799 359
13 30 14 34
743 284 747 285
376 152 377 156
425 137 429 138
158 34 167 34
601 80 605 81
271 36 275 37
829 384 833 385
297 225 306 225
879 268 883 269
203 159 204 163
472 8 481 8
187 274 188 278
807 295 808 299
735 12 736 15
647 297 651 298
620 150 624 151
281 20 290 20
579 243 588 243
359 22 368 22
227 265 236 265
286 36 290 37
721 265 725 266
614 258 615 262
455 90 459 91
671 308 680 308
865 391 869 392
286 385 287 389
27 195 27 204
718 26 722 27
818 72 819 76
502 65 511 65
369 129 378 129
319 387 323 388
232 222 236 223
827 54 836 54
595 25 599 26
603 53 607 54
726 133 735 133
45 93 45 102
45 348 47 350
405 252 414 252
598 274 602 275
292 243 296 244
810 167 819 167
202 116 203 120
848 229 857 229
148 61 148 70
131 175 135 176
161 91 162 95
485 183 494 183
686 46 687 50
813 344 822 344
908 224 914 224
334 338 343 338
775 235 779 236
153 17 157 18
250 290 252 292
271 61 280 61
437 167 438 171
327 329 331 330
504 359 513 359
623 291 632 291
436 225 437 229
526 268 530 269
268 126 269 130
803 114 807 115
43 371 52 371
494 320 495 324
651 356 660 356
24 260 24 269
172 372 181 372
336 41 345 41
452 85 456 86
123 40 127 41
637 94 646 94
279 99 283 100
179 168 183 169
420 1 424 2
717 233 721 234
370 333 373 334
10 239 10 248
896 98 900 99
900 232 909 232
134 27 143 27
220 86 221 90
678 173 682 174
907 339 911 340
504 192 508 193
733 296 737 297
595 162 596 166
537 9 546 9
458 217 465 217
204 322 213 322
838 69 839 73
536 241 540 242
230 69 239 69
557 389 561 390
594 29 598 30
179 94 183 95
98 380 98 389
362 296 363 299
576 177 585 177
454 396 458 397
693 117 693 126
655 67 659 68
848 158 852 159
415 250 416 254
81 340 81 349
22 162 22 171
61 0 62 4
21 219 21 228
472 140 481 140
864 189 873 189
53 385 54 389
411 366 420 366
266 307 270 308
257 173 266 173
631 297 632 301
770 23 774 24
195 183 199 184
655 193 664 193
114 374 118 375
302 217 306 218
639 243 648 243
363 104 363 113
826 225 827 229
243 142 245 143
382 258 386 259
815 23 819 24
732 65 736 66
406 81 410 82
564 76 568 77
550 226 551 230
723 78 724 82
910 396 914 396
0 82 0 91
797 3 801 4
122 220 125 221
831 244 835 245
882 298 891 298
482 34 486 35
739 178 743 179
502 63 511 63
315 317 319 318
621 377 622 381
783 6 792 6
427 283 431 284
465 278 469 279
693 73 697 74
226 51 230 52
317 120 317 129
850 61 854 62
431 285 435 286
343 155 347 156
128 325 137 325
656 278 665 278
305 312 309 313
518 287 523 287
360 190 366 190
269 336 270 340
108 349 109 353
406 128 406 137
907 164 914 164
298 385 299 389
708 278 712 279
147 136 147 145
577 214 585 214
251 383 260 383
526 292 529 293
175 83 184 83
783 203 784 207
269 305 273 306
659 376 660 380
829 382 833 383
76 36 80 37
74 337 74 346
649 194 656 194
744 202 745 206
581 304 581 313
115 7 119 8
43 385 44 389
897 14 901 15
719 220 720 224
865 171 870 171
345 232 349 233
277 284 286 284
332 43 341 43
151 369 155 370
616 221 625 221
568 148 569 152
711 116 715 117
141 326 142 330
138 84 146 84
140 7 144 8
346 288 355 288
479 304 488 304
678 252 682 253
299 320 308 320
653 237 657 238
716 241 720 242
116 36 120 37
707 339 711 340
813 154 817 155
316 104 320 105
227 360 228 364
527 335 528 339
387 251 388 254
691 99 692 103
77 380 86 380
816 218 825 218
791 203 795 204
653 257 662 257
780 213 788 213
372 19 376 20
216 65 220 66
115 183 119 184
891 35 895 36
842 103 843 107
42 137 46 138
358 173 362 174
195 262 199 263
426 309 427 312
154 253 158 254
58 81 58 90
481 205 490 205
529 245 530 249
162 329 171 329
184 270 188 271
194 360 198 361
50 305 59 305
172 178 181 178
44 320 48 321
699 337 701 339
801 55 810 55
655 154 656 158
38 45 38 54
681 142 690 142
459 11 468 11
552 65 556 66
749 207 753 208
616 130 620 131
361 165 365 166
779 314 788 314
696 6 700 7
801 332 810 332
844 105 848 106
85 132 89 133
230 315 230 324
703 274 707 275
51 198 55 199
637 48 641 49
131 9 140 9
235 206 244 206
892 86 894 88
526 331 526 340
333 23 337 24
230 343 234 344
97 296 101 297
96 369 100 370
875 392 884 392
18 30 18 39
625 358 629 359
5 292 9 293
11 83 20 83
539 367 547 367
859 224 868 224
482 382 486 383
464 55 473 55
171 256 172 260
376 299 385 299
160 103 169 103
254 380 258 381
345 5 354 5
646 317 655 317
96 75 96 84
739 379 743 380
886 72 895 72
547 35 556 35
411 317 415 318
321 12 330 12
592 181 596 182
443 392 447 393
290 77 294 78
595 394 603 394
822 204 830 204
143 337 147 338
127 207 127 216
313 59 320 59
69 47 70 51
842 267 851 267
308 323 312 324
538 363 542 364
572 262 576 263
193 60 202 60
619 304 623 305
229 385 233 386
884 268 888 269
284 305 288 306
902 123 911 123
359 343 363 344
585 1 594 1
709 166 718 166
119 55 128 55
765 207 769 208
394 56 398 57
414 76 418 77
850 139 851 143
70 397 79 397
280 341 289 341
498 377 502 378
323 76 332 76
520 386 524 387
510 394 514 395
130 48 139 48
425 63 429 64
777 184 786 184
725 25 734 25
1 0 1 9
419 311 421 312
418 371 422 372
68 179 72 180
549 182 558 182
334 345 335 349
211 238 212 242
608 318 612 319
31 181 35 182
554 92 554 98
322 383 331 383
309 13 318 13
754 191 758 192
385 116 389 117
18 320 18 329
403 145 412 145
829 293 830 297
875 50 884 50
287 225 296 225
601 91 602 95
602 367 606 368
772 312 776 313
153 315 154 319
36 34 36 43
180 362 184 363
219 202 223 203
17 89 18 93
68 126 69 130
168 104 172 105
34 361 34 370
141 276 142 280
643 154 647 155
67 10 67 19
276 164 280 165
908 54 909 58
523 311 532 311
52 76 52 85
639 206 643 207
654 302 658 303
636 356 645 356
733 55 742 55
806 72 807 76
630 90 639 90
442 297 446 298
201 53 210 53
377 284 386 284
217 63 221 64
563 173 567 174
720 310 724 311
903 30 904 34
575 255 579 256
722 300 726 301
580 25 589 25
382 37 391 37
332 395 336 396
419 271 427 271
82 275 91 275
722 280 726 281
859 136 860 140
719 243 728 243
102 385 103 389
332 154 341 154
635 232 636 236
449 391 458 391
14 379 22 379
173 122 173 131
738 26 742 27
845 61 849 62
79 182 79 191
171 294 172 298
61 289 65 290
2 0 2 9
709 112 717 112
473 72 477 73
10 122 10 131
59 287 60 291
444 267 453 267
872 322 876 323
133 371 142 371
566 175 570 176
531 58 540 58
213 193 222 193
531 42 535 43
157 170 166 170
836 218 845 218
468 87 472 88
26 216 26 225
321 358 325 359
803 137 812 137
826 218 835 218
290 16 299 16
408 32 412 33
85 261 89 262
494 31 503 31
766 319 775 319
801 383 810 383
120 230 124 231
292 245 296 246
705 23 714 23
208 270 209 274
421 361 425 362
478 310 487 310
220 286 229 286
229 365 233 366
27 211 27 220
9 206 9 215
284 159 287 160
843 344 852 344
817 369 821 370
75 184 76 188
868 35 872 36
783 194 792 194
838 63 842 64
821 117 830 117
223 141 227 142
740 112 740 121
258 392 267 392
252 117 253 121
14 392 18 393
552 330 553 334
448 62 449 66
886 56 887 60
129 352 130 356
418 295 427 295
788 30 792 31
266 104 270 105
86 317 95 317
761 336 762 340
695 353 699 354
328 132 332 133
331 152 335 153
545 91 554 91
765 247 774 247
631 70 640 70
321 291 330 291
74 23 78 24
59 183 59 192
841 393 845 394
860 171 864 172
439 249 448 249
889 79 890 83
278 350 287 350
66 76 67 80
722 391 731 391
479 195 488 195
275 196 280 196
465 300 469 301
160 333 169 333
639 208 648 208
127 50 128 54
316 164 320 165
382 152 383 156
378 348 387 348
727 366 736 366
849 162 858 162
128 223 132 224
41 369 45 370
359 129 368 129
121 318 130 318
820 310 824 311
242 372 251 372
76 108 80 109
707 263 711 264
707 387 710 388
87 217 87 226
172 146 173 150
62 333 71 333
220 315 224 316
879 240 888 240
38 32 38 41
843 379 847 380
33 278 33 287
306 351 307 355
360 91 364 92
717 150 721 151
200 137 204 138
426 71 427 73
65 318 69 319
533 221 537 222
802 116 810 116
872 174 881 174
182 269 191 269
277 63 281 64
572 8 581 8
427 330 436 330
812 234 821 234
444 194 448 195
616 204 620 205
238 376 242 377
657 3 666 3
367 284 376 284
338 135 342 136
85 368 94 368
557 198 566 198
492 383 496 383
830 29 839 29
537 345 546 345
740 394 749 394
21 334 22 338
150 333 159 333
95 188 104 188
121 163 122 167
118 325 127 325
612 343 621 343
400 48 406 48
65 186 65 195
86 369 90 370
708 154 712 155
437 48 446 48
251 167 259 167
154 341 163 341
222 128 226 129
40 198 41 202
750 289 759 289
535 305 539 306
265 378 269 379
610 214 619 214
760 207 764 208
822 202 826 203
395 188 403 188
766 186 770 187
574 207 578 208
212 84 216 85
526 312 535 312
867 141 876 141
185 266 189 267
677 324 681 325
225 256 229 257
783 32 792 32
188 273 197 273
429 141 430 145
357 182 361 183
804 53 813 53
712 201 721 201
791 295 792 299
685 295 694 295
437 247 441 248
435 384 444 384
789 377 793 378
348 392 352 393
520 305 524 306
137 63 137 72
181 121 181 130
480 222 482 223
728 12 732 13
659 270 668 270
817 46 826 46
847 187 856 187
278 265 282 266
541 94 542 98
607 229 611 230
154 179 158 180
54 215 55 219
400 156 409 156
108 219 109 223
359 106 359 115
260 30 269 30
92 318 92 327
469 11 478 11
43 149 47 150
238 181 242 182
4 239 5 243
795 171 799 172
475 80 476 84
622 161 626 162
218 3 227 3
690 105 694 106
133 208 134 212
37 55 37 64
773 341 782 341
201 96 202 100
47 315 51 316
330 317 334 318
796 242 797 246
338 173 342 174
11 180 15 181
298 237 307 237
116 136 125 136
371 196 375 197
791 198 795 199
270 264 279 264
253 272 257 273
168 17 172 18
16 172 17 176
76 369 80 370
131 256 132 260
462 275 471 275
345 44 349 45
484 192 488 193
686 348 690 349
250 181 251 185
443 243 447 244
175 183 179 184
471 37 472 41
674 64 675 68
632 267 636 268
583 53 587 54
303 248 304 252
462 65 466 66
601 355 605 356
536 206 545 206
307 19 316 19
760 157 769 157
804 219 813 219
483 218 487 219
441 351 450 351
263 155 267 156
396 373 405 373
378 272 387 272
890 235 899 235
629 100 633 101
470 355 474 356
69 221 69 230
893 367 897 368
175 193 179 194
339 76 343 77
390 302 399 302
889 162 898 162
223 376 227 377
519 341 528 341
227 89 231 90
771 369 780 369
815 171 819 172
826 0 830 1
240 146 244 147
458 364 462 365
898 0 907 0
315 292 319 293
432 196 436 197
475 125 476 129
6 386 7 390
533 15 535 17
396 67 405 67
321 51 325 52
140 82 149 82
80 350 81 354
482 303 491 303
811 71 820 71
35 351 44 351
727 78 728 82
657 32 661 33
61 287 65 288
317 161 321 162
440 281 444 282
182 27 191 27
549 149 551 151
867 381 876 381
663 145 666 146
497 316 506 316
757 366 761 367
564 276 568 277
753 109 757 110
664 16 673 16
613 265 617 266
457 187 458 191
163 42 172 42
358 377 362 378
168 40 172 41
501 276 504 277
562 61 566 62
370 194 374 195
829 348 838 348
200 194 209 194
446 285 450 286
674 293 676 294
459 80 460 84
633 297 634 301
229 203 238 203
40 275 40 284
501 263 505 264
814 33 815 37
396 121 405 121
876 112 877 116
647 214 648 218
213 290 214 294
633 143 637 144
436 318 445 318
761 279 765 280
774 288 783 288
116 188 125 188
755 303 755 312
273 202 275 204
107 243 116 243
375 241 376 245
55 226 59 227
696 18 700 19
541 99 550 99
797 295 798 299
175 132 176 136
447 384 451 385
115 189 119 190
861 309 870 309
726 355 735 355
840 103 841 107
532 50 541 50
884 76 893 76
327 186 331 187
497 132 506 132
492 216 501 216
835 310 844 310
503 95 507 96
466 397 475 397
316 360 322 360
817 323 821 324
671 72 680 72
770 45 779 45
10 320 10 329
909 253 914 253
348 184 352 185
863 227 867 228
867 187 876 187
798 252 802 253
283 69 292 69
449 264 458 264
817 156 826 156
580 122 589 122
467 283 471 284
694 58 695 62
191 230 195 231
157 285 166 285
269 261 278 261
77 104 81 105
814 44 818 45
347 397 351 398
681 85 690 85
598 339 607 339
911 68 913 70
369 10 378 10
596 103 605 103
267 342 271 343
578 374 582 375
325 212 329 213
730 291 739 291
172 172 176 173
560 375 569 375
55 147 56 151
448 271 452 272
191 369 195 370
456 168 459 169
598 357 607 357
740 359 741 363
271 274 275 275
253 277 257 278
98 98 102 99
149 133 153 134
837 211 846 211
234 38 243 38
702 150 706 151
661 133 665 134
57 187 58 191
172 186 173 190
685 293 689 294
320 331 324 332
744 111 744 120
601 147 605 148
824 374 833 374
897 79 897 88
447 386 451 387
396 161 397 165
194 186 195 190
827 220 828 224
882 102 886 103
439 391 448 391
106 178 108 180
849 13 850 17
182 340 191 340
655 167 664 167
635 353 644 353
705 206 709 207
179 89 180 93
581 142 585 143
305 238 306 242
152 190 161 190
189 149 198 149
883 117 892 117
439 349 448 349
473 340 482 340
510 171 514 172
340 229 344 230
887 4 888 8
135 122 136 126
909 250 911 252
728 315 729 319
781 279 785 280
740 303 744 304
134 320 135 324
713 289 716 290
455 238 464 238
410 65 414 66
40 27 44 28
158 207 167 207
21 398 30 398
12 20 13 24
755 326 759 327
527 307 536 307
374 298 380 298
174 26 183 26
878 178 882 179
469 141 470 145
111 102 115 103
786 117 790 118
760 102 766 102
702 259 711 259
394 130 394 139
372 326 373 330
368 295 377 295
210 131 219 131
60 272 69 272
791 201 795 202
169 356 178 356
426 320 427 324
823 30 827 31
106 153 107 157
388 348 397 348
29 244 29 253
618 63 622 64
225 290 229 291
603 138 612 138
757 369 761 370
382 308 386 309
605 106 614 106
613 199 614 203
726 207 734 207
825 220 826 224
330 257 334 258
3 214 3 223
243 204 247 205
28 82 28 91
877 18 886 18
784 180 788 181
645 214 646 218
851 309 860 309
298 93 302 94
321 61 330 61
720 152 729 152
168 2 172 3
782 105 783 109
817 336 826 336
776 127 780 128
173 222 174 226
671 332 680 332
199 126 208 126
47 230 51 231
600 353 604 354
388 161 389 165
589 195 598 195
719 390 728 390
502 142 506 143
124 377 133 377
753 322 757 323
354 365 363 365
163 384 172 384
132 133 136 134
119 212 123 213
174 288 178 289
161 9 170 9
435 382 444 382
342 63 346 64
477 313 481 314
598 84 602 84
319 304 323 305
558 83 562 84
693 284 697 284
892 279 896 280
225 349 226 353
619 302 623 303
679 166 688 166
710 152 719 152
262 355 271 355
487 309 496 309
296 221 300 222
827 288 831 289
538 44 542 45
16 254 16 263
882 132 886 133
122 65 122 74
677 292 679 294
29 128 30 132
591 271 595 272
827 238 831 239
119 227 123 228
596 150 600 151
635 129 636 133
608 114 612 114
368 379 377 379
295 309 304 309
122 319 128 319
227 222 231 223
81 131 90 131
362 184 363 187
401 157 403 159
65 158 69 159
844 242 853 242
183 371 192 371
464 21 468 22
844 118 853 118
610 25 614 26
215 317 224 317
872 89 873 93
40 193 41 197
37 385 38 389
509 389 510 393
243 376 247 377
451 276 455 277
237 17 241 18
231 171 235 172
131 348 138 348
500 386 504 387
459 24 463 25
258 158 267 158
567 181 571 182
122 391 131 391
217 240 221 241
464 267 473 267
686 355 695 355
606 143 615 143
505 306 514 306
185 119 185 128
456 153 460 154
297 395 301 396
388 370 392 371
657 195 661 196
489 3 493 4
127 167 136 167
566 57 570 58
704 158 713 158
357 6 361 7
154 243 163 243
499 64 508 64
254 97 258 98
205 132 206 136
882 110 891 110
15 203 16 207
650 255 654 256
682 366 686 367
732 279 735 280
159 352 160 356
865 320 869 321
888 56 889 60
121 348 130 348
768 148 777 148
405 278 409 279
870 78 879 78
556 355 565 355
425 175 429 176
168 325 177 325
243 2 252 2
106 181 115 181
278 57 282 58
751 220 752 224
199 149 208 149
713 35 713 44
69 42 70 46
338 139 347 139
513 69 517 70
679 204 680 208
360 55 369 55
228 228 232 229
451 215 460 215
333 357 335 358
323 73 332 73
667 99 676 99
731 69 735 70
316 342 320 343
692 315 693 319
792 65 796 66
480 290 489 290
735 281 739 282
608 70 617 70
303 275 312 275
437 60 441 61
542 68 551 68
552 264 555 264
862 234 871 234
191 222 192 226
867 45 871 46
50 211 50 220
296 288 305 288
859 268 868 268
114 118 118 119
483 190 487 191
517 114 526 114
340 134 349 134
826 42 830 43
306 303 315 303
287 220 296 220
391 97 391 106
346 68 355 68
133 185 142 185
482 185 491 185
153 135 153 144
755 111 756 115
814 53 818 54
84 312 93 312
186 221 195 221
310 192 314 193
533 260 537 261
815 91 819 92
40 268 44 269
408 69 412 70
44 32 45 36
848 271 849 275
712 196 721 196
121 201 125 202
848 115 857 115
528 347 531 348
791 279 795 280
66 246 70 247
169 115 173 115
710 315 711 319
176 191 179 192
301 164 305 165
12 35 16 36
866 174 871 174
770 213 779 213
414 365 423 365
193 89 194 93
230 199 234 200
674 219 683 219
507 169 511 170
411 330 415 331
552 194 561 194
664 100 668 101
857 163 861 164
336 109 337 113
620 397 624 397
362 29 366 30
302 108 311 108
765 63 769 64
374 134 375 138
463 80 464 84
212 243 213 247
247 19 256 19
522 331 522 340
99 120 100 124
603 284 607 285
302 227 303 231
587 180 591 181
421 71 425 72
80 241 80 250
584 16 593 16
646 55 650 56
271 211 275 212
164 10 168 11
645 149 654 149
897 18 906 18
403 239 407 240
309 30 316 30
492 36 501 36
748 244 752 245
463 127 467 128
387 206 396 206
515 116 519 117
575 167 579 168
471 123 475 124
103 201 105 203
66 45 66 54
167 91 168 95
115 114 124 114
819 131 823 132
397 315 406 315
295 236 304 236
729 87 733 88
366 299 375 299
770 207 778 207
613 244 617 245
887 156 896 156
106 247 115 247
237 382 246 382
801 98 805 99
471 366 480 366
748 305 749 309
699 112 708 112
573 363 577 364
775 300 776 304
447 388 456 388
399 129 399 138
697 263 701 264
774 86 776 88
296 166 305 166
504 381 513 381
137 195 141 196
576 67 585 67
740 375 749 375
837 276 841 277
91 91 95 92
438 39 447 39
360 379 367 379
846 88 850 89
10 142 11 146
396 288 405 288
41 243 45 244
646 271 650 272
550 273 559 273
814 41 823 41
44 185 48 186
158 220 167 220
71 81 75 82
66 221 66 230
180 343 184 344
702 382 711 382
59 27 63 28
356 164 365 164
337 31 346 31
389 94 389 103
499 124 503 125
652 191 654 193
375 106 379 107
778 114 782 115
751 374 760 374
753 159 762 159
169 380 178 380
490 104 494 105
547 51 556 51
856 141 860 142
17 47 21 48
354 27 363 27
132 240 136 241
90 234 90 243
376 87 380 88
789 272 793 273
283 351 292 351
578 173 582 174
853 241 862 241
338 323 342 324
675 102 679 103
616 333 625 333
628 145 632 146
178 141 182 142
746 350 750 351
720 30 729 30
261 171 265 172
8 364 17 364
707 2 710 3
176 68 185 68
615 103 619 104
477 184 481 185
569 137 570 141
513 325 514 329
616 355 620 356
309 253 313 254
680 375 689 375
897 89 901 90
495 160 504 160
621 204 625 205
473 53 477 54
607 297 608 301
365 203 369 204
213 2 217 3
899 188 907 188
740 255 744 256
138 18 142 19
721 156 725 157
379 217 383 218
518 320 519 324
402 96 411 96
573 82 577 83
6 391 7 395
247 133 256 133
663 54 672 54
23 260 23 269
792 312 796 313
120 126 120 135
130 114 131 118
51 102 60 102
382 219 386 220
279 294 288 294
724 89 728 90
496 258 497 261
80 16 81 20
368 303 377 303
829 135 833 136
857 41 863 41
608 83 612 84
796 225 797 229
785 192 789 193
77 89 78 93
506 200 510 201
325 256 334 256
884 65 893 65
561 310 561 319
420 302 429 302
650 83 654 84
746 175 755 175
236 244 240 245
11 359 19 359
106 362 110 363
804 315 805 319
132 148 141 148
618 41 619 45
516 146 517 150
89 302 98 302
482 247 486 248
448 205 448 214
418 305 427 305
288 111 288 120
765 338 769 339
371 285 380 285
889 47 898 47
239 179 243 180
653 282 657 283
844 78 845 82
587 366 596 366
828 355 837 355
343 136 347 137
631 226 635 227
76 169 85 169
527 392 529 393
913 188 914 191
560 273 561 277
100 72 100 81
363 366 364 370
406 112 410 113
346 59 350 60
224 124 228 125
117 112 121 113
54 268 55 272
226 230 230 231
812 90 821 90
906 144 913 144
60 215 61 219
134 289 138 290
146 307 150 308
444 192 448 193
809 385 810 389
327 309 336 309
436 334 443 334
156 384 157 388
697 188 701 189
47 242 56 242
211 13 215 14
103 134 104 138
530 134 534 135
735 347 744 347
856 193 865 193
138 272 144 272
310 292 314 293
661 115 662 119
677 91 681 92
749 5 758 5
349 296 353 297
390 123 394 124
759 82 768 82
887 134 896 134
160 86 164 87
114 0 115 4
755 91 759 92
155 129 164 129
453 241 462 241
396 285 400 286
778 361 787 361
711 386 713 388
362 47 371 47
680 109 688 109
669 115 670 119
582 78 586 79
556 57 560 58
894 71 903 71
223 204 227 205
714 56 715 60
605 183 614 183
402 219 406 220
554 16 563 16
870 118 871 122
29 35 29 44
253 392 257 393
836 175 845 175
527 396 531 397
244 380 248 381
472 56 476 57
479 346 480 350
914 364 914 369
331 342 340 342
463 336 467 337
874 118 875 122
422 327 431 327
529 16 532 17
37 280 38 284
510 146 511 150
342 215 343 219
219 152 223 153
647 263 656 263
839 180 843 181
156 307 160 308
382 239 391 239
280 56 289 56
228 143 232 144
390 94 390 103
2 174 2 183
803 252 807 253
616 180 620 181
402 182 406 183
732 85 741 85
706 94 715 94
509 59 518 59
437 313 441 314
98 16 99 20
590 299 590 308
882 353 891 353
823 254 827 255
771 251 780 251
445 268 454 268
563 113 567 114
740 139 744 140
33 298 33 307
786 134 795 134
568 358 577 358
613 291 622 291
476 288 485 288
527 387 536 387
890 256 894 257
483 53 487 54
105 261 109 262
625 150 629 151
687 194 691 195
252 317 253 321
686 169 690 169
94 189 95 193
27 305 27 314
481 256 490 256
197 159 198 163
258 376 262 377
541 264 544 265
41 179 45 180
502 6 506 7
901 209 910 209
200 286 209 286
700 211 704 212
575 111 579 112
515 90 519 91
133 337 137 338
776 269 785 269
843 63 847 64
284 380 288 381
261 307 265 308
593 89 602 89
726 265 730 266
583 82 587 83
112 345 116 346
317 238 318 242
879 344 888 344
296 364 305 364
841 182 845 183
755 295 764 295
127 170 131 171
51 267 60 267
602 229 606 230
537 335 538 339
386 50 390 51
409 345 413 345
130 122 134 123
326 62 335 62
782 96 791 96
376 134 377 138
754 2 763 2
198 376 202 377
196 301 200 302
450 161 459 161
169 144 178 144
173 351 174 355
756 303 756 312
552 376 561 376
843 119 844 123
232 329 236 330
473 110 482 110
555 150 558 151
60 79 60 88
211 349 212 353
275 316 284 316
587 232 588 236
582 262 586 263
692 313 701 313
330 373 334 374
656 169 665 169
744 178 753 178
102 35 111 35
227 197 236 197
394 173 403 173
737 220 738 224
862 47 871 47
715 80 716 84
341 252 350 252
640 167 644 168
688 285 697 285
894 159 898 160
590 255 594 256
491 373 495 374
563 244 567 245
748 231 757 231
666 306 670 307
4 199 4 208
119 25 123 26
394 179 398 180
25 71 25 79
249 397 253 398
326 303 335 303
404 3 408 4
832 39 840 39
586 13 595 13
598 318 602 319
531 199 540 199
471 141 472 145
725 311 729 312
863 158 865 160
206 51 210 52
352 260 356 261
258 41 267 41
430 119 434 120
812 214 816 215
800 381 804 382
823 112 827 113
263 360 267 361
323 106 323 115
258 126 262 127
226 109 227 113
51 200 55 201
382 260 386 261
152 178 161 178
671 176 680 176
839 51 843 52
190 323 194 324
484 269 488 270
619 137 623 138
505 33 511 33
662 91 666 92
494 296 498 297
847 325 856 325
907 30 908 34
609 212 613 213
537 179 541 180
499 304 508 304
110 367 114 368
509 71 518 71
193 338 197 339
180 373 189 373
334 200 335 204
185 214 189 215
463 75 472 75
581 370 590 370
135 231 144 231
9 282 13 283
242 300 251 300
693 252 697 253
870 391 874 392
414 57 418 58
622 86 631 86
472 19 476 20
11 163 11 172
668 335 672 336
416 133 425 133
117 349 121 350
409 181 418 181
200 315 209 315
105 366 114 366
757 150 761 151
830 146 839 146
282 113 283 117
420 44 424 45
833 85 842 85
824 368 829 368
482 17 486 18
340 212 344 213
257 362 266 362
609 373 618 373
741 233 750 233
569 164 573 165
134 62 143 62
829 298 838 298
329 306 333 307
764 180 768 181
443 128 447 129
850 271 851 275
353 228 354 232
102 349 103 353
652 393 661 393
228 2 232 3
866 393 870 394
667 246 671 247
583 41 592 41
585 303 585 312
702 220 706 221
272 385 273 389
486 24 487 28
66 215 68 216
187 313 196 313
75 68 75 77
45 346 47 347
670 326 674 327
192 232 196 233
828 392 830 394
542 196 546 197
848 56 849 60
0 214 0 223
884 288 893 288
591 330 595 331
597 78 601 79
497 34 501 35
418 106 419 110
269 80 278 80
577 340 586 340
729 181 738 181
797 274 801 275
448 325 452 326
177 44 181 45
545 323 554 323
875 364 879 365
604 329 613 329
176 357 180 358
756 175 765 175
592 340 596 341
604 208 613 208
333 150 337 151
449 333 458 333
29 284 30 288
669 100 669 109
782 267 786 268
280 125 281 129
669 14 673 15
376 189 380 190
374 380 378 381
179 132 180 136
359 131 363 132
213 205 222 205
107 14 116 14
130 397 139 397
622 293 628 293
302 232 304 234
24 0 24 9
801 50 810 50
758 154 762 155
193 222 194 226
440 336 444 337
777 313 786 313
376 209 385 209
186 357 190 358
635 103 639 104
228 67 237 67
164 359 165 363
655 315 659 316
445 336 449 337
85 355 86 359
668 298 672 299
553 173 557 174
432 14 436 15
610 154 619 154
792 125 796 126
511 186 515 187
134 272 137 273
59 258 60 262
322 372 323 376
342 289 350 289
229 304 233 305
793 46 794 50
533 230 537 231
576 42 580 43
219 124 223 125
475 224 484 224
819 263 823 264
35 80 35 89
454 315 463 315
103 120 104 124
419 309 423 310
798 94 802 95
140 77 144 78
342 260 346 261
250 385 251 389
403 369 407 370
489 93 490 97
637 2 641 3
357 285 360 286
199 124 203 125
511 325 512 329
405 5 414 5
68 241 69 245
556 169 565 169
164 380 168 381
91 234 91 243
146 209 150 210
384 262 388 263
683 164 687 165
675 115 676 119
12 62 16 63
269 202 272 203
600 160 609 160
443 23 452 23
332 250 336 251
552 61 556 62
812 15 816 16
43 114 47 115
141 13 142 17
340 143 344 144
780 232 789 232
846 372 850 373
844 189 853 189
43 74 47 75
584 211 588 211
890 262 894 263
522 47 531 47
739 272 743 273
515 129 519 130
422 196 426 197
749 109 749 118
667 63 669 65
893 273 897 274
104 291 108 292
494 359 503 359
175 262 179 263
713 98 717 99
557 239 558 243
865 175 869 176
30 274 30 283
153 2 157 3
622 263 626 264
663 282 667 283
267 25 271 26
481 186 485 187
575 257 584 257
362 117 363 121
508 190 512 191
172 27 181 27
434 312 440 312
252 331 256 332
336 36 340 37
647 2 651 3
482 376 491 376
782 225 783 229
102 66 111 66
128 361 132 362
601 55 605 56
428 369 432 370
190 309 194 310
864 41 870 41
1 324 1 333
719 180 723 181
706 120 715 120
710 375 719 375
565 305 569 306
579 277 583 278
81 398 90 398
252 232 256 233
277 173 286 173
721 306 725 307
457 114 461 115
663 44 667 45
139 380 143 381
85 330 86 334
633 369 642 369
209 304 213 305
93 135 93 144
21 216 25 217
29 118 29 127
743 336 744 340
811 373 820 373
647 99 656 99
144 375 153 375
479 391 488 391
114 255 123 255
378 69 387 69
268 360 272 361
714 178 718 179
311 20 316 20
771 77 772 81
273 316 274 320
658 198 662 199
483 271 487 272
268 23 272 24
393 53 397 54
770 171 774 172
84 325 84 334
171 211 175 212
444 380 448 381
78 246 78 255
415 137 424 137
271 270 280 270
827 109 836 109
88 76 88 85
858 361 862 362
262 79 271 79
776 129 785 129
644 41 645 45
710 255 714 256
12 375 13 379
456 166 459 167
643 165 647 166
19 62 19 71
354 375 358 376
100 397 109 397
306 297 310 298
297 186 301 187
786 355 787 359
47 141 56 141
733 26 737 27
602 179 606 180
162 178 171 178
203 282 207 283
635 67 639 68
698 360 699 364
430 236 434 237
340 132 343 133
176 151 185 151
53 356 53 365
172 23 176 24
348 14 352 15
8 186 8 195
382 146 386 147
217 337 226 337
608 274 612 275
141 315 142 319
173 104 177 105
7 42 11 43
147 50 148 54
841 39 845 40
166 308 170 309
357 225 364 225
367 219 371 220
230 286 239 286
578 193 585 193
411 71 415 72
596 147 600 148
876 218 877 222
58 394 63 394
323 210 327 211
49 260 50 264
467 114 471 115
843 311 847 312
170 237 179 237
338 155 342 156
814 189 823 189
905 262 908 263
700 80 704 81
414 244 422 244
570 34 579 34
782 356 783 360
528 190 532 191
394 189 395 193
530 287 530 293
359 312 363 313
135 65 135 74
797 184 806 184
680 281 689 281
711 346 720 346
446 175 450 176
151 210 155 211
95 271 99 272
207 288 211 289
188 120 188 129
860 152 869 152
220 264 229 264
875 306 884 306
647 299 651 300
268 54 277 54
843 241 852 241
426 218 430 219
581 298 590 298
411 255 415 256
208 25 217 25
865 301 869 302
584 371 588 372
631 276 640 276
535 228 539 229
517 279 521 280
146 235 150 236
546 80 550 81
82 104 86 105
65 27 67 29
607 367 611 368
518 237 519 241
279 150 283 151
104 349 105 353
350 212 354 213
497 339 497 348
224 275 228 276
661 170 670 170
641 276 650 276
275 5 284 5
134 330 138 331
55 67 56 71
469 304 478 304
559 254 567 254
542 220 551 220
22 0 22 9
49 192 58 192
416 16 420 17
860 146 868 146
123 27 127 28
496 292 500 293
703 12 707 13
76 177 85 177
556 359 565 359
502 218 506 219
272 342 275 343
35 194 35 203
378 370 382 371
656 269 665 269
872 339 876 340
861 32 870 32
830 247 834 248
445 16 446 20
206 111 207 115
673 369 682 369
708 56 709 60
71 0 71 9
436 62 445 62
394 338 398 339
522 146 523 150
408 359 412 360
411 346 415 347
337 385 341 386
216 173 225 173
542 295 546 296
461 398 470 398
142 302 151 302
339 140 343 141
480 386 484 387
76 390 77 394
37 141 46 141
754 348 758 349
502 68 511 68
440 206 440 215
99 141 101 143
658 339 667 339
627 267 631 268
338 34 347 34
181 378 185 379
285 174 294 174
738 89 742 90
664 302 668 303
880 190 884 191
262 48 269 48
252 35 261 35
174 118 176 120
662 61 666 62
837 354 846 354
333 184 337 185
829 367 838 367
802 5 806 6
597 297 597 306
14 375 15 378
57 42 61 43
180 318 181 322
216 221 225 221
73 114 77 115
505 104 514 104
86 136 86 145
305 292 309 293
33 128 34 132
274 75 280 75
196 111 200 112
467 30 476 30
559 207 563 208
239 112 248 112
282 289 291 289
390 128 399 128
566 328 575 328
285 257 294 257
171 145 180 145
884 287 893 287
95 234 96 238
376 331 385 331
528 363 532 364
233 346 237 347
627 32 631 33
115 268 119 269
71 139 72 143
542 179 546 180
347 0 352 0
548 37 557 37
720 105 724 106
528 294 537 294
9 370 9 379
361 359 370 359
533 344 542 344
901 3 902 7
463 340 472 340
343 42 350 42
787 65 791 66
445 172 454 172
220 373 224 374
688 224 697 224
673 143 677 144
22 234 26 235
86 108 90 109
151 73 155 74
550 106 554 107
828 254 832 255
846 393 855 393
808 230 812 230
783 57 786 58
145 376 153 376
651 355 655 355
3 280 3 289
741 19 750 19
507 302 516 302
772 125 776 126
274 159 278 160
881 244 885 245
514 211 523 211
872 68 876 69
33 114 37 115
713 296 717 297
324 203 328 204
258 346 262 347
277 344 286 344
475 93 476 97
89 6 98 6
667 201 671 202
457 35 466 35
840 391 849 391
859 200 861 202
447 14 448 18
835 326 839 327
159 256 160 260
374 109 374 118
91 398 100 398
164 168 168 169
438 63 439 67
55 65 64 65
529 20 533 21
513 87 517 88
323 84 329 84
53 348 57 349
301 51 305 52
96 86 97 90
114 258 118 259
596 262 597 266
519 299 528 299
557 300 561 301
13 119 13 128
766 9 775 9
703 296 707 297
240 30 249 30
544 211 553 211
158 299 167 299
561 99 570 99
582 296 591 296
793 255 797 256
337 186 346 186
623 118 632 118
526 282 535 282
268 40 272 41
592 267 596 268
594 12 603 12
436 177 445 177
215 309 219 310
187 120 187 129
101 300 105 301
773 306 782 306
87 237 87 246
418 69 422 70
64 265 68 266
366 158 370 159
637 347 646 347
4 159 4 168
109 116 112 117
344 112 344 121
420 375 429 375
780 397 784 398
892 249 901 249
104 21 108 22
13 129 13 138
343 277 347 278
11 89 12 93
314 131 323 131
820 91 824 92
896 307 900 308
709 14 713 15
880 247 884 248
291 296 295 297
283 82 287 83
469 333 478 333
178 376 182 377
448 352 457 352
221 318 221 327
642 2 646 3
759 170 768 170
903 157 907 158
663 204 664 208
215 94 219 95
680 354 686 354
120 120 124 121
797 354 806 354
760 289 764 290
883 371 892 371
375 1 379 2
714 364 723 364
883 178 887 179
728 202 729 206
869 136 870 140
461 112 465 113
102 223 103 227
638 335 647 335
782 164 786 165
300 202 309 202
581 360 590 360
336 312 337 316
417 283 421 284
894 56 895 60
502 279 506 280
519 59 523 60
485 278 489 279
26 71 27 75
727 160 729 162
76 83 85 83
710 326 714 327
165 86 169 87
705 30 709 31
258 191 267 191
334 312 335 316
451 260 455 261
346 71 350 72
218 141 222 142
444 11 453 11
636 111 636 120
47 354 51 355
376 235 377 239
401 112 405 113
616 67 625 67
680 326 684 327
499 355 503 356
661 152 662 156
64 20 68 21
68 122 72 123
560 45 564 46
868 204 869 208
378 303 387 303
139 115 148 115
422 273 426 274
146 136 146 145
467 34 471 35
679 95 683 96
511 335 511 344
394 333 395 334
836 42 840 43
211 36 215 37
204 143 212 143
345 78 354 78
684 110 688 111
182 334 186 335
365 163 374 163
73 58 75 60
816 124 824 124
437 150 445 150
109 23 113 24
652 310 656 311
805 305 814 305
451 398 460 398
464 156 473 156
200 131 209 131
248 76 257 76
64 241 64 250
772 33 773 37
452 79 461 79
882 290 883 294
271 106 275 107
46 297 46 306
678 317 679 321
260 264 269 264
609 102 618 102
165 323 169 324
576 355 585 355
521 57 525 58
7 79 7 88
67 276 71 277
748 216 757 216
834 349 838 349
3 184 3 193
314 147 315 151
845 77 854 77
187 103 188 107
185 70 193 70
245 317 249 318
683 363 687 364
283 157 292 157
753 256 757 257
110 360 114 361
447 114 451 115
797 300 806 300
662 324 666 325
19 285 19 294
670 23 674 24
148 347 152 348
61 96 70 96
243 311 244 315
356 170 358 172
753 356 757 357
312 17 316 18
26 354 27 358
380 394 384 395
534 272 543 272
631 232 632 236
43 5 43 14
576 269 585 269
703 127 712 127
285 91 289 92
799 110 808 110
182 129 186 130
872 264 881 264
801 205 810 205
32 67 33 71
795 111 804 111
293 392 297 393
749 46 758 46
640 233 649 233
26 250 26 259
844 206 845 210
80 303 89 303
461 317 465 318
348 228 349 231
424 262 428 263
118 126 118 135
45 193 45 202
528 309 537 309
553 233 562 233
872 243 881 243
623 166 632 166
260 81 269 81
713 253 717 254
838 271 839 275
318 51 320 53
719 28 723 29
545 110 549 111
278 191 287 191
743 278 752 278
564 155 568 156
303 392 307 393
331 170 335 171
506 99 510 100
878 16 887 16
674 258 675 262
130 237 139 237
403 73 407 74
82 62 84 64
112 349 116 350
695 26 702 26
11 201 11 210
598 284 602 285
39 163 40 167
745 338 754 338
871 198 875 199
629 29 633 30
606 269 608 270
746 355 755 355
372 387 376 388
109 302 118 302
461 350 465 351
553 369 557 370
674 20 678 21
84 76 85 80
840 90 849 90
582 192 591 192
21 67 22 71
147 14 151 15
869 169 873 170
884 324 888 325
798 216 802 217
744 334 753 334
478 108 482 109
576 142 577 146
768 103 777 103
142 320 143 324
633 318 637 319
238 217 242 218
351 282 360 282
124 67 125 71
70 67 79 67
379 283 388 283
279 327 283 328
151 209 160 209
114 379 115 383
768 284 772 285
245 29 254 29
189 385 193 386
662 241 666 242
749 170 758 170
182 368 191 368
904 267 907 268
148 49 157 49
558 113 562 114
707 115 716 115
588 357 592 358
342 112 342 121
345 241 354 241
337 327 341 328
462 169 466 170
708 26 712 27
537 137 546 137
233 86 237 87
248 186 252 187
282 154 291 154
719 5 728 5
53 339 54 343
204 216 208 217
447 29 448 33
57 74 58 78
703 284 707 285
655 95 659 96
318 40 327 40
896 302 905 302
643 117 644 121
611 297 612 301
160 397 169 397
389 315 396 315
660 67 664 68
287 25 291 26
689 5 698 5
89 9 93 10
90 0 91 4
343 127 351 127
711 308 720 308
381 346 385 347
120 244 129 244
893 157 897 158
513 346 517 347
811 383 812 387
845 310 854 310
331 274 340 274
682 393 690 393
259 174 263 175
85 110 89 111
599 371 603 372
657 246 661 247
528 365 537 365
830 176 834 177
665 326 669 327
721 168 730 168
604 201 608 202
416 363 425 363
274 345 275 349
282 183 291 183
665 295 674 295
333 155 337 156
856 175 857 179
151 175 160 175
40 22 41 26
596 86 600 87
385 46 394 46
615 48 616 49
664 20 668 21
681 88 690 88
832 279 836 280
908 303 911 304
882 238 891 238
728 115 728 124
108 364 117 364
567 142 571 143
582 279 586 280
163 352 164 356
737 182 741 183
281 238 282 242
841 133 845 134
660 149 664 150
343 176 346 177
244 260 248 261
884 214 885 218
523 234 527 235
551 175 555 176
455 104 459 105
633 344 642 344
686 278 695 278
160 81 164 82
421 59 430 59
838 254 842 255
220 378 224 379
671 320 675 321
203 347 212 347
832 103 833 107
847 13 848 17
136 38 140 39
623 369 632 369
519 331 520 335
702 35 711 35
81 36 85 37
790 27 794 28
379 271 388 271
848 112 857 112
151 19 155 20
456 149 460 150
870 235 874 236
518 350 519 354
770 291 779 291
148 366 152 367
447 34 451 35
102 279 103 283
283 307 284 311
542 386 546 387
799 53 803 54
298 357 299 361
707 32 711 32
11 64 15 65
577 302 586 302
797 336 801 337
871 79 872 83
429 294 438 294
410 116 416 116
214 215 215 219
638 143 642 144
26 51 26 60
115 122 119 123
288 73 292 74
717 300 721 301
808 216 812 217
261 114 263 116
254 327 258 328
833 322 842 322
32 204 41 204
271 228 272 231
658 244 662 245
709 243 718 243
701 262 710 262
661 356 670 356
459 28 460 32
718 259 720 261
470 90 474 91
323 116 323 125
232 213 241 213
850 92 851 96
770 210 779 210
214 304 218 305
817 0 818 4
167 274 168 278
731 93 740 93
470 300 471 302
882 108 891 108
549 155 553 156
751 117 755 118
511 389 512 393
583 260 592 260
840 247 844 248
165 200 169 201
529 341 538 341
361 88 370 88
479 37 480 41
389 310 390 314
220 194 229 194
85 31 89 32
909 30 909 39
417 307 418 311
805 160 814 160
899 9 903 10
6 117 15 117
339 179 343 180
685 381 693 381
616 331 620 332
570 217 574 218
648 339 657 339
734 388 741 388
155 174 164 174
424 76 428 77
567 137 568 141
510 1 514 2
35 221 36 225
531 86 535 87
531 298 540 298
118 395 127 395
447 85 451 86
195 61 199 62
125 183 129 184
462 258 465 259
266 215 270 216
793 306 797 307
5 275 5 284
25 108 25 117
474 353 478 354
276 71 280 72
547 384 551 385
332 35 341 35
278 42 287 42
242 232 246 233
67 137 67 146
495 389 496 393
559 91 560 95
663 304 667 305
66 241 67 245
698 276 707 276
767 369 770 370
132 384 136 385
776 117 780 118
326 362 330 363
887 251 896 251
665 126 666 130
53 163 54 167
58 114 62 115
10 264 10 273
521 55 525 56
402 260 406 261
671 214 672 218
538 369 542 370
721 187 730 187
189 242 198 242
621 306 625 307
426 373 430 374
348 272 352 273
278 207 285 207
617 377 618 381
206 106 210 107
220 96 224 97
629 376 630 380
509 361 518 361
548 74 557 74
552 262 556 263
503 53 507 54
378 140 379 144
147 386 151 387
688 371 690 372
809 377 813 378
548 239 552 240
731 142 740 142
821 129 825 130
165 245 169 246
458 116 460 118
733 344 742 344
437 390 444 390
33 221 34 225
315 309 318 310
56 205 57 209
852 336 856 337
272 324 281 324
77 330 77 339
854 92 855 96
14 234 14 243
379 294 388 294
327 253 331 254
349 140 353 141
676 40 680 41
521 80 525 81
815 289 819 290
538 34 547 34
266 71 270 72
553 380 562 380
498 111 507 111
153 206 157 207
817 350 821 351
438 348 447 348
276 250 280 251
588 190 592 191
586 355 595 355
328 394 337 394
430 32 431 36
733 32 742 32
475 37 476 41
255 367 259 368
125 96 129 97
119 315 123 316
39 241 39 250
428 371 432 372
408 73 412 74
21 46 30 46
425 382 434 382
825 392 827 393
157 30 161 31
867 51 871 52
163 106 172 106
473 336 477 337
235 199 239 200
118 199 122 200
806 122 810 123
468 377 472 378
195 117 195 126
768 13 772 14
54 391 58 392
260 293 269 293
716 306 720 307
372 258 376 259
400 107 404 108
17 76 18 80
906 321 912 321
362 182 366 183
364 296 365 299
775 107 779 108
145 222 154 222
567 179 571 180
514 274 523 274
102 340 111 340
75 163 79 164
804 385 808 386
745 185 754 185
173 234 182 234
540 104 544 105
27 289 31 290
739 160 744 160
180 183 184 184
535 167 539 168
320 229 324 230
373 227 377 228
199 304 203 305
630 211 634 212
546 88 555 88
617 65 621 66
66 210 67 214
36 369 40 370
893 136 894 140
644 234 648 235
17 254 17 263
169 194 170 198
567 65 571 66
485 217 494 217
43 270 43 279
522 350 523 354
279 380 283 381
839 305 840 309
565 257 574 257
372 383 381 383
263 57 267 58
231 295 240 295
464 24 468 25
368 93 368 102
656 394 660 395
691 286 695 287
877 23 878 27
913 136 913 140
248 283 254 283
424 315 433 315
608 226 612 227
442 320 443 324
269 325 273 326
483 249 484 253
508 377 517 377
262 89 266 90
666 394 670 395
563 369 567 370
811 346 820 346
255 279 259 280
109 318 118 318
152 146 153 150
129 319 138 319
443 80 444 84
542 258 546 259
857 119 858 122
784 158 793 158
439 396 443 397
733 298 737 299
742 196 751 196
533 69 537 70
306 276 315 276
781 233 790 233
405 68 414 68
807 108 811 109
818 254 822 255
295 260 296 264
675 107 684 107
592 129 592 138
292 6 296 7
516 55 520 56
619 276 623 277
210 383 214 384
2 339 2 348
478 392 482 393
30 112 30 121
155 318 159 319
725 277 734 277
574 118 583 118
762 366 766 367
530 106 534 107
574 211 583 211
633 145 637 146
898 178 902 179
651 384 660 384
294 11 303 11
192 172 196 173
13 264 14 268
858 35 862 36
653 144 657 145
583 70 592 70
774 254 783 254
348 34 357 34
324 116 324 125
288 247 297 247
170 48 179 48
657 46 661 47
334 175 343 175
95 157 95 166
549 195 558 195
154 116 163 116
533 248 537 249
400 65 404 66
843 173 847 174
92 135 92 144
155 60 155 69
84 46 86 48
682 91 686 92
499 151 503 152
395 394 399 395
633 107 637 108
212 63 216 64
289 120 298 120
362 122 366 123
703 214 704 218
512 300 516 301
256 333 260 334
595 209 604 209
673 304 677 305
389 283 396 283
850 90 854 91
349 99 349 108
274 356 283 356
717 227 721 228
446 43 455 43
141 59 150 59
695 250 704 250
492 209 501 209
310 334 316 334
587 240 591 240
643 192 647 193
39 320 43 321
678 296 682 297
350 99 350 108
615 71 624 71
839 196 843 197
244 304 248 305
65 263 69 264
547 324 551 325
166 373 167 377
168 32 172 33
20 20 20 29
288 40 292 41
729 82 738 82
559 76 563 77
896 244 900 245
759 390 768 390
643 274 647 275
401 330 405 331
235 108 244 108
477 335 486 335
426 123 430 124
896 56 897 60
596 359 604 359
585 144 589 145
450 302 459 302
86 93 95 93
579 63 583 64
624 138 633 138
275 183 281 183
233 297 242 297
102 168 102 177
122 172 126 173
600 326 604 327
794 41 803 41
882 300 891 300
668 274 677 274
710 172 719 172
896 189 897 193
527 61 531 62
26 305 26 314
709 365 718 365
763 11 767 12
738 244 742 245
466 373 470 374
296 51 300 52
120 116 124 117
119 302 128 302
583 375 589 375
129 139 133 140
900 295 904 296
889 328 893 329
630 178 639 178
432 247 436 248
869 328 873 329
408 100 410 102
518 294 527 294
183 282 187 283
592 392 596 393
103 355 104 359
238 268 247 268
299 179 303 180
829 131 833 132
249 194 258 194
743 252 747 253
497 101 506 101
822 18 831 18
170 300 172 302
425 126 434 126
288 357 289 361
626 163 635 163
888 87 891 88
21 41 22 45
428 341 432 342
775 248 784 248
22 108 22 117
341 158 345 159
661 78 665 79
777 125 781 126
229 248 233 249
867 136 868 140
316 140 317 144
886 227 888 229
388 153 389 156
139 253 143 254
809 295 810 299
296 3 300 4
568 285 577 285
144 10 148 11
24 171 25 175
620 336 624 337
406 205 411 205
147 288 147 297
95 335 98 336
295 228 299 229
460 90 464 91
267 238 268 242
526 350 527 354
800 63 804 64
59 175 62 176
637 382 639 384
17 42 18 46
188 325 197 325
880 78 889 78
112 35 121 35
803 261 804 265
321 333 330 333
335 114 339 115
62 170 66 171
296 105 305 105
847 211 856 211
723 26 727 27
734 386 738 387
474 331 478 332
817 150 826 150
714 315 715 319
647 32 651 33
101 362 105 363
714 20 718 21
742 85 751 85
29 264 29 273
899 382 903 383
690 42 691 46
387 335 396 335
160 316 161 320
790 394 799 394
823 173 832 173
205 375 214 375
725 394 734 394
126 186 127 190
530 392 534 393
794 348 798 349
829 395 838 395
124 44 128 45
345 384 354 384
417 182 426 182
312 329 316 330
808 359 817 359
707 184 716 184
674 302 678 303
650 358 659 358
376 81 380 82
875 190 879 191
817 276 821 277
395 124 400 124
499 325 500 329
378 193 379 197
202 395 206 396
140 242 146 242
128 186 129 190
831 168 840 168
544 14 553 14
910 291 911 295
631 251 640 251
259 39 268 39
222 185 231 185
268 0 272 1
438 118 447 118
500 48 504 49
846 78 847 82
15 178 24 178
334 167 338 168
245 373 249 373
350 65 354 66
81 293 81 302
724 288 733 288
156 320 157 324
227 156 231 157
300 141 301 145
55 31 59 32
353 137 357 138
653 304 657 305
652 330 661 330
718 109 722 110
237 238 241 239
419 189 420 193
40 223 40 232
102 208 111 208
279 152 283 153
719 292 723 293
316 147 317 151
259 194 261 196
680 102 684 103
39 354 39 363
412 95 421 95
713 122 714 126
256 221 265 221
146 191 150 192
367 311 376 311
876 39 885 39
607 387 611 388
161 57 165 58
834 118 843 118
254 174 258 175
762 196 771 196
739 166 748 166
305 351 305 360
617 387 626 387
770 202 771 206
663 165 665 166
517 224 521 225
88 273 97 273
239 306 248 306
143 32 147 33
356 3 360 4
34 5 35 9
483 342 483 346
172 269 181 269
586 330 590 331
94 9 98 10
260 66 269 66
896 48 900 49
181 230 185 231
433 91 437 92
168 366 172 367
87 120 88 124
485 355 488 356
377 390 386 390
320 317 324 318
573 305 573 314
683 214 684 218
511 80 515 81
786 33 787 37
225 61 229 62
902 184 910 184
857 185 866 185
729 135 733 136
559 14 563 15
489 37 493 38
126 382 135 382
738 231 747 231
64 77 64 86
701 350 705 351
477 187 478 191
243 40 247 41
374 365 383 365
642 229 646 230
647 46 651 47
513 173 517 174
699 365 708 365
744 364 753 364
758 296 762 297
240 81 244 82
335 28 344 28
71 220 80 220
873 136 874 140
91 197 92 201
806 124 815 124
305 262 314 262
333 277 337 278
443 174 452 174
363 69 367 70
582 225 591 225
95 239 96 243
443 103 452 103
595 48 604 48
903 189 907 190
487 119 491 120
385 203 389 204
704 153 713 153
805 345 814 345
844 298 848 299
351 248 351 257
467 273 471 274
620 97 629 97
875 310 884 310
270 123 270 132
109 55 118 55
322 215 326 216
605 123 605 132
544 314 544 323
217 339 221 340
245 91 249 92
816 376 825 376
641 287 650 287
844 269 853 269
170 99 171 103
411 129 413 131
580 146 589 146
534 2 543 2
713 278 717 279
527 389 528 391
890 364 894 365
828 363 837 363
195 214 199 215
143 315 144 319
30 211 34 212
215 132 216 136
669 77 678 77
265 188 269 189
891 48 895 49
849 222 853 223
832 184 836 185
397 88 397 95
490 305 494 306
92 252 101 252
892 119 893 123
827 150 836 150
855 85 859 86
502 307 506 308
752 263 756 264
61 307 65 308
448 309 452 310
88 145 92 146
166 19 170 20
310 322 319 322
262 233 271 233
238 95 242 96
824 364 829 364
482 199 491 199
47 228 51 229
875 390 879 391
188 186 189 190
235 252 242 252
26 171 27 175
601 170 610 170
442 179 451 179
139 201 148 201
606 383 610 384
718 92 727 92
701 341 705 342
525 39 534 39
779 51 788 51
908 2 914 2
494 331 498 332
301 71 305 72
849 375 858 375
659 100 663 101
874 311 875 315
226 68 235 68
518 332 518 341
665 223 674 223
442 34 446 35
41 308 45 309
526 270 530 271
727 381 736 381
582 341 586 342
228 57 232 58
442 234 446 235
721 251 730 251
259 327 263 328
176 392 180 393
443 280 452 280
533 108 542 108
172 284 181 284
789 51 798 51
63 258 64 262
15 234 15 243
203 181 207 182
123 224 127 225
716 175 725 175
568 193 577 193
736 18 740 19
432 156 433 160
483 0 492 0
610 132 619 132
483 280 489 280
873 271 877 272
157 14 166 14
27 264 27 273
231 394 240 394
367 36 371 37
468 380 472 381
419 307 423 308
254 99 258 100
435 18 436 22
291 71 295 72
214 312 223 312
766 98 770 99
612 225 621 225
182 332 186 333
163 159 164 163
308 376 312 377
434 175 435 178
82 313 91 313
528 388 537 388
624 10 628 11
91 131 100 131
487 93 488 97
382 108 382 117
585 171 589 172
341 342 349 342
465 93 466 97
95 60 104 60
581 156 585 157
469 297 473 298
434 311 442 311
536 112 537 116
103 230 107 231
662 267 666 268
265 342 266 345
292 327 293 328
525 183 534 183
2 239 3 243
365 154 369 155
57 334 66 334
800 294 808 294
906 246 913 246
370 368 374 369
190 56 199 56
767 220 768 224
350 310 359 310
13 76 14 80
180 237 189 237
467 209 468 213
875 256 884 256
71 281 75 282
854 78 855 82
96 91 100 92
652 188 656 189
70 33 74 34
238 73 242 73
577 181 581 182
804 288 813 288
495 116 499 117
740 225 741 229
227 29 234 29
10 10 10 19
191 332 192 336
773 301 774 305
199 295 203 296
767 100 769 102
415 125 419 126
702 2 706 3
494 194 498 195
715 50 716 54
836 231 845 231
447 313 451 314
781 330 790 330
71 199 75 200
630 217 631 221
587 310 591 311
318 287 327 287
574 59 578 60
639 336 641 338
131 46 135 47
170 8 179 8
25 331 29 332
334 109 335 113
240 188 244 189
347 311 356 311
395 97 399 98
655 50 659 51
391 170 395 171
73 175 77 176
597 324 601 325
268 227 277 227
657 201 661 202
727 194 736 194
373 275 377 276
400 375 409 375
50 283 50 292
684 258 685 262
66 83 75 83
397 78 401 79
205 159 206 163
744 28 748 29
588 220 589 224
6 107 7 111
306 358 315 358
482 85 486 86
527 345 536 345
618 363 622 364
411 83 415 84
406 161 407 165
368 191 374 191
679 180 688 180
310 65 314 66
830 368 839 368
407 335 416 335
264 120 268 121
289 38 293 39
429 16 433 17
550 38 558 38
175 274 176 278
451 255 455 256
16 177 25 177
337 260 341 261
422 140 431 140
531 381 540 381
788 308 792 309
236 70 243 70
154 143 158 144
666 227 675 227
440 1 444 2
13 101 13 110
520 0 529 0
827 63 831 64
152 61 152 70
326 288 335 288
690 300 694 301
761 262 762 266
678 282 682 283
688 360 697 360
718 285 727 285
851 338 860 338
540 375 549 375
378 352 379 356
642 286 651 286
844 6 848 7
168 71 177 71
48 149 52 150
667 204 668 208
179 238 180 242
518 275 522 276
73 10 73 19
735 326 739 327
683 147 687 148
786 42 790 43
895 170 899 171
891 136 892 140
431 130 435 131
509 124 510 128
272 161 276 162
346 276 355 276
118 238 127 238
384 325 388 326
133 232 137 233
360 156 364 157
187 197 191 198
622 61 626 62
194 7 203 7
588 173 592 174
427 31 436 31
527 300 531 301
765 340 774 340
720 97 721 101
16 193 16 202
8 239 9 243
540 342 544 343
119 261 128 261
465 68 474 68
891 345 895 346
744 181 753 181
289 292 290 296
69 320 73 321
336 96 345 96
567 295 571 296
216 307 220 308
681 186 685 187
31 114 32 118
844 165 853 165
489 151 493 152
627 17 636 17
287 397 291 398
748 121 750 122
698 42 698 51
611 135 613 137
777 354 786 354
101 233 101 242
680 315 684 316
717 138 726 138
738 284 742 285
216 186 217 190
476 394 479 395
225 214 234 214
387 292 391 293
416 373 420 374
844 131 848 132
415 382 424 382
298 205 307 205
359 338 368 338
555 158 559 159
219 248 223 249
259 112 268 112
713 229 717 230
381 285 385 286
63 364 72 364
844 116 853 116
888 220 892 221
115 365 117 366
388 32 397 32
349 380 353 381
93 348 102 348
485 48 489 49
417 100 421 101
739 11 740 15
607 392 611 393
766 374 773 374
91 209 95 210
638 154 642 155
331 102 332 106
520 146 521 150
122 351 131 351
4 139 4 148
258 2 262 3
144 154 148 155
382 60 386 61
897 51 901 52
224 260 228 261
553 41 562 41
219 356 228 356
420 179 429 179
509 12 512 13
895 196 899 197
766 177 770 177
204 94 208 95
390 161 391 165
261 341 269 341
502 376 511 376
301 60 305 61
730 63 734 64
565 137 566 141
264 327 268 328
558 377 562 378
704 129 708 130
80 330 80 339
191 38 195 39
353 32 357 33
151 91 155 92
752 267 756 268
791 88 795 89
120 266 124 267
505 48 514 48
292 183 301 183
553 89 562 89
522 199 530 199
86 58 95 58
142 194 146 195
203 377 212 377
388 99 388 108
358 73 362 74
60 142 60 151
206 357 210 358
367 382 376 382
11 119 11 128
214 124 218 125
84 316 93 316
148 146 149 150
7 149 8 153
682 182 686 183
660 76 669 76
872 112 873 115
432 29 436 30
689 129 693 130
364 235 365 239
111 131 115 132
508 262 513 262
435 203 439 204
220 273 229 273
547 386 551 387
705 83 709 84
751 286 755 287
567 35 576 35
292 18 296 19
910 190 912 191
554 207 556 209
911 184 914 184
418 111 427 111
903 178 907 179
617 342 626 342
311 160 320 160
683 27 692 27
846 23 850 24
754 100 758 101
757 104 766 104
910 390 912 392
835 256 844 256
843 158 847 159
35 133 39 134
335 371 339 372
893 67 902 67
541 398 548 398
296 170 300 171
438 291 447 291
337 248 338 252
393 227 397 228
698 143 702 144
780 33 781 37
420 156 429 156
516 332 516 341
382 55 383 58
665 376 666 380
70 68 70 77
410 1 414 2
254 117 255 121
647 106 647 115
354 11 363 11
106 16 107 20
301 274 310 274
697 2 701 3
471 50 475 51
676 177 685 177
485 249 486 253
331 267 335 268
48 348 52 349
248 207 257 207
911 282 912 286
854 149 863 149
329 167 333 167
473 249 474 253
481 349 485 350
264 260 268 261
175 110 176 114
233 32 237 33
108 325 117 325
816 133 820 134
588 117 597 117
870 177 879 177
854 196 858 197
751 262 760 262
773 322 777 323
250 61 254 62
1 214 1 223
24 381 24 390
743 296 752 296
321 345 325 346
206 230 210 231
316 166 323 166
46 142 47 146
28 113 29 117
773 220 774 224
558 44 567 44
160 121 169 121
575 232 576 236
402 87 411 87
3 159 3 168
718 284 727 284
526 153 530 154
229 149 238 149
633 304 637 305
263 11 272 11
51 243 51 252
286 4 295 4
788 105 789 109
91 214 91 223
330 86 334 87
364 365 373 365
77 231 77 240
904 131 911 131
912 180 914 182
332 385 336 386
722 274 726 275
648 44 652 45
866 48 870 49
16 103 16 112
250 22 259 22
465 160 474 160
892 243 901 243
422 234 426 235
370 341 374 342
205 82 209 83
326 198 335 198
394 11 403 11
665 358 669 359
94 130 103 130
802 11 803 15
686 300 689 301
716 372 725 372
778 103 787 103
694 129 698 130
199 250 203 251
235 132 236 136
729 89 732 90
565 297 574 297
16 74 20 75
684 178 688 179
460 307 464 308
729 115 729 124
562 293 571 293
453 271 457 272
509 29 513 30
621 219 625 220
523 72 531 72
813 216 817 217
101 91 105 92
827 23 831 24
207 197 211 198
220 226 224 227
288 155 292 156
89 341 90 345
784 20 788 21
127 313 136 313
231 65 240 65
711 341 712 345
892 53 896 54
289 320 298 320
823 361 827 362
708 238 712 239
653 73 657 74
82 225 82 234
232 342 241 342
147 204 148 208
532 279 536 280
898 273 902 274
655 295 664 295
770 338 774 339
884 260 888 261
428 352 437 352
907 104 908 105
821 220 822 224
859 293 863 294
228 253 232 254
199 159 200 163
25 101 29 102
50 273 59 273
908 42 909 44
600 228 609 228
295 194 299 195
264 380 268 381
266 106 270 107
527 32 536 32
55 368 64 368
366 52 375 52
678 143 682 144
282 178 291 178
436 121 440 122
265 5 274 5
102 69 111 69
582 330 583 334
687 214 688 218
90 276 99 276
205 199 214 199
712 300 716 301
229 153 233 154
204 318 208 319
272 123 272 132
458 220 462 221
236 253 238 255
224 109 225 113
773 11 777 12
162 84 166 85
422 325 426 326
750 76 759 76
635 185 644 185
62 231 62 240
411 81 414 82
300 322 309 322
98 318 100 319
79 120 80 124
119 214 123 215
603 391 612 391
485 119 486 123
313 120 313 129
237 163 246 163
888 319 897 319
414 320 415 324
175 292 176 296
548 285 557 285
32 273 32 282
76 201 80 202
425 183 429 184
6 218 15 218
877 336 881 337
453 0 462 0
385 384 390 384
108 145 109 149
425 208 425 217
877 298 881 299
242 287 246 288
54 265 58 266
269 22 278 22
681 119 685 120
231 315 231 324
830 291 839 291
266 60 270 61
524 152 533 152
642 161 646 162
138 361 139 365
594 16 603 16
12 52 12 61
196 328 197 332
353 126 362 126
303 23 307 24
346 62 355 62
298 323 302 324
679 5 688 5
5 10 5 19
15 340 24 340
796 117 805 117
530 394 534 395
84 248 88 249
136 109 145 109
305 88 314 88
483 126 487 127
587 295 596 295
360 350 364 351
899 282 900 286
584 242 593 242
63 183 67 183
300 361 305 361
15 30 16 34
862 279 866 280
567 258 571 259
860 95 864 96
770 394 779 394
762 65 766 66
620 375 629 375
633 6 641 6
337 98 346 98
614 329 615 333
28 362 28 371
667 126 668 130
854 139 858 140
541 186 545 187
38 0 38 9
368 172 369 176
451 210 452 214
287 21 296 21
292 149 293 153
857 184 866 184
760 89 764 90
686 186 690 187
739 328 743 329
338 210 342 211
431 141 432 145
65 0 65 9
517 6 521 7
0 179 0 188
767 238 771 239
487 34 491 35
849 376 855 376
718 231 727 231
586 322 595 322
142 264 146 265
599 195 608 195
623 365 632 365
739 87 743 88
179 122 179 131
192 372 201 372
45 328 46 332
60 31 64 32
542 194 551 194
470 119 474 120
741 186 745 187
80 116 89 116
607 310 611 311
647 239 651 240
621 271 625 272
659 77 668 77
853 11 854 15
628 68 630 70
641 55 645 56
662 330 670 330
372 153 373 157
228 181 232 182
601 320 610 320
470 107 479 107
27 0 27 9
236 301 240 302
481 44 490 44
148 325 157 325
291 147 295 148
791 304 800 304
23 334 24 338
466 116 470 117
147 241 151 242
503 37 504 41
40 391 48 391
602 246 606 247
637 317 645 317
791 220 792 224
456 50 460 51
671 376 672 380
869 384 873 385
17 49 21 50
646 147 650 148
480 165 489 165
911 345 914 346
197 288 198 292
423 241 432 241
890 297 899 297
821 42 825 43
452 19 456 20
193 32 197 33
506 336 506 345
863 271 867 272
332 329 336 330
815 145 819 146
127 112 131 113
210 253 211 257
393 87 393 96
434 350 438 351
298 286 302 287
405 12 406 16
607 152 611 153
585 104 589 105
405 128 405 137
598 244 602 245
875 14 882 14
757 342 761 343
194 243 195 247
698 257 702 258
385 232 394 232
579 2 583 3
299 326 308 326
330 85 339 85
665 381 674 381
565 91 566 95
29 234 29 243
358 153 359 157
600 281 609 281
636 355 645 355
178 337 182 338
209 275 213 276
782 85 783 89
638 37 642 38
273 59 282 59
456 361 457 365
719 136 728 136
833 114 837 115
461 14 462 18
99 161 108 161
413 0 422 0
320 192 324 193
878 293 879 297
282 383 291 383
396 330 400 331
399 22 408 22
469 14 470 18
52 52 53 56
428 392 432 393
337 242 346 242
608 117 614 117
793 371 802 371
358 324 367 324
589 29 593 30
735 63 739 64
460 104 461 108
157 16 166 16
23 137 24 141
619 330 628 330
501 16 503 18
450 59 459 59
414 173 423 173
270 279 274 280
333 177 342 177
796 182 800 183
573 369 582 369
847 342 851 343
587 347 596 347
854 41 856 43
694 381 703 381
173 371 182 371
333 392 337 393
624 302 628 303
600 220 601 224
780 259 789 259
296 314 300 315
266 333 270 334
732 225 733 229
187 354 191 355
352 383 361 383
626 269 635 269
559 294 568 294
555 183 564 183
792 249 801 249
129 374 133 375
258 291 262 292
390 203 394 204
570 315 574 316
117 198 126 198
10 115 19 115
809 77 818 77
677 370 686 370
66 217 75 217
855 305 861 305
902 249 911 249
380 278 384 279
377 292 381 293
648 79 655 79
140 63 140 72
768 30 772 31
895 247 899 248
527 219 536 219
233 274 242 274
373 280 382 280
309 138 318 138
865 306 874 306
681 350 685 351
891 277 900 277
329 283 338 283
669 149 670 153
209 380 213 381
191 150 195 151
189 222 190 226
180 77 184 78
860 357 864 358
574 206 583 206
299 258 300 262
763 32 772 32
841 286 845 287
580 144 584 145
775 212 784 212
640 216 644 217
104 153 105 157
94 376 103 376
717 378 720 379
280 367 284 368
140 333 149 333
751 12 752 15
297 113 298 117
580 326 584 327
225 137 229 138
900 185 904 186
470 104 474 105
394 168 403 168
155 214 159 215
845 301 846 304
788 355 789 359
240 69 249 69
141 36 145 37
148 232 152 233
305 214 314 214
306 223 315 223
414 296 423 296
702 280 706 281
123 248 127 249
359 167 363 168
632 86 636 86
802 267 806 268
651 22 660 22
772 310 776 311
115 361 117 363
106 100 110 101
271 172 275 172
204 385 208 386
378 329 387 329
66 201 70 202
623 193 624 197
201 101 205 102
545 183 554 183
904 360 912 360
259 337 260 341
423 54 432 54
907 18 912 18
132 274 132 283
78 126 79 130
753 255 762 255
849 105 853 106
425 125 434 125
477 198 486 198
675 223 684 223
114 16 115 20
886 64 895 64
496 52 505 52
564 22 573 22
790 166 799 166
80 31 84 32
760 352 764 353
26 231 30 232
53 248 54 252
242 8 251 8
394 273 398 274
683 149 687 150
652 32 656 33
623 391 631 391
57 356 57 365
374 76 378 77
507 32 516 32
61 398 70 398
105 333 109 333
403 12 404 16
197 175 200 176
620 119 624 120
857 238 861 239
446 250 447 253
85 120 86 124
328 184 332 185
150 268 154 269
564 102 573 102
58 20 59 24
720 203 721 207
112 145 112 154
752 125 756 126
408 23 412 24
571 175 575 176
345 228 347 230
300 194 304 195
691 214 692 218
818 283 822 284
337 97 346 97
808 245 812 246
297 299 301 300
681 376 682 380
46 382 50 383
266 228 270 229
732 143 733 147
881 311 885 312
276 198 285 198
38 67 38 76
477 182 486 182
232 162 236 163
373 360 377 361
78 221 78 230
877 251 886 251
418 287 427 287
282 353 286 354
808 306 812 307
35 298 36 302
123 199 127 200
14 142 15 146
356 12 365 12
152 136 152 145
96 189 97 193
8 229 9 233
735 131 739 132
670 90 679 90
900 297 909 297
404 269 408 270
815 326 819 327
805 347 814 347
283 352 292 352
154 335 158 336
513 334 513 343
762 85 771 85
902 336 906 337
802 214 806 215
640 149 644 149
859 30 860 34
914 167 914 174
522 36 528 36
28 71 29 75
901 30 902 34
116 93 125 93
612 2 616 3
309 136 313 137
275 320 284 320
831 388 835 389
200 69 209 69
588 285 597 285
57 112 61 113
403 75 412 75
775 52 779 53
170 262 174 263
785 23 789 24
347 332 356 332
804 149 813 149
622 74 623 78
446 305 449 306
212 339 216 340
278 286 282 287
397 258 401 259
338 82 342 83
55 79 59 80
67 152 71 153
497 61 501 62
813 237 819 237
61 87 65 88
122 298 126 299
281 106 285 107
578 270 582 271
592 262 593 266
367 122 376 122
605 218 609 219
765 131 769 132
96 132 96 141
496 263 500 264
26 10 26 19
803 341 812 341
113 51 121 51
527 9 536 9
265 236 274 236
748 391 757 391
760 213 769 213
816 69 820 70
471 373 475 374
706 261 715 261
676 227 685 227
780 291 789 291
76 81 80 82
173 366 177 367
889 227 891 229
24 89 24 98
305 5 314 5
448 320 449 324
506 209 507 213
202 156 206 157
777 267 781 268
667 194 671 195
804 348 808 349
595 96 599 97
124 291 128 292
164 43 173 43
251 336 260 336
327 217 331 218
241 167 250 167
876 210 885 210
418 348 427 348
895 300 899 301
756 9 758 11
446 123 450 124
250 81 259 81
408 290 412 291
442 283 446 284
885 212 894 212
537 295 541 296
13 365 13 374
677 391 681 392
251 142 255 143
546 186 550 187
811 116 813 118
777 274 778 275
863 371 872 371
425 68 434 68
272 299 276 300
525 158 529 159
889 253 898 253
739 270 743 271
576 175 580 176
500 55 501 59
639 22 640 26
727 67 731 68
145 266 149 267
726 359 727 363
315 46 324 46
55 27 58 28
220 140 229 140
734 377 738 378
512 268 521 268
378 210 382 211
316 60 320 61
617 388 626 388
328 157 337 157
795 2 796 6
240 48 244 49
909 23 910 27
369 283 378 283
453 87 457 88
750 369 756 369
93 158 93 167
469 80 470 84
582 141 591 141
253 376 257 377
667 47 676 47
774 203 778 204
333 173 337 174
252 190 261 190
565 281 569 282
696 113 700 114
227 220 236 220
394 350 395 354
392 350 393 354
78 182 78 188
723 220 724 224
549 59 553 60
809 61 817 61
498 336 499 340
355 145 359 146
545 160 554 160
825 190 829 191
884 84 885 88
376 332 385 332
491 149 495 150
508 215 517 215
251 287 255 288
93 387 94 391
903 3 904 7
829 10 838 10
718 229 721 230
830 200 834 201
616 18 620 19
100 360 104 361
798 245 802 246
92 349 93 353
585 106 594 106
594 206 598 207
643 291 652 291
542 63 551 63
6 144 6 153
687 376 688 380
640 358 649 358
121 39 130 39
238 385 239 389
475 386 479 387
73 357 74 361
607 340 611 341
857 291 861 292
402 27 411 27
27 193 36 193
455 107 459 108
447 60 451 61
313 210 317 211
232 331 236 332
908 21 914 21
346 50 350 51
80 293 80 302
407 260 411 261
202 213 211 213
768 335 777 335
423 84 432 84
438 37 442 38
181 101 190 101
158 359 159 363
792 137 795 138
11 385 20 385
569 276 573 277
171 9 180 9
725 246 729 247
565 217 569 218
815 100 819 101
46 307 50 308
913 319 914 323
403 387 407 388
81 320 82 324
509 20 513 21
125 104 129 105
200 255 201 259
586 42 590 43
126 109 135 109
876 93 880 94
95 355 96 359
216 215 217 219
584 4 588 5
901 388 909 388
222 84 223 88
221 167 230 167
638 265 642 266
841 309 850 309
852 214 861 214
797 313 806 313
251 104 255 105
550 262 551 265
325 54 329 55
64 204 65 208
356 62 365 62
96 16 97 20
827 290 836 290
537 219 545 219
863 112 867 113
546 219 553 219
433 82 434 86
8 64 8 73
436 162 440 163
132 284 136 285
684 323 693 323
253 204 257 205
324 321 333 321
144 228 152 228
454 237 463 237
194 117 194 126
465 158 469 159
21 118 21 127
396 71 400 72
396 361 405 361
262 195 266 196
292 190 301 190
745 345 754 345
639 129 643 130
109 320 116 320
366 152 375 152
833 357 842 357
39 392 43 393
902 369 906 370
34 214 38 215
90 305 99 305
330 281 339 281
861 186 870 186
249 202 253 203
742 342 746 343
536 117 540 118
514 368 523 368
692 107 694 108
224 43 233 43
770 8 779 8
687 324 691 325
837 54 846 54
677 86 681 87
448 45 457 45
483 336 487 337
83 225 83 234
31 380 31 389
662 220 666 221
323 392 327 393
313 134 317 134
637 33 646 33
865 190 869 191
680 246 684 247
645 167 649 168
521 292 525 293
194 114 198 115
451 346 460 346
474 300 476 302
610 258 611 262
520 394 524 395
415 238 424 238
692 90 693 94
800 145 804 146
403 385 407 386
488 87 492 88
731 6 735 7
817 15 821 16
867 218 868 222
676 265 680 266
213 346 217 347
206 307 210 308
175 382 184 382
47 77 47 86
862 42 866 43
702 160 706 161
436 206 436 215
152 79 161 79
484 360 488 361
285 307 286 311
461 215 470 215
346 164 350 165
193 29 202 29
687 188 691 189
630 105 639 105
55 33 59 34
691 69 695 70
813 322 822 322
94 128 98 129
674 10 678 11
194 261 203 261
819 196 823 197
463 93 464 97
790 45 799 45
416 330 420 330
311 356 315 357
847 238 851 239
416 67 425 67
636 175 645 175
30 28 39 28
766 129 775 129
203 371 212 371
739 276 748 276
204 341 213 341
249 100 253 100
164 243 173 243
395 68 404 68
547 212 551 213
320 94 321 98
428 303 437 303
350 379 359 379
214 89 215 93
630 397 634 398
436 363 445 363
410 148 414 149
774 62 783 62
878 0 887 0
264 140 273 140
493 110 502 110
618 70 627 70
643 385 652 385
465 238 474 238
824 349 833 349
135 359 139 360
146 146 147 150
209 320 213 321
857 279 861 280
652 161 656 162
250 226 254 227
541 389 545 390
746 83 750 84
422 78 426 79
222 222 226 223
740 235 744 236
470 375 479 375
41 93 41 102
90 349 91 353
430 386 434 387
461 344 465 345
135 208 136 212
352 29 356 30
470 222 474 223
143 288 144 292
327 390 336 390
783 371 792 371
316 62 325 62
627 209 627 213
85 228 85 237
550 136 559 136
411 102 420 102
740 392 744 393
430 302 439 302
433 345 440 345
508 93 512 94
48 87 48 96
613 138 618 138
620 214 629 214
885 23 886 27
279 304 288 304
764 135 768 136
178 34 187 34
744 161 748 162
368 352 372 353
571 153 574 154
332 161 335 162
821 71 830 71
667 241 671 242
643 292 652 292
311 170 315 171
700 360 701 364
368 108 377 108
745 111 745 120
610 119 614 120
300 375 309 375
665 23 669 24
737 71 742 71
601 287 610 287
486 242 495 242
894 260 898 261
713 111 720 111
734 359 735 363
441 187 442 191
91 211 95 212
56 243 56 252
377 34 386 34
258 141 267 141
223 311 232 311
693 47 697 48
545 281 549 282
369 304 378 304
124 65 128 66
169 222 170 226
805 190 809 191
823 306 827 307
886 32 890 33
78 135 87 135
830 141 831 145
367 252 376 252
845 347 853 347
323 57 327 58
274 168 278 169
94 119 103 119
751 156 754 157
468 371 477 371
182 244 183 248
317 375 321 376
671 186 675 187
596 212 598 214
240 317 244 318
732 188 735 189
862 151 871 151
385 106 386 110
575 395 584 395
592 258 596 259
697 310 701 311
21 373 30 373
401 40 405 41
308 354 312 355
513 53 517 54
832 292 841 292
231 51 235 52
178 273 187 273
164 250 168 251
670 76 679 76
60 10 60 19
583 113 587 114
397 194 401 195
275 28 279 29
756 143 757 147
0 245 1 249
187 30 191 31
122 342 131 342
573 137 574 141
752 116 761 116
374 253 375 257
558 369 562 370
342 387 346 388
675 23 679 24
785 44 794 44
635 277 644 277
224 139 233 139
229 242 230 246
92 53 96 54
58 10 59 14
512 51 516 51
150 7 154 8
695 161 701 161
569 387 578 387
335 188 339 189
239 260 243 261
814 379 818 380
218 236 227 236
739 188 743 189
423 53 432 53
772 72 781 72
352 79 361 79
672 393 681 393
334 325 338 326
537 386 541 387
230 290 234 291
456 175 460 176
702 337 706 338
688 149 692 150
827 187 836 187
237 296 246 296
451 292 455 293
650 103 650 112
691 113 695 114
106 86 107 90
62 172 71 172
354 119 355 123
819 10 828 10
834 51 838 52
854 204 855 208
188 346 192 347
814 87 823 87
761 71 770 71
472 186 480 186
540 120 544 121
628 199 637 199
841 93 849 93
468 336 472 337
647 93 651 94
470 386 474 387
713 17 722 17
127 120 127 129
94 117 98 118
203 96 204 100
359 283 368 283
268 113 272 114
404 221 405 225
467 12 476 12
757 263 760 264
813 243 822 243
263 292 272 292
847 369 851 370
729 380 738 380
85 207 89 208
445 382 454 382
754 364 763 364
4 296 8 297
877 156 886 156
650 76 659 76
4 229 5 233
744 328 748 329
666 333 675 333
515 255 524 255
90 132 94 133
795 190 799 191
42 218 42 227
128 220 137 220
558 351 562 352
860 301 864 302
104 337 108 338
563 321 572 321
237 19 246 19
434 332 438 333
840 176 844 177
206 175 210 176
695 147 696 151
753 244 757 245
286 235 295 235
614 209 616 211
831 99 840 99
77 147 81 148
5 199 5 208
742 225 743 229
843 397 852 397
206 65 210 66
554 22 563 22
610 171 614 172
489 230 493 231
29 192 38 192
200 309 204 310
350 56 359 56
507 335 507 344
309 294 318 294
300 345 309 345
590 375 599 375
113 125 122 125
141 100 145 101
904 242 911 242
908 397 912 398
69 165 73 166
853 226 857 227
295 257 304 257
189 152 193 153
277 44 281 45
245 363 249 364
15 113 19 114
813 30 817 31
494 20 498 21
607 378 608 382
45 160 54 160
473 295 482 295
259 208 268 208
82 220 83 224
459 141 460 145
231 360 232 364
452 114 456 115
193 2 197 3
86 279 87 283
484 14 488 15
129 153 138 153
270 30 279 30
428 95 437 95
104 248 108 249
368 305 377 305
671 100 671 109
568 82 572 83
531 251 540 251
577 295 581 296
47 154 51 155
75 283 76 287
326 152 330 153
541 55 545 56
864 204 865 208
104 23 108 24
583 107 587 108
814 334 823 334
60 45 61 49
158 28 162 29
493 69 497 70
855 61 859 62
667 230 669 232
445 68 454 68
271 358 275 359
323 272 327 273
30 22 39 22
767 274 771 275
102 252 106 253
280 174 284 175
289 111 293 112
715 277 724 277
109 15 118 15
578 107 582 108
276 36 280 37
368 127 377 127
752 77 756 78
539 329 548 329
725 167 734 167
156 193 165 193
138 114 147 114
518 289 527 289
759 87 763 88
480 158 484 159
693 279 702 279
567 340 576 340
576 199 580 200
99 126 103 127
460 166 461 169
415 88 416 92
798 33 799 37
293 32 297 33
320 81 329 81
422 186 431 186
827 163 831 164
859 6 863 7
643 145 647 146
723 244 732 244
503 9 504 13
438 342 447 342
801 71 810 71
132 178 141 178
189 208 198 208
560 25 569 25
714 288 723 288
477 34 481 35
523 3 527 4
842 109 846 110
276 52 280 53
874 262 878 263
93 229 93 238
863 377 864 381
241 13 245 14
9 280 13 281
511 263 515 264
291 238 292 242
572 368 581 368
844 135 848 136
477 93 478 97
631 55 635 56
0 122 4 123
106 102 110 103
730 106 734 107
545 39 554 39
18 126 18 135
288 109 297 109
25 340 29 341
849 202 858 202
621 57 624 58
627 310 631 311
34 171 35 175
852 108 856 109
170 246 179 246
560 336 564 337
163 232 172 232
398 90 402 91
679 302 683 303
248 42 257 42
698 274 702 275
194 70 203 70
739 220 740 224
803 220 807 221
59 121 60 125
518 38 521 39
139 261 148 261
186 307 190 308
504 274 513 274
112 321 116 322
329 107 329 116
291 332 295 332
480 324 489 324
805 289 809 290
853 243 861 243
369 227 370 231
135 222 144 222
837 156 846 156
41 373 41 381
635 95 639 96
296 198 305 198
534 237 543 237
362 327 365 328
166 369 170 370
52 253 56 254
577 150 579 152
766 269 775 269
408 36 417 36
894 328 898 329
562 194 571 194
572 346 581 346
136 221 145 221
276 101 280 102
612 387 616 388
906 161 914 161
433 377 437 378
413 239 417 240
407 99 416 99
858 114 862 115
802 292 811 292
197 174 204 174
608 107 612 108
610 224 618 224
207 156 211 157
110 16 111 20
479 187 480 191
869 218 870 222
543 253 552 253
681 121 690 121
19 314 19 323
34 142 38 143
772 49 772 58
642 340 651 340
753 164 757 165
163 371 172 371
389 275 398 275
185 317 194 317
882 163 886 164
651 204 652 208
373 352 377 353
83 329 83 338
776 384 780 385
411 12 412 15
522 197 526 198
719 129 723 130
409 264 418 264
715 255 719 256
174 43 183 43
72 172 81 172
518 377 527 377
808 94 812 95
224 26 233 26
456 164 465 164
69 137 73 138
513 234 517 235
315 87 319 88
672 220 676 221
398 107 399 111
224 258 228 259
556 270 560 271
385 94 386 98
89 197 90 201
899 180 903 181
228 54 237 54
659 135 663 136
776 42 780 43
863 215 867 216
522 376 531 376
95 168 99 169
749 179 753 180
645 71 654 71
883 220 887 221
707 220 716 220
791 71 800 71
741 42 745 43
880 297 889 297
719 14 723 15
745 139 749 140
558 365 561 366
331 359 340 359
69 196 70 200
655 23 659 24
744 2 748 3
784 356 785 360
563 128 572 128
66 126 67 130
431 317 435 318
52 210 52 219
334 135 335 139
367 189 370 190
301 3 305 4
155 331 159 332
840 96 849 96
798 11 799 15
443 0 452 0
423 82 427 83
625 315 629 316
96 211 100 212
791 46 792 50
307 110 307 119
825 235 829 236
337 217 341 218
885 79 886 83
775 336 776 340
75 256 76 260
424 208 424 217
515 183 524 183
143 19 145 21
829 178 833 179
774 41 783 41
410 107 411 111
168 220 177 220
90 94 94 95
274 325 278 326
402 154 406 155
338 277 342 278
111 369 115 370
574 164 578 165
64 390 65 394
56 268 57 272
148 305 157 305
653 279 662 279
473 87 477 88
733 74 737 75
544 29 548 30
152 188 156 189
227 395 231 396
258 34 267 34
139 228 143 229
264 314 268 315
611 276 615 277
100 233 100 242
5 376 5 385
565 1 574 1
369 307 378 307
48 211 48 220
436 52 445 52
146 4 155 4
658 373 667 373
155 81 159 82
516 359 525 359
72 25 76 26
716 69 720 70
623 114 627 115
897 73 905 73
322 289 331 289
126 15 126 24
543 41 552 41
589 210 593 211
622 324 626 325
647 310 651 311
910 77 910 86
224 179 228 180
583 369 592 369
140 136 141 140
269 109 278 109
737 163 746 163
724 359 725 363
39 19 43 20
449 319 458 319
827 46 836 46
377 258 381 259
46 369 50 370
572 6 576 7
90 292 90 301
636 163 640 164
461 130 465 131
877 238 881 238
405 214 414 214
237 132 238 136
621 297 622 301
24 229 25 233
315 192 319 193
574 101 578 102
478 111 487 111
532 224 536 225
438 220 442 221
911 98 914 99
343 173 347 174
792 33 793 37
308 327 309 331
151 9 160 9
55 351 64 351
738 94 742 95
729 390 738 390
667 370 676 370
847 340 856 340
131 372 135 373
234 111 243 111
321 173 322 177
228 204 232 205
102 288 103 292
654 137 663 137
10 26 19 26
149 306 158 306
339 99 343 100
625 326 629 327
283 234 292 234
627 202 631 203
17 286 17 295
10 310 14 311
74 268 75 272
750 326 754 327
278 351 282 352
169 261 178 261
593 37 597 38
273 11 280 11
177 222 178 226
222 372 231 372
246 359 255 359
858 283 862 284
612 77 613 81
269 200 273 201
58 0 58 9
551 199 555 200
240 22 249 22
777 86 779 88
446 245 450 246
762 214 766 215
21 284 22 288
553 75 562 75
128 49 137 49
86 293 86 302
318 82 322 83
406 206 415 206
779 300 780 304
54 356 54 365
52 257 61 257
595 315 604 315
151 50 152 54
827 96 836 96
819 77 828 77
211 65 215 66
315 44 319 45
710 63 714 64
486 186 490 187
567 389 571 390
910 61 912 62
312 186 316 187
605 315 609 316
65 324 69 325
657 184 666 184
861 346 868 346
441 255 445 256
615 326 619 327
530 362 538 362
610 193 615 193
595 139 599 140
79 362 83 363
511 99 515 100
480 236 487 236
217 157 226 157
731 214 732 218
36 139 40 140
171 222 172 226
701 306 705 307
535 183 544 183
371 59 380 59
635 22 636 26
150 48 159 48
697 32 706 32
380 212 384 213
507 37 508 41
551 205 560 205
863 147 867 148
711 122 712 126
668 360 677 360
525 106 529 107
638 285 647 285
671 306 675 307
569 109 573 110
559 10 563 10
575 134 579 135
477 196 481 197
199 356 208 356
329 147 333 148
414 353 418 354
616 395 620 396
498 294 502 295
891 39 895 40
188 1 192 2
886 313 890 314
89 120 90 124
60 193 60 202
800 166 804 167
355 78 361 78
130 357 134 358
326 50 330 51
12 66 12 75
372 130 381 130
502 278 510 278
203 40 205 41
473 220 477 221
906 312 910 312
751 241 755 242
113 155 117 156
10 25 19 25
606 169 615 169
507 279 511 280
453 240 462 240
17 234 17 243
638 244 642 245
88 339 92 340
695 140 704 140
165 202 167 203
94 229 94 238
633 257 642 257
495 137 499 138
143 298 147 299
20 391 29 391
895 258 899 259
742 238 746 239
533 191 542 191
792 72 801 72
312 216 316 217
148 343 149 346
252 395 256 396
780 210 789 210
682 225 686 226
363 173 367 174
495 141 496 145
346 101 346 110
433 69 437 70
909 3 910 7
755 139 759 140
46 101 50 102
38 298 38 307
406 330 410 331
896 315 905 315
241 164 245 165
230 264 239 264
163 204 167 205
734 28 738 29
608 363 612 364
101 106 105 107
507 50 511 51
567 365 572 365
82 329 82 338
795 196 803 196
897 359 906 359
178 71 187 71
830 157 839 157
312 372 321 372
363 392 367 393
438 265 442 266
347 1 356 1
147 86 156 86
308 82 312 83
553 391 554 394
516 316 520 317
211 209 215 210
847 109 851 110
587 129 587 138
26 179 30 180
707 363 711 364
433 93 437 94
425 65 429 66
30 158 31 162
345 102 345 111
671 349 680 349
806 133 810 134
79 246 79 255
604 302 608 303
729 377 733 378
575 119 579 120
571 274 575 275
73 235 73 244
771 51 771 60
177 67 186 67
295 218 299 219
235 137 238 138
830 386 834 387
601 297 602 301
341 208 345 209
811 198 815 199
362 387 366 388
71 248 75 249
476 116 480 117
588 244 592 245
94 179 94 188
583 283 587 284
136 181 145 181
523 188 527 189
311 164 315 165
859 342 868 342
654 108 658 109
785 100 789 101
800 289 804 290
636 18 640 19
640 41 641 45
594 371 598 372
162 287 171 287
73 194 74 198
145 183 149 184
274 200 276 201
838 361 842 362
730 226 731 230
235 256 239 257
54 208 55 212
905 256 909 257
472 27 476 28
44 193 44 202
365 352 367 353
278 9 282 10
602 220 603 224
419 24 423 25
828 85 832 86
391 201 395 202
754 51 758 52
565 353 569 354
473 377 477 378
553 275 557 276
604 75 608 76
95 340 96 343
48 283 49 287
397 390 406 390
827 167 836 167
89 215 89 224
430 148 433 149
191 113 200 113
722 324 726 325
554 11 558 12
319 385 323 386
543 378 552 378
394 257 403 257
619 206 623 207
730 56 731 60
144 87 148 88
745 105 749 106
545 395 554 395
10 147 14 148
492 207 496 208
120 122 124 123
576 156 580 157
184 143 193 143
489 181 496 181
807 163 811 164
126 91 130 92
372 235 373 239
694 90 695 94
647 17 656 17
452 283 456 284
415 222 419 223
230 183 234 184
256 303 265 303
340 65 344 66
563 391 572 391
373 354 377 355
453 291 462 291
247 296 255 296
185 227 194 227
277 161 281 162
119 256 120 260
599 29 603 30
146 382 155 382
837 359 846 359
60 372 61 376
517 252 521 253
83 288 87 289
307 284 311 285
311 71 315 72
634 322 638 323
226 215 227 219
602 141 611 141
503 248 507 249
263 316 272 316
52 156 56 157
183 311 192 311
877 169 879 171
764 315 765 319
434 336 435 340
27 315 28 319
136 191 140 192
55 344 59 345
895 389 899 390
866 293 867 297
778 252 782 253
469 299 478 299
499 76 503 77
696 117 696 126
299 22 308 22
749 395 758 395
545 305 549 306
649 206 650 210
725 397 729 398
112 0 113 4
505 226 509 227
231 230 235 231
785 91 789 92
11 44 12 48
547 259 556 259
351 196 355 197
219 380 223 381
453 72 462 72
666 133 670 134
847 336 851 337
729 20 733 21
188 299 197 299
13 10 13 19
45 153 46 157
389 141 393 142
239 253 243 254
337 334 341 335
481 249 482 253
177 16 179 18
600 112 607 112
1 62 2 66
526 13 535 13
48 253 49 257
775 243 776 247
32 158 33 162
413 307 414 311
823 344 832 344
224 371 233 371
687 291 696 291
221 336 230 336
808 357 812 358
580 178 589 178
328 191 337 191
680 292 689 292
123 15 123 24
555 323 564 323
391 317 395 318
235 344 244 344
317 248 318 252
59 292 68 292
324 200 333 200
631 306 635 307
256 298 265 298
47 268 48 272
629 73 632 74
774 158 783 158
506 353 510 354
347 382 356 382
348 57 350 58
203 376 212 376
642 48 646 49
325 317 329 318
567 9 576 9
757 388 761 389
647 337 656 337
569 294 578 294
827 74 831 75
56 193 56 202
587 258 591 259
528 234 529 238
173 383 174 387
181 307 185 308
257 28 264 28
883 367 887 368
413 75 422 75
483 89 492 89
344 365 353 365
209 250 213 251
378 177 387 177
205 81 214 81
784 197 793 197
831 286 835 287
709 178 713 179
754 219 763 219
840 44 849 44
650 359 659 359
869 213 878 213
324 304 333 304
898 214 899 218
550 204 559 204
345 201 349 202
65 45 65 54
128 40 132 41
589 299 589 308
104 126 105 130
568 252 577 252
418 369 422 370
835 392 844 392
628 265 632 266
893 4 894 8
434 3 438 4
282 345 283 349
114 62 123 62
680 36 689 36
436 288 445 288
505 9 506 13
149 279 153 280
337 29 341 30
780 235 784 236
468 220 472 221
913 104 914 108
886 183 895 183
734 87 738 88
524 194 528 195
458 128 462 129
419 334 426 334
220 77 224 78
181 204 186 204
590 274 592 276
828 285 837 285
473 364 477 365
804 180 808 181
132 197 141 197
874 112 875 116
660 281 669 281
668 42 672 43
852 300 861 300
639 10 643 11
829 6 833 7
525 104 529 105
433 103 437 104
578 358 587 358
331 13 335 14
480 320 484 321
472 114 476 115
525 325 526 329
388 290 392 291
256 385 257 389
592 65 596 66
606 271 610 272
122 194 131 194
232 224 236 225
144 377 153 377
366 121 375 121
296 357 297 361
358 336 362 337
881 93 885 94
506 269 507 273
94 265 98 266
106 128 110 129
807 342 811 343
451 130 455 131
186 99 190 100
123 125 123 134
840 390 849 390
463 136 472 136
426 306 427 308
253 59 257 60
773 26 782 26
539 16 548 16
226 65 230 66
122 35 131 35
28 10 28 19
858 103 859 107
687 33 691 34
437 152 441 153
389 349 398 349
114 86 115 90
801 7 810 7
224 154 228 155
592 225 601 225
145 276 146 280
351 162 360 162
887 339 891 340
22 25 26 26
718 315 722 316
696 333 705 333
271 209 275 210
158 49 167 49
80 110 84 111
913 209 914 211
751 332 760 332
203 73 207 74
224 118 225 122
790 315 791 319
693 37 697 38
131 317 133 318
631 271 635 272
400 212 404 213
286 215 287 219
474 26 483 26
229 155 238 155
679 20 683 21
16 365 16 374
661 287 670 287
257 145 258 149
352 127 356 128
2 359 2 368
404 184 408 185
402 258 406 259
704 288 713 288
528 308 537 308
461 44 470 44
913 271 914 273
627 195 631 196
607 240 616 240
838 335 847 335
339 25 343 26
150 22 159 22
804 254 812 254
485 228 489 229
515 204 519 205
147 315 148 319
354 179 358 180
398 177 407 177
680 141 689 141
232 198 241 198
138 366 142 367
641 376 650 376
612 286 621 286
308 119 317 119
686 306 690 307
221 46 225 47
207 89 208 93
133 213 134 215
806 355 807 359
872 100 873 104
417 260 421 261
120 385 129 385
869 240 878 240
67 221 67 230
866 72 867 75
103 199 107 200
146 19 150 20
815 27 819 28
280 345 281 349
871 129 875 130
244 70 253 70
328 150 332 151
134 182 142 182
733 374 742 374
755 105 759 106
491 141 492 145
334 169 343 169
511 131 520 131
895 212 904 212
310 91 314 92
681 133 685 134
134 128 138 129
189 116 198 116
604 59 613 59
505 202 509 203
674 12 683 12
829 170 838 170
58 52 59 56
657 65 661 66
627 232 628 236
88 349 89 353
98 49 107 49
111 70 111 79
641 331 645 332
161 69 170 69
808 243 812 244
599 201 603 202
517 78 526 78
315 85 319 86
445 389 454 389
839 348 843 349
836 198 840 199
456 347 465 347
44 183 48 184
443 213 447 214
426 164 435 164
840 200 844 201
814 129 816 131
6 376 6 385
806 186 810 187
818 119 822 120
630 139 634 140
230 294 238 294
244 111 253 111
708 148 717 148
602 78 606 79
89 335 92 336
289 22 298 22
715 235 719 236
373 392 382 392
556 226 557 230
304 338 308 339
227 195 231 196
271 123 271 132
744 225 745 229
295 239 299 240
803 58 807 59
583 348 587 349
23 108 23 117
581 205 590 205
810 29 819 29
808 335 817 335
386 245 390 246
588 237 592 238
61 337 65 338
620 255 624 256
192 195 196 196
708 356 712 357
461 276 465 277
339 117 340 121
844 178 848 179
838 103 839 107
337 225 346 225
790 76 791 80
756 279 760 280
65 89 66 93
475 238 484 238
810 8 815 8
379 333 383 334
377 165 381 166
441 252 442 254
238 84 239 88
846 271 847 275
295 373 299 374
774 219 783 219
628 254 637 254
318 73 322 74
52 161 61 161
540 111 544 112
314 325 318 326
130 144 131 148
153 99 155 101
512 181 516 182
588 82 592 83
841 346 850 346
559 195 568 195
136 91 140 92
587 35 596 35
508 355 517 355
502 336 502 345
7 371 7 380
163 228 167 229
250 188 254 189
531 310 540 310
212 158 221 158
805 145 809 146
156 59 160 60
519 5 528 5
16 139 20 140
447 6 451 7
663 152 664 156
824 225 825 229
136 235 140 236
571 155 578 155
24 155 28 156
146 288 146 297
907 136 908 140
301 20 310 20
680 23 684 24
176 307 180 308
501 292 505 293
669 270 678 270
131 208 132 212
628 79 637 79
597 215 601 216
770 27 774 28
557 207 558 208
239 113 248 113
469 193 473 194
377 387 381 388
661 271 665 272
828 232 832 233
11 254 11 263
821 69 825 70
108 61 117 61
568 173 572 174
202 222 206 223
683 143 687 144
240 183 241 187
162 238 166 239
806 11 807 15
697 182 701 183
597 196 601 197
337 17 341 18
358 191 367 191
206 221 215 221
416 130 420 131
432 275 441 275
430 375 439 375
839 298 843 299
35 211 39 212
109 137 113 138
249 304 253 305
373 370 377 371
93 145 97 146
84 337 88 338
214 341 223 341
676 385 680 386
500 158 504 159
860 169 864 170
165 214 169 215
864 344 868 345
349 271 358 271
677 17 686 17
49 328 53 329
719 365 728 365
409 319 418 319
7 139 7 148
555 39 564 39
28 325 37 325
128 2 132 3
330 138 331 142
869 275 873 276
469 367 478 367
708 276 717 276
596 186 600 187
121 355 122 359
65 251 69 252
529 367 538 367
786 143 787 147
376 89 376 98
692 267 696 268
10 300 10 309
496 339 496 348
25 80 29 81
86 60 94 60
770 33 771 37
667 225 671 226
838 112 842 113
678 304 682 305
668 198 672 199
854 219 855 223
480 289 487 289
733 47 737 48
332 387 336 388
207 349 208 353
468 309 471 310
414 151 421 151
152 156 156 157
696 328 698 330
291 60 295 61
705 320 709 321
352 398 361 398
228 25 237 25
596 45 600 46
627 201 631 201
272 89 276 90
891 281 900 281
645 116 646 120
811 99 820 99
827 369 831 370
668 275 672 276
540 134 544 135
563 75 568 75
9 168 9 177
637 111 637 120
247 195 251 196
289 380 293 381
729 170 738 170
811 40 820 40
170 316 171 320
26 260 26 269
864 382 868 383
388 379 397 379
400 302 409 302
110 48 119 48
725 149 733 149
862 339 866 340
553 321 562 321
365 214 374 214
255 131 259 132
281 307 282 311
196 104 200 105
429 146 433 147
511 353 515 354
659 200 668 200
539 299 548 299
374 173 383 173
539 207 543 208
179 188 183 189
456 320 457 324
616 292 625 292
63 142 63 151
34 158 38 159
192 368 197 368
116 175 119 176
593 321 602 321
618 274 622 275
366 41 375 41
252 348 256 349
227 242 228 246
434 148 434 152
144 243 153 243
630 76 639 76
769 390 778 390
369 125 378 125
217 354 221 355
328 155 332 156
491 366 500 366
612 330 613 334
63 101 64 105
484 237 493 237
245 367 249 368
26 181 30 182
819 366 823 367
268 32 272 33
514 29 518 30
119 179 123 180
529 23 530 27
230 279 231 283
858 335 867 335
758 103 767 103
804 243 807 244
412 27 421 27
436 106 437 110
640 36 649 36
349 366 350 370
175 238 176 242
662 229 666 230
366 12 370 12
680 171 684 172
890 260 893 261
479 296 483 297
624 371 632 371
815 320 819 321
546 103 554 103
508 388 517 388
166 151 175 151
718 73 722 74
141 58 150 58
268 226 277 226
281 336 282 340
532 371 536 372
512 245 516 246
673 100 673 109
791 117 795 118
256 244 260 245
354 215 355 219
791 242 795 243
601 18 605 19
251 171 260 171
682 220 686 221
159 225 160 228
867 202 871 203
672 145 676 146
741 346 750 346
50 171 51 175
291 250 292 254
245 206 254 206
484 76 488 77
231 106 235 107
62 137 66 138
471 102 480 102
152 395 156 396
253 192 262 192
523 378 532 378
83 182 87 183
200 268 209 268
185 83 194 83
237 312 238 316
839 10 848 10
176 122 177 126
328 279 337 279
597 219 604 219
252 27 261 27
209 126 218 126
908 213 909 216
677 99 686 99
852 323 856 324
220 243 221 247
358 279 367 279
354 243 354 252
473 291 482 291
786 198 790 199
305 91 309 92
385 212 389 213
761 382 770 382
321 60 330 60
287 102 296 102
198 141 202 142
820 207 824 208
44 93 44 102
766 286 770 287
327 220 336 220
452 7 456 8
4 20 4 29
491 391 492 395
502 322 506 323
894 194 903 194
162 12 171 12
774 0 778 1
736 6 740 7
444 180 453 180
745 171 749 172
239 202 243 203
793 30 797 31
347 176 351 177
399 271 408 271
130 244 139 244
683 374 692 374
256 126 257 129
63 329 66 330
557 137 558 141
377 31 386 31
447 182 456 182
840 171 844 172
634 14 638 15
137 198 146 198
400 25 408 25
880 138 884 139
797 206 806 206
53 324 57 325
594 75 598 76
754 303 754 312
9 10 9 19
645 171 654 171
195 5 199 6
661 72 670 72
307 215 316 215
909 287 913 288
245 236 254 236
599 380 600 384
174 122 174 131
693 376 694 380
663 353 672 353
546 175 550 176
826 302 830 303
691 348 700 348
130 119 134 120
447 58 456 58
117 164 117 173
890 247 894 248
708 289 712 290
145 256 146 260
670 203 679 203
370 48 379 48
488 370 492 371
78 49 87 49
56 0 56 9
802 225 803 229
539 195 548 195
225 226 229 227
218 67 227 67
124 253 128 254
634 336 638 337
97 238 98 242
110 397 119 397
720 294 729 294
591 381 592 385
510 362 519 362
697 343 701 344
522 303 531 303
48 297 48 306
495 339 495 348
276 274 280 275
298 207 307 207
208 348 217 348
562 8 571 8
26 0 26 9
219 154 223 155
384 306 393 306
250 87 259 87
253 73 257 74
541 330 545 331
197 156 201 157
428 309 429 312
629 102 638 102
296 331 297 335
886 307 890 308
550 171 554 172
159 306 168 306
170 334 172 336
902 132 906 133
539 15 548 15
547 181 556 181
413 12 417 13
569 162 573 163
785 326 789 327
167 159 168 163
486 311 490 312
137 20 139 22
601 251 610 251
250 145 254 146
808 222 812 223
495 226 499 227
43 342 44 346
666 7 675 7
647 366 651 367
301 196 305 197
737 257 739 259
48 356 52 357
789 0 793 1
386 83 390 84
285 279 289 280
296 147 297 151
465 119 469 120
276 62 285 62
230 272 232 274
132 346 136 347
293 351 296 352
732 342 736 343
845 305 849 306
574 10 578 11
804 87 813 87
140 244 149 244
656 56 660 57
565 326 569 327
581 274 585 275
164 26 173 26
623 52 632 52
279 208 285 208
164 304 173 304
557 78 561 79
900 124 904 125
697 115 706 115
436 96 440 97
444 91 445 95
577 382 581 383
618 226 622 227
558 349 562 350
545 257 554 257
492 179 501 179
576 328 585 328
901 166 910 166
818 13 822 14
109 0 109 8
210 22 219 22
830 192 839 192
564 148 565 152
290 345 294 346
364 94 364 103
228 9 232 10
270 56 279 56
271 307 272 311
61 309 65 310
294 111 298 112
73 85 77 86
607 162 608 166
161 107 165 108
111 392 115 393
352 255 353 259
370 225 379 225
501 357 505 358
707 343 710 344
213 9 217 10
742 202 743 206
354 76 358 77
498 69 502 70
261 295 265 296
569 29 573 30
92 291 93 295
795 235 799 236
29 195 29 204
483 325 484 329
292 154 301 154
750 283 759 283
718 143 719 147
872 163 876 164
424 267 433 267
111 57 115 58
111 278 111 287
96 108 100 109
139 270 143 271
431 190 440 190
250 293 259 293
89 235 89 244
856 39 865 39
666 9 675 9
88 67 88 71
611 232 612 236
406 67 415 67
545 138 549 139
906 72 910 73
323 184 327 185
530 161 539 161
727 150 731 151
691 22 697 22
121 328 122 332
415 65 419 66
693 147 694 151
207 130 216 130
912 162 914 163
149 274 150 278
443 198 446 199
117 126 117 135
756 18 760 19
372 308 376 309
872 293 873 297
291 292 294 293
684 12 693 12
336 208 340 209
830 320 834 321
834 313 835 317
9 74 9 83
316 358 320 359
497 379 506 379
760 156 765 156
430 137 434 138
757 303 757 312
626 355 630 356
54 117 58 118
281 334 290 334
485 322 489 323
744 305 745 309
78 231 78 240
389 227 390 231
909 382 912 383
241 65 250 65
641 18 645 19
751 121 755 122
800 27 809 27
600 338 609 338
734 20 738 21
165 267 169 268
708 335 712 336
96 187 105 187
337 390 346 390
527 325 527 334
121 38 130 38
901 203 905 204
656 18 660 19
141 73 145 74
392 258 396 259
390 44 394 45
186 50 187 54
141 235 145 236
841 97 845 98
669 60 678 60
32 254 32 263
29 183 33 184
39 296 48 296
897 23 898 27
372 17 376 18
271 147 275 148
888 16 897 16
267 31 276 31
19 42 20 46
431 255 435 256
101 168 101 177
119 67 119 76
93 330 94 334
873 368 882 368
552 382 561 382
539 100 548 100
276 298 285 298
438 377 442 378
518 45 520 46
810 320 814 321
494 368 503 368
405 281 409 282
71 347 71 356
321 356 325 357
226 166 235 166
478 287 487 287
208 243 209 247
553 248 562 248
462 297 465 298
493 363 497 364
279 391 288 391
531 319 531 328
858 215 862 216
224 304 228 305
756 42 760 43
562 6 566 7
291 164 295 165
326 235 335 235
216 211 220 212
909 74 913 75
895 28 904 28
111 331 115 332
746 225 747 229
703 109 707 110
590 34 599 34
18 203 18 212
839 19 843 20
26 381 26 390
44 213 44 222
623 321 630 321
10 341 11 345
444 225 445 229
639 28 643 29
42 52 42 61
48 57 52 58
165 248 169 249
682 280 691 280
400 300 404 301
186 243 187 247
792 207 799 207
59 294 60 298
607 9 616 9
264 325 268 326
516 356 518 358
70 273 77 273
207 177 215 177
95 333 99 334
841 204 845 205
474 360 483 360
893 371 902 371
405 236 409 237
628 348 629 352
192 118 192 127
229 260 233 261
350 317 354 318
5 109 5 118
623 116 632 116
735 23 739 24
633 291 642 291
711 332 720 332
399 232 399 241
414 232 418 233
340 345 341 349
171 398 180 398
810 15 811 19
476 373 480 374
402 140 411 140
448 111 457 111
498 188 502 189
772 18 773 22
637 40 645 40
833 30 837 31
568 44 577 44
330 107 334 108
316 41 325 41
60 273 69 273
777 388 781 389
581 88 590 88
489 341 489 350
133 272 133 281
876 161 885 161
336 59 340 60
750 123 754 124
25 219 25 228
412 160 413 164
268 115 272 116
436 317 445 317
627 392 631 393
130 183 134 184
137 243 143 243
128 84 137 84
602 313 611 313
548 69 552 70
380 203 384 204
304 125 305 129
396 374 405 374
55 160 61 160
542 33 551 33
418 104 427 104
24 322 28 323
626 87 635 87
449 71 458 71
416 357 420 358
606 103 614 103
376 330 385 330
154 304 163 304
566 88 570 88
771 242 780 242
299 199 308 199
807 265 816 265
193 28 201 28
105 334 114 334
741 40 745 41
527 302 536 302
779 390 785 390
228 42 237 42
6 184 10 185
896 72 905 72
496 318 505 318
120 86 121 90
78 40 82 41
482 313 486 314
345 212 349 213
276 166 285 166
814 364 823 364
605 34 609 35
584 109 588 110
10 233 19 233
18 172 19 176
408 210 412 211
361 158 365 159
256 276 265 276
642 393 651 393
39 142 43 143
652 201 656 202
131 394 140 394
160 56 169 56
892 264 900 264
139 179 143 180
125 110 129 111
698 240 707 240
631 331 635 332
449 139 458 139
875 138 879 139
120 204 124 205
912 289 914 291
877 322 878 325
136 372 140 373
223 297 227 298
899 260 903 261
702 182 706 183
203 285 212 285
379 221 383 222
111 100 115 101
127 76 136 76
53 74 53 83
370 192 374 193
68 52 68 61
329 201 333 202
359 172 367 172
408 143 412 144
833 377 834 381
774 379 778 380
797 310 801 311
134 65 134 74
144 226 148 227
10 375 11 379
787 38 796 38
597 341 601 342
872 125 875 126
466 164 475 164
85 44 93 44
460 212 464 213
289 80 298 80
696 209 700 210
698 73 702 74
831 205 840 205
749 82 758 82
34 0 35 4
793 2 794 6
3 314 3 323
659 5 668 5
399 307 400 311
719 20 723 21
863 178 867 179
54 173 58 174
81 369 85 370
128 86 129 90
592 345 595 346
868 283 872 284
223 193 232 193
471 292 475 293
219 306 228 306
17 320 17 329
538 260 542 261
357 284 366 284
47 49 47 58
840 235 844 236
83 272 87 273
852 271 853 275
859 295 863 296
780 326 784 327
488 257 489 261
640 8 649 8
42 64 51 64
834 180 838 181
350 44 354 45
170 286 179 286
458 289 462 290
666 350 670 351
593 357 597 358
332 79 341 79
418 128 422 129
374 180 383 180
765 347 774 347
367 29 371 30
154 375 163 375
455 204 464 204
901 104 903 106
274 140 283 140
32 142 33 146
910 203 914 204
417 48 426 48
395 1 404 1
272 213 281 213
476 397 485 397
154 61 154 70
279 365 283 366
771 220 772 224
39 158 41 159
543 344 552 344
223 57 227 58
556 268 560 269
683 151 690 151
73 120 74 124
850 204 851 208
655 168 664 168
2 42 2 51
479 98 483 99
152 359 153 363
314 385 318 386
360 194 364 195
326 276 335 276
722 160 726 161
119 335 123 336
91 70 95 71
893 241 902 241
592 61 596 62
327 395 331 396
150 264 159 264
825 209 829 210
744 292 753 292
380 375 389 375
496 42 500 43
256 4 265 4
493 80 495 82
476 175 480 176
674 178 678 179
582 50 591 50
197 144 198 148
761 384 765 385
466 344 475 344
714 216 718 217
793 308 797 309
234 356 243 356
828 361 832 362
699 180 708 180
179 218 188 218
628 304 632 305
372 8 376 9
692 340 701 340
384 27 393 27
609 30 618 30
61 186 61 195
586 124 590 125
597 61 601 62
99 2 103 3
855 320 859 321
681 300 685 301
90 328 94 329
514 206 515 210
384 56 393 56
566 267 567 271
689 302 691 303
882 299 888 299
697 233 701 234
326 71 330 72
519 361 528 361
599 314 608 314
626 306 630 307
914 244 914 248
502 50 506 51
338 40 347 40
710 105 714 106
519 145 528 145
484 146 485 150
670 139 674 140
515 290 519 291
13 96 14 100
394 27 401 27
745 237 754 237
363 377 367 378
370 301 374 302
21 396 25 397
31 283 32 287
488 341 488 350
320 48 329 48
79 283 80 287
485 106 489 107
705 376 706 380
133 311 142 311
649 309 658 309
865 326 869 327
459 71 468 71
386 41 395 41
80 136 80 145
545 0 549 1
882 143 891 143
459 380 463 381
487 19 491 20
32 234 32 243
182 79 191 79
832 47 841 47
383 233 392 233
107 278 107 287
54 171 58 172
278 74 287 74
735 207 744 207
767 194 771 195
640 354 649 354
759 293 768 293
456 112 460 113
777 295 786 295
22 29 26 30
224 5 226 7
557 196 561 197
171 378 175 379
796 69 800 70
770 356 779 356
93 371 102 371
628 119 628 128
240 199 244 200
144 186 145 190
334 27 343 27
773 164 777 165
753 173 757 174
88 165 89 169
376 288 385 288
480 322 484 323
2 10 2 19
445 305 445 311
367 19 371 20
688 122 692 123
704 28 708 29
762 72 771 72
450 278 454 279
617 232 618 236
809 293 818 293
376 319 378 320
298 265 302 266
424 328 430 328
814 328 818 329
891 311 900 311
784 366 788 367
294 365 298 366
364 306 373 306
614 371 618 372
210 82 214 83
592 343 601 343
765 307 774 307
719 386 723 387
308 23 312 24
179 260 183 261
582 248 591 248
115 94 119 95
819 270 823 271
835 111 844 111
277 17 281 18
746 241 750 242
278 54 287 54
816 279 819 280
723 252 727 253
901 136 902 140
815 111 824 111
547 302 556 302
179 256 183 257
466 349 470 350
447 80 448 84
503 118 507 119
468 146 472 147
306 327 307 331
141 107 150 107
371 3 375 4
380 302 389 302
867 323 871 324
481 373 485 374
639 119 640 123
278 272 282 273
843 114 847 115
659 294 668 294
503 257 512 257
50 0 50 9
198 228 202 229
436 32 437 36
227 44 231 45
94 291 95 295
488 74 497 74
346 223 355 223
194 94 198 95
577 35 586 35
775 305 784 305
459 304 468 304
639 288 648 288
311 3 315 4
494 55 495 59
586 147 590 148
47 69 48 73
298 32 302 33
561 18 565 19
37 261 38 265
252 181 253 185
70 251 71 255
7 361 7 370
34 56 34 65
396 255 400 256
599 100 603 101
344 179 348 180
164 213 173 213
688 317 689 321
544 76 548 77
660 23 664 24
459 264 468 264
292 357 293 361
617 46 626 46
428 217 437 217
771 384 775 385
652 195 656 196
581 45 583 46
747 163 756 163
879 56 883 57
152 238 156 239
460 233 462 235
488 45 492 46
541 18 545 19
869 345 870 348
183 297 187 298
9 122 9 131
491 162 495 163
388 336 392 337
375 188 384 188
336 269 345 269
306 342 310 343
603 291 612 291
443 167 444 171
625 111 634 111
907 45 909 46
569 14 578 14
885 95 889 96
36 50 37 54
92 147 93 151
796 33 797 37
756 372 765 372
455 116 457 117
316 158 320 159
176 101 180 102
281 250 285 251
550 375 559 375
453 214 462 214
198 255 199 259
102 141 106 142
378 295 387 295
548 173 552 174
696 186 700 187
286 166 295 166
328 312 329 316
149 373 153 374
355 234 364 234
45 340 46 343
356 331 365 331
336 71 340 72
626 156 630 157
65 274 66 278
677 61 678 62
237 197 246 197
502 8 511 8
283 272 287 273
235 201 244 201
775 77 776 81
182 23 186 24
223 346 227 347
326 260 330 261
119 153 128 153
260 375 269 375
753 258 762 258
616 13 625 13
356 71 360 72
844 180 848 181
420 394 424 395
585 394 594 394
390 396 394 397
672 141 679 141
890 309 899 309
731 332 740 332
834 131 838 132
441 130 445 131
245 226 249 227
330 219 336 219
144 219 153 219
684 137 693 137
400 119 404 120
158 282 162 283
311 274 320 274
342 385 346 386
709 218 718 218
410 385 411 389
590 158 594 159
795 63 799 64
575 305 575 314
242 35 251 35
458 294 462 295
226 301 230 302
193 333 194 337
192 340 201 340
871 166 880 166
207 337 216 337
268 73 272 74
657 220 661 221
378 227 382 228
616 75 617 79
14 254 14 263
258 277 262 278
74 144 78 145
819 240 828 240
158 61 159 63
860 396 869 396
469 359 478 359
846 175 855 175
524 287 527 288
357 348 366 348
636 345 640 346
776 297 780 298
316 303 325 303
254 140 263 140
841 338 850 338
519 254 528 254
331 164 335 165
562 396 566 397
147 170 151 171
179 205 188 205
403 241 412 241
493 350 500 350
694 51 695 55
273 0 277 1
673 252 677 253
466 67 475 67
609 155 617 155
778 200 787 200
861 338 870 338
278 113 279 117
819 0 820 3
894 374 903 374
117 390 121 391
732 391 737 391
6 354 7 358
53 243 54 247
162 79 171 79
572 248 581 248
879 162 888 162
247 382 256 382
763 230 772 230
892 163 896 164
406 221 406 230
721 241 725 242
145 352 146 356
121 15 121 24
498 215 507 215
529 141 536 141
160 323 164 324
629 75 637 75
829 213 838 213
749 377 753 378
274 385 275 389
577 58 586 58
349 38 353 39
742 263 746 264
690 8 699 8
821 7 828 7
169 208 178 208
795 209 804 209
137 171 141 172
642 343 651 343
506 186 510 187
721 113 725 114
398 127 407 127
170 397 179 397
474 180 483 180
896 209 900 209
763 111 764 115
715 185 724 185
798 308 802 309
25 250 25 259
439 10 448 10
730 352 734 353
906 40 907 44
662 65 666 66
275 384 284 384
527 93 536 93
746 40 750 41
330 84 339 84
74 316 83 316
129 216 133 217
70 324 74 325
636 7 645 7
759 54 763 55
626 331 630 332
765 44 774 44
681 308 690 308
369 242 369 251
347 253 348 257
721 259 726 259
610 228 619 228
466 121 470 122
613 118 622 118
187 145 188 149
398 379 407 379
474 227 478 228
160 321 164 322
741 83 745 84
655 126 656 130
450 134 454 135
639 131 643 132
760 8 769 8
581 199 590 199
413 198 422 198
309 135 313 135
440 305 444 306
883 23 884 27
395 396 399 397
261 230 265 231
472 29 481 29
852 125 856 126
122 50 126 51
16 20 17 24
901 286 910 286
700 352 704 353
899 26 908 26
211 116 215 117
467 198 476 198
9 390 18 390
733 113 733 122
709 221 710 225
686 384 690 385
56 278 56 287
762 260 771 260
479 3 483 4
209 159 210 163
610 34 619 34
204 186 205 190
640 178 648 178
149 293 153 294
265 28 269 29
839 213 848 213
492 199 501 199
849 333 853 334
450 106 459 106
105 183 109 184
119 118 123 119
424 308 425 312
574 276 578 277
180 137 184 138
235 378 239 379
273 40 277 41
563 188 567 189
795 352 799 353
306 36 310 37
639 309 648 309
165 5 169 6
641 176 645 177
195 252 204 252
539 356 543 357
81 220 81 229
193 274 197 275
655 185 664 185
613 133 622 133
621 320 630 320
325 46 334 46
812 39 821 39
402 128 402 137
822 323 826 324
413 100 416 101
722 4 731 4
549 64 557 64
898 303 902 304
348 286 356 286
773 308 777 309
804 33 805 37
460 320 461 324
445 134 449 135
882 84 883 88
882 51 886 52
289 304 293 305
604 118 612 118
40 347 44 348
372 385 376 386
850 320 854 321
21 52 21 61
732 302 741 302
25 133 29 134
473 213 477 214
236 164 240 165
265 214 274 214
817 381 818 385
439 16 440 20
423 0 432 0
455 202 459 203
764 272 768 273
16 341 17 345
22 118 22 127
673 363 677 364
465 339 474 339
145 303 154 303
275 228 284 228
732 315 733 319
203 75 207 76
803 147 812 147
8 365 9 369
68 136 68 145
434 267 443 267
716 265 720 266
273 123 273 132
803 94 807 95
736 359 737 363
647 201 651 202
416 62 425 62
185 330 189 331
670 97 679 97
19 160 28 160
828 147 832 148
150 119 154 120
736 241 740 242
753 69 755 71
668 339 677 339
454 24 458 25
883 384 887 385
501 265 505 266
28 295 28 304
90 271 94 272
260 385 261 389
681 330 685 331
174 253 178 254
846 169 855 169
333 117 334 121
565 71 574 71
406 350 407 354
251 174 253 176
585 139 589 140
527 23 528 27
488 310 497 310
11 54 11 63
720 31 729 31
392 166 401 166
107 112 111 113
777 214 781 215
318 93 327 93
899 136 900 140
831 55 840 55
230 61 234 62
848 355 852 356
633 112 634 116
522 50 531 50
801 93 810 93
897 153 901 154
465 222 469 223
271 68 275 69
524 274 533 274
492 79 501 79
490 134 494 135
481 166 485 167
180 17 187 17
243 23 247 24
413 141 414 145
415 85 424 85
387 316 396 316
239 312 240 316
183 9 187 10
698 373 707 373
413 174 422 174
499 37 500 41
596 278 605 278
688 274 692 275
132 351 141 351
605 91 606 94
622 201 626 202
682 201 691 201
156 107 160 108
531 162 540 162
779 348 783 349
400 249 409 249
69 10 69 19
352 329 356 330
132 391 141 391
834 219 843 219
647 190 656 190
80 253 84 254
732 113 732 122
513 380 522 380
459 76 463 77
508 363 512 364
431 292 435 293
571 360 580 360
690 139 694 140
812 163 816 164
163 126 172 126
8 111 9 115
196 151 205 151
508 335 508 344
509 367 518 367
412 283 416 284
654 219 663 219
882 339 886 340
459 396 463 397
692 86 696 87
243 83 249 83
113 85 122 85
357 96 357 105
610 255 614 256
861 332 870 332
850 56 851 60
839 253 848 253
48 0 48 9
116 126 116 135
149 179 153 180
461 178 470 178
854 53 863 53
41 66 41 75
344 140 348 141
431 373 435 374
507 181 511 182
125 277 125 286
517 115 526 115
213 132 214 136
716 331 725 331
7 10 7 19
424 380 428 381
361 86 365 87
355 163 364 163
884 382 888 383
255 61 259 62
765 89 769 90
797 2 806 2
861 37 865 38
582 6 586 7
561 235 562 239
716 315 717 319
716 202 725 202
336 13 340 14
532 194 541 194
800 73 801 77
82 50 91 50
351 160 360 160
673 335 677 336
133 282 137 283
316 315 320 316
735 247 739 248
97 355 98 359
824 270 828 271
867 53 871 54
53 301 57 302
824 272 828 273
690 191 694 192
325 77 329 78
390 382 394 383
573 270 577 271
389 307 398 307
51 32 51 41
613 385 622 385
482 79 491 79
262 232 271 232
437 206 437 215
818 11 822 12
781 369 790 369
68 181 77 181
116 16 116 25
68 253 69 257
45 211 45 220
61 258 62 262
31 0 31 9
698 284 702 285
191 99 192 103
7 69 7 78
640 370 646 370
680 34 683 35
732 72 741 72
636 13 645 13
659 302 663 303
796 11 797 15
263 157 272 157
864 116 873 116
765 185 774 185
248 40 252 41
566 42 570 43
153 61 153 70
862 45 866 46
103 6 104 10
108 84 117 84
470 59 479 59
671 124 672 128
887 163 891 164
536 177 545 177
423 359 427 360
770 326 774 327
899 328 903 329
509 230 513 231
636 165 642 165
353 73 357 74
423 280 432 280
843 154 847 155
359 325 362 326
21 363 21 372
252 266 253 270
691 349 695 350
288 267 295 267
640 97 649 97
804 81 808 82
883 149 892 149
229 179 238 179
730 247 734 248
447 187 448 191
645 255 649 256
817 108 821 109
239 132 240 136
611 175 615 176
148 71 157 71
597 380 598 384
398 272 407 272
590 111 594 112
368 40 377 40
657 182 661 183
592 170 600 170
412 6 416 7
199 385 203 386
4 371 4 380
319 119 319 128
474 315 483 315
608 283 617 283
396 18 405 18
16 218 25 218
590 119 599 119
401 307 402 311
627 342 636 342
77 246 77 255
473 80 474 84
395 203 399 204
798 154 802 155
643 63 647 64
177 12 178 14
834 374 843 374
177 285 186 285
97 120 98 124
700 320 704 321
258 9 262 10
421 189 422 193
118 86 119 90
76 217 85 217
480 137 484 138
31 121 40 121
849 382 853 383
734 315 735 319
814 5 818 6
427 196 431 197
92 25 96 26
196 4 205 4
867 325 876 325
194 55 203 55
564 16 573 16
588 363 592 364
551 42 555 43
874 132 876 134
851 198 855 199
246 235 255 235
577 229 581 230
691 204 692 208
130 383 139 383
798 195 807 195
509 319 518 319
625 277 634 277
3 305 4 309
474 3 478 4
182 35 191 35
260 378 264 379
269 327 273 328
655 71 664 71
447 383 456 383
230 145 234 146
233 272 237 273
604 210 608 211
827 265 834 265
388 205 396 205
766 315 770 316
868 157 872 157
297 163 306 163
416 245 420 246
189 180 198 180
229 258 233 259
185 288 186 292
763 26 772 26
226 188 227 192
45 15 49 16
871 160 875 161
349 80 358 80
47 128 48 132
667 337 676 337
627 347 636 347
263 59 272 59
76 335 76 344
848 227 852 228
317 63 321 64
824 261 828 262
143 42 147 43
273 360 276 361
305 123 309 124
820 279 821 282
453 369 457 370
536 101 540 102
360 192 364 193
385 85 394 85
114 337 118 338
642 46 646 47
248 392 252 393
865 212 874 212
230 56 239 56
389 184 398 184
713 283 717 284
5 91 6 95
77 384 78 388
112 379 113 383
608 68 612 69
189 179 198 179
683 338 687 339
772 292 781 292
448 379 456 379
516 42 520 43
489 202 493 203
154 27 161 27
644 179 648 180
219 386 223 387
281 65 290 65
710 46 718 46
27 234 27 243
249 391 258 391
319 38 323 39
622 286 631 286
872 353 881 353
307 63 311 64
898 56 899 60
669 166 678 166
627 229 631 230
159 208 168 208
213 349 214 353
207 224 211 225
757 137 761 138
367 387 371 388
819 178 823 179
478 388 487 388
669 112 678 112
395 385 397 387
57 313 61 314
650 97 659 97
287 307 288 311
335 163 344 163
147 156 151 157
742 260 751 260
493 221 495 223
479 249 480 253
241 51 245 52
878 225 879 229
879 342 883 343
404 273 408 274
53 41 62 41
451 245 455 246
325 65 329 66
551 355 555 356
715 122 716 126
212 197 216 198
248 350 252 351
832 234 841 234
520 237 521 241
243 181 247 182
850 44 859 44
124 335 128 336
143 282 147 283
801 261 802 265
130 286 139 286
42 333 46 334
483 377 487 378
667 343 671 344
486 263 490 264
50 268 51 272
174 316 175 320
849 367 858 367
774 161 778 162
773 32 782 32
883 14 886 15
483 294 487 295
406 150 415 150
390 65 394 66
729 178 738 178
569 290 578 290
704 178 708 179
720 235 724 236
851 119 852 123
364 343 368 344
564 117 568 118
58 346 59 350
112 143 121 143
761 117 765 118
160 101 164 102
749 348 753 349
342 89 346 90
134 270 138 271
161 231 170 231
775 352 779 353
557 181 566 181
395 366 400 366
50 367 54 368
793 16 797 17
585 134 586 138
312 120 312 129
270 345 271 349
441 205 441 214
796 169 805 169
663 257 672 257
378 23 382 24
60 318 64 319
232 215 233 219
346 343 348 345
862 123 866 124
70 221 74 222
783 30 787 31
134 112 135 115
93 311 102 311
545 129 549 130
360 203 364 204
97 322 98 323
249 253 253 254
550 120 554 121
765 300 774 300
12 94 16 95
890 78 899 78
506 55 510 56
735 167 744 167
348 111 348 120
523 310 530 310
194 381 203 381
167 313 176 313
420 32 421 36
884 9 888 10
149 122 150 126
263 55 272 55
886 246 895 246
54 337 58 338
784 149 793 149
588 283 592 284
836 88 840 89
112 79 121 79
473 234 477 235
387 31 396 31
582 389 586 390
751 198 755 199
838 114 842 115
677 201 681 201
678 274 687 274
294 43 303 43
201 288 202 292
897 349 901 350
731 358 740 358
64 372 65 376
472 79 481 79
847 279 850 280
17 147 18 151
278 2 282 3
277 353 281 354
873 65 877 66
72 313 76 314
116 109 125 109
735 311 739 312
817 68 826 68
85 382 86 386
609 294 618 294
602 2 606 3
625 57 629 58
832 353 841 353
421 157 425 158
398 305 407 305
828 194 832 195
729 220 730 224
437 58 446 58
420 125 424 126
380 355 384 356
594 118 603 118
121 13 130 13
861 30 865 31
681 72 690 72
613 82 617 83
138 98 147 98
115 154 124 154
405 110 409 111
873 157 877 158
121 372 125 373
176 19 185 19
266 142 270 143
387 235 391 236
279 38 283 39
902 103 911 103
883 284 887 285
122 265 131 265
701 345 705 346
572 293 581 293
714 197 723 197
280 322 289 322
638 192 642 193
299 99 303 100
169 152 173 153
358 215 359 219
129 128 133 129
881 281 890 281
906 290 907 294
514 20 518 21
634 352 643 352
103 98 107 99
512 36 521 36
328 122 332 123
637 267 641 268
526 316 529 317
642 246 651 246
354 380 358 381
92 234 92 243
743 356 747 357
831 222 835 223
536 328 545 328
747 274 751 275
645 103 649 104
286 345 287 349
833 32 842 32
824 196 828 197
427 6 431 7
84 374 88 375
673 284 682 284
292 232 296 233
232 323 236 324
756 265 760 266
665 156 674 156
395 214 404 214
550 338 559 338
118 164 118 169
277 225 286 225
700 8 709 8
709 129 713 130
25 284 26 288
798 173 802 174
257 195 258 196
513 363 517 364
823 243 832 243
183 228 187 229
407 29 411 30
886 223 895 223
724 2 728 3
855 301 859 302
16 354 20 355
851 42 853 43
850 78 851 82
311 238 312 242
383 54 392 54
561 246 565 247
456 242 465 242
106 70 106 79
408 231 409 235
253 2 257 3
26 240 26 249
156 378 160 379
598 237 602 238
748 154 752 155
480 375 489 375
408 303 417 303
61 37 65 38
3 61 3 70
571 86 580 86
905 195 909 196
637 201 641 202
316 14 325 14
355 107 355 116
638 290 647 290
369 294 378 294
887 102 891 103
57 0 57 9
857 369 861 370
455 382 464 382
825 212 834 212
671 350 675 351
153 274 154 278
804 84 813 84
632 141 641 141
779 79 783 80
643 54 652 54
475 305 479 306
542 382 551 382
767 211 776 211
775 102 784 102
570 326 574 327
64 316 73 316
86 209 90 210
11 362 15 362
673 124 674 128
789 20 793 21
266 303 275 303
142 372 151 372
522 65 526 66
668 75 677 75
190 86 194 87
487 379 496 379
803 322 812 322
14 244 14 253
286 221 295 221
529 389 530 391
721 198 725 199
393 250 402 250
36 23 37 27
804 22 813 22
708 143 709 147
293 226 297 227
323 49 332 49
510 271 519 271
683 244 687 245
412 313 416 314
212 390 216 391
338 361 347 361
895 136 896 140
393 359 397 360
528 188 532 189
481 347 485 348
254 314 258 315
492 300 496 301
165 252 174 252
97 177 97 186
697 259 701 260
890 233 894 234
637 32 646 32
409 391 418 391
606 134 610 135
217 224 221 225
589 294 598 294
571 201 575 202
512 199 521 199
562 262 566 263
514 320 515 324
443 240 452 240
602 239 606 240
563 283 567 284
181 132 182 136
43 61 52 61
90 252 91 255
507 207 511 208
409 3 413 4
31 254 31 263
709 20 713 21
913 254 914 257
519 194 523 195
436 50 440 51
811 69 815 70
625 117 634 117
697 291 706 291
63 0 63 9
292 178 301 178
302 372 311 372
228 215 229 219
831 37 835 38
68 342 69 346
587 345 591 346
295 188 299 189
129 164 133 165
202 284 211 284
444 63 445 67
112 356 116 357
675 191 679 192
248 352 252 353
531 163 540 163
307 163 314 163
354 124 358 125
809 349 813 349
87 293 87 302
531 11 535 12
512 85 514 86
357 63 361 64
769 161 773 162
769 220 770 224
524 262 533 262
465 183 474 183
635 156 639 157
586 334 595 334
4 0 4 9
150 359 151 363
272 49 281 49
211 127 220 127
393 238 394 242
433 341 437 342
612 4 621 4
661 350 665 351
272 395 276 396
567 317 576 317
475 278 479 279
906 315 913 315
500 165 509 165
301 295 305 296
354 175 362 175
732 267 736 268
618 161 619 165
28 29 37 29
593 276 595 278
19 159 28 159
797 370 806 370
47 42 51 43
371 198 375 199
270 385 271 389
851 127 855 128
648 80 649 83
525 129 529 130
814 368 823 368
254 179 255 183
609 297 610 301
905 48 907 50
392 87 392 96
616 348 617 352
284 43 293 43
316 101 325 101
594 288 598 289
19 52 19 61
640 50 644 51
851 186 860 186
574 330 575 334
523 257 532 257
113 339 122 339
183 274 184 278
250 322 259 322
727 383 736 383
407 315 411 316
196 383 200 384
819 110 828 110
233 132 234 136
75 231 75 240
512 307 516 308
127 298 131 299
395 130 395 139
833 306 834 310
46 171 47 175
838 397 842 397
213 228 217 229
18 193 18 202
112 386 116 387
367 8 371 9
357 382 366 382
844 41 853 41
617 91 621 92
335 227 339 228
385 134 385 143
384 38 388 39
791 7 800 7
254 193 261 193
271 297 280 297
607 389 611 390
248 346 252 347
845 94 849 95
435 307 439 308
526 14 533 14
842 47 851 47
443 136 452 136
706 265 710 266
685 315 689 316
764 62 773 62
260 22 268 22
238 207 247 207
606 13 615 13
789 135 793 136
473 200 474 204
752 137 756 138
663 159 672 159
152 287 161 287
151 61 151 70
759 336 760 340
904 328 908 329
15 0 15 9
760 28 764 29
76 382 80 383
712 56 713 60
25 240 25 249
284 125 285 129
885 190 889 191
887 51 891 52
514 296 518 297
604 348 605 352
784 254 793 254
614 59 623 59
758 359 759 363
98 213 98 222
422 320 423 324
589 59 593 60
306 235 315 235
572 382 576 383
911 34 913 36
730 375 739 375
859 262 863 263
463 14 464 18
621 88 630 88
787 68 796 68
736 306 739 307
30 133 34 134
852 343 861 343
820 365 829 365
619 328 623 329
170 268 179 268
803 78 807 79
257 177 266 177
325 94 334 94
775 261 784 261
126 191 135 191
582 147 583 151
546 250 555 250
445 390 454 390
153 371 162 371
487 198 496 198
609 162 610 166
205 226 209 227
344 27 353 27
250 264 259 264
794 11 795 15
855 23 856 27
606 177 615 177
229 180 238 180
585 129 586 133
186 318 187 322
373 265 377 266
476 164 485 164
598 173 602 174
895 364 899 365
658 173 662 174
895 187 904 187
695 246 699 247
546 127 555 127
458 363 467 363
295 206 304 206
807 340 816 340
166 146 167 150
690 97 699 97
526 200 530 201
634 118 634 127
833 397 837 398
228 348 236 348
431 218 440 218
789 129 793 130
106 349 107 353
433 87 437 88
482 36 491 36
529 304 538 304
208 297 212 298
825 295 826 299
854 102 863 102
887 350 891 351
102 25 106 26
395 99 399 100
413 210 417 211
339 102 340 106
331 51 340 51
74 191 78 192
87 25 91 26
367 17 371 18
331 53 340 53
696 345 700 346
94 312 103 312
630 129 634 130
98 223 99 227
376 71 380 72
315 206 324 206
729 208 730 212
491 311 495 312
703 298 707 299
374 242 374 251
884 349 891 349
207 232 211 233
332 29 336 30
199 306 208 306
21 315 21 324
343 393 347 394
208 9 212 10
296 121 296 130
97 380 97 389
166 175 170 176
462 6 466 7
769 296 770 299
393 231 402 231
604 0 613 0
731 376 740 376
487 169 491 170
377 29 381 30
335 259 336 262
381 87 382 91
628 114 632 115
628 357 637 357
513 72 522 72
640 171 644 172
719 0 728 0
885 390 889 391
342 130 350 130
861 0 865 1
724 10 728 11
736 186 740 187
549 312 550 316
33 34 33 43
600 171 604 172
28 35 28 44
743 159 752 159
305 378 309 379
569 77 578 77
60 33 64 34
250 91 254 92
252 329 256 330
555 120 559 121
181 369 190 369
263 23 267 24
807 165 816 165
433 53 437 54
784 270 788 271
569 166 578 166
203 142 212 142
347 161 356 161
800 240 801 244
845 235 849 236
722 381 726 382
49 296 49 305
53 300 62 300
113 199 117 200
359 339 368 339
517 379 526 379
90 214 90 223
736 372 745 372
178 207 187 207
673 73 677 74
478 262 479 266
265 88 274 88
473 148 477 149
863 218 864 222
137 240 141 241
564 12 573 12
217 197 221 198
546 349 547 352
287 316 288 320
689 99 690 103
403 141 407 142
370 375 379 375
728 359 729 363
51 163 52 167
835 235 839 236
220 131 229 131
652 324 656 325
337 215 341 216
821 245 825 246
737 300 741 301
561 265 562 269
893 23 894 27
788 94 792 95
641 134 650 134
795 345 804 345
811 88 815 89
632 258 636 259
41 298 41 307
481 225 482 229
412 78 416 79
789 10 798 10
853 8 862 8
266 68 270 69
89 185 89 194
632 225 641 225
357 231 366 231
120 106 129 106
868 265 872 266
282 329 283 333
464 334 473 334
521 243 522 247
881 377 882 381
328 385 329 388
700 63 704 64
275 229 284 229
704 40 704 49
100 251 108 251
138 282 142 283
631 142 640 142
579 207 583 208
806 49 815 49
319 308 321 310
423 341 427 342
262 309 266 310
733 78 742 78
706 355 715 355
869 303 873 304
447 91 447 100
36 315 40 316
268 282 272 283
589 314 598 314
832 151 841 151
327 182 331 183
538 285 547 285
35 95 39 96
245 77 249 78
153 28 157 29
572 347 581 347
707 370 716 370
505 336 505 345
582 313 591 313
185 86 189 87
27 284 28 288
486 146 490 147
484 151 488 152
436 299 445 299
69 294 70 298
171 238 172 242
112 222 116 223
491 146 495 147
48 346 57 346
488 388 497 388
132 131 136 132
843 30 844 34
170 22 179 22
83 120 84 124
843 302 844 306
446 62 447 66
298 50 307 50
629 302 633 303
770 352 774 353
398 385 402 386
464 180 473 180
86 177 95 177
285 212 289 213
36 93 40 94
30 213 31 217
116 57 120 58
557 219 566 219
535 226 539 227
541 360 550 360
492 47 501 47
385 282 394 282
186 57 190 58
749 220 750 224
289 103 297 103
642 384 650 384
136 326 140 327
727 214 728 218
579 371 583 372
864 263 868 263
181 302 185 303
589 253 597 253
757 214 761 215
474 334 483 334
787 150 791 151
400 232 400 241
178 122 178 131
868 271 872 272
606 86 610 87
840 368 849 368
85 278 94 278
452 9 458 9
2 314 2 323
382 385 386 386
371 373 375 374
864 366 873 366
366 62 375 62
852 141 855 142
566 250 575 250
119 374 123 375
636 78 645 78
617 297 618 301
151 194 152 198
371 189 375 190
389 367 393 368
669 135 673 136
687 343 691 344
478 87 482 88
248 15 257 15
767 295 776 295
710 97 719 97
368 53 372 54
543 311 552 311
485 325 486 329
799 188 808 188
527 295 531 296
531 360 540 360
824 293 828 294
781 251 790 251
376 357 380 358
576 137 577 141
712 86 713 90
642 188 646 189
299 301 303 302
540 256 544 257
321 109 321 118
519 76 523 77
814 149 823 149
751 346 760 346
609 75 613 76
70 256 74 257
781 168 790 168
253 234 262 234
401 71 405 72
355 91 359 92
81 256 82 260
132 262 136 263
587 32 591 33
292 161 296 162
388 210 392 211
744 149 753 149
84 173 88 174
412 247 416 248
341 161 346 161
700 97 709 97
431 260 435 261
157 328 161 329
438 32 439 36
0 384 0 393
572 61 576 62
219 349 220 353
382 292 386 293
835 152 844 152
24 52 24 61
243 103 252 103
591 126 595 127
577 258 581 259
731 336 732 340
153 98 162 98
161 159 162 163
140 268 144 269
59 0 59 9
872 305 881 305
111 372 115 373
315 351 319 352
37 328 38 332
71 36 75 37
285 316 286 320
197 172 201 173
10 352 18 352
817 325 826 325
222 27 223 29
108 150 109 154
137 13 138 17
580 171 584 172
310 48 319 48
197 89 198 93
211 360 212 364
146 91 150 92
317 299 321 300
50 32 50 41
55 385 56 389
715 30 719 31
640 150 649 150
705 235 709 236
610 194 618 194
314 338 318 339
433 265 437 266
408 348 417 348
842 163 846 164
701 145 702 149
77 213 86 213
84 119 93 119
235 343 244 343
263 2 267 3
876 313 885 313
868 367 872 368
671 181 680 181
179 274 180 278
331 362 335 363
162 326 166 327
836 376 844 376
811 203 815 204
730 8 739 8
579 77 588 77
55 163 56 167
122 178 131 178
302 215 306 216
228 315 228 324
847 331 856 331
719 178 723 179
106 318 108 320
79 304 88 304
223 9 227 10
854 137 858 138
641 163 645 164
846 25 850 26
218 388 222 389
753 298 762 298
770 4 778 4
484 21 488 22
863 316 867 317
713 100 717 101
894 9 898 10
127 296 131 297
768 154 772 155
768 359 769 363
760 359 761 363
856 69 857 73
293 238 294 242
453 187 454 191
861 173 865 174
333 210 337 211
499 194 503 195
497 224 506 224
793 220 794 224
699 98 700 102
560 394 564 395
260 46 261 49
261 297 270 297
411 398 420 398
625 34 629 35
907 381 914 381
805 131 813 131
863 322 871 322
433 243 437 244
574 12 583 12
111 133 115 134
258 179 262 180
466 64 475 64
791 98 795 99
333 69 342 69
455 99 459 100
41 139 45 140
627 6 629 7
180 268 189 268
380 300 384 301
277 142 278 146
845 91 849 92
870 100 871 104
685 197 688 198
274 43 283 43
111 91 115 92
316 312 325 312
512 61 516 62
447 159 451 160
10 330 14 331
668 318 672 319
488 378 497 378
340 379 349 379
89 59 98 59
773 284 777 285
583 291 592 291
232 20 241 20
431 18 432 22
682 46 685 47
150 357 154 358
512 8 521 8
197 177 206 177
801 201 805 202
358 272 367 272
752 234 761 234
519 93 520 97
870 192 874 192
146 39 155 39
191 166 195 167
19 339 28 339
572 148 581 148
172 329 179 329
833 311 837 312
135 110 139 111
40 45 40 54
646 331 650 332
432 175 433 178
218 57 222 58
508 259 510 261
546 312 546 321
803 295 804 299
108 395 117 395
628 154 632 155
498 11 502 12
109 248 110 252
487 251 496 251
309 304 310 308
672 194 676 195
102 50 111 50
681 117 685 118
314 179 318 180
566 272 570 273
359 199 360 202
500 137 504 137
832 108 841 108
781 69 785 70
794 197 803 197
912 249 914 250
136 63 136 72
201 211 205 212
639 77 648 77
412 8 416 9
667 32 671 33
277 200 279 202
48 347 57 347
843 83 847 84
9 245 9 254
535 348 539 349
440 388 444 389
756 359 757 363
646 175 655 175
603 23 607 24
175 374 184 374
119 303 123 304
75 318 79 319
807 370 816 370
109 120 110 124
580 167 584 168
465 386 469 387
461 218 465 219
100 383 109 383
227 132 228 136
7 186 7 195
129 270 133 271
147 12 151 13
902 150 906 151
455 187 456 191
629 293 633 294
307 238 308 242
477 283 481 284
31 153 35 154
813 383 814 387
60 0 60 9
329 38 333 39
356 96 356 105
356 269 365 269
538 365 547 365
519 151 523 152
446 341 455 341
245 81 249 82
479 82 488 82
130 5 134 6
906 54 907 58
92 346 96 347
84 228 84 237
128 272 132 273
225 315 225 324
910 213 914 214
613 112 617 113
362 226 371 226
488 190 497 190
269 144 270 148
88 293 88 302
685 26 694 26
25 305 25 314
163 104 167 105
216 243 217 247
288 277 292 278
386 157 390 158
348 207 357 207
75 78 79 79
226 164 230 165
40 243 40 252
553 260 557 261
512 224 516 225
473 369 477 370
640 34 644 35
64 186 64 195
357 1 366 1
703 173 707 174
807 184 816 184
770 262 774 263
605 111 614 111
895 126 899 127
537 170 541 170
51 288 52 292
664 296 665 300
191 104 195 105
136 141 145 141
361 104 361 113
124 15 124 24
373 89 373 98
670 34 674 35
892 109 896 110
281 36 285 37
527 385 531 386
580 149 581 153
722 65 726 66
433 75 442 75
445 222 449 223
861 209 865 210
469 151 473 152
666 209 670 210
266 128 267 130
302 35 311 35
193 388 202 388
606 376 610 377
648 244 652 245
692 182 696 183
697 184 706 184
40 37 49 37
743 47 747 48
357 199 358 202
341 112 341 121
317 173 318 177
330 190 339 190
207 144 208 148
149 61 149 70
308 210 312 211
244 371 253 371
259 80 268 80
457 7 461 8
253 144 262 144
869 194 873 195
826 69 830 70
574 29 578 30
261 106 265 107
644 124 648 125
519 389 520 393
247 220 256 220
168 316 169 320
557 386 561 387
619 232 620 236
163 292 172 292
234 279 235 283
52 15 53 19
556 187 565 187
469 254 478 254
485 339 494 339
103 311 112 311
244 193 253 193
814 62 823 62
403 307 404 311
69 231 69 240
215 378 219 379
527 258 531 259
877 369 881 370
325 262 334 262
104 77 105 81
181 145 182 149
274 70 283 70
393 252 402 252
873 341 882 341
885 91 889 92
83 339 87 340
213 360 214 364
479 299 488 299
582 182 591 182
476 309 477 312
239 208 248 208
283 2 287 3
533 378 542 378
621 386 630 386
266 357 275 357
279 397 281 398
680 100 684 101
119 137 123 138
580 34 589 34
649 179 653 180
792 336 796 337
838 122 842 123
236 101 240 102
276 221 285 221
645 326 649 327
298 132 302 133
643 198 647 199
868 56 869 60
406 200 410 201
875 235 879 236
775 397 779 398
850 247 854 248
695 326 699 327
93 125 102 125
204 312 213 312
155 272 164 272
808 33 809 37
816 244 825 244
76 162 85 162
728 335 737 335
277 19 286 19
382 190 386 191
606 156 610 157
172 158 181 158
117 141 121 142
301 316 305 317
707 33 716 33
582 343 591 343
477 330 486 330
732 330 741 330
691 85 700 85
366 104 367 108
570 122 579 122
144 62 144 71
369 134 373 135
108 86 109 90
36 76 36 85
720 143 721 147
891 4 892 8
467 101 476 101
31 187 40 187
116 300 120 301
367 335 376 335
398 287 407 287
640 126 644 127
486 133 495 133
219 208 228 208
615 119 619 120
702 233 706 234
108 295 117 295
866 56 867 60
66 81 70 82
27 57 27 66
23 10 23 19
632 152 636 153
697 117 697 126
119 15 119 24
804 72 805 76
787 381 794 381
89 170 93 171
59 337 60 341
629 77 638 77
476 162 480 163
634 31 643 31
99 132 103 133
299 168 303 169
469 100 478 100
544 11 548 12
901 264 910 264
746 204 750 205
892 112 893 116
571 132 575 133
849 188 858 188
429 10 438 10
110 145 110 154
842 279 846 280
169 127 169 136
250 271 259 271
750 394 759 394
198 32 202 33
724 116 724 125
24 320 28 321
335 145 339 146
492 63 501 63
644 302 653 302
797 65 801 66
316 196 320 197
137 346 141 347
4 245 4 254
190 69 199 69
267 44 271 45
775 91 779 92
22 27 26 28
874 250 883 250
614 20 618 21
144 312 153 312
331 12 340 12
705 185 714 185
272 243 273 247
143 40 147 41
813 159 822 159
409 127 410 131
198 220 206 220
144 72 153 72
59 81 59 90
298 277 302 278
165 328 174 328
121 100 125 101
734 334 743 334
517 325 518 329
98 228 102 229
666 331 670 332
359 319 363 320
433 220 437 221
238 42 247 42
403 126 412 126
497 330 506 330
661 384 670 384
1 30 1 39
385 227 386 231
461 200 465 201
889 289 898 289
634 29 638 29
863 241 872 241
821 330 830 330
286 14 295 14
369 310 378 310
148 42 152 43
324 319 328 320
581 124 585 125
750 232 759 232
609 371 613 372
0 124 1 128
852 350 856 351
412 29 416 30
591 386 600 386
111 128 115 129
283 336 284 340
464 296 473 296
520 136 529 136
130 121 139 121
510 332 514 333
442 79 451 79
377 161 381 162
110 191 114 192
646 333 655 333
196 66 205 66
61 35 65 36
745 295 754 295
343 15 347 16
413 69 417 70
763 303 772 303
872 267 881 267
139 306 148 306
572 147 581 147
538 53 542 54
662 239 666 240
350 181 359 181
419 353 428 353
586 274 589 275
175 137 179 138
24 394 28 395
746 177 755 177
423 69 427 70
727 274 731 275
251 36 255 37
372 35 376 36
342 79 351 79
706 286 710 287
807 2 808 6
290 91 294 92
622 189 631 189
370 212 374 213
597 389 601 390
300 123 304 124
543 28 552 28
592 296 601 296
892 68 896 69
543 230 545 231
287 134 288 137
391 71 395 72
352 35 361 35
147 256 148 260
441 260 445 261
84 349 85 353
639 224 648 224
894 360 903 360
335 331 339 332
638 318 642 319
669 161 670 165
132 195 136 196
205 369 209 370
676 345 680 346
702 310 706 311
208 73 217 73
615 27 619 28
487 249 491 250
163 142 172 142
617 9 626 9
649 120 658 120
738 30 742 31
64 167 68 168
27 128 28 132
490 59 491 63
603 162 604 166
97 223 97 232
77 276 81 277
154 312 163 312
836 37 840 38
238 219 247 219
181 385 183 387
155 133 155 142
660 228 666 228
32 0 32 9
366 165 374 165
784 272 788 273
604 14 608 15
498 260 502 261
379 215 383 216
640 371 647 371
291 53 300 53
893 165 902 165
718 244 722 245
318 57 322 58
435 90 444 90
3 396 7 397
93 219 93 228
192 395 196 396
424 91 425 95
335 214 344 214
622 383 631 383
173 292 174 296
842 139 843 143
588 254 597 254
191 96 195 97
767 38 776 38
496 205 500 206
688 238 692 239
176 175 180 176
796 88 800 89
53 57 54 61
216 13 220 14
121 91 125 92
566 86 570 87
866 372 870 373
734 219 743 219
624 334 633 334
298 191 307 191
759 100 761 101
496 351 500 352
477 300 481 301
626 278 635 278
586 57 595 57
511 366 520 366
557 17 566 17
553 363 557 364
14 196 14 205
602 181 606 182
543 46 549 46
750 294 759 294
791 332 800 332
570 45 574 46
744 379 748 380
355 243 355 252
864 384 868 385
128 395 137 395
440 161 449 161
860 368 867 368
426 361 435 361
588 318 592 319
434 43 442 43
890 101 894 101
112 264 116 265
290 87 294 88
132 314 141 314
101 6 102 10
245 132 246 136
631 186 635 187
49 237 50 241
1 314 1 323
97 13 101 14
160 22 169 22
358 40 367 40
70 263 74 264
627 188 636 188
573 113 574 116
349 270 358 270
579 290 588 290
237 220 246 220
816 333 825 333
820 392 824 393
661 22 670 22
30 264 30 273
725 185 734 185
507 316 515 316
824 22 833 22
334 206 343 206
85 365 89 366
332 299 341 299
228 76 237 76
457 316 466 316
486 397 495 397
223 186 227 187
437 185 446 185
584 220 585 224
200 214 204 215
127 30 131 31
222 354 226 355
247 222 256 222
477 37 478 41
92 296 96 297
692 194 696 195
612 366 616 367
195 382 204 382
542 184 546 185
814 349 823 349
430 356 439 356
854 51 858 52
205 77 209 78
551 23 552 27
636 333 645 333
25 260 25 269
527 212 531 213
156 68 160 69
231 66 239 66
668 338 677 338
276 345 277 349
462 320 466 321
259 306 268 306
759 10 768 10
713 50 714 54
705 211 709 212
388 200 395 200
82 102 86 103
488 128 492 129
217 349 218 353
797 46 798 50
794 338 803 338
879 21 888 21
850 215 854 216
491 175 495 176
619 198 622 199
10 64 10 73
318 237 326 237
590 178 599 178
491 292 495 293
238 119 242 120
717 51 718 54
167 84 171 85
570 104 574 105
101 120 102 124
294 371 303 371
585 323 594 323
312 243 316 244
643 122 647 123
731 123 735 124
32 213 33 217
346 21 355 21
426 206 435 206
910 256 912 257
287 161 291 162
552 184 556 185
588 37 592 38
220 30 229 30
843 85 847 86
552 368 561 368
65 67 65 76
872 47 878 47
351 359 360 359
329 10 338 10
250 69 259 69
176 316 177 320
47 156 51 157
882 112 883 116
377 241 377 250
391 227 392 231
718 252 722 253
759 11 760 15
256 235 265 235
467 169 471 170
666 120 670 121
257 232 261 233
865 386 869 387
814 161 818 162
738 200 747 200
308 2 317 2
161 230 170 230
294 179 298 180
9 158 9 167
650 67 654 68
367 94 367 103
902 353 908 353
25 346 26 350
813 361 817 362
469 353 473 354
357 89 361 90
106 80 110 81
400 396 403 397
460 302 469 302
710 292 713 293
47 105 48 109
504 16 508 17
672 2 676 3
186 235 195 235
880 225 881 229
834 76 843 76
268 155 272 156
521 131 530 131
673 371 677 372
908 291 909 294
630 151 639 151
138 325 147 325
168 376 172 377
372 186 381 186
556 206 565 206
853 63 857 64
263 84 272 84
237 349 246 349
177 119 181 120
568 215 576 215
679 124 680 128
306 172 315 172
762 359 763 363
193 376 197 377
681 124 685 125
335 317 339 318
706 306 710 307
176 73 180 74
686 227 687 231
476 217 480 218
154 25 158 26
526 112 530 113
602 32 606 33
184 248 193 248
226 105 235 105
825 160 834 160
469 76 473 77
358 224 364 224
552 226 553 230
316 223 325 223
248 73 252 74
789 220 790 224
365 370 367 372
856 180 865 180
702 249 711 249
892 369 896 370
463 280 472 280
844 19 853 19
581 80 585 81
851 23 852 27
163 385 167 386
311 333 320 333
260 266 261 270
740 45 749 45
331 238 332 242
649 106 649 114
50 193 51 197
831 40 840 40
148 273 157 273
576 330 577 334
107 356 111 357
17 30 17 39
438 336 439 339
403 105 407 106
99 233 99 242
527 170 536 170
432 47 441 47
857 187 866 187
593 298 593 307
822 353 831 353
116 2 125 2
296 36 300 37
589 14 593 15
713 154 717 155
609 123 609 132
355 384 364 384
211 336 220 336
63 41 72 41
279 238 280 242
876 347 880 348
21 25 21 34
6 10 6 19
411 100 412 101
331 356 332 358
140 364 144 365
884 181 893 181
58 94 62 95
592 389 596 390
758 200 767 200
37 72 37 81
164 280 168 281
210 309 214 310
263 393 267 394
716 198 720 199
145 119 149 120
438 379 447 379
721 78 722 82
29 320 38 320
663 335 667 336
185 5 189 6
484 5 493 5
687 54 691 55
772 67 781 67
737 274 741 275
645 106 645 115
695 167 704 167
204 295 208 296
0 92 0 101
445 137 449 138
611 150 615 151
897 30 898 34
356 389 365 389
617 366 621 367
76 268 77 272
914 308 914 312
792 164 801 164
851 55 860 55
781 42 785 43
813 244 815 246
503 69 507 70
685 23 689 24
67 384 76 384
32 328 36 329
643 144 652 144
307 311 316 311
302 327 303 331
590 90 599 90
600 111 604 111
359 151 368 151
337 284 341 285
850 396 859 396
10 226 14 227
336 161 340 162
204 337 206 339
229 284 238 284
257 21 266 21
730 311 734 312
816 245 820 246
201 104 205 105
895 282 896 286
456 216 465 216
513 118 517 119
654 0 663 0
8 74 8 83
303 57 307 58
82 349 83 353
130 242 139 242
470 278 474 279
99 117 103 118
317 25 321 26
272 331 276 332
108 155 112 156
7 59 7 68
365 85 374 85
723 55 732 55
803 371 812 371
186 164 190 165
709 170 718 170
250 262 254 263
661 163 665 164
340 331 342 333
907 162 911 163
186 38 190 39
693 257 697 258
307 25 311 26
57 81 57 90
600 217 609 217
727 263 731 264
786 98 790 99
707 150 711 151
395 232 395 241
462 248 471 248
911 51 912 52
211 132 212 136
472 34 476 35
126 175 130 176
799 387 803 388
99 59 108 59
246 303 255 303
550 335 557 335
698 290 707 290
578 339 587 339
753 73 757 74
555 91 556 95
96 349 97 353
683 38 687 39
68 28 72 29
16 137 20 138
833 318 842 318
845 212 854 212
31 155 35 156
771 366 773 368
157 326 161 327
904 199 907 200
117 30 121 31
865 247 869 248
255 226 259 227
394 328 403 328
488 363 492 364
356 267 359 268
106 317 115 317
114 341 123 341
291 333 295 334
762 267 766 268
27 97 31 98
69 61 78 61
18 374 19 378
113 82 117 83
245 386 249 387
825 102 834 102
592 48 594 50
560 226 561 230
436 320 437 324
409 12 410 16
595 316 604 316
486 52 495 52
770 51 770 60
578 82 582 83
211 211 215 212
424 55 428 56
294 70 303 70
758 47 762 48
263 32 267 33
243 278 252 278
769 386 773 387
235 369 239 370
118 170 119 174
529 254 538 254
606 186 610 187
292 108 301 108
666 348 670 349
567 103 575 103
357 177 366 177
90 16 91 20
249 306 258 306
179 351 183 352
501 312 510 312
748 356 752 357
755 237 762 237
627 61 631 62
545 23 546 27
521 99 525 100
551 133 560 133
387 260 391 261
523 260 527 261
117 16 117 25
268 9 272 10
788 361 792 362
114 182 123 182
416 317 420 318
482 301 486 302
696 341 700 342
756 187 765 187
165 315 174 315
868 397 872 398
816 103 817 107
788 119 792 120
84 53 86 54
109 21 113 22
396 40 400 41
326 221 330 222
737 138 746 138
120 96 124 97
266 250 270 251
429 181 438 181
162 368 171 368
559 38 568 38
689 154 690 157
727 125 731 126
351 71 355 72
735 105 739 106
83 184 92 184
879 303 883 304
212 253 213 257
3 20 3 29
392 97 392 106
810 315 811 319
705 292 709 293
626 186 630 187
527 78 531 79
123 185 132 185
736 368 745 368
147 24 156 24
399 26 408 26
542 78 546 79
38 384 47 384
383 174 392 174
318 27 326 27
801 186 805 187
766 127 770 128
482 68 491 68
43 365 52 365
911 104 912 108
90 76 90 85
395 105 399 106
222 109 223 113
262 331 266 332
767 366 770 367
99 306 108 306
81 136 81 145
192 318 193 322
785 203 786 207
198 282 202 283
327 284 331 285
379 264 388 264
501 42 505 43
307 243 311 244
477 6 481 7
577 246 581 247
460 326 469 326
96 177 96 186
126 177 135 177
402 226 404 228
606 136 610 137
533 257 539 257
361 162 366 162
422 151 423 155
17 108 18 112
747 184 756 184
66 253 67 257
877 239 886 239
565 158 569 159
581 175 585 176
694 137 698 137
507 252 511 253
27 104 31 105
350 192 354 193
400 189 401 193
796 105 797 109
781 127 785 128
365 232 374 232
170 266 174 267
761 98 765 99
539 29 543 30
527 198 536 198
191 394 200 394
324 376 333 376
731 308 739 308
397 33 401 34
43 107 44 111
866 64 875 64
518 369 522 370
714 334 723 334
549 15 553 16
225 145 229 146
693 244 697 245
30 80 31 84
464 9 468 10
636 41 637 45
494 362 503 362
66 0 66 9
524 20 528 21
501 176 505 177
297 327 301 328
676 300 680 301
285 230 289 231
173 311 182 311
842 184 846 185
278 0 282 1
177 110 178 114
324 263 328 264
723 278 732 278
14 394 18 395
370 181 379 181
295 281 299 282
68 10 68 19
150 266 154 267
631 18 635 19
432 234 436 235
185 323 189 324
557 162 558 166
731 176 740 176
312 43 321 43
473 209 474 212
684 0 693 0
101 134 102 138
654 20 658 21
203 185 211 185
710 320 714 321
480 1 484 2
811 369 816 369
64 320 68 321
871 347 875 348
263 234 272 234
404 217 408 218
832 63 833 67
428 82 432 83
437 31 446 31
102 4 106 5
401 362 405 363
458 320 459 324
317 31 326 31
125 256 126 260
516 265 520 266
407 324 411 325
88 175 92 176
810 100 814 101
214 139 223 139
97 53 101 54
35 109 36 113
443 338 444 341
549 266 551 267
881 345 885 346
106 166 115 166
465 307 469 308
426 292 430 293
691 330 695 331
108 32 112 33
194 213 201 213
421 285 425 286
295 113 296 117
445 384 446 388
236 211 240 212
578 231 587 231
661 120 665 121
603 82 612 82
789 293 798 293
868 217 877 217
848 154 852 155
103 82 107 83
895 195 904 195
414 188 423 188
164 130 164 139
423 105 432 105
334 301 338 302
610 77 611 81
156 46 160 47
772 234 781 234
429 76 438 76
373 53 377 54
443 328 447 329
404 396 408 397
372 57 376 58
175 122 175 131
212 338 221 338
87 45 91 46
640 90 649 90
685 159 688 160
788 53 789 57
903 37 907 38
295 85 299 86
190 194 199 194
302 25 306 26
427 313 431 314
548 391 552 392
794 385 803 385
489 139 498 139
163 50 164 54
457 34 466 34
286 104 290 105
209 258 218 258
92 126 93 130
367 260 371 261
783 114 787 115
910 88 911 91
249 168 253 169
470 231 479 231
444 230 448 231
686 258 687 262
483 9 484 13
556 72 560 73
242 289 251 289
278 156 282 157
722 337 722 345
861 244 865 244
717 324 721 325
880 112 881 116
435 300 439 301
140 48 149 48
3 391 4 395
511 102 520 102
356 83 360 84
289 260 290 264
626 67 634 67
210 316 219 316
722 67 726 68
838 398 847 398
653 146 662 146
220 199 224 200
621 18 625 19
243 3 252 3
55 366 59 367
451 112 455 113
517 308 520 309
456 276 460 277
822 276 826 277
312 25 316 26
700 25 704 25
334 380 338 381
458 377 462 378
448 37 452 38
426 299 435 299
18 364 18 373
728 22 737 22
817 337 826 337
783 46 784 50
36 122 37 126
313 226 321 226
223 181 227 182
236 13 240 14
550 0 554 1
573 23 577 24
844 103 848 104
826 129 830 130
566 80 570 81
743 208 744 212
200 364 204 365
343 135 352 135
683 173 687 174
347 390 356 390
298 157 307 157
430 134 434 135
200 56 209 56
735 345 744 345
364 131 368 132
24 184 24 193
254 126 255 129
680 213 689 213
779 135 783 136
573 244 577 245
422 30 431 30
211 121 215 122
910 205 914 206
840 190 844 191
147 122 148 126
301 53 307 53
383 15 392 15
313 354 322 354
862 343 871 343
119 139 128 139
639 314 648 314
421 317 425 318
723 318 727 319
43 31 52 31
686 232 695 232
302 281 309 281
342 8 346 9
639 289 648 289
665 1 670 1
428 12 432 13
483 291 489 291
395 28 404 28
482 196 486 197
2 59 6 60
844 382 848 383
199 132 200 136
398 73 402 74
235 299 244 299
897 282 898 286
575 323 584 323
771 315 775 316
836 0 840 1
126 192 135 192
539 304 548 304
624 288 628 289
56 211 60 212
818 200 819 204
858 56 859 60
722 194 726 195
378 145 379 149
70 390 71 394
200 373 204 373
184 186 185 190
810 176 814 177
210 69 219 69
60 263 64 264
15 119 15 128
291 260 292 264
431 191 440 191
134 315 138 316
781 246 785 247
901 227 910 227
706 9 715 9
431 41 433 43
560 278 569 278
551 18 555 19
839 161 843 162
41 342 42 346
481 342 482 346
371 50 375 51
816 169 825 169
388 377 392 378
329 301 333 302
96 291 97 295
733 201 742 201
255 201 264 201
392 247 396 248
110 309 115 309
728 284 732 285
360 94 360 103
691 124 692 128
432 325 436 326
302 284 306 285
487 65 491 66
38 120 47 120
780 225 781 229
300 111 300 120
606 18 610 19
479 9 480 13
664 214 668 215
691 396 700 396
39 216 43 217
93 281 97 282
489 200 493 201
147 172 151 173
345 143 349 144
312 178 321 178
45 221 49 222
248 215 249 219
262 348 263 352
844 69 845 73
764 158 773 158
814 103 815 107
504 18 513 18
782 315 783 319
396 19 398 21
54 316 63 316
781 198 785 199
880 95 884 96
148 132 157 132
596 292 605 292
566 330 567 334
779 274 781 276
367 182 371 183
306 147 307 151
276 204 280 205
285 281 294 281
488 241 497 241
857 340 861 341
827 156 836 156
217 156 226 156
374 340 383 340
903 136 904 140
603 274 607 275
520 92 528 92
11 290 11 299
803 250 811 250
534 319 534 328
192 178 201 178
405 85 414 85
902 229 911 229
841 42 845 43
763 94 767 95
460 99 463 100
256 238 260 239
513 344 522 344
856 133 860 134
620 132 629 132
566 124 570 125
502 144 511 144
840 364 844 365
84 218 84 227
694 16 703 16
633 232 634 236
111 120 112 124
75 110 79 111
14 154 15 158
118 49 127 49
479 139 488 139
903 280 904 284
304 168 308 169
370 65 374 66
349 304 358 304
18 380 27 380
679 314 688 314
12 154 13 158
692 366 696 367
850 101 859 101
417 390 426 390
479 194 488 194
3 174 3 183
798 60 807 60
164 253 168 254
528 260 532 261
298 102 302 103
686 269 695 269
575 281 579 282
209 179 213 180
128 120 128 129
442 273 446 274
854 181 863 181
419 76 423 77
54 213 58 214
284 325 288 326
892 377 893 380
431 85 432 89
122 396 131 396
872 379 876 380
115 96 119 97
0 62 0 71
228 34 237 34
6 270 6 279
776 133 780 134
71 267 80 267
3 10 3 19
817 65 821 66
664 0 673 0
713 244 717 245
351 366 352 370
518 260 522 261
810 365 819 365
641 308 650 308
841 25 845 26
835 266 842 266
227 27 231 28
167 44 171 45
736 118 737 122
763 121 772 121
306 104 310 105
194 216 198 217
886 290 887 294
536 250 545 250
779 130 788 130
829 366 833 366
799 389 808 389
502 181 506 182
589 75 593 76
328 112 328 121
57 243 57 252
614 348 615 352
356 245 357 249
556 250 565 250
541 23 542 27
530 342 534 343
506 133 515 133
552 312 552 321
71 54 72 58
293 146 302 146
712 263 716 264
576 132 580 133
550 139 554 140
487 330 496 330
164 312 173 312
84 126 85 130
878 117 882 118
773 77 774 81
114 256 118 257
98 61 107 61
27 274 27 283
270 293 279 293
644 222 653 222
641 348 645 349
507 243 511 244
422 311 423 315
301 111 301 120
738 365 746 365
440 320 441 324
188 181 192 182
696 94 705 94
448 303 457 303
500 171 504 172
880 177 889 177
142 44 146 45
310 345 311 349
280 293 288 293
591 86 595 87
171 204 180 204
633 82 637 83
859 382 863 383
405 394 409 395
316 203 319 204
19 147 28 147
478 53 482 54
665 154 669 155
908 77 908 86
28 183 28 192
613 376 614 380
200 183 204 184
731 220 732 224
701 209 705 210
272 44 276 45
459 187 460 191
490 386 494 387
727 336 728 340
207 27 216 27
631 355 635 356
467 80 468 84
595 336 599 337
246 71 250 72
895 310 904 310
540 90 549 90
284 385 285 389
231 53 240 53
314 168 318 169
885 77 894 77
151 107 155 108
332 254 341 254
210 96 214 97
285 295 288 296
824 263 828 264
627 312 636 312
638 215 639 219
105 367 109 368
662 310 666 311
912 172 913 174
309 365 313 366
95 368 104 368
245 199 249 200
277 382 281 383
568 113 572 114
562 184 566 185
401 97 401 106
271 52 275 53
794 178 798 179
668 290 677 290
409 275 418 275
731 83 735 84
291 159 295 160
488 239 492 240
542 324 546 325
237 195 241 196
754 386 758 387
823 319 832 319
285 111 285 120
569 329 578 329
553 190 557 191
571 127 580 127
864 107 873 107
822 342 826 343
480 92 489 92
436 216 445 216
7 315 8 319
143 63 143 72
596 201 598 202
157 300 161 301
900 29 909 29
687 225 691 226
96 71 105 71
667 391 671 392
243 11 252 11
588 231 597 231
721 142 730 142
584 2 588 3
421 123 425 124
729 61 733 62
185 132 186 136
652 220 656 221
731 111 740 111
574 288 578 289
611 57 615 58
318 34 327 34
889 35 889 44
384 134 384 143
599 348 603 349
369 312 370 316
76 165 80 166
473 174 482 174
131 38 135 39
499 200 500 204
897 313 906 313
117 67 117 76
173 282 177 283
342 253 346 254
57 137 61 138
342 128 351 128
546 101 550 102
790 294 799 294
833 34 837 35
639 5 648 5
563 239 565 241
393 377 397 378
115 353 119 354
443 271 447 272
513 37 517 38
508 118 512 119
569 10 573 11
429 139 438 139
743 299 752 299
707 104 716 104
842 271 843 275
660 203 669 203
864 102 865 106
559 2 563 3
106 369 110 370
38 77 39 81
469 21 473 22
312 359 313 363
665 204 666 208
530 223 539 223
557 32 561 33
446 255 450 256
630 95 634 96
759 46 768 46
854 22 863 22
168 146 169 150
806 225 807 228
788 16 792 17
394 340 395 344
908 199 912 200
610 139 614 140
98 72 99 76
273 265 277 266
702 263 706 264
895 256 899 257
116 307 120 308
376 52 385 52
624 258 625 262
517 332 517 341
660 233 668 233
533 380 542 380
739 293 748 293
608 46 616 46
592 310 596 311
623 344 632 344
457 297 461 298
841 0 845 1
23 295 24 299
884 201 888 202
632 195 636 196
212 89 213 93
134 317 138 318
443 239 447 239
598 85 607 85
763 255 767 256
83 179 87 180
626 258 627 262
242 240 246 241
788 322 792 323
787 268 796 268
819 328 823 329
617 239 621 240
118 224 122 225
648 274 652 275
470 48 474 49
344 380 348 381
267 225 276 225
764 178 768 179
143 295 144 297
490 341 490 350
43 42 44 46
190 330 192 331
760 27 769 27
439 77 448 77
0 149 0 158
60 110 64 111
676 64 677 68
425 5 434 5
885 258 888 259
614 16 623 16
701 98 702 102
864 67 873 67
511 398 520 398
118 361 122 362
500 138 509 138
328 74 337 74
793 18 797 19
91 291 91 299
303 321 312 321
519 155 523 156
457 94 458 98
604 258 605 262
386 86 395 86
386 99 387 103
433 359 437 360
170 357 171 361
649 102 658 102
724 292 728 293
439 24 443 25
331 296 333 298
253 23 257 24
389 252 390 256
557 302 566 302
373 316 382 316
289 248 293 249
747 324 756 324
447 56 451 57
781 346 790 346
878 271 887 271
768 231 777 231
340 44 344 45
149 201 150 205
78 85 82 86
817 331 826 331
897 102 901 103
312 173 316 174
252 44 256 45
802 33 803 37
369 151 378 151
367 161 371 162
427 325 431 326
111 224 112 228
483 61 487 62
306 290 310 291
662 94 671 94
198 34 207 34
538 346 542 347
689 243 698 243
765 397 769 398
871 171 873 172
539 23 540 27
93 199 97 200
51 0 51 9
775 56 784 56
707 324 711 325
136 58 140 59
734 364 743 364
309 97 313 98
126 326 130 327
695 191 699 192
863 23 864 27
304 97 308 98
531 80 535 81
907 106 908 110
814 20 818 21
302 47 311 47
219 98 223 99
485 238 494 238
527 101 535 101
280 360 281 364
821 295 822 299
235 290 239 291
123 252 132 252
478 213 482 214
874 360 883 360
865 61 869 62
388 67 395 67
796 82 797 86
786 286 790 287
785 196 794 196
479 200 480 204
357 19 361 20
386 288 395 288
674 14 678 15
110 110 114 111
913 3 914 7
228 141 232 142
126 300 130 301
282 355 291 355
586 86 590 87
457 313 461 314
411 176 413 178
678 200 687 200
895 295 899 296
52 378 56 379
731 384 735 385
760 139 764 140
449 181 458 181
44 171 45 175
341 364 350 364
830 256 834 257
287 63 291 64
215 81 219 82
901 112 905 113
532 382 541 382
77 0 77 9
586 52 595 52
593 380 594 384
438 352 447 352
256 142 260 143
859 375 868 375
45 158 48 159
150 130 159 130
549 291 558 291
831 220 835 221
437 335 446 335
317 327 321 328
28 380 28 389
635 121 636 125
643 22 644 26
907 220 911 221
837 94 839 96
486 341 486 350
743 27 752 27
306 203 310 204
353 323 357 324
238 0 242 1
451 80 452 84
195 309 199 310
490 158 494 159
746 69 750 70
243 119 247 120
56 181 60 182
696 133 700 134
169 288 173 289
782 274 786 275
216 166 220 167
733 94 737 95
861 245 865 246
143 276 144 280
293 234 301 234
451 178 460 178
532 47 541 47
206 118 210 119
436 361 440 362
28 195 28 204
668 285 677 285
878 220 882 221
105 134 106 138
550 134 554 135
789 366 793 367
125 163 126 167
567 6 571 7
247 238 248 242
788 112 792 113
267 220 276 220
161 201 162 205
187 170 191 171
167 16 176 16
78 151 82 152
252 89 256 90
404 20 408 21
705 167 714 167
826 2 830 3
834 382 838 383
240 378 244 379
617 182 626 182
185 139 194 139
346 269 355 269
773 230 782 230
217 232 226 232
224 340 233 340
89 225 89 234
296 303 305 303
434 269 438 270
536 133 545 133
551 270 555 271
595 255 599 256
5 174 5 183
209 318 213 319
170 390 179 390
708 109 712 110
188 328 192 329
176 148 180 149
163 339 172 339
869 79 870 83
482 27 483 31
650 228 659 228
868 73 876 73
763 13 767 14
255 145 256 149
914 140 914 148
827 295 828 299
366 326 367 330
651 134 660 134
633 237 637 238
678 290 687 290
599 297 600 301
896 312 905 312
710 36 710 45
214 326 215 330
231 301 235 302
587 47 596 47
151 392 155 393
213 145 214 148
335 65 339 66
822 39 831 39
759 188 768 188
901 244 905 245
381 357 385 358
670 191 674 192
747 79 756 79
792 339 801 339
250 48 254 49
909 244 913 245
599 206 603 207
488 372 497 372
374 150 383 150
18 98 19 102
492 196 496 197
800 143 804 144
382 237 386 238
888 284 892 285
630 167 634 168
796 390 805 390
170 330 174 331
342 19 346 20
321 36 325 37
41 288 49 288
494 3 497 4
621 186 625 187
630 97 639 97
132 35 141 35
218 186 222 187
531 366 540 366
683 122 687 123
788 73 792 74
749 379 753 380
104 0 108 1
738 202 739 206
502 320 511 320
478 320 479 324
564 224 565 228
740 310 744 311
420 81 425 81
815 310 819 311
27 30 36 30
151 398 160 398
435 148 436 152
393 253 402 253
333 272 337 273
296 101 305 101
852 92 853 96
670 375 679 375
237 360 238 364
83 175 87 176
424 11 433 11
11 355 15 356
264 97 268 98
569 15 578 15
220 262 224 263
728 298 732 299
159 218 168 218
484 29 488 30
251 71 255 72
470 137 474 138
528 239 532 240
527 132 536 132
465 80 466 84
2 109 2 118
710 143 711 147
871 346 880 346
151 58 155 59
246 357 250 358
202 269 211 269
66 177 75 177
248 93 252 94
75 345 76 349
709 180 718 180
641 360 650 360
137 378 146 378
524 22 533 22
143 0 147 1
746 261 755 261
704 14 708 15
405 307 406 311
315 65 319 66
746 123 749 124
183 11 187 12
153 234 162 234
882 97 883 101
421 330 426 330
468 372 477 372
242 183 243 187
19 162 19 171
232 109 233 113
236 242 240 243
94 248 98 249
517 300 521 301
584 22 589 22
572 295 576 296
55 134 64 134
139 208 140 212
127 141 131 142
401 321 405 322
738 128 740 130
308 359 309 363
599 60 608 60
659 243 668 243
576 186 580 187
176 38 180 39
764 270 768 271
358 14 362 15
873 13 882 13
462 179 471 179
83 346 87 347
413 23 422 23
543 23 544 27
301 158 305 159
493 234 497 235
787 274 791 275
174 312 183 312
589 290 598 290
522 237 523 241
887 369 891 370
905 247 909 248
417 313 421 313
412 315 416 316
348 139 357 139
758 56 759 60
507 309 516 309
715 320 724 320
443 53 447 54
862 90 863 94
426 255 430 256
650 231 654 232
173 181 182 181
867 379 871 380
910 112 913 113
380 350 381 354
46 139 50 140
681 176 690 176
289 252 290 256
876 293 877 297
888 265 897 265
512 313 516 314
685 139 689 140
138 186 139 190
401 366 410 366
68 221 68 230
116 164 116 173
439 141 440 145
551 101 555 102
850 161 859 161
870 204 871 208
385 196 389 197
542 348 543 352
146 100 150 101
213 0 217 1
421 250 422 254
217 27 221 28
694 10 698 11
729 243 736 243
632 91 636 92
224 380 226 382
844 366 853 366
877 377 878 381
154 293 158 294
541 117 545 118
440 394 444 395
381 71 385 72
574 22 583 22
891 166 900 166
590 264 591 268
761 242 762 245
893 316 897 317
339 380 343 381
769 16 773 17
517 345 526 345
442 205 442 214
535 129 539 130
625 139 629 140
89 202 93 203
591 129 591 138
470 158 474 159
116 3 120 4
294 99 298 100
385 111 386 115
441 250 445 251
406 276 410 277
171 96 175 97
409 80 418 80
276 295 280 296
464 368 473 368
97 340 101 341
541 241 545 242
760 92 769 92
616 157 625 157
594 242 603 242
322 310 331 310
349 391 358 391
46 12 55 12
844 67 853 67
704 222 706 223
254 253 258 254
247 243 251 244
277 21 286 21
369 168 373 169
816 231 825 231
251 65 260 65
464 361 468 362
611 395 615 396
520 158 524 159
410 355 414 356
796 360 805 360
35 218 39 219
751 40 755 41
199 94 203 95
458 109 462 110
734 113 734 122
896 130 903 130
532 96 536 97
483 69 487 70
213 29 221 29
274 99 278 100
753 252 757 253
18 0 18 9
688 338 692 339
298 141 299 145
385 366 394 366
334 298 343 298
437 325 440 326
375 232 384 232
149 115 158 115
640 228 649 228
182 158 191 158
821 388 825 389
222 300 231 300
273 135 277 136
768 143 769 147
281 164 285 165
536 359 545 359
78 146 87 146
372 187 378 187
181 89 182 93
257 300 266 300
245 369 249 370
382 178 391 178
152 75 156 76
666 278 675 278
572 300 576 301
480 161 489 161
243 250 245 252
750 23 754 24
507 385 516 385
241 209 245 210
292 299 296 300
883 316 887 317
134 312 143 312
18 304 22 305
152 326 156 327
600 260 601 264
751 83 755 84
558 339 567 339
474 320 475 324
136 100 140 101
736 175 745 175
373 231 382 231
615 377 615 382
590 194 599 194
443 45 447 46
540 38 549 38
379 345 388 345
379 124 383 125
607 215 611 216
787 342 791 343
486 42 490 43
564 31 573 31
591 45 595 46
598 190 602 191
578 44 580 46
832 214 841 214
220 50 228 50
91 378 95 379
255 214 264 214
1 109 1 118
246 301 250 302
689 270 698 270
771 382 780 382
647 362 656 362
534 232 535 234
429 37 430 41
357 390 366 390
330 192 334 193
524 331 524 340
859 162 868 162
502 252 506 253
266 12 270 13
120 94 124 95
315 229 319 230
636 292 642 292
404 38 407 39
847 163 851 164
426 245 430 246
905 389 909 390
99 147 103 148
526 15 532 15
176 46 180 47
384 273 385 277
464 359 468 360
534 114 535 118
405 44 409 45
698 110 702 111
25 295 25 304
196 334 200 335
37 241 38 245
644 20 648 21
877 384 881 385
460 1 464 2
372 47 381 47
497 313 501 314
7 122 7 131
168 273 177 273
739 377 743 378
138 320 139 324
231 101 235 102
4 99 4 108
596 52 605 52
106 187 112 187
133 50 134 54
892 51 896 52
435 49 444 49
429 207 429 216
389 333 393 334
848 85 852 86
906 238 910 239
663 238 672 238
455 1 459 2
487 273 491 274
309 179 313 180
70 352 70 361
371 227 372 231
68 114 72 115
771 98 775 99
472 6 476 7
711 265 715 266
221 132 222 136
301 258 302 262
750 141 759 141
645 22 649 23
793 237 802 237
43 298 43 307
103 233 104 237
317 29 321 30
439 80 440 84
609 304 613 305
175 362 179 363
426 362 435 362
576 201 580 202
669 243 678 243
756 202 757 206
590 203 594 204
837 375 844 375
2 164 2 173
341 14 347 14
732 325 741 325
103 72 103 81
476 215 480 216
150 127 154 128
682 310 686 311
375 273 379 274
149 208 158 208
345 145 349 146
760 45 769 45
444 55 453 55
575 104 579 105
257 348 261 349
812 336 816 337
4 344 4 353
516 242 525 242
854 74 858 75
20 269 20 278
639 124 643 125
138 232 142 233
760 23 764 24
380 48 389 48
109 194 110 198
563 232 564 236
132 13 132 22
483 110 492 110
866 158 867 159
28 211 28 220
621 175 625 176
441 148 445 149
852 311 853 315
310 359 311 363
759 276 768 276
196 106 200 107
755 132 764 132
836 133 840 134
69 265 73 266
427 85 428 89
86 377 95 377
653 63 657 64
101 250 108 250
720 76 729 76
651 18 655 19
314 340 323 340
795 220 796 224
759 166 764 166
278 133 282 134
200 5 209 5
214 279 215 281
94 316 103 316
88 27 92 28
409 146 413 147
707 214 708 218
864 22 873 22
421 16 425 17
511 168 520 168
489 141 490 145
670 100 670 109
609 290 618 290
198 243 199 247
205 362 206 366
115 384 116 385
270 322 279 322
276 203 284 203
396 350 397 354
708 282 717 282
475 137 479 138
31 76 35 77
656 306 660 307
7 289 16 289
181 175 190 175
45 245 46 249
457 247 461 248
478 369 482 370
545 342 549 343
825 326 829 327
817 17 821 18
525 217 529 218
839 21 848 21
769 276 778 276
785 160 794 160
811 168 820 168
770 320 774 321
65 270 69 271
578 74 587 74
226 320 227 324
68 27 77 27
646 177 655 177
696 273 705 273
693 103 702 103
546 322 555 322
436 178 445 178
433 241 442 241
727 220 728 224
795 375 799 376
874 303 878 304
279 253 280 257
182 197 186 198
406 288 415 288
86 156 95 156
54 183 58 184
900 364 904 365
483 222 487 223
54 312 63 312
228 23 232 24
532 144 540 144
173 106 182 106
196 221 205 221
536 42 540 43
169 294 170 298
704 0 713 0
274 371 283 371
126 151 130 152
827 15 831 16
628 198 637 198
22 194 31 194
427 334 430 335
254 159 258 160
52 204 61 204
658 37 662 38
25 353 34 353
242 6 246 7
59 238 59 247
98 325 107 325
545 297 554 297
698 128 707 128
857 288 861 289
506 250 515 250
819 213 828 213
730 105 734 105
707 267 711 268
621 134 630 134
796 98 800 99
700 83 704 84
176 127 177 131
414 107 415 111
14 163 15 167
760 235 764 236
652 229 656 230
778 284 787 284
622 215 626 216
815 0 816 4
437 14 441 15
778 240 787 240
92 255 101 255
418 341 422 342
322 178 331 178
573 344 582 344
30 71 31 75
34 162 43 162
517 101 526 101
9 134 9 143
866 376 875 376
183 388 192 388
798 147 802 148
350 371 351 375
150 383 157 383
592 279 596 280
419 57 423 58
671 384 680 384
84 279 85 283
2 229 2 238
887 354 896 354
288 158 290 160
769 77 770 81
149 163 153 164
87 11 91 12
508 356 510 358
157 242 166 242
376 317 380 318
625 185 634 185
234 325 238 326
555 96 564 96
374 343 378 344
871 220 875 221
809 110 818 110
603 83 607 84
704 323 713 323
548 308 552 309
491 357 500 357
338 243 339 247
759 61 763 62
654 118 658 119
468 13 476 13
429 85 430 89
117 54 126 54
246 333 250 334
290 181 299 181
450 375 459 375
813 357 817 358
522 273 531 273
660 354 669 354
12 37 16 38
487 37 488 41
777 38 786 38
154 133 154 142
478 74 487 74
281 270 290 270
65 359 66 363
913 282 914 286
273 336 274 340
688 240 697 240
39 262 40 265
492 157 501 157
488 243 492 244
268 2 272 3
191 176 194 177
871 222 875 223
702 116 703 120
253 186 257 187
82 16 83 20
313 82 317 83
313 272 317 273
739 135 743 136
723 173 727 174
511 311 515 312
7 97 8 101
541 205 550 205
483 173 487 174
336 124 340 125
211 301 215 302
791 182 795 183
461 177 470 177
750 352 754 353
126 379 135 379
124 380 128 381
100 272 109 272
303 184 307 185
263 0 267 1
515 342 519 343
510 272 514 273
326 170 330 171
20 107 29 107
324 305 333 305
263 376 267 377
891 332 900 332
760 397 764 398
800 91 804 92
229 325 233 326
270 86 274 87
753 154 757 155
791 55 800 55
775 193 777 195
52 50 56 51
643 282 647 283
904 290 905 294
359 304 368 304
107 54 116 54
551 357 560 357
363 325 365 326
700 397 704 398
901 281 902 285
226 221 235 221
833 361 837 362
215 206 224 206
477 65 481 66
750 247 754 248
478 336 482 337
828 36 837 36
67 42 67 51
627 65 631 66
504 269 505 273
641 396 650 396
256 154 257 158
557 126 565 126
441 312 445 312
843 371 852 371
215 61 219 62
523 277 527 278
395 101 399 102
617 340 621 341
838 65 842 66
318 272 322 273
335 107 339 108
834 269 843 269
592 6 596 7
623 53 627 54
454 91 454 100
302 398 311 398
746 333 755 333
84 0 85 4
657 301 665 301
11 354 15 354
236 235 245 235
445 338 449 339
639 60 648 60
533 315 541 315
551 374 560 374
835 77 844 77
767 137 771 138
79 52 83 53
632 313 641 313
399 184 403 185
311 152 315 153
247 395 251 396
429 380 433 381
384 175 393 175
215 199 219 200
829 220 830 224
55 288 56 292
820 355 822 357
454 320 455 324
614 10 618 11
203 288 204 292
270 48 279 48
840 257 844 258
172 84 176 85
89 248 93 249
198 0 202 1
85 33 89 34
798 257 802 258
477 249 478 253
51 76 51 85
337 237 338 241
637 190 646 190
753 30 757 31
160 7 164 7
177 118 186 118
18 20 19 24
815 252 816 256
677 310 681 311
651 226 660 226
772 194 774 196
771 297 775 298
254 248 263 248
697 150 701 151
426 225 430 226
207 362 208 366
656 350 660 351
557 311 557 320
196 65 205 65
551 55 555 56
352 19 356 20
60 226 60 235
115 360 124 360
886 130 895 130
859 367 867 367
446 155 455 155
165 199 174 199
252 324 261 324
407 182 411 183
29 352 38 352
46 268 46 277
898 119 899 123
849 170 855 170
576 73 585 73
503 120 507 121
672 228 676 229
290 279 294 280
717 383 726 383
766 18 767 22
204 154 208 155
349 313 353 314
514 267 523 267
594 4 598 5
171 230 175 231
499 145 508 145
371 170 375 171
336 267 340 268
730 281 734 282
0 72 0 81
775 54 779 55
741 13 745 14
749 386 753 387
709 314 718 314
739 170 748 170
637 121 638 125
463 343 472 343
22 289 26 290
809 270 813 271
456 67 465 67
641 350 650 350
516 310 520 311
85 315 93 315
646 204 650 205
403 0 412 0
8 300 8 309
793 194 802 194
589 100 593 101
135 174 144 174
641 386 650 386
865 28 874 28
808 283 817 283
172 327 181 327
186 19 190 20
413 199 422 199
837 187 846 187
461 187 462 191
219 132 220 136
672 239 676 240
761 176 770 176
774 33 775 37
273 103 282 103
887 377 891 378
846 40 850 40
471 256 480 256
56 356 56 365
26 210 30 210
845 30 846 34
879 333 883 334
568 265 569 269
633 98 642 98
144 179 148 180
236 150 240 151
641 377 650 377
271 215 275 216
335 102 336 106
70 80 79 80
867 336 871 337
909 9 913 10
156 151 165 151
312 161 316 162
817 300 826 300
788 195 797 195
297 21 305 21
604 63 607 64
740 354 746 354
336 158 340 159
862 288 865 289
281 101 285 102
853 173 855 174
431 127 440 127
470 171 474 172
174 186 178 187
578 335 587 335
479 325 480 329
45 110 49 111
125 5 129 6
825 358 834 358
347 131 350 132
431 50 435 51
734 348 738 349
410 212 414 213
736 9 745 9
348 224 357 224
638 107 642 108
255 85 259 86
452 273 456 274
278 94 282 95
517 385 524 385
665 193 674 193
277 46 281 47
103 238 104 242
306 3 310 4
770 18 771 22
0 189 0 198
528 369 532 370
659 180 668 180
561 374 570 374
905 198 914 198
611 306 615 307
119 144 119 152
53 210 53 219
503 389 504 393
718 278 722 279
712 360 713 364
773 121 782 121
711 241 715 242
67 359 68 363
137 284 141 284
682 258 683 262
536 389 540 390
153 226 154 229
508 221 512 222
905 378 909 379
304 302 313 302
414 396 418 397
1 270 2 274
224 98 228 99
534 152 543 152
297 311 306 311
105 278 105 287
434 180 443 180
884 71 893 71
190 315 194 316
288 32 292 33
287 31 296 31
642 336 646 337
173 42 182 42
677 267 686 267
347 292 351 293
687 241 691 242
428 69 432 70
479 71 488 71
129 44 133 45
788 77 789 81
463 187 464 191
9 394 13 395
250 363 254 364
342 292 346 293
418 385 419 389
357 242 366 242
197 128 201 129
181 398 190 398
867 125 871 126
475 1 479 2
725 193 734 193
617 382 621 383
1 77 1 86
126 36 130 37
526 236 527 240
17 72 21 73
818 216 822 217
510 178 519 178
166 378 170 379
62 253 63 257
568 37 577 37
181 38 185 39
287 252 288 256
810 23 814 24
257 344 264 344
45 42 46 46
820 358 824 359
284 168 293 168
898 384 902 385
364 77 373 77
573 291 582 291
155 330 164 330
306 62 315 62
722 203 723 207
291 336 292 337
204 275 208 276
366 235 367 239
681 332 690 332
655 223 664 223
338 191 347 191
385 281 394 281
95 206 103 206
756 98 760 99
327 31 336 31
575 116 584 116
783 73 787 74
874 287 878 288
266 230 270 231
85 218 85 227
283 179 285 180
714 214 718 215
261 101 265 102
804 334 813 334
439 380 443 381
568 339 577 339
744 179 748 180
747 77 751 78
678 356 687 356
338 224 347 224
30 122 31 126
661 181 670 181
468 265 472 266
172 44 176 45
663 376 664 380
536 312 545 312
615 160 624 160
531 391 540 391
170 332 172 333
224 385 228 386
333 57 337 58
184 179 188 180
831 69 833 71
55 315 64 315
198 186 199 190
475 281 479 282
484 55 493 55
165 109 167 111
246 13 250 14
279 120 283 121
906 214 907 218
255 188 259 189
432 154 441 154
326 124 335 124
750 63 754 64
707 291 716 291
512 146 513 150
632 161 636 162
273 133 277 134
527 184 536 184
425 85 426 89
666 341 670 342
679 289 688 289
152 302 161 302
899 12 908 12
639 194 648 194
553 188 557 189
231 242 235 243
183 141 187 142
762 33 763 37
797 342 801 343
359 294 368 294
603 133 612 133
49 268 49 276
673 214 674 218
290 194 294 195
88 179 89 183
850 171 854 172
284 38 288 39
380 134 380 143
722 226 723 230
214 152 218 153
518 285 527 285
506 242 515 242
173 300 181 300
627 94 636 94
546 124 550 125
109 9 110 13
435 125 439 126
593 274 597 275
376 86 385 86
662 393 671 393
23 41 24 45
495 306 504 306
340 203 344 204
65 281 66 285
541 251 550 251
55 57 56 61
881 4 882 8
199 98 200 102
438 74 447 74
734 33 735 37
736 331 745 331
264 43 273 43
137 50 138 54
644 0 653 0
694 361 697 362
551 251 560 251
54 158 58 159
12 142 13 146
265 85 274 85
242 198 251 198
110 276 119 276
73 184 74 188
808 13 812 14
98 364 107 364
788 252 792 253
803 216 807 217
108 199 112 200
774 149 783 149
866 182 870 183
673 115 674 119
856 37 860 38
516 210 525 210
823 355 827 356
513 283 522 283
856 103 857 107
582 368 591 368
85 293 85 302
317 373 321 374
191 274 192 278
509 254 518 254
234 321 238 322
645 121 654 121
342 329 346 330
49 245 50 249
607 92 611 93
816 390 825 390
136 57 145 57
390 341 393 342
892 132 896 133
694 56 703 56
67 378 71 379
654 258 655 262
376 373 380 374
371 208 375 209
555 27 559 28
404 128 404 137
214 186 215 190
912 0 914 1
523 109 527 110
675 214 676 218
232 161 236 161
161 369 165 370
106 224 110 225
459 3 463 4
877 207 881 208
114 104 116 105
406 361 410 362
484 80 488 81
648 198 652 199
486 276 490 277
182 84 186 85
448 289 452 289
471 215 475 216
393 169 402 169
864 333 873 333
262 26 266 27
417 86 418 90
221 19 225 20
721 358 730 358
864 196 868 197
869 395 878 395
769 5 778 5
624 276 630 276
184 253 188 254
287 111 287 120
512 279 516 280
780 375 789 375
442 56 446 57
406 373 410 374
338 32 342 33
191 357 195 358
677 383 686 383
808 391 817 391
823 154 827 155
672 280 681 280
216 326 217 330
193 40 197 41
568 260 572 261
598 297 598 303
399 146 403 147
179 296 188 296
499 367 508 367
161 59 165 60
855 200 858 201
243 192 252 192
846 133 850 134
719 51 723 52
409 132 413 133
0 129 0 138
157 13 166 13
739 208 740 212
874 58 878 59
369 338 373 339
864 181 873 181
420 134 424 135
226 18 228 20
598 124 598 133
389 131 389 140
38 289 39 293
172 99 173 103
18 249 18 258
225 132 226 136
847 359 856 359
313 9 317 10
406 71 410 72
555 45 559 46
468 125 472 126
422 27 431 27
839 270 848 270
308 184 312 185
478 69 482 70
357 229 361 230
603 107 607 108
302 279 304 280
108 265 109 269
475 160 484 160
892 298 901 298
411 170 415 171
76 156 85 156
818 313 819 317
234 185 235 189
558 311 558 320
317 19 326 19
338 199 342 200
199 208 208 208
546 13 555 13
725 237 734 237
582 239 591 239
648 363 652 364
837 150 846 150
578 283 582 284
117 194 121 195
880 198 881 202
420 119 424 120
10 313 19 313
443 369 447 370
792 324 796 325
219 159 220 163
790 192 794 193
840 387 849 387
792 315 793 319
274 327 278 328
731 42 735 43
36 155 40 156
881 55 890 55
759 51 768 51
9 30 10 34
92 313 96 313
570 48 574 49
811 96 816 96
341 71 345 72
349 262 353 263
764 386 768 387
344 348 348 349
810 56 814 57
712 280 716 281
56 372 57 376
686 18 690 19
640 139 644 140
753 32 762 32
453 343 462 343
749 209 753 210
324 365 333 365
758 225 759 229
667 46 676 46
150 286 159 286
733 341 742 341
570 129 574 130
278 125 279 129
796 198 800 199
609 210 613 211
71 372 75 373
530 158 534 159
213 204 222 204
557 104 559 105
611 129 620 129
466 347 470 348
821 182 830 182
482 56 486 57
561 251 570 251
381 12 390 12
711 358 720 358
130 56 139 56
716 9 725 9
227 380 228 381
907 53 913 53
857 108 861 109
26 177 35 177
611 287 620 287
867 156 876 156
39 97 39 106
601 142 605 143
57 221 61 222
577 179 581 180
28 375 32 376
1 20 1 29
289 336 290 340
439 192 443 193
781 286 785 287
138 395 146 395
662 343 666 344
91 154 95 155
580 27 584 28
68 210 69 214
80 76 81 80
3 234 4 238
837 323 841 324
622 343 631 343
682 162 686 163
642 338 651 338
297 344 306 344
741 137 750 137
766 69 770 70
668 82 677 82
533 46 542 46
122 314 131 314
820 352 829 352
549 157 558 157
503 325 504 329
184 168 188 169
647 312 656 312
741 6 745 7
391 285 395 286
571 205 580 205
352 107 352 116
900 300 903 301
423 141 424 145
351 289 360 289
432 179 441 179
450 107 454 108
200 243 201 247
168 373 171 374
271 317 272 321
900 177 909 177
271 301 273 302
583 162 584 166
855 83 859 84
660 375 669 375
643 365 652 365
296 196 300 197
169 179 173 180
58 136 67 136
612 229 616 230
631 321 640 321
783 122 785 124
538 294 547 294
689 20 693 21
726 286 730 287
786 124 795 124
875 77 884 77
853 318 857 319
747 381 756 381
82 126 83 130
840 29 849 29
671 142 680 142
754 328 758 329
663 143 667 144
198 366 202 367
110 268 114 269
231 383 240 383
276 69 282 69
521 103 530 103
467 28 471 29
142 117 146 118
505 49 514 49
776 98 780 99
397 196 401 197
470 281 474 282
352 253 356 254
11 275 12 279
639 14 643 15
454 76 458 77
787 295 788 299
88 0 89 4
236 279 237 283
36 194 36 203
622 229 626 230
455 68 464 68
586 67 595 67
131 149 135 150
907 205 909 207
10 74 10 83
248 354 257 354
602 225 611 225
11 76 12 80
712 150 716 151
278 32 287 32
670 232 679 232
620 358 624 359
867 79 868 83
320 188 324 189
454 353 458 354
573 283 577 284
306 158 310 159
79 306 88 306
790 167 799 167
273 238 274 242
635 171 639 172
664 334 673 334
747 383 756 383
12 341 13 345
424 21 428 22
494 237 502 237
277 299 281 300
570 47 579 47
685 185 694 185
196 333 205 333
558 40 567 40
680 256 689 256
378 32 387 32
83 42 87 43
702 363 706 364
705 208 714 208
316 198 325 198
367 1 374 1
529 59 533 60
162 172 166 173
687 154 688 158
723 109 727 110
532 94 536 95
591 147 595 148
551 201 560 201
59 299 68 299
543 85 552 85
47 273 47 277
508 275 510 277
701 78 705 79
342 299 346 300
850 296 851 300
503 87 507 88
15 346 16 350
244 55 252 55
732 56 733 60
536 11 538 12
283 134 284 137
40 335 44 336
867 123 871 124
450 148 451 152
399 215 403 216
162 302 169 302
524 211 533 211
359 380 363 381
743 173 747 174
262 117 263 121
115 120 119 121
792 116 801 116
210 8 219 8
208 204 212 205
313 355 322 355
428 348 437 348
591 149 595 150
48 289 49 293
474 361 483 361
866 66 872 66
726 113 730 114
593 374 602 374
773 112 777 113
317 245 320 246
697 98 698 102
748 225 752 226
76 352 77 356
435 238 444 238
508 239 512 240
186 73 190 74
229 275 233 276
124 323 128 324
184 304 188 305
911 136 912 140
692 160 701 160
182 314 191 314
21 96 21 105
36 289 37 293
603 43 607 44
697 227 701 228
371 71 375 72
774 270 778 271
19 10 19 19
685 199 692 199
197 313 206 313
743 371 752 371
228 73 237 73
46 253 47 257
452 258 456 259
415 394 419 395
362 57 366 58
794 328 798 329
571 298 580 298
308 205 317 205
785 235 789 236
663 252 667 253
629 119 629 128
318 0 322 1
603 344 612 344
613 37 617 38
212 156 216 157
866 285 870 286
518 365 527 365
666 169 675 169
647 188 651 189
525 349 534 349
125 7 129 8
567 324 571 325
494 192 498 193
682 48 685 49
422 376 431 376
356 119 357 123
456 60 460 61
767 383 776 383
351 229 352 233
312 245 316 246
419 139 428 139
745 397 754 397
611 88 620 88
512 6 516 7
330 341 339 341
89 135 89 144
182 75 186 76
306 288 315 288
565 144 569 145
612 65 616 66
657 17 666 17
88 237 88 246
354 255 355 259
888 294 897 294
507 345 516 345
591 42 595 43
855 326 859 327
180 88 189 88
323 82 327 83
54 162 61 162
427 247 431 248
505 129 509 130
897 251 903 251
394 76 398 77
181 9 182 12
651 396 660 396
838 58 839 62
874 242 883 242
12 290 12 299
477 56 481 57
170 343 174 344
181 166 185 167
42 87 46 88
251 301 255 302
495 394 499 395
372 242 372 251
559 304 568 304
558 37 567 37
558 244 562 245
130 77 134 78
699 5 708 5
701 198 705 199
438 13 447 13
798 240 799 244
47 137 51 138
745 160 754 160
382 78 386 79
228 266 229 270
540 202 544 203
827 211 836 211
805 166 809 167
86 227 86 236
313 275 322 275
716 169 725 169
860 190 864 191
740 171 744 172
870 190 874 191
321 248 322 252
629 207 633 208
867 377 871 378
888 316 892 317
166 73 170 74
773 278 782 278
611 383 615 384
672 340 681 340
338 137 342 138
763 159 772 159
424 320 425 324
443 187 444 191
717 122 721 123
298 42 307 42
555 97 559 98
679 10 683 11
585 183 594 183
750 303 750 312
571 80 575 81
539 11 543 12
572 194 581 194
409 21 413 22
654 361 663 361
584 361 593 361
695 83 699 84
677 202 686 202
480 172 489 172
353 290 357 291
489 304 498 304
57 203 66 203
815 102 824 102
106 108 110 109
402 153 411 153
128 157 132 158
422 8 426 9
266 166 275 166
650 50 654 51
123 163 124 167
802 249 811 249
677 32 680 33
543 239 547 240
551 241 552 245
95 142 98 143
472 225 473 229
472 199 481 199
908 289 911 290
714 219 723 219
755 246 759 247
832 288 836 289
157 334 166 334
687 370 696 370
141 245 142 249
102 178 103 182
451 285 455 286
129 137 133 138
712 324 716 325
790 365 799 365
761 350 765 351
631 148 640 148
411 122 415 123
254 138 258 139
398 243 402 244
914 292 914 300
569 341 578 341
841 166 850 166
95 269 99 270
489 80 490 84
540 158 544 159
372 114 373 118
145 129 154 129
753 227 757 228
872 143 881 143
788 217 797 217
578 113 582 114
169 55 178 55
63 94 67 95
783 308 787 309
235 360 236 364
591 91 592 95
85 206 94 206
628 41 629 45
730 23 734 24
593 237 597 238
358 392 362 393
208 57 212 58
867 331 876 331
46 289 47 293
558 253 562 253
306 110 306 119
723 356 727 357
216 118 217 122
837 78 841 79
318 155 322 156
115 149 116 153
702 42 702 51
422 14 426 15
398 227 401 228
875 0 877 2
411 200 415 201
314 297 323 297
252 340 254 342
180 390 189 390
329 102 330 106
124 320 133 320
326 52 335 52
806 269 815 269
637 229 641 230
179 154 183 155
171 73 175 74
531 112 535 113
709 28 713 29
548 294 557 294
526 67 535 67
97 46 101 47
74 312 83 312
211 46 215 47
230 256 234 257
75 134 84 134
889 275 893 276
637 366 641 367
758 75 767 75
424 155 433 155
272 6 276 7
211 357 215 358
757 383 766 383
437 258 441 259
424 32 425 36
651 170 660 170
724 180 728 181
351 208 355 209
287 173 296 173
436 98 440 99
174 168 178 169
818 103 819 107
777 342 781 343
243 33 252 33
871 48 875 49
378 127 387 127
772 260 781 260
496 67 505 67
681 30 682 33
147 352 148 356
741 18 750 18
443 252 445 253
758 322 762 323
645 1 654 1
257 220 266 220
271 71 275 72
14 282 18 283
572 212 576 213
212 186 213 190
370 203 374 204
516 175 520 176
496 153 500 154
846 209 850 210
479 24 483 25
518 248 522 249
409 227 413 228
205 317 214 317
834 4 838 5
212 331 216 332
549 398 558 398
586 175 590 176
595 282 597 284
461 383 462 387
701 241 705 242
110 266 114 267
140 237 149 237
591 397 599 397
703 149 712 149
98 395 107 395
332 47 341 47
173 32 177 33
701 113 705 114
235 214 244 214
648 52 652 53
376 159 385 159
222 266 223 270
417 258 421 259
832 249 836 250
858 226 862 227
859 4 863 5
862 103 863 107
211 118 215 119
126 193 135 193
569 299 578 299
397 130 397 139
284 70 293 70
298 27 307 27
182 318 183 322
643 244 647 245
753 225 757 226
210 268 219 268
281 147 290 147
630 36 639 36
129 228 133 229
479 93 480 97
454 55 463 55
124 341 133 341
353 54 357 55
213 57 217 58
825 266 834 266
215 77 219 78
746 190 755 190
30 341 39 341
890 169 899 169
194 380 203 380
158 305 167 305
162 240 166 241
226 106 230 107
389 26 398 26
78 175 82 176
763 47 772 47
63 241 63 250
473 141 474 145
625 39 634 39
33 234 33 243
824 328 828 329
622 41 623 45
557 65 561 66
808 173 812 174
644 12 653 12
575 160 584 160
561 57 565 58
898 363 907 363
208 236 217 236
21 10 21 19
174 250 178 251
476 255 484 255
372 292 376 293
360 134 361 138
320 109 320 118
560 217 564 218
629 194 638 194
314 312 315 316
904 382 908 383
184 261 193 261
691 171 700 171
897 331 906 331
5 346 6 350
334 70 342 70
541 293 545 293
108 16 109 20
285 108 291 108
650 34 659 34
661 265 665 266
40 211 44 212
906 347 914 347
69 306 78 306
614 100 618 101
440 350 449 350
207 195 211 196
620 8 629 8
177 334 181 335
519 325 520 329
426 157 427 161
208 325 217 325
667 263 671 264
236 104 240 105
369 124 378 124
158 337 162 338
90 397 99 397
373 277 377 278
682 2 686 3
908 217 912 218
581 86 585 87
236 122 245 122
547 340 556 340
97 342 101 343
635 358 639 359
638 145 642 146
661 209 665 210
420 65 424 66
358 255 359 259
628 209 629 213
192 284 201 284
159 10 163 11
663 160 672 160
38 97 38 106
815 225 819 226
532 259 541 259
20 142 21 146
304 227 305 231
820 209 824 210
233 93 237 94
464 262 468 263
585 162 586 166
165 274 166 278
719 95 723 96
383 73 392 73
361 282 370 282
559 299 568 299
67 349 67 358
571 156 575 157
170 389 174 389
629 179 638 179
855 377 856 381
365 145 367 146
391 255 395 256
75 335 75 344
52 86 52 95
6 245 7 249
363 323 372 323
403 377 407 378
901 41 905 42
332 109 333 113
769 188 778 188
446 106 447 110
24 270 24 279
242 63 246 64
445 242 454 242
746 203 755 203
723 73 727 74
237 350 241 351
370 317 373 318
712 121 721 121
257 313 266 313
789 170 798 170
727 33 731 34
809 328 813 329
825 9 834 9
86 217 86 226
605 232 606 236
368 324 377 324
292 110 301 110
455 28 456 32
494 39 498 40
547 312 547 321
332 130 341 130
247 177 256 177
106 38 110 39
820 308 824 309
390 394 394 395
732 39 741 39
287 336 288 340
156 359 157 363
613 84 622 84
812 108 816 109
719 314 728 314
769 293 778 293
746 305 747 309
742 324 746 325
123 155 127 156
625 71 634 71
797 163 806 163
536 128 542 128
288 9 292 10
112 351 121 351
141 307 145 308
362 260 366 261
647 220 651 221
259 304 263 305
734 52 738 53
318 32 322 33
444 331 453 331
311 196 315 197
333 287 342 287
591 44 600 44
783 216 787 217
734 272 738 273
516 122 520 123
128 295 136 295
730 309 734 310
87 112 91 113
378 336 382 337
384 343 388 344
60 205 61 209
621 394 625 395
60 158 64 159
337 308 341 309
743 214 746 215
429 230 433 231
465 14 466 18
773 96 776 97
413 392 417 393
593 128 593 137
394 262 398 263
747 263 751 264
607 17 616 17
778 315 779 319
41 250 45 251
286 298 295 298
67 0 67 9
21 357 25 358
175 62 184 62
183 98 192 98
712 382 721 382
351 88 360 88
782 388 786 389
862 214 871 214
463 125 467 126
144 136 145 140
681 204 682 208
329 199 337 199
255 91 259 92
203 32 207 33
108 98 112 99
266 211 270 212
897 45 901 46
478 271 482 272
695 255 699 256
420 222 424 223
535 23 536 27
674 288 683 288
295 241 299 242
445 238 454 238
190 22 199 22
471 177 475 178
312 299 316 300
407 8 411 9
785 352 789 353
600 124 601 128
851 244 855 245
79 330 79 339
128 34 137 34
221 104 225 105
766 359 767 363
287 177 296 177
2 87 2 96
386 223 395 223
456 130 460 131
262 329 266 330
167 256 168 260
456 43 460 44
840 215 844 216
165 303 172 303
622 6 626 7
39 352 48 352
593 123 602 123
62 45 62 54
39 168 43 169
647 9 656 9
853 113 857 114
713 238 717 239
16 234 16 243
541 291 545 292
288 226 292 227
750 336 754 337
780 52 784 53
246 104 250 105
489 39 493 40
106 372 110 373
118 16 118 25
22 72 22 81
603 41 607 42
582 392 586 393
127 14 127 23
14 20 15 24
640 260 641 264
465 28 466 32
794 301 798 302
591 156 595 157
492 140 501 140
18 234 18 243
458 111 467 111
700 131 704 132
895 61 899 62
529 36 538 36
361 170 365 171
52 235 56 236
777 150 781 151
708 257 712 258
36 256 36 265
356 116 365 116
63 121 63 130
466 52 475 52
854 271 855 275
419 391 428 391
90 269 94 270
69 0 69 9
543 128 552 128
218 93 227 93
882 350 886 351
431 328 440 328
19 386 20 390
568 69 572 70
850 364 854 365
305 369 309 370
907 14 911 15
615 1 624 1
790 352 794 353
578 264 579 268
112 262 116 263
302 289 311 289
206 36 210 37
530 202 534 203
303 336 307 337
665 315 669 316
287 344 296 344
318 286 327 286
727 188 731 189
596 67 605 67
899 287 903 288
201 111 201 120
173 0 177 1
438 320 439 324
852 110 861 110
785 208 789 209
660 315 664 316
845 247 849 248
407 247 411 248
103 326 104 330
905 357 909 358
203 11 212 11
547 23 548 27
49 358 50 362
73 300 74 304
283 184 287 185
81 38 85 39
133 13 134 17
11 320 11 329
117 220 121 221
235 173 236 177
435 207 435 216
651 308 660 308
905 258 909 259
139 281 148 281
679 157 680 161
404 338 405 342
410 302 419 302
632 2 636 3
265 367 269 368
587 65 591 66
672 368 681 368
31 317 35 318
586 220 587 224
914 371 914 377
34 392 38 393
266 298 275 298
115 352 124 352
20 0 20 9
565 394 569 395
592 248 601 248
42 93 42 102
147 93 148 97
217 159 218 163
424 385 425 389
551 80 555 81
845 293 846 297
200 114 200 123
60 268 64 269
310 309 314 310
316 364 325 364
247 6 251 7
811 388 815 389
158 17 162 18
532 114 533 118
62 121 62 130
649 243 658 243
119 140 128 140
230 266 231 270
724 56 725 60
564 242 573 242
884 131 893 131
349 22 358 22
722 85 731 85
353 59 360 59
287 142 288 146
44 232 45 236
603 369 612 369
693 143 697 144
186 13 190 14
9 275 10 279
4 284 4 293
892 229 901 229
330 353 339 353
220 292 223 293
572 192 581 192
788 132 797 132
332 138 333 142
330 366 334 367
773 357 777 358
819 395 828 395
862 108 866 109
282 360 283 364
658 371 662 372
868 293 869 297
110 384 114 385
328 23 332 24
815 305 824 305
633 265 637 266
685 167 694 167
258 183 259 187
42 239 46 240
535 171 539 172
452 158 454 160
23 250 23 259
461 357 465 358
637 342 641 342
0 280 0 289
578 367 587 367
808 225 809 229
645 231 649 232
579 101 583 102
891 312 895 313
693 282 697 283
444 296 453 296
209 202 213 203
430 116 439 116
464 394 465 397
374 270 383 270
484 331 488 332
235 91 239 92
151 201 152 205
433 174 442 174
498 283 502 284
174 190 183 190
287 6 291 7
33 375 33 384
200 63 206 63
42 171 43 175
360 394 364 395
557 361 563 361
404 350 405 354
177 156 181 157
532 303 541 303
662 157 666 158
793 361 797 362
727 71 731 72
250 137 259 137
86 372 90 373
313 132 317 133
702 227 706 228
236 357 240 358
450 305 454 306
590 171 599 171
477 17 481 18
73 179 77 180
267 21 276 21
742 4 751 4
190 214 194 215
261 13 265 14
603 123 603 132
26 161 26 170
818 335 827 335
153 122 157 123
272 284 276 285
663 374 672 374
663 244 667 245
100 116 108 116
780 264 784 265
97 152 97 158
583 350 587 351
532 258 541 258
371 282 379 282
262 342 264 343
556 80 560 81
656 78 660 79
913 397 914 398
843 381 852 381
264 320 268 321
359 179 363 180
612 33 621 33
52 255 56 256
208 12 217 12
652 249 661 249
3 99 3 108
448 39 452 40
423 189 424 193
785 212 794 212
504 352 505 356
456 225 457 229
719 309 724 309
227 130 236 130
374 145 375 149
352 63 356 64
910 42 911 46
112 390 116 391
770 365 779 365
906 64 914 64
459 383 460 387
484 381 493 381
177 383 178 387
778 57 782 58
306 68 315 68
644 59 650 59
611 199 612 203
114 270 118 271
207 222 211 223
675 397 679 398
185 315 189 316
477 80 478 84
635 88 640 88
284 169 293 169
732 67 736 68
433 136 442 136
157 245 158 249
427 250 428 254
794 225 795 229
209 296 218 296
130 126 134 127
731 198 735 199
49 105 50 109
84 52 93 52
824 189 833 189
242 190 251 190
1 184 1 193
608 231 617 231
78 114 82 115
552 220 561 220
672 32 676 33
490 137 494 138
822 369 826 370
336 196 340 197
797 96 801 97
799 220 800 224
428 344 432 345
112 25 113 29
440 137 444 138
648 357 657 357
734 292 738 293
427 273 431 274
473 0 482 0
556 153 560 154
117 104 119 106
629 180 638 180
573 123 582 123
284 301 288 302
427 48 436 48
833 341 842 341
293 9 302 9
300 188 304 189
743 154 747 155
45 335 49 336
31 288 40 288
899 267 903 268
711 272 715 273
610 27 614 28
536 373 540 374
583 321 592 321
650 397 654 398
305 248 306 252
695 320 699 321
284 140 293 140
872 56 873 60
145 389 149 390
607 324 616 324
568 283 572 284
662 382 666 383
688 363 692 364
484 353 488 354
362 6 366 7
809 379 813 380
445 125 449 126
357 329 361 330
709 122 710 126
90 318 90 327
850 29 859 29
232 63 236 64
575 39 584 39
585 98 594 98
676 355 685 355
295 200 299 201
99 302 108 302
322 94 324 96
481 200 482 204
178 40 182 41
121 392 125 393
75 50 81 50
51 307 55 308
789 395 798 395
408 265 412 266
69 59 72 60
43 93 43 102
720 116 721 120
847 119 848 123
885 392 894 392
62 331 66 332
46 66 55 66
621 209 622 213
81 167 85 168
254 202 257 203
898 2 907 2
99 6 100 10
273 290 277 291
171 59 175 60
411 292 415 293
379 304 388 304
181 46 185 47
285 236 294 236
888 384 897 384
106 30 107 34
756 70 760 71
241 295 250 295
438 128 442 129
580 330 581 334
62 365 69 365
3 398 8 398
677 48 681 49
9 219 13 220
102 16 103 20
555 255 559 256
797 150 801 151
581 186 585 187
47 45 51 46
759 272 763 273
121 107 125 108
358 235 359 239
32 289 33 293
169 154 173 155
758 33 759 37
238 346 242 347
871 41 880 41
579 288 583 289
543 108 552 108
561 298 570 298
675 255 679 256
648 145 652 146
894 268 898 269
562 229 566 230
12 300 12 309
784 85 785 89
543 82 552 82
721 337 721 341
160 364 164 365
831 304 840 304
463 23 472 23
460 165 469 165
304 319 313 319
910 269 914 270
875 61 879 62
422 6 426 7
837 290 846 290
869 4 873 5
707 160 711 161
359 391 368 391
221 13 225 14
568 307 569 311
427 297 431 298
386 71 390 72
286 364 295 364
890 168 899 168
618 265 622 266
519 16 523 17
276 333 280 334
405 46 414 46
26 78 30 79
574 20 578 21
90 158 90 167
612 389 616 390
809 10 818 10
683 369 692 369
259 380 263 381
782 249 791 249
854 297 863 297
859 269 863 270
195 315 199 316
564 29 568 30
385 5 394 5
732 150 736 151
119 161 128 161
267 299 271 300
437 297 441 298
22 381 22 390
118 240 122 241
519 141 528 141
364 179 368 180
510 386 514 387
416 83 419 84
157 265 166 265
450 300 454 301
707 122 708 126
790 23 794 24
232 128 236 129
679 69 683 70
597 362 606 362
290 356 299 356
244 179 248 180
353 272 357 273
104 117 108 118
785 261 786 265
384 381 388 382
544 59 548 60
689 180 698 180
281 148 290 148
296 362 300 363
870 396 879 396
850 264 859 264
747 80 751 81
685 238 687 240
778 225 779 229
289 97 293 98
844 261 848 262
81 106 85 107
846 244 850 245
857 11 858 15
238 2 242 3
813 112 817 113
870 326 874 327
578 37 587 37
738 79 742 80
79 256 80 260
894 199 898 200
64 312 73 312
428 271 432 272
668 173 672 174
392 78 396 79
474 151 478 152
316 269 325 269
642 310 646 311
112 274 116 275
897 205 901 206
151 100 152 101
820 141 829 141
498 289 507 289
480 394 482 396
139 315 140 319
201 89 202 93
46 207 55 207
141 102 145 103
672 4 681 4
26 76 30 77
48 193 49 197
108 273 117 273
424 367 428 368
470 134 474 135
333 122 337 123
617 201 621 202
654 10 658 11
761 346 770 346
363 60 367 61
525 383 526 387
152 349 156 350
648 265 652 266
856 372 860 373
492 303 501 303
491 358 500 358
728 26 732 27
899 289 907 289
517 307 526 307
506 251 515 251
84 199 84 208
273 2 277 3
252 134 256 135
761 127 765 128
306 385 307 389
538 215 547 215
104 86 105 90
120 170 121 173
446 225 447 229
415 49 424 49
305 206 314 206
62 64 71 64
444 41 452 41
700 235 704 236
879 159 883 160
313 286 317 287
118 277 118 286
681 286 685 287
161 307 170 307
172 15 181 15
550 48 554 49
204 360 208 361
22 142 23 146
767 163 776 163
258 207 267 207
155 343 159 344
348 93 357 93
218 34 227 34
277 163 286 163
424 396 428 397
176 221 185 221
760 202 761 206
236 4 245 4
892 205 896 206
502 55 503 59
874 107 881 107
494 200 498 201
635 183 639 184
646 69 650 70
713 357 722 357
873 178 877 179
230 186 231 190
579 373 588 373
278 82 282 83
492 169 501 169
23 162 23 171
770 392 774 393
81 199 81 208
51 103 52 107
69 281 70 285
263 238 264 242
500 332 504 333
632 296 641 296
810 33 811 37
902 290 903 294
139 144 143 145
87 383 90 384
548 260 552 261
66 248 70 249
587 247 596 247
865 377 866 381
256 101 260 102
574 240 578 241
351 42 360 42
475 14 476 18
755 248 764 248
106 226 110 227
346 84 347 88
31 78 35 79
867 9 868 13
581 42 585 43
865 218 866 222
129 277 129 286
244 248 248 249
499 119 500 123
100 67 104 68
328 272 332 273
404 11 413 11
65 33 69 34
100 279 101 283
222 158 231 158
839 261 843 262
278 23 282 24
203 228 207 229
716 269 725 269
119 248 120 252
374 131 378 132
680 293 684 294
122 320 123 324
306 125 307 129
35 361 35 370
732 249 741 249
382 166 391 166
90 185 90 194
31 119 35 120
556 88 565 88
257 89 261 90
840 271 841 275
894 22 903 22
195 344 199 345
793 112 797 113
593 369 602 369
905 280 906 284
238 114 247 114
815 281 819 282
773 252 777 253
10 132 10 141
574 75 578 76
208 32 212 33
625 160 634 160
63 45 63 54
615 121 624 121
471 394 475 395
805 381 809 382
235 345 244 345
307 6 311 7
414 146 418 147
570 149 579 149
209 168 213 169
543 369 547 370
655 139 659 140
202 111 203 115
766 143 767 147
798 30 802 31
792 76 793 80
362 383 371 383
830 229 839 229
690 203 699 203
48 147 52 148
722 233 726 234
424 365 433 365
905 230 909 231
81 187 81 196
45 278 45 287
71 290 75 291
430 281 434 282
335 290 337 292
907 167 908 171
708 200 717 200
362 329 365 330
425 281 429 282
120 189 121 193
126 201 135 201
225 345 234 345
290 218 294 219
847 300 848 304
196 68 205 68
457 273 461 274
492 220 501 220
385 87 386 91
666 273 675 273
866 180 875 180
781 372 785 373
821 166 830 166
873 17 882 17
777 137 781 138
519 10 528 10
126 235 130 236
523 42 525 43
250 56 259 56
693 238 697 239
139 128 140 132
36 270 36 279
670 281 679 281
430 307 434 308
522 300 526 301
33 104 33 113
59 342 63 343
383 359 387 360
676 269 685 269
658 357 667 357
200 77 204 78
166 181 172 181
753 303 753 312
456 170 461 170
163 387 167 388
609 314 618 314
853 344 862 344
388 359 392 360
805 139 809 140
25 0 25 9
282 125 283 129
535 342 539 343
587 196 591 197
863 397 867 398
126 149 130 150
441 218 445 219
481 211 490 211
722 91 731 91
870 168 879 168
214 385 223 385
260 87 264 88
690 248 699 248
340 271 348 271
452 247 456 248
259 325 263 326
159 144 168 144
190 266 194 267
242 350 243 354
61 184 65 185
394 367 398 368
361 3 365 4
529 82 537 82
626 55 630 56
833 254 837 255
556 67 565 67
595 121 604 121
431 245 435 246
647 370 656 370
596 55 600 56
443 104 447 105
711 118 715 119
251 51 255 52
616 122 620 123
411 157 420 157
125 60 134 60
193 228 197 229
427 185 436 185
341 160 350 160
122 296 126 297
308 207 317 207
728 16 732 17
647 328 651 329
800 259 809 259
801 295 802 299
406 62 415 62
666 300 670 301
276 209 280 210
547 214 556 214
828 119 832 120
454 5 463 5
85 238 85 247
544 266 548 267
776 19 785 19
91 224 91 233
464 5 473 5
414 11 423 11
885 170 894 170
650 326 654 327
78 181 87 181
148 297 152 298
677 2 681 3
335 229 339 230
598 113 602 114
268 290 272 291
176 96 180 97
661 56 665 57
212 195 216 196
299 294 308 294
717 188 721 189
315 304 316 308
370 128 379 128
344 340 353 340
480 389 484 390
4 294 8 295
236 335 245 335
391 50 395 51
499 331 508 331
271 65 280 65
636 271 645 271
146 211 150 212
306 221 310 222
138 63 138 72
232 232 236 233
338 290 340 292
9 234 10 238
903 318 907 319
284 97 288 98
108 40 112 41
537 23 538 27
685 211 689 212
210 86 214 87
540 326 544 327
675 230 679 231
795 185 804 185
96 372 100 373
167 67 176 67
652 61 656 62
360 56 369 56
251 13 255 14
818 58 822 59
72 235 72 244
300 167 309 167
692 391 696 392
399 187 408 187
134 179 138 180
148 299 157 299
25 99 29 100
81 81 85 82
478 371 482 372
704 16 713 16
707 280 711 281
481 46 487 46
891 372 895 373
767 184 776 184
376 83 380 84
67 329 71 330
777 340 786 340
699 129 703 130
38 198 39 202
197 349 198 353
489 204 498 204
521 389 522 393
850 100 859 100
370 114 371 118
695 223 703 223
15 365 15 374
546 270 550 271
213 171 215 173
119 253 123 254
610 315 614 316
694 95 698 96
897 354 906 354
60 20 61 24
425 90 434 90
366 223 375 223
666 265 670 266
110 333 119 333
228 32 232 33
364 270 368 271
407 97 411 98
882 336 886 337
120 183 124 184
550 255 554 256
0 159 0 168
698 298 702 299
716 203 717 207
561 287 570 287
842 45 851 45
908 16 914 16
100 305 109 305
365 350 369 351
907 134 914 134
448 74 457 74
156 382 165 382
633 166 642 166
676 52 677 56
249 258 253 259
710 30 714 31
193 109 197 110
469 209 470 213
405 49 414 49
891 203 895 204
17 117 17 126
413 265 417 266
379 310 388 310
831 308 832 312
585 111 589 112
466 162 470 163
851 30 852 34
99 304 108 304
47 30 56 30
754 135 758 136
116 331 120 332
910 326 913 327
488 377 497 377
448 239 457 239
463 205 464 209
476 260 480 261
848 379 852 380
280 378 284 379
42 230 46 231
175 373 179 373
813 114 817 115
97 328 98 332
328 57 332 58
368 392 372 393
725 352 729 353
838 173 842 174
728 257 732 258
836 246 845 246
618 283 622 284
539 150 543 151
205 345 214 345
299 339 303 340
68 175 72 176
68 120 72 121
765 152 769 153
11 0 11 9
220 56 229 56
269 50 278 50
813 119 817 120
197 222 201 223
483 87 487 88
43 66 45 68
190 5 194 6
794 135 798 136
704 116 705 120
541 287 550 287
67 102 71 103
405 116 409 117
504 76 508 77
611 251 620 251
729 77 730 81
450 394 454 395
77 340 77 349
802 150 806 150
571 126 580 126
662 263 666 264
658 285 667 285
182 119 183 123
119 380 123 381
419 21 423 22
573 107 577 108
837 305 838 309
753 111 754 115
149 50 150 54
429 319 438 319
96 106 100 107
457 283 461 284
884 225 885 229
418 73 425 73
498 221 502 222
637 297 638 301
501 168 510 168
342 178 351 178
556 86 560 87
28 20 28 28
501 122 505 123
645 211 649 212
126 102 130 103
370 322 375 322
601 345 605 346
308 9 312 10
713 274 716 275
103 168 103 177
186 303 195 303
414 19 418 20
808 78 812 79
525 202 529 203
129 218 138 218
410 236 414 237
423 250 424 254
769 2 773 3
595 217 599 217
802 39 811 39
158 325 167 325
22 236 26 237
330 345 331 349
541 200 545 201
67 62 71 63
856 2 860 3
284 176 293 176
585 326 589 327
733 356 737 357
218 9 222 10
254 325 258 326
696 51 697 55
406 321 408 322
395 2 404 2
623 27 632 27
520 342 524 343
712 313 721 313
734 197 743 197
223 318 224 322
911 22 912 26
741 107 745 108
308 157 317 157
234 365 238 366
366 116 367 120
28 374 37 374
580 26 589 26
294 149 295 153
138 136 139 140
255 236 264 236
23 89 23 98
730 213 739 213
413 93 417 94
522 6 526 7
619 290 627 290
501 250 505 251
667 157 671 158
822 258 826 259
318 336 322 337
642 201 646 202
621 331 625 332
524 14 525 18
133 135 142 135
875 84 879 85
700 246 704 247
555 138 556 142
244 356 253 356
694 323 703 323
1 344 1 353
294 38 298 39
56 210 65 210
107 25 111 26
407 326 411 327
843 11 847 12
903 255 912 255
137 30 141 31
9 388 13 389
238 9 247 9
454 21 458 22
835 176 839 177
817 214 821 215
455 305 459 306
764 15 773 15
441 364 442 368
261 142 265 143
625 250 634 250
221 307 225 308
608 23 612 24
213 75 222 75
695 105 699 106
239 100 248 100
59 163 59 172
92 214 92 223
358 106 358 115
112 328 116 329
893 361 897 362
548 393 552 394
897 336 901 337
300 346 304 347
823 174 832 174
638 339 647 339
0 344 0 353
508 258 516 258
625 376 626 380
845 215 849 216
330 350 334 351
851 97 855 98
462 27 471 27
694 20 698 21
589 102 598 102
821 302 825 303
87 47 91 48
46 77 46 86
491 205 495 206
2 99 2 108
181 370 190 370
671 271 675 272
496 95 500 96
811 304 820 304
763 296 764 300
13 60 17 61
553 23 557 24
691 151 692 155
124 137 128 138
418 379 427 379
908 363 914 363
23 379 32 379
619 193 620 197
446 311 450 312
758 391 767 391
359 10 368 10
320 219 329 219
537 224 541 225
638 363 642 364
760 76 769 76
300 174 303 175
766 368 770 368
754 207 758 208
181 60 190 60
237 390 246 390
241 333 245 334
7 168 7 177
181 73 185 74
602 389 606 390
447 171 454 171
339 296 343 297
714 359 715 363
709 50 710 54
203 392 212 392
107 194 108 198
426 346 430 347
782 260 791 260
870 311 871 315
655 39 664 39
205 343 209 344
558 367 567 367
490 375 499 375
519 192 523 193
387 16 388 20
425 44 429 45
626 177 635 177
200 8 209 8
697 104 706 104
155 288 156 292
780 29 789 29
830 313 831 317
690 25 699 25
42 89 46 90
102 112 106 113
579 30 588 30
752 89 754 91
543 221 547 222
885 295 889 296
819 161 823 162
656 333 665 333
598 23 602 24
62 10 62 19
837 16 841 17
272 355 281 355
668 363 672 364
881 48 885 49
156 91 160 92
426 357 430 358
5 164 5 173
198 109 202 110
526 186 530 187
345 236 346 240
442 36 451 36
63 354 64 358
768 391 777 391
151 274 152 278
587 162 588 166
616 258 617 262
285 336 286 340
86 211 90 212
610 8 619 8
508 87 512 88
268 207 277 207
629 136 638 136
637 310 641 311
318 129 327 129
153 256 154 260
838 124 847 124
597 198 606 198
706 271 715 271
578 221 579 225
705 131 709 132
705 214 706 218
633 365 642 365
875 86 879 87
712 315 713 319
772 150 776 151
671 6 679 6
500 256 509 256
160 264 169 264
650 233 659 233
835 153 844 153
423 265 427 266
191 164 195 165
681 78 685 79
459 14 460 18
83 341 84 345
768 202 769 206
290 192 294 193
426 363 435 363
121 131 122 135
713 109 717 110
759 303 759 312
784 377 788 378
492 313 496 314
19 234 19 243
73 204 73 213
54 185 58 186
888 355 892 356
881 97 881 102
629 309 638 309
142 238 146 239
74 390 75 394
37 42 41 43
192 314 201 314
208 17 217 17
235 367 239 368
159 351 168 351
768 52 768 61
807 261 808 264
731 168 740 168
854 135 863 135
128 98 132 99
416 331 425 331
318 184 322 185
692 280 696 281
597 347 606 347
774 143 783 143
331 290 334 291
612 310 616 311
901 182 910 182
276 106 280 107
762 342 766 343
558 74 567 74
117 162 126 162
633 7 635 8
325 28 334 28
607 267 611 268
321 238 322 241
132 264 136 265
375 44 379 45
656 331 660 332
28 264 28 273
549 361 551 362
436 164 445 164
150 56 159 56
739 395 748 395
109 44 113 45
466 42 470 43
338 126 342 127
318 67 327 67
819 348 828 348
251 394 257 394
201 38 205 39
642 389 651 389
768 73 772 74
795 326 799 327
866 281 870 282
901 372 905 373
756 269 765 269
481 325 482 329
102 233 102 242
462 8 471 8
762 249 771 249
274 243 275 247
444 106 445 110
516 15 523 15
766 117 770 118
272 372 281 372
791 69 795 70
898 367 902 368
754 53 758 54
232 313 232 322
300 56 309 56
39 170 48 170
192 170 196 171
853 30 854 34
130 104 132 106
399 391 408 391
669 110 673 111
432 79 441 79
193 311 202 311
487 141 488 145
567 198 576 198
106 57 110 58
214 275 218 276
806 247 814 247
827 186 830 186
297 173 306 173
612 141 621 141
761 21 765 22
484 24 485 28
428 329 437 329
880 42 882 44
323 42 332 42
9 392 13 393
753 230 762 230
754 379 758 380
9 64 9 73
4 314 4 323
688 244 692 245
799 46 800 50
199 168 203 169
483 23 492 23
471 46 480 46
40 95 40 104
590 27 594 28
491 207 491 216
597 32 601 33
451 366 460 366
679 77 688 77
120 104 124 105
394 161 395 165
645 67 649 68
602 263 606 264
29 305 29 314
261 145 262 149
52 112 56 113
741 358 750 358
615 353 624 353
754 189 763 189
886 372 890 373
694 28 698 29
352 302 356 303
50 318 54 319
611 376 612 380
678 44 682 45
72 352 73 356
491 102 500 102
160 77 164 78
771 372 775 373
812 103 813 107
661 204 662 208
768 75 777 75
558 193 567 193
667 362 676 362
837 331 846 331
125 15 125 24
561 124 565 125
677 204 678 208
2 30 2 39
328 336 332 337
694 178 698 179
717 67 721 68
409 194 413 195
76 308 80 309
839 240 848 240
789 379 793 380
63 114 67 115
305 192 309 193
259 397 263 398
187 395 191 396
21 381 21 390
56 72 60 73
670 8 679 8
247 265 256 265
462 104 463 108
90 207 94 208
242 322 246 323
210 186 211 190
457 141 458 145
661 226 665 227
579 162 580 166
384 11 393 11
565 120 569 121
197 132 198 136
471 346 472 350
490 161 499 161
655 113 659 114
848 35 852 36
233 59 237 60
432 336 433 340
884 374 893 374
317 243 320 244
825 171 829 172
346 389 355 389
343 112 343 121
673 275 677 276
209 306 218 306
515 1 519 2
325 188 329 189
84 284 93 284
516 312 525 312
631 170 640 170
85 172 93 172
130 221 134 222
480 134 484 135
613 274 617 275
105 233 105 242
591 175 595 176
242 213 251 213
105 326 106 330
715 246 719 247
531 84 534 85
198 297 202 298
171 50 172 54
863 265 867 266
414 332 418 333
532 319 532 328
292 353 296 354
348 23 357 23
192 287 201 287
746 265 750 266
338 312 339 316
104 167 104 176
252 17 256 18
90 224 90 233
769 46 778 46
101 57 105 58
540 353 544 354
291 36 295 37
616 219 620 220
631 273 640 273
442 106 443 110
120 333 129 333
765 246 774 246
278 73 287 73
745 44 754 44
832 260 841 260
112 394 120 394
210 109 211 113
61 291 70 291
18 52 18 61
493 294 497 295
285 214 294 214
541 145 542 149
106 392 110 393
57 193 57 202
39 394 43 395
711 251 720 251
13 300 13 309
348 54 352 55
744 87 748 88
691 393 700 393
874 237 883 237
302 282 311 282
75 294 76 298
129 328 133 329
310 279 314 280
421 366 430 366
120 237 129 237
412 47 421 47
282 186 286 187
864 242 873 242
625 1 634 1
173 40 177 41
798 105 799 109
89 256 90 260
591 332 600 332
407 78 411 79
441 325 442 328
744 100 753 100
134 276 138 277
309 338 313 339
764 2 768 3
279 325 283 326
267 395 271 396
854 118 863 118
452 186 461 186
564 109 568 110
659 28 668 28
448 367 452 368
471 260 475 261
405 107 409 108
785 25 794 25
516 206 525 206
740 102 749 102
849 395 858 395
706 19 715 19
365 394 369 395
588 395 590 397
418 392 422 393
816 286 825 286
318 191 327 191
343 265 347 266
83 256 84 260
713 371 722 371
540 129 541 131
161 96 165 97
842 336 846 337
131 159 132 163
659 10 663 11
83 279 83 287
466 216 470 217
119 272 127 272
693 89 700 89
205 373 209 374
579 232 580 236
594 262 595 266
47 163 48 167
547 126 556 126
472 196 476 197
232 5 236 6
637 324 646 324
71 149 75 150
886 30 890 31
501 200 505 201
749 51 753 52
140 94 144 95
378 253 379 257
601 252 607 252
522 212 526 212
41 187 45 188
234 309 238 310
900 96 904 97
771 296 780 296
277 89 281 90
708 240 717 240
386 52 395 52
573 318 577 319
543 113 547 114
611 186 615 187
741 336 742 340
51 13 55 14
451 91 451 100
116 238 117 242
448 359 452 360
249 260 253 261
592 324 596 325
597 317 606 317
517 142 521 143
867 108 871 109
126 144 127 148
85 136 85 145
730 139 734 140
764 364 773 364
613 237 617 238
718 164 722 165
790 281 794 282
293 40 297 41
111 202 115 203
304 110 304 119
595 203 599 204
677 145 681 146
295 121 295 130
867 298 871 299
586 103 595 103
217 130 226 130
303 55 312 55
386 92 390 93
495 106 499 107
629 297 630 301
797 125 801 126
136 112 137 115
261 250 265 251
306 21 315 21
748 47 752 48
744 33 745 37
55 74 56 78
119 126 119 135
608 330 609 334
660 25 669 25
902 69 910 69
759 180 763 181
886 209 890 210
202 314 211 314
756 261 765 261
460 92 469 92
510 375 519 375
855 30 856 34
52 32 52 41
182 124 183 128
389 296 393 297
509 10 518 10
883 4 884 8
723 164 727 165
364 168 368 169
836 333 843 333
546 55 550 56
174 357 175 361
275 206 284 206
321 290 330 290
275 123 275 132
626 271 630 272
617 362 626 362
254 43 263 43
808 355 812 356
804 20 808 21
528 221 532 222
615 376 624 376
903 371 910 371
805 393 814 393
509 23 510 27
422 29 431 29
139 44 141 45
379 108 380 112
75 243 79 244
835 215 839 216
862 249 871 249
450 165 459 165
770 264 779 264
480 16 489 16
594 2 598 3
402 33 403 37
710 303 714 304
123 174 125 176
770 157 779 157
34 394 38 395
267 173 276 173
649 322 653 323
303 0 307 1
147 329 156 329
442 29 446 30
853 377 854 381
242 161 246 162
520 320 521 324
141 91 145 92
879 289 888 289
171 38 175 39
107 120 108 124
74 10 78 11
486 153 490 154
449 349 457 349
373 69 377 70
298 106 302 107
756 190 765 190
386 40 395 40
391 330 395 331
274 118 278 119
831 129 835 130
758 256 762 257
651 129 652 133
375 366 384 366
283 142 284 146
348 155 352 156
618 258 619 262
85 96 89 97
342 17 346 18
732 313 741 313
88 217 88 226
144 27 153 27
885 377 886 381
682 52 686 53
343 333 351 333
479 367 488 367
796 186 800 187
750 131 754 132
677 366 681 367
474 267 483 267
827 165 833 165
70 235 70 244
165 389 169 390
469 187 470 191
172 75 176 76
871 285 875 286
671 22 680 22
331 117 332 121
165 139 174 139
738 356 742 357
745 303 749 304
887 132 891 133
145 83 154 83
568 369 572 370
869 287 873 288
275 214 281 214
108 293 112 294
298 15 307 15
167 300 169 301
691 186 695 187
823 371 832 371
677 214 678 218
846 48 850 49
207 390 211 391
659 29 663 30
763 48 772 48
830 103 831 107
263 73 267 74
267 331 271 332
486 245 490 246
250 16 259 16
505 206 513 206
865 235 869 236
225 77 229 78
496 288 505 288
511 374 520 374
79 21 83 22
642 366 646 367
142 87 143 90
411 289 420 289
590 220 591 224
553 82 562 82
379 3 388 3
822 279 826 280
471 311 475 312
771 233 780 233
646 40 650 41
311 60 315 61
72 274 76 275
413 369 417 370
384 152 385 156
105 209 105 218
579 100 588 100
751 315 755 316
205 267 214 267
598 70 607 70
650 113 654 114
188 51 190 53
637 91 641 92
872 151 881 151
555 144 559 145
776 359 777 363
403 95 411 95
417 247 421 248
386 330 390 331
369 140 373 141
608 74 617 74
51 369 55 370
726 241 730 242
641 227 650 227
707 383 716 383
600 129 601 133
521 316 525 317
902 89 903 93
775 326 779 327
801 286 810 286
341 255 342 259
791 330 800 330
607 232 608 236
537 302 546 302
751 98 755 99
643 52 647 53
594 10 598 11
180 397 189 397
286 68 295 68
328 34 337 34
599 124 599 133
438 69 442 70
737 38 746 38
129 166 138 166
799 51 803 52
347 133 356 133
167 352 168 356
312 327 316 328
488 126 492 127
828 78 829 82
390 1 394 2
449 396 453 397
353 377 357 378
564 286 573 286
735 289 739 290
667 184 676 184
125 303 134 303
497 6 501 7
182 354 186 355
781 7 790 7
772 116 781 116
734 288 743 288
160 331 164 332
613 63 617 64
687 65 691 66
502 157 511 157
291 142 292 146
899 11 908 11
751 382 760 382
554 311 554 320
298 95 302 96
385 1 389 2
207 30 211 31
830 56 834 57
20 239 20 248
258 128 262 129
134 168 138 169
353 155 357 156
785 281 789 282
519 304 528 304
557 295 566 295
623 209 624 213
188 34 197 34
291 255 295 256
190 63 199 63
634 348 635 351
450 320 451 324
516 112 520 113
887 18 896 18
807 336 811 337
821 304 830 304
453 340 462 340
866 144 875 144
8 10 8 19
134 116 143 116
178 2 182 3
283 0 287 1
1 129 1 138
123 232 127 233
857 30 858 34
99 162 106 162
255 29 264 29
583 190 587 191
197 21 206 21
89 389 90 393
742 388 746 389
76 158 80 159
35 234 35 243
163 233 167 234
596 249 605 249
795 295 796 299
708 128 717 128
840 192 849 192
825 56 829 57
712 378 716 379
884 194 885 198
428 289 432 290
218 318 219 322
676 133 680 134
874 22 883 22
420 172 429 172
521 19 525 19
623 37 627 38
361 149 365 150
453 367 457 368
853 278 862 278
159 245 160 249
158 42 162 43
693 154 697 155
793 58 797 59
299 121 299 130
148 136 148 145
565 48 569 49
844 87 852 87
147 326 151 327
525 342 529 343
859 275 863 276
505 332 509 333
603 282 607 283
480 281 484 282
331 196 335 197
549 207 553 208
810 25 819 25
409 19 413 20
174 243 183 243
236 156 237 160
703 164 707 165
336 21 345 21
563 115 567 116
614 31 623 31
210 315 219 315
126 93 135 93
401 276 405 277
108 157 112 158
208 114 212 115
601 99 610 99
316 295 319 296
238 115 247 115
716 384 720 385
330 54 339 54
343 23 347 24
260 125 269 125
481 153 485 154
493 188 497 189
709 181 718 181
635 248 639 249
324 99 328 100
775 220 776 224
155 364 159 365
282 232 286 233
317 186 321 187
877 331 886 331
864 6 868 7
285 87 289 88
738 122 747 122
521 112 525 113
823 121 832 121
264 159 268 160
177 349 178 353
825 145 829 146
288 323 292 324
35 116 37 118
327 19 331 20
691 181 700 181
322 334 331 334
187 130 196 130
458 309 462 310
177 89 178 93
473 280 482 280
721 37 725 38
900 168 904 169
454 380 458 381
628 274 632 275
66 383 75 383
193 127 202 127
266 122 275 122
271 336 272 340
501 44 510 44
206 121 210 122
329 80 338 80
897 156 906 156
183 111 190 111
534 266 538 267
113 293 116 294
247 323 256 323
508 287 517 287
69 66 69 75
728 356 732 357
708 75 717 75
568 270 572 271
273 93 282 93
591 201 595 202
172 326 181 326
15 10 16 14
99 15 108 15
717 104 726 104
356 198 365 198
687 17 692 17
275 142 276 146
342 47 351 47
268 286 272 287
149 55 158 55
511 350 515 351
522 61 526 62
764 149 773 149
366 198 370 199
824 180 833 180
481 175 485 176
516 164 525 164
450 338 454 339
763 262 764 266
731 350 735 351
877 53 881 54
348 73 352 74
278 290 282 291
654 125 663 125
551 287 560 287
364 111 373 111
159 143 163 143
646 278 655 278
88 42 92 43
522 217 524 218
871 307 875 308
617 389 621 390
586 177 595 177
657 157 661 158
480 278 484 279
18 341 19 345
218 325 219 329
879 9 883 10
60 116 69 116
632 260 633 264
178 232 181 233
174 219 183 219
479 151 483 152
221 383 230 383
100 213 100 222
497 119 498 123
346 152 355 152
700 172 709 172
349 294 358 294
411 59 420 59
422 32 423 36
653 363 657 364
545 202 549 203
873 283 877 284
161 164 165 165
6 164 6 173
65 315 74 315
600 184 609 184
195 266 199 267
710 369 719 369
223 349 224 353
272 17 276 18
649 138 656 138
806 9 814 9
909 301 914 301
488 108 492 109
777 243 778 247
755 167 764 167
129 72 133 73
5 61 5 70
887 279 891 280
834 384 838 385
514 262 523 262
668 52 672 53
373 377 377 378
146 255 155 255
556 292 565 292
139 202 143 203
295 347 299 348
166 46 170 47
341 36 345 37
158 366 162 367
143 104 147 105
570 338 579 338
774 122 782 122
852 204 853 208
566 13 575 13
781 93 790 93
179 293 183 294
685 83 689 84
192 75 196 76
610 167 614 168
563 69 567 70
304 385 305 389
517 61 521 62
316 276 325 276
553 244 557 245
393 310 394 314
82 354 91 354
796 118 805 118
35 254 35 263
426 208 426 217
907 156 912 156
295 279 299 280
549 11 553 12
859 196 863 197
321 298 330 298
794 334 803 334
143 17 147 18
862 298 866 299
124 270 128 271
388 305 397 305
298 67 307 67
415 242 424 242
341 50 345 51
903 13 911 13
342 371 343 375
446 357 450 358
283 376 287 377
344 175 353 175
548 377 557 377
106 331 110 332
34 185 38 186
655 255 659 256
898 355 902 356
251 230 260 230
692 225 701 225
199 360 203 361
798 306 802 307
767 68 776 68
223 253 227 254
222 170 231 170
756 242 760 243
32 326 36 327
471 205 475 206
342 243 343 247
296 203 300 204
763 257 767 258
590 154 599 154
552 179 561 179
819 253 828 253
903 384 907 385
453 109 457 110
446 44 455 44
869 262 873 263
60 366 64 367
161 64 165 65
647 267 651 268
114 207 114 216
335 232 339 233
269 317 270 321
26 108 26 117
81 182 82 186
436 357 440 358
396 202 405 202
914 68 914 77
672 157 676 158
698 254 707 254
621 273 630 273
186 359 195 359
85 360 89 361
189 202 193 203
333 337 342 337
908 319 912 320
629 14 633 15
184 216 188 217
641 351 650 351
441 347 445 347
232 156 233 160
0 209 1 213
393 371 397 372
243 360 244 364
57 57 58 61
376 325 377 329
391 249 399 249
894 250 903 250
251 242 260 242
693 274 697 275
301 270 308 270
494 202 498 203
879 103 881 105
691 384 695 385
81 382 82 386
47 358 48 362
905 168 906 172
33 116 34 118
234 260 238 261
656 209 660 210
145 122 146 126
74 68 74 77
462 273 466 274
607 2 611 3
310 28 314 29
92 298 96 299
140 96 144 97
2 184 2 193
297 161 301 162
732 196 741 196
892 14 896 15
79 203 79 212
105 6 106 10
829 268 833 269
783 296 784 300
485 206 486 210
491 44 500 44
672 343 681 343
476 52 485 52
227 21 236 21
832 336 836 337
880 290 881 294
15 191 19 192
618 318 622 319
537 181 546 181
108 185 112 186
450 355 454 356
878 198 879 202
869 74 873 75
852 137 853 140
256 240 260 241
449 76 453 77
588 367 596 367
841 332 850 332
123 256 124 260
565 342 569 343
70 367 79 367
276 170 280 171
35 335 39 336
444 24 448 25
436 245 440 246
77 389 86 389
269 365 273 366
438 344 447 344
90 116 99 116
883 278 892 278
384 173 393 173
19 148 23 149
771 40 780 40
39 231 39 240
495 48 499 49
712 65 716 66
507 224 511 225
176 301 185 301
722 267 726 268
39 147 40 151
226 303 235 303
726 86 735 86
414 129 415 133
886 214 887 218
286 357 287 361
120 232 122 234
171 36 175 37
571 381 580 381
851 279 853 281
677 312 686 312
580 96 584 97
806 360 813 360
801 346 810 346
889 201 893 202
911 165 914 166
781 17 785 18
657 263 661 264
138 42 142 43
707 202 715 202
653 265 655 266
20 330 29 330
521 259 526 259
410 375 419 375
381 317 385 318
541 175 545 176
487 247 491 248
783 252 787 253
174 290 178 291
31 266 35 267
725 347 734 347
768 96 772 97
306 164 310 165
693 197 695 199
874 196 878 197
908 47 908 50
49 168 53 169
34 160 36 161
738 148 747 148
613 107 617 108
669 50 673 51
874 56 878 57
809 294 818 294
206 186 207 190
702 391 706 392
96 164 100 165
334 296 338 297
86 187 86 196
155 357 164 357
835 217 844 217
402 350 403 354
677 157 678 161
824 181 833 181
752 72 761 72
760 33 761 37
158 385 162 386
273 184 277 185
12 0 12 9
202 172 206 173
96 247 105 247
384 55 393 55
465 209 466 213
546 132 550 133
758 315 759 319
182 156 186 157
78 153 87 153
318 231 327 231
486 116 490 117
771 182 775 183
244 138 248 139
706 372 715 372
356 86 360 87
468 257 477 257
633 37 637 38
717 263 721 264
492 48 494 49
786 133 795 133
674 50 678 51
124 125 125 129
540 394 544 395
761 93 770 93
684 135 688 136
894 333 898 334
5 132 9 133
681 168 690 168
729 2 733 3
215 147 219 148
89 304 98 304
660 139 664 140
516 177 525 177
303 106 307 107
572 303 581 303
627 40 636 40
912 251 914 252
614 217 615 221
668 258 669 262
458 392 462 393
425 148 429 149
451 342 460 342
436 123 440 124
906 203 909 204
813 11 817 12
889 375 898 375
176 20 180 21
570 203 574 204
273 292 282 292
377 335 386 335
263 286 267 287
386 285 390 286
801 40 810 40
427 101 436 101
74 322 78 323
830 227 834 228
79 357 80 361
770 359 771 363
368 69 372 70
408 329 417 329
269 97 273 98
718 98 719 102
311 36 315 37
152 172 156 173
490 92 499 92
67 147 71 148
684 14 688 15
222 395 226 396
202 318 203 322
641 186 650 186
872 118 873 122
704 156 705 157
209 124 213 125
485 104 489 105
5 339 14 339
518 346 522 347
828 58 832 59
890 89 894 90
465 33 474 33
220 279 221 283
528 263 529 267
838 158 842 159
860 56 861 60
286 101 295 101
505 275 507 277
907 337 914 337
248 362 256 362
773 52 774 56
290 367 294 368
572 68 581 68
416 255 420 256
480 104 484 105
280 375 289 375
872 290 876 291
430 336 431 340
663 284 672 284
886 97 887 101
637 387 646 387
907 351 914 351
158 40 162 41
146 181 155 181
231 13 235 14
340 56 349 56
622 49 631 49
429 232 438 232
771 142 780 142
106 307 110 308
67 294 68 298
620 228 629 228
235 317 239 318
607 32 611 33
699 390 708 390
180 262 184 263
783 278 792 278
673 52 675 54
247 175 250 176
333 286 342 286
234 304 238 305
22 10 22 19
637 234 638 236
293 376 297 377
299 283 308 283
730 35 731 39
314 319 323 319
67 274 71 275
687 67 691 68
177 132 178 136
741 384 750 384
594 31 603 31
195 323 199 324
909 49 912 50
826 103 827 107
410 350 411 354
163 130 163 139
589 129 589 138
30 330 34 331
310 369 314 370
716 186 720 187
192 128 196 129
346 41 355 41
351 267 355 268
642 203 651 203
1 295 1 304
419 396 423 397
491 168 500 168
326 312 327 316
695 277 704 277
634 137 638 138
462 322 466 323
10 290 10 299
25 184 25 193
257 19 266 19
653 154 654 158
866 245 875 245
357 228 366 228
251 297 255 298
843 243 852 243
874 366 883 366
832 15 836 16
213 59 222 59
517 330 526 330
253 9 257 10
10 254 10 263
362 178 371 178
19 193 19 202
267 19 276 19
587 392 591 393
854 293 858 294
393 174 402 174
887 167 896 167
321 347 325 348
544 356 547 357
711 306 715 307
188 17 197 17
815 228 819 229
615 336 619 337
724 153 733 153
362 43 371 43
221 161 225 162
140 310 149 310
611 134 620 134
449 353 453 354
874 89 875 93
762 227 766 228
283 103 288 103
158 32 162 33
568 379 575 379
793 32 802 32
512 335 512 344
49 69 50 73
84 362 88 363
184 55 193 55
751 133 755 134
81 267 89 267
879 58 883 59
777 238 781 239
538 84 542 85
404 161 405 165
46 211 46 220
890 295 894 296
13 290 13 299
473 265 477 266
344 221 353 221
762 137 766 138
87 53 91 54
546 42 550 43
652 328 656 329
190 237 199 237
513 39 517 40
567 214 576 214
283 392 287 393
782 125 786 126
596 395 600 396
227 296 236 296
143 311 152 311
341 267 345 268
604 123 604 132
393 0 402 0
706 272 710 273
399 294 408 294
112 257 113 261
483 206 484 210
780 190 784 191
437 182 446 182
754 61 758 62
431 200 435 201
833 241 842 241
847 18 856 18
592 32 596 33
409 332 413 333
430 1 434 2
350 228 350 233
363 13 372 13
423 198 427 199
94 62 103 62
242 17 246 18
896 93 897 97
654 16 663 16
560 167 564 168
252 162 261 162
680 97 689 97
851 346 860 346
68 303 72 304
182 170 186 171
246 171 250 172
114 159 118 160
172 316 173 320
196 243 197 247
841 244 845 245
214 250 218 251
423 12 427 13
122 189 123 193
625 336 629 337
780 294 789 294
853 355 857 356
35 163 36 167
769 191 773 192
288 349 292 350
121 102 125 103
712 143 713 147
734 149 743 149
730 45 739 45
681 1 690 1
771 299 780 299
908 157 912 158
418 336 419 340
825 345 832 345
51 67 52 71
825 143 829 144
504 124 508 125
89 320 89 329
738 391 747 391
628 339 637 339
234 340 238 341
305 188 309 189
660 113 669 113
478 60 487 60
499 361 508 361
224 277 233 277
253 55 262 55
232 27 236 28
373 60 377 61
196 357 200 358
92 4 96 5
649 270 658 270
0 394 1 398
541 162 545 163
83 268 87 269
696 371 702 371
586 151 595 151
437 316 446 316
153 288 154 292
52 99 61 99
191 301 195 302
187 75 191 76
332 128 341 128
429 269 433 270
266 113 267 117
615 35 619 36
258 350 259 354
519 207 523 208
363 15 372 15
62 25 66 26
456 285 460 286
746 42 750 43
748 297 752 298
749 390 758 390
297 17 306 17
861 23 862 27
308 95 312 96
575 326 579 327
211 170 212 173
226 101 230 102
776 315 777 319
167 50 168 54
16 290 16 299
559 329 568 329
343 69 347 70
745 25 754 25
573 188 577 189
474 55 483 55
42 66 42 75
79 157 83 157
529 230 532 231
575 129 579 130
887 79 888 83
31 148 32 152
97 320 101 321
788 335 797 335
806 376 815 376
375 46 384 46
104 62 113 62
842 214 851 214
393 388 397 389
445 167 446 171
25 363 25 372
842 69 843 73
543 314 543 323
254 317 255 321
216 4 225 4
223 388 226 389
269 138 273 139
606 278 615 278
809 170 818 170
887 23 888 27
48 114 52 115
843 293 844 297
802 339 811 339
526 86 530 87
697 312 706 312
493 54 502 54
896 35 897 39
900 83 901 87
408 106 417 106
573 190 577 191
270 243 271 247
568 244 572 245
26 270 26 279
434 11 438 11
408 136 412 136
59 265 63 266
477 101 486 101
321 3 325 4
291 274 300 274
654 111 663 111
433 105 442 105
651 214 652 218
430 117 439 117
264 215 265 219
145 142 145 151
741 156 745 157
43 205 45 207
489 9 490 13
208 191 212 192
325 238 326 242
398 130 398 139
316 172 325 172
66 66 66 75
409 134 412 135
532 68 541 68
340 84 341 88
222 188 223 192
608 37 612 38
640 95 644 96
403 169 412 169
747 194 751 195
335 44 339 45
430 169 434 170
430 300 434 301
739 336 740 340
305 87 314 87
208 54 217 54
860 29 869 29
610 281 619 281
702 330 711 330
102 321 106 322
210 50 219 50
59 326 60 330
747 65 751 65
905 310 913 310
765 352 769 353
803 18 807 19
11 332 12 336
350 194 354 195
441 362 450 362
250 375 259 375
496 162 500 163
618 68 622 69
720 141 729 141
246 274 250 275
703 147 707 148
536 15 538 17
595 398 604 398
760 315 761 319
575 106 584 106
815 176 819 177
570 150 572 152
446 200 450 201
82 112 86 113
754 87 758 88
604 206 608 207
404 151 413 151
749 328 753 329
846 2 850 3
174 99 175 102
238 10 247 10
616 249 625 249
373 229 377 230
826 175 835 175
718 335 727 335
607 263 611 264
178 325 187 325
372 376 381 376
32 104 32 113
885 168 889 169
526 281 535 281
323 238 324 242
898 222 907 222
6 206 6 215
583 253 588 253
895 3 896 7
608 161 617 161
730 289 734 290
433 280 442 280
255 199 259 200
531 145 532 149
676 120 680 121
724 203 725 207
304 340 313 340
482 157 491 157
437 330 446 330
298 331 299 335
900 247 904 248
763 250 772 250
141 46 145 47
462 313 466 314
242 130 246 131
862 56 863 60
291 158 300 158
880 295 884 296
89 100 90 103
277 331 281 332
839 377 840 381
427 182 436 182
460 305 469 305
15 275 16 279
755 44 764 44
634 41 635 45
871 55 880 55
427 79 431 80
239 149 248 149
662 188 666 189
318 23 322 24
229 50 238 50
358 354 367 354
815 152 819 153
477 141 478 145
813 230 822 230
65 110 69 111
811 55 820 55
126 86 127 90
352 182 356 183
592 387 596 388
17 10 17 19
290 271 299 271
132 296 136 297
731 18 735 19
786 175 795 175
603 37 607 38
404 168 413 168
629 5 638 5
774 144 778 145
280 271 289 271
412 235 421 235
539 155 543 156
240 127 248 127
516 13 525 13
380 1 384 2
449 194 453 195
150 343 154 344
22 374 23 378
527 35 536 35
318 157 327 157
377 308 381 309
583 365 592 365
585 71 594 71
362 235 363 239
61 294 62 298
522 219 526 219
660 171 664 172
522 213 526 214
234 258 238 259
78 352 79 356
623 284 632 284
175 364 179 365
386 62 395 62
913 279 914 281
154 72 163 72
104 132 108 133
548 358 557 358
167 13 171 14
144 168 148 169
371 88 375 88
607 6 611 7
224 387 233 387
197 30 201 31
619 109 628 109
22 341 24 343
714 0 718 1
169 110 170 114
54 228 55 232
912 94 914 95
10 29 19 29
788 173 792 174
466 345 475 345
53 354 62 354
572 142 573 146
869 268 873 269
476 155 485 155
248 360 252 361
362 130 371 130
376 50 380 51
818 33 819 37
182 232 186 233
49 320 53 321
876 281 880 282
730 392 739 392
200 344 204 345
769 348 773 349
443 16 444 20
391 107 395 108
833 261 834 264
899 23 908 23
3 149 3 158
684 20 688 21
409 396 413 397
828 306 832 307
472 58 481 58
262 284 266 285
389 325 393 326
795 160 804 160
520 256 529 256
645 185 654 185
716 376 720 377
575 336 579 337
103 85 112 85
741 176 750 176
291 75 300 75
262 178 271 178
459 249 460 253
3 371 3 380
87 227 87 236
426 106 427 110
877 73 886 73
543 138 544 142
403 69 407 70
430 305 434 306
199 154 203 155
451 218 455 219
804 135 808 136
512 50 521 50
118 207 119 211
322 299 326 300
534 350 535 354
162 395 166 396
7 250 7 259
208 67 217 67
329 22 338 22
4 134 5 138
282 110 291 110
592 141 601 141
874 131 883 131
722 150 726 151
738 322 742 323
146 177 155 177
658 248 667 248
257 323 266 323
727 49 731 50
350 95 359 95
649 115 658 115
777 220 778 224
455 33 464 33
430 233 439 233
660 326 664 327
180 5 184 6
345 234 354 234
446 320 447 324
439 76 448 76
124 182 133 182
910 185 914 186
27 139 30 140
739 5 748 5
321 158 325 159
609 100 613 101
57 153 58 157
590 120 599 120
5 371 6 375
883 318 887 319
912 131 914 133
269 168 273 169
118 363 119 366
36 153 40 154
518 188 522 189
319 13 325 13
169 250 173 251
716 359 717 363
826 127 830 128
63 281 64 285
399 217 403 218
670 36 679 36
176 230 180 231
522 79 526 79
785 345 794 345
825 347 834 347
87 187 87 196
697 194 701 195
108 42 112 43
547 300 551 301
401 128 401 137
246 211 250 212
564 272 565 275
553 311 553 320
658 73 662 74
691 251 700 251
862 369 866 370
715 347 724 347
241 211 245 212
303 9 307 10
408 371 412 372
9 386 13 387
216 89 217 93
169 351 170 355
5 341 6 345
197 285 202 285
447 78 456 78
545 313 545 322
470 327 474 328
697 145 698 149
5 144 5 153
332 300 341 300
62 55 66 56
696 92 700 93
789 110 798 110
332 383 341 383
119 10 123 10
190 199 194 200
774 191 775 192
501 325 502 329
599 75 603 76
427 114 429 116
439 294 448 294
913 382 914 385
832 125 836 126
106 147 107 151
784 338 793 338
628 112 632 113
305 194 309 195
903 254 912 254
308 314 309 318
63 311 72 311
104 159 108 160
406 292 410 293
903 155 911 155
880 387 881 391
518 37 521 37
649 28 653 29
38 23 39 27
908 316 910 318
389 217 393 218
799 0 803 1
559 371 563 372
891 142 900 142
663 63 666 64
416 52 425 52
889 199 893 200
258 25 266 25
423 220 427 221
47 112 51 113
2 255 2 264
272 35 281 35
860 100 864 101
619 60 628 60
708 231 717 231
429 304 438 304
868 89 869 93
398 88 407 88
310 202 319 202
301 304 302 308
551 124 555 125
154 320 155 324
781 220 782 224
492 184 496 185
695 397 699 398
559 100 568 100
426 227 430 228
654 14 658 15
52 278 52 287
564 2 568 3
35 347 39 348
611 271 615 272
290 28 294 29
688 47 692 48
478 377 482 378
350 215 351 219
537 371 541 372
862 336 866 337
51 382 60 382
834 242 843 242
905 96 907 97
755 392 759 393
714 10 718 11
225 373 229 374
522 224 526 225
793 173 797 174
586 18 590 19
766 6 770 7
88 185 88 194
364 140 368 141
88 49 97 49
385 394 389 395
746 11 750 12
23 346 24 350
573 370 575 372
252 224 256 225
716 190 725 190
351 53 357 53
401 289 410 289
559 20 563 21
503 369 507 370
789 201 790 205
59 103 60 107
221 116 230 116
788 83 789 87
856 287 865 287
641 306 645 307
736 269 745 269
149 253 153 254
441 113 450 113
884 97 885 101
416 276 420 277
529 10 538 10
129 226 133 227
37 342 38 346
519 139 523 140
877 167 886 167
503 136 511 136
2 379 2 388
631 320 640 320
156 191 160 192
276 215 277 219
843 355 847 356
161 166 165 167
18 142 19 146
621 253 627 253
770 139 774 140
308 336 312 337
177 195 181 196
261 301 265 302
883 397 892 397
179 52 183 53
313 227 314 230
71 235 71 244
888 178 892 179
95 67 99 68
216 164 220 165
74 117 78 118
295 192 299 193
894 376 895 380
815 192 819 193
444 262 448 263
774 272 778 273
579 304 579 313
162 300 166 301
477 207 478 211
305 373 309 374
342 348 343 349
421 373 425 374
195 98 196 102
406 285 410 286
687 310 691 311
242 195 246 196
33 148 34 152
111 106 115 107
699 145 700 149
655 121 660 121
392 109 393 113
894 242 903 242
224 397 228 398
591 359 595 360
776 186 780 187
688 260 690 262
429 367 433 368
730 102 739 102
876 144 885 144
231 209 235 210
833 319 842 319
248 228 252 229
771 198 775 199
6 174 6 183
160 237 169 237
167 294 168 298
22 94 22 103
389 16 390 20
442 32 446 33
885 232 894 232
440 233 449 233
312 282 320 282
252 20 261 20
873 241 882 241
396 150 405 150
710 8 719 8
199 216 203 217
508 69 512 70
637 195 641 196
267 161 271 162
812 342 816 343
687 391 691 392
516 237 517 241
884 11 888 12
136 102 140 103
363 14 372 14
420 175 424 176
107 65 116 65
260 131 264 132
580 90 589 90
433 289 437 290
549 2 553 3
328 32 332 33
634 0 643 0
704 10 708 11
800 192 804 193
640 315 644 316
18 103 19 107
824 313 825 317
421 121 425 122
741 142 750 142
889 9 893 10
418 118 427 118
121 326 125 327
848 124 856 124
204 179 208 180
718 148 727 148
35 313 39 314
352 215 353 219
557 51 566 51
169 50 170 54
246 335 255 335
624 361 633 361
192 269 201 269
332 253 341 253
126 136 135 136
898 189 902 190
429 257 437 257
88 149 89 153
230 117 231 121
238 392 242 393
817 342 821 343
536 88 545 88
493 126 494 130
879 70 883 71
304 371 313 371
65 40 74 40
0 42 0 51
620 326 624 327
447 157 451 158
435 68 444 68
305 77 309 78
265 86 269 87
164 373 165 377
843 265 847 266
419 257 428 257
341 248 345 249
726 143 727 147
639 390 648 390
546 268 550 269
139 352 140 356
730 320 734 321
621 170 630 170
575 45 577 46
498 243 502 244
260 123 264 124
303 84 312 84
533 311 542 311
764 202 765 206
755 397 759 398
577 232 578 236
875 95 879 96
809 0 810 4
596 297 596 306
910 100 914 101
673 279 682 279
61 77 61 86
498 346 502 347
736 333 745 333
334 25 338 26
191 211 195 212
435 65 437 67
26 195 26 204
793 252 797 253
398 210 402 211
206 211 210 212
192 134 196 135
772 59 776 60
263 179 267 180
343 126 352 126
37 251 37 260
834 74 838 75
752 313 761 313
211 106 215 107
316 152 320 153
689 309 698 309
40 55 40 64
594 109 598 110
232 195 236 196
617 94 626 94
698 282 702 283
879 11 883 12
855 237 864 237
609 109 613 110
606 330 607 334
566 264 575 264
88 283 97 283
831 332 840 332
57 332 61 333
169 109 178 109
701 181 708 181
54 313 56 314
832 72 833 76
642 263 646 264
111 36 115 37
324 380 328 381
549 254 558 254
271 312 275 313
550 217 553 218
18 294 18 303
800 11 801 15
294 385 295 389
845 201 854 201
423 369 427 370
534 59 538 60
650 58 659 58
466 104 467 108
253 57 257 58
665 167 669 168
889 11 898 11
386 346 390 347
139 256 140 260
586 149 590 150
39 385 40 389
786 88 790 89
768 216 772 217
82 6 86 7
446 162 450 163
657 48 661 49
321 164 323 165
430 388 439 388
476 341 485 341
409 76 413 77
394 380 398 381
68 84 72 85
541 335 541 339
57 67 58 71
97 274 101 275
648 122 652 123
153 145 162 145
42 241 46 242
166 59 170 60
540 348 541 352
313 265 317 266
101 131 110 131
15 184 19 185
73 182 77 183
717 380 723 380
222 89 226 90
457 132 466 132
882 68 886 69
824 366 828 367
215 226 219 227
374 169 382 169
505 134 509 135
220 123 229 123
487 196 491 197
413 53 417 54
165 321 169 322
212 224 216 225
207 328 211 329
627 91 631 92
276 243 277 247
536 153 545 153
60 183 60 192
398 340 399 344
19 346 20 350
138 199 142 200
571 374 577 374
813 341 822 341
103 371 112 371
688 335 692 336
253 290 262 290
148 288 148 296
110 0 111 4
302 147 303 151
590 104 594 105
259 50 268 50
615 222 619 223
560 136 569 136
117 262 121 263
677 376 678 380
692 158 700 158
34 90 35 94
447 167 451 168
505 349 514 349
358 305 367 305
739 386 743 387
730 397 734 398
97 132 97 141
741 198 745 199
879 79 880 83
763 356 767 357
1 364 1 373
485 9 486 13
593 283 594 284
180 63 189 63
662 225 666 225
876 72 885 72
5 0 5 9
100 204 104 205
664 222 673 222
818 186 822 187
622 2 626 3
605 97 609 97
30 354 31 358
243 73 247 74
133 42 137 43
652 103 652 112
831 127 835 128
53 114 57 115
587 17 596 17
393 13 394 17
273 115 277 116
772 359 773 363
500 210 501 214
311 304 312 308
355 192 359 193
680 203 689 203
547 78 551 79
873 316 877 317
553 113 557 114
389 221 393 222
698 22 707 22
146 57 155 57
673 147 674 151
759 348 763 349
167 395 171 396
97 233 98 237
300 147 301 151
385 240 385 249
264 397 268 398
143 199 147 200
40 313 44 314
485 226 489 227
729 272 733 273
415 37 416 41
363 355 367 356
210 343 214 344
352 47 361 47
861 307 865 308
469 192 478 192
264 113 265 117
705 397 709 398
95 380 96 384
387 227 388 231
383 198 387 199
449 249 458 249
815 308 819 309
136 308 140 309
863 114 867 115
815 56 819 57
352 81 353 84
790 171 794 172
377 140 377 149
411 245 415 246
139 142 143 143
172 14 176 14
548 283 552 284
614 109 618 110
866 193 874 193
529 195 538 195
105 256 106 260
431 346 435 347
191 51 195 52
482 65 486 66
379 129 388 129
711 69 715 70
90 367 99 367
262 49 271 49
312 175 316 176
882 185 886 186
270 16 279 16
322 308 326 309
788 216 797 216
378 314 382 315
721 35 725 36
187 84 191 85
385 355 389 356
352 284 356 285
878 283 880 284
887 336 891 337
320 85 324 86
648 106 648 115
595 144 604 144
263 110 272 110
439 262 443 263
348 24 357 24
210 270 211 274
366 164 374 164
52 142 53 146
308 27 317 27
883 266 891 266
325 194 329 195
759 135 763 136
772 388 776 389
38 122 39 126
122 15 122 24
71 294 72 298
139 55 148 55
792 96 796 97
842 206 843 210
328 205 337 205
195 349 196 353
0 364 0 373
304 38 308 39
107 298 116 298
452 34 456 35
222 240 231 240
103 209 103 218
112 52 116 53
833 232 837 233
456 311 465 311
42 232 43 236
882 267 891 267
778 322 782 323
451 201 460 201
882 128 886 129
831 393 835 394
330 292 334 293
674 100 674 109
350 48 359 48
159 168 163 169
624 0 633 0
817 96 826 96
603 365 612 365
872 110 881 110
575 71 584 71
143 167 152 167
657 382 661 383
234 99 243 99
509 64 518 64
295 28 299 29
327 382 336 382
691 78 695 79
270 174 279 174
454 296 463 296
345 194 349 195
149 155 158 155
293 82 297 83
656 296 657 300
697 138 706 138
313 323 317 324
117 378 126 378
505 160 514 160
885 301 889 302
624 304 627 305
175 139 184 139
706 87 707 90
675 100 679 101
869 15 878 15
281 71 285 72
543 145 544 149
913 61 914 63
337 63 341 64
165 99 169 100
0 102 0 111
368 265 372 265
907 265 910 266
583 363 587 364
292 329 296 330
346 362 350 363
121 57 125 58
241 242 242 246
524 84 525 88
859 240 868 240
547 9 556 9
340 352 344 353
686 117 690 118
243 215 247 216
902 243 911 243
420 233 429 233
464 269 468 270
460 325 469 325
658 63 662 64
884 262 888 263
425 28 434 28
384 108 384 117
851 99 860 99
321 315 325 316
273 82 277 83
792 83 793 87
577 279 581 280
634 100 638 101
562 216 571 216
526 133 535 133
184 279 188 280
442 258 446 259
611 122 615 123
631 134 640 134
696 261 705 261
765 160 774 160
591 232 592 236
50 133 54 134
447 198 451 199
672 382 676 383
781 376 789 376
90 263 94 264
102 390 106 391
349 312 358 312
665 71 674 71
175 201 184 201
596 199 600 200
655 35 659 36
440 91 441 95
46 243 50 244
661 142 670 142
283 290 287 291
823 216 827 217
596 124 596 133
192 44 196 45
657 391 661 392
505 83 509 84
663 73 667 74
325 236 334 236
162 146 163 150
429 194 433 195
513 284 522 284
462 157 471 157
160 127 164 128
279 80 288 80
776 355 785 355
364 137 368 138
756 331 765 331
134 137 135 141
381 289 390 289
681 18 685 19
369 137 373 138
281 196 285 197
393 159 400 159
97 4 101 5
497 207 501 208
4 298 8 299
29 20 29 28
78 272 82 273
586 332 590 333
561 200 565 201
374 221 378 222
297 121 297 130
485 255 494 255
465 249 466 253
518 108 522 109
225 325 226 329
143 326 144 330
556 101 558 102
849 213 858 213
437 18 438 22
0 314 0 323
233 313 233 322
648 285 657 285
508 348 517 348
607 65 611 66
545 326 549 327
885 171 889 172
834 161 838 162
498 173 502 174
186 186 187 190
367 133 376 133
424 3 428 4
257 6 261 7
657 376 658 380
685 214 686 218
228 117 229 121
702 367 711 367
220 147 224 148
632 382 636 383
324 131 333 131
210 378 214 379
414 26 423 26
889 84 891 86
809 261 813 262
692 162 696 163
284 365 293 365
175 375 184 375
462 36 471 36
475 307 478 308
361 147 365 148
723 298 727 299
478 365 487 365
512 207 513 211
881 275 888 275
116 91 120 92
237 174 240 174
722 366 726 367
562 303 571 303
297 18 306 18
438 359 442 360
726 232 734 232
40 86 41 90
389 22 398 22
369 215 373 216
317 284 321 285
389 76 393 77
185 81 189 82
773 216 777 217
899 21 907 21
755 25 764 25
323 32 327 33
27 137 31 138
850 69 851 73
602 310 606 311
499 389 500 393
62 165 63 169
313 0 317 1
585 121 594 121
108 34 117 34
184 202 188 203
673 376 674 380
88 288 92 289
794 0 798 1
381 201 385 202
383 169 392 169
253 309 254 313
585 91 586 95
14 101 14 110
238 121 247 121
629 232 630 236
202 390 206 391
532 263 533 267
810 225 814 226
508 285 517 285
655 204 656 208
802 72 803 76
214 202 218 203
634 12 643 12
586 156 590 157
666 18 670 19
675 80 679 81
465 134 469 135
613 374 620 374
100 385 101 389
310 350 319 350
569 100 578 100
346 196 350 197
639 136 643 137
398 89 407 89
834 328 838 329
162 35 171 35
616 271 620 272
878 275 880 277
341 250 350 250
190 48 194 49
542 216 551 216
748 173 752 174
311 75 317 75
33 0 33 9
98 132 98 141
761 69 765 70
829 161 833 162
669 95 673 96
531 270 535 271
75 315 84 315
782 342 786 343
423 174 432 174
22 229 23 233
429 77 438 77
530 116 531 119
317 215 321 216
164 290 173 290
520 117 529 117
755 336 756 340
72 225 72 234
452 313 456 314
579 20 588 20
547 258 556 258
905 8 914 8
512 114 516 115
726 271 728 273
448 87 452 88
348 215 349 219
548 312 548 321
327 361 332 361
172 35 181 35
824 62 833 62
756 355 765 355
214 168 218 169
665 231 666 232
839 188 848 188
818 154 822 155
122 293 129 293
209 349 210 353
260 183 261 187
354 262 358 263
534 31 543 31
323 69 332 69
370 106 374 107
201 209 205 210
555 257 564 257
58 304 67 304
794 76 795 80
866 246 875 246
331 36 335 37
690 80 694 81
288 210 297 210
322 226 331 226
872 108 876 109
61 39 70 39
3 124 3 133
483 392 484 396
310 81 319 81
795 23 799 24
819 377 820 381
741 11 745 12
357 57 361 58
783 220 784 224
467 65 471 66
567 262 571 263
600 122 609 122
471 317 475 318
91 185 92 189
211 175 215 176
501 336 501 345
817 267 821 268
217 45 226 45
765 262 769 263
237 161 241 162
121 394 130 394
705 250 714 250
536 164 545 164
257 299 266 299
592 220 593 224
526 88 535 88
879 328 883 329
779 188 788 188
385 369 393 369
487 85 491 86
85 163 89 164
665 67 669 68
511 112 515 113
907 119 911 120
665 277 674 277
539 5 548 5
837 377 838 381
199 144 200 148
171 394 180 394
732 300 736 301
441 373 445 374
739 390 748 390
344 76 348 77
503 173 507 174
358 303 367 303
211 15 220 15
114 335 118 336
612 61 616 62
895 79 896 83
869 196 873 197
487 182 496 182
61 106 65 107
881 314 885 315
552 68 561 68
396 86 396 95
425 355 429 356
767 77 768 81
63 294 64 298
691 156 695 157
453 29 454 33
276 357 280 358
805 23 809 23
180 191 182 193
367 258 371 259
625 129 629 130
779 46 780 50
486 149 490 150
773 30 777 31
303 59 312 59
651 320 655 321
298 224 307 224
769 82 778 82
746 315 750 316
509 139 518 139
137 396 146 396
33 385 34 389
0 224 0 233
26 142 27 146
120 310 129 310
21 128 22 132
14 119 14 128
914 109 914 113
751 18 755 19
262 289 271 289
208 38 212 39
499 247 500 251
705 295 714 295
765 166 769 167
735 185 744 185
820 29 829 29
335 46 344 46
833 147 837 148
217 331 221 332
300 85 304 86
752 150 756 151
667 267 671 268
388 392 392 393
151 245 152 249
828 11 832 12
788 2 792 3
866 287 868 289
582 308 583 312
631 69 640 69
757 336 758 340
408 287 417 287
193 234 202 234
202 197 206 198
48 29 57 29
231 15 240 15
210 226 214 227
602 387 606 388
654 222 663 222
141 108 150 108
516 209 523 209
139 300 141 302
301 255 305 256
913 235 914 239
703 374 712 374
452 91 452 100
218 299 224 299
209 144 210 148
130 276 130 285
654 352 663 352
784 77 785 81
90 267 94 268
725 220 726 224
191 46 195 47
225 80 227 82
503 28 512 28
186 68 195 68
811 93 820 93
697 366 701 367
800 350 801 353
110 27 111 31
547 279 551 280
185 137 189 138
613 23 617 24
194 293 198 294
369 271 378 271
585 315 589 316
902 174 911 174
849 21 858 21
415 141 416 145
205 144 206 148
109 167 110 171
776 15 780 16
289 258 293 259
137 122 138 126
693 296 697 297
208 59 212 60
627 2 631 3
113 207 113 216
402 340 403 344
296 104 305 104
78 279 82 280
688 73 692 74
429 349 438 349
140 119 144 120
17 203 17 212
806 88 810 89
854 347 863 347
517 137 521 138
335 350 344 350
358 53 362 54
279 199 288 199
779 203 780 207
820 143 824 144
250 82 252 84
239 365 243 366
361 196 370 196
644 135 648 136
794 62 803 62
897 141 906 141
526 175 530 176
325 257 329 258
505 158 509 159
766 133 770 134
196 359 205 359
804 41 813 41
135 77 139 78
735 208 736 212
594 59 598 60
481 258 485 259
256 179 257 183
38 86 39 90
504 151 508 152
36 86 37 90
149 288 150 292
372 63 376 64
837 68 846 68
775 89 779 90
556 18 560 19
863 17 872 17
297 220 306 220
76 149 77 153
747 354 756 354
848 78 849 82
325 5 334 5
239 124 243 125
849 345 858 345
898 271 902 272
624 137 633 137
50 15 51 19
79 325 83 326
758 244 760 245
133 12 142 12
729 5 738 5
415 268 424 268
268 150 269 154
647 116 648 120
732 4 741 4
124 62 133 62
706 18 715 18
238 143 242 144
504 194 513 194
814 272 818 273
318 133 322 134
593 113 597 114
625 25 629 26
771 93 780 93
677 382 681 382
411 128 417 128
165 256 166 260
22 152 23 156
200 199 204 200
907 283 910 284
129 253 133 254
17 330 17 339
477 27 481 28
566 132 570 133
432 258 436 259
119 29 128 29
103 345 111 345
310 232 314 233
613 369 622 369
522 142 531 142
854 311 855 315
829 270 838 270
427 141 428 145
322 63 326 64
443 307 444 311
820 86 827 86
159 373 163 374
420 117 429 117
676 286 680 287
344 314 348 315
780 394 789 394
694 42 695 46
551 86 555 87
368 356 377 356
19 334 20 338
365 234 374 234
873 159 878 159
760 91 769 91
734 135 738 136
909 77 909 86
47 211 47 220
40 39 44 40
522 314 531 314
757 300 761 301
836 169 845 169
694 117 694 126
452 234 456 235
634 210 643 210
384 350 385 354
784 105 785 109
449 230 453 231
904 135 913 135
623 112 627 113
763 306 772 306
572 184 576 185
631 119 631 128
701 394 710 394
170 146 171 150
624 192 632 192
15 214 24 214
230 22 239 22
615 106 624 106
121 3 125 4
122 195 126 196
248 57 252 58
65 31 69 32
888 2 897 2
466 285 470 286
139 245 140 249
173 17 176 18
519 98 528 98
758 202 758 206
844 20 853 20
89 378 90 382
426 81 431 81
578 249 587 249
298 0 302 1
692 229 694 231
60 335 64 336
184 152 188 153
259 38 268 38
202 232 206 233
783 257 787 258
199 202 203 203
212 79 221 79
170 310 179 310
341 196 345 197
6 122 6 131
723 201 732 201
844 374 853 374
729 129 737 129
273 156 277 157
780 315 781 319
156 80 165 80
7 183 16 183
227 17 236 17
194 43 203 43
392 63 396 64
262 186 266 187
706 186 710 187
140 320 141 324
738 143 739 147
469 391 478 391
231 175 234 176
311 226 312 230
861 127 865 128
781 15 785 16
686 152 690 153
467 249 468 253
826 246 835 246
288 2 297 2
132 298 136 299
252 215 261 215
795 305 804 305
18 154 19 158
204 387 213 387
760 375 769 375
546 241 550 242
912 13 914 15
98 273 107 273
655 80 659 81
613 391 622 391
467 202 468 206
461 249 462 253
688 40 692 41
351 158 355 159
102 11 106 12
453 37 457 38
160 61 164 62
206 333 210 334
531 250 535 250
472 157 481 157
325 95 334 95
458 369 462 370
638 198 642 199
58 120 67 120
392 292 396 293
745 326 749 327
302 190 309 190
102 48 109 48
91 318 91 327
25 270 25 279
5 40 14 40
580 304 580 313
818 232 827 232
103 256 104 260
608 173 612 174
288 237 297 237
588 335 597 335
483 72 487 73
878 355 882 356
216 117 225 117
10 201 10 210
824 4 828 5
506 263 510 264
832 13 841 13
19 249 19 258
620 183 624 184
867 290 871 291
523 331 523 340
774 368 783 368
495 104 499 105
388 127 397 127
91 355 92 359
407 12 408 16
799 178 803 179
213 11 222 11
33 344 34 348
296 235 305 235
266 164 270 165
317 311 326 311
353 354 357 354
868 118 869 122
877 187 886 187
537 145 538 149
702 339 706 340
744 188 748 189
396 276 400 277
451 50 455 51
297 134 298 138
677 196 681 197
537 65 541 66
251 295 260 295
127 262 131 263
498 287 507 287
417 41 426 41
769 130 778 130
112 352 114 354
914 313 914 318
804 0 808 1
383 108 383 117
221 211 225 212
872 42 876 43
896 161 905 161
583 270 587 271
156 109 164 109
467 316 476 316
80 96 84 97
23 52 23 61
577 366 586 366
5 300 5 309
626 147 630 148
529 76 533 77
156 392 160 393
79 198 88 198
240 66 249 66
540 167 544 168
469 362 478 362
116 372 120 373
558 115 562 116
613 173 617 174
547 295 551 296
800 56 809 56
300 241 304 242
297 232 301 233
510 83 514 84
767 381 776 381
406 122 410 123
723 315 727 316
667 220 671 221
65 101 66 105
469 262 473 263
212 300 221 300
198 207 207 207
609 10 613 11
740 143 741 147
350 134 359 134
825 308 826 312
693 214 694 218
14 341 15 345
99 202 102 203
496 176 500 177
195 199 199 200
434 24 438 25
22 104 26 105
406 193 408 195
617 48 621 49
622 392 626 393
228 392 232 393
40 105 44 106
794 22 803 22
487 9 488 13
195 201 204 201
796 269 805 269
800 105 801 109
630 315 634 316
546 118 555 118
896 347 900 348
160 99 164 100
79 173 83 174
598 335 607 335
507 196 511 197
691 142 700 142
857 125 861 126
664 137 673 137
849 194 853 195
876 180 885 180
195 288 196 292
283 9 284 13
588 107 592 108
353 336 357 337
175 7 183 7
393 392 397 393
264 70 273 70
708 87 709 91
23 381 23 390
296 255 300 256
139 276 140 280
171 164 175 165
873 273 877 274
325 331 329 332
375 49 384 49
661 345 665 346
754 28 757 29
731 265 735 266
763 308 767 309
753 278 762 278
368 279 377 279
852 56 853 60
671 209 675 210
238 67 247 67
771 117 775 118
683 304 687 305
770 63 774 64
495 129 499 130
242 156 243 160
254 356 263 356
156 235 165 235
123 42 127 43
349 179 353 180
57 378 61 379
758 73 762 74
776 83 780 84
145 50 146 54
129 29 137 29
180 329 182 331
366 331 370 332
131 107 135 108
434 367 437 368
191 307 195 308
769 379 773 380
380 224 384 225
1 224 1 233
726 175 735 175
694 288 703 288
780 105 781 109
705 105 709 106
21 229 21 238
355 214 364 214
834 196 838 197
719 89 723 90
872 53 876 54
241 336 250 336
641 226 650 226
547 330 547 339
359 349 368 349
71 131 80 131
611 253 620 253
596 330 600 331
264 348 265 352
819 261 823 262
404 365 413 365
388 13 392 14
719 80 720 84
887 68 891 69
861 166 870 166
391 298 400 298
135 213 143 213
780 23 784 24
377 385 381 386
735 214 736 218
61 369 65 370
255 384 264 384
540 0 544 1
188 220 197 220
560 158 564 159
873 232 876 233
14 305 15 309
708 73 712 74
37 30 46 30
889 19 893 20
889 240 896 240
220 271 224 272
656 271 660 272
649 118 653 119
347 17 351 18
453 289 457 290
483 63 487 64
765 336 769 337
294 314 295 318
362 8 366 9
538 355 547 355
321 119 321 128
481 50 485 51
290 327 291 330
835 9 844 9
498 341 499 345
239 97 243 98
628 64 637 64
184 318 185 322
696 90 700 91
682 317 683 321
554 155 558 156
42 25 46 26
577 9 586 9
114 291 118 292
736 33 737 37
478 239 482 240
370 350 374 351
570 167 574 168
133 223 137 224
70 245 79 245
186 150 190 151
268 383 276 383
628 290 637 290
46 205 50 206
113 371 122 371
762 225 766 226
332 343 336 344
73 54 74 57
67 281 68 285
325 229 329 230
471 219 480 219
167 349 171 350
785 190 789 191
705 191 709 192
315 236 324 236
432 106 433 110
141 50 142 54
787 53 787 60
552 265 554 267
846 268 853 268
424 152 428 153
409 312 418 312
444 396 448 397
872 336 876 337
179 152 183 153
894 74 898 75
576 264 577 268
561 153 565 154
361 36 364 37
607 325 616 325
757 12 758 16
479 362 488 362
6 229 7 233
536 334 545 334
267 63 271 64
912 349 914 350
314 259 318 260
45 39 49 40
642 330 651 330
515 158 519 159
247 128 248 132
745 246 754 246
899 152 908 152
82 276 89 276
179 353 188 353
843 278 852 278
741 98 745 99
529 5 538 5
798 80 807 80
456 146 465 146
97 25 101 26
149 261 158 261
239 340 243 341
642 239 646 240
907 132 911 133
640 158 644 159
825 207 826 208
606 328 615 328
787 336 791 337
246 106 250 107
280 77 284 78
484 267 493 267
195 174 196 177
689 112 698 112
686 265 690 266
90 149 91 153
360 139 369 139
398 54 407 54
583 244 587 245
356 36 360 37
204 152 208 153
514 286 523 286
378 377 382 378
275 254 276 258
480 48 484 49
314 120 314 129
151 46 155 47
502 207 506 208
428 320 429 324
614 0 623 0
862 323 866 324
310 367 314 368
402 8 406 9
542 131 551 131
754 270 758 271
897 104 900 105
709 328 713 329
345 46 354 46
132 117 136 118
251 240 255 241
221 175 225 176
424 313 426 314
770 29 779 29
213 60 222 60
69 347 70 351
523 46 532 46
319 140 319 149
645 39 654 39
824 242 833 242
578 352 587 352
567 302 576 302
444 353 448 354
707 98 708 102
754 20 757 21
256 46 259 47
771 83 775 84
111 126 115 127
254 243 255 247
277 395 281 396
94 374 98 375
681 113 690 113
278 277 282 278
201 73 202 76
582 216 586 216
697 337 698 339
195 83 204 83
156 369 160 370
11 41 20 41
711 221 712 225
53 147 54 151
912 178 914 179
854 360 863 360
380 273 381 277
158 199 162 200
637 197 646 197
496 242 505 242
682 60 683 64
389 10 398 10
373 126 382 126
203 132 204 136
85 10 86 14
545 94 546 98
653 198 657 199
492 85 496 86
530 171 534 172
560 34 569 34
418 93 421 94
513 108 517 109
281 204 284 205
290 230 294 231
346 208 350 209
345 255 346 259
823 341 832 341
876 307 880 308
223 392 227 393
148 104 152 105
605 336 609 337
401 357 405 358
630 281 639 281
206 80 215 80
626 164 630 165
520 202 524 203
770 281 774 282
378 134 379 138
534 76 538 77
599 302 603 303
446 177 450 178
518 173 522 174
398 92 402 93
720 211 724 212
760 143 761 147
786 372 790 373
35 337 39 338
381 364 390 364
329 325 333 326
729 166 738 166
11 97 11 106
476 50 480 51
880 364 884 365
51 181 55 182
287 186 291 187
754 334 763 334
455 339 464 339
41 396 44 397
554 371 558 371
366 82 370 83
438 217 447 217
440 307 442 308
435 385 439 386
648 42 652 43
668 282 677 282
569 246 571 248
257 217 261 218
25 315 26 319
148 282 152 283
399 221 403 222
815 398 824 398
769 51 769 60
175 323 179 324
18 330 18 339
614 75 615 79
910 378 914 379
876 88 877 92
61 179 62 183
768 200 777 200
786 77 787 81
747 66 751 67
879 4 880 8
656 341 660 342
568 356 577 356
485 134 489 135
826 313 827 317
154 377 163 377
524 59 528 60
427 78 436 78
864 347 868 348
587 279 591 280
702 361 706 362
832 137 836 138
638 82 642 83
704 20 708 21
236 46 240 47
752 143 753 147
493 336 497 337
453 377 457 378
213 23 217 24
148 357 149 361
913 65 914 67
351 86 355 87
114 10 118 11
14 10 14 19
675 34 679 35
807 323 816 323
120 268 124 269
179 306 188 306
201 144 202 148
205 266 214 266
98 27 107 27
533 319 533 328
388 372 392 372
196 150 205 150
318 15 327 15
502 103 511 103
283 277 287 278
181 358 185 359
784 328 788 329
317 334 321 335
508 111 517 111
670 25 679 25
687 104 696 104
428 111 437 111
737 267 741 268
696 78 700 79
66 337 70 338
610 375 619 375
692 226 701 226
202 170 206 171
640 105 649 105
535 83 537 85
577 51 586 51
429 331 438 331
293 142 297 143
753 344 762 344
877 42 879 43
756 384 760 385
467 322 471 323
716 355 725 355
318 277 327 277
677 46 681 47
32 23 33 27
833 173 837 174
270 179 272 181
695 235 699 236
81 165 85 166
475 141 476 145
98 230 102 231
506 175 510 176
48 47 48 56
848 173 852 174
874 268 878 269
554 372 558 373
586 126 590 127
841 99 850 99
179 281 188 281
704 56 705 60
75 120 76 124
51 237 52 241
413 215 413 224
675 131 679 132
538 82 542 83
201 337 203 339
780 8 789 8
506 355 507 358
755 124 764 124
890 124 894 125
711 395 715 396
175 351 176 355
565 336 569 337
914 9 914 12
566 246 568 247
507 85 511 86
383 210 387 211
326 41 335 41
512 382 521 382
832 215 834 217
813 32 822 32
22 328 26 329
682 391 686 392
175 5 179 6
27 108 27 117
1 194 1 203
718 203 719 207
56 52 57 56
451 177 460 177
672 201 676 202
685 327 694 327
766 190 775 190
646 163 650 164
197 195 201 196
212 185 221 185
336 363 340 364
557 212 561 213
465 48 469 49
821 142 829 142
473 346 474 350
205 139 213 139
231 349 232 353
901 98 905 99
63 221 63 230
319 199 328 199
44 298 44 307
741 111 741 120
557 340 566 340
275 236 284 236
146 320 147 324
707 303 709 305
408 53 412 54
811 0 812 4
362 127 367 127
67 331 71 332
565 232 566 236
823 32 832 32
202 44 206 45
850 256 854 257
439 11 443 12
320 271 329 271
410 172 419 172
594 20 598 21
128 225 137 225
870 105 873 106
910 309 913 309
621 122 621 131
213 238 214 242
241 357 245 358
622 258 623 262
335 366 336 370
206 116 210 117
667 196 671 197
451 175 455 176
305 200 309 201
55 356 55 365
111 300 115 301
327 25 328 27
481 9 482 13
188 297 192 298
350 81 351 85
363 73 367 74
837 167 846 167
198 67 207 67
3 381 3 390
897 207 901 208
525 389 526 393
736 188 738 190
154 93 158 94
720 102 729 102
560 105 569 105
330 379 339 379
344 147 345 151
761 220 762 224
289 332 290 333
802 310 806 311
218 243 219 247
512 179 516 180
530 234 531 238
472 179 481 179
865 9 866 13
542 8 551 8
95 256 96 260
238 34 247 34
730 108 735 108
442 159 446 160
259 168 263 169
892 185 894 187
222 339 231 339
725 289 729 290
397 297 406 297
287 163 296 163
471 249 472 253
98 42 102 43
394 306 403 306
717 289 719 291
163 2 167 3
521 153 525 154
605 95 609 96
760 63 764 64
140 20 142 21
478 311 480 312
34 375 34 384
163 185 172 185
328 371 329 375
771 330 780 330
257 395 261 396
490 218 491 220
549 94 550 98
682 65 686 65
432 60 436 61
509 76 513 77
166 359 167 363
432 8 436 9
257 135 260 136
439 3 443 4
844 333 848 334
643 363 647 364
218 114 222 115
859 348 863 349
697 71 706 71
10 0 10 9
462 114 466 115
326 3 330 4
858 178 862 179
674 233 675 237
745 347 754 347
339 366 340 370
353 153 357 154
654 112 663 112
545 134 549 135
529 139 533 140
216 106 220 107
138 34 147 34
540 204 549 204
84 16 85 20
195 25 204 25
587 312 596 312
23 304 23 313
771 346 780 346
744 158 753 158
714 153 723 153
907 121 911 122
90 126 91 130
244 26 246 28
659 322 663 323
190 362 194 363
460 161 469 161
9 0 9 9
268 95 272 96
775 63 779 64
259 111 268 111
836 50 845 50
71 42 71 51
792 225 793 229
625 171 629 172
911 311 913 312
681 306 685 307
135 184 144 184
832 17 836 18
641 72 650 72
207 330 211 331
183 1 187 2
573 91 574 95
595 159 599 160
472 169 481 169
830 171 834 172
681 384 685 385
191 19 195 20
481 206 482 210
237 329 241 330
721 72 726 72
115 167 115 176
210 94 214 95
785 248 794 248
166 255 175 255
538 350 539 354
486 357 490 358
836 129 840 130
513 239 515 240
724 143 725 147
347 97 351 98
506 317 510 318
761 376 770 376
0 312 4 313
804 83 813 83
213 74 222 74
803 284 807 285
93 42 97 43
591 308 600 308
78 340 78 349
192 197 196 198
5 99 5 108
137 24 146 24
497 389 498 393
669 289 678 289
634 16 643 16
157 201 158 205
593 23 597 24
121 80 125 80
391 16 392 20
794 87 803 87
672 86 676 87
363 265 367 266
620 281 629 281
635 315 639 316
456 312 465 312
851 166 860 166
609 20 613 21
831 133 835 134
739 190 745 190
914 225 914 234
218 330 226 330
734 143 735 147
221 159 225 160
808 255 812 256
79 384 80 388
109 306 118 306
746 319 755 319
909 19 912 20
485 158 489 159
882 109 891 109
129 50 130 54
722 182 731 182
749 61 753 62
433 369 437 370
554 29 558 30
796 286 800 287
615 50 624 50
538 109 539 112
243 217 247 218
111 209 111 218
675 171 679 172
455 389 459 390
357 133 366 133
671 88 680 88
498 365 507 365
241 15 247 15
817 251 821 252
464 104 465 108
902 45 906 46
137 75 141 76
435 5 443 5
834 87 843 87
11 300 11 309
908 35 908 41
751 182 755 183
779 293 788 293
24 142 25 146
601 199 605 200
841 388 845 389
229 168 233 169
810 44 813 45
238 267 247 267
598 107 602 108
354 131 358 132
379 296 383 297
787 324 791 325
488 111 497 111
732 324 741 324
787 125 791 126
508 346 512 347
215 384 224 384
822 251 826 252
796 133 800 134
206 378 209 379
651 306 655 307
877 79 878 83
517 196 526 196
84 287 93 287
46 309 50 310
185 25 194 25
130 67 131 71
13 169 13 178
251 238 255 239
889 303 893 304
473 289 474 290
637 388 641 389
382 63 386 64
384 340 393 340
469 269 473 270
682 4 691 4
548 330 549 333
477 132 486 132
641 109 641 118
239 309 243 310
893 278 899 278
400 151 401 155
686 394 690 395
52 228 53 232
703 257 707 258
39 275 39 284
891 23 892 27
323 282 332 282
705 82 714 82
356 13 362 13
723 343 731 343
576 292 585 292
846 97 850 98
22 52 22 61
444 334 453 334
62 67 62 76
567 396 571 397
534 14 543 14
413 14 416 15
889 23 890 27
328 102 328 111
274 397 278 398
754 254 763 254
508 3 512 4
223 11 232 11
894 201 898 202
70 365 74 366
410 63 414 64
644 322 648 323
831 42 835 43
676 186 680 187
157 274 158 278
32 380 32 389
814 303 820 303
275 230 279 231
809 188 818 188
477 19 481 20
505 205 514 205
805 392 814 392
137 146 141 147
773 344 782 344
305 384 314 384
521 11 525 12
737 125 741 126
76 377 85 377
609 5 618 5
310 121 310 130
252 217 256 218
189 218 198 218
406 18 415 18
283 275 292 275
314 253 318 254
355 5 364 5
455 141 456 145
658 237 662 238
637 182 646 182
89 376 93 376
291 196 295 197
156 99 157 103
776 218 785 218
812 125 816 126
72 42 72 51
204 250 208 251
638 173 642 174
805 212 814 212
542 376 551 376
763 73 767 74
554 272 563 272
342 43 351 43
773 154 782 154
386 159 392 159
488 336 492 337
449 294 457 294
2 295 2 304
594 220 595 224
340 295 349 295
784 225 785 229
205 183 209 184
90 251 99 251
408 272 417 272
154 146 155 150
20 211 24 212
601 308 610 308
172 373 174 375
373 242 373 251
516 288 523 288
819 135 823 136
840 139 841 143
188 376 192 377
347 395 351 396
469 3 473 4
87 385 91 386
531 268 535 269
115 191 119 192
533 239 537 240
765 23 769 24
460 306 469 306
378 40 385 40
620 258 621 262
610 330 611 334
25 351 34 351
639 234 643 235
214 179 218 180
564 289 568 290
425 268 434 268
291 12 300 12
152 391 161 391
775 176 779 177
760 246 764 247
35 287 44 287
717 80 718 84
577 215 586 215
410 231 411 235
769 178 773 179
520 161 529 161
539 94 540 98
702 194 706 195
745 392 749 393
612 392 616 393
325 44 329 45
846 198 850 199
179 109 180 113
368 377 372 378
778 148 787 148
1 174 1 183
748 96 752 97
361 199 365 200
46 278 46 287
391 83 395 84
790 83 791 87
263 290 267 291
173 337 177 338
740 257 744 258
800 81 801 85
612 188 616 189
578 38 587 38
477 30 481 31
785 307 792 307
366 346 370 347
185 238 186 242
373 233 382 233
319 263 323 264
511 260 512 261
298 394 307 394
765 266 774 266
550 110 554 111
136 201 138 203
558 53 562 54
762 202 763 206
905 376 908 377
622 310 626 311
562 196 566 197
551 153 555 154
678 258 679 262
650 35 654 36
249 124 249 132
633 128 642 128
273 180 282 180
41 103 45 104
238 54 247 54
560 281 564 282
709 216 713 217
304 131 313 131
761 303 761 312
483 108 487 109
738 92 747 92
781 142 790 142
303 210 307 211
542 396 546 397
369 264 378 264
214 109 215 113
69 299 78 299
110 305 119 305
682 233 686 234
752 56 753 60
863 165 872 165
733 322 737 323
559 243 568 243
238 93 242 94
229 380 233 381
395 116 399 117
151 191 155 192
343 282 350 282
272 329 276 330
742 330 751 330
583 84 587 85
707 227 711 228
676 7 685 7
67 105 76 105
299 80 308 80
248 95 252 96
64 142 64 151
745 131 749 132
52 223 56 224
517 65 521 66
144 90 153 90
568 221 572 222
821 40 830 40
67 66 67 75
281 297 290 297
643 344 651 344
75 357 76 361
872 279 876 280
144 89 153 89
689 204 690 208
248 319 249 322
620 25 622 27
280 28 284 29
781 382 790 382
516 320 517 324
407 297 416 297
781 186 790 186
208 186 209 190
591 162 592 166
499 299 508 299
868 178 872 179
143 339 152 339
285 238 286 242
303 272 312 272
106 209 106 218
366 71 370 72
233 392 237 393
563 89 572 89
157 240 161 241
787 238 791 239
42 62 46 63
429 262 433 263
490 90 494 91
656 345 660 346
742 143 746 144
62 221 62 230
389 338 393 339
164 146 165 150
313 95 317 96
351 149 355 150
692 389 701 389
488 60 489 64
160 140 169 140
439 232 448 232
190 364 194 365
556 311 556 320
902 153 906 154
240 91 244 92
348 82 349 85
374 267 383 267
883 66 892 66
387 308 391 309
803 16 807 17
594 36 603 36
709 270 718 270
276 104 280 105
626 18 630 19
82 187 83 191
59 35 60 39
722 56 723 60
879 322 883 323
340 243 341 247
201 230 205 231
657 161 660 162
482 140 491 140
58 215 59 219
393 290 397 291
773 119 777 120
84 285 88 286
374 140 375 144
190 77 194 78
729 130 737 130
862 341 871 341
583 123 592 123
838 154 842 155
271 170 275 171
730 143 731 147
691 262 700 262
455 222 459 223
378 207 387 207
774 178 778 179
662 49 671 49
714 35 714 44
686 333 695 333
823 159 832 159
412 96 416 97
81 154 85 155
264 174 268 175
863 64 865 66
146 21 155 21
739 191 743 192
465 268 474 268
543 191 552 191
490 290 494 291
623 122 623 131
368 370 372 371
256 357 260 358
787 206 791 207
442 313 446 314
670 58 674 59
522 84 523 88
487 307 491 308
88 158 89 162
837 46 846 46
225 378 234 378
107 252 108 256
675 277 684 277
845 200 854 200
672 225 676 226
761 286 765 287
891 79 892 83
297 353 301 354
375 163 376 166
471 187 472 191
341 149 343 151
171 64 175 65
562 224 563 228
755 193 764 193
43 59 47 60
368 272 377 272
838 193 840 195
802 350 806 351
435 387 444 387
801 48 805 49
753 107 757 108
840 386 849 386
426 285 430 286
597 366 601 367
119 229 128 229
249 325 253 326
338 184 342 185
634 135 643 135
173 301 175 303
176 206 185 206
724 61 728 62
254 168 258 169
755 185 764 185
697 303 706 303
335 192 339 193
756 186 765 186
734 56 735 60
676 209 680 210
872 238 876 239
100 178 101 182
381 160 390 160
705 277 714 277
426 133 435 133
120 110 124 111
45 122 46 126
442 63 443 67
625 158 629 159
848 204 849 208
501 162 505 163
191 378 195 379
584 36 593 36
517 197 521 198
399 19 408 19
685 237 694 237
134 86 135 90
270 363 274 364
663 98 672 98
243 93 247 94
30 95 34 96
165 77 169 78
243 32 252 32
84 335 88 336
646 18 650 19
833 344 837 345
585 158 589 159
693 369 700 369
784 219 793 219
774 180 778 181
304 351 304 360
563 291 572 291
890 230 899 230
118 34 127 34
89 306 98 306
737 194 741 195
897 53 906 53
90 204 94 205
175 247 179 248
244 137 249 137
657 152 658 156
415 307 416 311
130 14 130 23
113 42 117 43
733 250 742 250
558 226 559 230
511 298 520 298
517 93 518 97
41 147 42 151
834 271 835 275
193 346 197 347
760 303 760 312
377 20 386 20
50 295 50 304
549 290 558 290
414 175 415 179
702 87 705 87
767 125 771 126
829 328 833 329
808 114 812 115
191 65 195 66
412 353 413 354
175 227 184 227
482 58 491 58
190 137 194 138
675 39 682 39
523 89 532 89
173 297 177 298
425 222 429 223
640 103 644 104
92 50 101 50
266 243 267 247
615 398 624 398
15 208 16 212
197 170 201 171
51 339 52 343
834 165 843 165
608 265 612 266
723 214 724 218
170 81 174 82
111 362 114 363
810 240 818 240
169 256 170 260
267 353 271 354
94 167 103 167
730 283 739 283
206 260 213 260
357 253 361 254
521 263 525 264
289 113 290 117
217 238 221 239
783 306 792 306
371 160 380 160
834 178 838 179
849 328 853 329
428 220 432 221
81 281 81 290
612 32 621 32
196 206 205 206
117 334 126 334
155 256 156 260
471 116 475 117
718 298 722 299
517 51 526 51
560 255 564 256
1 119 5 120
820 190 824 191
101 398 110 398
141 204 142 208
458 225 462 226
889 299 898 299
865 310 874 310
903 17 912 17
914 192 914 196
521 102 530 102
664 234 668 235
178 49 187 49
264 266 265 270
189 154 193 155
671 286 675 287
361 371 364 372
875 136 879 137
365 368 369 369
165 330 169 331
503 234 507 235
512 218 516 219
351 357 355 358
398 295 407 295
429 24 433 25
742 267 746 268
469 202 470 206
262 44 266 45
161 67 165 68
168 305 177 305
160 119 164 120
507 245 511 246
885 326 889 327
509 145 518 145
587 262 591 263
297 140 303 140
518 40 527 40
681 152 685 153
404 180 413 180
783 112 787 113
768 304 772 305
783 159 792 159
828 225 829 229
165 206 174 206
282 299 286 300
122 141 126 142
225 299 234 299
463 37 464 41
736 58 740 59
46 198 50 199
801 122 805 123
21 179 25 180
526 99 530 100
335 117 336 121
357 17 361 18
332 6 341 6
2 77 2 86
105 204 107 205
773 73 777 74
270 182 274 183
118 155 122 156
295 214 304 214
691 341 695 342
33 46 33 55
348 121 349 125
26 359 30 360
430 63 434 64
455 278 459 279
511 236 515 237
149 93 153 94
206 150 210 151
464 76 468 77
425 141 426 145
327 139 327 148
172 357 173 361
150 320 151 324
697 387 701 388
658 224 667 224
247 197 256 197
903 285 910 285
252 178 261 178
137 256 138 260
4 10 4 19
441 361 450 361
245 108 254 108
659 126 660 130
352 300 354 301
46 200 50 201
237 175 241 176
398 189 399 193
15 152 19 153
61 67 61 76
581 72 590 72
281 60 285 61
267 144 268 148
5 320 9 321
120 397 129 397
637 129 638 133
610 35 614 36
803 32 812 32
140 56 149 56
562 300 566 301
371 362 375 363
192 23 196 24
394 319 398 320
312 47 321 47
148 199 157 199
902 143 910 143
596 18 600 19
656 348 660 349
122 143 131 143
698 52 702 53
795 139 799 140
411 215 411 224
392 161 393 165
820 78 821 82
653 159 657 160
566 274 570 275
301 297 305 298
458 54 467 54
468 271 472 272
257 63 261 64
674 129 678 130
428 118 437 118
582 180 586 181
344 167 353 167
247 390 256 390
159 335 163 336
20 229 20 238
9 97 9 106
664 14 668 15
618 254 627 254
63 286 70 286
35 375 35 384
481 178 489 178
375 65 379 66
468 72 472 73
20 152 21 156
570 136 579 136
822 238 826 239
34 23 35 27
719 77 728 77
652 91 656 91
95 110 99 111
791 286 795 287
417 8 421 9
180 56 189 56
740 8 749 8
477 382 481 383
271 295 275 296
785 152 789 153
536 332 540 333
15 215 24 215
106 233 106 242
884 19 888 20
445 394 449 395
623 318 627 319
870 86 874 87
548 193 557 193
557 362 566 362
144 270 148 271
886 311 890 312
180 48 189 48
895 185 899 186
632 65 636 66
358 23 362 24
35 385 36 389
677 268 686 268
116 207 116 216
475 183 484 183
240 319 244 320
66 289 70 290
156 61 157 65
553 85 562 85
227 232 231 233
870 230 879 230
105 60 114 60
330 232 334 233
481 292 485 293
414 194 418 195
506 80 510 81
631 360 640 360
45 366 54 366
505 325 506 329
45 178 54 178
886 347 890 348
657 324 661 325
374 215 378 216
593 91 594 95
588 226 592 227
748 322 752 323
487 335 496 335
813 147 817 148
219 258 223 259
666 13 675 13
555 1 564 1
690 235 694 236
22 280 26 281
868 16 877 16
168 28 172 29
139 13 140 17
720 289 724 290
874 328 878 329
491 317 495 318
19 203 19 212
130 94 134 95
613 124 614 128
364 104 365 108
634 207 638 208
370 366 374 367
684 222 693 222
802 90 811 90
610 122 610 131
65 231 65 240
230 292 234 293
293 93 297 94
305 232 309 233
859 377 860 381
390 350 391 354
772 143 773 147
846 388 850 389
489 194 493 195
314 140 315 144
304 140 305 144
181 59 190 59
377 382 383 382
286 223 295 223
745 167 754 167
701 93 710 93
391 208 395 209
219 168 223 169
184 256 185 260
489 396 496 396
49 339 50 343
570 353 574 354
157 288 158 292
615 185 624 185
50 221 51 225
823 278 832 278
66 121 67 125
515 386 519 387
366 86 370 87
731 113 731 122
420 249 429 249
468 108 472 109
714 292 718 293
904 78 904 87
620 171 624 172
699 243 708 243
205 23 207 25
728 35 729 39
587 152 591 153
606 276 610 277
321 313 325 314
765 139 769 140
80 340 80 349
439 21 443 22
229 327 233 328
460 300 464 301
332 327 336 328
138 2 142 3
250 199 254 200
248 191 257 191
256 117 257 121
61 163 61 172
890 56 891 60
860 364 864 365
735 113 735 122
123 98 127 99
561 357 570 357
512 214 521 214
6 71 6 80
63 385 72 385
806 175 815 175
531 335 532 339
94 151 103 151
423 377 427 378
795 266 804 266
299 138 308 138
880 152 888 152
617 179 623 179
860 83 864 84
272 63 276 64
825 185 831 185
374 333 378 334
101 309 104 310
775 160 784 160
743 77 744 81
702 313 711 313
501 389 502 393
459 205 460 209
642 109 642 118
7 156 11 157
160 343 169 343
846 193 855 193
598 74 607 74
223 32 227 33
312 398 321 398
773 94 777 95
705 80 709 81
755 277 764 277
18 396 20 398
852 78 853 82
691 386 700 386
186 206 195 206
179 380 183 381
229 315 229 324
242 20 251 20
589 63 593 64
438 155 439 159
847 293 848 297
610 338 619 338
511 37 512 41
483 234 487 235
27 291 31 292
908 178 911 179
817 163 821 164
459 262 463 263
395 300 399 301
844 149 853 149
152 340 161 340
710 87 711 91
892 219 901 219
820 25 824 26
107 167 108 171
640 326 644 327
201 132 202 136
401 298 410 298
654 124 663 124
108 49 117 49
250 378 254 379
760 225 761 229
542 192 551 192
74 215 78 216
255 369 259 370
297 260 298 264
450 62 451 66
135 183 144 183
198 273 199 277
321 152 325 153
340 371 341 375
678 298 682 299
76 154 80 155
94 16 95 20
681 209 685 210
171 89 172 93
405 119 409 120
37 333 41 334
110 244 119 244
386 299 395 299
50 27 54 28
764 328 768 329
287 395 291 396
491 42 495 43
516 186 520 187
692 382 701 382
338 393 342 394
344 215 345 219
196 73 200 74
805 102 814 102
612 313 621 313
361 250 365 251
425 49 434 49
311 121 311 130
431 227 435 228
438 111 447 111
865 136 866 140
466 317 470 318
759 377 763 378
395 278 399 279
612 267 616 268
692 201 701 201
154 95 158 96
725 235 729 236
94 52 103 52
669 309 678 309
595 380 596 384
433 271 437 272
318 94 319 98
780 289 784 290
581 132 581 141
170 345 174 346
659 20 663 21
67 97 68 101
354 325 358 326
540 165 544 166
793 73 797 74
354 140 358 141
140 153 140 162
98 40 102 41
55 93 64 93
600 96 604 97
325 234 334 234
880 169 884 170
807 324 811 325
757 267 761 268
664 124 668 125
576 370 578 372
523 44 527 45
575 91 576 95
404 189 405 193
680 105 684 106
355 317 359 318
253 346 257 347
852 369 856 370
330 48 339 48
69 52 73 53
645 297 646 301
488 218 489 222
464 315 473 315
168 299 177 299
277 329 281 330
912 367 913 369
281 142 282 146
623 133 629 133
65 326 69 327
85 178 94 178
420 63 424 64
226 335 235 335
396 321 400 322
454 173 463 173
798 119 802 120
786 331 795 331
396 200 400 201
874 105 878 106
755 171 764 171
623 68 627 69
276 125 277 129
245 242 246 246
625 381 634 381
122 264 131 264
84 55 88 56
139 216 143 217
632 280 641 280
888 35 888 44
193 57 202 57
218 42 227 42
193 288 194 292
654 334 663 334
1 87 1 96
669 233 673 234
522 143 526 144
624 16 633 16
150 262 154 263
904 19 908 20
662 46 666 47
64 22 68 23
160 266 169 266
558 388 566 388
657 126 658 130
793 261 794 265
571 87 575 88
827 325 836 325
102 396 111 396
173 376 177 377
557 296 566 296
244 124 248 125
527 65 531 66
5 353 14 353
330 295 339 295
77 25 81 26
384 76 388 77
398 32 407 32
802 96 805 97
786 105 787 109
389 187 398 187
454 151 458 152
487 56 491 57
463 369 467 370
143 232 147 233
741 382 750 382
109 289 113 290
732 230 741 230
83 30 89 30
369 345 378 345
809 81 813 82
278 224 287 224
118 84 127 84
843 147 847 148
647 86 651 87
710 397 714 398
42 237 46 238
605 353 609 354
197 197 201 198
678 122 682 123
176 255 185 255
296 159 300 160
133 256 134 260
345 112 345 121
288 376 292 377
227 355 236 355
152 342 161 342
322 154 331 154
792 105 793 109
671 152 675 153
844 196 848 197
123 157 127 158
288 205 297 205
753 17 762 17
721 18 725 19
590 139 594 140
563 376 565 378
531 153 535 154
524 150 528 151
236 230 240 231
641 273 650 273
151 159 155 160
242 128 246 129
834 69 835 73
398 207 407 207
905 185 909 186
404 179 413 179
777 47 778 51
299 253 303 254
272 353 276 354
682 324 686 325
117 383 119 385
496 186 500 187
467 313 471 314
559 398 564 398
288 265 292 266
254 260 258 261
683 279 692 279
772 65 776 66
417 61 426 61
121 307 125 308
680 154 684 155
229 132 230 136
704 381 713 381
880 91 884 92
51 385 52 389
441 285 445 286
431 276 435 277
42 21 43 24
284 314 288 315
742 182 746 183
877 185 881 186
435 250 436 254
810 192 814 193
363 23 367 24
404 296 413 296
304 263 308 264
250 126 251 130
77 170 81 171
820 152 824 153
384 161 385 165
350 91 354 92
677 347 686 347
463 249 464 253
106 164 110 165
372 89 372 98
847 125 851 126
106 189 107 193
654 296 655 300
642 65 646 66
655 353 662 353
49 47 49 56
792 206 796 206
823 114 827 115
626 175 630 176
159 89 168 89
58 15 59 19
351 12 355 13
141 175 145 176
284 138 288 139
207 21 216 21
485 124 489 124
497 65 501 66
386 170 390 171
766 175 775 175
414 24 418 25
269 248 273 249
873 35 877 36
801 372 805 373
801 182 805 183
529 29 533 30
601 306 605 307
907 94 911 95
235 319 239 320
745 320 749 321
110 96 114 97
293 277 297 278
33 371 42 371
562 324 566 325
411 357 415 358
402 166 411 166
749 276 758 276
633 363 637 364
859 253 868 253
274 120 278 121
813 194 817 195
537 300 541 301
374 217 378 218
658 296 659 300
271 268 275 269
812 324 816 325
784 143 785 147
300 48 309 48
671 1 680 1
796 279 800 280
458 243 462 244
470 225 471 229
358 323 362 323
437 80 438 84
82 8 86 9
248 12 255 12
247 89 251 90
233 228 237 229
451 364 455 365
338 279 347 279
667 312 676 312
595 1 604 1
820 27 824 28
202 273 203 277
798 58 802 59
240 156 241 160
538 40 547 40
603 363 607 364
368 372 377 372
311 221 315 222
532 61 536 62
286 164 290 165
887 186 891 187
101 164 105 165
14 290 15 294
680 317 681 321
246 122 255 122
548 334 549 338
650 82 657 82
251 357 255 358
780 157 789 157
40 285 44 286
249 314 253 315
408 392 412 393
96 57 100 58
856 285 860 286
853 361 857 362
724 379 728 380
230 16 239 16
745 398 754 398
523 173 527 174
784 82 793 82
76 221 76 230
612 348 613 352
904 54 905 58
480 59 489 59
64 213 65 217
304 174 306 176
777 65 781 66
694 219 703 219
394 365 403 365
632 310 636 311
205 96 206 100
599 2 601 4
651 227 660 227
146 73 150 74
847 68 856 68
861 10 862 14
861 2 869 2
262 215 263 219
407 6 411 7
259 258 263 259
228 191 232 192
686 119 690 120
651 103 651 112
169 238 170 242
66 309 70 310
474 381 483 381
145 252 154 252
632 343 641 343
686 286 690 287
288 93 292 94
582 32 586 33
86 16 87 20
682 66 686 67
271 133 272 137
640 375 649 375
447 247 451 248
214 253 215 257
617 124 618 128
291 113 292 117
217 242 226 242
284 149 285 153
544 237 548 238
49 163 50 167
319 22 328 22
3 224 3 233
417 96 421 97
472 47 481 47
832 281 836 282
859 213 868 213
225 294 229 295
393 126 402 126
466 200 470 201
288 215 289 219
597 6 601 7
909 180 911 181
34 168 38 169
643 82 647 83
648 63 652 64
93 256 94 260
597 17 606 17
313 23 317 24
498 108 502 109
297 329 301 330
275 369 279 370
822 33 823 37
736 83 740 84
490 282 499 282
316 235 325 235
52 268 53 272
893 290 897 291
845 326 849 327
188 49 189 50
49 158 53 159
549 76 553 77
904 22 910 22
164 72 173 72
294 301 298 302
362 258 366 259
593 190 597 191
827 68 836 68
889 382 893 383
820 192 824 193
110 209 110 218
534 235 538 236
434 296 443 296
532 182 541 182
900 290 901 294
775 307 784 307
840 326 844 327
846 225 847 229
617 317 626 317
611 86 615 87
260 367 264 368
397 86 401 87
726 18 730 19
465 207 469 208
556 175 565 175
266 266 267 270
409 273 413 274
472 273 476 274
552 361 556 362
293 272 297 273
360 267 364 268
270 188 274 189
789 127 793 128
92 16 93 20
563 91 564 95
769 0 773 1
552 384 556 385
72 214 79 214
233 311 242 311
247 136 256 136
230 271 239 271
32 97 36 98
755 220 756 224
637 61 641 62
284 327 285 331
914 50 914 57
758 96 762 97
404 173 413 173
705 122 706 126
843 230 852 230
634 361 643 361
40 38 49 38
386 276 390 277
443 209 447 210
774 328 783 328
105 360 109 361
569 207 573 208
572 196 576 197
558 283 562 284
681 251 690 251
850 152 854 153
44 77 44 86
577 6 581 7
45 77 45 86
747 370 756 370
702 315 703 319
242 178 251 178
452 297 456 298
258 266 259 270
300 91 304 92
538 69 542 70
116 102 120 103
398 359 402 360
186 392 190 393
401 17 410 17
716 94 725 94
279 223 285 223
680 211 684 212
600 146 609 146
658 335 662 336
486 373 490 374
173 347 177 348
325 295 329 296
864 194 868 195
143 204 144 208
668 143 672 144
880 236 886 236
175 328 182 328
522 137 531 137
854 19 858 20
698 252 702 253
133 155 134 159
670 83 674 84
857 323 861 324
645 397 649 398
730 246 739 246
201 36 205 37
397 63 401 64
745 220 746 224
890 252 898 252
644 334 653 334
256 13 260 14
728 143 729 147
69 258 70 262
217 44 226 44
516 200 520 201
728 344 732 345
607 246 611 247
116 201 120 202
96 170 97 174
368 326 369 330
154 359 155 363
205 111 205 120
670 258 671 262
763 323 772 323
840 100 844 101
75 178 84 178
845 111 854 111
103 125 112 125
312 79 321 79
160 8 169 8
335 212 339 213
771 6 775 7
394 3 398 4
807 331 816 331
800 157 809 157
518 363 522 364
70 78 74 79
671 341 675 342
416 18 425 18
822 260 831 260
247 245 251 246
67 334 76 334
67 313 71 314
398 198 402 199
149 270 153 271
370 235 371 239
760 365 769 365
453 371 457 372
650 126 654 127
682 249 691 249
186 211 190 212
833 11 837 12
210 89 211 93
493 243 497 244
71 309 75 310
163 40 167 41
132 396 136 396
532 8 541 8
108 114 112 115
516 57 520 58
155 303 164 303
658 75 667 75
469 331 473 332
124 168 128 169
140 286 149 286
625 22 634 22
161 175 165 176
845 358 854 358
212 342 221 342
336 223 345 223
20 359 22 361
848 83 852 84
68 66 68 75
867 153 871 154
97 11 101 12
461 285 465 286
83 235 83 244
743 96 747 97
421 289 427 289
267 329 271 330
245 188 249 189
170 56 179 56
862 243 871 243
525 83 534 83
743 16 747 17
452 65 456 66
854 136 858 136
790 63 794 64
527 179 531 180
826 122 830 123
134 164 138 165
497 300 501 301
185 77 189 78
731 348 733 349
3 339 3 348
139 122 140 126
491 9 492 13
728 74 732 75
279 142 280 146
264 258 268 259
144 341 153 341
887 205 891 206
573 365 582 365
878 88 879 92
458 227 462 228
69 322 73 323
441 123 445 124
308 15 317 15
681 345 685 346
630 119 630 128
572 181 576 182
395 242 404 242
736 123 740 124
557 384 561 385
171 66 180 66
526 84 530 85
544 2 548 3
24 363 24 372
790 225 791 229
68 86 72 87
339 270 348 270
910 367 911 369
391 131 391 140
16 381 20 382
798 391 807 391
695 117 695 126
829 308 830 312
577 61 581 62
859 188 868 188
387 114 391 115
342 102 342 111
762 143 763 147
41 163 42 167
803 26 812 26
662 4 671 4
219 179 223 180
519 232 523 233
320 232 324 233
285 252 286 256
163 182 172 182
91 190 92 194
796 372 800 373
819 4 823 5
900 389 904 390
414 257 418 257
260 69 265 69
175 345 179 346
54 0 54 9
20 333 29 333
494 98 498 99
857 18 866 18
318 210 322 211
788 363 797 363
535 39 544 39
129 206 129 215
280 30 288 30
245 345 254 345
699 178 703 179
744 272 748 273
343 200 352 200
387 33 396 33
738 16 742 17
121 144 125 145
855 215 857 217
254 258 258 259
93 201 102 201
130 266 134 267
254 304 258 305
717 344 721 345
911 235 912 239
271 12 275 13
642 341 645 342
68 231 68 240
282 17 286 18
235 39 243 39
162 359 163 363
672 366 676 367
819 44 828 44
790 259 799 259
100 183 104 184
593 363 597 364
657 204 658 208
622 366 626 367
350 204 359 204
201 13 205 14
142 178 151 178
310 281 319 281
320 65 324 66
656 147 660 148
634 293 638 294
467 182 476 182
563 318 567 319
611 18 615 19
221 209 225 210
791 350 795 351
663 126 664 130
309 80 318 80
436 276 440 277
796 76 797 80
779 270 783 271
232 247 241 247
583 91 584 95
649 20 653 21
698 244 702 245
632 119 632 128
20 157 24 158
872 249 881 249
827 65 831 66
220 328 224 329
496 245 500 246
159 201 160 205
135 266 139 267
368 235 369 239
12 320 12 329
417 250 418 254
201 46 205 47
201 349 202 353
667 145 671 146
601 150 610 150
713 12 717 13
111 13 120 13
706 133 710 134
527 185 536 185
713 55 722 55
902 51 906 52
491 186 495 187
474 98 478 99
662 32 666 33
912 58 914 60
65 142 65 151
652 92 656 93
704 359 713 359
389 345 398 345
429 55 433 56
780 152 784 153
559 101 563 102
455 300 459 301
474 76 478 77
460 125 462 127
676 342 685 342
899 3 900 7
132 342 141 342
580 204 589 204
647 195 651 196
293 336 297 337
744 377 748 378
319 173 320 177
601 175 610 175
142 170 146 171
758 109 767 109
216 51 220 52
226 266 227 270
346 198 355 198
195 137 199 138
425 46 434 46
626 292 635 292
547 65 551 66
218 215 219 219
370 175 372 176
118 42 122 43
484 3 488 4
758 143 759 147
864 4 868 5
423 167 425 169
308 76 317 76
504 368 513 368
7 300 7 309
476 317 480 318
365 384 374 384
360 143 364 144
426 16 428 18
461 348 465 349
241 360 242 364
306 356 310 357
118 157 122 158
380 341 384 342
123 311 132 311
697 202 706 202
370 101 371 105
683 257 687 257
825 256 829 257
861 34 870 34
59 67 60 71
751 350 755 351
747 267 751 268
794 158 803 158
585 395 587 397
714 89 718 90
194 250 198 251
542 371 546 372
74 14 78 15
215 145 219 146
687 387 691 388
624 144 625 148
625 232 626 236
855 9 864 9
771 241 780 241
575 113 577 114
160 389 164 390
27 221 28 225
110 272 118 272
660 95 663 96
50 20 53 21
164 335 166 336
890 357 894 358
16 269 17 273
325 214 334 214
838 33 842 34
561 91 562 95
597 35 604 35
900 380 905 380
531 186 535 187
270 341 279 341
587 212 591 213
450 91 450 100
154 380 158 381
598 304 600 306
652 343 661 343
766 202 767 206
693 98 694 102
204 261 213 261
260 350 261 354
663 279 672 279
681 170 690 170
770 131 774 132
743 164 747 165
889 270 898 270
325 227 329 228
73 41 73 50
212 30 216 31
9 186 9 195
31 296 35 297
0 169 0 178
86 106 90 107
559 182 566 182
157 352 158 356
96 37 105 37
13 54 17 55
4 184 5 188
596 360 600 360
303 132 307 133
176 64 180 65
200 328 201 332
887 128 891 129
803 278 812 278
758 20 760 22
233 193 242 193
18 162 18 171
611 72 620 72
169 381 178 381
327 149 335 149
863 230 869 230
146 151 155 151
742 249 751 249
32 171 33 175
726 331 735 331
97 346 101 347
751 376 760 376
293 144 297 145
370 139 379 139
127 130 136 130
445 49 454 49
55 35 56 39
286 312 288 313
767 150 771 151
514 381 523 381
374 89 374 98
359 264 368 264
565 183 574 183
421 200 425 201
688 82 697 82
767 296 768 299
696 355 705 355
341 290 342 291
900 391 904 392
866 102 867 106
815 247 824 247
171 392 175 393
671 40 675 41
712 188 716 189
613 282 622 282
778 362 782 363
548 369 552 370
259 314 263 315
536 86 540 87
710 352 714 353
215 383 220 383
31 139 35 140
772 201 776 202
426 317 430 318
618 24 622 24
654 322 658 323
696 198 700 199
864 51 866 53
365 65 369 66
356 346 360 347
852 143 861 143
453 41 462 41
484 83 488 84
824 149 833 149
422 43 430 43
716 6 720 7
408 88 412 89
75 221 75 230
172 342 181 342
752 302 761 302
525 134 529 135
249 50 258 50
177 238 178 242
519 71 528 71
22 87 26 88
771 111 772 115
328 345 329 349
441 16 442 20
661 251 670 251
809 272 813 273
784 364 793 364
652 225 661 225
804 85 813 85
46 177 55 177
178 347 182 348
434 26 443 26
79 192 80 196
493 340 493 349
673 159 674 163
73 87 77 88
274 97 278 98
507 34 511 35
185 346 187 348
797 103 801 104
550 158 554 159
180 16 189 16
43 354 46 355
151 288 152 292
543 44 547 45
49 277 58 277
592 368 601 368
807 214 811 215
1 139 2 143
328 231 337 231
79 117 83 118
111 108 115 109
414 267 423 267
704 334 713 334
743 250 752 250
60 236 60 245
159 152 163 153
265 206 274 206
171 46 175 47
700 141 709 141
726 198 730 199
802 353 811 353
316 349 325 349
728 103 737 103
25 103 34 103
39 17 43 18
503 243 504 247
750 365 759 365
316 221 320 222
400 278 404 279
881 277 890 277
284 371 293 371
537 62 546 62
357 260 361 261
443 367 447 368
275 363 279 364
526 16 528 17
786 225 787 229
47 44 56 44
616 55 620 56
209 365 213 366
592 298 592 307
309 270 318 270
827 340 836 340
690 375 699 375
790 232 797 232
241 132 242 136
440 338 442 339
369 343 373 344
734 61 738 62
92 385 96 386
597 40 606 40
540 106 544 107
881 79 882 83
303 93 307 94
83 51 92 51
580 217 584 218
626 249 634 249
526 162 530 163
669 5 678 5
619 110 628 110
491 263 495 264
96 166 105 166
222 331 226 332
64 169 73 169
622 296 631 296
216 335 225 335
550 282 559 282
443 327 452 327
282 395 286 396
619 20 623 21
606 395 610 396
483 363 487 364
521 325 522 329
557 262 561 263
836 259 845 259
140 305 147 305
410 160 411 164
8 370 8 379
102 46 105 47
479 14 483 15
21 181 25 182
4 334 4 343
472 313 476 314
1 250 1 259
184 213 193 213
192 64 201 64
745 63 749 64
504 155 508 156
186 166 190 167
400 181 408 181
417 196 421 197
785 102 794 102
246 142 250 143
569 304 578 304
171 351 172 355
677 328 681 329
576 80 580 81
505 106 509 107
112 16 113 20
171 307 175 308
295 367 299 368
870 247 874 248
576 52 585 52
527 196 531 197
102 13 106 14
200 61 204 62
635 326 639 327
348 279 357 279
637 9 646 9
617 392 621 393
743 201 752 201
504 180 511 180
533 145 534 149
123 85 132 85
169 10 173 11
637 241 646 241
444 173 453 173
351 346 355 347
688 282 692 283
166 4 175 4
551 99 560 99
909 342 913 343
200 273 201 277
323 281 329 281
790 190 794 191
536 80 540 81
886 37 887 41
819 382 823 383
844 22 853 22
130 368 139 368
103 185 107 186
496 18 500 19
508 248 512 249
762 325 771 325
766 169 775 169
804 225 804 229
285 85 289 86
529 150 533 151
823 186 826 187
333 73 342 73
776 69 780 70
235 61 239 62
635 255 639 256
714 381 721 381
93 40 97 41
257 17 261 18
150 77 159 77
836 271 837 275
818 256 819 259
432 114 436 115
247 337 251 338
242 342 251 342
647 65 651 66
209 70 213 71
107 346 111 347
214 7 223 7
581 232 582 236
137 264 141 265
737 67 741 68
715 105 719 106
881 309 889 309
94 315 103 315
357 302 364 302
692 387 696 388
692 145 696 146
892 143 901 143
840 56 841 60
639 100 643 101
86 86 87 90
822 103 823 107
343 184 347 185
66 139 66 148
419 80 426 80
550 162 554 163
656 103 657 107
229 388 233 389
194 248 203 248
140 86 141 90
762 234 771 234
753 220 754 224
534 22 543 22
684 359 693 359
400 281 404 282
196 80 205 80
872 377 876 378
310 189 314 190
642 258 643 262
204 293 206 294
475 346 476 350
222 213 231 213
377 133 386 133
188 11 192 11
454 180 463 180
575 203 579 204
844 139 845 143
861 3 869 3
585 217 589 218
651 271 655 271
110 94 114 95
802 336 806 337
648 192 651 193
662 366 666 367
659 390 668 390
442 85 446 86
754 178 758 179
572 50 581 50
489 14 493 15
574 109 583 109
618 285 627 285
187 232 191 233
374 174 382 174
827 308 828 312
571 186 575 187
190 131 199 131
225 384 234 384
367 348 376 348
754 209 758 210
700 205 709 205
158 99 159 103
212 178 221 178
337 102 338 106
52 221 56 222
589 309 598 309
474 9 478 10
877 149 881 150
521 250 525 251
438 309 442 310
472 86 481 86
94 44 98 45
687 202 696 202
267 222 276 222
237 31 246 31
860 81 864 82
174 146 175 150
737 11 738 15
722 49 726 50
172 12 176 13
292 186 296 187
558 363 562 364
814 81 815 85
145 130 147 132
433 74 437 74
590 25 594 26
166 64 170 65
848 225 852 226
893 282 894 286
839 178 843 179
596 73 605 73
688 276 697 276
443 365 445 366
88 64 92 65
904 333 908 334
550 232 552 234
416 336 417 340
81 100 85 101
260 155 262 157
240 367 244 368
225 292 229 293
354 344 358 345
179 360 183 361
288 82 292 83
736 198 740 199
533 28 542 28
373 210 377 211
588 40 596 40
126 203 135 203
83 98 87 99
780 262 784 263
841 330 850 330
822 15 826 16
892 128 896 129
500 83 504 84
368 103 369 107
477 32 486 32
144 253 148 254
263 93 267 94
810 171 814 172
611 308 620 308
392 376 401 376
652 203 659 203
706 177 715 177
23 270 23 279
308 67 317 67
392 35 396 36
518 234 522 235
190 286 199 286
139 218 148 218
349 319 353 320
662 391 666 392
883 13 892 13
880 320 884 321
118 98 122 99
501 19 510 19
211 333 215 334
450 222 454 223
443 72 447 73
788 154 792 155
185 222 186 226
493 9 497 10
481 102 490 102
589 155 598 155
541 86 545 87
119 226 128 226
560 342 564 343
488 262 497 262
364 315 368 316
545 158 549 159
567 78 571 79
455 183 464 183
239 258 243 259
288 95 292 96
358 16 366 16
718 257 722 258
832 14 841 14
324 338 328 339
113 311 122 311
722 32 729 32
888 273 892 274
757 194 761 195
117 277 117 286
897 109 901 110
703 55 712 55
378 152 379 156
522 216 531 216
837 288 841 289
899 19 903 20
846 39 855 39
322 397 326 398
747 365 749 367
716 143 717 147
248 59 252 60
12 42 16 43
295 378 299 379
800 44 804 45
609 195 618 195
354 81 355 84
675 147 676 151
307 382 316 382
632 191 641 191
660 97 669 97
304 70 313 70
508 173 512 174
476 258 480 259
440 134 444 135
473 23 482 23
350 295 359 295
570 228 579 228
901 142 910 142
226 122 235 122
136 320 137 324
239 321 247 321
861 99 870 99
99 23 103 24
611 170 620 170
110 172 114 173
282 161 286 162
706 350 710 351
195 48 199 49
280 373 284 374
360 396 364 397
122 287 131 287
702 267 706 268
754 180 758 181
389 185 398 185
430 171 434 172
51 309 55 310
147 85 156 85
487 300 491 301
352 176 356 177
157 133 157 142
780 110 788 110
656 163 660 164
41 117 43 119
38 207 42 208
779 81 783 82
729 276 738 276
481 131 490 131
625 297 626 301
282 79 291 79
460 119 464 120
502 268 511 268
661 306 665 307
310 147 311 151
597 232 598 236
249 112 253 113
785 27 789 28
820 63 824 64
393 229 402 229
278 158 287 158
682 197 684 199
223 228 227 229
502 169 506 170
630 209 633 210
88 98 92 99
250 266 251 270
873 8 874 12
84 187 84 196
316 208 320 209
146 186 147 190
184 293 188 294
498 146 499 150
398 350 399 354
728 238 732 239
0 310 4 311
722 143 723 147
621 355 625 356
111 167 112 171
657 214 658 218
183 40 187 41
483 130 492 130
460 394 463 395
387 9 396 9
832 350 836 351
80 367 89 367
203 366 204 370
686 341 690 342
395 155 399 156
600 119 604 120
541 310 550 310
11 264 11 273
764 334 773 334
120 174 122 176
768 308 772 309
766 350 770 351
636 176 640 177
40 67 40 76
543 69 547 70
67 317 76 317
643 257 652 257
575 48 579 49
649 156 650 160
688 296 692 297
125 154 134 154
793 341 802 341
61 385 62 389
590 315 594 316
142 63 142 72
398 377 402 378
326 104 326 113
618 335 627 335
630 326 634 327
419 141 420 145
876 103 878 104
878 254 882 255
10 186 10 195
802 276 811 276
20 10 20 19
477 200 478 204
275 367 279 368
838 147 842 148
323 155 327 156
897 107 901 108
351 130 353 132
209 154 213 155
59 322 63 323
845 171 849 172
493 103 501 103
660 114 669 114
651 142 660 142
337 117 338 121
192 186 193 190
687 352 689 354
266 209 270 210
235 349 236 353
169 280 173 281
258 202 260 204
795 281 799 282
601 162 602 166
51 358 52 362
463 371 467 372
395 212 399 213
737 214 740 215
490 171 494 172
700 191 704 192
721 214 722 218
341 251 350 251
30 234 30 243
800 320 804 321
273 73 277 74
402 232 402 241
659 152 660 156
467 196 471 197
510 209 511 213
740 24 749 24
657 370 666 370
98 86 99 90
6 250 6 259
818 94 822 95
360 322 369 322
476 357 480 358
191 53 200 53
128 277 128 286
665 250 674 250
259 253 268 253
666 186 670 187
888 363 897 363
30 340 39 340
541 80 545 81
70 0 70 9
226 46 230 47
619 124 620 128
584 101 588 102
307 257 308 261
126 67 127 71
445 355 449 356
306 170 310 171
677 194 681 195
833 154 837 155
818 30 822 31
779 395 788 395
266 101 270 102
82 235 82 244
807 267 811 268
162 372 171 372
869 188 878 188
651 331 655 332
160 184 169 184
786 246 790 247
284 332 288 333
526 42 530 43
473 103 482 103
82 281 82 290
256 106 260 107
187 265 196 265
340 107 340 116
255 340 256 344
759 191 763 192
460 281 464 282
126 202 135 202
147 84 156 84
804 328 808 329
414 262 418 263
601 330 605 331
691 358 700 358
446 164 455 164
240 293 249 293
280 189 284 190
146 102 150 103
256 296 260 297
153 337 157 338
170 140 179 140
555 162 556 166
903 316 907 317
642 388 646 388
818 355 819 359
173 159 174 163
121 9 130 9
899 333 903 334
204 253 205 257
530 319 530 328
424 350 433 350
161 36 165 37
304 365 308 366
835 227 839 228
158 383 162 384
639 322 643 323
641 85 650 85
374 338 378 339
402 186 411 186
92 253 96 254
592 348 593 352
816 388 820 389
333 49 342 49
177 23 181 24
406 255 410 256
21 89 22 93
700 203 704 204
836 206 837 210
426 276 430 277
239 126 248 126
650 23 654 24
352 308 356 309
620 103 624 104
195 389 202 389
583 89 592 89
176 57 180 58
273 84 282 84
411 90 412 94
894 119 895 123
394 167 398 167
73 279 77 280
639 102 648 102
502 140 508 140
730 115 730 124
563 82 567 83
786 169 795 169
645 277 654 277
439 353 443 354
732 125 736 126
360 295 367 295
603 385 612 385
253 93 257 94
653 204 654 208
536 52 545 52
244 258 248 259
770 152 774 153
117 345 121 346
384 221 388 222
555 109 559 110
868 311 869 315
701 251 710 251
213 159 214 163
378 73 382 74
490 280 494 281
272 186 276 187
302 332 306 333
891 182 900 182
535 106 539 107
237 44 241 45
627 119 627 128
834 103 835 107
149 335 153 336
323 275 332 275
569 91 570 95
508 45 512 46
841 193 845 194
578 363 582 364
328 139 328 148
861 182 865 183
182 44 186 45
721 209 724 210
402 86 411 86
701 286 705 287
446 153 450 154
740 76 749 76
797 5 801 6
687 182 691 183
4 189 4 198
516 52 525 52
688 373 697 373
561 381 570 381
748 94 752 95
884 290 885 294
564 20 568 21
638 73 642 74
471 42 475 43
293 95 297 96
566 210 575 210
792 150 796 151
112 388 116 389
530 167 534 168
874 349 883 349
306 359 307 363
442 47 451 47
113 186 115 188
183 3 192 3
367 206 376 206
348 32 352 33
358 265 362 266
185 103 186 107
32 72 36 73
597 239 601 240
59 385 60 389
799 272 803 273
821 127 825 128
483 380 492 380
134 144 138 145
703 238 707 239
101 392 105 393
633 27 642 27
385 278 389 279
537 93 538 97
619 209 620 213
605 255 609 256
67 258 68 262
234 371 243 371
761 233 770 233
268 205 275 205
332 19 336 20
607 362 616 362
286 276 295 276
734 225 735 229
170 364 174 365
190 262 194 263
79 15 88 15
131 151 135 152
889 74 893 75
822 274 826 275
11 383 15 384
247 44 251 45
54 74 54 83
560 353 564 354
202 332 211 332
41 55 41 64
714 14 718 15
895 111 904 111
482 169 486 170
136 175 140 176
242 44 246 45
902 107 906 108
234 43 243 43
175 244 179 245
638 260 639 264
561 199 565 199
798 18 802 19
295 87 299 88
215 266 219 267
470 396 479 396
814 315 815 319
220 81 224 82
806 203 810 204
705 193 714 193
653 214 654 218
258 93 262 94
523 371 526 372
195 81 199 82
227 354 236 354
875 8 876 12
711 50 712 54
896 214 897 218
347 19 351 20
443 241 452 241
865 237 873 237
778 195 787 195
469 71 478 71
361 197 370 197
602 324 606 325
306 314 307 318
423 371 427 372
406 299 415 299
268 15 277 15
887 379 891 380
211 123 219 123
183 191 192 191
105 309 109 310
173 132 174 136
1 334 1 343
693 363 697 364
889 258 889 263
462 324 471 324
900 78 901 82
160 244 169 244
559 240 562 241
351 147 355 148
293 132 297 133
852 47 861 47
243 392 247 393
869 146 878 146
153 125 157 126
551 381 560 381
852 341 856 342
3 96 12 96
616 177 625 177
476 130 480 131
236 215 237 219
846 0 850 1
571 18 575 19
172 395 176 396
908 222 914 222
732 389 741 389
839 382 843 383
703 244 707 245
860 85 864 86
738 109 747 109
258 181 261 182
687 267 691 268
268 42 277 42
317 344 326 344
845 364 849 365
621 232 622 236
637 295 644 295
24 62 24 71
760 320 764 321
374 175 383 175
352 327 356 328
66 37 70 38
472 36 481 36
513 120 517 121
659 108 663 109
308 114 309 118
751 251 760 251
860 326 864 327
23 62 23 71
702 300 706 301
593 232 594 236
616 57 620 58
99 0 103 1
802 274 806 275
606 258 607 262
864 72 865 75
888 123 889 127
163 32 167 33
872 51 876 52
224 292 224 296
131 13 131 22
739 100 743 101
334 99 338 100
845 176 848 177
421 245 425 246
780 321 789 321
542 47 551 47
788 255 792 256
533 335 534 339
852 163 856 164
866 388 870 389
754 288 763 288
266 335 275 335
427 258 431 259
837 15 846 15
625 222 629 223
591 333 600 333
826 33 827 36
226 333 230 334
397 6 401 7
502 281 511 281
421 364 430 364
101 331 105 332
661 186 665 187
435 172 444 172
660 191 664 192
594 298 594 307
406 338 407 342
810 259 817 259
416 208 420 209
381 298 390 298
850 168 859 168
253 82 257 83
898 361 902 362
853 65 857 66
481 168 490 168
820 258 821 259
106 106 110 107
95 261 99 262
678 64 679 68
38 231 38 240
693 304 697 305
158 131 159 135
803 159 812 159
486 162 490 163
392 219 396 220
343 280 352 280
94 245 98 246
644 303 653 303
226 84 227 88
637 231 639 233
448 295 457 295
424 225 425 229
532 179 533 181
408 369 412 370
286 335 295 335
299 304 300 308
365 341 369 342
335 86 339 87
512 169 516 170
299 38 303 39
632 189 636 190
681 348 685 349
322 18 331 18
627 387 631 388
65 65 74 65
424 24 428 25
419 181 428 181
614 80 618 81
611 381 614 382
702 387 706 388
536 318 537 322
297 284 301 285
11 179 20 179
411 373 415 374
133 199 137 200
850 326 854 327
876 48 880 49
11 139 15 140
646 306 650 307
24 300 24 309
454 60 455 64
263 95 267 96
150 237 159 237
701 395 710 395
408 239 412 240
908 96 912 97
632 324 636 325
196 393 205 393
28 92 29 96
50 135 59 135
687 32 696 32
233 57 237 58
276 303 285 303
854 348 858 349
343 82 347 83
392 194 396 195
589 371 593 372
532 376 541 376
573 151 576 152
676 306 680 307
342 395 346 396
244 38 248 39
30 135 39 135
638 357 647 357
41 210 50 210
544 4 553 4
155 194 156 198
93 120 94 124
293 157 297 157
246 84 247 88
704 95 708 96
338 132 339 134
579 21 588 21
88 227 88 236
552 78 556 79
93 345 102 345
0 334 0 343
440 106 441 110
724 51 728 52
565 203 569 204
795 27 799 28
40 15 44 16
461 162 465 163
478 72 482 73
236 385 237 389
592 184 594 185
363 273 364 274
633 284 642 284
821 168 830 168
81 387 85 388
682 196 691 196
274 123 274 132
600 27 604 28
794 161 798 162
112 217 113 219
555 134 559 135
153 201 154 205
27 254 27 263
161 46 165 47
14 269 15 273
812 151 821 151
123 135 132 135
213 143 217 144
453 91 453 100
3 109 4 113
595 183 604 183
122 52 126 53
398 53 407 53
527 114 531 115
647 197 656 197
786 9 795 9
125 352 126 356
690 315 691 319
219 126 228 126
676 272 685 272
420 178 429 178
779 146 783 147
324 70 333 70
589 206 593 207
145 214 149 215
57 97 61 98
590 338 599 338
605 139 609 140
450 202 454 203
359 262 363 263
607 312 616 312
408 341 412 342
727 300 731 301
378 200 387 200
559 373 568 373
156 36 160 37
861 136 862 140
334 38 338 39
212 213 221 213
802 240 803 244
377 78 381 79
657 366 661 367
629 80 633 81
362 17 366 18
342 35 351 35
504 267 513 267
149 95 153 96
348 173 352 174
224 188 225 192
158 297 162 298
887 239 896 239
894 189 895 193
386 332 395 332
63 67 63 76
823 14 831 14
832 339 841 339
403 174 412 174
267 46 271 47
114 44 118 45
247 17 251 18
264 319 268 319
777 338 781 339
729 314 738 314
369 109 373 110
267 186 271 187
674 323 683 323
876 182 880 182
396 170 400 171
181 238 182 242
640 255 644 256
440 278 444 279
100 366 104 367
754 188 758 188
914 117 914 123
264 365 268 366
170 5 174 6
865 95 869 96
479 100 488 100
368 205 377 205
755 290 759 291
196 36 200 37
736 113 737 117
265 384 274 384
129 261 138 261
613 68 617 69
448 148 449 152
587 340 591 341
346 303 351 303
759 162 768 162
857 336 861 337
724 100 728 101
803 194 807 194
610 184 614 185
405 268 414 268
563 108 567 108
405 226 405 235
250 117 251 121
569 373 578 373
104 209 104 218
316 109 316 118
470 92 479 92
186 4 195 4
816 200 817 204
817 38 825 38
177 197 181 198
861 33 870 33
896 376 897 380
722 196 731 196
110 219 111 223
316 313 320 314
591 199 595 200
266 288 275 288
150 310 159 310
747 301 756 301
352 85 361 85
553 115 557 116
709 10 713 11
384 269 388 270
801 46 805 47
522 179 526 180
513 45 517 46
315 378 319 379
851 37 855 38
822 108 831 108
80 263 84 264
115 207 115 216
511 259 520 259
61 236 61 245
257 311 261 312
364 253 365 257
116 181 125 181
121 149 125 150
175 89 176 93
34 46 34 55
702 86 711 86
843 357 852 357
858 363 867 363
339 38 343 39
145 268 149 269
512 216 521 216
889 152 898 152
142 172 146 173
542 50 551 50
646 348 650 349
874 76 883 76
433 12 437 13
754 3 763 3
780 139 784 140
668 73 672 74
41 245 42 249
102 394 111 394
65 77 65 86
409 367 413 368
910 388 914 389
140 81 149 81
475 268 481 268
588 339 597 339
661 176 670 176
382 130 391 130
506 236 510 237
539 92 543 93
709 5 718 5
832 313 833 317
80 214 89 214
556 246 560 247
692 188 696 189
736 315 737 319
258 15 267 15
8 122 8 131
818 147 822 148
488 235 492 236
680 76 689 76
136 107 140 108
881 282 882 286
759 1 768 1
836 313 837 317
871 40 880 40
830 139 834 140
213 376 217 377
747 220 748 224
143 12 144 16
686 175 695 175
327 311 336 311
687 220 691 221
211 166 215 167
340 81 349 81
16 300 16 309
790 326 794 327
239 152 245 152
477 12 478 16
213 191 217 192
142 146 142 155
426 331 428 333
124 72 128 73
135 119 139 120
135 96 139 97
57 253 61 254
705 98 706 102
396 50 400 51
101 38 105 39
813 257 816 258
568 335 577 335
30 142 31 146
463 72 467 73
130 110 134 111
511 356 513 358
48 363 52 364
270 369 274 370
867 160 870 161
836 69 837 73
807 211 816 211
649 77 658 77
255 281 257 283
869 342 878 342
736 56 740 57
616 143 625 143
140 121 149 121
435 224 444 224
776 9 785 9
483 136 492 136
249 294 258 294
596 220 597 224
527 96 531 97
231 116 240 116
867 339 871 340
183 288 184 292
801 220 802 224
294 138 296 140
40 116 49 116
638 63 642 64
670 255 674 256
489 41 498 41
171 369 175 370
395 153 399 154
42 366 44 368
519 243 520 247
557 345 566 345
378 305 387 305
652 389 661 389
434 365 440 365
305 309 309 310
761 133 765 134
527 181 531 182
584 118 593 118
304 100 313 100
30 0 30 9
822 339 831 339
257 163 266 163
490 24 491 28
541 316 541 325
907 153 911 154
900 376 904 377
505 255 514 255
589 20 593 21
634 260 635 264
33 334 34 338
25 35 25 44
760 392 764 393
164 341 173 341
766 83 770 84
175 25 184 25
866 39 875 39
193 42 202 42
895 8 904 8
759 161 768 161
860 161 866 161
329 294 338 294
448 220 452 221
616 217 620 218
469 37 470 41
127 133 131 134
662 182 666 183
222 238 226 239
539 361 548 361
574 142 574 146
739 348 743 349
893 292 897 293
597 229 601 230
261 104 265 105
207 63 211 64
388 109 389 113
559 242 563 242
653 133 660 133
801 88 805 89
526 177 535 177
607 77 609 79
175 159 176 163
849 303 853 304
79 231 79 240
853 154 861 154
39 322 43 323
583 226 587 227
271 238 272 242
256 335 265 335
825 91 829 92
5 245 5 254
798 284 802 285
813 200 815 202
181 274 182 278
273 307 274 311
631 181 640 181
756 129 765 129
57 62 61 63
400 138 407 138
418 53 422 54
389 38 393 39
566 206 573 206
143 122 144 126
694 110 697 111
493 45 497 46
261 238 262 242
758 252 762 253
724 178 728 179
648 373 652 374
781 304 790 304
895 394 904 394
466 218 470 219
82 35 91 35
882 389 884 391
912 232 913 234
650 139 654 140
335 373 339 374
530 256 539 256
707 188 711 189
90 179 91 183
405 100 407 102
595 145 604 145
450 281 454 282
720 107 724 108
366 84 375 84
655 1 664 1
23 284 24 288
679 376 680 380
401 364 410 364
363 0 372 0
725 208 726 212
255 108 264 108
350 352 354 353
256 164 260 165
441 80 442 84
250 256 254 257
266 4 275 4
59 157 68 157
162 117 166 118
710 294 719 294
131 307 140 307
294 339 298 340
672 100 672 109
279 248 283 249
870 61 874 62
248 237 257 237
876 246 885 246
87 355 88 359
530 226 534 227
218 109 219 113
892 95 893 99
373 323 381 323
192 132 196 133
327 327 331 328
733 220 734 224
880 119 884 120
665 131 669 132
580 221 581 225
685 154 686 158
397 219 401 220
659 31 668 31
435 281 439 282
363 175 367 176
402 47 411 47
280 385 281 389
192 354 196 355
444 5 453 5
279 22 288 22
810 91 814 92
348 69 357 69
578 305 578 314
909 117 913 118
536 154 545 154
309 380 318 380
147 75 151 76
199 152 203 153
45 358 46 362
358 96 358 105
566 148 567 152
285 194 289 195
649 30 653 31
420 203 424 204
855 212 864 212
737 370 746 370
483 369 487 370
879 377 880 381
700 248 709 248
91 307 95 308
92 66 101 66
912 375 913 377
821 48 825 49
471 209 472 213
82 25 86 26
599 212 603 213
869 224 878 224
76 290 80 291
658 159 662 160
691 308 700 308
713 341 714 345
702 324 706 325
275 195 284 195
171 57 175 58
872 184 876 185
539 145 540 149
788 114 792 115
326 371 327 375
795 56 799 57
646 176 650 176
718 47 722 48
796 42 800 43
30 23 31 27
381 322 390 322
898 397 902 398
171 159 172 163
701 156 703 158
35 45 35 54
716 232 725 232
810 207 814 208
135 389 139 390
669 236 673 237
855 364 859 365
330 227 334 228
17 264 18 268
359 140 363 141
536 175 540 176
446 292 450 293
133 106 142 106
739 20 743 21
126 317 130 317
537 384 541 385
160 344 164 345
328 354 332 355
261 383 267 383
865 100 869 101
706 198 710 199
571 91 572 95
375 5 384 5
882 150 886 151
597 312 606 312
243 228 247 229
837 369 841 370
150 81 154 82
239 325 243 326
237 130 241 131
857 359 866 359
686 209 690 210
777 310 786 310
617 6 621 7
184 351 188 352
643 372 652 372
778 216 782 217
669 235 673 235
877 8 878 12
373 314 377 315
175 249 184 249
80 221 80 230
419 250 420 254
863 254 867 255
432 6 441 6
314 11 323 11
609 309 618 309
728 73 737 73
882 153 886 154
655 231 659 232
543 123 552 123
607 91 611 91
89 374 93 375
214 260 218 261
792 11 793 15
19 264 20 268
578 330 579 334
773 159 782 159
158 232 162 233
627 297 628 301
358 245 359 249
498 371 502 372
350 94 359 94
705 139 709 140
176 209 180 210
902 59 911 59
816 315 817 319
545 171 549 172
4 381 4 390
759 52 763 53
384 240 384 249
376 21 385 21
180 8 189 8
711 72 720 72
182 391 191 391
29 168 33 169
1 285 1 294
661 331 665 332
542 170 551 170
622 242 631 242
55 339 56 343
503 0 512 0
397 292 401 293
25 195 25 204
515 202 519 203
363 53 367 54
83 290 92 290
889 188 898 188
511 175 515 176
99 286 103 287
650 150 654 151
121 235 125 236
850 192 859 192
602 366 611 366
712 376 715 377
623 244 627 245
753 250 762 250
35 65 44 65
699 42 699 51
813 220 814 224
246 209 250 210
95 320 96 323
187 118 191 119
310 312 311 316
546 373 550 374
601 253 610 253
489 367 498 367
855 160 862 160
712 194 716 195
260 77 264 78
778 285 787 285
563 123 572 123
850 352 859 352
263 149 272 149
496 221 497 222
638 41 639 45
179 54 183 55
54 142 55 146
36 396 40 397
202 328 206 329
795 100 799 101
133 40 137 41
2 194 2 203
567 232 568 236
899 330 906 330
882 305 891 305
596 134 600 135
24 148 25 152
240 256 244 257
738 73 742 74
133 361 137 362
647 391 651 392
225 379 234 379
904 228 913 228
373 15 382 15
323 265 327 266
335 384 344 384
679 147 680 151
811 166 820 166
902 109 906 110
216 209 220 210
428 103 432 104
813 313 817 314
620 144 621 148
872 45 876 46
748 92 754 92
259 109 268 109
299 380 303 381
20 123 20 132
56 142 57 146
353 280 362 280
689 110 693 111
136 363 137 367
707 337 711 338
448 290 452 291
871 127 875 128
255 48 259 49
643 174 652 174
598 188 602 189
829 377 830 381
7 310 8 314
790 152 794 153
653 103 653 112
563 41 572 41
246 36 250 37
388 207 397 207
306 208 310 209
30 47 30 56
263 133 264 137
674 322 682 322
396 130 396 139
455 210 459 211
291 270 300 270
808 257 812 258
499 128 508 128
557 91 558 95
491 94 500 94
279 314 283 315
355 212 359 213
876 376 883 376
233 191 237 191
266 217 270 218
237 63 241 64
113 40 117 41
155 70 164 70
202 23 204 24
806 218 815 218
289 325 293 326
721 271 725 272
657 9 665 9
907 367 909 369
558 265 560 267
55 121 56 125
622 190 631 190
700 42 700 51
765 25 774 25
652 344 661 344
765 171 769 172
142 186 143 190
400 340 401 344
223 59 227 60
847 288 851 289
685 397 689 398
277 220 286 220
789 213 798 213
648 37 657 37
789 328 793 329
563 162 564 166
824 334 833 334
229 98 233 99
758 335 767 335
780 392 784 393
336 101 345 101
439 230 443 231
542 279 546 280
721 348 725 349
474 269 478 270
810 326 814 327
779 77 783 78
201 357 205 358
263 228 265 229
817 129 818 132
551 360 560 360
175 214 179 215
675 83 679 84
498 240 502 241
79 221 79 230
815 386 819 387
292 35 301 35
654 135 658 136
302 299 306 300
396 362 400 363
415 68 424 68
822 225 823 229
220 5 223 6
387 34 396 34
854 69 855 73
683 252 687 253
841 198 845 199
455 212 459 213
59 57 60 61
286 196 290 197
771 370 776 370
349 119 353 120
740 152 749 152
841 117 850 117
291 13 299 13
265 91 269 92
390 224 394 225
890 61 894 62
449 21 453 22
871 0 874 1
742 313 751 313
576 274 580 275
249 138 253 138
625 248 634 248
520 166 529 166
196 235 205 235
88 320 88 329
566 72 570 73
182 195 186 196
813 308 814 312
252 216 261 216
386 240 387 244
121 63 130 63
49 183 53 184
588 113 592 114
457 57 466 57
626 78 635 78
38 251 38 260
69 117 73 118
428 106 429 110
897 211 904 211
454 146 455 150
818 83 822 84
695 30 699 31
658 363 662 364
563 267 565 269
492 68 501 68
640 58 649 58
170 77 174 78
829 77 834 77
681 386 690 386
392 186 401 186
30 362 31 366
715 107 719 108
266 14 275 14
695 139 704 139
92 396 101 396
326 114 326 123
545 228 549 229
441 345 445 346
702 225 706 226
235 81 239 82
142 284 151 284
902 68 910 68
132 146 136 147
890 171 894 172
517 313 521 314
390 375 399 375
742 65 746 66
26 184 26 193
538 221 542 222
538 239 542 240
778 231 787 231
734 100 738 101
30 106 30 111
158 146 159 150
517 181 521 182
400 160 409 160
212 287 216 288
104 374 108 375
57 121 58 125
369 349 378 349
606 142 610 142
764 379 768 380
845 119 846 123
288 211 297 211
368 186 371 187
753 27 757 27
795 347 804 347
849 261 853 262
449 380 453 381
860 175 864 176
83 364 87 364
711 78 715 79
448 109 452 110
326 36 330 37
731 208 732 212
262 46 266 47
467 330 476 330
831 2 835 3
736 98 740 99
558 0 567 0
840 225 841 229
454 166 455 170
817 184 826 184
15 264 16 268
367 57 371 58
387 385 391 386
750 56 751 60
752 249 761 249
809 251 816 251
566 67 575 67
380 44 384 45
425 278 429 279
361 59 370 59
127 172 131 173
414 343 423 343
330 229 334 230
553 232 562 232
529 358 538 358
883 155 892 155
893 271 897 272
751 6 755 7
575 153 579 154
651 6 660 6
558 190 562 191
142 136 143 140
48 32 49 36
148 200 157 200
95 337 98 338
537 307 546 307
353 233 362 233
828 34 832 35
233 40 237 41
905 295 909 296
894 387 903 387
591 99 600 99
842 78 843 82
662 48 671 48
532 73 541 73
177 172 181 173
36 310 45 310
333 126 337 127
475 222 479 223
313 277 317 278
424 269 428 270
827 125 831 126
406 121 415 121
78 268 82 269
179 253 183 254
202 243 203 247
858 271 862 272
709 390 718 390
98 180 99 184
8 265 8 274
503 236 505 238
298 2 307 2
753 299 762 299
273 32 277 33
703 371 712 371
203 234 212 234
280 369 284 370
562 220 571 220
109 59 118 59
512 396 516 397
671 133 675 134
846 69 847 73
184 7 193 7
747 38 756 38
104 104 108 105
538 115 547 115
34 176 43 176
783 13 787 14
320 341 329 341
309 264 318 264
496 373 500 374
597 124 597 133
714 388 723 388
22 282 26 283
81 160 85 161
428 305 429 308
633 244 637 245
371 201 375 202
121 64 130 64
410 215 410 224
557 184 561 185
114 26 118 27
858 65 862 66
327 161 331 162
346 52 355 52
466 258 470 259
539 358 547 358
906 89 907 93
660 258 661 262
744 135 748 136
688 254 697 254
800 396 804 397
430 183 434 183
238 272 242 273
562 389 566 390
619 14 623 15
812 315 813 319
39 107 40 111
857 167 866 167
227 325 228 328
531 55 535 56
514 151 518 152
446 148 447 152
561 86 565 87
46 103 50 104
530 330 531 334
894 1 903 1
549 235 553 236
208 228 212 229
514 192 518 193
8 196 8 205
207 290 208 294
137 247 138 251
157 349 161 350
443 87 447 88
583 391 592 391
245 61 249 62
675 376 676 380
54 20 55 24
409 271 418 271
74 126 75 130
35 148 36 152
888 0 897 0
135 60 144 60
761 332 770 332
259 365 263 366
364 262 368 263
161 292 162 296
7 30 8 34
546 330 546 339
810 375 819 375
876 203 885 203
905 3 906 7
288 224 297 224
775 23 779 24
689 107 691 109
150 214 154 215
460 389 464 390
914 40 914 49
194 387 203 387
39 251 39 259
448 348 457 348
718 296 722 297
614 14 618 15
795 25 804 25
401 232 401 241
426 200 430 201
90 261 94 262
134 10 138 11
664 12 673 12
831 330 840 330
131 326 135 327
135 81 139 82
771 69 775 70
494 340 494 349
770 397 774 398
336 235 345 235
358 119 359 123
429 57 433 58
855 145 864 145
642 195 646 196
488 234 492 234
710 305 719 305
192 326 196 327
61 121 61 130
866 89 867 93
652 366 656 367
496 55 497 59
725 63 729 64
314 301 318 302
9 265 9 274
730 152 739 152
128 144 129 148
820 167 826 167
190 186 191 190
452 386 456 387
226 117 227 121
674 334 683 334
54 52 55 56
22 270 22 279
583 261 592 261
383 75 392 75
639 133 648 133
698 154 702 155
126 46 130 47
637 258 641 259
258 282 262 283
466 396 469 396
381 321 390 321
632 41 633 45
79 218 83 219
270 367 274 368
881 37 885 38
331 71 335 72
837 279 841 280
762 315 763 319
147 313 156 313
393 280 402 280
632 201 636 202
529 98 538 98
242 337 246 338
47 245 48 249
17 0 17 9
725 191 728 192
898 376 899 380
503 75 512 75
385 396 389 397
514 194 518 195
105 174 109 175
360 301 369 301
630 41 631 45
225 94 227 96
539 335 540 339
875 326 879 327
478 45 487 45
661 6 670 6
81 330 81 339
11 314 12 318
840 146 849 146
177 395 181 396
695 237 704 237
825 247 829 248
557 324 561 325
17 94 21 95
324 385 325 389
313 93 317 94
876 244 880 245
528 34 537 34
516 67 525 67
315 262 324 262
778 13 782 14
637 220 641 221
833 83 837 84
373 312 377 313
610 326 614 327
415 119 419 120
43 356 47 357
829 110 836 110
744 315 745 319
322 128 331 128
624 206 628 207
629 224 638 224
825 28 834 28
541 232 545 233
48 77 48 86
900 320 907 320
828 391 834 391
505 105 514 105
103 348 110 348
585 160 594 160
771 317 775 318
638 274 642 275
682 56 691 56
592 192 596 193
528 330 529 334
417 14 421 15
699 314 708 314
6 300 6 309
150 345 154 346
127 344 131 345
21 346 22 350
868 232 872 233
206 13 210 14
277 307 278 311
233 23 242 23
492 376 501 376
411 16 415 17
142 340 151 340
259 145 260 149
633 282 637 283
735 25 744 25
356 276 362 276
774 15 775 19
576 305 576 314
792 260 801 260
728 148 737 148
774 20 778 21
692 33 701 33
838 283 842 284
511 42 515 43
754 143 755 147
777 156 786 156
636 331 640 332
107 296 111 297
910 258 913 259
373 0 382 0
642 61 646 62
412 327 421 327
509 155 513 156
18 84 19 88
743 26 751 26
51 278 51 287
19 0 19 9
461 255 465 256
714 28 718 29
1 275 1 284
436 130 440 131
706 209 710 210
735 237 744 237
117 226 118 229
827 343 836 343
387 247 391 248
535 134 539 135
463 0 472 0
831 372 835 373
429 18 430 22
591 395 595 396
507 10 508 13
512 157 521 157
759 270 763 271
617 2 621 3
637 22 638 26
328 277 332 278
134 142 138 143
713 221 714 225
447 196 451 197
677 115 678 119
346 147 350 148
408 118 417 118
78 98 82 99
529 329 538 329
409 304 418 304
134 278 138 279
147 334 156 334
290 322 299 322
142 35 151 35
304 147 305 151
853 232 857 233
715 221 716 225
310 226 310 230
883 118 892 118
422 47 431 47
617 61 621 62
516 162 520 163
371 364 380 364
481 276 485 277
753 341 762 341
189 280 193 281
131 369 135 370
401 255 405 256
806 333 815 333
338 205 347 205
683 157 684 161
286 362 290 363
766 331 775 331
259 254 268 254
764 254 773 254
230 8 239 8
297 382 306 382
765 124 774 124
867 18 876 18
518 69 522 70
806 229 807 232
434 173 443 173
732 233 735 234
5 255 5 264
691 332 700 332
552 50 561 50
131 23 140 23
198 2 202 3
321 242 322 246
711 384 715 385
243 117 247 118
28 279 29 283
542 224 546 225
249 223 258 223
347 89 351 90
829 196 833 197
547 179 551 180
806 198 810 199
49 117 53 118
900 119 901 123
606 73 615 73
329 203 333 204
263 192 272 192
574 63 578 64
43 151 52 151
308 41 312 42
127 378 136 378
460 236 469 236
687 90 691 91
512 196 516 197
455 172 464 172
739 161 743 162
203 42 212 42
675 124 676 128
667 138 676 138
473 392 477 393
254 154 255 158
464 3 468 4
763 237 772 237
222 215 223 219
386 81 390 82
125 288 128 288
524 146 528 147
347 63 351 64
108 385 109 389
270 150 271 154
391 276 395 277
37 0 37 9
517 184 521 185
195 317 204 317
53 0 53 9
851 40 860 40
335 234 344 234
136 255 145 255
903 147 907 148
99 248 103 249
784 368 793 368
277 31 286 31
712 35 712 44
757 220 758 224
238 215 242 216
276 235 285 235
81 372 85 373
393 210 397 211
188 9 192 10
703 103 712 103
806 372 810 373
308 385 309 389
807 150 816 150
389 3 393 4
247 161 251 162
241 150 245 151
440 59 449 59
394 267 403 267
167 285 176 285
572 65 576 66
120 7 124 8
657 2 666 2
144 274 148 275
590 326 594 327
738 315 739 319
67 30 72 30
483 213 484 217
241 394 250 394
505 290 509 291
377 16 381 17
677 263 681 264
500 178 509 178
821 2 825 3
135 127 144 127
746 133 750 134
853 254 857 255
217 128 221 129
613 318 617 319
741 168 750 168
254 184 257 185
84 215 88 216
321 209 330 209
27 328 31 329
804 196 808 197
798 16 802 17
171 194 172 198
875 247 879 248
817 274 821 275
32 137 36 138
825 23 826 27
162 342 171 342
31 106 31 113
310 188 314 188
165 7 174 7
75 365 79 366
71 337 72 341
898 79 898 88
356 250 360 251
563 237 567 238
590 144 594 145
2 329 2 338
658 82 667 82
156 73 160 74
252 170 261 170
258 154 259 157
510 116 514 117
568 0 577 0
109 104 113 105
742 91 751 91
269 193 270 197
202 84 206 85
446 363 455 363
145 315 146 319
487 341 487 350
267 133 268 137
425 236 429 237
814 180 818 181
265 123 269 124
152 117 156 118
265 373 269 374
3 329 3 338
724 28 728 29
826 390 834 390
365 114 369 115
191 36 195 37
525 93 526 97
592 78 596 79
550 138 554 138
266 235 275 235
841 48 845 49
366 3 370 4
289 238 290 242
721 346 730 346
555 305 559 306
89 67 90 71
473 69 477 70
803 119 807 120
372 43 381 43
562 386 566 387
476 133 485 133
603 226 607 227
109 374 113 375
652 48 656 49
604 31 613 31
663 363 667 364
699 376 700 380
383 336 387 337
709 95 713 96
233 143 237 144
424 194 428 195
577 305 577 314
148 2 152 3
290 215 299 215
384 338 388 339
463 271 467 272
893 155 902 155
129 315 133 316
8 116 17 116
16 383 20 384
912 292 913 295
673 164 677 165
888 254 892 255
731 241 735 242
336 164 340 165
224 70 228 71
802 260 811 260
892 84 896 85
900 126 904 127
345 65 349 66
147 300 151 301
55 258 56 262
430 72 432 74
906 77 906 86
303 304 304 308
615 39 624 39
567 300 571 301
174 72 183 72
619 288 623 289
801 168 810 168
437 78 446 78
58 268 59 272
466 394 470 395
803 30 807 31
699 77 708 77
467 85 471 86
815 381 816 385
701 133 705 134
891 93 895 94
573 260 577 261
395 13 396 17
308 125 309 129
618 114 622 115
70 66 79 66
205 349 206 353
246 279 247 283
61 226 61 235
651 156 652 160
644 28 648 29
509 151 513 152
560 338 569 338
458 45 467 45
158 236 167 236
489 296 493 297
411 276 415 277
696 70 705 70
388 23 392 24
582 184 586 185
91 256 92 260
53 84 53 93
604 220 605 224
4 42 4 51
82 392 86 393
76 288 80 289
491 153 495 154
552 170 561 170
762 310 766 311
387 6 396 6
353 277 357 278
399 269 403 270
94 170 95 174
838 11 842 12
44 208 48 209
32 11 41 11
649 224 657 224
603 374 612 374
279 283 288 283
158 347 162 348
837 203 846 203
722 183 731 183
350 143 354 144
906 348 914 348
443 343 452 343
113 120 114 124
360 119 361 123
280 243 281 246
794 288 803 288
763 173 767 174
827 25 831 26
533 188 537 189
179 50 183 51
283 84 292 84
688 257 692 258
28 136 37 136
615 316 624 316
107 390 111 391
874 374 883 374
212 222 216 223
238 142 242 142
790 54 798 54
109 270 113 271
894 19 898 20
314 257 318 258
370 153 371 157
590 172 599 172
719 10 723 11
79 265 83 266
195 343 204 343
411 37 412 41
144 116 153 116
883 282 892 282
602 61 606 62
207 338 211 339
605 25 609 26
295 292 304 292
738 112 738 121
753 396 762 396
7 381 8 385
340 192 344 193
672 249 681 249
34 244 34 253
431 112 435 113
522 181 526 182
435 137 439 138
895 391 899 392
669 10 673 11
210 262 219 262
349 338 353 339
234 112 238 113
424 332 425 333
600 214 609 214
276 68 285 68
541 124 545 125
679 117 680 119
786 360 795 360
845 375 848 376
714 143 715 147
561 122 569 122
704 219 713 219
790 105 791 109
469 249 470 253
412 325 416 326
767 218 775 218
625 119 625 128
244 43 253 43
534 179 536 181
896 119 897 123
693 152 699 152
550 45 554 46
53 187 54 191
577 196 581 197
899 24 903 25
679 214 680 218
833 283 837 284
411 127 420 127
93 80 94 84
350 121 351 125
193 103 202 103
165 50 166 54
97 112 101 113
83 199 83 208
266 252 274 252
102 254 106 255
390 278 394 279
876 70 878 71
74 265 78 266
507 78 516 78
499 71 508 71
333 102 334 106
160 146 161 150
159 380 163 381
871 332 880 332
252 156 253 160
899 159 903 160
726 35 727 39
856 218 860 219
442 114 446 115
895 124 899 125
697 34 701 35
248 54 257 54
854 76 863 76
417 115 421 116
627 384 636 384
538 116 547 116
71 307 75 308
529 361 538 361
52 380 56 381
222 178 231 178
323 126 327 127
718 359 719 363
336 172 345 172
42 161 51 161
234 397 238 398
298 76 307 76
693 335 697 336
495 283 497 285
578 84 582 85
22 344 26 345
559 137 560 141
196 51 200 52
419 3 423 4
502 146 503 150
302 186 306 187
162 349 166 350
24 250 24 259
716 35 720 36
278 237 287 237
839 74 843 75
885 357 889 358
542 384 546 385
802 355 803 359
831 122 834 123
808 194 812 195
204 270 205 274
11 66 11 75
655 149 659 150
245 311 246 315
114 179 118 180
708 296 712 297
179 288 180 292
718 75 727 75
31 373 40 373
431 250 432 254
793 26 802 26
661 85 670 85
832 45 841 45
203 89 204 93
379 76 383 77
880 61 884 62
738 359 739 363
699 95 703 96
129 118 129 127
315 248 316 252
246 166 255 166
452 56 456 57
799 61 808 61
814 127 818 128
145 204 146 208
619 243 628 243
315 331 319 332
204 43 213 43
458 37 462 38
895 86 896 90
593 115 602 115
3 114 4 118
184 349 188 350
312 35 321 35
612 6 616 7
877 153 881 154
449 304 458 304
791 251 798 251
436 112 440 113
351 240 360 240
51 398 60 398
739 51 743 52
768 109 772 110
288 15 297 15
889 106 898 106
849 180 853 181
191 392 195 393
22 326 26 327
315 238 316 242
315 194 319 195
20 84 21 88
15 353 24 353
737 263 741 264
439 139 448 139
347 29 351 30
667 188 671 189
826 8 832 8
121 146 125 147
18 269 19 273
883 272 887 273
417 6 421 7
775 27 779 28
632 93 641 93
241 106 245 107
285 142 286 146
319 80 328 80
763 252 767 253
178 228 182 229
132 386 136 387
111 38 115 39
657 229 661 230
437 273 441 274
338 392 347 392
662 246 666 247
578 237 582 238
912 229 913 231
572 258 576 259
93 380 94 384
738 335 747 335
26 396 30 397
353 49 362 49
693 159 702 159
193 185 202 185
746 13 750 14
402 6 406 7
147 378 155 378
597 310 601 311
260 85 264 86
707 233 711 234
256 68 265 68
637 328 641 329
577 396 581 397
449 210 450 214
187 23 191 24
629 60 638 60
255 206 264 206
315 189 319 190
874 4 878 5
865 79 866 83
445 183 454 183
782 311 786 312
240 271 249 271
285 77 289 78
158 141 162 142
426 351 433 351
229 391 238 391
761 373 765 374
123 65 123 74
662 86 666 87
622 225 631 225
180 316 184 317
419 232 428 232
785 139 789 140
482 179 491 179
57 233 57 242
360 25 369 25
708 285 717 285
597 9 606 9
660 8 669 8
514 22 523 22
692 263 696 264
73 337 73 346
627 241 636 241
382 47 391 47
133 32 137 33
466 276 470 277
656 40 660 41
579 341 581 343
254 70 263 70
141 122 142 126
482 283 486 284
72 276 76 277
168 186 169 190
234 385 235 389
835 261 838 262
52 396 61 396
155 201 156 205
13 332 14 336
876 118 877 122
884 1 893 1
364 109 368 110
586 55 590 56
778 391 787 391
821 133 825 134
737 150 741 151
459 269 463 270
418 344 422 345
403 392 407 393
39 67 39 76
229 124 233 125
204 219 213 219
656 7 665 7
497 396 501 397
870 293 871 297
416 170 420 171
859 10 860 14
493 72 497 73
854 265 855 269
444 320 445 324
683 73 687 74
189 205 197 205
305 367 309 368
405 97 406 99
466 260 470 261
198 204 202 205
876 231 885 231
553 94 553 98
800 355 801 359
756 333 765 333
581 162 582 166
431 364 440 364
386 161 387 165
806 201 809 202
268 385 269 389
283 155 287 156
535 165 539 166
50 397 59 397
645 172 654 172
730 76 739 76
735 336 736 340
370 119 374 120
311 158 315 159
796 383 800 384
341 237 342 241
228 297 232 298
738 33 739 37
238 57 242 58
72 251 73 255
23 99 24 103
911 142 913 143
38 114 42 115
104 315 108 316
78 149 82 150
757 381 766 381
828 154 832 155
303 95 307 96
447 297 451 298
896 210 904 210
119 216 123 217
894 214 895 218
808 252 812 253
691 371 695 372
657 188 661 189
383 280 392 280
719 166 728 166
637 312 646 312
425 203 429 204
206 4 215 4
754 0 758 1
717 49 721 50
884 56 885 60
330 116 339 116
187 288 188 292
365 302 369 302
628 173 632 174
485 224 486 225
608 258 609 262
436 133 445 133
338 109 339 113
332 226 341 226
854 384 858 385
493 87 497 88
458 229 467 229
423 208 423 217
105 376 114 376
421 86 422 90
186 46 190 47
513 217 521 217
353 275 362 275
295 216 299 217
43 280 44 284
572 305 572 314
468 45 477 45
835 160 844 160
22 291 26 292
209 152 213 153
815 248 824 248
492 56 493 60
680 52 681 56
478 234 482 235
238 59 242 60
390 109 391 113
294 258 298 259
333 282 342 282
29 334 30 338
435 222 439 223
456 317 460 318
546 328 555 328
311 290 315 291
280 48 289 48
860 168 869 168
432 376 441 376
252 126 253 130
85 251 89 252
765 326 769 327
690 246 694 247
385 234 392 234
348 153 352 154
885 310 894 310
328 0 332 1
675 71 683 71
167 75 171 76
406 231 407 235
510 282 519 282
427 208 427 217
785 185 794 185
839 384 843 385
227 382 236 382
429 3 433 4
452 384 456 385
210 140 219 140
782 339 791 339
479 141 480 145
170 362 174 363
335 194 339 195
642 225 651 225
815 9 824 9
135 50 136 54
244 325 248 326
507 307 511 308
125 383 129 384
205 61 209 62
788 240 797 240
550 165 554 166
794 180 798 181
842 292 849 292
768 94 772 95
301 152 305 153
150 244 159 244
887 331 896 331
832 323 836 324
740 259 749 259
303 258 304 262
138 32 142 33
749 135 753 136
214 386 218 387
97 256 98 260
681 358 690 358
193 9 197 10
555 71 564 71
86 320 86 329
121 248 122 252
879 260 883 261
858 273 862 274
360 114 364 115
742 150 746 151
748 229 757 229
847 167 856 167
484 156 493 156
216 36 220 37
813 58 817 59
803 222 807 223
148 112 152 113
706 331 715 331
136 149 140 150
591 124 595 125
741 208 742 212
344 304 348 305
289 315 290 319
602 215 606 216
279 111 283 112
111 194 112 198
268 392 272 393
867 238 871 239
826 241 832 241
591 205 600 205
485 33 494 33
698 238 702 239
16 356 25 356
87 256 88 260
378 198 382 199
66 369 70 370
582 220 583 224
259 391 268 391
848 11 852 12
85 62 93 62
211 159 212 163
409 10 418 10
161 245 162 249
685 191 689 192
651 350 655 351
821 183 826 183
169 269 171 271
733 238 736 239
898 37 902 38
141 191 145 192
795 102 804 102
488 24 489 28
69 173 73 174
883 165 892 165
645 139 649 140
117 275 126 275
375 367 379 368
199 288 200 292
313 73 317 74
339 22 348 22
890 177 899 177
557 217 559 218
269 38 273 39
386 273 388 275
475 200 476 204
631 175 635 176
872 123 876 124
805 143 809 144
697 214 698 218
442 9 451 9
467 78 476 78
746 317 750 318
422 225 423 229
907 77 907 86
462 247 471 247
643 297 644 301
894 95 895 99
517 218 521 219
403 97 404 101
887 381 896 381
351 274 357 274
348 40 357 40
57 50 61 51
867 68 871 69
664 10 668 11
40 122 44 123
684 334 693 334
559 157 568 157
876 311 880 312
83 357 84 361
701 1 710 1
652 280 661 280
605 1 614 1
532 220 541 220
627 389 631 390
854 242 863 242
334 376 343 376
421 42 430 42
412 351 416 352
161 225 162 229
392 37 401 37
503 363 507 364
163 98 172 98
247 173 256 173
461 366 470 366
710 191 714 192
822 78 823 82
54 84 54 93
703 252 707 253
799 10 808 10
234 55 243 55
50 116 59 116
16 320 16 329
310 77 314 78
360 145 364 146
624 59 633 59
248 117 249 121
414 344 417 345
903 273 907 274
531 102 535 103
36 92 45 92
390 25 399 25
866 97 870 98
810 200 812 202
599 59 603 59
479 80 483 81
484 180 493 180
60 132 64 133
98 152 107 152
872 234 881 234
346 149 350 150
64 119 73 119
572 179 576 180
518 221 522 222
670 230 674 231
253 84 262 84
228 93 232 94
726 202 727 206
553 234 562 234
505 1 509 2
733 284 737 285
321 255 322 259
858 254 862 255
289 308 293 309
48 17 49 21
586 186 590 187
536 232 540 233
840 69 841 73
801 203 805 204
687 69 690 70
319 306 328 306
481 42 485 43
37 203 46 203
452 60 453 64
742 33 743 37
157 156 161 157
443 89 452 89
13 58 17 59
780 27 784 28
150 397 159 397
288 191 297 191
329 99 333 100
851 182 855 183
70 225 70 234
676 341 685 341
715 44 724 44
829 271 831 273
119 379 125 379
153 104 157 105
715 352 719 353
756 117 760 118
206 209 210 210
25 45 34 45
608 339 617 339
645 353 654 353
678 198 681 199
867 23 868 27
905 111 913 111
694 359 703 359
520 90 524 91
58 324 62 325
809 20 813 21
216 80 224 80
767 310 771 311
735 320 739 321
819 220 820 224
43 311 52 311
888 292 892 293
364 380 368 381
17 296 17 305
833 371 842 371
147 117 151 118
655 214 656 218
545 255 549 256
701 88 702 92
185 389 194 389
142 158 151 158
40 340 44 341
662 313 671 313
383 0 392 0
341 366 342 370
171 132 172 136
703 98 704 102
615 171 619 172
394 269 398 270
671 385 675 386
889 395 898 395
91 102 95 103
895 231 899 232
184 360 188 361
428 243 432 244
818 194 822 195
558 221 562 222
13 52 17 53
310 373 312 375
0 250 0 259
777 324 781 325
824 33 825 37
569 195 578 195
542 72 546 73
225 367 229 368
720 352 724 353
372 219 376 220
83 40 87 41
176 36 180 37
178 305 183 305
443 359 447 360
868 316 872 317
460 222 464 223
36 0 36 9
323 150 327 151
859 19 863 20
487 224 496 224
590 146 599 146
864 334 873 334
314 365 318 366
587 91 588 95
790 91 794 92
331 50 340 50
136 151 140 152
570 281 574 282
530 375 539 375
810 227 819 227
284 356 289 356
816 241 825 241
295 310 304 310
630 183 634 184
361 346 365 347
648 336 657 336
276 172 285 172
769 314 778 314
334 365 343 365
279 307 280 311
212 274 221 274
443 377 447 378
860 235 864 236
611 320 620 320
33 163 34 167
724 14 728 15
660 213 669 213
426 112 430 113
238 250 242 251
80 318 89 318
262 317 263 321
132 173 141 173
705 203 709 204
241 104 245 105
899 269 903 270
774 225 775 229
416 123 420 124
691 117 692 121
619 80 623 81
535 0 539 1
788 225 789 229
727 281 729 283
143 50 144 54
20 310 21 314
525 160 534 160
79 340 79 349
322 186 326 187
201 383 205 384
475 389 479 390
421 255 425 256
539 76 543 77
605 105 609 105
440 125 444 126
437 29 441 30
630 246 634 247
341 122 345 123
827 249 831 250
412 234 421 234
880 235 889 235
566 177 575 177
109 132 110 136
256 307 260 308
138 220 147 220
467 335 476 335
746 56 747 60
682 387 686 388
168 282 172 283
308 0 312 1
623 232 624 236
487 78 496 78
213 141 217 142
613 321 622 321
106 91 110 92
292 310 292 319
815 312 824 312
905 145 909 146
246 350 247 354
232 18 236 19
124 304 133 304
252 198 261 198
426 167 427 171
701 396 710 396
806 96 810 97
700 294 709 294
378 53 382 54
245 319 247 320
229 349 230 353
386 350 387 354
521 175 525 176
820 23 824 24
144 320 145 324
197 84 201 85
354 296 358 297
17 98 17 107
197 354 201 355
610 358 614 359
612 91 616 92
654 103 655 107
562 365 566 366
774 329 783 329
309 320 318 320
521 265 525 266
9 304 9 313
21 195 21 204
591 370 600 370
140 389 144 390
744 61 748 62
589 373 598 373
83 185 87 186
799 261 800 265
517 212 521 213
898 290 899 294
679 110 683 111
716 37 720 38
194 202 198 203
11 194 14 195
434 315 443 315
555 342 559 343
147 395 151 396
597 65 601 66
149 281 158 281
285 28 289 29
740 23 749 23
845 102 853 102
685 100 686 104
340 281 349 281
568 107 572 108
260 117 261 121
659 236 663 236
166 164 170 165
117 293 121 294
856 182 860 183
330 145 334 146
264 317 268 318
324 179 328 180
288 67 297 67
66 382 75 382
310 317 314 318
27 47 27 56
335 236 344 236
827 359 836 359
519 82 528 82
706 190 715 190
720 305 729 305
842 323 846 324
385 188 394 188
628 53 632 54
196 209 200 210
716 273 725 273
795 392 799 393
87 102 88 105
847 203 856 203
104 44 108 45
277 222 285 222
595 218 604 218
633 192 637 193
722 188 726 189
346 346 350 347
209 208 218 208
457 19 461 20
760 209 764 210
817 265 826 265
691 176 700 176
44 176 53 176
546 359 555 359
262 150 263 154
29 170 38 170
265 144 266 148
666 78 670 79
270 167 279 167
101 307 105 308
716 156 720 157
141 128 142 132
544 22 553 22
265 256 268 257
836 127 840 128
527 94 531 95
758 107 762 108
25 137 26 141
662 201 666 202
848 311 849 315
86 237 86 246
479 207 480 211
99 159 103 160
239 391 248 391
342 6 346 7
561 42 565 43
892 107 896 108
627 161 631 162
364 312 368 313
394 296 403 296
590 228 599 228
158 136 159 140
538 37 547 37
212 314 216 314
418 290 422 291
404 325 406 327
216 318 217 322
838 232 842 233
599 155 608 155
635 71 644 71
37 148 38 152
262 372 271 372
250 286 257 286
189 89 190 93
50 77 50 86
660 35 664 36
33 244 33 253
556 52 565 52
549 20 553 21
169 279 178 279
399 264 408 264
13 56 17 57
190 81 194 82
327 225 336 225
53 237 54 241
887 153 891 154
254 365 258 366
153 245 154 249
852 184 856 185
890 390 894 391
375 109 376 113
387 189 391 190
908 384 912 385
706 40 706 49
711 142 720 142
740 105 744 106
489 331 493 332
190 183 194 184
88 135 88 144
285 369 289 370
534 20 538 21
903 367 906 368
870 89 871 93
409 57 413 58
172 271 181 271
707 226 716 226
190 373 194 374
108 82 112 83
876 209 885 209
350 203 359 203
721 111 730 111
563 221 567 222
451 141 452 145
354 319 358 320
707 391 711 392
745 77 746 81
105 344 111 344
515 325 516 329
764 219 773 219
500 228 504 229
786 218 795 218
816 198 820 199
355 143 359 144
244 309 248 310
799 161 803 162
27 20 27 29
751 128 755 129
103 63 107 64
600 203 604 204
515 107 524 107
412 86 416 87
7 49 11 50
306 60 310 61
740 289 744 290
336 52 345 52
835 263 843 263
315 91 319 92
799 20 803 21
629 243 638 243
68 279 72 280
910 267 914 268
44 162 53 162
6 119 10 120
382 273 383 277
713 356 722 356
680 237 684 238
123 328 124 332
720 8 729 8
155 252 164 252
227 349 228 353
29 344 30 348
391 373 395 374
117 355 118 359
422 385 423 389
393 230 402 230
861 285 865 286
904 180 908 181
903 278 906 279
62 20 63 24
188 28 192 29
104 206 107 207
835 28 844 28
562 212 566 213
245 343 249 344
838 313 839 317
280 113 281 117
449 205 453 206
240 279 241 283
472 170 481 170
151 315 152 319
556 199 560 200
874 200 875 204
148 320 149 324
371 240 380 240
181 112 185 113
462 47 471 47
759 0 768 0
899 79 899 88
724 197 733 197
146 193 155 193
863 10 864 14
69 20 73 21
475 325 476 329
209 217 213 218
667 182 671 183
847 46 856 46
317 217 321 218
789 188 798 188
816 269 821 269
360 366 360 374
31 46 32 50
83 371 92 371
185 362 189 363
523 108 532 108
164 154 168 155
23 359 25 360
501 153 505 154
390 300 394 301
775 47 776 51
759 178 763 179
66 287 70 288
611 273 620 273
533 23 534 27
848 363 857 363
419 194 423 195
672 387 676 388
258 0 262 1
298 54 307 54
542 300 546 301
588 84 592 85
802 164 806 165
733 30 737 31
548 365 552 365
51 108 55 109
120 67 120 76
706 241 710 242
126 386 127 390
360 300 369 300
712 310 716 311
848 265 851 266
846 182 850 183
263 9 267 10
316 120 316 129
285 367 289 368
531 398 540 398
890 195 894 196
528 3 530 4
742 145 746 146
846 127 850 128
321 342 325 343
75 350 79 351
329 8 333 9
882 388 890 388
817 220 818 224
200 186 201 190
364 184 368 185
758 173 762 174
634 30 643 30
705 237 714 237
445 187 446 191
56 108 60 109
486 166 490 167
653 128 654 132
36 297 45 297
665 397 669 398
698 335 702 336
244 397 248 398
815 185 824 185
93 114 97 115
431 398 440 398
479 331 481 333
194 154 198 155
656 355 665 355
99 355 100 359
907 278 908 282
195 86 199 87
766 241 770 242
265 131 269 132
769 10 778 10
319 270 328 270
89 265 93 266
681 147 682 151
757 125 761 126
504 14 513 14
906 112 909 113
823 147 827 148
386 357 390 358
446 365 450 366
237 232 241 233
494 180 503 180
664 322 673 322
524 31 533 31
819 127 820 130
64 173 68 174
105 172 109 173
779 243 780 247
535 245 544 245
677 337 686 337
553 108 562 108
701 332 710 332
51 72 55 73
423 23 432 23
790 29 799 29
720 354 729 354
31 35 31 44
876 373 885 373
456 292 460 293
257 31 266 31
297 19 306 19
847 184 851 185
533 89 542 89
129 179 133 180
686 30 689 31
203 103 212 103
235 312 236 316
497 181 501 182
218 32 222 33
754 292 761 292
92 314 101 314
724 219 733 219
539 10 548 10
391 357 395 358
228 279 229 283
435 167 436 171
877 108 881 109
52 171 53 175
876 372 885 372
400 161 401 165
503 334 512 334
461 121 465 122
912 153 914 155
94 157 94 166
855 77 864 77
19 150 23 151
669 30 673 31
55 127 56 131
565 106 574 106
753 119 757 120
25 343 34 343
829 188 838 188
280 87 284 88
757 211 766 211
313 102 317 103
808 231 815 231
191 106 195 107
866 244 875 244
531 18 540 18
395 281 399 282
788 33 789 37
749 53 753 54
713 173 717 174
534 356 538 357
737 50 746 50
201 394 210 394
424 19 428 20
729 395 738 395
614 136 618 137
172 368 181 368
752 342 756 343
296 342 300 343
288 327 289 331
245 146 249 147
479 76 483 77
688 356 692 357
859 74 863 75
151 161 155 162
421 208 421 217
511 153 515 154
603 321 612 321
281 295 284 296
110 204 114 205
676 273 685 273
673 122 677 123
414 215 414 224
864 374 873 374
869 117 877 117
49 185 53 186
202 35 211 35
254 130 262 130
693 27 702 27
671 251 680 251
367 89 371 90
856 220 860 221
512 136 516 137
75 96 79 97
490 221 492 223
365 91 369 92
267 284 271 285
391 12 400 12
495 183 504 183
217 132 218 136
133 18 137 19
276 288 285 288
196 378 200 379
62 313 66 314
419 210 419 219
303 69 312 69
36 179 40 180
289 134 289 139
271 101 275 102
530 165 534 166
708 49 716 49
655 381 664 381
585 119 589 120
709 309 718 309
817 165 826 165
484 231 488 232
421 50 425 51
805 44 809 45
79 327 83 328
840 396 849 396
32 17 33 20
416 206 425 206
77 294 78 298
261 65 270 65
729 336 730 340
567 209 576 209
20 52 20 61
78 44 79 48
560 161 569 161
433 309 437 310
31 396 35 397
842 353 851 353
350 322 359 322
372 398 381 398
399 80 408 80
356 196 360 197
408 379 417 379
781 187 790 187
780 320 789 320
487 121 491 122
80 319 89 319
303 49 312 49
660 103 661 107
592 212 595 213
15 351 24 351
610 41 611 45
323 255 324 259
547 137 556 137
369 26 378 26
180 364 184 365
50 335 54 336
124 315 128 316
596 328 605 328
890 214 891 218
774 364 783 364
755 235 759 236
231 46 235 47
205 108 214 108
307 396 311 397
783 396 789 396
329 7 338 7
210 194 219 194
220 215 221 219
802 238 806 239
758 119 762 120
327 397 331 398
53 67 54 71
55 132 59 133
487 212 488 216
361 71 365 72
397 35 401 36
151 23 156 23
553 69 562 69
904 9 908 10
186 301 190 302
422 260 425 261
300 28 304 29
824 178 828 179
571 232 572 236
792 67 801 67
368 207 377 207
175 332 176 336
295 230 299 231
286 149 287 153
76 126 77 130
751 317 755 318
392 7 396 8
360 65 364 66
549 10 558 10
489 100 498 100
446 260 450 261
548 44 557 44
345 28 354 28
242 225 251 225
20 191 20 200
389 215 393 216
834 141 835 145
199 89 200 93
687 138 696 138
643 73 647 74
102 342 111 342
793 295 794 299
42 228 46 229
703 88 705 90
823 396 829 396
620 41 621 45
621 396 630 396
432 7 441 7
176 59 180 60
755 131 764 131
229 306 238 306
862 267 871 267
856 144 865 144
540 171 544 172
159 279 168 279
333 280 342 280
46 181 50 182
438 106 439 110
165 70 174 70
395 65 399 66
866 198 870 199
320 190 329 190
741 279 745 280
415 5 424 5
590 96 594 97
364 340 373 340
835 171 839 172
860 103 861 107
87 320 87 329
429 187 430 191
883 157 887 158
391 346 395 347
46 193 47 197
736 143 737 147
444 151 445 155
230 137 234 138
427 234 431 235
747 138 751 138
708 173 712 174
107 233 107 242
306 140 307 144
91 250 100 250
489 212 490 216
149 136 149 145
294 325 298 326
22 260 22 269
430 355 439 355
580 158 584 159
300 373 304 374
828 103 829 107
636 272 645 272
231 164 235 165
783 237 792 237
659 293 668 293
502 303 511 303
355 194 359 195
281 170 285 171
134 253 135 255
383 126 392 126
366 21 375 21
746 286 750 287
224 215 225 219
768 357 772 358
580 154 589 154
401 245 405 246
431 357 435 358
660 231 664 232
232 395 236 396
250 131 254 132
711 1 713 3
605 326 609 327
411 50 415 51
440 155 441 159
727 382 731 382
777 163 786 163
784 302 788 303
675 26 684 26
3 290 3 299
644 293 648 294
746 202 755 202
575 217 579 218
566 378 575 378
31 334 32 338
566 224 567 228
505 23 506 27
20 249 20 258
773 107 774 111
699 20 703 21
525 1 529 2
465 281 469 282
101 108 105 109
77 357 78 361
885 145 894 145
785 305 794 305
660 131 664 132
320 55 323 56
78 271 87 271
708 373 717 373
123 355 124 359
224 55 233 55
122 386 123 390
208 207 217 207
262 266 263 270
20 294 29 294
134 44 138 45
424 26 433 26
124 374 128 375
706 169 715 169
66 339 70 340
211 164 215 165
468 127 472 128
609 378 610 382
203 59 207 60
8 134 8 143
626 348 627 352
624 41 625 45
699 289 707 289
763 96 767 97
98 63 102 64
710 354 719 354
348 101 348 110
186 260 195 260
575 98 584 98
308 102 312 103
721 350 725 351
830 326 834 327
310 194 314 195
613 166 622 166
822 163 826 164
136 193 145 193
65 268 69 269
693 374 702 374
643 84 649 84
189 94 193 95
351 3 355 4
724 53 728 54
587 58 596 58
683 30 685 32
358 277 362 278
477 325 478 329
879 324 883 325
44 270 44 279
801 304 810 304
860 61 864 62
111 46 115 47
508 120 512 121
826 244 830 245
408 219 408 228
46 179 50 180
535 319 535 328
718 103 727 103
48 384 56 384
475 289 479 290
13 159 13 168
682 368 690 368
171 69 179 69
508 269 509 273
740 141 749 141
667 366 671 367
397 247 401 248
555 171 559 172
158 0 162 1
720 56 721 60
414 368 423 368
249 248 253 249
47 122 48 126
823 322 832 322
32 44 41 44
692 42 693 46
629 270 638 270
542 129 544 130
388 287 397 287
477 273 481 274
672 344 681 344
827 274 831 275
600 193 604 194
226 36 230 37
601 156 605 157
388 303 397 303
251 53 260 53
641 88 650 88
637 188 641 189
162 156 166 157
537 379 542 379
687 145 691 146
779 366 783 367
242 224 251 224
880 230 889 230
66 35 70 36
676 330 680 331
807 206 816 206
574 361 583 361
522 25 526 26
345 350 349 351
698 200 707 200
568 188 572 189
657 99 666 99
384 58 393 58
478 338 487 338
169 274 170 278
767 225 771 226
547 371 550 372
595 98 604 98
382 161 383 165
779 2 780 5
98 199 102 200
583 69 592 69
58 142 59 146
709 37 709 46
363 360 367 361
352 333 354 335
292 383 301 383
700 107 709 107
755 347 764 347
404 257 413 257
624 191 631 191
91 39 100 39
525 48 529 49
585 96 589 97
284 366 293 366
268 93 272 94
55 237 56 241
152 284 161 284
701 6 705 7
706 333 715 333
515 272 519 273
475 134 479 135
462 196 466 197
723 282 726 283
634 209 643 209
540 316 540 325
520 178 529 178
859 23 860 27
363 276 367 277
99 44 103 45
522 33 531 33
402 29 406 30
605 398 614 398
433 39 437 40
618 112 622 113
618 348 619 352
87 389 88 393
799 328 803 329
49 294 58 294
20 201 20 210
558 188 562 189
30 304 30 312
776 225 777 229
672 188 676 189
181 164 185 165
675 295 684 295
296 269 305 269
767 312 771 313
261 36 265 37
297 89 301 90
25 157 28 158
72 102 76 103
469 319 478 319
312 89 316 90
733 12 734 15
805 185 814 185
485 305 489 306
889 213 897 213
589 91 590 95
281 312 285 313
747 218 756 218
92 354 101 354
515 305 519 306
615 183 619 184
360 255 361 259
850 311 851 315
732 382 740 382
188 40 192 41
223 75 229 75
227 63 231 64
224 365 228 366
440 222 444 223
676 333 685 333
45 337 48 338
406 52 415 52
797 267 801 268
475 119 479 120
162 340 171 340
31 66 40 66
35 244 35 253
375 396 379 397
812 72 813 76
504 286 513 286
619 270 628 270
411 298 416 298
151 136 151 145
10 337 14 338
795 261 796 265
635 297 636 301
202 330 206 331
744 191 748 192
583 374 592 374
832 206 833 210
104 312 113 312
910 145 913 146
389 167 393 168
864 135 873 135
384 131 388 132
346 121 347 125
884 70 890 70
153 194 154 198
546 117 555 117
665 255 669 256
911 316 913 318
838 311 842 312
874 382 878 383
808 103 809 107
374 235 375 239
64 67 64 76
885 89 889 90
797 261 798 265
302 395 311 395
638 304 642 305
580 161 589 161
205 238 206 242
264 138 268 139
407 258 411 259
178 282 182 283
87 213 96 213
424 57 428 58
736 69 740 70
248 84 249 88
656 175 665 175
841 307 845 308
236 359 245 359
222 196 226 197
792 239 801 239
250 30 259 30
823 318 832 318
300 200 304 201
249 139 253 140
480 233 488 233
849 224 858 224
7 286 16 286
906 380 914 380
900 378 904 379
863 63 872 63
294 248 298 249
495 83 499 84
433 18 434 22
258 73 262 74
688 252 692 253
51 179 55 180
275 307 276 311
562 65 566 66
708 37 708 46
736 286 740 287
101 256 102 260
567 212 571 213
151 256 152 260
472 376 481 376
236 106 240 107
756 286 760 287
611 130 615 131
92 179 93 183
149 206 152 207
138 104 142 105
707 310 711 311
897 132 901 133
209 248 213 249
543 94 544 98
491 245 495 246
66 108 70 109
698 304 702 305
250 279 254 280
508 234 512 235
143 128 144 132
92 112 96 113
442 157 446 158
567 91 568 95
391 384 400 384
70 293 79 293
799 180 803 181
336 3 340 4
135 247 136 251
307 335 316 335
132 388 141 388
460 184 469 184
910 296 911 297
243 272 247 273
732 38 736 38
890 95 891 99
176 202 180 203
91 380 92 384
250 343 254 344
10 274 19 274
563 363 567 364
692 58 693 62
300 125 301 129
269 397 273 398
424 230 428 231
105 365 114 365
491 398 500 398
812 274 816 275
728 109 732 110
471 286 478 286
886 345 890 346
630 358 634 359
393 243 397 244
139 153 139 162
529 356 533 357
100 303 109 303
664 95 668 96
302 383 311 383
283 33 287 34
740 33 741 37
643 369 652 369
519 20 523 21
879 382 883 383
99 256 100 260
730 294 739 294
738 75 747 75
510 269 514 270
54 15 55 19
764 348 768 349
483 220 487 221
6 118 15 118
385 341 389 342
393 23 397 24
687 35 691 35
570 336 574 337
437 148 440 149
248 279 249 282
251 307 255 308
1 10 1 19
243 316 252 316
144 202 148 203
67 104 76 104
676 13 685 13
183 132 184 136
262 190 271 190
575 96 579 97
393 130 393 139
222 390 226 391
322 335 331 335
791 372 795 373
187 285 196 285
463 392 467 393
471 258 475 259
760 141 769 141
51 205 55 206
728 56 729 60
836 373 845 373
755 212 764 212
387 78 391 79
308 226 309 230
126 372 130 373
421 112 425 113
215 159 216 163
185 274 186 278
692 227 696 228
777 201 781 202
603 68 607 69
260 322 269 322
292 395 296 396
520 204 524 205
309 259 313 260
636 57 645 57
901 332 910 332
418 210 418 219
269 159 273 160
790 81 799 81
42 289 43 293
537 35 546 35
379 262 383 263
741 350 745 351
657 61 661 62
725 116 725 125
617 279 621 280
261 164 265 165
716 271 720 272
467 14 468 18
250 369 254 370
733 208 734 212
19 116 19 125
498 234 502 235
692 116 701 116
805 261 806 265
408 104 412 105
133 98 137 99
15 103 15 112
221 301 225 302
273 94 277 95
785 266 794 266
651 360 657 360
78 270 87 270
786 127 788 129
210 137 214 138
523 325 524 329
593 365 602 365
91 309 95 310
82 170 84 172
129 10 133 11
819 180 823 181
818 78 819 82
138 86 139 90
260 167 269 167
159 274 160 278
200 81 204 82
197 44 201 45
720 39 721 43
595 116 604 116
904 250 908 251
814 270 818 271
735 393 739 394
742 125 746 126
161 191 165 192
215 214 224 214
531 99 540 99
96 36 105 36
37 112 41 113
714 158 723 158
905 101 909 101
702 302 711 302
626 204 630 205
107 328 111 329
552 63 561 63
329 117 330 121
482 331 483 332
441 175 445 176
228 114 232 115
128 232 132 233
659 309 668 309
882 279 886 280
330 188 334 189
317 220 326 220
440 203 444 204
210 5 214 6
344 84 345 88
498 55 499 59
689 28 693 29
368 116 369 120
841 129 845 130
793 146 797 147
264 75 273 75
595 71 604 71
557 224 561 225
183 222 184 226
161 398 170 398
584 329 593 329
506 123 515 123
838 35 842 36
102 346 106 347
515 134 516 135
720 191 724 192
842 288 846 289
502 209 503 213
483 225 484 229
742 10 750 10
413 377 417 378
717 184 726 184
842 125 846 126
404 175 413 175
344 206 351 206
895 357 899 358
73 30 82 30
844 225 845 229
83 67 87 68
350 350 354 351
683 335 687 336
258 82 262 83
268 243 269 247
2 124 2 133
365 396 369 397
85 320 85 329
622 141 631 141
566 376 575 376
568 318 572 319
269 133 270 137
650 354 659 354
703 122 704 126
604 212 608 213
718 238 722 239
327 104 327 113
300 130 309 130
616 87 625 87
404 306 413 306
766 317 770 318
471 200 472 204
26 233 35 233
83 10 84 14
127 24 136 24
243 242 244 246
64 160 65 164
25 61 25 70
747 143 751 144
8 386 8 395
267 193 268 197
370 396 374 397
763 322 772 322
481 116 485 117
760 30 767 30
435 134 439 135
682 114 686 115
522 268 523 272
854 382 858 383
606 220 607 224
372 143 373 145
370 281 379 281
413 341 417 342
127 162 128 166
804 161 808 162
75 241 79 242
595 232 596 236
30 15 34 16
647 61 651 62
257 337 258 341
678 73 682 74
60 344 61 348
664 361 673 361
905 391 909 392
874 74 878 75
658 304 662 305
397 29 401 30
61 101 62 105
194 168 198 169
805 266 814 266
693 356 697 357
908 344 914 344
836 141 837 145
498 239 507 239
815 143 819 144
712 233 716 234
623 198 627 199
428 295 437 295
593 226 597 227
623 237 632 237
390 48 399 48
573 380 582 380
229 356 233 356
36 209 43 209
468 392 472 393
738 110 747 110
820 236 824 237
474 193 478 194
399 349 408 349
445 1 449 2
130 389 134 390
781 351 790 351
221 51 225 52
239 109 248 109
186 209 190 210
665 185 674 185
348 157 357 157
417 91 421 92
10 97 10 106
56 139 60 140
892 227 900 227
44 119 53 119
563 380 572 380
93 194 94 198
78 330 78 339
293 323 297 324
93 72 97 73
257 309 261 310
770 76 779 76
267 390 276 390
262 161 266 162
68 300 72 301
190 390 198 390
690 76 699 76
329 338 333 339
280 81 289 81
221 101 225 102
190 397 196 397
536 13 545 13
190 8 199 8
437 85 441 86
387 249 390 250
548 53 552 54
204 202 208 203
524 267 525 271
385 300 389 301
623 238 632 238
108 204 109 207
341 53 350 53
748 217 757 217
870 44 879 44
794 379 798 380
688 75 697 75
598 358 604 358
764 197 773 197
907 354 912 354
432 273 436 274
552 279 556 280
605 144 609 145
175 321 179 322
794 386 803 386
787 241 788 245
751 69 752 70
380 25 389 25
7 0 8 4
256 288 265 288
193 349 194 353
777 59 781 60
180 22 189 22
884 303 888 304
53 103 54 107
163 145 170 145
635 211 639 212
492 333 499 333
259 138 263 139
349 264 358 264
614 394 620 394
514 31 523 31
671 204 672 208
2 209 2 218
626 41 627 45
430 389 439 389
892 351 896 351
448 392 452 393
50 142 51 146
787 201 788 205
159 163 160 167
678 42 682 43
227 337 236 337
234 215 235 219
14 159 18 160
373 13 377 14
473 187 474 191
748 56 749 60
657 347 666 347
557 214 566 214
500 336 500 345
40 337 44 338
452 179 461 179
688 259 696 259
599 20 603 21
59 320 63 321
337 395 341 396
485 200 486 204
798 335 807 335
822 292 831 292
561 270 565 271
171 191 175 192
856 231 865 231
871 345 880 345
632 387 636 388
26 372 35 372
172 287 181 287
627 99 636 99
181 211 185 212
726 56 727 60
44 168 48 169
572 389 576 390
344 222 353 222
374 167 378 168
565 308 565 317
894 382 898 383
758 356 762 357
320 119 320 128
864 90 865 94
775 123 779 124
849 270 858 270
485 281 489 282
414 230 418 231
303 155 307 156
393 198 397 199
3 194 3 203
896 203 900 204
876 198 877 202
77 221 77 230
783 341 792 341
770 89 774 90
889 4 890 8
823 357 832 357
673 37 677 38
622 239 626 240
106 202 110 203
74 173 78 174
12 49 16 50
98 288 99 292
503 3 507 4
664 135 668 136
659 234 663 235
49 337 53 338
736 86 745 86
585 116 594 116
179 144 188 144
536 234 545 234
69 215 73 216
778 30 782 31
462 186 471 186
255 256 259 257
34 183 38 184
553 365 557 366
692 196 701 196
745 310 749 311
503 72 507 73
565 255 569 256
48 120 57 120
103 114 107 115
566 239 568 241
651 394 655 395
902 339 906 340
496 133 505 133
34 104 34 113
827 336 831 337
157 50 158 54
22 293 31 293
678 37 682 38
177 354 181 355
860 256 864 257
716 348 720 349
719 170 728 170
690 23 694 24
57 380 61 381
108 4 108 13
565 96 569 97
474 173 482 173
255 309 256 313
117 230 119 232
61 57 62 61
501 245 502 249
888 271 892 272
897 369 901 370
506 15 515 15
366 170 370 171
28 161 28 170
236 68 245 68
324 297 330 297
530 48 534 49
293 250 294 254
94 219 94 228
258 67 267 67
910 92 914 93
331 3 335 4
349 76 353 77
506 162 510 163
51 128 52 132
482 114 486 115
244 156 245 160
353 135 357 136
280 317 284 318
883 398 892 398
74 225 74 234
211 150 215 151
177 50 178 54
907 3 908 7
713 26 717 27
86 126 87 130
646 345 650 346
133 104 137 105
297 139 306 139
550 161 559 161
366 253 367 257
207 238 208 242
87 378 88 382
791 168 800 168
62 344 63 348
749 293 758 293
407 390 416 390
369 380 373 381
416 121 420 122
36 67 37 71
728 128 737 128
508 108 512 109
231 357 235 358
757 354 766 354
291 362 295 363
391 310 392 314
612 279 616 280
395 382 404 382
772 225 773 229
260 256 264 257
291 338 293 340
501 118 502 121
439 250 440 254
806 33 807 37
631 308 640 308
905 124 909 125
767 354 776 354
481 260 485 261
813 13 817 14
794 82 795 86
852 251 856 251
462 283 466 284
242 279 243 283
435 278 439 279
782 116 791 116
250 123 259 123
293 84 302 84
710 80 714 81
409 383 418 383
696 156 700 157
795 44 799 44
896 144 905 144
535 313 544 313
628 318 632 319
556 334 565 334
72 152 73 156
330 194 334 195
511 292 515 293
867 350 871 351
343 32 347 33
831 166 840 166
330 109 331 113
501 398 510 398
267 89 271 90
446 299 455 299
85 256 86 260
154 250 158 251
602 343 611 343
651 186 655 187
313 336 317 337
545 106 549 107
206 206 214 206
764 359 765 363
489 98 493 99
790 375 794 376
310 212 314 213
512 79 521 79
496 15 505 15
820 171 824 172
221 333 225 334
517 35 526 35
825 176 829 177
380 128 389 128
593 84 597 85
277 232 281 233
732 274 736 275
286 327 287 331
81 158 85 159
818 60 822 61
853 155 862 155
701 18 705 19
816 182 820 183
30 17 31 21
791 244 795 245
345 203 349 204
399 139 408 139
114 28 118 29
870 352 879 352
449 146 453 147
851 209 855 210
37 231 37 240
269 118 273 119
558 215 567 215
696 394 700 395
375 384 384 384
785 347 794 347
636 55 640 56
913 22 914 26
804 338 811 338
866 94 875 94
347 284 351 285
492 24 493 28
904 287 908 288
29 321 38 321
112 340 121 340
887 207 891 208
876 204 885 204
618 357 627 357
293 310 293 319
210 263 214 264
21 205 22 208
513 11 515 13
885 389 894 389
37 97 37 106
723 342 731 342
163 256 164 260
411 189 412 193
113 114 114 117
733 79 737 80
132 170 141 170
842 13 846 14
856 307 860 308
492 119 496 120
836 372 845 372
63 231 63 240
124 10 128 11
56 307 60 308
388 151 392 152
365 241 374 241
233 70 235 72
216 359 225 359
391 289 400 289
441 162 445 163
352 226 361 226
383 74 392 74
390 148 399 148
687 328 691 329
201 121 205 122
212 109 213 113
94 202 98 203
171 127 172 131
326 345 327 349
871 23 872 27
37 163 38 167
249 340 251 341
398 265 402 266
276 335 285 335
517 134 519 136
388 198 392 199
591 376 595 377
34 216 38 217
850 305 854 306
165 344 169 345
377 6 386 6
457 383 458 387
332 17 336 18
187 89 188 93
524 155 528 156
444 315 453 315
20 162 20 171
616 377 616 384
324 371 325 375
477 114 481 115
509 60 518 60
542 182 548 182
604 394 613 394
672 241 676 242
22 82 23 86
3 300 4 304
576 124 580 125
60 246 61 250
145 326 146 329
340 227 344 228
117 222 121 223
703 304 706 305
696 306 700 307
740 248 744 248
76 0 76 9
38 311 42 312
274 305 283 305
842 276 846 277
116 369 120 370
280 230 284 231
665 149 666 153
286 198 295 198
723 344 727 345
247 63 251 64
795 357 799 358
497 85 501 86
441 292 445 293
300 13 308 13
762 49 766 50
675 185 684 185
463 383 464 387
382 43 391 43
662 389 671 389
781 83 785 84
57 35 58 39
565 39 574 39
491 93 500 93
680 68 686 68
604 109 608 110
836 97 840 98
549 304 558 304
479 269 483 270
112 86 113 90
0 234 0 243
53 128 54 132
308 155 312 156
554 31 563 31
29 362 29 371
369 184 373 185
258 317 259 321
14 388 18 389
885 3 894 3
827 377 828 381
548 379 552 380
883 355 887 356
618 22 622 23
592 215 596 216
160 346 169 346
278 76 287 76
211 398 218 398
40 0 40 9
523 389 524 393
339 80 348 80
781 296 782 300
439 319 448 319
238 32 242 33
437 132 446 132
517 23 521 24
591 18 595 19
209 360 210 364
73 294 74 298
326 342 330 343
64 342 65 346
248 156 249 160
671 356 677 356
664 323 673 323
220 109 221 113
597 279 601 280
237 323 241 324
678 363 682 364
218 54 227 54
559 11 563 12
386 21 395 21
500 129 504 130
202 195 206 196
633 173 637 174
905 175 909 176
51 139 55 140
904 275 908 276
587 215 591 216
149 226 152 227
844 4 848 5
814 72 815 76
538 230 542 231
693 40 702 40
433 141 434 145
787 300 796 300
575 25 579 26
681 181 690 181
225 262 234 262
494 60 503 60
624 208 628 208
200 316 209 316
457 388 466 388
840 144 844 145
342 343 343 347
426 67 434 67
641 297 642 301
299 365 303 366
742 194 746 195
705 255 709 256
700 326 704 327
503 23 504 27
866 231 875 231
330 44 334 45
503 45 507 46
653 253 657 254
806 103 807 107
730 30 732 32
644 80 647 81
217 222 221 223
667 190 676 190
443 69 447 70
795 289 799 290
889 136 890 140
50 293 59 293
892 336 896 337
209 238 210 242
84 22 93 22
624 179 628 180
303 40 307 41
607 188 611 189
676 169 685 169
571 199 575 200
288 208 290 209
510 383 514 384
880 326 884 327
52 312 53 316
502 396 506 397
774 189 783 189
518 215 527 215
605 171 609 172
471 112 475 113
28 0 28 9
838 141 839 145
181 96 185 97
126 277 126 286
179 114 183 115
583 318 587 319
192 156 196 157
384 333 388 334
362 253 363 257
424 146 428 147
136 379 145 379
780 283 789 283
504 362 509 362
789 46 790 50
795 152 799 153
591 378 595 379
582 152 586 153
256 317 257 321
315 188 319 188
908 267 909 271
683 284 692 284
911 29 911 33
736 156 740 157
2 134 3 138
762 324 771 324
230 127 239 127
766 355 775 355
458 338 467 338
556 124 560 125
398 176 407 176
381 92 385 93
577 317 586 317
290 66 299 66
817 249 821 250
745 339 749 340
442 152 443 156
42 158 44 160
277 25 281 26
183 238 184 242
711 98 712 102
445 202 449 203
683 275 687 276
736 40 740 41
886 144 895 144
183 104 184 108
6 186 6 195
215 183 219 184
715 193 724 193
596 376 600 377
520 48 524 49
410 249 419 249
181 357 185 357
128 42 132 43
795 381 799 382
458 257 467 257
731 77 732 81
175 330 179 331
783 344 792 344
783 255 787 256
855 235 859 236
208 0 212 1
298 34 307 34
605 358 609 359
291 310 291 319
350 201 351 202
327 344 331 344
250 317 251 321
690 141 699 141
505 137 511 137
381 83 385 84
878 147 882 148
107 4 107 13
596 156 600 157
535 383 544 383
34 390 43 390
671 170 680 170
463 289 467 290
279 260 283 261
190 50 199 50
520 171 524 172
358 60 362 61
245 214 254 214
510 138 516 138
88 395 97 395
763 216 767 217
518 388 527 388
703 335 707 336
863 8 872 8
149 380 153 381
816 8 825 8
371 331 375 332
791 42 795 43
309 325 313 326
231 132 232 136
388 350 389 354
726 269 735 269
124 12 132 12
187 326 191 327
405 212 409 213
587 382 588 386
475 33 484 33
744 197 753 197
833 158 837 159
769 61 778 61
170 137 174 138
534 29 538 30
91 369 95 370
369 131 373 132
896 246 905 246
485 386 489 387
249 365 253 366
716 393 718 395
374 27 383 27
569 59 573 60
538 188 542 189
518 34 527 34
881 307 885 308
208 109 209 113
80 132 84 133
275 91 279 92
649 100 653 101
421 218 425 219
29 47 29 56
184 219 193 219
104 147 105 151
857 325 866 325
660 397 664 398
167 238 168 242
891 244 895 245
36 246 36 255
273 113 277 114
516 80 520 81
683 98 692 98
810 209 814 210
692 109 701 109
232 338 236 339
614 208 623 208
856 271 857 274
453 243 457 244
686 177 695 177
185 108 194 108
483 239 487 240
747 150 751 151
658 122 662 123
773 47 774 51
394 175 403 175
676 271 685 271
309 38 313 39
31 315 35 316
65 335 69 336
453 220 457 221
805 91 809 92
41 233 41 242
559 289 563 290
831 117 840 117
94 349 95 353
694 334 703 334
265 133 266 137
547 6 551 7
825 63 826 66
386 317 390 318
606 80 609 81
680 258 681 262
15 147 16 151
710 83 714 84
795 355 799 356
659 14 663 15
776 33 777 37
173 332 174 336
539 3 543 4
659 218 668 218
268 265 272 266
404 157 405 159
617 347 626 347
117 386 121 387
633 279 642 279
366 166 374 166
289 179 293 180
262 8 271 8
831 338 840 338
346 158 350 159
547 243 548 247
884 387 893 387
65 178 74 178
275 238 276 242
155 274 156 278
444 156 453 156
477 346 478 350
402 292 405 293
512 144 521 144
764 143 765 147
841 168 849 168
364 113 373 113
754 149 763 149
698 229 702 230
353 360 357 361
723 16 727 17
771 279 775 280
162 44 166 45
566 169 575 169
870 175 874 176
669 20 673 21
851 307 855 308
897 136 898 140
216 235 225 235
30 332 34 333
576 378 580 379
325 173 326 177
741 127 745 128
787 370 796 370
680 255 689 255
378 13 382 14
537 184 541 185
706 175 715 175
414 21 418 22
576 18 580 19
83 114 87 115
524 76 528 77
63 57 64 61
882 198 883 202
128 250 132 251
298 82 302 83
21 239 21 248
456 147 460 148
288 207 297 207
89 285 93 286
306 152 310 153
192 391 198 391
6 0 6 9
509 325 510 329
679 270 688 270
404 332 408 333
186 378 190 379
278 243 279 246
623 282 627 283
559 162 560 166
88 16 89 20
59 213 63 214
416 346 420 347
765 193 774 193
233 192 242 192
270 66 279 66
555 311 555 320
10 365 10 374
20 113 20 122
697 68 706 68
420 336 421 340
888 318 897 318
238 156 239 160
521 398 530 398
321 59 330 59
605 71 614 71
478 241 487 241
0 270 0 279
173 89 174 93
120 77 124 78
407 219 407 228
252 161 261 161
93 288 97 288
74 218 78 219
521 308 522 311
227 388 228 391
88 364 97 364
766 156 775 156
377 7 386 7
758 27 759 30
696 286 700 287
461 123 465 124
300 81 309 81
235 83 242 83
453 141 454 145
569 371 572 372
846 204 847 208
234 124 238 125
346 331 355 331
419 86 420 90
895 101 904 101
293 0 297 1
510 158 514 159
687 337 696 337
414 3 418 4
347 329 351 330
486 265 490 266
760 394 769 394
539 235 543 236
655 250 664 250
524 139 528 140
216 116 220 116
876 285 880 286
775 139 779 140
374 262 378 263
71 225 71 234
35 280 36 284
644 352 653 352
91 372 95 373
654 110 663 110
89 104 93 105
654 179 658 180
535 297 544 297
393 265 397 266
643 173 652 173
436 292 440 293
562 131 571 131
155 358 164 358
321 221 325 222
686 78 690 79
229 390 236 390
280 262 284 263
318 278 319 280
185 364 189 365
196 164 200 165
225 309 228 310
344 316 348 316
852 249 856 250
725 320 729 321
909 260 913 261
284 121 293 121
793 154 797 155
122 294 129 294
103 42 107 43
377 63 381 64
452 166 453 170
6 112 7 116
588 0 597 0
775 266 784 266
16 244 16 253
295 238 304 238
178 0 182 1
501 366 510 366
111 10 113 11
814 242 823 242
718 317 727 317
188 71 197 71
130 230 134 231
396 245 400 246
252 243 253 247
94 21 98 22
572 279 576 280
887 359 896 359
747 130 756 130
890 100 899 100
15 66 15 75
875 320 879 321
371 86 375 87
309 22 318 22
576 210 585 210
824 161 828 162
2 275 2 284
160 286 169 286
178 297 182 298
651 276 660 276
333 0 337 1
1 234 1 243
717 342 721 343
346 215 347 219
208 2 212 3
144 335 148 336
186 96 190 97
535 255 544 255
64 165 68 166
29 339 38 339
78 203 78 212
691 368 700 368
738 154 742 155
20 341 21 345
571 99 580 99
789 241 790 245
74 16 75 20
682 389 691 389
545 104 549 105
667 149 668 153
99 149 103 150
322 395 326 396
820 145 824 146
183 366 187 367
282 46 286 47
362 376 371 376
805 320 809 321
213 114 217 115
863 232 867 233
615 25 619 26
357 117 361 118
196 318 197 322
647 184 656 184
329 391 338 391
36 317 40 318
224 36 225 37
532 63 541 63
246 156 247 160
885 136 886 140
610 353 614 353
259 255 268 255
28 171 29 175
51 295 51 304
785 392 789 393
834 6 838 7
606 355 610 356
632 229 636 230
179 250 183 251
501 81 505 82
468 110 472 110
390 155 394 156
880 258 884 259
30 220 39 220
827 342 836 342
379 80 388 80
616 169 625 169
81 10 82 14
488 287 497 287
571 72 575 73
153 166 154 169
434 42 440 42
420 185 426 185
668 357 677 357
246 164 250 165
234 327 238 328
148 337 152 338
196 211 200 212
489 206 490 210
262 324 271 324
312 140 313 144
93 289 97 290
270 91 274 92
106 385 107 389
846 313 847 317
601 395 605 396
406 191 410 192
796 387 798 389
362 94 362 103
592 239 596 240
874 6 878 7
143 146 143 155
682 343 686 344
26 61 26 70
404 188 413 188
832 82 841 82
591 72 600 72
396 157 400 158
133 20 136 21
127 274 131 275
632 328 636 329
657 337 666 337
77 324 78 328
533 123 542 123
853 371 862 371
230 237 237 237
212 232 216 233
568 237 572 238
594 329 603 329
240 194 248 194
303 110 303 119
912 54 913 57
176 211 180 212
909 170 913 171
28 354 29 358
269 120 273 121
590 217 594 218
141 209 145 210
316 356 320 357
522 396 526 397
694 222 703 222
189 293 193 294
101 377 104 378
185 374 189 375
365 46 374 46
284 345 285 349
845 100 849 101
653 365 658 365
769 270 773 271
436 346 440 347
632 242 641 242
339 237 340 241
763 220 764 224
568 40 577 40
163 223 164 227
878 98 879 102
451 153 455 154
780 141 789 141
712 268 721 268
628 363 632 364
210 243 211 247
750 392 754 393
601 370 610 370
600 90 609 90
866 0 870 1
813 26 819 26
378 60 381 61
400 128 400 137
118 61 127 61
159 292 160 296
145 127 149 128
757 49 761 50
282 44 286 45
749 2 753 3
428 265 432 266
677 387 681 388
220 256 224 257
572 246 576 247
602 293 611 293
191 111 195 112
848 69 849 73
633 73 637 74
627 239 631 240
897 128 901 129
705 50 706 54
334 321 343 321
29 295 29 304
845 190 849 191
564 4 568 4
384 124 386 125
866 118 867 122
661 40 665 41
870 320 874 321
805 225 805 232
131 100 135 101
670 114 678 114
30 367 31 371
862 291 866 292
526 373 530 374
435 82 436 86
681 157 682 161
495 349 504 349
553 277 557 278
849 253 858 253
344 25 348 26
184 43 193 43
672 324 676 325
405 355 409 356
256 36 260 37
630 158 634 159
546 230 547 234
495 291 504 291
421 170 425 171
694 153 703 153
304 43 311 43
242 324 251 324
881 276 888 276
564 36 573 36
839 329 848 329
476 112 480 113
74 12 78 13
678 164 682 165
295 345 299 346
625 50 629 51
436 260 440 261
348 243 349 247
216 109 217 113
731 286 735 287
618 74 619 78
97 253 101 254
792 165 801 165
595 104 599 105
562 258 566 259
858 147 862 148
398 290 402 291
392 308 396 309
732 71 736 71
407 307 408 311
392 130 392 139
600 185 609 185
311 203 315 204
149 256 150 260
72 89 76 90
520 134 524 135
217 31 226 31
747 300 756 300
827 331 836 331
600 167 604 168
603 173 607 174
450 1 454 2
298 121 298 130
615 199 616 203
356 21 365 21
572 265 573 269
44 10 45 14
638 237 642 238
41 121 50 121
503 110 512 110
630 50 639 50
57 25 61 26
712 227 716 228
52 0 52 9
556 186 565 186
501 360 510 360
206 68 215 68
733 244 737 245
583 344 592 344
290 331 295 331
69 22 73 23
136 253 138 254
685 80 689 81
203 141 212 141
342 308 346 309
525 171 529 172
419 269 423 270
456 133 465 133
252 213 261 213
768 107 772 108
674 28 678 29
317 17 321 18
289 30 298 30
484 262 485 266
290 200 294 201
20 325 21 329
771 133 775 134
892 353 901 353
611 370 616 370
431 59 439 59
105 167 106 171
483 103 492 103
728 322 732 323
482 262 483 266
192 35 201 35
752 238 756 239
301 203 305 204
130 238 131 241
796 9 805 9
281 209 285 210
702 360 711 360
196 260 205 260
295 250 296 254
910 247 913 248
284 99 288 100
805 326 809 327
230 91 234 92
839 328 848 328
275 252 284 252
233 84 237 85
444 146 448 147
763 278 772 278
66 204 67 208
829 44 838 44
342 397 346 398
129 159 130 163
746 279 750 280
658 42 662 43
109 291 113 292
872 343 878 343
563 265 567 266
434 41 443 41
276 268 280 269
784 315 785 319
471 255 475 255
550 281 559 281
395 268 404 268
4 124 4 133
463 214 472 214
203 57 207 58
347 31 356 31
95 204 99 205
61 382 65 383
201 334 205 335
420 165 429 165
853 16 857 16
84 265 88 266
447 101 456 101
652 65 656 66
31 273 31 282
386 208 390 209
126 392 130 393
465 1 469 2
766 333 775 333
823 13 831 13
886 244 890 245
668 248 676 248
742 315 743 319
567 196 571 197
607 198 616 198
420 183 424 184
666 57 675 57
891 307 895 308
210 237 219 237
98 293 102 294
683 322 692 322
384 296 388 297
499 232 503 233
103 343 112 343
45 268 45 277
647 229 651 230
181 20 185 21
131 206 135 207
610 348 611 352
175 252 184 252
590 281 599 281
260 150 261 154
693 338 696 339
735 220 736 224
892 104 896 105
56 10 57 14
741 56 745 57
458 271 462 272
129 323 133 324
737 104 746 104
2 265 3 269
293 184 297 185
343 255 344 259
511 200 515 201
734 254 743 254
628 82 632 83
527 6 531 7
191 175 194 175
811 205 820 205
134 219 143 219
440 355 444 356
277 238 278 242
589 382 590 386
358 273 362 274
428 167 429 171
326 68 335 68
615 232 616 236
110 386 111 389
128 67 129 71
636 215 637 219
601 186 605 187
713 164 717 165
75 132 79 133
687 233 691 234
307 186 311 187
225 48 229 49
255 124 259 125
2 20 2 29
607 191 611 192
899 395 904 395
834 116 843 116
506 153 510 154
90 110 94 111
353 243 353 252
864 19 868 20
77 378 81 379
541 138 542 142
898 35 902 36
253 316 262 316
269 259 273 260
1 97 5 98
28 47 28 56
299 325 308 325
139 63 139 72
108 238 109 242
375 212 379 213
558 308 562 309
386 201 390 202
487 316 496 316
735 44 744 44
692 34 696 35
898 224 907 224
218 253 219 257
197 397 206 397
642 41 643 45
419 10 428 10
416 50 420 51
456 62 460 63
826 388 830 389
889 268 893 269
84 136 84 145
736 42 740 43
343 138 352 138
637 239 641 240
176 4 185 4
601 42 602 46
796 137 800 138
776 6 780 7
414 367 423 367
334 340 343 340
178 299 187 299
377 35 381 36
330 143 334 144
448 377 452 378
399 38 403 39
317 89 321 90
510 202 514 203
220 309 224 310
93 65 102 65
300 367 304 368
655 326 659 327
433 250 434 254
685 235 689 236
377 57 381 58
335 351 344 351
611 355 615 356
815 347 824 347
621 85 630 85
422 258 426 259
30 171 31 175
227 128 231 129
517 25 521 26
172 349 176 350
835 139 839 140
389 380 393 381
159 55 168 55
526 80 530 81
484 98 488 99
899 30 900 34
364 112 373 112
310 140 311 144
57 331 61 331
98 158 107 158
250 147 254 148
406 170 410 171
417 141 418 145
412 350 421 350
273 254 274 258
520 167 529 167
552 295 556 296
820 394 827 394
175 199 179 200
780 365 789 365
0 10 0 19
86 387 90 388
22 47 26 48
425 250 426 254
559 155 563 156
84 21 93 21
309 263 318 263
30 294 30 303
707 162 711 163
154 279 158 280
678 335 682 336
513 257 522 257
322 47 331 47
410 394 414 395
913 17 914 20
471 398 480 398
1 305 2 309
438 103 442 104
879 375 888 375
468 104 469 107
773 155 782 155
14 222 18 223
293 286 297 287
208 40 212 41
676 69 678 70
707 182 711 183
599 243 608 243
812 67 821 67
671 55 675 56
124 227 128 228
521 360 530 360
678 338 682 339
64 231 64 240
172 270 178 270
765 220 766 224
754 158 763 158
53 371 62 371
820 386 824 387
559 5 568 5
319 257 320 261
358 93 367 93
410 125 414 125
138 273 147 273
904 89 905 93
50 274 52 276
852 265 853 267
36 308 40 309
134 216 138 217
690 58 691 62
298 40 302 41
715 167 724 167
377 163 381 164
682 382 691 382
339 391 348 391
616 85 620 86
226 359 235 359
540 48 544 49
92 394 101 394
721 377 723 379
27 326 31 327
135 13 136 17
559 29 563 30
723 12 727 13
756 69 760 69
232 190 241 190
336 68 345 68
187 222 188 226
399 167 408 167
292 372 301 372
672 313 681 313
851 13 852 17
466 112 470 113
412 229 413 233
80 163 84 164
843 112 847 113
392 385 394 386
305 110 305 119
698 37 702 38
521 168 529 168
254 38 258 39
812 338 813 339
739 314 748 314
553 70 562 70
354 321 363 321
528 320 528 329
707 50 708 54
556 55 560 56
248 23 252 24
362 63 366 64
904 387 909 387
566 308 566 317
550 167 554 168
191 209 195 210
431 225 435 226
556 42 560 43
189 349 190 353
27 344 28 348
839 131 843 132
7 94 11 95
49 22 53 23
568 190 572 191
788 75 797 75
628 231 636 231
41 181 45 182
199 390 201 392
522 23 526 24
811 122 815 123
261 133 262 137
572 131 581 131
110 189 114 190
864 250 873 250
787 340 796 340
569 63 573 64
512 184 516 185
443 325 447 326
655 131 659 132
138 49 147 49
390 131 390 140
399 10 408 10
608 41 609 45
790 289 794 290
99 265 103 266
708 283 712 284
189 304 193 305
327 114 327 123
531 19 540 19
451 187 452 191
308 231 317 231
853 35 857 36
516 236 525 236
648 371 657 371
364 134 368 135
308 147 309 151
873 165 882 165
70 132 74 133
234 312 234 320
539 341 548 341
4 255 4 264
124 289 128 290
651 272 655 273
502 179 511 179
772 39 781 39
286 288 295 288
595 91 596 95
108 209 108 218
302 110 302 119
14 365 14 374
751 384 755 385
544 235 548 236
113 277 113 286
577 219 586 219
714 386 718 387
682 145 686 146
385 44 389 45
516 263 520 264
200 262 204 263
353 199 356 200
188 109 192 110
451 200 460 200
441 357 445 358
803 173 807 174
570 375 577 375
307 139 316 139
868 102 869 106
235 292 239 293
511 19 520 19
517 179 521 180
769 180 773 181
800 28 804 29
522 37 523 39
851 2 855 3
354 142 363 142
80 261 84 262
76 167 80 168
580 134 580 143
231 333 235 334
416 200 420 201
74 41 74 50
267 17 271 18
661 394 665 395
673 257 682 257
289 310 290 314
568 115 572 116
367 123 376 123
46 32 47 36
238 228 242 229
290 149 291 153
163 366 167 367
336 200 337 204
844 271 845 275
859 345 863 345
739 53 743 54
835 377 836 381
786 15 787 19
887 150 896 150
711 6 715 7
266 171 270 172
501 186 505 187
206 164 210 165
177 292 178 296
407 229 411 230
548 230 549 234
670 154 674 155
5 189 5 198
293 265 297 266
196 186 197 190
721 171 730 171
212 326 213 330
668 252 672 253
86 100 88 101
95 360 99 361
70 335 74 336
423 86 424 90
260 369 264 370
350 145 354 146
91 106 95 107
41 0 41 9
559 288 568 288
844 384 848 385
183 42 192 42
308 191 317 191
841 302 842 306
98 295 107 295
10 163 10 172
494 298 500 298
856 78 857 82
512 142 516 143
716 350 720 351
3 270 3 279
644 100 648 101
66 342 67 346
378 205 387 205
877 51 881 52
758 110 767 110
409 334 418 334
904 76 913 76
102 86 103 90
503 89 512 89
524 320 525 324
308 32 312 33
291 203 295 204
515 160 524 160
381 42 390 42
447 258 451 259
32 10 41 10
598 37 602 38
354 313 358 314
213 234 222 234
487 200 488 204
103 293 107 294
698 356 702 357
703 50 704 54
434 160 441 160
105 120 106 124
64 347 68 348
652 382 656 383
330 55 334 56
470 207 474 208
260 373 264 374
800 100 804 101
537 6 541 7
623 173 627 174
430 222 434 223
0 260 0 269
181 107 182 111
561 320 570 320
481 398 490 398
159 290 163 291
88 61 97 61
839 170 848 170
833 8 842 8
402 114 406 115
115 367 119 368
325 106 325 115
651 55 655 56
293 55 302 55
184 94 188 95
537 78 541 79
387 191 391 192
163 0 167 1
805 235 809 236
693 298 697 299
39 342 40 346
250 124 254 125
738 103 747 103
112 112 116 113
253 360 257 361
201 336 210 336
285 192 289 193
456 52 465 52
93 324 97 325
673 374 682 374
227 238 231 239
848 65 852 66
743 73 747 74
716 177 725 177
315 227 319 228
400 350 401 354
193 98 194 102
909 375 911 377
379 26 388 26
478 232 483 232
389 343 393 344
20 315 20 324
627 197 636 197
461 93 462 97
609 302 613 303
387 143 388 147
346 37 355 37
787 354 796 354
452 140 461 140
100 86 101 90
690 30 694 31
489 192 493 193
522 169 526 170
528 44 532 45
242 27 243 28
131 102 135 103
685 250 694 250
778 308 782 309
555 111 559 112
276 132 285 132
245 262 249 263
49 77 49 86
215 174 224 174
707 138 716 138
580 315 584 316
862 305 871 305
370 55 373 56
756 121 762 121
110 261 111 265
911 313 913 314
676 9 685 9
580 353 584 354
578 285 587 285
71 246 75 247
819 188 828 188
759 220 760 224
50 253 51 257
46 250 50 251
328 224 337 224
800 23 804 24
92 152 96 153
706 6 710 7
748 200 757 200
857 377 858 381
191 288 192 292
139 295 140 299
430 44 434 45
364 186 367 187
208 74 212 75
561 162 562 166
528 173 532 174
739 112 739 121
834 206 835 210
673 173 677 174
684 33 686 35
144 133 148 134
96 362 100 363
767 49 771 50
553 367 557 367
40 289 41 293
673 27 682 27
579 59 583 60
868 318 872 319
241 116 250 116
360 235 361 239
681 214 682 218
260 317 261 321
143 135 152 135
569 240 573 241
98 114 102 115
720 172 729 172
696 69 705 69
274 306 283 306
721 186 730 186
7 52 11 53
22 49 26 50
537 340 546 340
31 268 32 272
455 224 464 224
838 206 839 210
1 260 1 269
726 333 735 333
472 247 476 248
229 18 231 20
848 316 852 317
153 282 157 283
61 5 62 9
430 106 431 110
274 314 278 315
794 270 798 271
132 30 136 31
841 195 848 195
287 232 291 233
253 352 257 353
159 93 160 97
183 18 192 18
772 137 776 138
880 136 884 137
258 286 262 287
65 328 74 328
380 396 384 397
100 288 101 292
21 295 22 299
253 291 257 292
865 14 874 14
785 289 789 290
887 136 888 140
242 395 246 396
225 97 233 97
761 142 770 142
243 132 244 136
219 70 223 71
752 26 761 26
683 282 687 283
898 157 902 158
126 80 135 80
742 67 746 68
52 295 52 304
37 12 41 13
376 157 380 158
48 171 49 175
306 227 307 231
799 295 800 299
288 203 290 204
740 63 744 64
426 130 430 131
857 290 866 290
74 0 74 9
849 103 853 104
250 215 251 219
653 122 657 123
243 0 247 1
10 111 14 112
0 112 0 121
892 102 896 103
647 347 656 347
798 200 807 200
326 358 330 359
791 246 795 247
330 77 334 78
914 135 914 139
887 151 896 151
804 355 805 359
642 391 646 392
768 18 769 22
674 137 683 137
879 270 888 270
869 19 873 20
761 251 770 251
633 118 633 127
290 216 294 217
510 129 514 130
238 185 239 189
263 103 272 103
825 192 829 192
174 341 183 341
409 307 410 311
37 246 38 250
434 353 438 354
91 67 94 68
574 265 575 269
340 312 341 316
781 98 785 99
332 345 333 349
902 60 911 60
47 385 48 389
246 68 255 68
252 337 256 338
558 260 562 261
329 138 329 146
500 394 504 395
467 31 471 32
506 122 515 122
793 114 797 115
693 322 702 322
550 289 558 289
67 52 67 61
305 257 306 261
23 324 27 325
275 373 279 374
333 354 337 355
2 285 2 294
456 64 465 64
628 244 632 245
599 232 600 236
785 241 786 245
728 240 737 240
359 26 368 26
422 37 426 38
368 253 369 257
369 217 373 218
842 313 843 317
560 305 564 306
582 396 584 397
787 214 791 215
666 355 675 355
580 119 584 120
124 312 133 312
7 178 8 182
783 362 787 363
391 157 395 158
210 77 214 78
762 56 763 60
194 152 198 153
559 235 560 239
487 101 496 101
587 317 596 317
83 320 84 324
127 277 127 286
27 183 27 192
594 352 603 352
412 258 416 259
430 278 434 279
85 187 85 196
394 38 398 39
305 44 309 45
119 168 123 169
293 349 297 350
331 173 332 177
201 15 210 15
488 338 497 338
910 54 911 58
398 348 407 348
346 36 355 36
82 378 86 379
834 19 838 20
689 95 693 96
429 353 433 354
53 121 54 125
545 165 549 166
0 20 0 29
89 355 90 359
243 234 252 234
788 315 789 319
890 352 899 352
185 61 189 62
333 32 337 33
351 364 360 364
349 301 351 302
653 98 662 98
599 350 603 351
367 63 371 64
877 45 881 46
520 227 524 228
276 312 280 313
688 37 692 38
605 104 614 104
812 238 816 239
696 42 697 46
532 350 533 354
713 159 722 159
781 117 785 118
236 221 245 221
514 16 518 17
757 238 761 239
348 205 357 205
221 165 225 166
546 67 555 67
680 80 684 81
134 245 138 246
483 340 492 340
237 89 241 90
321 208 330 208
302 154 311 154
469 360 473 361
297 31 306 31
622 246 624 248
271 254 272 258
700 108 709 108
445 90 454 90
686 89 692 89
228 95 232 96
120 5 124 6
858 158 862 159
845 28 854 28
197 395 201 396
86 349 87 353
720 139 724 140
585 353 589 354
553 53 557 54
189 288 190 292
848 113 852 114
268 224 277 224
722 249 731 249
620 161 621 162
0 244 9 244
805 111 814 111
106 126 110 127
855 28 864 28
57 255 61 256
682 194 686 195
740 246 744 247
493 83 494 84
740 352 744 353
54 322 58 323
825 237 834 237
106 93 115 93
235 226 239 227
285 175 294 175
246 46 250 47
180 345 184 346
497 218 501 219
676 89 685 89
536 262 540 263
678 75 687 75
220 137 224 138
911 3 912 7
393 150 395 152
35 342 36 346
226 357 230 358
268 179 269 183
9 381 10 385
815 63 819 64
566 126 570 127
909 104 910 108
200 226 204 227
530 129 534 130
506 265 510 266
653 143 662 143
232 178 241 178
471 14 472 18
364 167 373 167
253 40 257 41
535 90 539 90
124 130 125 134
538 277 542 278
166 68 175 68
520 383 524 384
851 246 860 246
900 256 904 257
229 100 238 100
846 42 850 43
183 347 184 348
311 12 320 12
908 66 912 67
45 127 54 127
492 210 493 214
832 271 833 275
570 342 574 343
179 222 180 226
421 141 422 145
304 179 308 180
759 314 768 314
158 320 159 324
649 178 658 178
481 311 485 312
339 248 340 252
591 186 595 187
891 393 900 393
810 27 814 28
499 230 503 231
767 227 771 228
204 279 208 280
308 40 317 40
844 53 853 53
290 212 294 213
759 395 768 395
136 177 145 177
741 129 745 130
770 235 774 236
832 80 836 81
659 365 668 365
566 18 570 19
294 327 296 328
504 232 508 233
381 81 385 82
387 7 391 8
750 339 754 340
594 361 603 361
342 182 346 183
201 19 205 20
500 1 504 2
143 352 144 356
777 311 781 312
436 373 440 374
736 169 745 169
470 389 474 390
142 85 146 86
679 390 688 390
418 207 427 207
532 6 536 7
216 150 220 151
760 56 761 60
532 212 536 213
629 314 638 314
560 97 564 98
504 20 508 21
440 116 444 117
118 273 127 273
706 56 707 60
650 258 651 262
658 258 659 262
11 360 19 360
113 69 113 78
518 120 522 121
523 124 527 124
525 118 529 119
93 98 97 99
95 96 104 96
96 93 105 93
42 128 46 129
687 162 691 163
631 394 635 395
631 396 640 396
632 389 633 393
634 389 635 393
635 397 639 398
636 389 636 395
637 390 637 395
638 391 639 395
640 391 641 395
640 397 644 398
642 394 645 395
