7629
0 0 0 8
0 9 2 11
0 12 2 14
0 15 0 23
0 24 0 32
0 33 2 35
0 36 0 44
0 45 0 53
0 54 0 62
0 63 0 71
0 72 2 74
0 75 2 77
0 78 8 78
0 79 8 79
0 80 2 82
0 83 0 91
0 92 0 100
0 101 0 109
0 110 0 118
0 119 0 127
0 128 0 136
0 137 0 145
1 0 1 8
1 15 1 23
1 24 1 32
1 36 1 44
1 45 1 53
1 54 3 56
1 57 1 65
1 66 3 68
1 69 3 71
1 83 1 91
1 92 1 100
1 101 1 109
1 110 1 118
1 119 1 127
1 128 1 136
1 137 1 145
2 0 2 8
2 15 2 23
2 24 2 32
2 36 2 44
2 45 2 53
2 57 2 65
2 83 2 91
2 92 2 100
2 101 2 109
2 110 2 118
2 119 2 127
2 128 2 136
2 137 2 145
3 0 5 2
3 3 3 11
3 12 3 20
3 21 3 29
3 30 3 38
3 39 3 47
3 48 5 50
3 51 5 53
3 57 5 59
3 60 5 62
3 63 5 65
3 72 5 74
3 75 5 77
3 80 3 88
3 89 3 97
3 98 3 106
3 107 3 115
3 116 3 124
3 125 3 133
3 134 5 136
3 137 3 145
4 3 4 11
4 12 12 12
4 13 4 21
4 22 6 24
4 25 4 33
4 34 6 36
4 37 4 44
7 46 12 46
4 45 6 47
4 54 6 56
4 66 6 68
4 69 6 71
4 80 4 88
4 89 4 97
4 98 4 106
4 107 4 115
4 116 4 124
4 125 4 133
4 137 4 145
5 3 5 11
5 13 5 21
5 25 5 33
5 37 7 39
5 40 7 42
5 43 13 43
5 44 13 44
5 80 5 88
5 89 5 97
5 98 5 106
5 107 5 115
5 116 5 124
5 125 5 133
5 137 5 145
6 0 6 8
6 9 8 11
6 13 6 21
6 25 14 25
6 26 8 28
6 29 14 29
6 30 14 30
6 31 14 31
6 32 14 32
6 33 14 33
6 48 8 50
6 51 8 53
6 57 6 65
6 72 8 74
6 75 8 77
6 80 8 82
6 84 14 84
6 85 6 93
6 94 6 102
6 103 6 111
6 112 6 120
6 121 6 129
6 130 6 138
6 139 8 141
6 142 8 144
6 145 14 145
7 0 7 8
7 13 7 21
7 22 9 24
7 34 9 36
7 45 15 45
7 54 7 62
7 63 7 71
7 85 7 93
7 94 7 102
7 103 7 111
7 112 7 120
7 121 7 129
7 130 7 138
8 0 8 8
8 13 8 21
8 37 10 39
8 40 10 42
8 47 16 47
8 54 8 62
8 63 8 71
8 85 8 93
8 94 8 102
8 103 8 111
8 112 8 120
8 121 8 129
8 130 8 138
9 0 9 8
9 9 11 11
9 13 9 21
9 26 11 28
9 48 11 50
9 51 11 53
9 54 9 62
9 63 9 71
9 72 9 80
9 81 11 83
9 85 9 93
9 94 9 102
9 103 9 111
9 112 9 120
9 121 9 129
9 130 9 138
9 139 11 141
9 142 11 144
10 0 10 8
10 13 10 21
10 22 12 24
10 34 12 36
10 54 10 62
10 63 18 63
10 64 10 72
10 73 12 75
10 76 12 78
10 79 18 79
10 80 18 80
10 85 10 93
10 94 10 102
10 103 10 111
10 112 10 120
10 121 10 129
10 130 10 138
11 0 11 8
11 13 11 21
11 37 13 39
11 40 12 42
11 54 11 62
11 64 11 72
11 85 13 87
11 88 13 90
11 91 11 99
11 100 11 108
11 109 11 117
11 118 13 120
11 121 11 129
11 130 11 138
12 0 12 8
12 9 14 11
12 13 12 21
12 26 14 28
12 48 12 56
12 57 14 59
12 60 14 62
12 64 12 72
12 81 14 83
12 91 12 99
12 100 12 108
12 109 12 117
12 121 12 129
12 130 12 138
12 139 14 141
12 142 14 144
13 0 13 8
13 12 13 20
13 21 15 23
13 24 21 24
13 34 15 36
13 46 21 46
13 48 13 56
13 64 13 72
13 73 15 75
13 76 15 78
13 91 13 99
13 100 13 108
13 109 13 117
13 121 13 129
13 130 13 138
14 0 14 8
14 12 14 20
14 37 16 39
13 40 15 42
14 43 22 43
14 44 22 44
14 48 14 56
14 64 14 72
14 85 14 93
14 94 14 102
14 103 14 111
14 112 14 120
14 121 14 129
14 130 14 138
15 0 15 8
15 9 15 17
15 18 17 20
15 25 15 33
15 48 15 56
15 57 17 59
15 60 17 62
15 64 15 72
15 81 15 89
15 90 15 98
15 99 15 107
15 108 15 116
15 117 15 125
15 126 15 134
15 135 15 143
15 144 23 144
15 145 23 145
16 0 16 8
16 9 16 17
16 21 18 23
16 25 16 33
16 34 18 36
16 40 18 42
16 45 24 45
16 48 16 56
16 64 18 66
16 67 16 75
16 76 18 78
16 81 16 89
16 90 16 98
16 99 16 107
16 108 16 116
16 117 18 119
16 120 18 122
16 123 16 131
16 132 16 140
16 141 18 143
17 0 19 2
17 3 19 5
17 6 17 14
17 15 19 17
17 25 17 33
17 37 19 39
17 47 17 55
17 56 25 56
17 67 17 75
17 81 17 89
17 90 17 98
17 99 17 107
17 108 17 116
17 123 17 131
17 132 17 140
18 6 18 14
18 18 20 20
18 25 18 33
18 47 18 55
18 57 20 59
18 60 20 62
18 67 18 75
18 81 18 89
18 90 18 98
18 99 18 107
18 108 18 116
18 123 18 131
18 132 18 140
19 6 19 14
19 21 21 23
19 25 21 27
19 28 19 36
19 40 21 42
19 47 19 55
19 63 19 71
19 72 19 80
19 81 19 89
19 90 19 98
19 99 19 107
19 108 19 116
19 117 19 125
19 126 19 134
19 135 19 143
20 0 20 8
20 9 20 17
20 28 20 36
20 37 28 37
20 38 28 38
20 39 28 39
20 47 20 55
20 63 20 71
20 72 20 80
20 81 20 89
20 90 20 98
20 99 20 107
20 108 20 116
20 117 20 125
20 126 20 134
20 135 20 143
21 0 21 8
21 9 21 17
21 18 23 20
21 28 21 36
21 47 21 55
21 57 21 65
21 66 21 74
21 75 21 83
21 84 23 86
21 87 21 95
21 96 21 104
21 105 21 113
21 114 21 122
21 123 21 131
21 132 21 140
21 141 23 143
22 0 22 8
22 9 22 17
22 21 22 29
22 30 24 32
22 33 24 35
22 36 30 36
22 40 24 42
22 46 22 54
22 55 30 55
22 57 24 59
22 60 22 68
22 69 24 71
22 72 22 80
22 81 24 83
22 87 22 95
22 96 22 104
22 105 22 113
22 114 22 122
22 123 22 131
22 132 22 140
23 0 23 8
23 9 23 17
23 21 23 29
23 43 31 43
23 44 31 44
23 46 25 48
23 49 25 51
23 52 25 54
23 60 23 68
23 72 23 80
23 87 23 95
23 96 23 104
23 105 23 113
23 114 23 122
23 123 25 125
23 126 23 134
23 135 25 137
23 138 25 140
24 0 24 8
24 9 24 17
24 18 24 26
24 27 26 29
24 60 24 68
24 72 24 80
24 84 24 92
24 93 24 101
24 102 24 110
24 111 24 119
24 120 26 122
24 126 24 134
24 141 26 143
24 144 32 144
24 145 32 145
25 0 25 8
25 9 25 17
25 18 25 26
25 30 27 32
25 33 27 35
25 40 27 42
25 45 33 45
25 57 27 59
25 60 25 68
25 69 25 77
25 78 25 86
25 87 25 95
25 96 25 104
25 105 25 113
25 114 27 116
25 117 27 119
25 126 25 134
26 0 26 8
26 9 26 17
26 18 26 26
26 46 26 54
26 56 34 56
26 60 26 68
26 69 26 77
26 78 26 86
26 87 26 95
26 96 26 104
26 105 26 113
26 123 26 131
26 132 26 140
27 0 27 8
27 9 27 17
27 18 27 26
27 27 29 29
27 46 27 54
27 60 29 62
27 63 27 71
27 72 27 80
27 81 27 89
27 90 27 98
27 99 27 107
27 108 29 110
27 111 29 113
27 120 27 128
27 129 27 137
27 138 29 140
27 141 29 143
28 0 28 8
28 9 28 17
28 18 28 26
28 30 30 32
28 33 36 33
28 34 36 34
28 35 36 35
28 40 30 42
28 46 28 54
28 57 30 59
28 63 28 71
28 72 28 80
28 81 28 89
28 90 30 92
28 93 28 101
28 102 30 104
28 105 30 107
28 114 28 122
28 123 28 130
30 132 36 132
28 131 29 134
28 135 30 137
29 0 29 8
29 9 29 17
29 18 29 26
29 37 31 39
29 46 29 54
29 63 29 71
29 72 29 80
29 81 31 83
29 84 31 86
29 87 31 89
29 93 29 101
29 114 29 122
29 123 31 125
29 126 31 128
29 129 37 129
29 130 37 130
30 0 30 8
30 9 30 17
30 18 30 26
30 27 32 29
30 46 30 54
30 60 32 62
30 63 30 71
30 72 30 80
30 93 30 101
30 108 30 116
30 117 32 119
30 120 32 122
30 131 38 131
30 133 38 133
30 134 38 134
30 138 32 140
30 141 32 143
31 0 31 8
31 9 31 17
31 18 31 26
31 30 33 32
31 36 39 36
31 40 33 42
31 46 31 54
31 55 39 55
31 57 33 59
31 63 31 71
31 72 31 80
31 90 31 98
31 99 31 107
31 108 31 116
31 135 33 137
32 0 32 8
32 9 34 11
32 12 34 14
32 15 34 17
32 18 32 26
32 37 33 39
32 43 40 43
32 44 40 44
32 46 32 54
32 63 32 71
32 72 32 80
32 81 32 89
32 90 40 90
32 91 40 91
32 92 34 94
32 95 32 103
32 104 32 112
32 113 34 115
32 116 40 116
32 123 34 125
32 126 34 128
33 0 33 8
33 18 33 26
33 27 35 29
33 46 33 54
33 60 33 68
33 69 33 77
33 78 33 86
33 87 35 89
33 95 33 103
33 104 33 112
33 117 35 119
33 120 35 122
33 138 35 140
33 141 35 143
33 144 41 144
33 145 41 145
34 0 34 8
34 18 34 26
34 30 36 32
34 40 36 42
34 45 34 53
34 54 42 54
34 57 34 65
34 66 34 74
34 75 34 83
34 84 36 86
34 95 34 103
34 104 34 112
34 135 36 137
35 0 35 8
35 9 35 17
35 18 35 26
34 37 36 39
35 45 35 53
35 56 35 64
35 65 37 67
35 68 35 76
35 77 37 79
35 80 37 82
35 83 43 83
35 92 35 100
35 101 35 109
35 110 37 112
35 113 37 115
35 123 37 125
35 126 37 128
36 0 36 8
36 9 36 17
36 18 36 26
36 27 38 29
36 45 36 53
36 56 38 58
36 59 38 61
36 62 38 64
36 68 36 76
36 87 44 87
36 88 44 88
36 89 44 89
36 92 36 100
36 101 38 103
36 104 38 106
36 108 44 108
36 117 38 119
36 120 38 122
36 138 38 140
36 141 38 143
37 0 37 8
37 9 45 9
37 10 37 18
37 19 39 21
37 22 39 24
37 25 45 25
37 26 45 26
37 30 39 32
37 33 39 35
37 37 39 39
37 40 39 42
37 45 37 53
37 68 37 76
37 84 45 84
37 85 45 85
37 92 37 100
37 107 45 107
37 109 45 109
37 132 45 132
37 135 39 137
38 0 38 8
38 10 40 12
38 13 40 15
38 16 40 18
38 45 38 53
38 65 38 73
38 74 38 82
38 92 38 100
38 110 39 113
38 114 42 114
38 115 46 115
38 123 40 125
38 126 40 128
38 129 46 129
38 130 46 130
39 0 39 8
39 27 41 29
39 45 39 53
39 56 39 64
39 65 39 73
39 74 39 82
39 86 47 86
39 92 39 100
39 101 41 103
39 104 41 106
39 117 41 119
39 120 41 122
39 131 47 131
39 133 47 133
39 134 47 134
39 138 41 140
39 141 41 143
40 0 48 0
40 1 48 1
40 2 43 3
40 4 48 4
40 5 42 7
40 8 48 8
40 19 42 21
40 22 42 24
40 30 40 38
40 39 42 41
40 42 48 42
40 45 40 53
40 55 40 63
40 64 42 66
40 67 40 75
40 76 48 76
40 77 48 77
40 78 48 78
40 79 42 81
40 82 48 82
40 92 40 100
40 110 41 113
40 135 42 137
41 10 41 18
41 30 41 38
41 43 43 45
41 46 43 48
41 49 49 49
41 50 43 52
41 53 49 53
41 55 41 63
41 67 41 75
41 90 41 98
41 99 49 99
41 100 49 100
41 116 48 116
41 123 43 125
41 126 43 128
42 10 42 18
42 27 42 35
42 36 50 36
42 37 50 37
42 38 47 38
42 55 42 63
42 67 42 75
42 90 42 98
42 101 44 103
42 104 49 104
42 105 48 105
42 106 48 106
42 110 44 112
42 117 44 119
42 120 44 122
42 138 44 140
42 141 44 143
42 144 45 145
43 5 45 7
43 10 43 18
43 19 45 21
43 22 51 22
43 23 51 23
43 24 51 24
43 27 43 35
43 39 45 41
43 54 43 62
43 63 43 71
43 72 45 74
43 75 51 75
43 79 45 81
43 90 43 98
43 113 46 114
43 135 45 137
44 2 52 2
44 3 52 3
44 10 44 18
44 27 44 35
44 43 46 45
44 46 46 48
44 50 46 52
44 54 44 62
44 63 44 71
44 83 52 83
44 90 44 98
44 123 46 125
44 126 46 128
45 10 45 18
45 27 45 35
45 54 45 62
45 63 45 71
45 87 45 95
45 96 47 98
45 101 47 103
45 108 53 108
45 110 47 112
45 117 53 117
45 118 46 121
45 122 53 122
45 138 47 140
45 141 47 143
46 5 48 7
46 9 46 17
46 18 47 21
46 25 46 33
46 34 54 34
46 35 54 35
46 39 48 41
46 54 46 62
46 63 46 71
46 72 48 74
46 79 48 81
46 84 54 84
46 85 54 85
46 87 46 95
46 132 54 132
46 135 48 137
46 144 54 144
46 145 54 145
47 9 47 17
47 25 47 33
47 43 49 45
47 50 49 52
47 54 47 62
47 63 49 65
47 66 49 68
47 69 49 71
47 87 47 95
47 113 55 113
47 114 55 114
47 115 55 115
47 118 49 120
47 121 55 121
47 123 49 125
47 126 49 128
47 129 55 129
47 130 55 130
48 9 48 17
48 18 49 21
48 26 48 33
48 48 56 48
48 54 56 54
48 55 50 57
48 58 50 60
48 61 56 61
48 62 56 62
48 86 48 94
48 95 50 97
48 98 56 98
48 101 50 103
48 110 56 110
48 111 56 111
48 112 56 112
48 131 56 131
48 133 56 133
48 134 56 134
48 138 50 140
48 141 50 143
49 0 57 0
49 1 57 1
49 4 49 12
49 13 57 13
49 14 51 16
49 17 57 17
49 26 49 33
49 39 51 41
49 42 57 42
49 46 57 46
49 72 51 74
49 76 51 78
49 79 51 81
49 82 57 82
49 86 49 94
49 105 51 107
49 135 51 137
50 4 50 12
50 18 58 18
50 19 52 21
48 25 56 25
50 26 52 28
50 29 52 31
50 32 58 32
50 33 58 33
50 43 52 45
50 49 52 51
50 52 58 52
50 53 58 53
50 63 50 71
50 86 50 94
50 99 58 99
50 100 58 100
49 116 57 116
50 118 52 120
50 123 52 125
50 126 52 128
51 4 51 12
51 36 59 36
51 37 59 37
48 38 56 38
51 55 53 57
51 58 53 60
51 63 51 71
51 86 51 94
51 95 53 97
51 101 53 103
50 104 58 104
51 109 59 109
51 138 53 140
51 141 53 143
52 4 52 12
52 14 54 16
52 22 60 22
52 23 55 24
52 39 54 41
52 63 52 71
52 72 52 80
52 81 60 81
52 86 52 94
56 105 60 105
52 105 55 106
52 107 60 107
52 135 54 137
53 2 53 10
53 11 61 11
53 12 61 12
53 19 61 19
53 20 61 20
53 21 61 21
53 26 55 28
53 29 55 31
53 43 55 45
53 50 55 51
53 63 53 71
53 72 53 80
53 83 61 83
53 86 53 94
53 118 55 120
53 123 55 125
53 126 55 128
54 2 54 10
54 47 62 47
54 55 56 57
54 58 56 60
54 63 54 71
54 72 54 80
54 86 56 88
54 89 54 97
54 101 56 103
54 108 62 108
54 117 62 117
54 122 62 122
54 138 56 140
54 141 56 143
55 2 55 10
55 14 57 16
55 34 63 34
55 35 63 35
55 39 57 41
55 63 55 71
55 72 55 80
55 84 63 84
55 85 63 85
55 89 55 97
55 132 63 132
55 135 57 137
55 144 62 144
55 145 63 145
56 2 56 10
56 23 64 23
56 24 64 24
56 26 58 28
56 29 58 31
56 43 58 45
53 49 61 49
56 50 64 50
56 51 64 51
56 63 56 71
56 72 56 80
56 89 56 97
56 106 64 106
56 113 58 115
56 118 58 120
56 121 64 121
56 123 58 125
56 126 64 126
56 127 58 129
56 130 64 130
57 2 59 4
57 5 59 7
57 8 59 10
57 25 65 25
57 38 65 38
57 48 65 48
57 54 57 62
57 63 57 71
57 72 57 80
57 86 57 94
57 95 59 97
57 98 65 98
57 101 59 103
57 110 59 112
57 131 65 131
57 133 65 133
57 134 65 134
57 138 59 140
57 141 59 143
58 0 66 0
58 1 66 1
58 13 60 15
58 16 66 16
58 17 66 17
58 39 66 39
58 40 60 42
58 46 66 46
58 54 58 62
58 63 58 71
58 72 58 80
58 82 66 82
58 86 60 88
58 89 60 91
58 92 60 94
58 116 66 116
58 135 60 137
59 18 67 18
59 26 67 26
59 27 61 29
59 30 61 32
59 33 67 33
59 43 61 45
59 52 59 60
59 61 59 69
59 70 59 78
59 79 67 79
59 80 67 80
59 99 67 99
59 100 67 100
59 104 66 104
59 113 61 115
59 118 61 120
59 123 61 125
59 127 61 129
60 2 60 10
60 36 68 36
60 37 68 37
60 52 60 60
60 61 60 69
60 70 60 78
60 95 62 97
60 101 62 103
60 109 62 111
60 112 68 112
60 138 62 140
60 141 62 143
61 2 69 2
61 3 62 6
61 7 63 9
61 10 69 10
61 13 63 15
61 22 69 22
61 40 63 42
61 52 61 60
61 61 61 69
61 70 61 78
61 81 67 81
61 86 61 94
61 105 69 105
61 107 69 107
61 135 63 137
62 11 68 11
62 12 68 12
62 19 64 21
62 27 64 29
62 30 64 32
62 43 64 45
62 49 70 49
62 52 62 60
62 61 62 69
62 70 62 78
62 83 69 83
62 86 62 94
62 113 64 115
62 118 64 120
62 123 64 125
62 127 64 129
63 3 64 6
63 47 71 47
63 52 63 60
63 61 63 69
63 70 63 78
63 86 63 94
63 95 65 97
63 101 65 103
63 108 65 110
63 111 71 111
63 117 71 117
63 122 71 122
63 138 64 140
63 141 64 144
64 7 72 7
64 8 72 8
64 9 72 9
64 13 66 15
64 34 72 34
64 35 72 35
64 40 66 42
64 52 64 60
64 61 64 69
64 70 64 78
64 84 64 92
64 93 72 93
64 94 72 94
64 132 72 132
64 135 66 137
64 145 72 145
65 3 67 5
65 6 73 6
65 19 67 21
65 23 73 23
65 24 73 24
65 27 67 29
65 30 73 30
65 31 73 31
65 32 73 32
65 43 67 45
65 50 65 58
65 59 65 67
65 68 65 76
65 77 73 77
65 78 73 78
65 84 65 92
65 106 73 106
65 113 67 115
65 118 67 120
65 121 73 121
65 123 67 125
65 126 73 126
65 127 66 130
65 138 66 141
65 142 67 144
66 25 74 25
66 38 74 38
66 48 74 48
66 50 68 52
66 53 66 61
66 62 66 70
66 71 68 73
66 74 68 76
66 84 66 92
66 95 68 97
66 98 74 98
66 101 67 103
66 108 68 110
66 131 74 131
66 133 74 133
66 134 74 134
67 0 75 0
67 1 75 1
67 13 69 15
67 16 75 16
67 17 75 17
67 39 75 39
67 40 75 40
67 41 75 41
67 42 75 42
67 46 75 46
67 53 67 61
67 62 67 70
67 82 75 82
67 84 67 92
67 116 75 116
67 127 75 127
67 128 69 130
67 135 69 137
67 138 75 138
67 139 75 139
67 140 75 140
67 141 75 141
68 3 70 5
68 18 70 20
68 21 76 21
68 26 70 28
68 33 76 33
68 43 70 45
68 53 70 55
68 56 70 58
68 59 68 67
68 68 70 69
71 79 76 79
71 80 74 81
68 84 68 92
68 99 74 99
70 100 74 100
67 104 75 104
68 113 70 115
68 118 70 120
68 123 70 125
68 142 70 144
69 36 77 36
69 37 77 37
69 50 71 52
69 59 69 67
69 71 71 73
69 74 71 76
69 84 69 92
69 95 71 97
68 100 69 103
69 108 71 110
69 112 77 112
70 2 78 2
70 10 78 10
70 13 78 13
70 14 73 15
70 22 78 22
70 29 78 29
70 59 70 67
68 79 70 81
70 84 72 86
70 87 72 89
70 90 72 92
70 102 78 102
70 103 78 103
70 105 78 105
70 107 78 107
70 128 72 130
70 135 72 137
71 3 73 5
69 11 72 12
71 18 73 20
71 26 73 28
71 43 73 45
71 49 79 49
71 53 73 55
71 56 71 64
71 65 73 67
71 68 79 68
71 69 79 69
68 70 76 70
70 83 78 83
71 113 73 115
71 118 73 120
71 123 73 125
71 142 73 144
72 47 75 47
72 50 74 52
72 56 72 64
72 71 74 73
72 74 74 76
75 81 80 81
72 95 74 97
72 108 74 110
72 111 80 111
72 117 80 117
72 122 79 122
73 7 81 7
73 8 81 8
73 9 81 9
73 11 81 11
73 12 81 12
73 34 81 34
73 35 81 35
73 56 73 64
73 84 73 91
73 92 75 94
73 128 75 130
73 132 81 132
73 135 75 137
73 145 81 145
74 3 76 5
74 6 82 6
74 14 82 14
74 15 82 15
74 18 76 20
74 23 82 23
74 24 82 24
74 26 76 28
74 30 76 32
74 43 75 45
74 53 76 55
74 56 74 64
74 65 76 67
74 77 82 77
74 78 82 78
74 84 76 86
74 87 76 89
74 90 77 91
74 106 82 106
74 113 76 115
74 118 76 120
74 121 79 121
74 123 76 125
74 126 82 126
74 142 76 144
75 25 83 25
75 38 83 38
75 48 83 48
75 50 77 52
75 56 75 64
75 71 77 73
75 74 77 76
75 95 77 97
75 98 83 98
75 99 77 101
75 108 77 110
75 131 83 131
75 133 81 133
75 134 83 134
76 0 84 0
76 1 84 1
76 16 84 16
76 17 84 17
76 39 78 41
76 42 84 42
76 43 77 46
76 56 76 64
76 82 84 82
76 92 84 92
76 94 84 94
76 104 84 104
76 116 84 116
76 127 78 129
76 130 84 130
77 135 78 137
77 138 84 138
77 139 84 139
77 140 84 140
76 135 76 141
77 3 79 5
77 18 79 20
77 21 85 21
77 26 79 28
77 30 79 32
77 33 85 33
77 53 77 60
77 61 80 62
77 63 85 63
77 64 79 66
77 67 85 67
77 70 85 70
77 79 85 79
75 80 83 80
77 84 79 86
77 87 79 89
77 93 85 93
77 113 79 115
77 118 79 120
77 123 79 125
77 141 78 144
78 36 86 36
78 37 86 37
78 43 80 45
78 46 86 46
78 50 78 58
78 59 84 59
78 60 86 60
78 71 80 73
78 74 80 76
78 91 86 91
78 95 80 97
78 99 80 101
78 108 80 110
78 112 86 112
79 2 87 2
79 10 83 10
79 13 87 13
79 22 87 22
79 29 87 29
79 39 81 41
79 50 79 58
79 83 87 83
79 90 87 90
79 102 87 102
79 103 87 103
79 105 85 105
79 107 87 107
79 127 81 129
79 135 81 137
79 141 81 143
79 144 87 144
80 3 82 5
80 18 88 18
80 19 88 19
80 20 88 20
80 26 82 28
80 30 82 32
80 49 80 57
80 58 88 58
80 64 82 66
80 68 88 68
80 69 88 69
80 84 82 86
80 87 82 89
80 113 82 115
80 118 88 118
80 119 88 119
80 120 82 122
80 123 82 125
81 43 83 45
76 47 84 47
81 49 83 51
81 52 83 54
81 55 89 55
81 56 89 56
81 57 89 57
81 61 89 61
81 62 89 62
81 71 83 73
81 74 83 76
81 81 87 81
81 95 83 97
81 99 83 101
81 108 82 111
81 117 89 117
82 7 84 9
82 11 90 11
82 12 90 12
82 34 90 34
82 35 90 35
82 39 84 41
82 127 84 129
82 132 85 133
82 135 84 137
82 141 84 143
82 145 89 145
83 3 85 5
83 6 91 6
83 14 91 14
83 15 91 15
83 23 91 23
83 24 91 24
83 26 85 28
83 30 85 32
83 64 85 66
83 77 91 77
83 78 91 78
83 84 85 86
83 87 85 89
83 106 91 106
83 108 85 110
83 111 91 111
83 113 85 115
83 120 86 121
83 122 85 124
83 125 86 126
84 25 92 25
84 38 92 38
84 43 86 45
84 48 86 50
84 51 86 53
84 54 92 54
84 71 86 73
84 74 86 76
84 80 92 80
84 95 86 97
84 98 86 100
84 101 92 101
84 131 92 131
84 134 92 134
85 0 93 0
85 1 92 1
85 7 93 7
85 8 93 8
85 9 93 9
85 16 93 16
85 17 93 17
85 39 87 41
85 42 93 42
85 47 92 47
85 82 93 82
85 92 93 92
85 94 93 94
85 104 93 104
85 116 93 116
85 127 87 129
85 130 93 130
85 135 85 143
86 3 88 5
86 21 94 21
86 26 88 28
86 30 88 32
86 33 94 33
86 63 88 65
86 66 94 66
86 67 94 67
86 70 94 70
86 79 94 79
86 84 88 86
86 87 88 89
86 93 94 93
86 108 88 110
86 113 88 115
86 122 88 124
86 132 94 132
86 133 94 133
86 135 86 143
87 36 95 36
87 37 95 37
87 43 89 44
87 45 90 46
87 48 89 50
87 51 89 53
87 60 90 60
87 71 89 73
87 74 89 76
87 91 95 91
87 95 89 97
87 98 89 100
87 112 95 112
87 120 95 120
87 121 95 121
87 125 95 125
87 126 95 126
87 135 95 135
87 136 89 138
87 139 89 141
87 142 95 142
87 143 95 143
88 2 96 2
84 10 92 10
88 13 96 13
88 22 96 22
88 29 96 29
88 39 90 41
88 83 96 83
88 90 96 90
88 102 96 102
88 103 96 103
86 105 94 105
88 107 96 107
88 127 90 129
88 144 96 144
89 3 91 5
89 18 91 20
89 26 91 27
89 30 91 32
89 58 97 58
89 63 91 65
89 68 97 68
89 69 97 69
89 84 90 87
89 88 97 88
89 89 97 89
89 108 91 110
89 113 91 115
89 118 97 118
89 119 97 119
89 122 91 124
90 43 98 43
90 44 98 44
90 48 92 50
90 51 92 53
90 55 92 57
90 61 98 61
90 62 98 62
90 71 92 73
90 74 92 76
88 81 96 81
90 95 92 97
90 98 92 100
90 117 98 117
90 136 92 138
90 139 92 141
91 11 99 11
91 12 99 12
91 34 99 34
91 35 99 35
91 39 93 41
91 45 99 45
85 59 93 59
91 60 99 60
91 84 92 87
91 127 92 129
90 145 98 145
92 3 94 5
92 6 100 6
92 14 100 14
92 15 100 15
92 18 94 20
92 23 100 23
92 24 100 24
92 26 100 26
92 27 97 27
89 28 97 28
92 30 94 32
92 63 94 65
92 77 95 78
92 106 100 106
92 108 94 110
92 111 100 111
92 113 94 115
92 122 94 124
93 10 101 10
93 25 100 25
93 38 101 38
93 46 93 54
93 55 95 57
93 71 95 73
93 74 95 76
93 80 101 80
93 84 95 86
93 87 101 87
93 95 95 97
93 98 95 100
93 101 100 101
93 131 101 131
93 134 101 134
93 136 101 136
93 137 101 137
93 138 95 140
93 141 101 141
94 0 102 0
93 1 101 1
94 7 96 9
94 16 102 16
94 17 102 17
94 39 96 41
94 42 99 42
94 46 94 54
94 59 102 59
94 82 102 82
94 92 102 92
94 94 102 94
94 104 102 104
94 116 102 116
93 127 95 128
94 130 102 130
95 3 103 3
95 4 103 4
95 5 103 5
95 18 97 20
95 21 103 21
95 30 97 32
95 33 103 33
95 46 97 48
95 49 97 51
95 52 97 54
95 63 97 65
95 66 103 66
95 67 103 67
95 70 103 70
95 79 103 79
95 93 103 93
95 105 103 105
95 108 103 108
95 113 97 115
95 122 97 124
95 132 103 132
95 133 103 133
96 36 104 36
96 37 104 37
96 55 98 57
96 71 98 73
96 74 104 74
96 75 104 75
96 76 104 76
96 77 104 77
96 78 104 78
96 84 98 86
96 91 104 91
96 95 98 97
96 98 104 98
96 99 104 99
96 100 103 100
96 112 100 112
96 120 104 120
96 121 104 121
96 125 104 125
96 126 98 128
93 129 101 129
96 135 104 135
96 138 98 140
96 142 104 142
96 143 104 143
97 2 105 2
97 7 99 9
97 13 105 13
97 22 105 22
97 29 103 29
97 39 105 39
97 40 105 40
97 81 105 81
97 83 105 83
97 90 105 90
97 102 100 103
97 107 105 107
97 144 105 144
98 18 100 20
98 27 100 28
98 30 100 32
98 46 106 46
98 47 106 47
98 48 106 48
98 49 106 49
98 50 106 50
98 51 106 51
98 52 106 52
98 53 106 53
98 54 106 54
98 58 106 58
98 63 100 65
98 68 106 68
98 69 106 69
98 88 106 88
98 89 106 89
98 109 106 109
98 113 100 115
98 118 106 118
98 119 104 119
98 122 100 124
99 43 107 43
99 44 107 44
99 55 100 57
99 61 107 61
99 62 107 62
99 71 101 73
99 84 101 86
99 95 101 97
99 117 107 117
99 126 101 128
99 138 101 140
99 145 107 145
100 7 102 9
100 11 108 11
100 12 108 12
100 34 108 34
100 35 104 35
100 41 103 42
100 45 108 45
100 60 108 60
101 6 109 6
101 14 109 14
101 15 109 15
101 18 103 20
101 23 103 25
104 26 109 26
101 30 103 32
101 63 103 65
101 101 103 103
101 106 109 106
101 110 109 110
101 111 104 112
101 113 103 115
101 122 103 124
102 1 110 1
102 10 108 10
104 27 110 27
101 26 103 28
102 38 110 38
104 55 110 55
101 55 103 57
102 71 104 73
102 80 110 80
102 84 104 86
102 87 110 87
102 95 104 97
102 126 104 128
102 129 110 129
102 131 110 131
102 134 110 134
102 136 104 138
102 139 104 141
103 0 106 0
103 7 105 9
103 16 111 16
103 17 111 17
103 59 111 59
103 82 111 82
103 92 111 92
103 94 111 94
103 104 111 104
103 116 111 116
103 130 111 130
104 3 106 5
104 18 105 20
104 21 112 21
104 23 106 25
104 28 106 30
104 31 106 33
104 41 112 41
104 42 111 42
104 56 107 57
104 63 112 63
104 64 106 66
104 67 112 67
104 70 112 70
104 79 112 79
104 93 112 93
106 101 112 101
104 100 105 103
104 105 112 105
104 108 112 108
104 113 106 115
104 122 106 124
104 132 112 132
104 133 112 133
105 36 113 36
105 37 109 37
105 71 107 73
105 74 107 76
105 77 109 77
105 78 113 78
105 84 107 86
105 91 113 91
105 95 113 95
105 96 107 98
105 99 113 99
105 111 113 111
105 112 113 112
105 119 107 121
105 125 107 127
105 128 113 128
105 135 105 143
106 2 114 2
106 7 108 9
106 13 114 13
106 22 114 22
106 39 114 39
106 40 110 40
106 81 114 81
106 83 114 83
106 90 114 90
106 100 114 100
106 102 109 103
106 107 114 107
106 135 106 143
106 144 114 144
107 3 109 5
109 18 115 18
106 18 108 20
107 23 109 25
107 28 109 30
107 31 109 33
107 46 107 54
107 58 114 58
107 65 110 66
107 68 115 68
107 69 115 69
107 88 115 88
107 89 115 89
107 109 115 109
107 113 109 115
107 118 115 118
107 122 109 124
107 135 107 143
108 43 116 43
108 44 116 44
108 46 108 54
108 56 116 56
108 57 116 57
108 61 116 61
108 62 116 62
108 71 116 71
108 72 110 74
108 75 116 75
108 84 110 86
108 96 110 98
108 117 116 117
108 119 110 121
108 125 110 127
108 135 108 143
108 145 116 145
109 7 111 8
109 9 111 11
109 12 117 12
109 19 117 19
109 20 117 20
109 34 116 34
105 35 113 35
109 45 109 53
109 54 117 54
109 60 117 60
109 64 117 64
109 135 109 143
110 3 112 5
110 6 118 6
110 14 118 14
110 15 118 15
110 23 118 23
110 24 118 24
110 25 118 25
110 26 118 26
110 28 112 30
110 31 112 33
110 45 110 53
110 76 113 77
110 102 118 102
110 103 118 103
110 106 118 106
110 110 118 110
110 113 112 115
110 122 112 124
110 135 110 143
111 1 119 1
111 27 119 27
111 38 119 38
111 45 111 53
111 55 119 55
111 65 119 65
111 66 119 66
111 72 113 74
111 80 119 80
111 84 113 86
111 87 119 87
111 96 113 98
111 119 113 121
111 125 113 127
111 129 119 129
111 131 119 131
111 134 111 142
111 143 119 143
107 0 115 0
112 7 120 7
112 8 114 10
112 11 120 11
112 16 120 16
112 17 120 17
112 45 112 53
112 59 120 59
112 82 120 82
112 92 120 92
112 94 115 94
112 104 120 104
112 116 120 116
112 130 120 130
112 134 112 142
113 3 115 5
113 21 121 21
113 28 115 30
113 31 115 33
113 41 121 41
112 42 120 42
113 45 113 53
113 63 121 63
113 67 121 67
113 70 121 70
113 79 121 79
113 93 121 93
113 101 121 101
113 105 121 105
113 108 121 108
113 113 115 115
113 122 115 124
113 132 113 140
113 141 121 141
113 142 121 142
114 35 122 35
114 36 122 36
110 37 118 37
114 45 114 53
114 72 116 74
114 76 116 78
114 84 116 86
114 91 122 91
114 95 116 97
114 98 122 98
114 99 122 99
114 111 122 111
114 112 122 112
114 119 116 121
114 125 116 127
114 128 122 128
114 132 116 134
114 135 116 137
114 138 116 140
115 2 123 2
115 8 117 10
115 13 123 13
115 22 123 22
115 39 123 39
111 40 119 40
115 45 115 53
115 81 123 81
115 83 123 83
115 90 123 90
115 100 123 100
115 107 123 107
115 144 123 144
116 3 118 5
116 18 124 18
116 28 118 30
116 31 118 33
116 45 116 53
115 58 122 58
116 68 124 68
116 69 124 69
116 88 124 88
116 89 124 89
116 109 124 109
116 113 118 115
116 118 124 118
116 122 118 124
117 43 117 51
117 52 125 52
117 53 125 53
117 56 125 56
117 57 122 57
117 61 125 61
117 62 122 62
117 71 119 73
117 74 119 76
117 77 125 77
117 78 125 78
117 84 119 86
117 95 119 97
117 117 125 117
117 119 119 121
117 125 119 127
117 132 119 134
117 135 119 137
117 138 119 140
117 145 125 145
118 0 126 0
118 8 121 9
118 10 126 10
118 12 126 12
118 19 126 19
118 20 126 20
117 34 124 34
118 43 118 51
118 54 126 54
118 60 126 60
118 64 126 64
119 3 121 5
119 6 127 6
119 14 127 14
119 15 127 15
119 23 121 25
119 26 127 26
119 28 121 30
119 31 121 33
119 37 127 37
119 43 119 51
119 102 127 102
119 103 127 103
119 106 127 106
119 110 127 110
119 113 121 115
119 122 121 124
120 1 128 1
120 27 128 27
120 38 128 38
120 40 128 40
120 43 120 51
120 55 128 55
120 65 128 65
120 66 128 66
120 71 122 73
120 74 122 76
120 80 128 80
120 84 122 86
120 87 128 87
120 95 122 97
120 119 122 121
120 125 122 127
120 129 128 129
120 131 120 137
120 138 122 140
120 143 128 143
121 7 126 7
121 11 127 11
121 16 129 16
121 17 129 17
121 42 123 44
121 45 123 47
121 48 123 50
121 51 129 51
121 59 129 59
121 82 129 82
121 92 129 92
116 94 124 94
121 104 129 104
121 116 129 116
121 130 123 132
121 133 123 135
121 136 129 136
121 137 129 137
122 3 124 5
122 8 130 8
122 9 130 9
122 21 130 21
122 23 124 25
122 28 124 30
122 31 124 33
122 41 130 41
122 67 130 67
122 70 130 70
122 79 130 79
122 93 130 93
122 101 130 101
122 105 130 105
122 108 130 108
122 113 124 115
122 122 124 124
122 141 130 141
122 142 130 142
123 35 128 35
123 36 131 36
123 62 126 63
123 71 125 73
123 74 125 76
123 84 125 86
123 91 131 91
123 95 125 97
123 98 131 98
123 99 131 99
123 111 131 111
123 112 131 112
123 119 125 121
123 125 125 126
123 128 130 128
123 138 125 140
124 2 132 2
124 13 132 13
124 22 132 22
124 39 132 39
124 42 124 50
123 57 126 58
124 81 132 81
124 83 132 83
124 90 132 90
124 100 132 100
124 107 132 107
124 130 126 132
124 133 126 135
124 144 132 144
125 3 127 5
125 18 133 18
125 23 127 25
125 28 127 30
125 31 127 32
125 42 125 50
125 68 133 68
125 69 133 69
125 88 133 88
125 89 133 89
125 94 133 94
125 109 133 109
125 113 127 115
125 118 133 118
125 122 127 124
125 33 128 34
126 42 126 50
126 52 134 52
126 53 134 53
126 56 134 56
126 61 134 61
126 71 128 73
126 74 128 76
126 77 134 77
126 78 134 78
126 84 128 86
126 95 134 95
126 96 134 96
126 97 134 97
126 117 134 117
126 119 128 121
126 125 129 126
123 127 130 127
126 138 128 140
126 145 132 145
127 0 135 0
127 10 135 10
127 12 135 12
127 19 135 19
127 20 135 20
127 42 127 50
127 54 135 54
127 58 135 58
127 60 135 60
127 62 129 64
127 130 129 132
127 133 129 135
128 3 130 5
128 6 136 6
128 14 131 15
128 23 130 25
128 26 136 26
128 28 130 30
128 31 136 31
128 32 136 32
128 37 136 37
128 42 128 50
128 57 136 57
128 102 136 102
128 103 136 103
128 106 136 106
128 110 136 110
128 113 130 115
128 122 130 124
129 1 137 1
129 27 137 27
129 33 137 33
129 34 132 35
129 38 137 38
129 40 137 40
129 42 129 50
129 55 137 55
129 65 137 65
129 66 137 66
129 71 131 73
129 74 131 76
129 80 136 80
129 84 131 86
129 87 137 87
129 119 137 119
129 120 137 120
129 121 137 121
129 129 137 129
129 138 131 140
129 143 137 143
127 7 135 7
128 11 135 11
130 16 138 16
130 17 138 17
130 42 130 50
130 51 138 51
130 59 138 59
130 62 132 64
130 82 138 82
130 92 138 92
130 104 138 104
130 116 138 116
130 125 138 125
130 126 138 126
130 130 132 132
130 133 131 135
130 136 138 136
130 137 138 137
131 3 133 5
131 8 139 8
131 9 139 9
131 21 139 21
131 23 133 25
131 28 133 30
131 41 131 49
131 50 139 50
131 67 139 67
131 70 139 70
131 79 136 79
131 93 139 93
131 101 139 101
131 105 139 105
131 108 139 108
131 113 133 115
131 122 133 124
131 141 139 141
131 142 139 142
132 14 140 14
132 15 140 15
132 36 140 36
132 41 132 49
132 71 134 73
132 74 134 76
132 84 134 86
132 91 140 91
132 98 140 98
132 99 139 99
132 111 140 111
132 112 139 112
131 127 134 128
132 138 134 140
133 2 141 2
133 13 140 13
133 22 141 22
133 34 141 34
133 35 141 35
133 39 141 39
133 41 133 49
133 62 135 64
133 81 141 81
133 83 141 83
133 90 141 90
133 100 141 100
133 107 141 107
133 130 135 132
135 133 141 133
132 133 134 135
133 144 141 144
134 3 136 5
134 18 142 18
134 23 141 23
134 24 141 24
134 25 142 25
134 28 136 30
134 41 134 49
134 68 142 68
134 69 139 69
134 88 142 88
134 89 142 89
134 94 142 94
134 109 142 109
134 113 136 115
134 118 142 118
134 122 136 124
135 41 135 49
135 52 143 52
135 53 143 53
135 56 143 56
135 61 143 61
135 71 137 73
135 74 137 76
135 77 141 77
135 78 141 78
135 84 137 86
135 95 137 97
135 117 143 117
135 135 143 135
135 138 137 140
133 145 141 145
136 0 144 0
136 7 144 7
136 10 140 10
139 12 144 12
136 19 144 19
136 20 144 20
136 41 136 49
136 54 143 54
136 58 144 58
136 60 144 60
136 62 138 64
136 128 144 128
136 130 138 132
137 3 139 5
137 6 145 6
136 11 138 12
137 26 145 26
137 28 139 30
137 31 145 31
137 32 145 32
137 37 145 37
137 41 137 49
137 57 145 57
137 102 145 102
137 103 145 103
137 106 145 106
137 110 145 110
137 113 139 115
137 122 139 124
138 1 146 1
138 27 146 27
138 33 146 33
138 38 146 38
138 40 138 46
138 47 140 49
138 55 146 55
138 65 146 65
138 66 146 66
138 71 140 73
138 74 140 76
141 80 146 80
138 84 146 84
138 85 140 87
138 95 140 97
138 119 140 121
138 129 146 129
138 138 140 140
138 143 146 143
139 16 147 16
139 17 147 17
139 40 141 42
139 43 141 45
139 46 147 46
139 51 147 51
139 59 144 59
139 62 141 64
139 82 147 82
139 92 147 92
139 104 147 104
139 116 147 116
139 125 141 127
139 130 141 132
139 136 147 136
139 137 146 137
140 3 142 5
140 8 145 8
140 9 145 9
140 21 148 21
140 28 142 30
140 50 148 50
140 67 147 67
140 70 148 70
137 79 140 80
140 93 148 93
140 101 145 101
140 105 148 105
140 108 148 108
140 112 142 114
140 115 148 115
140 122 142 124
140 134 148 134
140 141 148 141
140 142 148 142
141 10 144 11
144 14 149 14
141 13 143 15
141 36 149 36
141 47 143 49
141 71 143 73
141 74 143 76
141 85 143 87
141 91 149 91
141 95 143 96
141 97 143 98
141 111 149 111
141 119 143 121
141 138 143 140
142 2 150 2
142 22 144 24
142 34 150 34
142 35 150 35
142 39 144 41
142 42 144 44
142 45 150 45
142 62 144 64
142 78 145 79
142 81 150 81
142 83 150 83
142 90 150 90
142 100 150 100
142 107 150 107
142 125 144 127
142 130 144 132
142 133 150 133
142 144 150 144
142 145 150 145
143 3 145 5
143 18 151 18
143 25 151 25
143 28 145 30
143 68 151 68
140 69 148 69
143 88 151 88
143 89 150 89
143 94 151 94
143 109 149 109
143 112 145 114
143 118 151 118
143 122 145 124
144 13 152 13
144 15 152 15
144 47 146 49
144 52 146 54
144 56 152 56
144 61 150 61
144 71 146 73
144 74 146 76
142 77 150 77
144 85 146 87
144 95 146 97
140 99 148 99
144 117 152 117
144 119 146 121
144 135 152 135
144 138 146 140
145 0 153 0
145 10 147 12
145 19 153 19
145 20 153 20
145 22 147 24
145 39 147 41
145 42 146 44
148 58 151 58
145 58 147 60
145 62 147 64
145 98 153 98
145 125 147 127
145 128 153 128
145 130 147 132
146 3 148 5
146 6 154 6
146 7 148 9
146 26 154 26
146 28 148 30
146 31 154 31
146 32 154 32
146 37 154 37
146 57 154 57
146 78 154 78
146 79 154 79
146 101 148 103
146 106 154 106
146 110 154 110
146 112 148 114
146 122 148 124
147 1 155 1
147 27 155 27
147 33 155 33
147 38 155 38
147 47 149 49
147 52 149 54
147 55 155 55
147 65 155 65
147 66 155 66
147 71 149 73
147 74 149 76
147 80 155 80
147 84 149 86
147 87 155 87
147 95 149 97
147 119 149 121
147 129 155 129
147 138 149 140
147 143 155 143
148 10 150 12
148 16 156 16
148 17 153 17
148 22 156 22
148 23 156 23
148 24 156 24
148 39 150 41
150 42 156 42
150 43 156 43
147 42 149 44
148 46 156 46
148 51 156 51
148 59 156 59
148 62 150 64
148 82 156 82
148 92 156 92
148 104 156 104
148 116 156 116
148 125 150 127
148 130 150 132
148 136 156 136
147 137 155 137
149 3 151 5
149 7 151 9
149 21 157 21
149 28 151 30
149 50 157 50
148 67 156 67
149 69 157 69
149 70 157 70
149 93 157 93
149 99 157 99
149 101 151 103
149 105 157 105
149 108 157 108
149 112 151 114
149 115 157 115
149 122 151 124
149 134 156 134
149 141 157 141
149 142 157 142
150 14 158 14
150 36 158 36
150 44 158 44
150 47 152 49
150 52 158 52
150 53 158 53
150 54 158 54
150 71 152 73
150 74 152 76
150 84 152 86
150 91 158 91
150 95 152 97
150 111 158 111
150 119 152 121
150 138 158 138
150 139 158 139
150 140 158 140
151 2 159 2
151 10 153 12
151 34 159 34
151 35 159 35
151 39 153 41
151 45 158 45
151 60 153 62
151 63 159 63
151 64 159 64
151 77 159 77
151 81 159 81
151 83 159 83
155 90 159 90
151 100 159 100
151 107 159 107
151 125 153 127
151 130 153 132
151 133 159 133
151 144 159 144
151 145 159 145
152 3 154 5
152 7 154 9
152 18 158 18
152 25 160 25
152 28 154 30
152 68 160 68
152 88 160 88
151 89 154 90
152 94 160 94
152 101 154 103
150 109 158 109
152 112 154 114
152 118 160 118
152 122 154 124
153 13 161 13
153 15 161 15
153 47 155 49
153 56 161 56
153 71 155 73
153 74 155 76
153 84 155 86
153 95 155 97
153 117 161 117
153 119 155 121
153 135 161 135
154 0 162 0
154 10 156 12
154 19 162 19
154 20 162 20
154 39 156 41
152 58 160 58
154 60 156 62
154 98 162 98
154 125 156 127
154 128 162 128
154 130 156 132
155 3 163 3
155 4 157 6
155 7 157 9
155 26 163 26
155 28 157 30
155 31 163 31
155 32 163 32
155 37 163 37
155 57 163 57
155 78 163 78
155 79 163 79
155 89 163 89
155 101 157 103
155 106 163 106
155 110 163 110
155 112 157 114
155 122 157 124
156 1 164 1
156 27 164 27
156 33 164 33
156 38 164 38
156 47 158 49
156 55 164 55
156 65 164 65
156 71 158 73
156 74 158 76
156 80 163 80
156 84 158 86
156 87 164 87
156 95 158 97
156 119 158 121
156 129 164 129
156 137 164 137
156 143 163 143
157 10 159 12
157 16 165 16
154 17 162 17
157 22 159 24
157 39 159 41
157 42 165 42
157 43 165 43
157 46 165 46
157 51 165 51
157 59 159 61
157 62 165 62
157 67 165 67
157 82 165 82
157 92 165 92
157 104 165 104
157 116 165 116
157 125 159 127
157 130 159 132
157 136 165 136
158 4 160 6
158 7 160 9
158 21 166 21
158 28 160 30
158 50 166 50
158 69 166 69
158 70 166 70
158 93 166 93
158 99 166 99
158 101 160 103
158 105 166 105
158 108 166 108
158 112 160 114
158 115 166 115
158 122 166 122
158 123 166 123
158 124 166 124
157 134 165 134
158 141 166 141
158 142 166 142
159 14 167 14
159 36 167 36
159 44 167 44
159 47 161 49
159 52 161 54
159 66 167 66
159 71 161 72
159 73 161 75
159 76 167 76
159 84 161 86
159 91 167 91
159 95 161 97
159 109 167 109
159 111 167 111
159 119 161 121
159 138 167 138
159 139 167 139
159 140 167 140
160 2 168 2
160 10 162 12
160 22 162 24
160 34 168 34
160 35 168 35
160 39 162 41
159 45 167 45
160 59 168 59
160 60 168 60
160 61 168 61
160 63 168 63
160 64 168 64
160 77 168 77
160 81 168 81
160 83 168 83
160 90 168 90
160 100 168 100
160 107 168 107
160 125 162 127
160 130 162 132
160 133 168 133
160 144 163 145
161 4 163 6
161 7 163 9
159 18 167 18
161 25 169 25
161 28 163 30
161 58 169 58
161 68 169 68
161 88 169 88
161 94 169 94
161 101 163 103
161 112 163 114
161 118 169 118
162 13 170 13
162 15 170 15
162 47 164 49
162 52 164 54
162 56 170 56
162 71 164 73
162 74 170 74
162 75 170 75
162 84 164 86
162 95 164 97
162 117 170 117
162 119 164 121
162 135 170 135
163 0 170 0
163 10 165 12
163 19 171 19
163 20 171 20
163 22 165 24
163 39 165 41
163 98 171 98
163 125 165 127
163 128 171 128
163 130 165 132
164 3 166 5
164 6 166 8
164 9 172 9
164 17 172 17
164 26 169 26
164 28 166 30
164 31 172 31
164 32 172 32
164 37 172 37
164 57 172 57
164 78 172 78
164 79 167 80
164 89 172 89
164 101 166 103
164 106 172 106
164 112 166 114
164 143 166 145
165 27 173 27
165 33 173 33
165 38 173 38
165 47 167 49
165 52 167 54
165 55 173 55
165 65 173 65
165 71 166 73
165 84 167 86
165 87 173 87
165 95 167 97
165 110 173 110
165 119 167 121
165 129 173 129
165 137 173 137
166 10 174 10
166 11 174 11
166 12 174 12
166 16 174 16
166 22 168 24
166 39 168 41
166 42 174 42
166 43 174 43
166 46 174 46
166 51 174 51
166 62 174 62
166 67 174 67
166 82 174 82
166 92 174 92
166 104 174 104
166 116 174 116
166 125 168 127
166 130 168 132
166 134 174 134
166 136 174 136
167 3 168 5
167 6 168 8
167 21 175 21
167 28 169 30
167 50 175 50
167 69 175 69
167 70 168 73
167 93 175 93
167 99 175 99
167 101 169 103
167 105 175 105
167 108 175 108
167 112 169 114
167 115 175 115
167 122 169 124
167 141 169 143
167 144 175 144
167 145 175 145
168 14 171 14
168 18 176 18
168 36 176 36
168 44 175 44
168 45 175 45
168 47 170 49
168 52 170 54
168 66 176 66
168 76 176 76
168 79 176 79
168 84 170 86
168 91 176 91
168 95 170 97
168 109 176 109
168 111 176 111
168 119 170 121
168 138 170 140
169 1 169 8
169 22 171 24
169 34 177 34
169 35 177 35
169 39 171 41
169 59 171 61
169 63 177 63
169 64 177 64
169 70 171 72
169 73 177 73
169 77 177 77
169 81 177 81
169 83 177 83
169 90 177 90
169 100 177 100
169 107 177 107
169 125 171 127
169 130 171 132
169 133 177 133
170 1 170 8
170 25 173 26
170 28 172 30
170 58 178 58
170 68 178 68
170 88 178 88
170 94 178 94
170 101 172 103
170 112 172 114
170 118 178 118
170 122 172 124
170 141 172 143
171 0 172 3
171 4 173 6
171 7 179 7
171 8 179 8
171 13 179 13
171 47 173 49
171 52 173 54
171 56 178 56
171 74 175 74
171 75 179 75
171 84 173 86
171 95 173 97
171 117 179 117
171 119 173 121
171 135 179 135
171 138 173 140
172 19 180 19
172 20 180 20
172 22 180 22
176 23 180 23
172 23 175 24
172 39 174 41
172 59 174 61
172 70 180 70
172 71 180 71
172 72 180 72
172 98 178 98
172 125 174 127
172 128 180 128
172 130 174 132
173 0 175 2
173 9 181 9
172 14 175 15
173 17 181 17
173 28 175 30
173 31 181 31
173 32 181 32
173 37 181 37
173 57 178 57
173 78 181 78
173 80 181 80
173 89 181 89
173 101 175 103
173 106 181 106
173 112 175 114
173 122 175 124
173 141 175 143
174 3 176 5
174 6 182 6
174 25 175 27
174 33 182 33
174 38 182 38
174 47 176 49
174 52 176 54
174 55 181 55
174 65 182 65
174 84 176 86
174 87 182 87
174 95 176 97
174 110 182 110
174 119 176 121
174 129 182 129
174 137 176 139
174 140 182 140
175 10 177 12
175 16 183 16
175 39 177 41
175 42 183 42
175 43 183 43
175 46 183 46
175 51 183 51
175 59 177 61
175 62 183 62
175 67 183 67
175 82 183 82
175 92 183 92
175 104 183 104
175 116 183 116
175 125 177 127
175 130 177 132
175 134 183 134
175 136 183 136
176 0 178 2
176 21 184 21
176 24 177 27
176 28 178 30
176 50 184 50
176 69 184 69
176 93 184 93
176 99 184 99
176 101 178 103
176 105 184 105
176 108 184 108
176 112 178 114
176 115 184 115
176 122 178 124
176 141 178 143
176 144 184 144
176 145 184 145
177 3 179 5
180 14 185 14
176 14 179 15
177 18 185 18
177 36 185 36
178 44 185 44
176 44 177 45
177 47 179 49
177 52 179 54
177 66 185 66
177 76 185 76
177 79 185 79
177 84 180 85
177 86 185 86
177 91 185 91
177 95 185 95
177 96 185 96
177 109 185 109
177 111 185 111
177 119 179 121
177 137 179 139
178 10 180 12
178 24 179 27
178 34 186 34
178 35 186 35
178 39 180 41
178 59 180 61
178 63 186 63
178 64 186 64
178 73 186 73
178 77 186 77
178 81 186 81
178 83 186 83
178 90 186 90
178 100 185 100
178 107 186 107
178 125 180 127
178 130 180 132
178 133 186 133
179 0 181 2
179 28 181 30
179 45 187 45
179 56 181 58
179 68 187 68
179 88 187 88
179 94 187 94
179 97 182 98
179 101 181 103
179 112 181 114
179 118 187 118
179 122 181 124
179 141 181 143
180 3 182 5
180 7 188 7
180 8 188 8
180 13 188 13
180 15 188 15
180 24 188 24
180 25 182 27
180 47 182 49
180 52 182 54
176 74 184 74
180 117 188 117
180 119 182 121
180 135 188 135
180 137 182 139
181 10 183 12
181 19 189 19
181 20 189 20
181 22 189 22
181 23 189 23
181 39 183 41
181 59 183 61
181 70 183 72
181 75 189 75
181 85 189 85
181 125 183 127
181 128 189 128
181 130 183 132
182 0 184 2
182 9 190 9
182 17 190 17
182 28 184 30
182 31 190 31
182 32 190 32
182 37 190 37
182 57 184 58
182 78 190 78
182 80 190 80
182 84 190 84
182 89 190 89
182 101 184 103
182 106 190 106
182 112 184 114
182 122 190 122
182 123 190 123
182 124 190 124
182 141 184 143
183 3 191 3
183 4 191 4
183 5 191 5
183 6 191 6
183 25 185 27
183 33 190 33
183 38 191 38
183 47 185 49
183 52 185 54
182 55 185 56
183 65 191 65
183 87 188 87
183 97 191 97
183 98 191 98
183 110 191 110
183 119 185 121
183 129 189 129
183 137 185 139
183 140 191 140
184 10 186 12
184 16 192 16
184 39 186 41
184 42 192 42
184 43 192 43
184 46 192 46
184 51 192 51
184 60 187 61
184 62 192 62
184 67 192 67
184 70 186 72
184 82 192 82
184 92 192 92
184 104 192 104
184 116 192 116
184 125 186 127
184 130 186 132
184 134 192 134
184 136 191 136
185 0 187 2
185 21 193 21
185 28 187 30
185 50 193 50
185 57 193 57
185 58 193 58
185 69 193 69
185 74 193 74
185 93 190 93
185 99 193 99
185 102 193 102
185 103 193 103
185 105 193 105
185 108 193 108
185 112 187 114
185 115 193 115
185 141 187 143
185 144 193 144
185 145 193 145
186 14 194 14
186 18 194 18
186 25 188 27
186 36 194 36
186 44 194 44
186 47 188 49
186 52 188 54
186 55 189 56
186 66 194 66
186 76 194 76
186 79 194 79
186 86 194 86
186 91 194 91
186 95 194 95
186 96 194 96
186 109 194 109
186 111 192 111
186 119 188 121
186 137 188 139
187 10 189 12
187 34 195 34
187 35 195 35
187 39 189 41
184 59 192 59
188 61 195 61
187 63 195 63
187 64 195 64
187 70 189 72
187 73 195 73
187 77 195 77
187 81 195 81
187 83 191 83
187 90 195 90
186 100 194 100
187 101 195 101
187 107 195 107
187 125 189 127
187 130 189 132
187 133 195 133
188 0 190 2
188 28 190 30
188 45 194 45
188 60 196 60
188 68 196 68
188 88 196 88
188 112 191 113
188 114 196 114
188 118 196 118
188 141 190 143
189 7 197 7
189 8 197 8
189 13 197 13
189 15 194 15
189 24 191 26
189 27 197 27
189 47 191 49
189 52 191 54
189 117 197 117
189 119 191 121
189 135 197 135
189 137 191 139
190 10 192 12
190 19 198 19
190 20 198 20
190 22 198 22
190 23 198 23
190 39 192 41
190 55 198 55
190 56 198 56
190 70 192 72
190 85 198 85
190 125 192 127
190 128 198 128
190 130 192 132
191 0 193 2
191 9 199 9
191 17 199 17
191 28 193 30
191 31 199 31
191 32 194 33
191 37 195 37
191 78 199 78
191 80 199 80
191 89 196 89
191 93 194 94
191 106 199 106
191 122 193 124
191 141 193 143
192 3 194 5
192 6 200 6
192 24 194 26
192 38 200 38
192 47 194 49
192 52 194 54
192 65 200 65
192 75 200 75
192 83 195 84
189 87 196 87
192 97 200 97
192 98 200 98
192 110 200 110
192 112 200 112
192 113 200 113
192 119 194 121
190 129 198 129
192 138 194 139
192 140 199 140
193 10 195 12
193 16 201 16
193 39 195 41
193 42 201 42
193 43 201 43
193 46 201 46
193 51 201 51
193 59 201 59
193 62 201 62
193 67 201 67
193 70 195 72
193 82 201 82
193 92 201 92
193 104 201 104
193 116 201 116
193 125 195 127
193 130 195 132
193 134 201 134
192 136 194 137
194 0 196 2
194 21 202 21
194 28 196 30
194 50 202 50
194 57 202 57
194 58 202 58
194 69 202 69
194 74 199 74
194 99 202 99
194 102 202 102
194 103 202 103
194 105 202 105
194 108 200 108
194 115 202 115
194 122 196 124
194 141 196 143
194 144 202 144
194 145 202 145
195 3 197 5
195 14 203 14
195 18 203 18
195 24 197 26
195 32 203 32
195 33 203 33
195 44 198 45
195 47 197 49
195 52 197 54
195 66 203 66
195 76 203 76
195 79 203 79
195 86 203 86
195 91 203 91
195 93 203 93
195 94 197 96
195 109 203 109
193 111 201 111
195 119 197 121
195 136 197 138
195 139 203 139
196 10 198 12
196 34 203 34
196 35 204 35
196 36 199 37
196 39 198 41
196 61 204 61
196 63 204 63
196 64 204 64
196 70 198 71
196 72 199 73
196 77 204 77
196 81 204 81
196 83 204 83
196 84 204 84
196 90 204 90
196 100 204 100
196 101 204 101
196 107 204 107
196 125 198 127
196 130 198 132
196 133 204 133
197 0 199 2
197 28 199 30
197 60 205 60
197 68 205 68
200 88 205 88
197 114 205 114
197 118 205 118
197 122 199 124
197 141 199 143
198 3 200 5
198 7 206 7
198 8 206 8
198 13 206 13
195 15 203 15
198 24 200 26
198 27 206 27
198 47 206 47
198 48 206 48
198 49 206 49
198 52 200 54
197 87 199 89
198 94 206 94
198 95 206 95
198 96 206 96
198 117 206 117
198 119 200 121
198 135 200 137
198 138 206 138
199 10 201 12
199 19 207 19
199 20 207 20
199 22 202 23
199 39 201 41
199 44 202 45
199 55 207 55
199 56 207 56
199 70 207 70
199 71 207 71
199 85 207 85
199 125 201 127
199 128 201 130
199 131 207 131
199 132 207 132
200 0 208 0
200 1 208 1
200 2 208 2
200 9 206 9
200 17 208 17
200 28 208 28
200 29 202 31
200 36 208 36
200 37 208 37
200 72 208 72
200 73 203 74
200 78 208 78
200 80 208 80
200 87 208 87
200 89 208 89
200 106 208 106
200 122 202 124
200 142 202 143
201 3 203 5
201 6 209 6
201 24 203 26
201 38 209 38
201 52 203 54
201 65 209 65
201 75 209 75
201 97 209 97
201 98 209 98
201 110 209 110
201 112 209 112
201 113 209 113
201 119 209 119
201 120 205 120
201 121 208 121
201 135 203 137
200 140 202 141
202 10 204 12
202 16 210 16
202 39 204 41
202 42 210 42
202 43 210 43
202 46 210 46
202 51 210 51
202 59 210 59
202 62 210 62
202 67 210 67
202 82 210 82
202 92 210 92
202 104 210 104
202 111 210 111
202 116 210 116
202 125 204 127
202 128 204 130
202 134 210 134
203 21 205 23
203 29 205 31
203 44 210 44
203 45 211 45
203 50 211 50
203 57 211 57
203 58 211 58
203 69 211 69
203 99 211 99
203 102 210 102
203 103 211 103
203 105 211 105
201 108 209 108
203 115 211 115
203 122 205 124
203 143 205 144
203 145 211 145
204 3 206 5
204 14 212 14
204 15 212 15
204 18 212 18
204 24 212 24
204 26 209 26
204 32 206 34
204 52 206 54
204 66 212 66
204 73 212 73
204 74 212 74
204 76 212 76
204 79 212 79
204 86 212 86
204 91 212 91
204 93 212 93
204 109 209 109
204 135 206 137
204 139 212 139
203 140 205 142
205 10 207 12
205 35 209 35
205 39 207 41
205 61 213 61
205 63 213 63
205 64 213 64
205 77 213 77
205 81 213 81
205 83 213 83
205 84 213 84
205 90 213 90
205 100 213 100
205 101 213 101
205 107 213 107
205 125 207 127
205 128 207 130
205 133 213 133
206 21 208 23
206 29 208 31
206 60 213 60
206 68 214 68
206 88 214 88
206 114 214 114
206 118 214 118
206 122 208 124
206 140 208 142
206 143 209 143
206 144 214 144
207 3 209 5
210 7 214 7
207 7 209 9
207 13 212 13
207 27 215 27
207 32 210 33
207 34 215 34
207 47 209 49
207 52 209 54
207 94 209 96
207 117 215 117
207 135 209 137
207 138 215 138
208 10 210 12
208 19 216 19
208 20 216 20
208 39 210 41
208 55 216 55
208 56 216 56
208 70 216 70
208 71 216 71
208 85 216 85
208 125 210 127
208 128 210 130
208 131 216 131
208 132 216 132
209 0 211 2
209 17 217 17
209 21 211 23
209 28 211 30
209 31 217 31
209 36 217 36
209 37 217 37
209 72 217 72
209 78 217 78
209 80 217 80
209 87 217 87
209 89 217 89
209 106 217 106
209 122 217 122
209 123 212 124
209 140 211 142
210 3 212 5
210 6 218 6
210 8 218 8
210 9 218 9
210 25 213 26
210 38 218 38
210 47 212 49
210 52 212 54
210 65 218 65
210 75 218 75
210 94 212 96
210 97 218 97
210 98 218 98
210 108 212 110
210 112 218 112
210 113 218 113
210 119 218 119
206 120 214 120
209 121 217 121
210 135 212 137
211 10 219 10
211 11 218 11
211 12 218 12
211 16 219 16
211 32 219 32
211 33 219 33
211 39 213 41
211 42 213 44
211 46 217 46
211 51 219 51
211 59 219 59
211 62 219 62
211 67 219 67
211 82 219 82
211 92 219 92
211 104 219 104
211 111 219 111
211 116 219 116
211 125 213 127
211 128 213 130
211 134 219 134
212 0 214 2
212 21 214 23
212 28 214 30
212 45 220 45
212 50 220 50
212 57 220 57
212 58 220 58
212 69 220 69
212 99 220 99
211 102 219 102
212 103 220 103
212 105 220 105
212 115 218 115
212 140 214 142
212 145 218 145
213 3 215 5
218 13 221 14
213 15 221 15
213 18 221 18
213 24 221 24
213 47 215 49
213 52 215 54
213 66 221 66
213 73 219 73
213 74 221 74
213 76 221 76
213 79 221 79
213 86 221 86
213 91 221 91
213 93 215 95
213 96 221 96
213 108 215 110
213 123 221 123
213 124 221 124
213 135 215 137
213 139 221 139
214 25 222 25
214 26 222 26
210 35 217 35
214 39 217 40
214 41 216 43
214 44 222 44
218 61 222 61
214 63 222 63
214 77 221 77
214 81 222 81
214 83 217 84
214 90 222 90
214 100 222 100
214 101 222 101
214 107 222 107
214 125 216 127
214 128 216 130
214 133 222 133
215 0 217 2
215 21 217 23
215 28 217 30
214 60 217 61
215 68 223 68
215 88 223 88
215 114 223 114
215 118 223 118
215 120 223 120
215 140 217 142
210 143 218 143
215 144 223 144
216 3 218 5
215 7 223 7
213 13 214 14
216 27 224 27
216 34 224 34
216 48 224 48
216 49 224 49
216 52 218 54
216 64 224 64
216 93 218 95
216 109 224 109
216 110 221 110
216 117 224 117
216 135 218 137
216 138 224 138
215 13 217 14
217 19 225 19
217 20 225 20
217 41 219 43
217 55 225 55
217 56 223 56
217 70 225 70
217 71 225 71
217 85 225 85
217 125 219 127
217 128 219 130
217 131 224 131
217 132 224 132
218 0 220 2
218 17 226 17
218 21 220 23
218 28 220 30
218 31 226 31
222 36 226 36
218 37 226 37
218 39 226 39
218 40 226 40
218 46 221 47
218 60 226 60
218 72 226 72
218 78 226 78
218 80 226 80
218 83 226 83
218 84 226 84
218 87 226 87
218 89 222 89
218 106 226 106
218 121 226 121
218 122 226 122
218 140 220 142
219 3 221 5
219 6 226 6
219 8 227 8
219 9 227 9
219 11 221 12
218 35 221 36
219 38 227 38
219 52 221 54
219 65 227 65
219 75 226 75
219 93 221 95
219 97 227 97
219 98 227 98
219 108 227 108
219 112 227 112
219 113 227 113
219 119 227 119
219 135 221 137
220 10 227 10
220 16 228 16
220 32 228 32
220 33 228 33
220 41 222 43
220 51 228 51
220 59 228 59
220 62 228 62
220 67 228 67
220 82 228 82
220 92 228 92
220 102 226 102
220 104 228 104
220 111 228 111
220 116 228 116
220 125 222 127
220 128 222 130
220 134 228 134
221 0 223 2
221 21 223 23
221 28 223 30
221 45 229 45
221 50 229 50
221 57 229 57
221 58 229 58
221 69 229 69
221 99 229 99
221 103 229 103
221 105 229 105
219 115 227 115
221 140 223 142
221 143 229 143
219 145 227 145
222 3 223 5
222 11 224 13
222 14 230 14
222 15 230 15
222 18 230 18
222 24 230 24
222 35 230 35
222 46 230 46
222 47 230 47
222 52 224 54
222 66 230 66
220 73 228 73
222 74 230 74
222 76 225 77
222 79 227 79
222 86 230 86
222 91 230 91
222 93 224 95
222 96 230 96
222 123 230 123
222 124 230 124
222 135 224 137
222 139 230 139
223 25 231 25
223 26 231 26
223 41 225 43
223 44 231 44
223 61 231 61
223 63 231 63
223 81 231 81
223 89 226 90
223 100 226 101
223 107 231 107
224 125 225 127
224 128 231 128
224 129 231 129
223 125 223 130
223 133 231 133
224 0 226 2
224 7 232 7
224 21 226 23
224 28 226 30
224 68 231 68
224 88 232 88
224 114 232 114
224 118 232 118
224 120 232 120
224 140 226 142
224 144 232 144
227 3 233 3
224 3 226 5
225 12 233 12
225 13 233 13
225 27 233 27
225 34 233 34
225 48 233 48
225 49 233 49
225 52 227 54
225 64 233 64
225 93 227 95
225 109 233 109
222 110 230 110
225 117 233 117
225 130 227 132
225 135 227 137
225 138 233 138
226 11 234 11
226 19 234 19
226 20 234 20
226 41 228 42
226 55 234 55
224 56 232 56
226 70 234 70
226 71 234 71
226 76 229 77
226 85 234 85
226 125 228 127
227 0 229 2
227 4 229 6
227 17 235 17
227 21 229 23
227 28 229 30
227 31 235 31
227 36 235 36
227 37 235 37
227 39 235 39
227 40 235 40
227 60 235 60
227 72 235 72
227 78 235 78
227 80 235 80
227 83 235 83
227 84 235 84
227 87 235 87
227 89 235 89
227 90 235 90
227 100 229 102
227 106 235 106
227 121 235 121
227 122 235 122
227 140 229 142
228 8 236 8
232 9 236 9
228 38 236 38
228 52 230 54
228 65 236 65
227 75 235 75
228 93 230 95
228 97 236 97
228 98 236 98
228 108 236 108
228 112 236 112
228 113 236 113
228 115 236 115
228 119 236 119
228 130 230 132
228 135 230 137
228 145 236 145
228 9 231 10
229 16 237 16
229 32 237 32
229 33 233 33
229 41 237 41
229 42 237 42
226 43 234 43
229 51 237 51
229 59 237 59
229 62 237 62
229 67 237 67
229 73 237 73
229 82 237 82
229 92 237 92
229 104 237 104
229 111 236 111
229 116 237 116
229 125 231 127
229 134 237 134
230 0 238 0
230 1 233 2
230 4 238 4
230 6 238 6
230 21 232 23
230 28 232 30
230 45 238 45
230 50 238 50
230 57 238 57
230 58 238 58
230 69 238 69
230 76 238 76
230 77 238 77
230 99 232 101
230 102 237 102
230 103 237 103
230 105 238 105
230 140 232 142
230 143 238 143
231 14 239 14
231 15 239 15
231 18 239 18
231 24 239 24
231 35 239 35
231 46 239 46
231 47 239 47
231 52 233 54
231 66 239 66
231 74 239 74
228 79 236 79
231 86 239 86
231 91 239 91
231 93 233 95
231 96 236 96
231 110 239 110
231 123 239 123
231 124 239 124
231 130 233 132
231 135 233 137
231 139 239 139
232 10 240 10
232 25 240 25
232 26 240 26
232 44 240 44
232 61 240 61
232 63 240 63
232 81 240 81
232 107 240 107
232 125 234 127
232 128 240 128
232 129 240 129
232 133 237 133
233 7 241 7
233 21 235 23
233 28 235 30
233 56 241 56
232 68 240 68
233 88 241 88
233 99 235 101
233 114 241 114
233 118 241 118
233 120 241 120
233 140 235 142
233 144 241 144
234 1 236 3
234 12 242 12
234 13 242 13
234 27 242 27
234 33 237 34
234 48 242 48
234 49 242 49
234 52 236 54
234 64 242 64
234 93 236 95
234 109 242 109
234 117 242 117
234 130 236 132
234 135 236 137
234 138 242 138
235 11 243 11
235 19 242 19
235 20 243 20
235 43 243 43
235 55 243 55
235 70 243 70
235 71 243 71
235 85 243 85
235 125 237 127
236 5 244 5
236 17 243 17
236 21 238 23
236 28 238 30
236 31 244 31
236 36 244 36
236 37 244 37
236 39 244 39
236 40 244 40
236 60 244 60
236 72 244 72
236 75 244 75
236 78 244 78
236 80 244 80
236 83 244 83
236 84 241 84
236 87 244 87
236 89 244 89
236 90 244 90
236 99 238 101
236 106 241 106
236 121 244 121
236 122 244 122
236 140 238 142
237 1 239 3
237 8 245 8
237 9 245 9
237 38 243 38
237 52 239 54
237 65 245 65
237 79 245 79
237 93 239 95
237 97 245 97
237 98 245 98
237 108 245 108
237 111 239 113
237 115 245 115
237 119 245 119
237 130 245 130
237 131 240 132
237 135 239 137
237 145 245 145
238 16 246 16
238 32 246 32
238 33 246 33
238 41 246 41
238 42 243 42
238 51 246 51
238 59 246 59
238 62 246 62
238 67 246 67
238 73 246 73
238 82 246 82
238 92 246 92
238 104 246 104
238 116 246 116
238 125 240 127
238 133 241 134
239 0 247 0
239 4 247 4
239 6 246 6
239 21 241 23
239 28 241 30
239 45 247 45
239 50 247 50
239 57 247 57
239 58 247 58
239 69 246 69
239 76 247 76
239 77 247 77
239 99 241 101
238 102 246 102
238 103 246 103
239 140 241 142
239 143 247 143
240 1 242 3
240 14 248 14
240 15 248 15
240 18 248 18
240 24 248 24
240 35 248 35
240 46 248 46
240 47 248 47
240 52 242 54
240 66 248 66
240 74 248 74
240 86 248 86
240 91 248 91
240 93 242 95
237 96 245 96
240 110 242 112
240 113 248 113
240 123 246 123
240 124 246 124
240 135 242 137
240 139 248 139
241 10 249 10
241 25 249 25
241 26 249 26
241 34 249 34
241 44 249 44
241 61 249 61
241 63 249 63
241 68 249 68
241 81 249 81
241 107 249 107
241 125 243 127
241 128 249 128
241 129 249 129
241 131 244 132
242 7 250 7
242 21 244 23
242 29 244 30
242 56 250 56
242 88 250 88
242 99 244 101
242 105 245 106
242 114 250 114
242 118 250 118
242 120 250 120
242 133 250 133
242 134 250 134
242 140 244 142
242 144 247 144
243 1 245 3
243 12 251 12
243 13 250 13
243 27 251 27
243 48 251 48
243 49 251 49
243 52 245 54
243 64 251 64
243 93 245 95
243 109 245 111
243 112 251 112
243 117 251 117
243 135 245 137
243 138 251 138
243 19 251 19
244 20 252 20
248 43 252 43
244 55 252 55
244 70 252 70
244 71 252 71
244 85 252 85
244 125 246 127
245 5 253 5
245 11 253 11
244 17 252 17
245 21 247 23
242 28 250 28
245 29 247 31
245 36 253 36
245 37 253 37
245 39 253 39
245 40 253 40
245 60 253 60
245 72 253 72
245 75 250 75
245 78 253 78
245 80 253 80
245 83 253 83
242 84 250 84
245 87 253 87
245 89 253 89
245 90 253 90
245 99 247 101
245 121 253 121
245 122 253 122
245 131 253 131
245 132 253 132
245 140 247 142
246 1 248 3
246 8 254 8
246 9 254 9
244 38 252 38
246 52 248 54
246 65 254 65
246 79 254 79
246 93 248 95
246 96 254 96
246 97 254 97
246 98 254 98
246 105 254 105
246 106 253 106
246 108 248 110
246 111 254 111
246 115 254 115
246 119 254 119
246 130 254 130
246 135 248 137
247 16 255 16
247 32 255 32
247 33 255 33
247 41 255 41
244 42 247 43
247 51 255 51
247 59 255 59
247 62 255 62
247 67 255 67
247 73 255 73
247 82 255 82
247 92 255 92
247 102 249 104
247 116 255 116
247 125 249 127
248 0 256 0
248 4 256 4
247 6 255 6
248 21 250 23
248 29 250 30
248 42 256 42
248 45 256 45
248 50 256 50
248 57 256 57
248 58 256 58
247 69 255 69
248 76 256 76
248 77 256 77
248 99 250 101
248 140 250 142
251 143 258 143
248 143 250 145
249 1 251 3
249 14 257 14
249 15 257 15
249 18 257 18
249 24 257 24
249 35 257 35
249 46 256 46
249 47 257 47
249 52 251 54
249 66 257 66
249 86 257 86
249 91 257 91
249 93 251 95
249 108 251 110
249 113 255 113
247 123 255 123
247 124 255 124
249 135 251 137
249 139 256 139
250 10 258 10
250 25 258 25
250 26 258 26
250 34 258 34
250 44 258 44
250 61 258 61
250 63 258 63
250 68 258 68
250 81 258 81
250 102 252 104
250 107 258 107
250 125 252 127
250 128 258 128
250 129 258 129
251 7 259 7
251 21 253 23
251 28 253 30
248 31 255 31
251 56 259 56
251 74 254 75
251 84 259 84
251 88 259 88
251 99 253 101
251 114 259 114
251 118 259 118
251 120 259 120
251 133 259 133
251 134 259 134
251 140 259 140
251 141 259 141
251 142 259 142
251 144 258 144
251 145 258 145
252 1 254 3
252 12 260 12
251 13 259 13
252 19 260 19
252 27 260 27
252 48 260 48
252 49 260 49
252 52 254 54
252 64 260 64
252 93 254 95
252 108 254 110
252 112 260 112
252 117 260 117
252 135 254 137
252 138 260 138
253 17 261 17
253 20 261 20
253 38 261 38
253 43 261 43
253 55 261 55
253 70 261 70
253 71 261 71
253 85 261 85
253 102 255 104
253 126 261 126
253 127 261 127
254 5 262 5
254 11 262 11
254 21 256 23
254 28 256 30
254 36 262 36
254 37 262 37
254 39 262 39
254 40 262 40
254 60 262 60
254 72 262 72
254 78 262 78
254 80 261 80
254 83 262 83
254 87 262 87
254 89 262 89
254 90 262 90
254 99 256 101
254 121 262 121
254 122 262 122
254 125 262 125
254 131 262 131
254 132 262 132
255 1 257 3
255 8 263 8
255 9 263 9
255 52 263 52
255 53 263 53
255 54 263 54
255 65 263 65
255 74 263 74
255 75 263 75
255 79 263 79
255 93 263 93
255 94 257 96
255 97 263 97
255 98 263 98
255 105 263 105
254 106 262 106
255 108 257 109
255 110 258 111
255 115 263 115
255 119 263 119
255 130 263 130
255 135 257 137
256 6 264 6
256 16 264 16
259 32 264 32
259 33 264 33
256 41 264 41
256 51 264 51
256 59 262 59
256 62 264 62
256 67 264 67
256 69 264 69
256 73 264 73
256 82 264 82
256 92 264 92
256 102 258 104
256 116 264 116
256 123 264 123
256 124 264 124
257 0 265 0
257 4 265 4
257 21 259 23
257 28 259 30
256 31 258 33
257 42 265 42
257 45 260 46
257 50 265 50
257 57 265 57
257 58 265 58
257 76 265 76
257 77 265 77
257 99 259 101
258 1 260 3
258 14 266 14
258 15 266 15
258 18 266 18
258 24 266 24
258 35 266 35
258 47 265 47
258 66 265 66
258 86 266 86
258 91 266 91
258 94 260 96
258 108 266 108
258 109 266 109
256 113 264 113
258 135 260 137
257 139 264 139
259 10 267 10
259 25 267 25
259 26 267 26
259 31 267 31
259 44 267 44
259 61 267 61
259 63 267 63
259 68 267 68
259 81 267 81
259 102 261 104
259 107 267 107
259 110 267 110
259 111 267 111
259 128 267 128
259 129 267 129
259 143 261 145
260 7 268 7
260 13 268 13
260 21 262 23
260 28 262 30
260 34 268 34
260 56 266 56
260 84 268 84
260 88 268 88
260 99 262 101
260 114 268 114
260 118 268 118
260 120 267 120
260 133 268 133
260 134 268 134
260 140 262 142
261 1 263 3
261 12 269 12
261 19 269 19
261 27 269 27
261 45 269 45
261 46 269 46
261 48 269 48
261 49 269 49
261 64 267 64
261 94 263 96
261 112 268 112
261 117 269 117
261 135 263 136
261 137 264 138
262 17 270 17
262 20 270 20
262 38 270 38
262 43 270 43
262 55 270 55
262 70 270 70
262 71 270 71
262 85 270 85
262 102 264 104
262 126 270 126
262 127 270 127
262 143 264 145
263 5 271 5
263 11 271 11
263 21 271 21
263 22 271 22
263 23 271 23
263 28 265 30
263 36 271 36
263 37 271 37
263 39 271 39
263 40 271 40
263 59 265 60
263 72 269 72
263 78 271 78
262 80 270 80
263 83 271 83
263 87 271 87
263 89 271 89
263 90 271 90
263 99 265 101
263 106 271 106
263 121 271 121
263 122 271 122
263 125 271 125
263 131 271 131
263 132 271 132
263 140 265 142
264 1 266 3
264 8 267 9
264 52 266 54
264 65 271 65
264 74 272 74
264 75 272 75
264 79 272 79
264 93 266 95
264 96 266 98
264 105 272 105
264 115 272 115
264 119 272 119
264 130 272 130
264 135 272 135
264 136 272 136
265 6 271 6
265 16 273 16
265 32 273 32
265 33 273 33
265 41 273 41
265 51 273 51
265 62 273 62
265 67 273 67
265 69 273 69
265 73 272 73
265 82 273 82
265 92 273 92
265 102 267 104
265 113 273 113
265 116 273 116
265 123 273 123
265 124 273 124
267 137 272 137
265 137 266 139
265 143 267 145
266 0 274 0
266 4 274 4
266 28 268 30
266 42 274 42
266 50 273 50
266 57 274 57
269 58 274 58
266 76 274 76
266 77 274 77
266 99 268 101
266 140 268 142
267 1 269 3
267 14 275 14
267 15 275 15
267 18 275 18
267 24 274 24
267 35 275 35
266 47 274 47
267 52 269 54
266 58 268 60
266 66 274 66
267 86 275 86
267 91 275 91
267 93 269 95
267 96 269 98
267 108 275 108
267 109 275 109
267 138 270 139
268 8 270 10
268 25 274 25
268 26 276 26
268 31 276 31
268 44 276 44
268 61 276 61
268 63 271 64
268 68 276 68
268 81 274 81
268 102 270 104
268 107 276 107
268 110 271 111
268 128 276 128
268 129 276 129
268 143 270 145
269 7 277 7
269 13 277 13
269 28 271 30
269 34 277 34
267 56 275 56
269 60 277 60
269 84 277 84
269 88 277 88
269 99 271 101
269 114 277 114
269 118 277 118
268 120 276 120
269 133 277 133
269 134 277 134
269 140 271 142
270 1 278 1
270 2 278 2
270 3 278 3
270 12 278 12
270 19 275 19
270 27 278 27
270 45 278 45
270 46 278 46
270 48 278 48
270 49 277 49
270 52 272 54
270 93 272 95
270 96 272 98
269 112 277 112
270 117 278 117
271 8 273 10
271 17 279 17
271 20 279 20
271 38 279 38
271 43 279 43
271 55 275 55
271 70 277 70
271 71 277 71
271 80 279 80
271 85 279 85
271 102 273 104
271 126 279 126
271 127 279 127
271 138 274 139
271 143 273 145
272 5 280 5
272 11 280 11
272 21 274 23
272 28 274 30
272 36 280 36
272 37 280 37
272 39 280 39
272 40 280 40
272 63 274 65
270 72 277 72
272 78 280 78
272 83 280 83
272 87 280 87
272 89 275 90
272 99 274 101
272 106 280 106
272 110 280 110
272 111 277 111
272 121 280 121
272 122 280 122
272 125 280 125
272 131 280 131
272 132 280 132
272 140 274 142
273 52 275 54
273 59 281 59
273 73 274 75
273 79 280 79
273 93 275 95
273 96 275 98
273 105 281 105
273 115 281 115
273 119 281 119
273 130 281 130
273 135 275 137
272 6 280 6
274 8 276 10
274 16 282 16
274 32 280 32
274 33 282 33
274 41 282 41
274 50 277 51
274 62 279 62
274 67 282 67
274 69 282 69
274 82 282 82
274 92 282 92
274 102 276 104
274 113 282 113
274 116 282 116
274 123 277 124
274 143 276 145
275 0 283 0
275 4 283 4
275 21 283 21
275 22 283 22
275 23 277 25
275 28 276 30
275 42 283 42
275 47 283 47
275 57 283 57
275 58 283 58
275 63 277 65
275 66 283 66
275 76 283 76
275 77 283 77
275 99 277 101
275 138 277 140
275 141 283 141
275 142 283 142
276 14 284 14
276 15 284 15
276 18 279 19
276 35 284 35
276 52 278 54
276 55 279 56
275 73 277 75
276 86 284 86
276 90 284 90
276 91 284 91
276 93 278 95
276 96 278 98
276 108 284 108
276 109 284 109
276 135 278 137
277 8 279 10
277 26 285 26
277 28 278 31
277 44 285 44
277 61 285 61
277 68 285 68
275 81 283 81
277 102 279 104
277 107 284 107
277 120 285 120
277 128 285 128
277 129 285 129
277 143 279 145
278 7 285 7
278 13 286 13
278 23 280 25
278 34 286 34
281 50 286 50
278 49 280 51
278 60 286 60
278 63 280 65
278 70 279 73
278 74 286 74
278 75 286 75
278 84 286 84
278 88 286 88
278 89 286 89
278 99 280 101
278 111 281 112
278 114 286 114
278 118 286 118
278 123 286 123
278 124 285 124
278 133 286 133
278 134 286 134
278 138 280 140
279 1 281 3
279 12 287 12
280 27 281 29
280 30 287 30
279 27 279 31
279 45 287 45
279 46 287 46
279 48 287 48
279 52 287 52
279 54 287 54
279 93 281 95
279 96 281 98
279 117 287 117
279 135 281 137
280 8 282 10
280 17 282 19
280 20 288 20
280 38 288 38
280 43 284 43
280 53 288 53
280 55 288 55
280 56 288 56
280 70 282 72
280 73 288 73
280 80 288 80
280 85 288 85
280 102 282 104
280 126 286 126
280 127 288 127
280 143 282 145
281 5 289 5
281 6 289 6
281 11 289 11
281 23 283 25
281 31 284 32
281 36 289 36
281 37 289 37
281 39 289 39
281 40 289 40
281 49 289 49
281 51 289 51
281 63 283 65
281 78 283 79
281 83 289 83
281 87 289 87
281 99 283 101
281 106 289 106
281 110 289 110
281 121 289 121
281 122 289 122
281 125 289 125
281 131 289 131
281 132 288 132
281 138 283 140
282 1 284 3
282 27 284 29
282 59 290 59
282 93 284 95
282 96 284 98
282 105 290 105
282 111 290 111
282 112 290 112
282 115 290 115
282 119 290 119
282 130 290 130
282 135 284 137
283 8 285 9
283 16 285 18
283 19 291 19
283 33 291 33
283 41 291 41
280 62 288 62
283 67 291 67
283 69 285 71
283 72 291 72
283 82 291 82
283 92 291 92
283 102 285 104
283 113 291 113
283 116 291 116
283 143 285 145
284 0 292 0
284 4 292 4
284 21 286 23
284 24 292 24
284 25 292 25
284 47 292 47
284 57 292 57
284 58 292 58
284 63 286 65
284 66 292 66
284 76 292 76
284 77 286 79
284 81 289 81
284 99 286 101
284 138 286 140
284 141 290 141
284 142 292 142
285 1 287 3
285 14 293 14
285 15 293 15
285 27 287 29
285 31 293 31
285 32 293 32
285 35 293 35
285 42 288 43
285 86 293 86
285 90 293 90
285 91 293 91
285 93 287 95
285 96 287 98
285 107 287 109
285 135 287 137
286 7 288 9
283 10 291 10
286 16 288 18
286 26 294 26
286 44 294 44
286 61 294 61
286 68 288 70
286 71 294 71
286 102 294 102
286 103 294 103
286 104 294 104
286 120 294 120
286 128 294 128
286 129 294 129
286 143 288 145
287 13 295 13
287 21 289 23
287 34 295 34
287 50 295 50
287 60 295 60
287 63 289 65
287 74 295 74
287 75 295 75
287 77 295 77
287 78 290 79
287 84 295 84
287 88 295 88
287 89 295 89
287 99 289 101
287 114 295 114
287 118 295 118
287 123 295 123
286 124 294 124
287 133 295 133
287 134 295 134
287 138 295 138
287 139 295 139
287 140 295 140
288 1 290 3
288 12 296 12
288 27 290 29
288 30 296 30
288 45 296 45
288 46 296 46
288 48 295 48
288 52 296 52
288 54 296 54
288 93 290 95
288 96 290 98
288 107 290 108
288 117 296 117
288 135 290 137
289 7 291 9
289 16 291 18
289 20 297 20
289 38 297 38
289 42 297 42
289 43 297 43
289 53 297 53
289 55 297 55
289 56 297 56
289 62 297 62
289 68 291 70
289 73 297 73
289 80 297 80
289 85 295 85
287 126 295 126
289 127 297 127
289 143 291 145
290 5 298 5
290 6 298 6
290 11 296 11
290 21 292 23
290 36 298 36
290 37 298 37
290 39 298 39
290 40 298 40
290 49 295 49
290 51 298 51
290 63 292 65
290 83 298 83
290 87 298 87
290 99 292 101
290 106 298 106
290 110 298 110
290 121 298 121
290 122 298 122
290 125 298 125
290 131 298 131
289 132 297 132
291 1 293 3
291 27 293 29
291 59 299 59
291 78 299 78
291 79 299 79
291 93 293 95
291 96 293 98
291 105 299 105
291 107 299 107
291 108 299 108
288 109 296 109
291 111 299 111
291 115 299 115
291 119 299 119
291 130 299 130
291 135 293 137
292 7 294 9
292 10 300 10
292 16 294 18
292 19 300 19
292 33 300 33
292 41 300 41
292 67 294 69
292 70 300 70
292 72 300 72
292 82 300 82
292 92 300 92
292 113 297 113
292 116 300 116
292 143 300 143
292 144 300 144
292 145 300 145
293 0 301 0
293 4 301 4
293 21 295 23
293 24 301 24
293 25 301 25
293 47 301 47
293 57 301 57
293 58 301 58
293 63 295 65
293 66 300 66
293 76 301 76
290 81 298 81
293 99 295 101
291 141 299 141
293 142 301 142
294 1 296 3
294 14 302 14
294 15 302 15
294 27 296 29
294 31 302 31
294 32 302 32
294 35 302 35
294 86 302 86
294 90 302 90
294 91 302 91
294 93 296 95
294 96 296 98
294 135 296 137
295 7 297 9
295 16 297 18
295 26 303 26
295 44 303 44
295 61 303 61
295 67 297 69
295 71 301 71
295 102 297 104
295 112 303 112
295 120 303 120
295 124 303 124
295 128 303 128
295 129 303 129
296 13 304 13
296 21 298 23
296 34 304 34
296 48 298 50
296 60 304 60
296 63 298 65
296 74 304 74
296 75 304 75
296 77 304 77
296 84 299 85
296 88 304 88
296 89 304 89
296 99 298 101
296 114 304 114
296 118 304 118
296 123 304 123
296 126 304 126
296 133 304 133
296 134 304 134
296 138 298 140
297 1 299 3
297 11 300 12
297 27 299 29
297 30 305 30
297 45 304 45
297 46 304 46
297 52 305 52
297 54 305 54
297 93 305 93
297 94 299 96
297 97 305 97
297 98 305 98
297 109 305 109
297 117 305 117
297 135 299 137
298 7 300 9
298 16 300 18
298 20 306 20
298 38 306 38
298 42 306 42
298 43 306 43
298 53 306 53
298 55 306 55
298 56 306 56
298 62 306 62
298 67 300 69
298 73 306 73
298 80 306 80
298 102 300 104
298 127 306 127
298 132 306 132
299 5 307 5
299 6 307 6
299 21 301 23
299 36 307 36
299 37 307 37
299 39 307 39
299 40 307 40
299 48 301 50
299 51 307 51
299 63 301 65
299 81 306 81
299 83 307 83
299 87 307 87
299 99 301 101
299 106 307 106
299 110 307 110
299 121 307 121
299 122 307 122
299 125 307 125
299 131 307 131
299 138 301 140
300 1 301 3
300 27 302 28
300 59 308 59
300 78 308 78
300 79 308 79
300 84 308 84
300 85 308 85
300 94 302 96
300 105 308 105
300 107 308 107
300 108 308 108
300 111 308 111
300 115 308 115
300 119 308 119
300 130 308 130
300 135 302 137
300 141 308 141
301 7 303 9
301 10 303 12
301 16 303 18
301 19 309 19
301 33 309 33
301 41 309 41
306 67 309 68
301 66 303 68
301 69 304 70
301 72 309 72
301 82 309 82
301 92 309 92
301 102 303 104
298 113 306 113
301 116 306 116
301 143 303 145
302 0 310 0
302 1 303 4
302 21 304 23
302 24 310 24
302 25 310 25
302 47 304 48
302 49 305 50
302 57 310 57
302 58 310 58
302 63 304 65
302 76 310 76
302 99 304 101
302 138 304 140
302 142 308 142
303 14 311 14
303 15 311 15
303 27 309 27
303 28 309 28
300 29 308 29
303 31 311 31
303 32 311 32
303 35 311 35
303 86 311 86
303 90 311 90
303 91 311 91
303 94 305 96
303 135 305 137
304 1 306 3
304 4 312 4
304 7 306 9
304 10 306 12
304 16 306 18
304 26 312 26
304 44 312 44
304 61 312 61
306 66 312 66
304 66 305 68
302 71 310 71
304 102 306 104
304 112 312 112
304 120 312 120
304 124 312 124
304 128 312 128
304 129 312 129
304 143 306 145
305 13 313 13
305 21 307 23
305 34 313 34
310 47 313 47
307 48 313 48
305 60 313 60
305 63 307 65
305 69 313 69
305 74 313 74
305 75 311 75
305 77 313 77
305 88 313 88
305 89 313 89
305 99 307 101
305 114 313 114
305 118 313 118
305 123 313 123
305 126 313 126
305 133 313 133
305 134 313 134
305 138 307 140
306 30 314 30
305 45 306 48
306 49 314 49
306 50 314 50
306 52 314 52
306 54 314 54
306 93 308 95
306 96 308 98
306 109 314 109
306 135 308 137
307 1 309 3
307 7 309 9
307 10 309 12
307 16 309 18
307 20 315 20
307 38 315 38
307 42 315 42
307 43 315 43
307 45 309 47
307 53 315 53
307 55 315 55
307 56 315 56
307 62 315 62
310 68 315 68
307 73 315 73
307 80 315 80
307 102 309 104
307 113 315 113
307 116 310 117
307 127 313 127
307 132 315 132
307 143 309 145
308 5 316 5
308 6 316 6
308 21 310 23
308 36 316 36
308 37 316 37
308 39 316 39
308 40 316 40
308 63 310 65
308 70 316 70
307 81 315 81
308 83 316 83
308 87 316 87
308 99 310 101
308 106 316 106
308 110 316 110
308 121 316 121
308 122 316 122
308 125 316 125
308 131 316 131
308 138 310 140
309 59 317 59
309 78 317 78
309 79 317 79
309 84 316 84
309 85 316 85
309 93 311 95
309 96 311 98
309 105 315 105
309 107 312 108
309 111 317 111
309 115 317 115
309 119 317 119
309 130 317 130
309 135 311 137
313 141 317 141
310 1 312 3
310 7 312 9
310 10 312 12
310 16 312 18
310 19 318 19
310 27 312 29
310 33 318 33
310 41 318 41
310 45 313 46
310 67 318 67
310 72 318 72
310 82 317 82
310 92 318 92
310 102 312 104
310 143 312 145
311 0 319 0
311 21 313 23
311 24 319 24
311 25 319 25
311 57 319 57
311 58 319 58
311 63 319 63
311 64 319 64
311 65 318 65
311 71 319 71
311 76 319 76
311 99 319 99
311 100 319 100
311 101 319 101
311 116 319 116
311 117 319 117
311 138 313 140
309 141 312 142
312 14 320 14
312 15 320 15
312 31 320 31
312 32 320 32
312 35 320 35
312 51 320 51
312 86 320 86
312 90 320 90
312 91 320 91
312 93 313 95
312 96 319 96
312 97 320 97
312 98 320 98
312 135 314 137
313 1 315 3
313 4 321 4
313 7 315 9
313 10 315 12
313 16 315 18
313 26 315 28
313 29 321 29
313 44 321 44
313 61 321 61
313 66 321 66
313 102 315 104
313 107 321 107
313 108 321 108
313 112 321 112
313 120 321 120
313 124 321 124
313 128 321 128
313 129 321 129
313 142 315 144
313 145 321 145
314 13 322 13
314 21 316 23
314 34 322 34
314 45 316 47
314 48 322 48
314 60 321 60
314 69 322 69
314 74 322 74
312 75 320 75
314 77 322 77
314 88 322 88
314 89 322 89
314 114 322 114
314 118 319 118
314 123 322 123
314 126 317 127
314 133 322 133
314 134 321 134
314 138 316 140
315 30 323 30
315 49 323 49
315 50 323 50
315 52 323 52
315 54 323 54
314 93 316 95
315 109 323 109
315 135 317 137
316 1 318 3
316 7 318 9
316 10 318 12
316 16 318 18
316 20 324 20
316 26 318 28
316 38 324 38
316 42 324 42
316 43 323 43
316 53 324 53
316 55 324 55
316 56 324 56
316 62 323 62
316 68 324 68
316 73 324 73
316 80 319 81
316 102 318 104
316 113 324 113
316 132 324 132
316 142 318 144
317 5 325 5
317 6 325 6
317 21 319 23
317 36 325 36
317 37 325 37
317 39 325 39
317 40 325 40
317 45 319 47
317 70 325 70
317 83 319 85
317 87 325 87
317 93 319 95
317 106 324 106
317 110 325 110
317 121 325 121
317 122 325 122
317 125 325 125
317 131 325 131
317 138 319 140
318 59 326 59
318 78 321 79
316 105 324 105
318 111 326 111
318 115 326 115
318 119 325 119
318 127 326 127
318 130 326 130
318 135 320 137
318 141 322 141
319 1 321 3
319 7 321 9
319 10 321 12
319 16 320 19
319 26 321 28
319 33 327 33
319 41 327 41
319 67 327 67
319 72 327 72
318 82 326 82
319 92 326 92
319 102 321 104
319 126 327 126
319 142 321 144
320 21 322 23
320 24 328 24
320 25 328 25
320 45 322 47
320 57 328 57
320 58 326 58
320 63 323 64
319 65 327 65
320 71 328 71
320 76 328 76
320 80 328 80
320 81 328 81
320 83 322 85
320 93 328 93
320 94 322 96
320 99 322 101
320 116 328 116
320 117 323 118
320 138 322 140
321 14 329 14
321 15 323 17
321 18 329 18
321 19 329 19
321 31 329 31
321 32 329 32
321 35 329 35
321 51 329 51
321 75 329 75
321 86 329 86
321 90 326 90
321 91 329 91
321 97 329 97
321 98 329 98
321 135 323 137
322 0 323 3
322 4 330 4
322 7 324 9
322 10 324 12
322 26 330 26
322 27 330 27
322 28 330 28
322 29 330 29
322 44 330 44
322 60 325 61
322 66 330 66
322 78 330 78
322 79 330 79
322 102 324 104
322 107 328 107
322 108 330 108
322 112 330 112
322 120 330 120
322 124 330 124
322 128 330 128
322 129 330 129
322 142 324 144
322 145 330 145
323 13 331 13
323 21 325 23
323 34 331 34
323 45 325 47
323 48 331 48
323 69 331 69
323 74 331 74
323 77 331 77
323 83 325 85
323 88 326 89
323 94 325 96
323 99 325 101
323 114 331 114
323 123 327 123
323 133 330 133
322 134 330 134
323 138 325 140
324 0 326 2
324 3 332 3
324 15 326 17
324 30 332 30
324 50 332 50
324 52 332 52
324 54 332 54
324 63 332 63
324 64 332 64
324 109 332 109
324 117 332 117
324 118 332 118
324 135 326 137
325 7 326 9
325 10 333 10
325 11 333 11
325 12 333 12
325 20 333 20
325 38 333 38
325 42 333 42
324 43 332 43
325 53 333 53
325 55 333 55
325 56 333 56
324 62 332 62
325 68 333 68
325 73 333 73
325 102 327 104
325 105 328 106
325 113 333 113
325 132 333 132
325 142 327 144
326 5 334 5
326 6 334 6
326 21 328 23
326 36 334 36
326 37 334 37
326 39 334 39
326 40 334 40
326 45 328 47
326 49 334 49
326 60 334 60
326 61 334 61
326 70 334 70
326 83 328 85
326 87 334 87
326 94 334 94
326 95 334 95
326 96 334 96
326 99 328 101
326 110 334 110
326 121 334 121
326 122 333 122
326 125 334 125
326 131 334 131
326 138 328 140
327 0 329 2
327 15 329 17
327 58 330 59
327 82 335 82
327 88 335 88
327 89 330 90
327 111 334 111
327 115 335 115
326 119 334 119
327 127 335 127
327 130 334 130
327 135 329 137
323 141 331 141
330 7 336 7
327 7 329 9
328 33 336 33
328 41 336 41
328 65 336 65
328 67 336 67
328 72 336 72
327 92 335 92
328 102 330 104
328 126 336 126
328 142 330 144
329 21 331 23
329 24 337 24
329 25 337 25
329 45 331 47
329 57 337 57
329 71 337 71
329 76 337 76
329 80 337 80
329 81 337 81
329 83 331 85
329 93 336 93
329 99 331 101
329 105 336 105
329 106 332 107
329 116 337 116
329 138 331 140
330 0 332 2
330 8 338 8
330 9 338 9
330 14 332 16
330 17 332 19
330 31 338 31
330 32 338 32
330 35 338 35
330 51 338 51
330 75 338 75
330 86 338 86
330 91 338 91
330 97 338 97
330 98 338 98
330 135 332 137
331 4 339 4
331 26 333 28
331 29 339 29
331 44 339 44
331 58 339 58
331 59 339 59
331 78 339 78
331 79 339 79
331 90 339 90
331 102 333 104
331 108 339 108
331 112 339 112
331 120 339 120
331 124 337 124
331 128 339 128
331 129 339 129
331 133 333 134
331 142 333 144
331 145 338 145
332 13 336 13
332 21 334 23
332 45 334 47
332 48 340 48
332 66 340 66
332 69 340 69
332 74 340 74
332 77 339 77
332 83 334 85
332 99 334 101
332 114 340 114
328 123 336 123
332 138 334 140
333 0 335 2
333 3 340 3
333 14 335 16
333 17 335 19
333 30 339 30
333 43 341 43
333 50 341 50
333 52 341 52
333 54 341 54
333 62 335 64
333 89 341 89
333 107 341 107
333 109 341 109
333 117 341 117
333 118 341 118
333 135 335 137
334 10 336 12
334 20 342 20
334 26 336 28
334 38 342 38
334 42 342 42
334 53 342 53
334 55 342 55
334 68 342 68
334 73 342 73
334 102 336 104
334 113 342 113
334 132 336 134
334 141 336 143
334 144 342 144
335 5 343 5
335 6 343 6
335 21 338 22
335 23 343 23
335 34 343 34
335 36 343 36
335 37 339 37
335 39 343 39
335 40 343 40
335 45 337 47
335 49 343 49
335 56 343 56
335 60 338 61
335 70 343 70
335 83 337 85
335 87 343 87
335 94 337 96
335 99 337 101
335 110 338 111
335 119 343 119
335 121 343 121
334 122 342 122
335 125 343 125
335 131 342 131
335 138 337 140
336 0 338 2
336 15 344 15
336 16 338 18
336 19 344 19
336 62 338 64
336 82 344 82
336 88 344 88
336 92 344 92
336 115 344 115
336 127 344 127
335 130 343 130
336 135 338 137
337 7 343 7
337 10 339 12
337 13 340 14
337 26 339 28
337 33 345 33
337 41 345 41
337 65 345 65
337 67 345 67
337 72 345 72
337 102 339 104
337 105 340 106
337 126 345 126
337 132 339 134
337 141 339 143
338 24 346 24
338 25 346 25
338 45 340 47
338 57 346 57
338 71 346 71
338 76 346 76
338 80 346 80
338 81 346 81
338 83 340 85
338 94 340 95
338 96 346 96
338 99 340 100
338 116 346 116
338 123 341 124
338 138 340 140
339 0 341 2
339 8 347 8
339 9 347 9
339 16 341 18
339 21 347 21
339 22 347 22
339 31 347 31
339 32 347 32
339 35 347 35
339 51 347 51
339 60 341 62
339 63 347 63
339 75 347 75
339 86 347 86
339 91 347 91
339 97 347 97
339 98 347 98
339 110 347 110
339 111 347 111
339 135 341 137
340 4 348 4
340 10 342 12
340 26 342 28
340 29 348 29
340 44 348 44
340 58 348 58
340 59 348 59
343 78 348 78
340 77 342 79
340 90 348 90
340 102 342 104
340 108 348 108
340 112 348 112
340 120 348 120
340 128 348 128
340 129 348 129
340 132 348 132
340 133 348 133
340 134 348 134
340 141 342 143
339 145 347 145
345 13 348 14
341 13 344 14
341 45 343 47
341 48 349 48
341 64 349 64
341 66 349 66
341 69 349 69
341 74 349 74
341 83 343 85
337 93 345 93
341 94 349 94
341 95 349 95
341 99 344 100
338 101 344 101
341 105 349 105
341 106 349 106
341 114 349 114
341 138 343 140
342 0 344 2
341 3 349 3
342 16 344 18
340 30 348 30
342 43 350 43
342 50 347 50
342 52 350 52
342 54 350 54
342 60 344 62
342 89 350 89
342 107 349 107
342 109 350 109
342 117 350 117
342 118 350 118
342 123 345 124
342 135 344 137
343 10 345 12
343 20 351 20
343 26 351 26
343 27 351 27
343 38 351 38
343 42 351 42
343 53 351 53
343 55 351 55
343 68 351 68
343 73 351 73
343 77 351 77
343 79 351 79
343 102 345 104
343 113 351 113
343 122 351 122
343 141 345 143
343 144 351 144
344 5 352 5
344 6 352 6
344 23 352 23
344 34 352 34
344 36 352 36
340 37 348 37
344 39 352 39
344 40 352 40
344 45 346 47
344 49 352 49
344 56 352 56
344 70 352 70
344 83 346 85
344 87 352 87
344 119 352 119
344 121 352 121
344 125 352 125
344 130 352 130
343 131 351 131
344 138 346 140
345 0 347 2
345 15 353 15
345 16 347 18
345 19 353 19
345 60 347 62
345 82 353 82
345 88 353 88
345 92 353 92
345 99 353 99
345 100 348 101
345 115 353 115
345 127 353 127
345 135 347 137
344 7 352 7
346 10 348 12
346 28 354 28
346 33 354 33
346 41 354 41
346 65 354 65
346 67 354 67
346 72 354 72
346 93 354 93
346 102 348 104
346 123 349 124
346 126 354 126
346 141 348 143
347 24 355 24
347 25 355 25
347 45 349 47
347 57 352 57
347 71 355 71
347 76 355 76
347 80 350 81
347 83 349 85
347 96 355 96
347 116 355 116
347 138 355 138
347 139 355 139
347 140 355 140
348 0 350 2
348 8 356 8
348 9 356 9
349 14 356 14
348 16 350 18
348 21 356 21
348 22 356 22
348 31 356 31
348 32 356 32
348 35 356 35
348 50 351 51
348 60 350 62
348 63 356 63
348 75 356 75
348 86 356 86
348 91 356 91
348 97 356 97
348 98 356 98
348 110 356 110
348 111 356 111
348 135 350 137
348 145 356 145
349 4 357 4
349 10 351 12
349 29 357 29
349 30 357 30
349 37 357 37
349 44 357 44
349 58 352 59
349 78 356 78
349 90 356 90
349 100 351 102
349 103 357 103
349 104 357 104
349 108 357 108
349 112 357 112
349 120 357 120
349 128 357 128
349 129 357 129
349 132 357 132
349 133 357 133
349 134 357 134
349 141 351 143
350 3 355 3
350 45 352 47
350 48 358 48
350 64 358 64
350 66 358 66
350 69 358 69
350 74 358 74
350 83 358 83
350 84 358 84
350 85 358 85
350 94 358 94
350 95 358 95
355 105 357 107
350 105 352 107
350 114 358 114
350 123 358 123
350 124 357 124
351 0 353 2
351 13 359 13
351 16 353 18
351 43 359 43
351 52 359 52
351 54 359 54
351 60 353 62
351 80 353 81
351 89 359 89
351 109 359 109
351 117 359 117
351 118 359 118
351 135 353 137
352 10 354 12
352 20 360 20
352 26 360 26
352 27 360 27
352 38 359 38
352 42 360 42
352 50 360 50
352 51 360 51
352 53 360 53
352 68 360 68
352 73 358 73
352 77 360 77
352 100 354 102
352 113 359 113
352 122 360 122
352 131 360 131
352 141 354 143
352 144 360 144
353 5 361 5
353 6 361 6
353 7 361 7
353 23 361 23
353 34 361 34
353 36 361 36
353 39 361 39
353 40 361 40
353 45 361 45
353 47 361 47
353 49 361 49
353 55 355 57
353 58 356 59
353 70 359 70
353 87 361 87
353 105 354 107
353 119 361 119
353 121 361 121
353 125 360 125
353 130 361 130
354 0 356 2
354 15 356 17
354 18 362 18
354 19 362 19
354 46 362 46
354 60 356 62
354 79 356 81
354 82 362 82
354 88 362 88
354 92 360 92
354 99 362 99
354 115 362 115
354 127 362 127
354 135 356 137
355 10 357 12
355 28 363 28
355 33 363 33
355 41 363 41
355 65 363 65
355 67 363 67
355 72 363 72
355 93 360 93
355 100 363 100
355 101 363 101
355 102 363 102
355 126 363 126
355 141 357 143
356 24 359 25
356 55 364 55
356 56 364 56
356 57 364 57
356 71 364 71
356 76 364 76
356 96 364 96
358 107 365 107
356 116 364 116
356 138 358 140
357 0 359 2
357 8 364 8
357 9 364 9
357 14 359 16
357 17 365 17
357 21 365 21
357 22 361 22
357 31 365 31
357 32 365 32
357 35 365 35
357 58 359 60
357 61 359 63
357 75 365 75
357 78 359 80
357 81 365 81
357 86 365 86
357 90 360 91
357 97 365 97
357 98 365 98
358 106 365 106
357 110 365 110
357 111 365 111
357 135 359 137
357 145 365 145
358 4 365 4
358 10 360 12
358 29 366 29
358 30 363 30
358 37 366 37
358 44 366 44
358 103 366 103
358 104 365 104
358 108 366 108
358 112 366 112
358 120 366 120
358 128 366 128
358 129 366 129
358 132 360 134
358 141 360 143
356 3 364 3
359 48 367 48
359 64 367 64
359 66 367 66
359 69 367 69
359 73 362 74
359 83 361 85
359 94 367 94
359 95 365 95
359 114 367 114
359 123 367 123
358 124 366 124
359 138 361 140
360 0 362 2
360 13 362 15
360 16 368 16
360 25 368 25
360 43 368 43
360 52 368 52
360 54 368 54
360 58 362 60
360 61 362 63
360 78 362 80
360 89 368 89
360 105 368 105
360 109 368 109
360 117 368 117
360 118 368 118
360 135 362 137
361 10 363 12
361 20 369 20
361 24 369 24
361 26 369 26
361 27 369 27
360 38 368 38
361 42 369 42
361 50 367 50
361 51 369 51
361 53 369 53
361 68 369 68
361 77 369 77
361 90 369 90
361 91 363 93
360 113 368 113
361 122 369 122
361 131 363 133
361 134 369 134
361 141 363 143
361 144 369 144
362 5 364 7
362 22 365 23
362 34 370 34
362 36 370 36
362 39 370 39
362 40 369 40
362 45 370 45
362 47 370 47
362 49 370 49
360 70 368 70
362 83 364 85
362 87 370 87
362 119 370 119
362 121 370 121
361 125 369 125
362 130 370 130
362 138 364 140
363 0 365 2
363 13 365 15
363 18 371 18
363 19 371 19
363 46 371 46
363 58 365 60
363 61 365 63
363 73 371 73
363 74 371 74
363 78 365 80
363 82 371 82
363 88 371 88
363 99 371 99
363 115 371 115
363 127 371 127
363 135 365 137
364 10 366 12
364 28 372 28
364 33 372 33
364 41 369 41
364 65 372 65
364 67 372 67
364 72 372 72
364 91 366 93
364 100 366 102
364 126 372 126
364 131 366 133
364 141 366 143
365 3 373 3
365 5 373 5
365 6 373 6
365 7 367 9
365 55 367 57
365 71 373 71
365 76 373 76
365 83 367 85
365 96 373 96
365 116 373 116
365 138 367 140
366 0 368 2
366 13 368 15
366 17 374 17
366 21 368 23
366 31 374 31
366 32 374 32
366 35 374 35
366 58 368 60
366 61 374 61
366 62 374 62
366 63 374 63
366 75 374 75
366 78 368 80
366 81 374 81
366 86 374 86
366 97 374 97
366 98 374 98
370 106 374 106
366 106 369 107
366 110 374 110
366 111 374 111
366 135 368 137
366 145 374 145
366 4 374 4
367 10 369 12
367 29 375 29
364 30 372 30
367 37 375 37
367 44 374 44
367 91 369 93
367 100 369 102
367 103 375 103
366 104 374 104
367 108 375 108
367 112 375 112
367 120 375 120
367 124 375 124
367 128 375 128
367 129 375 129
367 131 369 133
367 141 369 143
368 7 370 9
368 48 376 48
368 55 370 57
368 64 376 64
368 66 376 66
368 69 376 69
368 83 370 85
368 94 376 94
366 95 374 95
368 114 376 114
368 123 376 123
368 138 370 140
369 0 371 2
369 13 371 15
369 16 377 16
369 21 371 23
369 25 377 25
369 38 375 38
369 43 374 43
369 52 376 52
369 54 377 54
369 58 371 60
369 70 377 70
369 78 371 80
369 89 377 89
369 109 377 109
369 113 376 113
369 117 377 117
369 118 377 118
369 135 371 137
370 10 372 12
370 20 378 20
370 24 378 24
370 26 378 26
370 27 378 27
370 40 372 42
368 50 376 50
370 51 376 51
370 53 378 53
370 68 376 68
370 77 378 77
370 90 372 92
370 93 378 93
370 100 372 102
370 107 378 107
370 122 378 122
370 125 378 125
370 131 372 133
370 134 378 134
370 141 372 143
370 144 377 144
371 7 373 9
371 34 379 34
371 36 379 36
371 39 379 39
371 45 379 45
371 47 379 47
371 49 379 49
371 55 373 57
371 83 373 85
371 87 379 87
371 119 377 119
371 121 378 121
371 130 379 130
371 138 373 140
372 0 374 2
372 13 374 15
372 18 380 18
372 19 380 19
372 21 380 21
372 22 380 22
372 23 380 23
372 46 380 46
372 58 374 60
372 73 380 73
372 74 380 74
372 78 374 80
372 82 380 82
372 88 380 88
372 99 380 99
372 115 380 115
372 127 380 127
372 135 374 137
373 10 375 12
373 28 381 28
373 30 381 30
373 33 381 33
373 40 375 42
373 65 381 65
373 67 381 67
373 72 381 72
373 90 375 92
373 100 375 102
373 126 381 126
373 131 375 133
373 141 375 143
374 3 382 3
374 5 382 5
374 6 382 6
374 7 376 9
374 55 376 57
374 71 382 71
374 76 382 76
374 83 376 85
374 96 382 96
374 116 382 116
374 138 376 140
375 0 377 2
375 4 383 4
375 13 377 15
375 17 382 17
375 31 383 31
375 32 383 32
375 58 377 60
375 61 377 63
375 75 381 75
375 78 383 78
375 79 377 81
375 86 381 86
375 95 382 95
375 97 382 97
375 98 383 98
375 104 377 106
375 110 383 110
375 111 383 111
375 135 377 137
375 145 383 145
376 10 378 12
376 29 384 29
376 37 379 38
376 40 378 42
379 44 384 44
376 90 378 92
376 100 378 102
376 103 384 103
376 108 384 108
376 120 384 120
376 124 384 124
376 128 384 128
376 129 384 129
376 131 378 133
376 141 377 143
377 7 379 9
377 48 385 48
377 50 379 52
377 55 379 57
377 64 385 64
377 66 385 66
377 69 385 69
377 83 379 85
377 94 385 94
377 112 379 114
377 123 382 123
377 138 379 140
378 0 380 2
378 13 380 15
378 16 386 16
378 25 386 25
378 35 386 35
375 43 378 44
378 54 386 54
378 58 380 60
378 61 380 63
378 70 385 70
378 79 380 81
378 89 386 89
378 104 380 106
378 109 386 109
378 117 386 117
378 118 386 118
378 135 380 137
379 10 381 12
379 20 387 20
379 24 387 24
379 26 387 26
379 27 387 27
379 40 381 42
379 43 387 43
379 53 387 53
377 68 385 68
379 77 387 77
379 90 381 92
379 93 387 93
379 100 381 102
379 107 387 107
379 121 382 122
379 125 387 125
379 131 381 133
379 134 387 134
380 141 381 143
378 141 379 144
380 7 382 9
380 34 388 34
380 36 382 38
380 39 388 39
380 45 388 45
380 47 388 47
380 49 382 51
380 52 388 52
380 55 382 57
380 83 381 85
380 87 388 87
380 112 383 113
380 114 388 114
378 119 386 119
380 130 388 130
380 138 382 140
380 144 388 144
381 0 382 2
381 13 383 15
381 18 389 18
381 19 389 19
381 21 383 23
381 46 389 46
381 58 383 60
381 61 383 63
381 73 389 73
381 74 389 74
381 79 383 81
381 82 389 82
381 88 389 88
381 99 389 99
381 104 383 106
381 115 389 115
381 127 389 127
381 135 383 137
382 10 384 12
382 28 390 28
382 30 390 30
382 33 390 33
382 40 384 42
382 65 390 65
382 67 390 67
382 72 390 72
382 90 384 92
382 100 384 102
382 126 390 126
382 131 384 133
382 141 384 143
383 0 384 3
383 5 385 7
383 8 391 8
383 9 391 9
383 36 385 38
383 49 385 51
383 55 385 57
383 71 390 71
383 76 391 76
382 83 383 86
383 96 391 96
383 116 391 116
383 121 391 121
383 122 386 123
383 138 385 140
384 4 392 4
384 13 386 15
383 17 391 17
384 21 386 23
384 31 392 31
384 32 392 32
384 58 386 60
384 61 386 63
382 75 390 75
384 78 386 80
384 81 392 81
384 83 386 85
384 86 392 86
383 95 391 95
383 97 391 97
384 98 392 98
384 104 386 106
384 110 392 110
384 111 386 113
384 135 386 137
385 0 387 2
385 3 393 3
385 10 387 12
385 29 393 29
385 40 387 42
385 44 393 44
385 90 387 92
385 100 393 100
385 101 387 103
385 108 393 108
385 120 393 120
385 124 393 124
385 128 393 128
385 129 393 129
385 131 387 133
385 141 387 143
386 5 388 7
386 36 388 38
386 48 388 50
386 51 394 51
386 55 388 57
386 64 394 64
386 66 394 66
386 68 388 70
386 94 394 94
386 138 388 140
386 145 394 145
387 13 389 15
387 16 395 16
387 21 389 23
387 25 395 25
387 35 395 35
387 54 395 54
387 58 389 60
387 61 389 63
387 78 389 80
387 83 389 85
387 89 395 89
387 104 389 106
387 111 389 113
387 117 389 119
387 122 395 122
387 123 395 123
387 135 389 137
388 0 390 2
388 10 396 10
388 11 396 11
388 12 396 12
388 20 393 20
388 24 396 24
388 26 396 26
388 27 396 27
388 40 390 42
388 43 396 43
388 53 395 53
388 77 396 77
388 90 390 92
388 93 396 93
388 103 396 103
388 107 396 107
388 125 396 125
388 131 390 133
388 134 395 134
388 141 390 143
389 5 391 7
389 34 397 34
389 36 391 38
389 39 397 39
389 45 396 45
389 47 391 49
389 50 397 50
389 52 396 52
389 55 391 57
389 68 391 70
389 87 397 87
389 101 397 101
389 109 397 109
389 114 396 114
389 130 397 130
389 138 391 140
389 144 397 144
390 13 392 15
390 18 393 19
390 21 392 23
390 46 398 46
390 58 392 60
390 61 392 63
390 73 398 73
390 74 398 74
390 78 392 80
390 82 392 84
390 85 396 85
390 88 398 88
390 99 398 99
390 104 392 106
390 111 392 113
390 115 398 115
390 117 392 119
390 127 398 127
390 135 392 137
391 0 393 2
391 28 399 28
391 30 399 30
391 33 399 33
395 40 398 41
391 40 394 41
391 42 399 42
391 65 399 65
391 67 399 67
391 72 399 72
391 75 399 75
391 90 393 92
391 126 399 126
391 131 393 133
391 141 393 143
392 5 394 7
392 8 400 8
392 9 398 9
392 17 400 17
392 36 394 38
392 47 394 49
392 55 400 55
392 56 400 56
392 57 400 57
392 68 400 68
392 69 400 69
392 70 400 70
391 71 399 71
392 76 400 76
392 95 394 97
392 116 400 116
392 121 400 121
392 138 394 140
393 4 401 4
393 13 401 13
393 14 401 14
393 15 401 15
393 21 395 23
393 31 401 31
393 32 400 32
393 58 401 58
393 59 395 61
393 62 401 62
393 63 401 63
393 78 395 80
393 81 395 83
393 84 400 84
393 86 401 86
393 98 398 98
393 104 395 106
393 110 395 112
393 113 401 113
393 117 395 119
393 135 395 137
394 0 396 2
394 3 402 3
394 18 396 20
394 29 402 29
394 44 402 44
394 90 396 92
394 100 402 100
394 102 402 102
394 108 402 108
394 120 402 120
394 124 402 124
394 128 402 128
394 129 402 129
394 131 396 133
394 141 396 143
395 5 397 7
395 36 397 38
395 47 397 49
395 51 403 51
395 64 403 64
395 66 403 66
395 94 397 96
395 97 403 97
395 138 397 140
395 145 403 145
396 16 404 16
396 21 398 22
396 25 404 25
396 35 404 35
396 54 404 54
396 59 398 61
396 78 398 80
396 81 398 83
396 89 404 89
396 104 398 106
396 110 404 110
396 111 404 111
396 112 404 112
396 117 398 119
396 122 404 122
396 123 404 123
396 135 398 137
397 0 405 0
397 1 405 1
397 2 405 2
397 10 399 12
397 18 405 18
397 19 400 20
397 24 405 24
397 26 405 26
397 27 405 27
397 43 405 43
396 53 404 53
397 77 405 77
397 90 399 92
397 93 405 93
397 103 405 103
397 107 404 107
397 125 405 125
397 131 398 133
396 134 404 134
397 141 399 143
398 5 406 5
398 6 406 6
398 7 406 7
398 34 406 34
398 36 400 38
398 39 406 39
397 45 405 45
398 47 400 49
398 50 405 50
397 52 405 52
398 87 406 87
398 94 400 96
398 101 406 101
398 109 406 109
397 114 405 114
398 130 406 130
398 138 400 140
398 144 406 144
399 21 407 21
399 22 407 22
396 23 404 23
399 41 407 41
399 46 407 46
399 59 401 61
399 73 407 73
399 74 407 74
399 78 401 80
399 81 401 83
397 85 405 85
399 88 407 88
399 98 402 99
399 104 401 106
399 115 407 115
399 117 401 119
399 127 407 127
399 135 401 137
400 10 402 12
400 28 408 28
400 30 408 30
400 40 408 40
400 42 407 42
400 65 408 65
400 67 408 67
400 71 408 71
400 72 408 72
400 75 408 75
400 90 402 92
400 126 408 126
402 131 408 131
399 131 401 133
400 141 402 143
401 8 409 8
399 9 407 9
401 17 409 17
401 19 409 19
401 20 409 20
401 32 404 33
401 36 403 38
401 47 403 49
401 55 403 57
401 68 403 70
401 76 409 76
401 94 403 96
401 116 407 116
401 121 409 121
401 138 403 140
402 4 409 4
402 13 404 15
402 31 410 31
402 58 404 60
402 61 404 63
402 78 404 80
402 81 404 83
401 84 409 84
402 86 409 86
402 104 404 106
402 113 410 113
402 117 404 119
402 132 410 132
402 133 410 133
402 135 404 137
403 3 411 3
403 10 405 12
403 29 408 29
403 44 411 44
403 90 405 92
403 98 405 100
403 102 411 102
403 108 411 108
403 120 411 120
403 124 411 124
403 128 411 128
403 129 411 129
403 141 405 143
404 36 406 38
404 47 406 49
404 51 412 51
404 55 406 57
404 64 410 64
404 66 412 66
404 68 406 70
404 94 406 96
404 97 412 97
404 138 406 140
404 145 412 145
405 13 407 15
405 16 413 16
405 23 413 23
405 25 413 25
405 32 413 32
405 33 413 33
405 35 413 35
405 53 413 53
405 54 413 54
405 58 407 60
405 61 407 63
405 78 407 80
405 81 407 83
405 89 412 89
405 104 413 104
405 105 413 105
405 106 408 107
405 110 407 112
405 117 407 119
405 122 413 122
405 123 413 123
405 134 407 136
405 137 413 137
406 0 408 2
406 10 408 12
406 18 414 18
406 24 414 24
406 26 414 26
406 27 414 27
406 43 414 43
406 45 414 45
406 52 414 52
406 77 414 77
406 90 408 92
406 93 414 93
406 98 408 100
406 103 414 103
406 114 413 114
406 125 414 125
406 141 408 143
407 5 409 7
407 34 415 34
407 36 409 38
407 39 415 39
407 47 409 49
406 50 414 50
407 55 409 57
407 68 409 70
407 87 415 87
407 94 409 96
407 101 415 101
407 109 415 109
407 130 415 130
407 138 409 140
407 144 415 144
408 9 416 9
408 13 410 15
408 21 416 21
408 22 416 22
408 41 414 41
408 46 416 46
408 58 410 60
408 61 410 63
408 73 416 73
408 74 416 74
408 78 410 80
408 81 410 83
408 88 416 88
408 110 410 112
408 115 410 117
408 118 414 118
408 119 414 119
408 127 416 127
408 134 410 136
409 0 417 0
409 1 412 2
409 10 411 12
409 28 417 28
409 29 412 30
409 40 417 40
408 42 414 42
409 65 417 65
409 67 417 67
409 71 417 71
409 72 417 72
409 75 417 75
409 90 411 92
409 98 411 100
409 106 417 106
409 107 417 107
409 126 417 126
409 131 417 131
409 141 411 143
410 5 412 7
410 8 418 8
410 17 418 17
410 19 418 19
410 20 418 20
410 36 412 38
410 47 412 49
410 55 412 57
410 68 412 70
410 76 418 76
413 84 418 84
410 84 412 86
410 94 412 96
410 121 418 121
410 138 412 140
410 4 418 4
411 13 413 15
411 31 419 31
411 58 413 60
411 61 412 64
411 78 413 80
411 81 413 83
411 110 413 112
411 113 419 113
411 115 413 117
411 132 413 134
411 135 419 135
411 136 419 136
412 3 420 3
412 10 414 12
412 44 420 44
412 90 414 92
412 98 414 100
412 102 420 102
412 108 420 108
412 120 420 120
412 124 420 124
412 128 420 128
412 129 420 129
412 141 414 143
413 1 421 1
413 2 421 2
413 5 415 7
413 29 421 29
413 30 421 30
413 36 415 38
413 47 415 49
413 51 421 51
413 55 415 57
413 61 415 63
413 64 421 64
413 66 421 66
413 68 415 70
413 85 421 85
413 86 421 86
413 94 415 95
413 97 421 97
413 138 414 140
413 145 421 145
414 13 422 13
414 14 422 14
414 15 422 15
414 16 422 16
414 23 422 23
414 25 422 25
414 32 422 32
414 33 422 33
414 35 422 35
414 53 422 53
414 54 422 54
414 58 416 60
414 78 416 80
414 81 416 83
413 89 421 89
414 104 422 104
414 105 421 105
414 110 416 112
414 114 416 116
414 122 422 122
414 123 422 123
414 132 416 134
414 137 422 137
415 10 417 12
415 18 423 18
415 24 422 24
415 26 423 26
415 27 423 27
415 41 417 43
415 45 423 45
415 50 423 50
415 52 422 52
415 77 423 77
415 90 423 90
415 91 417 93
415 98 417 100
415 103 423 103
415 117 417 119
415 125 423 125
415 141 423 141
415 142 423 142
415 143 423 143
416 5 424 5
416 6 424 6
416 7 424 7
416 34 424 34
416 36 418 38
416 39 424 39
416 47 418 49
416 55 424 55
416 56 424 56
416 57 424 57
416 61 418 63
416 68 418 70
416 87 424 87
416 94 424 94
416 95 424 95
413 96 421 96
416 101 424 101
416 109 424 109
416 130 424 130
415 138 417 140
416 144 424 144
417 9 425 9
417 21 425 21
417 22 425 22
417 46 425 46
417 58 419 60
417 73 425 73
417 74 425 74
417 78 419 80
417 81 419 83
417 88 425 88
417 110 419 112
417 114 419 116
417 127 425 127
417 132 419 134
418 0 426 0
418 10 420 12
418 28 426 28
418 40 420 42
418 65 426 65
418 67 426 67
418 71 426 71
418 72 426 72
418 75 426 75
418 91 420 93
418 98 420 100
418 106 423 106
418 107 423 107
418 117 420 119
418 126 426 126
418 138 420 140
419 4 427 4
419 8 427 8
419 17 427 17
419 19 427 19
419 20 427 20
419 36 421 38
419 43 427 43
419 47 421 49
419 61 421 63
419 68 421 70
419 76 427 76
419 84 427 84
419 121 427 121
419 131 427 131
420 31 428 31
420 58 422 60
420 78 422 80
420 81 422 83
420 110 422 112
420 113 422 115
420 116 428 116
420 132 422 134
420 135 428 135
420 136 428 136
421 3 429 3
421 10 423 12
421 40 423 42
421 44 429 44
421 91 423 93
421 98 423 100
421 102 429 102
421 108 429 108
421 117 423 119
421 120 429 120
421 124 429 124
421 128 429 128
421 129 429 129
421 138 423 140
422 1 430 1
422 2 430 2
422 29 430 29
422 30 430 30
422 36 424 38
422 47 424 49
422 51 430 51
422 61 424 63
422 64 430 64
422 66 430 66
422 68 424 70
422 85 430 85
422 86 430 86
422 89 430 89
422 96 430 96
422 97 430 97
422 145 430 145
423 13 425 15
423 16 431 16
428 23 431 24
423 25 431 25
423 32 431 32
423 33 431 33
423 35 431 35
423 52 425 54
423 58 425 60
423 78 425 80
423 81 425 83
423 104 431 104
422 105 430 105
423 110 425 112
423 113 425 115
423 122 428 122
423 123 431 123
423 132 425 134
423 137 431 137
424 10 426 12
424 18 432 18
423 23 425 24
424 26 432 26
424 27 432 27
424 40 426 42
424 50 432 50
424 77 432 77
424 90 426 92
424 93 432 93
424 98 426 100
424 103 431 103
424 117 426 119
424 125 432 125
424 138 432 138
424 139 432 139
424 140 426 142
424 143 432 143
425 5 427 7
425 34 433 34
425 36 427 38
425 39 433 39
425 45 433 45
425 47 427 49
425 55 427 57
425 61 427 63
425 68 427 70
425 87 433 87
425 94 432 94
425 95 432 95
425 101 432 101
425 109 433 109
425 130 433 130
425 144 433 144
426 9 434 9
426 13 428 15
428 21 434 21
428 22 434 22
426 46 434 46
426 52 434 52
426 53 429 54
426 58 428 60
426 73 434 73
426 74 434 74
426 78 428 80
426 81 434 81
426 82 434 82
426 83 434 83
426 88 434 88
426 110 428 112
426 113 428 115
426 127 434 127
426 132 428 134
427 0 435 0
427 10 429 12
426 21 427 24
427 28 435 28
427 40 435 40
427 41 435 41
427 42 435 42
427 65 435 65
427 67 435 67
427 71 435 71
427 72 435 72
427 75 435 75
427 90 429 92
427 98 429 100
428 106 435 106
424 106 427 107
427 117 429 119
427 126 435 126
427 140 429 142
428 4 430 6
428 7 436 7
428 8 436 8
428 17 436 17
428 19 436 19
428 20 436 20
428 36 436 36
428 37 436 37
428 38 436 38
428 43 436 43
428 47 436 47
428 48 436 48
428 49 436 49
428 55 430 57
428 61 430 63
428 68 430 70
428 76 436 76
428 84 436 84
428 121 436 121
428 131 436 131
429 13 431 15
432 24 437 24
429 31 437 31
429 58 431 60
429 78 431 80
429 110 431 112
429 113 431 115
429 116 437 116
429 132 431 134
429 135 437 135
429 136 437 136
430 3 438 3
430 10 432 12
430 44 438 44
430 53 438 53
430 54 438 54
430 90 432 92
430 99 432 100
430 102 436 102
430 107 433 108
430 117 432 119
430 120 438 120
430 124 438 124
430 128 438 128
430 129 438 129
430 140 432 142
431 1 439 1
431 2 439 2
431 4 433 6
431 29 439 29
431 30 439 30
431 51 439 51
431 55 433 57
431 61 433 63
431 64 439 64
431 66 439 66
431 68 433 70
431 85 439 85
431 86 439 86
431 89 439 89
431 96 438 96
431 97 438 97
431 105 439 105
431 145 439 145
432 13 434 15
432 16 440 16
432 23 440 23
432 25 440 25
432 32 435 33
432 35 440 35
432 58 434 60
432 78 434 80
432 104 440 104
432 110 434 112
432 113 434 115
432 123 435 123
432 132 434 134
432 137 440 137
433 10 435 12
433 18 441 18
433 26 436 27
433 50 441 50
433 77 441 77
433 90 435 92
433 93 435 95
430 98 438 98
433 99 441 99
433 100 436 101
432 103 440 103
433 117 435 119
433 125 441 125
433 138 435 140
433 141 435 143
434 4 436 6
434 34 442 34
434 39 442 39
434 45 442 45
434 55 436 57
434 61 436 63
434 68 436 70
434 87 442 87
434 107 436 109
434 130 442 130
434 144 442 144
435 9 443 9
435 13 437 15
435 21 443 21
435 22 443 22
435 46 443 46
435 52 443 52
435 58 437 60
435 73 443 73
435 74 443 74
435 78 437 80
435 81 437 83
435 88 443 88
435 110 437 112
435 113 437 115
435 127 443 127
435 132 437 134
436 0 444 0
436 10 438 12
436 28 444 28
436 32 444 32
436 33 444 33
436 40 438 42
436 65 444 65
436 67 444 67
436 71 442 71
436 72 444 72
436 75 444 75
436 90 438 92
436 93 438 95
436 106 444 106
436 117 438 119
429 122 437 122
436 123 444 123
436 126 444 126
436 138 438 140
436 141 438 143
437 4 439 6
437 7 445 7
437 8 445 8
437 17 445 17
441 19 445 19
437 19 440 20
437 26 445 26
437 27 445 27
437 36 439 38
437 43 445 43
437 47 439 49
437 55 439 57
437 61 439 63
437 68 439 70
437 76 445 76
437 84 445 84
437 100 445 100
437 101 445 101
437 107 439 109
437 121 445 121
437 131 445 131
438 13 440 15
438 24 446 24
438 31 446 31
438 58 440 60
438 78 440 80
438 81 440 83
438 110 440 112
438 113 440 115
438 116 446 116
438 132 440 134
438 135 446 135
438 136 446 136
439 3 447 3
439 10 441 12
439 40 441 42
439 53 447 53
439 54 447 54
439 90 441 92
439 93 441 95
439 96 441 98
437 102 445 102
439 117 447 117
439 118 441 120
439 124 447 124
439 128 447 128
439 129 447 129
439 138 441 140
439 141 441 143
440 1 448 1
440 2 448 2
440 4 442 6
440 29 448 29
440 30 448 30
440 36 442 38
440 44 448 44
440 47 442 49
440 51 448 51
440 55 442 57
440 61 442 63
440 64 448 64
440 66 448 66
440 68 442 70
440 85 448 85
440 86 448 86
440 89 448 89
440 105 448 105
440 107 443 108
440 109 448 109
440 122 448 122
440 145 448 145
441 13 443 15
441 16 449 16
441 20 449 20
441 23 449 23
441 25 449 25
441 35 449 35
441 58 443 60
441 78 443 80
441 81 443 83
441 103 449 103
441 104 449 104
441 110 443 112
441 113 449 113
441 114 444 115
441 132 449 132
441 133 449 133
441 134 449 134
441 137 449 137
442 10 444 12
442 18 450 18
442 40 444 42
442 50 450 50
442 77 450 77
442 90 444 92
442 93 444 95
442 96 443 99
442 118 450 118
442 119 450 119
442 120 450 120
442 125 450 125
442 138 444 140
442 141 444 143
443 4 445 6
443 34 451 34
443 36 445 38
443 39 451 39
443 45 451 45
443 47 445 49
443 55 445 57
443 61 445 63
443 68 451 68
443 69 445 71
443 87 451 87
443 130 451 130
443 144 450 144
444 9 452 9
444 13 446 15
444 21 452 21
444 22 452 22
444 46 452 46
444 52 452 52
444 58 446 60
444 73 452 73
444 74 452 74
444 78 446 80
444 81 446 83
444 88 452 88
444 96 445 99
444 108 452 108
444 110 446 112
444 127 452 127
445 0 453 0
445 10 447 12
445 28 453 28
445 32 453 32
445 33 453 33
445 40 447 42
445 65 453 65
445 67 453 67
445 72 453 72
445 75 453 75
445 90 446 92
445 93 446 95
445 114 453 114
445 115 453 115
445 123 453 123
445 126 453 126
445 138 447 140
445 141 447 143
446 4 448 6
446 7 454 7
446 8 454 8
446 17 454 17
446 19 450 19
446 26 449 27
446 36 448 38
446 43 454 43
446 47 448 49
446 55 448 57
446 61 454 61
446 62 454 62
446 63 454 63
446 69 448 71
446 76 454 76
446 84 454 84
446 97 453 97
446 98 453 98
446 99 448 101
446 102 453 102
446 106 449 107
446 121 454 121
446 131 454 131
447 13 449 15
447 24 455 24
447 31 453 31
447 58 449 60
447 78 449 80
447 81 449 83
447 90 447 96
447 110 449 112
447 116 453 116
447 135 455 135
447 136 455 136
448 3 456 3
448 10 450 12
448 40 450 42
448 53 456 53
448 54 456 54
448 90 450 92
448 93 450 94
448 95 451 96
448 117 456 117
448 124 456 124
448 128 456 128
448 129 456 129
448 138 450 140
448 141 450 143
449 1 457 1
449 2 456 2
449 4 451 6
449 29 457 29
449 30 457 30
449 36 451 38
449 44 457 44
449 47 451 49
449 51 456 51
449 55 451 57
449 64 454 64
449 66 456 66
449 69 451 71
449 85 457 85
449 86 457 86
449 89 457 89
449 99 451 101
449 105 457 105
449 109 457 109
449 122 457 122
449 145 456 145
450 13 452 15
450 16 458 16
450 20 458 20
450 23 458 23
450 25 458 25
450 27 458 27
450 35 458 35
450 58 452 60
450 78 458 78
450 79 452 81
450 82 458 82
450 83 458 83
450 103 453 104
450 106 457 106
450 107 457 107
450 110 452 112
450 113 457 113
450 132 452 134
450 137 456 137
451 10 453 12
451 18 458 18
451 40 453 42
451 50 457 50
451 77 458 77
451 91 454 92
451 93 455 93
451 94 459 94
451 118 453 120
451 125 456 125
451 138 456 138
451 139 453 141
451 142 459 142
451 143 454 144
452 4 454 6
452 26 460 26
452 34 458 34
452 36 454 38
452 39 459 39
452 45 458 45
452 47 454 49
452 55 454 57
452 68 454 70
452 71 459 71
452 87 457 87
452 95 459 95
452 99 454 101
452 130 460 130
453 9 461 9
453 13 455 15
453 21 461 21
453 22 458 22
453 46 458 46
453 52 461 52
453 58 455 60
453 73 459 73
453 74 461 74
453 79 455 81
453 88 461 88
453 108 460 108
453 110 455 112
453 127 460 127
453 132 455 134
454 0 461 0
454 10 456 12
454 28 458 28
454 33 457 33
454 40 456 42
454 65 460 65
454 67 460 67
454 72 459 72
454 75 461 75
451 90 457 90
455 91 461 91
454 96 456 98
454 102 456 104
454 114 461 114
454 115 457 116
454 118 456 120
454 123 461 123
454 126 460 126
454 139 456 141
455 4 457 6
455 7 458 8
455 17 461 17
451 19 458 19
455 36 457 38
455 43 461 43
455 47 457 49
455 55 457 57
455 61 457 63
455 68 457 70
455 76 458 76
455 84 460 84
455 99 457 101
455 121 461 121
455 131 461 131
455 143 458 144
456 13 458 15
456 24 461 24
454 31 457 32
456 58 458 60
456 79 458 81
456 92 459 93
456 110 457 112
456 132 458 134
456 135 459 136
457 2 459 3
457 10 459 12
457 40 459 42
457 53 460 54
457 96 459 98
457 102 459 104
457 117 459 119
457 120 461 120
457 124 460 125
457 128 460 129
457 140 459 141
458 5 461 6
458 29 460 31
458 32 461 33
458 36 460 38
458 47 459 50
457 51 461 51
458 55 460 57
458 61 460 63
455 64 460 64
457 66 460 66
458 68 460 70
458 86 461 87
458 89 461 90
458 99 459 101
458 105 460 107
458 109 460 111
458 115 461 116
458 122 461 122
457 145 461 145
459 7 461 8
459 13 461 14
459 15 461 16
459 18 461 20
459 22 461 23
459 27 460 28
459 34 461 35
459 44 461 46
459 58 460 60
459 78 460 80
459 81 460 83
458 112 461 113
459 132 461 134
457 137 459 139
460 1 461 3
460 10 461 12
460 39 460 42
460 47 461 50
459 76 461 77
460 92 461 95
460 96 460 104
460 117 461 119
460 135 460 143
458 4 461 4
461 25 461 31
461 36 461 42
461 53 461 61
461 62 461 70
460 71 461 73
461 78 461 85
461 96 461 102
461 103 461 111
461 124 461 130
461 135 461 143
