7629
377 83 379 85
434 130 442 130
312 90 320 90
57 110 59 112
109 9 111 11
301 16 303 18
28 40 30 42
15 117 15 125
309 79 317 79
178 83 186 83
307 132 315 132
166 39 168 41
394 90 396 92
244 38 252 38
82 11 90 11
137 6 145 6
82 127 84 129
409 67 417 67
227 140 229 142
134 24 141 24
195 47 197 49
168 91 176 91
455 68 457 70
211 51 219 51
141 80 146 80
148 130 150 132
61 2 69 2
106 39 114 39
273 135 275 137
257 0 265 0
349 4 357 4
271 143 273 145
120 71 122 73
332 77 339 77
68 100 69 103
322 78 330 78
398 130 406 130
9 103 9 111
412 129 420 129
234 109 242 109
177 84 180 85
13 100 13 108
409 28 417 28
410 47 412 49
316 113 324 113
151 83 159 83
332 74 340 74
282 59 290 59
46 145 54 145
195 76 203 76
60 138 62 140
266 76 274 76
113 41 121 41
449 122 457 122
298 16 300 18
423 81 425 83
379 27 387 27
257 99 259 101
165 38 173 38
120 40 128 40
385 3 393 3
140 21 148 21
225 135 227 137
39 133 47 133
73 12 81 12
430 140 432 142
383 0 384 3
65 77 73 77
241 131 244 132
413 94 415 95
185 28 187 30
312 35 320 35
411 61 412 64
380 130 388 130
304 16 306 18
340 44 348 44
50 49 52 51
191 106 199 106
126 138 128 140
111 40 119 40
103 59 111 59
406 26 414 26
455 47 457 49
87 121 95 121
53 21 61 21
209 36 217 36
395 97 403 97
278 70 279 73
204 135 206 137
167 6 168 8
4 80 4 88
283 102 285 104
441 81 443 83
39 74 39 82
181 59 183 61
79 10 83 10
460 135 460 143
221 105 229 105
36 0 36 8
315 52 323 52
224 68 231 68
218 35 221 36
387 89 395 89
274 113 282 113
97 107 105 107
103 130 111 130
59 113 61 115
177 86 185 86
131 21 139 21
261 27 269 27
361 77 369 77
115 81 123 81
121 51 129 51
47 63 49 65
185 105 193 105
362 119 370 119
180 47 182 49
2 110 2 118
144 95 146 97
415 10 417 12
189 52 191 54
12 26 14 28
140 115 148 115
432 35 440 35
388 103 396 103
209 78 217 78
159 73 161 75
213 24 221 24
345 92 353 92
2 101 2 109
288 109 296 109
238 116 246 116
301 66 303 68
107 3 109 5
15 18 17 20
352 141 354 143
401 68 403 70
113 3 115 5
2 92 2 100
148 58 150 60
54 138 56 140
87 71 89 73
142 83 150 83
396 35 404 35
281 63 283 65
56 63 56 71
158 108 166 108
336 82 344 82
275 138 277 140
56 26 58 28
181 20 189 20
439 90 441 92
303 35 311 35
266 50 273 50
42 141 44 143
441 134 449 134
58 82 66 82
278 60 286 60
414 16 422 16
83 24 91 24
261 137 264 138
339 21 347 21
41 67 41 75
340 90 348 90
149 70 157 70
129 42 129 50
194 105 202 105
343 26 351 26
419 20 427 20
269 134 277 134
384 21 386 23
199 131 207 131
176 50 184 50
354 99 362 99
154 98 162 98
348 9 356 9
211 32 219 32
160 77 168 77
160 39 162 41
209 37 217 37
443 87 451 87
147 33 155 33
8 103 8 111
255 135 257 137
410 138 412 140
348 98 356 98
340 120 348 120
92 77 95 78
424 125 432 125
56 130 64 130
330 17 332 19
247 125 249 127
219 97 227 97
37 135 39 137
48 138 50 140
34 54 42 54
269 28 271 30
222 135 224 137
62 43 64 45
80 30 82 32
35 68 35 76
275 23 277 25
165 55 173 55
281 83 289 83
408 21 416 21
100 41 103 42
314 126 317 127
305 88 313 88
235 85 243 85
334 42 342 42
360 0 362 2
286 129 294 129
67 17 75 17
121 48 123 50
271 138 274 139
318 130 326 130
250 81 258 81
140 122 142 124
258 108 266 108
389 101 397 101
311 100 319 100
419 17 427 17
225 64 233 64
83 26 85 28
189 135 197 135
219 3 221 5
223 25 231 25
164 3 166 5
264 135 272 135
347 57 352 57
205 133 213 133
5 3 5 11
322 112 330 112
160 125 162 127
417 81 419 83
266 28 268 30
352 20 360 20
335 94 337 96
243 93 245 95
230 69 238 69
39 65 39 73
223 125 223 130
187 77 195 77
272 87 280 87
414 25 422 25
142 78 145 79
439 10 441 12
457 140 459 142
142 45 150 45
30 46 30 54
41 90 41 98
29 114 29 122
132 14 140 14
48 26 48 33
18 67 18 75
421 98 423 100
355 93 360 93
104 21 112 21
357 61 359 63
403 141 405 143
426 21 427 24
137 57 145 57
100 45 108 45
338 94 340 95
226 125 228 127
445 138 447 140
316 20 324 20
164 6 166 8
304 112 312 112
48 110 56 110
162 13 170 13
286 102 294 102
280 8 282 10
181 39 183 41
452 45 458 45
329 106 332 107
184 59 192 59
360 78 362 80
37 30 39 32
8 85 8 93
452 36 454 38
217 125 219 127
415 125 423 125
139 82 147 82
234 135 236 137
125 23 127 25
137 31 145 31
225 34 233 34
219 145 227 145
76 1 84 1
203 99 211 99
9 121 9 129
270 46 278 46
150 91 158 91
128 110 136 110
189 8 197 8
339 91 347 91
236 37 244 37
118 12 126 12
273 73 274 75
273 105 281 105
431 145 439 145
59 61 59 69
406 90 408 92
162 84 164 86
84 80 92 80
127 20 135 20
344 121 352 121
399 104 401 106
287 34 295 34
203 145 211 145
78 112 86 112
142 22 144 24
6 142 8 144
147 74 149 76
218 72 226 72
412 128 420 128
211 39 213 41
445 115 453 115
445 28 453 28
20 39 28 39
110 25 118 25
203 57 211 57
309 93 311 95
47 25 47 33
7 85 7 93
76 84 76 92
120 27 128 27
251 120 259 120
56 118 58 120
109 34 116 34
457 3 461 3
299 51 307 51
71 79 76 79
407 130 415 130
409 65 417 65
294 15 302 15
408 41 414 41
440 85 448 85
259 68 267 68
81 52 83 54
263 106 271 106
15 126 15 134
166 46 174 46
454 142 456 144
357 98 365 98
302 63 304 65
391 75 399 75
371 121 378 121
6 103 6 111
290 99 292 101
446 63 454 63
270 49 277 49
64 84 64 92
71 80 74 81
23 72 23 80
252 27 260 27
421 124 429 124
287 74 295 74
386 138 388 140
34 57 34 65
262 85 270 85
453 46 458 46
22 72 22 80
110 23 118 23
67 62 67 70
204 15 212 15
121 11 127 11
3 60 5 62
57 138 59 140
46 87 46 95
99 62 107 62
112 42 120 42
0 45 0 53
46 85 54 85
201 121 208 121
105 37 109 37
112 116 120 116
446 47 448 49
261 135 263 136
245 39 253 39
95 49 97 51
195 24 197 26
284 47 292 47
298 127 306 127
325 38 333 38
26 87 26 95
362 121 370 121
59 79 67 79
224 125 225 127
150 95 152 97
102 126 104 128
307 80 315 80
222 139 230 139
142 77 150 77
51 36 59 36
373 100 375 102
231 35 239 35
239 21 241 23
12 60 14 62
268 81 274 81
442 50 450 50
49 42 57 42
151 130 153 132
60 112 68 112
350 83 358 83
23 52 25 54
312 96 319 96
251 133 259 133
366 81 374 81
439 129 447 129
89 119 97 119
343 42 351 42
85 59 93 59
370 93 378 93
98 54 106 54
60 109 62 111
70 135 72 137
385 120 393 120
209 80 217 80
439 96 441 98
287 89 295 89
287 78 290 79
181 85 189 85
216 34 224 34
265 33 273 33
159 95 161 97
329 116 337 116
335 49 343 49
455 43 461 43
316 1 318 3
423 78 425 80
195 94 197 96
268 68 276 68
6 25 14 25
259 32 264 32
22 36 30 36
357 97 365 97
393 113 401 113
286 104 294 104
270 45 278 45
28 72 28 80
227 39 235 39
7 54 7 62
163 39 165 41
252 93 254 95
192 24 194 26
257 4 265 4
336 92 344 92
163 22 165 24
43 39 45 41
351 60 353 62
440 51 448 51
367 131 369 133
83 111 91 111
280 80 288 80
280 85 288 85
226 20 234 20
305 138 307 140
353 119 361 119
307 113 315 113
293 25 301 25
367 44 374 44
346 65 354 65
136 7 144 7
165 33 173 33
186 119 188 121
383 76 391 76
279 52 287 52
17 25 17 33
155 90 159 90
67 13 69 15
252 117 260 117
210 38 218 38
365 7 367 9
313 124 321 124
348 50 351 51
216 27 224 27
327 115 335 115
11 0 11 8
290 11 296 11
401 94 403 96
6 30 14 30
424 138 432 138
291 108 299 108
260 84 268 84
398 94 400 96
29 72 29 80
160 34 168 34
10 85 10 93
442 77 450 77
143 25 151 25
95 46 97 48
12 130 12 138
445 114 453 114
325 42 333 42
449 64 454 64
317 93 319 95
93 131 101 131
93 1 101 1
447 136 455 136
368 7 370 9
120 87 128 87
353 105 354 107
458 1 461 2
147 1 155 1
70 29 78 29
260 133 268 133
380 49 382 51
70 84 72 86
69 84 69 92
245 140 247 142
301 72 309 72
305 99 307 101
415 143 423 143
442 18 450 18
446 17 454 17
220 41 222 43
190 23 198 23
131 23 133 25
152 3 154 5
368 66 376 66
320 99 322 101
67 16 75 16
12 100 12 108
293 142 301 142
228 98 236 98
448 54 456 54
77 18 79 20
83 78 91 78
299 81 306 81
305 77 313 77
378 117 386 117
268 31 276 31
298 113 306 113
77 30 79 32
239 28 241 30
372 0 374 2
285 32 293 32
207 47 209 49
98 46 106 46
208 55 216 55
152 68 160 68
418 10 420 12
62 70 62 78
9 130 9 138
363 78 365 80
340 30 348 30
413 85 421 85
177 3 179 5
218 60 226 60
159 18 167 18
353 130 361 130
6 85 6 93
408 134 410 136
267 137 272 137
451 93 455 93
274 102 276 104
175 16 183 16
437 36 439 38
442 119 450 119
430 102 436 102
444 78 446 80
228 135 230 137
448 141 450 143
233 7 241 7
116 109 124 109
68 18 70 20
238 73 246 73
148 104 156 104
339 51 347 51
237 93 239 95
455 84 460 84
141 111 149 111
422 66 430 66
151 34 159 34
79 2 87 2
450 16 458 16
457 10 459 12
327 92 335 92
46 63 46 71
229 125 231 127
271 80 279 80
356 116 364 116
146 79 154 79
135 95 137 97
66 84 66 92
196 100 204 100
430 124 438 124
417 46 425 46
186 25 188 27
283 33 291 33
7 121 7 129
340 37 348 37
294 93 296 95
97 2 105 2
391 42 399 42
296 114 304 114
260 28 262 30
395 94 397 96
199 128 201 130
154 128 162 128
432 32 435 33
384 86 392 86
409 131 417 131
6 112 6 120
66 108 68 110
81 43 83 45
20 108 20 116
264 96 266 98
260 120 267 120
288 30 296 30
307 16 309 18
435 88 443 88
234 48 242 48
305 74 313 74
265 51 273 51
253 70 261 70
294 96 296 98
229 32 237 32
5 98 5 106
391 67 399 67
379 134 387 134
393 4 401 4
407 138 409 140
224 3 226 5
455 61 457 63
227 78 235 78
272 83 280 83
396 104 398 106
350 124 357 124
437 4 439 6
193 116 201 116
167 69 175 69
386 5 388 7
169 39 171 41
444 13 446 15
153 84 155 86
24 93 24 101
217 132 224 132
221 58 229 58
166 43 174 43
135 84 137 86
6 121 6 129
172 72 180 72
220 16 228 16
126 125 129 126
284 76 292 76
71 18 73 20
449 105 457 105
79 13 87 13
363 82 371 82
301 7 303 9
195 86 203 86
234 12 242 12
232 61 240 61
327 135 329 137
246 106 253 106
306 135 308 137
271 43 279 43
440 36 442 38
223 133 231 133
210 47 212 49
411 81 413 83
122 23 124 25
337 93 345 93
34 95 34 103
193 67 201 67
329 71 337 71
326 70 334 70
16 132 16 140
458 29 460 31
61 7 63 9
119 15 127 15
179 45 187 45
305 123 313 123
65 106 73 106
190 20 198 20
113 132 113 140
88 81 96 81
413 64 421 64
119 113 121 115
4 137 4 145
137 110 145 110
81 117 89 117
219 115 227 115
273 115 281 115
127 42 127 50
48 141 50 143
210 65 218 65
335 36 343 36
264 119 272 119
358 141 360 143
321 19 329 19
46 84 54 84
392 95 394 97
255 52 263 52
396 110 404 110
52 63 52 71
275 47 283 47
70 87 72 89
165 119 167 121
173 78 181 78
435 46 443 46
202 51 210 51
331 44 339 44
311 138 313 140
188 114 196 114
431 96 438 96
214 41 216 43
321 98 329 98
459 18 461 20
341 74 349 74
415 90 423 90
52 22 60 22
123 98 131 98
137 26 145 26
344 36 352 36
425 45 433 45
313 128 321 128
67 82 75 82
187 35 195 35
286 61 294 61
346 41 354 41
256 124 264 124
210 35 217 35
251 118 259 118
418 75 426 75
315 30 323 30
113 79 121 79
345 135 347 137
451 18 458 18
17 6 17 14
159 66 167 66
229 73 237 73
93 141 101 141
33 141 35 143
453 13 455 15
247 6 255 6
454 10 456 12
246 108 248 110
337 126 345 126
58 0 66 0
139 92 147 92
3 75 5 77
411 113 419 113
60 95 62 97
366 31 374 31
425 68 427 70
290 36 298 36
40 5 42 7
415 142 423 142
278 124 285 124
324 109 332 109
265 32 273 32
191 28 193 30
460 144 461 145
46 18 47 21
417 58 419 60
220 134 228 134
299 6 307 6
6 48 8 50
118 60 126 60
65 78 73 78
378 25 386 25
353 47 361 47
416 47 418 49
320 80 328 80
207 94 209 96
272 28 274 30
341 94 349 94
30 72 30 80
61 105 69 105
261 45 269 45
340 132 348 132
362 5 364 7
198 24 200 26
49 39 51 41
402 104 404 106
383 8 391 8
238 103 246 103
281 11 289 11
175 10 177 12
200 9 206 9
217 41 219 43
128 23 130 25
308 110 316 110
205 61 213 61
189 7 197 7
296 99 298 101
283 8 285 9
6 9 8 11
269 133 277 133
389 5 391 7
204 18 212 18
33 27 35 29
414 15 422 15
435 73 443 73
113 31 115 33
275 141 283 141
405 16 413 16
437 17 445 17
285 35 293 35
374 6 382 6
289 16 291 18
61 13 63 15
339 35 347 35
158 123 166 123
92 6 100 6
232 125 234 127
129 27 137 27
126 84 128 86
412 102 420 102
280 62 288 62
36 68 36 76
20 38 28 38
158 4 160 6
204 76 212 76
116 31 118 33
433 141 435 143
331 129 339 129
233 99 235 101
120 138 122 140
105 35 113 35
330 75 338 75
342 43 350 43
7 103 7 111
29 81 31 83
83 77 91 77
77 70 85 70
456 135 459 136
329 24 337 24
241 63 249 63
191 31 199 31
280 56 288 56
116 113 118 115
443 36 445 38
13 109 13 117
155 112 157 114
215 120 223 120
325 11 333 11
182 84 190 84
337 41 345 41
377 48 385 48
237 38 243 38
126 42 126 50
118 43 118 51
106 2 114 2
166 42 174 42
318 111 326 111
219 65 227 65
114 72 116 74
164 89 172 89
208 56 216 56
394 100 402 100
372 18 380 18
399 98 402 99
333 89 341 89
384 4 392 4
262 43 270 43
242 21 244 23
93 134 101 134
372 78 374 80
328 41 336 41
77 67 85 67
432 104 440 104
304 124 312 124
207 52 209 54
329 76 337 76
220 51 228 51
348 21 356 21
229 33 233 33
93 84 95 86
222 3 223 5
226 11 234 11
458 47 459 50
162 15 170 15
331 112 339 112
111 80 119 80
160 83 168 83
75 98 83 98
386 48 388 50
162 95 164 97
120 129 128 129
189 15 194 15
243 49 251 49
261 117 269 117
121 130 123 132
155 89 163 89
70 10 78 10
88 29 96 29
37 68 37 76
18 108 18 116
149 122 151 124
241 81 249 81
397 93 405 93
353 58 356 59
115 83 123 83
119 110 127 110
14 94 14 102
168 45 175 45
94 59 102 59
338 81 346 81
102 131 110 131
458 36 460 38
196 107 204 107
312 135 314 137
206 122 208 124
445 123 453 123
58 63 58 71
372 21 380 21
110 106 118 106
142 90 150 90
108 84 110 86
199 44 202 45
415 24 422 24
402 135 404 137
143 122 145 124
361 134 369 134
417 127 425 127
1 66 3 68
425 47 427 49
436 138 438 140
159 52 161 54
453 108 460 108
403 44 411 44
287 123 295 123
379 10 381 12
59 33 67 33
444 52 452 52
241 68 249 68
428 49 436 49
385 100 393 100
155 57 163 57
207 3 209 5
64 145 72 145
386 55 388 57
348 91 356 91
152 88 160 88
281 5 289 5
170 58 178 58
364 100 366 102
334 141 336 143
422 68 424 70
224 140 226 142
389 68 391 70
424 143 432 143
49 1 57 1
251 134 259 134
190 85 198 85
385 90 387 92
297 117 305 117
451 139 453 141
98 30 100 32
16 141 18 143
150 36 158 36
449 36 451 38
40 67 40 75
178 39 180 41
400 90 402 92
296 84 299 85
177 137 179 139
55 35 63 35
234 49 242 49
201 75 209 75
68 123 70 125
183 47 185 49
322 107 328 107
28 102 30 104
452 47 454 49
2 137 2 145
157 82 165 82
352 144 360 144
430 44 438 44
429 132 431 134
426 58 428 60
263 122 271 122
415 41 417 43
222 36 226 36
229 42 237 42
232 107 240 107
168 119 170 121
335 6 343 6
449 44 457 44
90 139 92 141
447 135 455 135
258 135 260 137
435 113 437 115
415 117 417 119
9 112 9 120
304 26 312 26
82 12 90 12
290 49 295 49
221 57 229 57
175 39 177 41
324 43 332 43
214 39 217 40
442 90 444 92
30 27 32 29
110 37 118 37
228 79 236 79
159 76 167 76
369 78 371 80
410 84 412 86
52 86 52 94
348 16 350 18
101 6 109 6
138 66 146 66
293 24 301 24
228 130 230 132
254 122 262 122
398 7 406 7
181 125 183 127
186 86 194 86
246 105 254 105
168 95 170 97
441 113 449 113
124 2 132 2
194 28 196 30
250 44 258 44
151 81 159 81
270 72 277 72
225 13 233 13
148 67 156 67
314 88 322 88
313 145 321 145
263 83 271 83
308 121 316 121
440 29 448 29
113 142 121 142
69 11 72 12
323 133 330 133
157 125 159 127
49 26 49 33
216 3 218 5
335 45 337 47
340 108 348 108
78 95 80 97
339 97 347 97
330 35 338 35
184 62 192 62
151 133 159 133
185 69 193 69
233 114 241 114
111 143 119 143
271 85 279 85
157 116 165 116
334 55 342 55
27 99 27 107
279 12 287 12
70 105 78 105
355 126 363 126
239 57 247 57
354 18 362 18
29 37 31 39
70 83 78 83
318 78 321 79
188 112 191 113
190 19 198 19
420 78 422 80
77 93 85 93
310 143 312 145
433 125 441 125
312 86 320 86
310 27 312 29
53 123 55 125
22 105 22 113
458 61 460 63
237 131 240 132
59 26 67 26
22 87 22 95
235 43 243 43
10 130 10 138
303 32 311 32
129 80 136 80
89 68 97 68
7 0 7 8
117 84 119 86
238 133 241 134
251 142 259 142
64 13 66 15
157 60 159 61
432 103 440 103
133 22 141 22
157 130 159 132
227 36 235 36
113 141 121 141
97 13 105 13
249 108 251 110
16 108 16 116
83 14 91 14
353 87 361 87
340 26 342 28
108 119 110 121
237 108 245 108
166 125 168 127
146 28 148 30
306 109 314 109
444 46 452 46
54 47 62 47
309 111 317 111
366 78 368 80
127 54 135 54
235 70 243 70
381 13 383 15
372 88 380 88
246 135 248 137
172 39 174 41
210 6 218 6
45 122 53 122
283 16 285 18
292 16 294 18
187 39 189 41
431 105 439 105
436 126 444 126
304 102 306 104
423 35 431 35
409 141 411 143
77 139 84 139
314 34 322 34
115 144 123 144
185 57 193 57
349 133 357 133
461 135 461 143
125 42 125 50
421 108 429 108
132 15 140 15
6 139 8 141
258 109 266 109
238 62 246 62
408 22 416 22
32 113 34 115
73 7 81 7
446 61 454 61
210 52 212 54
196 10 198 12
278 138 280 140
268 63 271 64
149 112 151 114
240 139 248 139
409 98 411 100
398 144 406 144
138 65 146 65
131 79 136 79
179 88 187 88
74 15 82 15
188 68 196 68
56 29 58 31
305 89 313 89
22 40 24 42
226 76 229 77
396 89 404 89
218 83 226 83
109 45 109 53
156 33 164 33
461 62 461 70
349 14 356 14
268 107 276 107
193 46 201 46
215 118 223 118
347 116 355 116
209 140 211 142
29 0 29 8
365 96 373 96
244 17 252 17
111 1 119 1
192 83 195 84
104 113 106 115
227 75 235 75
208 71 216 71
394 102 402 102
308 21 310 23
138 95 140 97
184 67 192 67
340 141 342 143
397 90 399 92
105 71 107 73
119 14 127 14
345 0 347 2
291 78 299 78
325 102 327 104
454 31 457 32
352 100 354 102
134 122 136 124
182 89 190 89
284 77 286 79
29 46 29 54
453 127 460 127
379 77 387 77
293 99 295 101
293 63 295 65
93 137 101 137
93 127 95 128
172 71 180 71
121 92 129 92
149 69 157 69
192 138 194 139
325 113 333 113
277 143 279 145
87 95 89 97
400 71 408 71
20 99 20 107
237 65 245 65
376 29 384 29
336 88 344 88
267 18 275 18
393 59 395 61
434 61 436 63
53 50 55 51
322 102 324 104
263 131 271 131
397 10 399 12
203 103 211 103
92 30 94 32
308 122 316 122
68 79 70 81
437 131 445 131
51 138 53 140
202 62 210 62
374 5 382 5
206 114 214 114
41 49 49 49
77 140 84 140
343 20 351 20
115 107 123 107
222 110 230 110
300 29 308 29
189 24 191 26
333 54 341 54
380 7 382 9
144 85 146 87
435 58 437 60
407 5 409 7
55 144 62 144
155 7 157 9
277 61 285 61
410 5 412 7
46 5 48 7
212 58 220 58
402 31 410 31
191 17 199 17
148 62 150 64
294 14 302 14
419 68 421 70
434 39 442 39
186 111 192 111
98 49 106 49
406 10 408 12
80 120 82 122
454 139 456 141
388 11 396 11
259 44 267 44
361 125 369 125
449 109 457 109
380 141 381 143
176 14 179 15
39 27 41 29
12 64 12 72
344 34 352 34
206 144 214 144
13 46 21 46
360 25 368 25
202 128 204 130
181 10 183 12
32 92 34 94
156 119 158 121
117 71 119 73
412 98 414 100
235 125 237 127
2 57 2 65
6 31 14 31
386 36 388 38
348 97 356 97
130 92 138 92
378 13 380 15
455 7 458 8
149 93 157 93
25 40 27 42
353 23 361 23
425 130 433 130
327 15 329 17
352 131 360 131
50 63 50 71
300 141 308 141
50 104 58 104
211 116 219 116
104 3 106 5
165 84 167 86
323 69 331 69
231 96 236 96
116 28 118 30
31 40 33 42
130 59 138 59
42 120 44 122
86 79 94 79
409 71 417 71
12 48 12 56
95 122 97 124
183 52 185 54
414 23 422 23
247 67 255 67
234 93 236 95
67 128 69 130
9 48 11 50
162 119 164 121
215 7 223 7
203 69 211 69
243 138 251 138
241 128 249 128
256 51 264 51
428 20 436 20
405 137 413 137
114 132 116 134
384 13 386 15
308 125 316 125
36 9 36 17
396 53 404 53
149 99 157 99
65 84 65 92
458 68 460 70
24 72 24 80
145 62 147 64
242 133 250 133
439 128 447 128
334 132 336 134
145 98 153 98
24 0 24 8
286 128 294 128
0 79 8 79
101 15 109 15
18 60 20 62
208 131 216 131
5 107 5 115
89 3 91 5
304 4 312 4
95 52 97 54
432 137 440 137
437 121 445 121
8 94 8 102
93 95 95 97
444 9 452 9
417 22 425 22
208 132 216 132
262 17 270 17
380 138 382 140
69 36 77 36
363 61 365 63
25 57 27 59
199 19 207 19
277 68 285 68
83 120 86 121
357 32 365 32
57 134 65 134
77 141 78 144
186 66 194 66
9 72 9 80
256 69 264 69
261 46 269 46
78 37 86 37
175 51 183 51
331 128 339 128
43 72 45 74
310 10 312 12
210 25 213 26
62 27 64 29
391 40 394 41
316 42 324 42
241 125 243 127
419 4 427 4
426 88 434 88
83 3 85 5
311 64 319 64
8 130 8 138
312 32 320 32
357 110 365 110
110 3 112 5
262 80 270 80
184 10 186 12
231 74 239 74
128 122 130 124
176 21 184 21
414 78 416 80
213 74 221 74
227 4 229 6
55 34 63 34
204 26 209 26
269 88 277 88
124 39 132 39
125 18 133 18
184 60 187 61
156 1 164 1
239 143 247 143
345 82 353 82
83 122 85 124
446 8 454 8
79 102 87 102
103 0 106 0
176 24 177 27
457 53 460 54
347 71 355 71
3 21 3 29
162 135 170 135
236 72 244 72
153 71 155 73
456 13 458 15
365 71 373 71
349 100 351 102
3 57 5 59
9 51 11 53
9 85 9 93
196 133 204 133
238 67 246 67
427 10 429 12
114 111 122 111
141 91 149 91
130 133 131 135
15 99 15 107
253 102 255 104
267 109 275 109
216 48 224 48
323 138 325 140
146 106 154 106
74 142 76 144
210 3 212 5
419 47 421 49
268 61 276 61
101 23 103 25
127 19 135 19
39 104 41 106
153 74 155 76
284 24 292 24
37 37 39 39
380 144 388 144
223 44 231 44
420 81 422 83
410 94 412 96
225 12 233 12
115 22 123 22
325 105 328 106
51 58 53 60
383 122 386 123
379 125 387 125
80 113 82 115
449 2 457 2
219 135 221 137
257 28 259 30
55 135 57 137
165 27 173 27
243 48 251 48
202 16 210 16
340 129 348 129
62 86 62 94
270 93 272 95
322 29 330 29
68 33 76 33
318 82 326 82
40 78 48 78
348 8 356 8
150 84 152 86
58 40 60 42
46 72 48 74
320 25 328 25
35 56 35 64
211 62 219 62
403 90 405 92
304 44 312 44
89 58 97 58
22 9 22 17
21 96 21 104
76 127 78 129
52 39 54 41
56 50 64 50
209 121 217 121
40 1 48 1
325 10 333 10
6 51 8 53
192 98 200 98
379 26 387 26
249 93 251 95
305 75 311 75
24 102 24 110
78 108 80 110
442 120 450 120
232 68 240 68
3 134 5 136
326 96 334 96
87 60 90 60
416 61 418 63
388 10 396 10
0 80 2 82
160 64 168 64
220 10 227 10
179 56 181 58
15 48 15 56
179 0 181 2
226 71 234 71
186 36 194 36
43 19 45 21
234 1 236 3
179 94 187 94
101 55 103 57
262 55 270 55
75 74 77 76
454 126 460 126
440 47 442 49
3 125 3 133
147 55 155 55
40 19 42 21
142 144 150 144
95 66 103 66
313 4 321 4
422 47 424 49
257 42 265 42
281 40 289 40
225 93 227 95
455 99 457 101
147 38 155 38
175 62 183 62
5 25 5 33
151 77 159 77
8 0 8 8
324 52 332 52
106 13 114 13
298 102 300 104
168 47 170 49
99 138 101 140
409 10 411 12
15 64 15 72
372 46 380 46
461 53 461 61
110 31 112 33
295 102 297 104
308 138 310 140
204 3 206 5
370 122 378 122
56 113 58 115
399 21 407 21
361 141 363 143
47 115 55 115
89 26 91 27
431 30 439 30
11 130 11 138
247 116 255 116
94 39 96 41
115 13 123 13
384 83 386 85
253 55 261 55
161 118 169 118
358 44 366 44
311 58 319 58
115 58 122 58
223 89 226 90
325 73 333 73
292 144 300 144
370 144 377 144
290 110 298 110
366 4 374 4
74 113 76 115
26 0 26 8
68 70 76 70
258 91 266 91
363 0 365 2
326 99 328 101
204 73 212 73
235 19 242 19
278 34 286 34
24 111 24 119
175 92 183 92
93 129 101 129
70 14 73 15
239 69 246 69
254 132 262 132
148 17 153 17
77 84 77 92
308 70 316 70
128 14 131 15
192 47 194 49
421 128 429 128
446 62 454 62
98 88 106 88
350 3 355 3
74 14 82 14
129 121 137 121
50 100 58 100
107 0 115 0
84 10 92 10
112 16 120 16
439 40 441 42
6 33 14 33
349 141 351 143
286 71 294 71
320 45 322 47
295 7 297 9
170 122 172 124
134 69 139 69
326 122 333 122
139 116 147 116
389 47 391 49
230 77 238 77
415 138 417 140
41 116 48 116
265 82 273 82
317 36 325 36
187 125 189 127
178 10 180 12
354 88 362 88
186 79 194 79
384 135 386 137
197 114 205 114
254 89 262 89
423 123 431 123
417 88 425 88
15 144 23 144
236 36 244 36
251 21 253 23
298 20 306 20
239 99 241 101
301 116 306 116
4 125 4 133
46 54 46 62
34 18 34 26
197 118 205 118
345 115 353 115
320 21 322 23
95 21 103 21
218 17 226 17
234 33 237 34
111 84 113 86
177 119 179 121
20 135 20 143
161 4 163 6
98 109 106 109
42 117 44 119
389 114 396 114
42 101 44 103
47 87 47 95
311 63 319 63
84 74 86 76
389 109 397 109
397 141 399 143
452 39 459 39
327 89 330 90
141 85 143 87
115 2 123 2
200 72 208 72
260 88 268 88
431 89 439 89
213 66 221 66
182 32 190 32
19 117 19 125
176 69 184 69
340 77 342 79
370 51 376 51
215 88 223 88
34 37 36 39
276 86 284 86
19 99 19 107
357 111 365 111
48 55 50 57
319 1 321 3
179 68 187 68
25 117 27 119
356 138 358 140
106 40 110 40
104 133 112 133
256 67 264 67
452 34 458 34
237 145 245 145
155 4 157 6
367 128 375 128
351 89 359 89
54 63 54 71
230 76 238 76
189 27 197 27
217 56 223 56
179 101 181 103
216 138 224 138
80 118 88 118
13 130 13 138
278 134 286 134
435 13 437 15
89 88 97 88
203 143 205 144
258 66 265 66
45 117 53 117
192 113 200 113
451 19 458 19
186 47 188 49
187 107 195 107
136 58 144 58
143 112 145 114
129 65 137 65
163 19 171 19
143 89 150 89
336 19 344 19
76 135 76 141
388 131 390 133
177 91 185 91
132 41 132 49
450 13 452 15
430 128 438 128
312 97 320 97
104 64 106 66
12 142 14 144
212 57 220 57
46 144 54 144
167 93 175 93
229 62 237 62
97 7 99 9
260 118 268 118
40 0 48 0
417 21 425 21
57 131 65 131
95 132 103 132
213 3 215 5
283 143 285 145
190 125 192 127
375 97 382 97
354 115 362 115
23 21 23 29
400 10 402 12
334 122 342 122
148 10 150 12
155 79 163 79
110 28 112 30
169 125 171 127
226 19 234 19
218 121 226 121
321 135 323 137
417 74 425 74
246 119 254 119
188 28 190 30
190 10 192 12
34 66 34 74
88 90 96 90
265 102 267 104
192 75 200 75
79 103 87 103
15 135 15 143
261 49 269 49
398 5 406 5
382 65 390 65
123 138 125 140
426 46 434 46
95 70 103 70
398 34 406 34
229 82 237 82
429 116 437 116
460 96 460 104
199 10 201 12
192 65 200 65
213 73 219 73
107 31 109 33
83 30 85 32
111 134 111 142
98 53 106 53
144 61 150 61
426 127 434 127
140 93 148 93
418 67 426 67
368 64 376 64
358 129 366 129
340 128 348 128
228 9 231 10
239 58 247 58
335 56 343 56
178 64 186 64
324 62 332 62
301 19 309 19
76 43 77 46
439 3 447 3
68 21 76 21
145 0 153 0
40 39 42 41
326 119 334 119
414 81 416 83
57 25 65 25
275 77 283 77
52 72 52 80
415 77 423 77
217 128 219 130
16 0 16 8
261 48 269 48
41 43 43 45
140 50 148 50
229 16 237 16
23 105 23 113
457 124 460 125
218 37 226 37
205 81 213 81
259 63 267 63
271 20 279 20
428 68 430 70
52 14 54 16
130 125 138 125
2 24 2 32
180 8 188 8
455 91 461 91
265 116 273 116
129 119 137 119
49 116 57 116
65 138 66 141
176 112 178 114
442 141 444 143
221 0 223 2
148 22 156 22
137 79 140 80
373 126 381 126
335 83 337 85
434 4 436 6
57 63 57 71
117 145 125 145
167 144 175 144
227 100 229 102
160 107 168 107
408 61 410 63
30 117 32 119
190 129 198 129
233 21 235 23
326 121 334 121
128 42 128 50
67 140 75 140
383 138 385 140
369 118 377 118
353 125 360 125
134 25 142 25
167 21 175 21
131 122 133 124
353 49 361 49
76 116 84 116
328 102 330 104
38 130 46 130
128 28 130 30
216 135 218 137
128 106 136 106
442 125 450 125
77 123 79 125
323 74 331 74
372 115 380 115
322 27 330 27
401 8 409 8
375 4 383 4
417 132 419 134
74 6 82 6
22 123 22 131
250 102 252 104
87 98 89 100
80 119 88 119
186 91 194 91
334 102 336 104
107 69 115 69
277 128 285 128
274 82 282 82
20 28 20 36
283 113 291 113
383 9 391 9
275 73 277 75
170 112 172 114
437 19 440 20
381 73 389 73
273 59 281 59
413 47 415 49
222 15 230 15
17 56 25 56
234 138 242 138
344 7 352 7
328 33 336 33
410 20 418 20
244 125 246 127
397 24 405 24
380 55 382 57
222 76 225 77
243 109 245 111
421 40 423 42
324 135 326 137
227 80 235 80
457 143 459 145
98 51 106 51
337 132 339 134
204 14 212 14
255 93 263 93
51 63 51 71
143 3 145 5
113 108 121 108
323 34 331 34
167 141 169 143
13 0 13 8
242 7 250 7
297 45 304 45
257 77 265 77
98 58 106 58
430 3 438 3
413 61 415 63
30 60 32 62
333 107 341 107
223 63 231 63
138 1 146 1
339 31 347 31
352 77 360 77
383 95 391 95
38 13 40 15
263 78 271 78
344 40 352 40
45 141 47 143
344 39 352 39
370 20 378 20
384 78 386 80
254 125 262 125
343 73 351 73
23 9 23 17
200 88 205 88
119 26 127 26
86 33 94 33
28 105 30 107
137 113 139 115
426 78 428 80
369 70 377 70
348 35 356 35
315 49 323 49
166 116 174 116
351 43 359 43
311 117 319 117
183 129 189 129
135 71 137 73
48 25 56 25
297 54 305 54
277 8 279 10
376 131 378 133
166 92 174 92
149 7 151 9
137 28 139 30
206 60 213 60
435 74 443 74
308 5 316 5
187 83 191 83
313 120 321 120
249 135 251 137
348 110 356 110
394 128 402 128
330 51 338 51
42 38 47 38
413 36 415 38
250 25 258 25
415 26 423 26
48 54 56 54
102 129 110 129
34 40 36 42
97 29 103 29
102 95 104 97
67 141 75 141
406 27 414 27
35 110 37 112
118 0 126 0
186 52 188 54
162 71 164 73
291 141 299 141
101 26 103 28
62 83 69 83
139 130 141 132
426 52 434 52
95 133 103 133
425 144 433 144
104 23 106 25
375 98 383 98
105 119 107 121
175 46 183 46
176 108 184 108
414 33 422 33
200 106 208 106
11 118 13 120
390 88 398 88
209 122 217 122
278 84 286 84
422 1 430 1
418 106 423 106
212 50 220 50
24 27 26 29
404 51 412 51
249 139 256 139
81 49 83 51
92 23 100 23
185 144 193 144
271 102 273 104
292 10 300 10
85 42 93 42
182 28 184 30
86 93 94 93
102 139 104 141
40 45 40 53
313 142 315 144
126 53 134 53
117 138 119 140
377 55 379 57
446 36 448 38
59 30 61 32
85 92 93 92
184 116 192 116
233 28 235 30
40 79 42 81
430 54 438 54
203 21 205 23
371 83 373 85
406 18 414 18
169 70 171 72
298 53 306 53
363 127 371 127
312 93 313 95
429 78 431 80
47 54 47 62
431 97 438 97
74 78 82 78
300 108 308 108
88 107 96 107
96 142 104 142
367 103 375 103
440 86 448 86
241 10 249 10
56 51 64 51
132 111 140 111
330 135 332 137
374 83 376 85
113 67 121 67
5 40 7 42
35 113 37 115
439 138 441 140
238 41 246 41
31 46 31 54
195 139 203 139
134 118 142 118
125 28 127 30
192 119 194 121
202 134 210 134
374 3 382 3
63 141 64 144
343 55 351 55
399 74 407 74
353 121 361 121
304 7 306 9
401 19 409 19
196 77 204 77
203 50 211 50
144 135 152 135
17 132 17 140
52 135 54 137
282 119 290 119
311 101 319 101
256 123 264 123
165 52 167 54
187 90 195 90
71 142 73 144
216 109 224 109
251 84 259 84
324 50 332 50
92 24 100 24
74 18 76 20
136 0 144 0
361 10 363 12
12 9 14 11
156 47 158 49
357 75 365 75
325 68 333 68
276 96 278 98
388 0 390 2
239 76 247 76
290 39 298 39
77 64 79 66
114 138 116 140
11 121 11 129
416 101 424 101
404 55 406 57
215 21 217 23
45 10 45 18
200 73 203 74
65 43 67 45
359 95 365 95
349 30 357 30
22 46 22 54
167 28 169 30
146 78 154 78
338 83 340 85
393 63 401 63
47 43 49 45
231 66 239 66
424 103 431 103
281 125 289 125
260 134 268 134
313 141 317 141
19 6 19 14
268 102 270 104
247 82 255 82
349 44 357 44
301 69 304 70
254 72 262 72
299 63 301 65
230 143 238 143
345 60 347 62
370 134 378 134
419 36 421 38
250 63 258 63
295 112 303 112
45 138 47 140
159 138 167 138
282 115 290 115
63 86 63 94
352 42 360 42
339 0 341 2
281 138 283 140
75 133 81 133
178 90 186 90
87 91 95 91
207 135 209 137
397 125 405 125
31 0 31 8
406 141 408 143
153 135 161 135
53 49 61 49
308 106 316 106
122 142 130 142
286 120 294 120
167 3 168 5
448 124 456 124
24 60 24 68
188 0 190 2
179 97 182 98
107 88 115 88
382 75 390 75
411 78 413 80
444 110 446 112
312 98 320 98
173 17 181 17
426 81 434 81
353 39 361 39
50 53 58 53
450 27 458 27
170 28 172 30
182 123 190 123
366 13 368 15
224 0 226 2
123 36 131 36
288 48 295 48
429 135 437 135
222 93 224 95
307 56 315 56
281 39 289 39
219 93 221 95
379 100 381 102
223 81 231 81
44 10 44 18
199 22 202 23
240 52 242 54
320 63 323 64
98 68 106 68
347 24 355 24
230 99 232 101
135 77 141 77
237 115 245 115
43 79 45 81
449 1 457 1
248 42 256 42
413 55 415 57
445 40 447 42
350 95 358 95
450 79 452 81
89 30 91 32
219 8 227 8
265 73 272 73
124 107 132 107
68 26 70 28
87 37 95 37
329 45 331 47
185 112 187 114
131 113 133 115
126 74 128 76
311 71 319 71
366 106 369 107
121 17 129 17
182 80 190 80
213 108 215 110
236 106 241 106
280 102 282 104
372 58 374 60
185 21 193 21
256 59 262 59
284 63 286 65
227 17 235 17
368 94 376 94
398 101 406 101
364 141 366 143
376 90 378 92
376 10 378 12
136 19 144 19
113 105 121 105
281 99 283 101
77 94 84 94
83 23 91 23
453 52 461 52
245 131 253 131
333 30 339 30
250 107 258 107
280 73 288 73
114 112 122 112
49 0 57 0
413 84 418 84
131 28 133 30
370 77 378 77
418 107 423 107
96 71 98 73
19 47 19 55
405 23 413 23
437 47 439 49
312 31 320 31
149 115 157 115
11 88 13 90
6 32 14 32
454 40 456 42
131 70 139 70
58 135 60 137
334 73 342 73
372 13 374 15
138 74 140 76
305 13 313 13
242 134 250 134
265 16 273 16
375 61 377 63
124 133 126 135
290 63 292 65
248 29 250 30
147 66 155 66
64 94 72 94
125 3 127 5
42 55 42 63
47 118 49 120
37 109 45 109
352 26 360 26
321 14 329 14
390 117 392 119
458 55 460 57
141 95 143 96
442 118 450 118
211 102 219 102
65 113 67 115
393 13 401 13
55 63 55 71
335 21 338 22
182 37 190 37
164 112 166 114
161 68 169 68
406 50 414 50
44 3 52 3
224 28 226 30
366 61 374 61
25 9 25 17
402 117 404 119
450 25 458 25
95 63 97 65
12 0 12 8
243 12 251 12
11 13 11 21
313 29 321 29
131 9 139 9
381 82 389 82
17 67 17 75
396 16 404 16
391 0 393 2
408 81 410 83
38 126 40 128
164 26 169 26
250 128 258 128
111 45 111 53
289 38 297 38
317 45 319 47
325 56 333 56
382 67 390 67
397 18 405 18
436 71 442 71
367 29 375 29
93 46 93 54
36 138 38 140
220 128 222 130
26 9 26 17
55 39 57 41
307 20 315 20
157 104 165 104
256 116 264 116
436 106 444 106
262 102 264 104
417 110 419 112
74 126 82 126
374 55 376 57
123 84 125 86
72 71 74 73
370 100 372 102
296 63 298 65
20 0 20 8
301 102 303 104
85 94 93 94
395 36 397 38
77 53 77 60
37 107 45 107
228 115 236 115
177 79 185 79
147 42 149 44
236 75 244 75
106 18 108 20
77 113 79 115
46 34 54 34
220 59 228 59
23 0 23 8
245 5 253 5
136 60 144 60
23 49 25 51
290 87 298 87
407 101 415 101
355 72 363 72
216 110 221 110
291 111 299 111
256 16 264 16
250 125 252 127
252 108 254 110
393 135 395 137
165 47 167 49
41 100 49 100
146 101 148 103
271 38 279 38
175 82 183 82
205 83 213 83
399 131 401 133
38 16 40 18
236 84 241 84
185 145 193 145
272 99 274 101
407 94 409 96
335 37 339 37
279 117 287 117
365 3 373 3
201 119 209 119
368 48 376 48
453 58 455 60
444 127 452 127
458 115 461 116
25 30 27 32
342 52 350 52
61 70 61 78
338 45 340 47
24 18 24 26
172 70 180 70
414 132 416 134
282 96 284 98
328 72 336 72
456 58 458 60
250 34 258 34
343 53 351 53
372 82 380 82
104 42 111 42
210 119 218 119
289 62 297 62
287 88 295 88
440 89 448 89
181 130 183 132
268 25 274 25
98 63 100 65
387 61 389 63
338 80 346 80
187 63 195 63
205 128 207 130
97 22 105 22
222 91 230 91
434 45 442 45
414 123 422 123
216 49 224 49
174 47 176 49
187 64 195 64
81 108 82 111
198 8 206 8
245 60 253 60
353 70 359 70
56 24 64 24
336 115 344 115
167 70 168 73
324 30 332 30
450 83 458 83
153 95 155 97
292 143 300 143
353 40 361 40
329 57 337 57
9 94 9 102
249 66 257 66
373 30 381 30
291 96 293 98
196 70 198 71
50 118 52 120
417 9 425 9
290 122 298 122
242 144 247 144
79 83 87 83
246 130 254 130
418 65 426 65
4 107 4 115
162 52 164 54
365 76 373 76
361 131 363 133
302 138 304 140
459 58 460 60
40 135 42 137
450 20 458 20
398 6 406 6
196 72 199 73
193 125 195 127
358 132 360 134
38 123 40 125
259 111 267 111
109 18 115 18
329 80 337 80
151 125 153 127
408 42 414 42
461 124 461 130
122 70 130 70
3 80 3 88
259 110 267 110
230 45 238 45
350 45 352 47
458 122 461 122
1 110 1 118
391 33 399 33
237 130 245 130
121 104 129 104
292 116 300 116
348 32 356 32
124 22 132 22
14 12 14 20
143 94 151 94
457 120 461 120
429 110 431 112
241 61 249 61
256 62 264 62
294 86 302 86
249 24 257 24
287 140 295 140
72 122 79 122
351 135 353 137
349 58 352 59
140 3 142 5
43 75 51 75
346 141 348 143
349 79 351 81
91 34 99 34
9 142 11 144
341 83 343 85
149 105 157 105
55 89 55 97
84 25 92 25
110 24 118 24
47 114 55 114
154 17 162 17
383 121 391 121
262 71 270 71
31 135 33 137
320 94 322 96
458 99 459 101
456 132 458 134
346 72 354 72
16 64 18 66
234 52 236 54
198 7 206 7
293 0 301 0
251 56 259 56
148 116 156 116
259 102 261 104
238 92 246 92
429 58 431 60
283 41 291 41
333 0 335 2
224 144 232 144
39 0 39 8
94 94 102 94
125 69 133 69
361 144 369 144
348 0 350 2
379 93 387 93
434 87 442 87
441 137 449 137
245 89 253 89
83 15 91 15
230 50 238 50
225 27 233 27
247 124 255 124
454 33 457 33
309 107 312 108
88 13 96 13
180 119 182 121
380 47 388 47
452 130 460 130
300 135 302 137
314 89 322 89
20 72 20 80
374 76 382 76
212 99 220 99
310 92 318 92
345 99 353 99
444 81 446 83
349 134 357 134
375 95 382 95
316 142 318 144
346 102 348 104
129 138 131 140
287 60 295 60
239 4 247 4
127 133 129 135
296 60 304 60
143 88 151 88
54 141 56 143
416 39 424 39
200 29 202 31
73 8 81 8
102 136 104 138
396 23 404 23
194 74 199 74
44 2 52 2
411 13 413 15
191 9 199 9
415 103 423 103
56 126 64 126
275 76 283 76
373 40 375 42
448 117 456 117
174 65 182 65
132 74 134 76
98 18 100 20
414 14 422 14
284 58 292 58
211 42 213 44
273 119 281 119
40 8 48 8
139 59 144 59
158 50 166 50
95 67 103 67
254 121 262 121
164 17 172 17
248 76 256 76
201 65 209 65
48 111 56 111
411 136 419 136
310 33 318 33
175 116 183 116
230 105 238 105
17 108 17 116
335 40 343 40
383 5 385 7
90 51 92 53
62 123 64 125
53 83 61 83
224 120 232 120
300 115 308 115
154 125 156 127
185 58 193 58
255 54 263 54
90 95 92 97
393 86 401 86
227 83 235 83
131 101 139 101
347 78 348 81
98 52 106 52
446 121 454 121
69 74 71 76
204 79 212 79
288 107 290 108
234 64 242 64
322 26 330 26
322 7 324 9
89 69 97 69
47 121 55 121
183 38 191 38
232 63 240 63
335 110 338 111
247 16 255 16
79 50 79 58
218 89 222 89
123 74 125 76
57 133 65 133
182 78 190 78
381 88 389 88
126 78 134 78
185 50 193 50
305 126 313 126
183 87 188 87
416 144 424 144
326 40 334 40
71 56 71 64
237 135 239 137
27 72 27 80
445 67 453 67
49 14 51 16
441 25 449 25
331 4 339 4
41 50 43 52
137 32 145 32
83 106 91 106
247 73 255 73
403 3 411 3
368 69 376 69
1 119 1 127
87 43 89 44
129 71 131 73
379 24 387 24
231 93 233 95
371 87 379 87
3 137 3 145
130 51 138 51
110 15 118 15
186 109 194 109
107 122 109 124
353 55 355 57
147 80 155 80
368 50 376 50
297 97 305 97
275 99 277 101
278 7 285 7
374 116 382 116
267 96 269 98
138 38 146 38
455 17 461 17
36 117 38 119
368 55 370 57
30 18 30 26
326 45 328 47
173 80 181 80
94 0 102 0
277 129 285 129
335 23 343 23
10 64 10 72
448 10 450 12
209 31 217 31
245 21 247 23
446 102 453 102
249 15 257 15
200 87 208 87
39 92 39 100
32 72 32 80
197 60 205 60
59 104 66 104
267 35 275 35
51 86 51 94
239 50 247 50
212 145 218 145
284 57 292 57
341 106 349 106
169 64 177 64
426 110 428 112
441 23 449 23
12 13 12 21
112 7 120 7
68 142 70 144
335 70 343 70
330 98 338 98
38 115 46 115
403 120 411 120
150 53 158 53
231 14 239 14
303 14 311 14
435 21 443 21
457 40 459 42
3 48 5 50
116 118 124 118
339 135 341 137
222 74 230 74
325 53 333 53
299 83 307 83
136 54 143 54
398 87 406 87
370 24 378 24
1 57 1 65
440 2 448 2
228 97 236 97
69 59 69 67
107 68 115 68
298 56 306 56
49 4 49 12
406 77 414 77
441 19 445 19
287 21 289 23
173 101 175 103
250 68 258 68
30 120 32 122
160 130 162 132
278 75 286 75
273 79 280 79
194 69 202 69
440 122 448 122
372 99 380 99
27 108 29 110
343 78 346 79
408 119 414 119
75 99 77 101
109 64 117 64
313 112 321 112
437 55 439 57
361 42 369 42
40 82 48 82
147 95 149 97
317 87 325 87
362 45 370 45
265 92 273 92
6 130 6 138
375 32 383 32
283 116 291 116
63 138 64 140
119 37 127 37
240 86 248 86
21 105 21 113
38 110 39 113
392 76 400 76
406 93 414 93
123 62 126 63
233 144 241 144
458 89 461 90
382 10 384 12
209 21 211 23
33 18 33 26
178 24 179 27
381 58 383 60
361 27 369 27
192 97 200 97
382 40 384 42
214 101 222 101
363 46 371 46
447 24 455 24
135 61 143 61
60 52 60 60
167 112 169 114
329 93 336 93
41 10 41 18
10 121 10 129
210 135 212 137
74 26 76 28
332 114 340 114
222 79 227 79
454 102 456 104
229 116 237 116
129 120 137 120
446 19 450 19
19 108 19 116
427 98 429 100
446 84 454 84
120 65 128 65
232 81 240 81
188 141 190 143
166 134 174 134
438 78 440 80
38 0 38 8
389 34 397 34
429 136 437 136
150 52 158 52
63 52 63 60
157 39 159 41
98 89 106 89
108 46 108 54
145 22 147 24
229 111 236 111
239 77 247 77
19 28 19 36
131 50 139 50
362 49 370 49
381 0 382 2
1 128 1 136
262 127 270 127
242 84 250 84
27 27 29 29
395 66 403 66
123 119 125 121
291 115 299 115
81 61 89 61
427 75 435 75
6 75 8 77
36 104 38 106
278 133 286 133
28 93 28 101
41 53 49 53
67 84 67 92
409 90 411 92
414 35 422 35
145 20 153 20
146 112 148 114
406 45 414 45
166 10 174 10
32 15 34 17
364 126 372 126
35 92 35 100
173 106 181 106
248 58 256 58
122 113 124 115
213 96 221 96
190 128 198 128
401 55 403 57
206 29 208 31
343 77 351 77
390 115 398 115
14 0 14 8
286 103 294 103
367 10 369 12
11 91 11 99
314 114 322 114
110 122 112 124
377 69 385 69
285 31 293 31
50 19 52 21
375 58 377 60
51 55 53 57
378 54 386 54
18 57 20 59
271 17 279 17
449 30 457 30
413 66 421 66
81 81 87 81
113 45 113 53
178 44 185 44
236 90 244 90
215 144 223 144
225 109 233 109
299 110 307 110
201 3 203 5
409 40 417 40
68 43 70 45
255 108 257 109
152 28 154 30
303 27 309 27
292 145 300 145
232 9 236 9
288 96 290 98
396 123 404 123
181 19 189 19
289 7 291 9
124 42 124 50
352 53 360 53
95 3 103 3
289 68 291 70
305 63 307 65
29 84 31 86
25 33 27 35
114 99 122 99
156 137 164 137
63 122 71 122
194 58 202 58
183 65 191 65
18 99 18 107
22 81 24 83
39 131 47 131
287 84 295 84
258 94 260 96
388 12 396 12
163 20 171 20
428 106 435 106
269 140 271 142
180 14 185 14
149 108 157 108
19 135 19 143
43 113 46 114
219 9 227 9
166 62 174 62
388 53 395 53
39 101 41 103
339 9 347 9
166 136 174 136
132 84 134 86
412 141 414 143
262 70 270 70
142 35 150 35
183 33 190 33
407 36 409 38
331 108 339 108
325 12 333 12
111 66 119 66
198 13 206 13
334 38 342 38
232 129 240 129
205 77 213 77
50 123 52 125
99 145 107 145
335 119 343 119
399 22 407 22
125 33 128 34
221 45 229 45
316 73 324 73
68 113 70 115
301 82 309 82
316 43 323 43
302 25 310 25
180 3 182 5
307 62 315 62
222 11 224 13
332 66 340 66
66 74 68 76
433 90 435 92
275 57 283 57
378 0 380 2
214 83 217 84
345 127 353 127
48 98 56 98
200 142 202 143
87 45 90 46
292 41 300 41
344 138 346 140
205 101 213 101
219 112 227 112
330 31 338 31
129 74 131 76
65 123 67 125
441 78 443 80
293 66 300 66
258 1 260 3
65 142 67 144
231 52 233 54
19 126 19 134
396 117 398 119
121 42 123 44
201 135 203 137
341 114 349 114
345 13 348 14
346 10 348 12
89 113 91 115
98 122 100 124
255 8 263 8
414 114 416 116
197 87 199 89
264 79 272 79
98 113 100 115
384 31 392 31
231 91 239 91
158 69 166 69
381 46 389 46
78 99 80 101
168 44 175 44
222 86 230 86
62 30 64 32
227 21 229 23
387 54 395 54
90 74 92 76
283 72 291 72
356 71 364 71
160 35 168 35
162 74 170 74
187 81 195 81
407 144 415 144
371 119 377 119
254 60 262 60
157 136 165 136
353 7 361 7
428 61 430 63
246 9 254 9
42 110 44 112
211 59 219 59
135 56 143 56
229 104 237 104
366 104 374 104
70 13 78 13
268 44 276 44
290 125 298 125
381 74 389 74
205 63 213 63
349 128 357 128
134 68 142 68
375 79 377 81
270 96 272 98
264 52 266 54
84 38 92 38
105 84 107 86
150 139 158 139
184 92 192 92
230 28 232 30
135 117 143 117
409 72 417 72
27 0 27 8
107 28 109 30
354 46 362 46
151 145 159 145
15 108 15 116
4 25 4 33
373 28 381 28
391 90 393 92
398 138 400 140
96 55 98 57
44 54 44 62
314 138 316 140
450 106 457 106
37 10 37 18
62 113 64 115
310 19 318 19
145 130 147 132
77 21 85 21
379 121 382 122
323 77 331 77
275 142 283 142
293 58 301 58
283 69 285 71
358 128 366 128
185 93 190 93
460 71 461 73
230 21 232 23
231 139 239 139
50 32 58 32
185 115 193 115
104 31 106 33
385 129 393 129
405 134 407 136
231 86 239 86
418 126 426 126
122 105 130 105
59 80 67 80
413 86 421 86
246 79 254 79
394 44 402 44
74 123 76 125
170 141 172 143
303 90 311 90
248 4 256 4
183 119 185 121
450 78 458 78
366 75 374 75
401 36 403 38
205 100 213 100
402 81 404 83
251 99 253 101
415 98 417 100
87 125 95 125
365 55 367 57
73 9 81 9
70 103 78 103
254 131 262 131
298 55 306 55
130 16 138 16
283 82 291 82
151 39 153 41
209 72 217 72
194 0 196 2
156 84 158 86
334 26 336 28
152 118 160 118
378 79 380 81
423 58 425 60
319 72 327 72
392 5 394 7
93 98 95 100
317 83 319 85
44 46 46 48
160 90 168 90
173 31 181 31
272 132 280 132
248 0 256 0
376 141 377 143
108 117 116 117
249 113 255 113
52 4 52 12
87 135 95 135
240 124 246 124
144 47 146 49
148 23 156 23
176 74 184 74
424 50 432 50
101 113 103 115
281 122 289 122
422 64 430 64
385 0 387 2
267 91 275 91
415 141 423 141
289 85 295 85
232 44 240 44
360 70 368 70
139 40 141 42
418 98 420 100
42 67 42 75
413 89 421 89
288 117 296 117
383 55 385 57
338 116 346 116
444 96 445 99
201 52 203 54
338 101 344 101
228 112 236 112
344 130 352 130
355 41 363 41
381 135 383 137
396 81 398 83
5 44 13 44
171 135 179 135
355 141 357 143
279 45 287 45
110 113 112 115
221 143 229 143
417 78 419 80
99 61 107 61
449 66 456 66
367 112 375 112
281 78 283 79
197 68 205 68
224 129 231 129
290 5 298 5
215 68 223 68
425 101 432 101
379 20 387 20
252 112 260 112
29 87 31 89
291 105 299 105
29 126 31 128
382 72 390 72
54 72 54 80
457 137 459 139
196 130 198 132
342 118 350 118
278 13 286 13
298 7 300 9
318 127 326 127
404 36 406 38
78 59 84 59
393 78 395 80
459 132 461 134
166 11 174 11
210 8 218 8
146 31 154 31
89 89 97 89
307 43 315 43
273 96 275 98
142 130 144 132
120 84 122 86
183 4 191 4
251 143 258 143
263 5 271 5
341 95 349 95
174 55 181 55
450 58 452 60
403 124 411 124
186 76 194 76
425 36 427 38
10 0 10 8
265 137 266 139
48 101 50 103
155 31 163 31
364 67 372 67
0 78 8 78
154 20 162 20
275 66 283 66
381 79 383 81
324 3 332 3
49 79 51 81
45 118 46 121
234 117 242 117
94 7 96 9
459 44 461 46
413 97 421 97
40 64 42 66
189 137 191 139
46 79 48 81
130 17 138 17
73 11 81 11
132 138 134 140
78 50 78 58
178 63 186 63
295 71 301 71
160 133 168 133
37 92 37 100
354 127 362 127
309 96 311 98
443 39 451 39
15 60 17 62
352 79 353 81
334 113 342 113
384 58 386 60
326 95 334 95
126 145 132 145
86 84 88 86
23 87 23 95
250 129 258 129
255 130 263 130
248 143 250 145
5 125 5 133
30 108 30 116
278 49 280 51
83 108 85 110
306 50 314 50
33 78 33 86
357 8 364 8
161 88 169 88
142 62 144 64
281 131 289 131
284 81 289 81
83 84 85 86
326 125 334 125
332 138 334 140
104 132 112 132
412 124 420 124
272 110 280 110
245 122 253 122
275 81 283 81
280 127 288 127
90 62 98 62
161 101 163 103
402 131 408 131
94 116 102 116
150 74 152 76
113 21 121 21
338 138 340 140
437 68 439 70
241 129 249 129
364 65 372 65
82 7 84 9
80 18 88 18
119 106 127 106
450 103 453 104
73 132 81 132
38 65 38 73
341 64 349 64
343 131 351 131
249 52 251 54
64 9 72 9
434 55 436 57
412 10 414 12
158 115 166 115
150 119 152 121
139 16 147 16
49 76 51 78
160 2 168 2
114 128 122 128
295 67 297 69
421 120 429 120
408 118 414 118
393 32 400 32
201 108 209 108
38 129 46 129
355 105 357 107
307 7 309 9
180 7 188 7
65 59 65 67
217 131 224 131
280 143 282 145
93 101 100 101
163 125 165 127
57 72 57 80
333 62 335 64
452 26 460 26
322 10 324 12
148 24 156 24
3 107 3 115
358 120 366 120
111 119 113 121
304 10 306 12
363 19 371 19
281 37 289 37
367 100 369 102
259 107 267 107
68 118 70 120
335 138 337 140
222 96 230 96
24 120 26 122
211 104 219 104
311 24 319 24
91 127 92 129
266 77 274 77
7 112 7 120
113 113 115 115
211 82 219 82
385 108 393 108
369 58 371 60
307 10 309 12
200 140 202 141
364 30 372 30
413 138 414 140
322 108 330 108
453 9 461 9
0 110 0 118
3 39 3 47
142 145 150 145
259 31 267 31
58 72 58 80
311 99 319 99
315 50 323 50
50 99 58 99
209 106 217 106
364 10 366 12
2 119 2 127
287 13 295 13
163 10 165 12
428 22 434 22
176 23 180 23
385 124 393 124
319 33 327 33
355 33 363 33
292 92 300 92
62 19 64 21
230 57 238 57
397 85 405 85
193 92 201 92
16 120 18 122
267 52 269 54
83 6 91 6
81 62 89 62
169 81 177 81
156 74 158 76
111 65 119 65
249 14 257 14
138 47 140 49
395 64 403 64
145 58 147 60
65 127 66 130
151 2 159 2
314 48 322 48
92 27 97 27
333 50 341 50
65 68 65 76
343 122 351 122
311 25 319 25
274 62 279 62
14 112 14 120
78 74 80 76
260 34 268 34
92 122 94 124
206 68 214 68
235 71 243 71
276 108 284 108
50 26 52 28
265 69 273 69
274 50 277 51
424 40 426 42
28 35 36 35
68 84 68 92
110 26 118 26
351 16 353 18
314 77 322 77
452 55 454 57
321 18 329 18
366 63 374 63
314 69 322 69
313 44 321 44
96 112 100 112
122 141 130 141
132 98 140 98
285 1 287 3
209 87 217 87
187 73 195 73
399 88 407 88
168 79 176 79
459 7 461 8
280 38 288 38
224 114 232 114
110 14 118 14
252 52 254 54
197 0 199 2
158 7 160 9
222 14 230 14
320 81 328 81
385 131 387 133
322 124 330 124
114 119 116 121
290 40 298 40
21 87 21 95
208 20 216 20
3 51 5 53
73 56 73 64
140 134 148 134
364 131 366 133
421 3 429 3
396 112 404 112
21 114 21 122
251 140 259 140
283 67 291 67
167 115 175 115
415 18 423 18
27 60 29 62
458 105 460 107
454 28 458 28
194 21 202 21
149 21 157 21
51 101 53 103
400 141 402 143
207 7 209 9
264 75 272 75
387 135 389 137
357 58 359 60
266 57 274 57
269 34 277 34
342 109 350 109
124 144 132 144
348 135 350 137
231 135 233 137
347 138 355 138
344 70 352 70
1 137 1 145
300 27 302 28
291 59 299 59
89 108 91 110
128 37 136 37
100 34 108 34
123 91 131 91
278 23 280 25
263 132 271 132
178 81 186 81
236 31 244 31
44 43 46 45
190 130 192 132
352 10 354 12
303 15 311 15
302 99 304 101
227 84 235 84
395 47 397 49
218 122 226 122
299 122 307 122
440 68 442 70
40 42 48 42
323 123 327 123
222 24 230 24
255 94 257 96
398 47 400 49
193 10 195 12
441 20 449 20
26 56 34 56
339 98 347 98
213 52 215 54
307 81 315 81
316 105 324 105
108 75 116 75
376 129 384 129
131 67 139 67
446 76 454 76
366 32 374 32
57 5 59 7
268 129 276 129
459 13 461 14
213 86 221 86
147 138 149 140
212 103 220 103
32 9 34 11
385 40 387 42
326 21 328 23
425 39 433 39
374 7 376 9
331 145 338 145
75 131 83 131
73 135 75 137
352 50 360 50
219 108 227 108
65 118 67 120
381 104 383 106
187 10 189 12
220 104 228 104
196 61 204 61
43 54 43 62
135 78 141 78
31 30 33 32
156 87 164 87
214 81 222 81
300 111 308 111
311 76 319 76
62 118 64 120
171 13 179 13
409 29 412 30
442 138 444 140
256 102 258 104
116 68 124 68
191 141 193 143
56 127 58 129
56 123 58 125
322 134 330 134
117 125 119 127
340 4 348 4
35 80 37 82
148 92 156 92
67 41 75 41
400 67 408 67
422 51 430 51
128 57 136 57
158 142 166 142
152 25 160 25
104 100 105 103
434 107 436 109
117 135 119 137
432 24 437 24
128 31 136 31
200 78 208 78
249 18 257 18
414 13 422 13
295 16 297 18
30 93 30 101
281 132 288 132
344 119 352 119
31 18 31 26
29 93 29 101
419 8 427 8
431 55 433 57
141 138 143 140
369 0 371 2
101 122 103 124
11 100 11 108
308 36 316 36
176 141 178 143
335 39 343 39
377 112 379 114
400 42 407 42
276 93 278 95
308 99 310 101
343 27 351 27
314 93 316 95
236 5 244 5
161 25 169 25
110 76 113 77
339 75 347 75
357 17 365 17
327 111 334 111
274 116 282 116
312 75 320 75
135 138 137 140
168 14 171 14
47 126 49 128
250 26 258 26
123 57 126 58
98 47 106 47
254 36 262 36
224 7 232 7
449 99 451 101
150 14 158 14
139 136 147 136
341 138 343 140
249 46 256 46
153 13 161 13
32 12 34 14
117 132 119 134
81 71 83 73
254 28 256 30
141 47 143 49
204 139 212 139
172 14 175 15
28 46 28 54
70 107 78 107
132 71 134 73
405 117 407 119
160 144 163 145
363 88 371 88
115 45 115 53
201 112 209 112
452 95 459 95
240 91 248 91
85 130 93 130
259 25 267 25
65 31 73 31
222 18 230 18
202 67 210 67
280 53 288 53
236 122 244 122
131 93 139 93
303 28 309 28
18 47 18 55
355 65 363 65
65 6 73 6
344 83 346 85
132 112 139 112
352 51 360 51
388 40 390 42
221 103 229 103
397 26 405 26
410 55 412 57
441 114 444 115
393 84 400 84
181 75 189 75
365 116 373 116
79 107 87 107
300 107 308 107
356 3 364 3
87 51 89 53
41 99 49 99
375 0 377 2
150 138 158 138
112 11 120 11
67 40 75 40
5 89 5 97
341 69 349 69
7 45 15 45
122 31 124 33
10 80 18 80
108 61 116 61
446 4 448 6
54 108 62 108
313 26 315 28
253 126 261 126
322 44 330 44
316 53 324 53
233 120 241 120
370 131 372 133
214 100 222 100
305 133 313 133
75 80 83 80
408 110 410 112
339 8 347 8
209 17 217 17
261 94 263 96
95 93 103 93
117 52 125 52
165 65 173 65
121 133 123 135
258 15 266 15
369 113 376 113
198 27 206 27
166 12 174 12
26 105 26 113
15 145 23 145
453 132 455 134
1 24 1 32
195 93 203 93
374 96 382 96
247 62 255 62
312 51 320 51
24 141 26 143
154 19 162 19
287 139 295 139
348 22 356 22
56 23 64 23
130 136 138 136
327 82 335 82
276 109 284 109
416 36 418 38
361 53 369 53
33 138 35 140
303 31 311 31
120 143 128 143
297 98 305 98
431 61 433 63
193 130 195 132
78 36 86 36
281 6 289 6
443 68 451 68
258 18 266 18
1 92 1 100
276 35 284 35
57 8 59 10
306 49 314 49
175 125 177 127
28 34 36 34
134 113 136 115
349 29 357 29
153 117 161 117
60 2 60 10
78 84 80 86
177 52 179 54
106 22 114 22
213 139 221 139
199 39 201 41
329 81 337 81
47 129 55 129
14 48 14 56
186 14 194 14
268 26 276 26
346 93 354 93
346 28 354 28
391 131 393 133
210 97 218 97
198 135 200 137
84 71 86 73
41 55 41 63
247 102 249 104
453 21 461 21
329 138 331 140
108 44 116 44
31 108 31 116
183 6 191 6
193 111 201 111
454 123 461 123
333 14 335 16
93 25 100 25
351 0 353 2
366 35 374 35
25 0 25 8
29 123 31 125
117 53 125 53
254 87 262 87
253 71 261 71
167 145 175 145
121 137 129 137
229 134 237 134
104 18 105 20
231 110 239 110
241 107 249 107
227 122 235 122
390 61 392 63
291 93 293 95
263 23 271 23
335 5 343 5
277 107 284 107
22 57 24 59
346 126 354 126
393 98 398 98
131 41 131 49
92 63 94 65
47 123 49 125
121 16 129 16
41 126 43 128
378 109 386 109
317 110 325 110
379 131 381 133
148 51 156 51
438 24 446 24
412 90 414 92
286 143 288 145
418 40 420 42
107 65 110 66
55 2 55 10
112 17 120 17
229 41 237 41
194 141 196 143
375 17 382 17
338 96 346 96
177 111 185 111
284 138 286 140
20 126 20 134
2 128 2 136
429 113 431 115
65 27 67 29
209 123 212 124
236 89 244 89
339 63 347 63
222 66 230 66
427 126 435 126
407 109 415 109
387 35 395 35
133 39 141 39
382 131 384 133
396 122 404 122
344 23 352 23
46 9 46 17
366 97 374 97
274 60 277 60
270 117 278 117
86 3 88 5
173 32 181 32
274 41 282 41
218 13 221 14
79 90 87 90
126 52 134 52
120 131 120 137
201 98 209 98
190 56 198 56
263 121 271 121
147 129 155 129
271 8 273 10
448 93 450 94
143 18 151 18
251 114 259 114
442 93 444 95
279 135 281 137
125 94 133 94
149 28 151 30
364 33 372 33
449 47 451 49
202 43 210 43
373 131 375 133
34 0 34 8
339 110 347 110
57 2 59 4
34 104 34 112
377 50 379 52
1 69 3 71
351 54 359 54
276 135 278 137
21 123 21 131
421 129 429 129
430 117 432 119
59 52 59 60
85 17 93 17
19 25 21 27
205 39 207 41
185 74 193 74
396 78 398 80
235 55 243 55
270 52 272 54
285 90 293 90
359 138 361 140
455 4 457 6
0 137 0 145
415 91 417 93
71 49 79 49
300 119 308 119
378 135 380 137
311 57 319 57
386 51 394 51
264 74 272 74
21 47 21 55
323 94 325 96
427 65 435 65
77 135 78 137
149 101 151 103
220 73 228 73
431 29 439 29
22 114 22 122
424 98 426 100
18 90 18 98
98 69 106 69
176 93 184 93
96 135 104 135
378 35 386 35
407 47 409 49
370 106 374 106
316 62 323 62
166 104 174 104
422 86 430 86
351 52 359 52
269 7 277 7
227 72 235 72
48 134 56 134
279 48 287 48
390 135 392 137
267 56 275 56
87 74 89 76
0 128 0 136
308 40 316 40
350 48 358 48
174 119 176 121
129 66 137 66
460 10 461 12
17 15 19 17
375 75 381 75
322 129 330 129
57 54 57 62
36 59 38 61
432 110 434 112
186 55 189 56
411 115 413 117
240 113 248 113
35 18 35 26
280 43 284 43
205 107 213 107
277 102 279 104
91 60 99 60
26 123 26 131
368 114 376 114
67 135 69 137
284 4 292 4
403 98 405 100
255 9 263 9
380 52 388 52
299 99 301 101
355 100 363 100
32 81 32 89
53 118 55 120
350 105 352 107
173 112 175 114
461 36 461 42
148 16 156 16
31 72 31 80
433 93 435 95
33 60 33 68
195 18 203 18
397 107 404 107
50 29 52 31
358 103 366 103
55 145 63 145
404 94 406 96
358 104 365 104
411 132 413 134
94 46 94 54
26 96 26 104
371 49 379 49
148 136 156 136
283 19 291 19
459 34 461 35
369 54 377 54
151 89 154 90
270 48 278 48
186 18 194 18
47 50 49 52
258 35 266 35
194 102 202 102
284 141 290 141
93 138 95 140
151 35 159 35
22 96 22 104
61 3 62 6
361 51 369 51
155 106 163 106
178 100 185 100
140 142 148 142
443 55 445 57
135 74 137 76
182 141 184 143
458 32 461 33
260 56 266 56
171 52 173 54
418 138 420 140
199 56 207 56
343 113 351 113
296 118 304 118
317 106 324 106
292 67 294 69
335 87 343 87
264 130 272 130
370 10 372 12
452 4 454 6
429 13 431 15
349 10 351 12
400 65 408 65
105 78 113 78
432 78 434 80
315 109 323 109
138 71 140 73
340 29 348 29
184 16 192 16
446 26 449 27
210 7 214 7
205 84 213 84
251 141 259 141
344 56 352 56
245 83 253 83
156 129 164 129
131 8 139 8
296 134 304 134
84 95 86 97
59 27 61 29
183 5 191 5
360 52 368 52
26 46 26 54
170 1 170 8
41 123 43 125
432 113 434 115
28 18 28 26
107 46 107 54
441 16 449 16
133 81 141 81
416 94 424 94
119 103 127 103
152 112 154 114
63 47 71 47
158 122 166 122
322 128 330 128
199 20 207 20
49 13 57 13
309 141 312 142
65 30 73 30
431 64 439 64
361 24 369 24
229 51 237 51
300 130 308 130
44 126 46 128
179 28 181 30
282 27 284 29
28 123 28 130
369 109 377 109
169 63 177 63
453 88 461 88
438 135 446 135
246 8 254 8
120 38 128 38
362 47 370 47
78 92 84 92
62 12 68 12
8 112 8 120
319 7 321 9
50 52 58 52
350 123 358 123
183 110 191 110
384 98 392 98
227 3 233 3
42 106 48 106
113 70 121 70
305 69 313 69
283 92 291 92
3 72 5 74
78 43 80 45
10 13 10 21
129 1 137 1
157 16 165 16
66 38 74 38
340 102 342 104
247 59 255 59
228 113 236 113
192 52 194 54
92 18 94 20
437 7 445 7
229 67 237 67
195 119 197 121
191 93 194 94
247 92 255 92
96 91 104 91
142 34 150 34
430 98 438 98
331 58 339 58
144 119 146 121
165 71 166 73
4 54 6 56
176 44 177 45
372 19 380 19
404 97 412 97
19 90 19 98
240 47 248 47
111 27 119 27
280 126 286 126
163 0 170 0
202 46 210 46
202 59 210 59
74 24 82 24
133 83 141 83
354 92 360 92
368 83 370 85
212 45 220 45
408 78 410 80
267 108 275 108
129 55 137 55
66 131 74 131
301 10 303 12
440 109 448 109
326 39 334 39
80 20 88 20
174 137 176 139
299 125 307 125
210 143 218 143
59 99 67 99
59 70 59 78
151 144 159 144
214 60 217 61
130 42 130 50
402 113 410 113
390 46 398 46
420 116 428 116
272 131 280 131
402 61 404 63
70 22 78 22
348 31 356 31
361 68 369 68
423 13 425 15
122 108 130 108
95 18 97 20
110 45 110 53
279 27 279 31
119 3 121 5
313 16 315 18
14 121 14 129
101 101 103 103
68 3 70 5
59 127 61 129
443 47 445 49
9 139 11 141
118 10 126 10
357 35 365 35
259 81 267 81
394 108 402 108
254 78 262 78
314 60 321 60
401 76 409 76
135 53 143 53
193 104 201 104
343 141 345 143
268 120 276 120
221 99 229 99
146 7 148 9
103 92 111 92
58 17 66 17
159 109 167 109
70 102 78 102
448 3 456 3
89 63 91 65
9 0 9 8
105 96 107 98
451 94 459 94
401 20 409 20
89 122 91 124
286 68 288 70
221 69 229 69
426 74 434 74
263 99 265 101
425 61 427 63
316 132 324 132
292 33 300 33
285 96 287 98
182 9 190 9
66 62 66 70
409 0 417 0
157 134 165 134
314 45 316 47
341 105 349 105
367 129 375 129
89 84 90 87
173 141 175 143
122 28 124 30
164 9 172 9
124 13 132 13
21 141 23 143
35 0 35 8
156 71 158 73
105 36 113 36
296 126 304 126
448 53 456 53
382 90 384 92
137 3 139 5
239 45 247 45
17 123 17 131
220 82 228 82
299 21 301 23
36 108 44 108
199 71 207 71
146 3 148 5
373 10 375 12
69 37 77 37
308 83 316 83
381 18 389 18
108 72 110 74
304 120 312 120
408 46 416 46
251 145 258 145
211 33 219 33
265 60 273 60
337 65 345 65
295 44 303 44
427 72 435 72
425 55 427 57
367 108 375 108
13 12 13 20
373 67 381 67
125 122 127 124
214 26 222 26
223 61 231 61
245 40 253 40
307 143 309 145
144 71 146 73
339 22 347 22
410 36 412 38
293 21 295 23
356 96 364 96
47 66 49 68
257 21 259 23
165 87 173 87
48 133 56 133
76 82 84 82
326 94 334 94
416 57 424 57
389 45 396 45
25 87 25 95
401 32 404 33
48 86 48 94
152 18 158 18
243 112 251 112
267 138 270 139
295 26 303 26
161 7 163 9
119 6 127 6
374 138 376 140
96 37 104 37
216 64 224 64
157 62 165 62
16 45 24 45
11 40 12 42
136 20 144 20
85 116 93 116
214 107 222 107
60 141 62 143
20 47 20 55
46 39 48 41
397 114 405 114
360 109 368 109
259 33 264 33
46 35 54 35
359 73 362 74
378 89 386 89
375 43 378 44
33 69 33 77
413 5 415 7
314 118 319 118
198 3 200 5
440 64 448 64
17 99 17 107
372 135 374 137
350 94 358 94
114 91 122 91
92 111 100 111
414 58 416 60
220 92 228 92
433 50 441 50
355 101 363 101
454 67 460 67
263 72 269 72
369 16 377 16
461 96 461 102
213 79 221 79
104 122 106 124
380 36 382 38
13 73 15 75
287 77 295 77
199 55 207 55
228 119 236 119
65 32 73 32
27 120 27 128
431 2 439 2
138 85 140 87
93 87 101 87
254 90 262 90
53 72 53 80
200 17 208 17
153 119 155 121
144 14 149 14
399 135 401 137
169 34 177 34
366 58 368 60
459 22 461 23
346 33 354 33
302 49 305 50
107 23 109 25
422 85 430 85
333 43 341 43
258 47 265 47
326 61 334 61
330 97 338 97
114 125 116 127
457 51 461 51
337 141 339 143
362 130 370 130
113 101 121 101
33 120 35 122
67 0 75 0
459 76 461 77
432 58 434 60
460 47 461 50
3 116 3 124
170 68 178 68
90 55 92 57
280 27 281 29
16 34 18 36
94 92 102 92
79 127 81 129
297 94 299 96
88 22 96 22
35 45 35 53
156 143 163 143
92 15 100 15
242 105 245 106
14 130 14 138
134 3 136 5
150 44 158 44
317 70 325 70
322 28 330 28
447 81 449 83
422 2 430 2
81 55 89 55
69 108 71 110
409 106 417 106
227 0 229 2
280 70 282 72
301 92 309 92
413 29 421 29
243 135 245 137
411 110 413 112
13 121 13 129
96 74 104 74
27 90 27 98
64 132 72 132
382 141 384 143
393 117 395 119
443 4 445 6
279 46 287 46
337 102 339 104
232 128 240 128
360 43 368 43
119 102 127 102
255 75 263 75
387 123 395 123
412 3 420 3
451 125 456 125
325 7 326 9
305 118 313 118
292 82 300 82
207 32 210 33
302 57 310 57
14 64 14 72
64 7 72 7
198 52 200 54
83 113 85 115
444 22 452 22
325 132 333 132
297 93 305 93
93 74 95 76
173 0 175 2
382 100 384 102
192 112 200 112
358 37 366 37
21 18 23 20
132 133 134 135
278 99 280 101
28 30 30 32
237 119 245 119
287 75 295 75
399 78 401 80
269 99 271 101
382 30 390 30
307 73 315 73
218 106 226 106
336 15 344 15
242 114 250 114
35 83 43 83
192 136 194 137
244 85 252 85
96 143 104 143
253 127 261 127
419 131 427 131
195 32 203 32
371 36 379 36
14 103 14 111
22 69 24 71
402 132 410 132
428 84 436 84
256 113 264 113
198 138 206 138
18 123 18 131
213 135 215 137
245 87 253 87
147 119 149 121
32 46 32 54
399 81 401 83
30 138 32 140
150 71 152 73
399 59 401 61
14 37 16 39
84 98 86 100
278 123 286 123
400 28 408 28
167 122 169 124
8 40 10 42
80 69 88 69
176 28 178 30
6 13 6 21
10 76 12 78
326 49 334 49
380 45 388 45
33 0 33 8
151 64 159 64
303 91 311 91
212 115 218 115
80 68 88 68
404 138 406 140
198 119 200 121
141 119 143 121
193 62 201 62
144 74 146 76
438 136 446 136
323 45 325 47
19 63 19 71
281 87 289 87
347 25 355 25
340 10 342 12
362 138 364 140
116 69 124 69
296 138 298 140
200 80 208 80
288 46 296 46
423 104 431 104
271 70 277 70
289 42 297 42
117 78 125 78
42 105 48 105
210 9 218 9
369 52 376 52
95 105 103 105
43 135 45 137
272 36 280 36
245 80 253 80
236 121 244 121
222 47 230 47
27 111 29 113
331 78 339 78
317 39 325 39
91 45 99 45
94 42 99 42
105 112 113 112
45 54 45 62
23 123 25 125
297 46 304 46
228 108 236 108
97 40 105 40
12 81 14 83
230 1 233 2
80 123 82 125
410 121 418 121
96 98 104 98
94 17 102 17
27 141 29 143
117 95 119 97
335 34 343 34
175 130 177 132
81 74 83 76
433 99 441 99
49 105 51 107
339 145 347 145
46 132 54 132
391 30 399 30
440 55 442 57
304 143 306 145
404 64 410 64
361 91 363 93
98 50 106 50
406 98 408 100
74 121 79 121
369 117 377 117
440 66 448 66
430 107 433 108
198 117 206 117
71 123 73 125
25 96 25 104
58 13 60 15
178 107 186 107
255 110 258 111
330 0 332 2
338 76 346 76
138 55 146 55
424 106 427 107
302 1 303 4
16 21 18 23
98 48 106 48
182 57 184 58
370 40 372 42
240 135 242 137
455 121 461 121
386 145 394 145
307 53 315 53
297 1 299 3
277 28 278 31
227 121 235 121
36 101 38 103
150 47 152 49
112 59 120 59
327 88 335 88
240 123 246 123
83 87 85 89
182 124 190 124
79 135 81 137
326 131 334 131
278 118 286 118
350 84 358 84
301 33 309 33
218 0 220 2
443 34 451 34
64 135 66 137
74 23 82 23
339 60 341 62
64 61 64 69
106 90 114 90
138 40 138 46
340 134 348 134
113 63 121 63
7 130 7 138
391 65 399 65
140 70 148 70
122 9 130 9
242 56 250 56
111 38 119 38
244 70 252 70
168 111 176 111
70 59 70 67
272 106 280 106
55 132 63 132
348 111 356 111
240 46 248 46
32 95 32 103
151 107 159 107
405 106 408 107
218 61 222 61
45 87 45 95
370 125 378 125
109 20 117 20
86 67 94 67
260 99 262 101
424 77 432 77
66 95 68 97
363 115 371 115
159 139 167 139
380 112 383 113
171 75 179 75
388 134 395 134
390 82 392 84
189 119 191 121
440 30 448 30
281 51 289 51
343 102 345 104
312 14 320 14
40 76 48 76
122 122 124 124
363 58 365 60
360 117 368 117
94 16 102 16
427 67 435 67
246 52 248 54
177 96 185 96
44 123 46 125
159 45 167 45
31 99 31 107
227 89 235 89
275 4 283 4
158 70 166 70
334 53 342 53
278 89 286 89
392 57 400 57
225 138 233 138
239 6 246 6
446 55 448 57
231 130 233 132
59 100 67 100
303 86 311 86
185 141 187 143
128 32 136 32
37 25 45 25
2 0 2 8
440 61 442 63
217 71 225 71
229 59 237 59
25 105 25 113
199 132 207 132
34 30 36 32
47 113 55 113
238 125 240 127
109 19 117 19
175 43 183 43
5 43 13 43
75 25 83 25
0 12 2 14
72 108 74 110
116 122 118 124
44 27 44 35
363 106 365 108
287 99 289 101
76 130 84 130
347 45 349 47
34 135 36 137
366 62 374 62
400 75 408 75
6 57 6 65
319 10 321 12
248 21 250 23
314 74 322 74
414 104 422 104
74 3 76 5
202 42 210 42
155 32 163 32
334 10 336 12
356 24 359 25
106 144 114 144
422 105 430 105
57 38 65 38
61 107 69 107
290 51 298 51
187 133 195 133
460 39 460 42
306 93 308 95
16 123 16 131
35 9 35 17
140 28 142 30
395 5 397 7
32 18 32 26
75 108 77 110
13 64 13 72
387 83 389 85
251 13 259 13
149 50 157 50
112 8 114 10
284 99 286 101
288 45 296 45
290 81 298 81
305 114 313 114
426 113 428 115
196 101 204 101
447 110 449 112
290 6 298 6
61 86 61 94
40 110 41 113
7 46 12 46
409 126 417 126
23 114 23 122
418 0 426 0
444 21 452 21
13 91 13 99
372 127 380 127
406 114 413 114
400 72 408 72
360 13 362 15
231 15 239 15
258 86 266 86
366 111 374 111
195 52 197 54
130 126 138 126
379 107 387 107
204 86 212 86
195 15 203 15
37 26 45 26
276 55 279 56
111 96 113 98
338 57 346 57
294 91 302 91
309 115 317 115
210 94 212 96
87 143 95 143
161 94 169 94
125 88 133 88
334 20 342 20
198 96 206 96
148 82 156 82
88 144 96 144
436 28 444 28
310 67 318 67
103 104 111 104
281 110 289 110
50 4 50 12
156 80 163 80
292 7 294 9
427 71 435 71
241 25 249 25
172 19 180 19
363 13 365 15
208 70 216 70
137 122 139 124
378 61 380 63
236 39 244 39
377 94 385 94
395 138 397 140
317 131 325 131
436 40 438 42
188 118 196 118
300 79 308 79
187 34 195 34
185 108 193 108
398 39 406 39
121 136 129 136
341 45 343 47
165 110 173 110
166 82 174 82
207 34 215 34
187 130 189 132
64 8 72 8
72 111 80 111
138 33 146 33
113 28 115 30
459 15 461 16
23 138 25 140
61 135 63 137
16 76 18 78
25 78 25 86
140 69 148 69
227 31 235 31
9 81 11 83
446 69 448 71
240 66 248 66
350 114 358 114
157 46 165 46
268 128 276 128
106 102 109 103
300 1 301 3
305 134 313 134
326 110 334 110
219 113 227 113
241 26 249 26
331 133 333 134
321 31 329 31
454 65 460 65
208 128 210 130
204 52 206 54
55 14 57 16
30 133 38 133
445 0 453 0
300 94 302 96
246 65 254 65
75 84 75 92
197 141 199 143
15 0 15 8
413 30 421 30
260 7 268 7
29 130 37 130
97 90 105 90
150 140 158 140
445 32 453 32
426 132 428 134
28 114 28 122
340 133 348 133
369 135 371 137
233 118 241 118
32 123 34 125
18 18 20 20
289 80 297 80
290 37 298 37
154 60 156 62
375 104 377 106
74 118 76 120
392 9 398 9
390 127 398 127
348 145 356 145
100 7 102 9
177 76 185 76
267 86 275 86
387 58 389 60
86 113 88 115
16 90 16 98
54 2 54 10
317 37 325 37
19 21 21 23
405 78 407 80
27 46 27 54
309 85 316 85
321 32 329 32
310 82 317 82
24 9 24 17
42 10 42 18
220 102 226 102
159 36 167 36
248 140 250 142
30 0 30 8
57 141 59 143
249 47 257 47
86 70 94 70
332 48 340 48
69 95 71 97
385 29 393 29
442 10 444 12
90 43 98 43
313 7 315 9
445 141 447 143
231 47 239 47
27 18 27 26
16 40 18 42
228 93 230 95
67 116 75 116
112 134 112 142
300 105 308 105
126 61 134 61
371 39 379 39
82 34 90 34
174 129 182 129
451 40 453 42
242 118 250 118
97 144 105 144
367 37 375 37
439 117 447 117
230 58 238 58
135 133 141 133
242 120 250 120
119 28 121 30
214 90 222 90
298 80 306 80
216 93 218 95
350 69 358 69
208 39 210 41
319 102 321 104
441 13 443 15
274 33 282 33
285 135 287 137
96 126 98 128
131 127 134 128
237 79 245 79
148 39 150 41
412 120 420 120
299 131 307 131
427 90 429 92
203 44 210 44
362 40 369 40
137 103 145 103
97 81 105 81
39 120 41 122
297 135 299 137
331 59 339 59
351 13 359 13
60 37 68 37
159 44 167 44
66 48 74 48
340 58 348 58
460 92 461 95
209 0 211 2
0 92 0 100
52 105 55 106
453 22 458 22
246 96 254 96
133 62 135 64
120 1 128 1
11 85 13 87
49 135 51 137
54 86 56 88
67 1 75 1
446 7 454 7
164 79 167 80
8 121 8 129
316 68 324 68
430 129 438 129
403 128 411 128
289 20 297 20
90 117 98 117
165 129 173 129
74 77 82 77
101 18 103 20
252 19 260 19
18 132 18 140
452 99 454 101
296 34 304 34
326 36 334 36
190 55 198 55
129 40 137 40
425 87 433 87
174 33 182 33
25 114 27 116
342 135 344 137
196 64 204 64
67 42 75 42
10 103 10 111
247 69 255 69
1 54 3 56
171 47 173 49
320 76 328 76
194 99 202 99
187 101 195 101
336 0 338 2
307 38 315 38
111 125 113 127
115 39 123 39
193 59 201 59
421 117 423 119
213 47 215 49
271 126 279 126
89 118 97 118
85 127 87 129
277 120 285 120
89 28 97 28
202 111 210 111
201 6 209 6
205 64 213 64
64 35 72 35
27 138 29 140
389 130 397 130
20 90 20 98
424 90 426 92
218 84 226 84
255 79 263 79
180 135 188 135
104 70 112 70
430 120 438 120
313 129 321 129
431 1 439 1
263 22 271 22
445 10 447 12
251 88 259 88
329 83 331 85
311 0 319 0
349 104 357 104
335 130 343 130
201 97 209 97
369 25 377 25
320 71 328 71
19 72 19 80
369 38 375 38
145 19 153 19
321 97 329 97
362 22 365 23
25 69 25 77
428 76 436 76
403 129 411 129
330 86 338 86
414 122 422 122
302 58 310 58
397 77 405 77
350 85 358 85
77 79 85 79
337 10 339 12
193 134 201 134
309 78 317 78
214 133 222 133
324 15 326 17
72 50 74 52
218 46 221 47
333 117 341 117
72 95 74 97
53 126 55 128
282 112 290 112
310 68 315 68
127 0 135 0
310 7 312 9
90 71 92 73
371 130 379 130
454 115 457 116
298 38 306 38
129 143 137 143
289 43 297 43
4 98 4 106
28 131 29 134
123 71 125 73
40 77 48 77
346 123 349 124
149 3 151 5
131 3 133 5
104 28 106 30
200 122 202 124
26 69 26 77
159 84 161 86
282 111 290 111
238 104 246 104
88 83 96 83
215 140 217 142
405 81 407 83
116 94 124 94
85 47 92 47
92 108 94 110
160 59 168 59
159 14 167 14
146 122 148 124
422 96 430 96
8 54 8 62
368 123 376 123
208 125 210 127
43 22 51 22
289 73 297 73
375 86 381 86
456 79 458 81
426 53 429 54
3 89 3 97
137 102 145 102
378 141 379 144
145 125 147 127
176 101 178 103
445 65 453 65
290 121 298 121
445 75 453 75
43 10 43 18
342 54 350 54
223 107 231 107
62 49 70 49
265 113 273 113
10 54 10 62
164 37 172 37
99 55 100 57
342 60 344 62
178 35 186 35
107 109 115 109
4 89 4 97
352 113 359 113
297 109 305 109
172 125 174 127
62 11 68 11
181 22 189 22
337 33 345 33
191 37 195 37
219 98 227 98
419 121 427 121
58 1 66 1
316 55 324 55
22 30 24 32
79 29 87 29
174 6 182 6
186 100 194 100
287 133 295 133
385 141 387 143
167 108 175 108
79 141 81 143
113 93 121 93
76 0 84 0
8 13 8 21
212 69 220 69
177 18 185 18
297 52 305 52
449 4 451 6
189 87 196 87
104 63 112 63
243 64 251 64
86 105 94 105
248 45 256 45
3 0 5 2
213 93 215 95
308 6 316 6
202 39 204 41
157 51 165 51
195 3 197 5
184 82 192 82
104 105 112 105
392 8 400 8
159 111 167 111
437 43 445 43
372 74 380 74
196 63 204 63
157 43 165 43
295 120 303 120
182 122 190 122
88 127 90 129
98 118 106 118
302 0 310 0
151 59 159 59
15 57 17 59
401 121 409 121
105 128 113 128
263 87 271 87
35 77 37 79
291 1 293 3
220 67 228 67
77 118 79 120
406 24 414 24
328 65 336 65
104 55 110 55
164 57 172 57
53 26 55 28
384 32 392 32
251 28 253 30
236 87 244 87
86 63 88 65
14 44 22 44
449 85 457 85
281 121 289 121
385 128 393 128
224 118 232 118
459 81 460 83
439 93 441 95
27 129 27 137
93 136 101 136
235 20 243 20
343 38 351 38
280 55 288 55
21 66 21 74
209 89 217 89
195 136 197 138
117 57 122 57
74 65 76 67
23 46 25 48
378 70 385 70
257 45 260 46
360 16 368 16
279 54 287 54
257 50 265 50
163 98 171 98
423 32 431 32
236 40 244 40
336 127 344 127
316 80 319 81
408 115 410 117
271 127 279 127
314 123 322 123
9 26 11 28
329 105 336 105
173 9 181 9
266 42 274 42
335 99 337 101
246 98 254 98
212 105 220 105
423 52 425 54
67 46 75 46
137 37 145 37
161 58 169 58
381 61 383 63
428 121 436 121
263 28 265 30
405 89 412 89
354 60 356 62
308 37 316 37
96 138 98 140
70 90 72 92
108 145 116 145
105 74 107 76
172 128 180 128
68 68 70 69
284 25 292 25
447 13 449 15
310 16 312 18
344 6 352 6
177 95 185 95
270 19 275 19
81 84 82 87
20 117 20 125
461 103 461 111
353 34 361 34
71 69 79 69
447 116 453 116
4 34 6 36
176 144 184 144
405 25 413 25
28 33 36 33
67 138 75 138
91 11 99 11
277 26 285 26
63 108 65 110
295 61 303 61
48 38 56 38
238 59 246 59
349 108 357 108
155 78 163 78
112 94 115 94
365 6 373 6
422 145 430 145
266 140 268 142
45 110 47 112
65 121 73 121
111 87 119 87
391 126 399 126
347 139 355 139
314 13 322 13
83 125 86 126
44 90 44 98
305 21 307 23
102 1 110 1
263 21 271 21
133 13 140 13
240 14 248 14
175 134 183 134
281 23 283 25
6 94 6 102
143 68 151 68
245 121 253 121
281 36 289 36
51 37 59 37
255 105 263 105
144 52 146 54
211 11 218 11
51 141 53 143
237 52 239 54
88 2 96 2
228 145 236 145
155 28 157 30
349 90 356 90
285 93 287 95
395 51 403 51
0 54 0 62
180 24 188 24
450 23 458 23
144 138 146 140
76 16 84 16
414 105 421 105
252 138 260 138
221 140 223 142
14 43 22 43
158 141 166 141
393 62 401 62
61 81 67 81
99 84 101 86
75 95 77 97
451 142 453 144
195 44 198 45
290 83 298 83
333 52 341 52
329 99 331 101
4 3 4 11
17 47 17 55
392 55 400 55
369 13 371 15
406 43 414 43
60 36 68 36
200 28 208 28
440 107 443 108
115 100 123 100
437 84 445 84
332 45 334 47
320 83 322 85
247 123 255 123
226 85 234 85
71 3 73 5
386 94 394 94
312 91 320 91
331 26 333 28
110 103 118 103
3 63 5 65
157 67 165 67
5 80 5 88
117 62 122 62
224 128 231 128
359 83 361 85
231 46 239 46
13 48 13 56
61 22 69 22
371 47 379 47
266 58 274 58
275 0 283 0
326 37 334 37
308 63 310 65
291 79 299 79
436 72 444 72
148 46 156 46
62 127 64 129
182 112 184 114
13 34 15 36
392 69 400 69
390 74 398 74
400 30 408 30
141 71 143 73
237 98 245 98
101 30 103 32
360 118 368 118
409 107 417 107
163 128 171 128
22 21 22 29
179 112 181 114
34 45 34 53
192 110 200 110
59 118 61 120
304 128 312 128
21 28 21 36
165 95 167 97
423 122 428 122
408 74 416 74
123 95 125 97
326 60 334 60
313 102 315 104
39 138 41 140
184 70 186 72
116 45 116 53
370 26 378 26
120 66 128 66
388 93 396 93
75 50 77 52
64 93 72 93
2 36 2 44
430 99 432 100
267 93 269 95
360 135 362 137
263 59 271 59
133 130 135 132
219 75 226 75
193 70 195 72
108 96 110 98
182 106 190 106
48 18 49 21
291 130 299 130
110 102 118 102
182 0 184 2
381 21 383 23
196 36 199 37
397 27 405 27
215 0 217 2
461 25 461 31
439 141 441 143
150 43 156 43
22 60 22 68
16 48 16 56
73 128 75 130
405 58 407 60
349 132 357 132
273 93 275 95
91 84 92 87
10 112 10 120
379 53 387 53
29 18 29 26
196 81 204 81
7 34 9 36
181 128 189 128
385 101 387 103
436 141 438 143
365 138 367 140
295 124 303 124
100 11 108 11
455 131 461 131
281 31 284 32
437 8 445 8
349 112 357 112
199 85 207 85
399 46 407 46
344 49 352 49
238 33 246 33
158 112 160 114
435 9 443 9
296 13 304 13
71 68 79 68
80 19 88 19
164 28 166 30
278 114 286 114
104 56 107 57
86 87 88 89
225 52 227 54
298 62 306 62
97 39 105 39
446 106 449 107
304 61 312 61
138 129 146 129
254 39 262 39
292 19 300 19
450 82 458 82
67 139 75 139
272 63 274 65
61 52 61 60
428 17 436 17
145 128 153 128
339 111 347 111
263 40 271 40
300 78 308 78
418 28 426 28
389 55 391 57
401 17 409 17
238 42 243 42
110 110 118 110
138 27 146 27
43 90 43 98
342 50 347 50
1 83 1 91
211 92 219 92
10 79 18 79
151 58 159 58
376 40 378 42
433 138 435 140
76 104 84 104
373 90 375 92
399 9 407 9
211 134 219 134
39 141 41 143
97 83 105 83
274 69 282 69
85 39 87 41
132 99 139 99
153 56 161 56
441 103 449 103
181 70 183 72
11 64 11 72
457 96 459 98
382 28 390 28
405 32 413 32
274 92 282 92
118 19 126 19
426 82 434 82
44 50 46 52
26 18 26 26
428 19 436 19
392 47 394 49
434 144 442 144
102 10 108 10
176 105 184 105
195 14 203 14
394 29 402 29
182 55 185 56
440 4 442 6
175 136 183 136
349 37 357 37
25 18 25 26
371 34 379 34
302 142 308 142
435 127 443 127
224 56 232 56
366 95 374 95
225 130 227 132
317 6 325 6
122 93 130 93
78 91 86 91
16 117 18 119
384 104 386 106
177 47 179 49
405 33 413 33
289 55 297 55
219 119 227 119
272 121 280 121
223 100 226 101
126 95 134 95
396 59 398 61
288 52 296 52
416 55 424 55
420 113 422 115
166 51 174 51
139 104 147 104
112 82 120 82
80 3 82 5
91 12 99 12
461 78 461 85
251 7 259 7
200 0 208 0
170 25 173 26
317 5 325 5
449 29 457 29
92 26 100 26
26 132 26 140
425 109 433 109
37 9 45 9
174 95 176 97
237 96 245 96
127 60 135 60
438 113 440 115
34 84 36 86
112 104 120 104
72 56 72 64
122 21 130 21
12 121 12 129
407 34 415 34
322 0 323 3
180 137 182 139
95 108 103 108
388 107 396 107
153 47 155 49
122 41 130 41
378 118 386 118
313 61 321 61
272 6 280 6
174 25 175 27
444 74 452 74
220 62 228 62
422 61 424 63
85 7 93 7
120 74 122 76
78 60 86 60
414 32 422 32
220 116 228 116
102 134 110 134
392 68 400 68
397 19 400 20
201 24 203 26
394 3 402 3
71 26 73 28
92 14 100 14
195 79 203 79
293 4 301 4
127 58 135 58
332 21 334 23
363 99 371 99
191 0 193 2
370 27 378 27
263 90 271 90
421 44 429 44
114 98 122 98
37 19 39 21
217 19 225 19
230 0 238 0
200 89 208 89
48 62 56 62
192 6 200 6
428 55 430 57
184 134 192 134
12 91 12 99
48 131 56 131
243 1 245 3
442 40 444 42
407 39 415 39
389 138 391 140
275 22 283 22
172 98 178 98
10 94 10 102
272 5 280 5
396 111 404 111
154 0 162 0
433 18 441 18
302 71 310 71
77 138 84 138
232 10 240 10
117 34 124 34
203 58 211 58
116 89 124 89
124 83 132 83
432 23 440 23
435 52 443 52
427 40 435 40
295 129 303 129
304 1 306 3
190 70 192 72
74 30 76 32
272 125 280 125
413 96 421 96
8 63 8 71
90 136 92 138
448 40 450 42
6 29 14 29
288 135 290 137
184 46 192 46
255 97 263 97
146 37 154 37
16 67 16 75
67 39 75 39
356 76 364 76
6 84 14 84
160 61 168 61
208 85 216 85
102 71 104 73
338 71 346 71
87 120 95 120
441 104 449 104
37 33 39 35
12 109 12 117
126 56 134 56
453 110 455 112
194 108 200 108
266 99 268 101
37 132 45 132
424 18 432 18
36 27 38 29
188 88 196 88
272 21 274 23
333 109 341 109
383 96 391 96
366 135 368 137
399 41 407 41
337 105 340 106
433 26 436 27
316 102 318 104
80 26 82 28
75 134 83 134
202 104 210 104
308 87 316 87
161 28 163 30
146 32 154 32
221 28 223 30
126 117 134 117
96 75 104 75
444 58 446 60
166 130 168 132
372 23 380 23
296 48 298 50
338 123 341 124
458 5 461 6
192 38 200 38
319 67 327 67
287 114 295 114
251 144 258 144
389 50 397 50
50 33 58 33
122 101 130 101
95 4 103 4
57 98 65 98
345 16 347 18
101 111 104 112
216 117 224 117
336 16 338 18
264 65 271 65
212 0 214 2
358 105 359 108
328 126 336 126
56 106 64 106
273 130 281 130
357 31 365 31
362 83 364 85
62 61 62 69
377 68 385 68
98 119 104 119
311 65 318 65
274 32 280 32
240 35 248 35
101 14 109 14
5 137 5 145
359 114 367 114
40 2 43 3
223 26 231 26
203 45 211 45
220 33 228 33
178 130 180 132
1 45 1 53
174 52 176 54
302 24 310 24
78 87 80 89
73 93 76 94
375 111 383 111
120 125 122 127
58 46 66 46
413 145 421 145
387 13 389 15
147 84 149 86
23 60 23 68
308 131 316 131
196 35 204 35
357 90 360 91
17 37 19 39
193 51 201 51
236 17 243 17
310 45 313 46
231 24 239 24
311 116 319 116
430 90 432 92
350 74 358 74
53 29 55 31
308 39 316 39
376 103 384 103
210 75 218 75
428 21 434 21
86 132 94 132
357 81 365 81
335 121 343 121
286 7 288 9
272 40 280 40
408 73 416 73
317 40 325 40
171 95 173 97
263 37 271 37
328 67 336 67
444 108 452 108
147 65 155 65
309 119 317 119
84 51 86 53
114 135 116 137
256 31 258 33
347 96 355 96
332 69 340 69
202 125 204 127
243 52 245 54
318 59 326 59
339 86 347 86
145 42 146 44
375 145 383 145
236 140 238 142
42 90 42 98
309 105 315 105
156 55 164 55
428 43 436 43
125 31 127 32
58 89 60 91
305 34 313 34
418 71 426 71
246 111 254 111
359 64 367 64
173 122 175 124
69 71 71 73
96 36 104 36
434 68 436 70
0 83 0 91
122 8 130 8
390 99 398 99
117 117 125 117
276 91 284 91
253 20 261 20
125 68 133 68
377 123 382 123
45 27 45 35
378 104 380 106
53 19 61 19
405 13 407 15
285 15 293 15
218 39 226 39
397 45 405 45
39 45 39 53
227 90 235 90
351 117 359 117
440 1 448 1
240 18 248 18
438 58 440 60
254 99 256 101
6 0 6 8
397 1 405 1
347 140 355 140
458 86 461 87
160 22 162 24
272 140 274 142
234 13 242 13
415 45 423 45
310 102 312 104
373 33 381 33
342 123 345 124
123 35 128 35
99 71 101 73
181 23 189 23
105 91 113 91
83 64 85 66
392 121 400 121
190 22 198 22
230 140 232 142
130 116 138 116
110 6 118 6
106 101 112 101
358 4 365 4
45 96 47 98
362 39 370 39
410 19 418 19
204 74 212 74
126 119 128 121
360 89 368 89
357 0 359 2
252 49 260 49
203 102 210 102
440 105 448 105
232 133 237 133
86 66 94 66
245 75 250 75
173 28 175 30
358 124 366 124
46 135 48 137
222 35 230 35
298 43 306 43
196 84 204 84
275 42 283 42
2 45 2 53
288 27 290 29
146 57 154 57
24 145 32 145
171 74 175 74
37 22 39 24
299 39 307 39
366 110 374 110
102 38 110 38
416 5 424 5
212 21 214 23
54 55 56 57
436 10 438 12
2 83 2 91
397 131 398 133
111 72 113 74
160 60 168 60
294 32 302 32
457 102 459 104
321 75 329 75
96 125 104 125
238 32 246 32
36 62 38 64
376 124 384 124
156 27 164 27
341 3 349 3
27 9 27 17
325 20 333 20
151 100 159 100
357 9 364 9
178 73 186 73
9 9 11 11
227 28 229 30
227 40 235 40
402 133 410 133
218 31 226 31
366 86 374 86
67 127 75 127
383 71 390 71
266 4 274 4
357 21 365 21
171 117 179 117
96 95 98 97
48 9 48 17
236 60 244 60
393 104 395 106
451 77 458 77
437 100 445 100
372 22 380 22
5 13 5 21
76 42 84 42
264 8 267 9
296 133 304 133
326 138 328 140
239 140 241 142
221 50 229 50
222 124 230 124
159 91 167 91
396 25 404 25
343 144 351 144
202 82 210 82
382 83 383 86
406 103 414 103
198 47 206 47
93 55 95 57
114 36 122 36
147 137 155 137
85 1 92 1
345 15 353 15
247 32 255 32
318 115 326 115
441 110 443 112
282 130 290 130
244 20 252 20
170 118 178 118
122 3 124 5
254 21 256 23
399 115 407 115
58 39 66 39
447 58 449 60
450 132 452 134
72 117 80 117
384 110 392 110
248 50 256 50
252 48 260 48
150 42 156 42
389 87 397 87
80 49 80 57
79 22 87 22
196 83 204 83
147 71 149 73
255 119 263 119
44 83 52 83
7 63 7 71
91 35 99 35
116 3 118 5
42 27 42 35
423 16 431 16
384 81 392 81
236 80 244 80
163 130 165 132
48 61 56 61
389 39 397 39
289 127 297 127
173 37 181 37
452 71 459 71
284 66 292 66
174 38 182 38
94 104 102 104
211 46 217 46
374 71 382 71
421 91 423 93
23 96 23 104
207 27 215 27
43 5 45 7
53 43 55 45
159 71 161 72
256 92 264 92
24 84 24 92
184 104 192 104
28 81 28 89
240 74 248 74
57 48 65 48
63 95 65 97
319 41 327 41
286 26 294 26
48 112 56 112
145 39 147 41
141 36 149 36
285 86 293 86
373 65 381 65
55 84 63 84
175 59 177 61
81 88 82 89
177 36 185 36
358 10 360 12
3 98 3 106
47 69 49 71
299 48 301 50
156 95 158 97
213 18 221 18
211 67 219 67
279 93 281 95
13 24 21 24
285 27 287 29
402 78 404 80
68 56 70 58
109 54 117 54
345 100 348 101
117 77 125 77
351 118 359 118
321 51 329 51
82 145 89 145
197 122 199 124
227 106 235 106
59 18 67 18
108 43 116 43
152 101 154 103
452 87 457 87
78 71 80 73
115 90 123 90
307 45 309 47
338 25 346 25
298 42 306 42
25 126 25 134
226 41 228 42
85 9 93 9
19 81 19 89
300 59 308 59
4 37 4 44
60 70 60 78
281 49 289 49
441 58 443 60
195 66 203 66
386 64 394 64
57 86 57 94
32 90 40 90
320 24 328 24
129 33 137 33
421 138 423 140
94 82 102 82
152 94 160 94
96 121 104 121
82 141 84 143
1 36 1 44
198 48 206 48
129 84 131 86
249 1 251 3
32 116 40 116
165 137 173 137
254 106 262 106
267 14 275 14
291 27 293 29
169 83 177 83
143 28 145 30
394 141 396 143
21 132 21 140
310 72 318 72
151 63 159 63
25 60 25 68
344 45 346 47
261 12 269 12
182 17 190 17
136 62 138 64
255 74 263 74
15 90 15 98
222 52 224 54
191 78 199 78
22 0 22 8
317 21 319 23
138 143 146 143
380 83 381 85
169 133 177 133
267 24 274 24
339 32 347 32
36 18 36 26
220 111 228 111
387 122 395 122
265 41 273 41
437 27 445 27
343 68 351 68
346 67 354 67
274 67 282 67
37 84 45 84
443 61 445 63
397 2 405 2
99 126 101 128
331 102 333 104
286 124 294 124
247 33 255 33
317 121 325 121
244 71 252 71
158 93 166 93
358 112 366 112
353 5 361 5
336 62 338 64
357 14 359 16
71 53 73 55
288 12 296 12
242 88 250 88
448 90 450 92
437 61 439 63
297 27 299 29
394 124 402 124
425 94 432 94
457 128 460 129
155 3 163 3
138 119 140 121
448 138 450 140
295 128 303 128
183 97 191 97
102 80 110 80
390 13 392 15
454 114 461 114
245 99 247 101
285 14 293 14
9 54 9 62
392 36 394 38
370 107 378 107
186 96 194 96
36 87 44 87
222 123 230 123
37 45 37 53
87 48 89 50
196 34 203 34
419 76 427 76
158 105 166 105
52 81 60 81
331 120 339 120
218 40 226 40
357 86 365 86
191 32 194 33
46 25 46 33
151 10 153 12
425 5 427 7
171 119 173 121
317 125 325 125
257 58 265 58
136 10 138 12
58 54 58 62
3 3 3 11
55 72 55 80
267 15 275 15
401 116 407 116
309 84 316 84
155 122 157 124
114 35 122 35
201 113 209 113
36 120 38 122
0 119 0 127
411 58 413 60
192 140 199 140
262 20 270 20
48 58 50 60
264 105 272 105
259 26 267 26
431 4 433 6
193 39 195 41
315 54 323 54
316 38 324 38
0 72 2 74
162 56 170 56
114 95 116 97
43 24 51 24
350 66 358 66
19 40 21 42
388 141 390 143
29 63 29 71
79 144 87 144
278 111 281 112
85 0 93 0
108 56 116 56
393 15 401 15
253 17 261 17
443 130 451 130
129 129 137 129
168 36 176 36
177 66 185 66
292 113 297 113
261 64 267 64
359 94 367 94
427 117 429 119
108 71 116 71
142 100 150 100
236 83 244 83
266 0 274 0
416 87 424 87
255 53 263 53
130 82 138 82
200 2 208 2
282 135 284 137
139 17 147 17
35 123 37 125
289 56 297 56
429 122 437 122
13 76 15 78
446 97 453 97
193 16 201 16
116 18 124 18
301 143 303 145
150 109 158 109
299 106 307 106
417 73 425 73
120 95 122 97
311 21 313 23
342 107 349 107
0 36 0 44
354 135 356 137
75 38 83 38
449 69 451 71
246 97 254 97
411 31 419 31
70 2 78 2
439 54 447 54
254 5 262 5
49 86 49 94
36 56 38 58
370 141 372 143
367 91 369 93
220 32 228 32
330 7 336 7
106 100 114 100
373 141 375 143
309 130 317 130
454 96 456 98
387 104 389 106
449 89 457 89
233 140 235 142
10 73 12 75
72 74 74 76
282 93 284 95
89 18 91 20
287 138 295 138
270 12 278 12
202 92 210 92
178 77 186 77
33 144 41 144
380 87 388 87
148 125 150 127
294 90 302 90
391 71 399 71
327 58 330 59
234 27 242 27
5 37 7 39
424 26 432 26
214 44 222 44
176 145 184 145
176 0 178 2
422 97 430 97
355 28 363 28
1 15 1 23
386 66 394 66
372 73 380 73
141 97 143 98
118 64 126 64
444 73 452 73
54 122 62 122
183 140 191 140
331 90 339 90
362 87 370 87
378 58 380 60
169 1 169 8
54 58 56 60
366 98 374 98
381 115 389 115
260 13 268 13
314 134 321 134
427 28 435 28
394 120 402 120
417 114 419 116
371 7 373 9
284 142 292 142
350 64 358 64
306 96 308 98
35 101 35 109
416 95 424 95
4 45 6 47
20 9 20 17
245 36 253 36
408 58 410 60
217 55 225 55
412 108 420 108
313 66 321 66
326 87 334 87
437 26 445 26
170 101 172 103
104 93 112 93
242 140 244 142
134 88 142 88
60 61 60 69
302 76 310 76
432 123 435 123
42 138 44 140
337 13 340 14
101 110 109 110
424 27 432 27
183 98 191 98
418 91 420 93
256 82 264 82
396 135 398 137
87 142 95 142
231 18 239 18
24 126 24 134
375 13 377 15
150 111 158 111
426 9 434 9
38 74 38 82
395 40 398 41
219 6 226 6
396 134 404 134
54 117 62 117
95 30 97 32
451 138 456 138
32 91 40 91
423 132 425 134
367 141 369 143
172 23 175 24
26 78 26 86
176 115 184 115
408 88 416 88
285 42 288 43
443 69 445 71
74 106 82 106
340 59 348 59
65 19 67 21
179 118 187 118
424 140 426 142
178 133 186 133
356 57 364 57
65 3 67 5
375 135 377 137
408 127 416 127
263 36 271 36
171 7 179 7
276 52 278 54
334 144 342 144
104 79 112 79
399 73 407 73
90 61 98 61
139 43 141 45
28 0 28 8
322 60 325 61
393 31 401 31
272 122 280 122
87 112 95 112
6 26 8 28
8 37 10 39
389 52 396 52
214 128 216 130
111 55 119 55
238 102 246 102
425 95 432 95
242 29 244 30
249 86 257 86
128 26 136 26
375 78 383 78
458 4 461 4
269 118 277 118
186 137 188 139
458 109 460 111
75 56 75 64
380 39 388 39
419 19 427 19
264 93 266 95
348 63 356 63
21 75 21 83
300 84 308 84
280 30 287 30
333 3 340 3
435 110 437 112
240 110 242 112
30 63 30 71
284 0 292 0
226 55 234 55
436 90 438 92
422 30 430 30
329 25 337 25
269 114 277 114
194 50 202 50
324 54 332 54
419 43 427 43
406 125 414 125
169 35 177 35
307 127 313 127
384 111 386 113
20 63 20 71
334 68 342 68
169 100 177 100
169 59 171 61
184 136 191 136
63 3 64 6
428 7 436 7
28 90 30 92
428 8 436 8
134 28 136 30
140 112 142 114
433 10 435 12
194 144 202 144
263 11 271 11
248 77 256 77
298 67 300 69
348 86 356 86
430 53 438 53
433 117 435 119
30 132 36 132
211 12 218 12
387 16 395 16
122 79 130 79
218 87 226 87
207 138 215 138
185 103 193 103
381 127 389 127
357 135 359 137
299 138 301 140
16 25 16 33
428 38 436 38
292 70 300 70
331 29 339 29
57 95 59 97
405 110 407 112
157 92 165 92
92 113 94 115
2 15 2 23
364 72 372 72
59 43 61 45
133 100 141 100
300 85 308 85
352 38 359 38
229 92 237 92
439 118 441 120
353 45 361 45
227 37 235 37
277 44 285 44
184 39 186 41
77 61 80 62
420 31 428 31
399 117 401 119
147 47 149 49
214 25 222 25
419 61 421 63
296 89 304 89
382 126 390 126
12 57 14 59
125 113 127 115
129 38 137 38
450 137 456 137
100 12 108 12
167 105 175 105
106 107 114 107
446 99 448 101
183 25 185 27
453 79 455 81
436 75 444 75
210 113 218 113
117 56 125 56
267 1 269 3
183 137 185 139
164 78 172 78
126 77 134 77
349 78 356 78
20 81 20 89
194 103 202 103
207 13 212 13
123 125 125 126
362 34 370 34
256 6 264 6
211 111 219 111
140 141 148 141
166 16 174 16
456 110 457 112
405 54 413 54
73 34 81 34
263 125 271 125
95 79 103 79
117 61 125 61
56 89 56 97
353 36 361 36
387 25 395 25
414 54 422 54
377 66 385 66
99 117 107 117
353 6 361 6
47 130 55 130
352 27 360 27
420 132 422 134
254 80 261 80
201 120 205 120
203 105 211 105
275 58 283 58
317 138 319 140
193 43 201 43
333 17 335 19
108 135 108 143
131 108 139 108
448 129 456 129
100 60 108 60
127 12 135 12
96 99 104 99
438 81 440 83
423 33 431 33
323 48 331 48
323 13 331 13
211 10 219 10
321 90 326 90
455 76 458 76
64 40 66 42
341 48 349 48
324 64 332 64
274 123 277 124
360 113 368 113
139 125 141 127
10 63 18 63
322 120 330 120
310 41 318 41
288 1 290 3
302 47 304 48
260 21 262 23
393 21 395 23
137 41 137 49
447 90 447 96
82 35 90 35
390 111 392 113
410 4 418 4
84 131 92 131
391 72 399 72
414 110 416 112
388 26 396 26
12 139 14 141
79 105 85 105
0 24 0 32
218 28 220 30
3 12 3 20
180 13 188 13
240 1 242 3
392 56 400 56
388 24 396 24
47 9 47 17
261 1 263 3
315 135 317 137
255 98 263 98
272 78 280 78
14 85 14 93
352 73 358 73
383 17 391 17
39 117 41 119
361 26 369 26
354 79 356 81
101 63 103 65
65 126 73 126
428 4 430 6
327 130 334 130
366 0 368 2
429 31 437 31
45 108 53 108
191 89 196 89
278 63 280 65
4 69 6 71
275 21 283 21
68 53 70 55
225 49 233 49
108 57 116 57
436 32 444 32
296 21 298 23
351 109 359 109
33 87 35 89
337 7 343 7
36 89 44 89
437 102 445 102
438 116 446 116
390 104 392 106
74 43 75 45
101 106 109 106
204 109 209 109
285 91 293 91
323 99 325 101
16 81 16 89
144 117 152 117
413 68 415 70
333 118 341 118
326 5 334 5
69 50 71 52
4 66 6 68
449 51 456 51
322 79 330 79
361 122 369 122
436 65 444 65
128 103 136 103
421 10 423 12
106 135 106 143
343 10 345 12
73 35 81 35
393 14 401 14
404 145 412 145
105 77 109 77
236 21 238 23
382 33 390 33
134 41 134 49
432 13 434 15
86 133 94 133
338 99 340 100
71 65 73 67
139 62 141 64
67 104 75 104
154 10 156 12
213 91 221 91
152 7 154 9
175 104 183 104
405 105 413 105
105 135 105 143
32 0 32 8
239 0 247 0
290 21 292 23
286 16 288 18
428 37 436 37
397 103 405 103
258 24 266 24
387 111 389 113
433 77 441 77
185 0 187 2
32 37 33 39
81 99 83 101
146 110 154 110
246 115 254 115
35 65 37 67
169 130 171 132
127 62 129 64
121 59 129 59
136 41 136 49
388 27 396 27
441 133 449 133
376 100 378 102
450 110 452 112
303 94 305 96
436 67 444 67
236 78 244 78
88 39 90 41
243 19 251 19
189 117 197 117
58 116 66 116
390 18 393 19
306 54 314 54
375 110 383 110
317 122 325 122
381 99 389 99
11 54 11 62
53 63 53 71
63 117 71 117
136 130 138 132
265 124 273 124
164 106 172 106
133 41 133 49
287 63 289 65
206 143 209 143
428 23 431 24
323 114 331 114
167 101 169 103
107 135 107 143
245 11 253 11
279 96 281 98
22 33 24 35
309 59 317 59
189 47 191 49
151 60 153 62
254 83 262 83
11 37 13 39
364 28 372 28
245 132 253 132
124 81 132 81
162 117 170 117
17 90 17 98
99 43 107 43
74 56 74 64
257 57 265 57
312 15 320 15
172 59 174 61
392 116 400 116
365 83 367 85
50 18 58 18
156 65 164 65
268 110 271 111
387 117 389 119
252 64 260 64
86 30 88 32
87 126 95 126
420 110 422 112
103 16 111 16
456 92 459 93
330 9 338 9
8 47 16 47
250 10 258 10
110 135 110 143
61 40 63 42
265 6 271 6
296 88 304 88
316 10 318 12
265 67 273 67
279 1 281 3
103 17 111 17
431 66 439 66
424 117 426 119
269 112 277 112
265 123 273 123
96 78 104 78
217 20 225 20
84 43 86 45
262 38 270 38
17 81 17 89
50 126 52 128
454 75 461 75
59 123 61 125
198 95 206 95
131 142 139 142
288 54 296 54
280 20 288 20
379 43 387 43
219 11 221 12
149 134 156 134
396 54 404 54
299 37 307 37
77 63 85 63
63 70 63 78
242 28 250 28
383 36 385 38
43 23 51 23
318 119 325 119
394 129 402 129
381 19 389 19
85 135 85 143
84 54 92 54
0 0 0 8
290 106 298 106
390 58 392 60
188 45 194 45
388 43 396 43
218 78 226 78
269 13 277 13
451 50 457 50
238 82 246 82
76 56 76 64
55 85 63 85
238 51 246 51
401 138 403 140
96 100 103 100
385 44 393 44
99 44 107 44
95 5 103 5
119 31 121 33
134 23 141 23
376 128 384 128
18 81 18 89
259 128 267 128
310 47 313 47
321 35 329 35
451 91 454 92
126 97 134 97
225 48 233 48
132 36 140 36
327 0 329 2
147 52 149 54
32 44 40 44
128 3 130 5
212 140 214 142
320 116 328 116
428 36 436 36
172 20 180 20
0 101 0 109
61 10 69 10
359 69 367 69
184 125 186 127
213 76 221 76
366 17 374 17
210 98 218 98
194 145 202 145
116 88 124 88
204 66 212 66
26 60 26 68
435 78 437 80
75 71 77 73
228 52 230 54
218 140 220 142
408 9 416 9
158 101 160 103
430 10 432 12
176 122 178 124
41 46 43 48
74 53 76 55
62 52 62 60
362 36 370 36
257 76 265 76
270 27 278 27
248 31 255 31
205 10 207 12
309 135 311 137
142 107 150 107
119 122 121 124
112 92 120 92
307 48 313 48
313 107 321 107
278 88 286 88
147 27 155 27
428 47 436 47
58 16 66 16
168 18 176 18
383 49 385 51
269 84 277 84
9 13 9 21
424 139 432 139
121 82 129 82
338 24 346 24
38 92 38 100
424 10 426 12
121 7 126 7
154 39 156 41
66 134 74 134
140 67 147 67
294 1 296 3
327 127 335 127
228 65 236 65
397 0 405 0
168 52 170 54
255 65 263 65
405 122 413 122
104 41 112 41
337 26 339 28
15 25 15 33
93 80 101 80
174 84 176 86
17 3 19 5
102 87 110 87
112 130 120 130
104 67 112 67
354 19 362 19
127 130 129 132
448 95 451 96
453 74 461 74
388 125 396 125
139 10 141 12
98 27 100 28
272 89 275 90
455 55 457 57
296 77 304 77
389 36 391 38
192 3 194 5
297 11 300 12
438 132 440 134
66 133 74 133
423 113 425 115
34 75 34 83
178 125 180 127
226 70 234 70
140 99 148 99
319 126 327 126
383 116 391 116
115 8 117 10
171 8 179 8
390 85 396 85
402 58 404 60
94 130 102 130
435 81 437 83
416 34 424 34
208 19 216 19
274 16 282 16
446 131 454 131
85 8 93 8
205 125 207 127
126 96 134 96
245 78 253 78
291 135 293 137
322 66 330 66
120 43 120 51
126 71 128 73
228 38 236 38
68 99 74 99
398 36 400 38
436 33 444 33
194 57 202 57
118 8 121 9
138 138 140 140
214 63 222 63
428 48 436 48
120 80 128 80
172 22 180 22
400 40 408 40
4 116 4 124
187 70 189 72
344 5 352 5
418 117 420 119
259 61 267 61
370 53 378 53
142 42 144 44
33 145 41 145
333 135 335 137
255 1 257 3
355 102 363 102
391 141 393 143
450 107 457 107
18 25 18 33
0 9 2 11
147 87 155 87
87 136 89 138
438 13 440 15
250 61 258 61
445 126 453 126
134 89 142 89
215 28 217 30
335 60 338 61
40 30 40 38
48 95 50 97
265 143 267 145
440 44 448 44
288 93 290 95
405 104 413 104
335 125 343 125
71 43 73 45
349 103 357 103
6 145 14 145
179 141 181 143
0 33 2 35
129 87 137 87
387 21 389 23
128 11 135 11
282 1 284 3
252 1 254 3
260 140 262 142
25 45 33 45
21 9 21 17
240 93 242 95
427 42 435 42
244 55 252 55
95 113 97 115
15 81 15 89
262 126 270 126
388 20 393 20
188 61 195 61
135 52 143 52
359 123 367 123
380 34 388 34
135 41 135 49
438 31 446 31
49 17 57 17
445 33 453 33
184 51 192 51
387 78 389 80
230 4 238 4
324 63 332 63
276 18 279 19
335 131 342 131
379 44 384 44
254 37 262 37
355 67 363 67
117 43 117 51
155 26 163 26
377 64 385 64
420 135 428 135
129 34 132 35
320 57 328 57
341 66 349 66
171 0 172 3
299 5 307 5
307 42 315 42
52 107 60 107
389 144 397 144
341 13 344 14
245 72 253 72
363 74 371 74
230 103 237 103
406 52 414 52
340 112 348 112
397 43 405 43
174 110 182 110
32 126 34 128
253 43 261 43
276 90 284 90
35 126 37 128
390 78 392 80
233 88 241 88
316 56 324 56
415 50 423 50
82 135 84 137
360 54 368 54
246 93 248 95
108 62 116 62
66 25 74 25
320 138 322 140
405 123 413 123
216 52 218 54
24 144 32 144
33 46 33 54
39 86 47 86
66 101 67 103
391 28 399 28
422 89 430 89
180 52 182 54
180 117 188 117
49 82 57 82
203 140 205 142
236 28 238 30
123 112 131 112
264 136 272 136
324 118 332 118
66 50 68 52
431 51 439 51
189 13 197 13
233 56 241 56
294 135 296 137
21 0 21 8
247 41 255 41
43 27 43 35
211 16 219 16
37 0 37 8
218 80 226 80
392 70 400 70
40 22 42 24
186 95 194 95
81 57 89 57
133 34 141 34
159 47 161 49
102 84 104 86
377 7 379 9
143 109 149 109
37 85 45 85
200 1 208 1
139 51 147 51
410 8 418 8
32 63 32 71
130 137 138 137
63 101 65 103
379 40 381 42
142 125 144 127
252 12 260 12
13 40 15 42
180 15 188 15
431 86 439 86
237 8 245 8
213 15 221 15
314 21 316 23
157 42 165 42
265 62 273 62
268 143 270 145
305 45 306 48
121 45 123 47
56 43 58 45
0 63 0 71
376 120 384 120
272 11 280 11
76 17 84 17
235 11 243 11
409 1 412 2
65 23 73 23
194 115 202 115
259 143 261 145
136 128 144 128
370 90 372 92
193 42 201 42
296 123 304 123
266 66 274 66
366 145 374 145
52 23 55 24
291 107 299 107
159 140 167 140
304 129 312 129
206 88 214 88
354 82 362 82
203 29 205 31
51 95 53 97
169 107 177 107
341 99 344 100
107 118 115 118
193 82 201 82
68 59 68 67
326 6 334 6
357 22 361 22
439 124 447 124
354 0 356 2
352 122 360 122
18 6 18 14
398 50 405 50
299 40 307 40
105 95 113 95
51 109 59 109
407 68 409 70
342 0 344 2
416 68 418 70
39 134 47 134
443 45 451 45
31 36 39 36
17 0 19 2
53 86 53 94
107 58 114 58
211 128 213 130
289 143 291 145
419 84 427 84
319 26 321 28
202 116 210 116
56 121 64 121
457 66 460 66
10 22 12 24
79 39 81 41
105 125 107 127
28 135 30 137
107 89 115 89
321 15 323 17
259 129 267 129
294 31 302 31
156 38 164 38
378 119 386 119
90 48 92 50
339 16 341 18
203 115 211 115
32 104 32 112
319 16 320 19
399 127 407 127
0 15 0 23
293 47 301 47
369 21 371 23
281 106 289 106
254 11 262 11
293 76 301 76
82 132 85 133
194 122 196 124
118 54 126 54
6 72 8 74
441 35 449 35
435 132 437 134
168 76 176 76
168 109 176 109
195 33 203 33
257 139 264 139
345 19 353 19
292 72 300 72
241 44 249 44
380 114 388 114
422 29 430 29
408 13 410 15
247 51 255 51
30 141 32 143
437 101 445 101
164 101 166 103
9 63 9 71
120 55 128 55
457 117 459 119
42 104 49 104
143 118 151 118
427 0 435 0
119 43 119 51
245 90 253 90
141 13 143 15
379 90 381 92
256 41 264 41
363 73 371 73
58 92 60 94
65 24 73 24
307 116 310 117
376 108 384 108
160 63 168 63
320 58 326 58
36 141 38 143
416 56 424 56
103 7 105 9
30 131 38 131
397 52 405 52
155 110 163 110
226 43 234 43
162 75 170 75
64 70 64 78
7 94 7 102
145 10 147 12
232 26 240 26
86 26 88 28
405 35 413 35
298 132 306 132
133 107 141 107
255 115 263 115
130 62 132 64
91 39 93 41
87 36 95 36
220 125 222 127
48 48 56 48
445 90 446 92
289 132 297 132
38 114 42 114
385 10 387 12
456 24 461 24
114 45 114 53
365 5 373 5
320 93 328 93
310 1 312 3
73 84 73 92
210 108 212 110
151 45 158 45
27 63 27 71
294 27 296 29
313 108 321 108
103 82 111 82
144 13 152 13
96 77 104 77
370 68 376 68
416 7 424 7
109 12 117 12
205 90 213 90
358 30 363 30
306 52 314 52
356 56 364 56
403 10 405 12
184 130 186 132
272 37 280 37
176 99 184 99
287 50 295 50
22 132 22 140
237 1 239 3
54 89 54 97
64 52 64 60
16 99 16 107
248 57 256 57
174 3 176 5
86 21 94 21
271 71 277 71
60 101 62 103
171 56 178 56
272 39 280 39
324 117 332 117
272 111 277 111
140 108 148 108
410 68 412 70
144 56 152 56
188 60 196 60
434 34 442 34
164 32 172 32
443 144 450 144
325 55 333 55
336 135 338 137
449 145 456 145
377 138 379 140
396 21 398 22
344 125 352 125
327 7 329 9
125 89 133 89
342 16 344 18
322 4 330 4
96 84 98 86
190 39 192 41
84 48 86 50
127 7 135 7
134 109 142 109
423 137 431 137
133 144 141 144
100 35 104 35
36 45 36 53
56 2 56 10
196 125 198 127
445 93 446 95
211 125 213 127
425 34 433 34
249 91 257 91
214 77 221 77
331 79 339 79
38 45 38 53
428 131 436 131
158 28 160 30
56 105 60 105
166 22 168 24
1 101 1 109
245 37 253 37
158 21 166 21
56 72 56 80
416 130 424 130
413 1 421 1
437 76 445 76
218 21 220 23
72 47 75 47
90 44 98 44
53 20 61 20
326 83 328 85
431 85 439 85
206 140 208 142
168 138 170 140
33 95 33 103
132 91 140 91
63 111 71 111
290 131 298 131
203 122 205 124
306 30 314 30
99 95 101 97
392 17 400 17
40 92 40 100
182 31 190 31
364 91 366 93
186 44 194 44
242 99 244 101
7 22 9 24
171 138 173 140
432 16 440 16
118 20 126 20
185 99 193 99
426 13 428 15
378 16 386 16
307 102 309 104
146 6 154 6
23 135 25 137
39 56 39 64
16 9 16 17
427 140 429 142
240 24 248 24
175 42 183 42
66 71 68 73
30 134 38 134
363 135 365 137
182 101 184 103
224 88 232 88
88 102 96 102
103 116 111 116
460 117 461 119
274 8 276 10
238 16 246 16
167 50 175 50
227 87 235 87
172 130 174 132
299 36 307 36
4 13 4 21
321 86 329 86
51 4 51 12
131 105 139 105
38 10 40 12
195 109 203 109
32 43 40 43
243 117 251 117
403 108 411 108
437 107 439 109
204 91 212 91
221 21 223 23
388 90 390 92
253 38 261 38
426 73 434 73
103 94 111 94
302 21 304 23
289 53 297 53
237 9 245 9
287 134 295 134
305 60 313 60
113 122 115 124
117 119 119 121
270 3 278 3
364 41 369 41
164 143 166 145
212 28 214 30
209 28 211 30
360 61 362 63
393 58 401 58
454 118 456 120
28 63 28 71
296 75 304 75
175 67 183 67
157 10 159 12
198 49 206 49
87 139 89 141
206 21 208 23
27 81 27 89
210 112 218 112
412 44 420 44
191 122 193 124
200 37 208 37
459 78 460 80
184 42 192 42
50 86 50 94
96 76 104 76
447 31 453 31
251 74 254 75
352 68 360 68
142 133 150 133
442 96 443 99
213 13 214 14
77 26 79 28
133 145 141 145
384 61 386 63
436 93 438 95
125 118 133 118
45 63 45 71
57 101 59 103
394 0 396 2
114 84 116 86
66 98 74 98
332 99 334 101
49 46 57 46
441 132 449 132
111 129 119 129
297 30 305 30
313 10 315 12
230 102 237 102
361 90 369 90
452 68 454 70
141 74 143 76
427 41 435 41
142 39 144 41
201 110 209 110
92 106 100 106
21 84 23 86
440 145 448 145
138 84 146 84
31 55 39 55
266 47 274 47
169 22 171 24
313 1 315 3
298 73 306 73
246 1 248 3
134 18 142 18
173 57 178 57
285 107 287 109
459 27 460 28
42 36 50 36
294 35 302 35
446 98 453 98
106 83 114 83
152 122 154 124
264 115 272 115
261 19 269 19
40 4 48 4
169 73 177 73
33 104 33 112
217 85 225 85
44 63 44 71
154 130 156 132
262 143 264 145
178 34 186 34
109 135 109 143
330 91 338 91
281 50 286 50
293 57 301 57
450 35 458 35
369 89 377 89
54 101 56 103
168 84 170 86
348 75 356 75
423 23 425 24
263 39 271 39
316 7 318 9
162 47 164 49
307 55 315 55
85 16 93 16
80 64 82 66
375 31 383 31
411 135 419 135
403 102 411 102
393 110 395 112
1 0 1 8
344 87 352 87
240 15 248 15
237 97 245 97
167 99 175 99
196 39 198 41
36 92 36 100
128 102 136 102
31 9 31 17
49 72 51 74
77 3 79 5
81 95 83 97
360 106 362 108
366 21 368 23
86 122 88 124
330 8 338 8
450 113 457 113
306 67 309 68
202 10 204 12
410 17 418 17
252 135 254 137
361 50 367 50
383 97 391 97
41 30 41 38
195 91 203 91
245 29 247 31
45 101 47 103
174 140 182 140
82 39 84 41
196 90 204 90
435 22 443 22
403 29 408 29
155 37 163 37
400 126 408 126
332 13 336 13
85 104 93 104
146 26 154 26
275 63 277 65
230 6 238 6
179 122 181 124
158 99 166 99
268 8 270 10
123 111 131 111
137 106 145 106
415 27 423 27
404 47 406 49
337 67 345 67
431 68 433 70
371 138 373 140
33 117 35 119
254 40 262 40
142 10 144 12
140 8 145 8
71 113 73 115
278 74 286 74
70 128 72 130
454 0 461 0
93 71 95 73
249 35 257 35
130 104 138 104
455 64 460 64
169 77 177 77
253 85 261 85
446 43 454 43
204 24 212 24
445 72 453 72
296 74 304 74
207 117 215 117
76 39 78 41
402 4 409 4
124 130 126 132
105 111 113 111
256 73 264 73
363 18 371 18
124 100 132 100
170 88 178 88
177 109 185 109
422 36 424 38
206 120 214 120
75 81 80 81
112 45 112 53
282 105 290 105
201 38 209 38
77 33 85 33
205 35 209 35
225 117 233 117
128 113 130 115
149 142 157 142
413 51 421 51
224 21 226 23
260 114 268 114
61 61 61 69
402 13 404 15
215 13 217 14
347 83 349 85
394 18 396 20
183 3 191 3
271 55 275 55
248 99 250 101
40 55 40 63
65 50 65 58
342 89 350 89
222 46 230 46
390 21 392 23
328 123 336 123
415 52 422 52
215 114 223 114
227 60 235 60
273 52 275 54
243 13 250 13
96 120 104 120
432 132 434 134
394 131 396 133
29 9 29 17
121 116 129 116
248 43 252 43
270 1 278 1
157 22 159 24
197 28 199 30
420 58 422 60
10 34 12 36
453 73 459 73
208 10 210 12
206 118 214 118
439 53 447 53
169 90 177 90
122 67 130 67
164 31 172 31
58 86 60 88
398 109 406 109
29 129 37 129
107 113 109 115
28 9 28 17
149 141 157 141
11 109 11 117
303 135 305 137
104 27 110 27
174 87 182 87
131 141 139 141
23 126 23 134
86 135 86 143
173 89 181 89
345 88 353 88
130 130 132 132
147 143 155 143
436 0 444 0
402 86 409 86
301 41 309 41
178 59 180 61
243 27 251 27
104 108 112 108
90 98 92 100
426 83 434 83
438 110 440 112
53 12 61 12
161 112 163 114
314 133 322 133
155 101 157 103
133 2 141 2
349 120 357 120
5 116 5 124
135 135 143 135
410 76 418 76
231 124 239 124
299 87 307 87
171 4 173 6
90 145 98 145
236 99 238 101
342 117 350 117
432 25 440 25
134 94 142 94
106 7 108 9
337 72 345 72
63 61 63 69
264 1 266 3
331 124 337 124
424 93 432 93
21 57 21 65
359 66 367 66
214 125 216 127
219 52 221 54
199 70 207 70
93 10 101 10
6 80 8 82
198 94 206 94
50 43 52 45
120 119 122 121
185 102 193 102
409 75 417 75
109 7 111 8
405 61 407 63
213 123 221 123
95 33 103 33
451 10 453 12
75 48 83 48
0 75 2 77
66 53 66 61
393 81 395 83
321 91 329 91
320 117 323 118
420 136 428 136
69 112 77 112
280 17 282 19
451 90 457 90
371 55 373 57
139 137 146 137
451 118 453 120
171 84 173 86
64 34 72 34
407 55 409 57
447 78 449 80
153 15 161 15
105 99 113 99
133 35 141 35
259 10 267 10
360 58 362 60
276 15 284 15
458 112 461 113
109 60 117 60
31 63 31 71
123 99 131 99
368 138 370 140
160 100 168 100
119 23 121 25
349 129 357 129
204 93 212 93
92 3 94 5
316 16 318 18
376 37 379 38
217 70 225 70
286 44 294 44
139 46 147 46
106 81 114 81
125 109 133 109
123 127 130 127
369 43 374 43
330 32 338 32
133 90 141 90
323 88 326 89
53 2 53 10
150 54 158 54
42 37 50 37
263 89 271 89
270 2 278 2
180 25 182 27
199 125 201 127
407 87 415 87
7 13 7 21
200 36 208 36
76 47 84 47
85 82 93 82
367 124 375 124
166 67 174 67
406 0 408 2
413 2 421 2
140 9 145 9
124 90 132 90
231 123 239 123
219 38 227 38
436 123 444 123
329 21 331 23
283 10 291 10
237 111 239 113
386 68 388 70
416 6 424 6
144 15 152 15
4 22 6 24
93 38 101 38
373 72 381 72
13 21 15 23
390 73 398 73
73 145 81 145
71 118 73 120
31 90 31 98
348 60 350 62
31 57 33 59
392 138 394 140
20 37 28 37
140 105 148 105
414 53 422 53
86 108 88 110
357 78 359 80
388 77 396 77
356 55 364 55
36 88 44 88
244 42 247 43
367 120 375 120
84 134 92 134
405 53 413 53
354 15 356 17
228 8 236 8
274 143 276 145
330 14 332 16
37 40 39 42
323 21 325 23
299 121 307 121
423 110 425 112
360 38 368 38
43 63 43 71
15 9 15 17
401 47 403 49
111 131 119 131
404 66 412 66
127 10 135 10
160 81 168 81
361 20 369 20
371 45 379 45
347 76 355 76
223 41 225 43
360 105 368 105
81 56 89 56
414 137 422 137
357 145 365 145
140 101 145 101
284 21 286 23
3 30 3 38
4 12 12 12
455 36 457 38
128 6 136 6
234 130 236 132
142 2 150 2
241 34 249 34
261 112 268 112
433 100 436 101
355 10 357 12
324 0 326 2
232 25 240 25
449 55 451 57
97 102 100 103
436 117 438 119
276 14 284 14
454 72 459 72
395 145 403 145
263 140 265 142
67 53 67 61
423 25 431 25
42 144 45 145
275 28 276 30
306 66 312 66
191 80 199 80
84 101 92 101
30 9 30 17
323 83 325 85
304 66 305 68
88 103 96 103
401 84 409 84
307 1 309 3
108 125 110 127
358 29 366 29
258 14 266 14
70 100 74 100
78 46 86 46
418 72 426 72
359 48 367 48
421 102 429 102
404 68 406 70
332 83 334 85
204 32 206 34
184 43 192 43
170 94 178 94
80 58 88 58
316 26 318 28
444 88 452 88
448 128 456 128
449 86 457 86
168 66 176 66
104 26 109 26
213 124 221 124
53 11 61 11
123 128 130 128
319 92 326 92
74 84 74 92
160 10 162 12
318 135 320 137
416 109 424 109
319 65 327 65
159 119 161 121
158 124 166 124
142 81 150 81
22 55 30 55
23 43 31 43
23 44 31 44
28 57 30 59
287 126 295 126
291 119 299 119
287 118 295 118
117 74 119 76
114 76 116 78
318 141 326 141
319 142 321 144
322 142 324 144
322 145 330 145
325 142 327 144
328 141 330 143
328 144 333 144
331 141 333 143
